Date,Symbol,Open,High,Low,Close,Adj Close,Volume
2015-01-01,BAFL,31.727272033691406,31.863636016845703,30.727272033691406,31.281818389892578,15.519512176513672,7011400
2015-01-02,BAFL,31.318180084228516,31.53636360168457,30.718181610107422,30.85454559326172,15.307531356811523,4321350
2015-01-05,BAFL,30.818180084228516,31.0,30.727272033691406,30.763635635375977,15.262428283691406,1452550
2015-01-06,BAFL,30.727272033691406,30.909090042114258,30.05454444885254,30.10909080505371,14.93769645690918,1999250
2015-01-07,BAFL,30.336362838745117,30.336362838745117,29.55454444885254,29.881818771362305,14.82494068145752,9076650
2015-01-08,BAFL,29.77272605895996,30.636362075805664,29.77272605895996,30.454544067382812,15.109082221984863,4160200
2015-01-09,BAFL,30.62727165222168,31.12727165222168,30.509090423583984,30.836362838745117,15.298511505126953,10967000
2015-01-12,BAFL,30.909090042114258,31.172727584838867,30.636362075805664,30.754545211791992,15.257919311523438,2295700
2015-01-13,BAFL,30.909090042114258,31.045454025268555,30.454544067382812,30.836362838745117,15.298511505126953,936100
2015-01-14,BAFL,30.909090042114258,30.990909576416016,30.509090423583984,30.709089279174805,15.235368728637695,1644500
2015-01-15,BAFL,30.636362075805664,30.909090042114258,30.636362075805664,30.690908432006836,15.226344108581543,937750
2015-01-16,BAFL,30.59090805053711,30.92727279663086,30.59090805053711,30.672727584838867,15.217327117919922,1141800
2015-01-19,BAFL,30.818180084228516,30.899999618530273,30.600000381469727,30.64545440673828,15.203795433044434,615450
2015-01-20,BAFL,30.5,30.899999618530273,30.336362838745117,30.727272033691406,15.244385719299316,1917850
2015-01-21,BAFL,30.563636779785156,31.409090042114258,30.563636779785156,31.12727165222168,15.442832946777344,4292200
2015-01-22,BAFL,30.909090042114258,31.09090805053711,30.636362075805664,30.89090919494629,15.325571060180664,2098800
2015-01-23,BAFL,30.563636779785156,30.700000762939453,30.545454025268555,30.636362075805664,15.199283599853516,349250
2015-01-26,BAFL,30.636362075805664,31.136362075805664,30.27272605895996,30.918180465698242,15.339102745056152,1681350
2015-01-27,BAFL,30.954544067382812,30.954544067382812,30.363636016845703,30.618181228637695,15.190260887145996,7463500
2015-01-28,BAFL,30.545454025268555,30.799999237060547,30.318180084228516,30.5,15.131631851196289,837100
2015-01-29,BAFL,30.51818084716797,30.89090919494629,30.23636245727539,30.381818771362305,15.073002815246582,2210450
2015-01-30,BAFL,30.636362075805664,31.0,30.363636016845703,30.68181800842285,15.221837997436523,11207900
2015-02-02,BAFL,30.899999618530273,31.0,30.59090805053711,30.690908432006836,15.226344108581543,2049300
2015-02-03,BAFL,30.89090919494629,30.89090919494629,30.472726821899414,30.636362075805664,15.199283599853516,1022450
2015-02-04,BAFL,30.727272033691406,30.909090042114258,30.363636016845703,30.436363220214844,15.10006332397461,1438250
2015-02-05,BAFL,30.436363220214844,30.436363220214844,30.436363220214844,30.436363220214844,15.10006332397461,0
2015-02-06,BAFL,30.454544067382812,30.68181800842285,30.381818771362305,30.59090805053711,15.176738739013672,961400
2015-02-09,BAFL,30.454544067382812,30.909090042114258,30.227272033691406,30.381818771362305,15.073002815246582,569800
2015-02-10,BAFL,30.62727165222168,30.62727165222168,29.372726440429688,29.636362075805664,14.70316219329834,4858700
2015-02-11,BAFL,29.727272033691406,29.727272033691406,28.818180084228516,29.03636360168457,14.405496597290039,2426600
2015-02-12,BAFL,29.081817626953125,29.281818389892578,28.318180084228516,28.55454444885254,14.16645622253418,3540900
2015-02-13,BAFL,28.636362075805664,29.18181800842285,28.454544067382812,29.07272720336914,14.423535346984863,1656600
2015-02-16,BAFL,29.136362075805664,29.18181800842285,28.727272033691406,29.07272720336914,14.423535346984863,374000
2015-02-17,BAFL,29.18181800842285,29.18181800842285,28.636362075805664,28.89090919494629,14.333333015441895,532400
2015-02-18,BAFL,29.09090805053711,29.12727165222168,28.77272605895996,28.77272605895996,14.274697303771973,246400
2015-02-19,BAFL,28.899999618530273,29.363636016845703,28.899999618530273,29.3454532623291,14.558838844299316,1182500
2015-02-20,BAFL,29.409090042114258,29.59090805053711,29.100000381469727,29.545454025268555,14.658064842224121,1217700
2015-02-23,BAFL,29.59090805053711,29.818180084228516,29.5,29.672727584838867,14.721207618713379,1020250
2015-02-24,BAFL,29.80908966064453,29.80908966064453,29.545454025268555,29.563636779785156,14.667082786560059,234850
2015-02-25,BAFL,29.727272033691406,29.727272033691406,29.14545440673828,29.327272415161133,14.549821853637695,314050
2015-02-26,BAFL,29.16363525390625,29.18181800842285,28.363636016845703,28.527271270751953,14.152924537658691,3240600
2015-02-27,BAFL,28.92727279663086,28.92727279663086,28.045454025268555,28.781818389892578,14.279207229614258,3594800
2015-03-02,BAFL,28.945453643798828,28.945453643798828,27.909090042114258,28.30908966064453,14.044681549072266,2001450
2015-03-03,BAFL,28.35454559326172,28.418180465698242,27.827272415161133,28.318180084228516,14.049190521240234,2248400
2015-03-04,BAFL,28.227272033691406,28.545454025268555,28.18181800842285,28.218181610107422,13.999580383300781,953700
2015-03-05,BAFL,28.18181800842285,28.299999237060547,27.745454788208008,27.96363639831543,13.873292922973633,2349050
2015-03-06,BAFL,28.045454025268555,28.045454025268555,27.636362075805664,27.718181610107422,13.751518249511719,2985950
2015-03-09,BAFL,27.936363220214844,27.936363220214844,26.827272415161133,27.07272720336914,13.43129825592041,2348500
2015-03-10,BAFL,27.09090805053711,27.5,26.654544830322266,27.14545440673828,13.467379570007324,3007400
2015-03-11,BAFL,26.509090423583984,27.045454025268555,26.509090423583984,26.954544067382812,13.372669219970703,2176900
2015-03-12,BAFL,26.718181610107422,27.227272033691406,26.718181610107422,26.872726440429688,13.332076072692871,708400
2015-03-13,BAFL,27.218181610107422,27.490909576416016,26.818180084228516,27.381818771362305,13.58464527130127,2085600
2015-03-16,BAFL,27.290908813476562,27.318180084228516,27.12727165222168,27.245454788208008,13.516990661621094,536800
2015-03-17,BAFL,27.218181610107422,27.227272033691406,26.636362075805664,26.881818771362305,13.336586952209473,4875750
2015-03-18,BAFL,26.818180084228516,27.045454025268555,26.227272033691406,26.509090423583984,13.1516695022583,1147300
2015-03-19,BAFL,24.53636360168457,25.12727165222168,24.100000381469727,24.8454532623291,12.764028549194336,1186900
2015-03-20,BAFL,24.363636016845703,25.16363525390625,24.363636016845703,24.545454025268555,12.609907150268555,1162150
2015-03-23,BAFL,24.545454025268555,24.545454025268555,24.545454025268555,24.545454025268555,12.609907150268555,0
2015-03-24,BAFL,24.64545440673828,24.64545440673828,23.654544830322266,24.3454532623291,12.507159233093262,2255000
2015-03-25,BAFL,24.081817626953125,24.336362838745117,23.73636245727539,24.27272605895996,12.469795227050781,413050
2015-03-26,BAFL,24.136362075805664,24.30908966064453,23.27272605895996,23.654544830322266,12.152215957641602,2783550
2015-03-27,BAFL,23.972726821899414,23.972726821899414,22.727272033691406,23.209089279174805,11.92336654663086,3544750
2015-03-30,BAFL,22.781818389892578,23.363636016845703,22.05454444885254,22.200000762939453,11.404961585998535,5473600
2015-03-31,BAFL,21.818180084228516,23.30908966064453,21.818180084228516,23.299999237060547,11.970070838928223,4236650
2015-04-01,BAFL,23.27272605895996,23.89090919494629,22.727272033691406,22.954544067382812,11.792600631713867,5222250
2015-04-02,BAFL,23.136362075805664,23.318180084228516,22.918180465698242,23.100000381469727,11.867324829101562,3058550
2015-04-03,BAFL,23.27272605895996,24.254545211791992,23.100000381469727,24.254545211791992,12.460455894470215,5013250
2015-04-06,BAFL,24.545454025268555,24.863636016845703,24.0,24.172727584838867,12.41842269897461,2352900
2015-04-07,BAFL,24.09090805053711,24.445453643798828,23.545454025268555,23.636362075805664,12.142873764038086,860200
2015-04-08,BAFL,23.727272033691406,24.081817626953125,23.636362075805664,23.745454788208008,12.198919296264648,1383250
2015-04-09,BAFL,23.745454788208008,23.909090042114258,23.454544067382812,23.818180084228516,12.23628044128418,735350
2015-04-10,BAFL,23.863636016845703,24.727272033691406,23.68181800842285,24.327272415161133,12.497820854187012,2758250
2015-04-13,BAFL,24.100000381469727,24.318180084228516,24.0,24.14545440673828,12.404414176940918,426250
2015-04-14,BAFL,24.12727165222168,24.363636016845703,23.909090042114258,24.23636245727539,12.451115608215332,354750
2015-04-15,BAFL,24.27272605895996,24.454544067382812,23.92727279663086,24.027271270751953,12.343694686889648,612150
2015-04-16,BAFL,23.972726821899414,24.59090805053711,23.972726821899414,24.281818389892578,12.474468231201172,6293100
2015-04-17,BAFL,24.445453643798828,24.85454559326172,24.418180465698242,24.718181610107422,12.69864559173584,3053600
2015-04-20,BAFL,24.899999618530273,25.636362075805664,24.818180084228516,25.436363220214844,13.06760025024414,3749900
2015-04-21,BAFL,25.27272605895996,25.727272033691406,25.27272605895996,25.490909576416016,13.095622062683105,2494800
2015-04-22,BAFL,25.363636016845703,26.763635635375977,25.363636016845703,26.763635635375977,13.749468803405762,9211950
2015-04-23,BAFL,27.909090042114258,28.100000381469727,27.363636016845703,27.472726821899414,14.113751411437988,6502100
2015-04-24,BAFL,27.190908432006836,27.818180084228516,27.190908432006836,27.654544830322266,14.207162857055664,3122900
2015-04-27,BAFL,27.445453643798828,27.73636245727539,27.263635635375977,27.509090423583984,14.132437705993652,2560800
2015-04-28,BAFL,27.5,27.80908966064453,26.827272415161133,27.12727165222168,13.936283111572266,1262250
2015-04-29,BAFL,27.10909080505371,27.154544830322266,26.727272033691406,26.85454559326172,13.796175003051758,954250
2015-04-30,BAFL,27.045454025268555,27.218181610107422,26.818180084228516,27.063636779785156,13.90358829498291,438900
2015-05-01,BAFL,27.063636779785156,27.063636779785156,27.063636779785156,27.063636779785156,13.90358829498291,0
2015-05-04,BAFL,27.09090805053711,27.445453643798828,26.700000762939453,26.89090919494629,13.814852714538574,332750
2015-05-05,BAFL,26.77272605895996,27.136362075805664,26.318180084228516,26.490909576416016,13.609360694885254,894300
2015-05-06,BAFL,26.59090805053711,26.727272033691406,26.545454025268555,26.68181800842285,13.707436561584473,1125300
2015-05-07,BAFL,26.68181800842285,27.09090805053711,26.363636016845703,26.827272415161133,13.78216552734375,908600
2015-05-08,BAFL,26.77272605895996,26.827272415161133,26.27272605895996,26.454544067382812,13.590680122375488,761200
2015-05-11,BAFL,26.381818771362305,26.68181800842285,25.545454025268555,25.618181228637695,13.16100788116455,1443750
2015-05-12,BAFL,25.818180084228516,26.336362838745117,25.09090805053711,25.92727279663086,13.319799423217773,492800
2015-05-13,BAFL,26.172727584838867,26.18181800842285,25.863636016845703,26.027271270751953,13.371172904968262,393250
2015-05-14,BAFL,26.09090805053711,26.09090805053711,25.909090042114258,25.945453643798828,13.329140663146973,398750
2015-05-15,BAFL,26.0,26.0,25.636362075805664,25.836362838745117,13.27309513092041,165000
2015-05-18,BAFL,25.636362075805664,25.636362075805664,25.045454025268555,25.209089279174805,12.95083999633789,878900
2015-05-19,BAFL,25.445453643798828,25.454544067382812,24.827272415161133,24.954544067382812,12.820075035095215,418000
2015-05-20,BAFL,24.745454788208008,24.799999237060547,24.545454025268555,24.60909080505371,12.642600059509277,492250
2015-05-21,BAFL,24.509090423583984,24.727272033691406,24.5,24.62727165222168,12.651942253112793,171600
2015-05-22,BAFL,24.62727165222168,24.727272033691406,24.363636016845703,24.59090805053711,12.633260726928711,862950
2015-05-25,BAFL,24.636362075805664,24.636362075805664,23.363636016845703,23.62727165222168,12.138204574584961,6248550
2015-05-26,BAFL,23.62727165222168,23.727272033691406,23.363636016845703,23.445453643798828,12.044797897338867,193050
2015-05-27,BAFL,23.945453643798828,23.945453643798828,23.27272605895996,23.654544830322266,12.152215957641602,2962850
2015-05-28,BAFL,23.64545440673828,23.77272605895996,23.409090042114258,23.472726821899414,12.058809280395508,948200
2015-05-29,BAFL,23.60909080505371,23.690908432006836,23.18181800842285,23.60909080505371,12.128863334655762,2006950
2015-06-01,BAFL,23.8454532623291,24.0,23.64545440673828,23.945453643798828,12.301665306091309,1188000
2015-06-02,BAFL,24.081817626953125,24.68181800842285,24.081817626953125,24.254545211791992,12.460455894470215,6045050
2015-06-03,BAFL,24.290908813476562,24.563636779785156,24.190908432006836,24.336362838745117,12.502490997314453,1685750
2015-06-04,BAFL,24.254545211791992,24.399999618530273,24.009090423583984,24.14545440673828,12.404414176940918,751300
2015-06-05,BAFL,24.14545440673828,24.14545440673828,24.14545440673828,24.14545440673828,12.404414176940918,0
2015-06-08,BAFL,24.14545440673828,24.14545440673828,24.14545440673828,24.14545440673828,12.404414176940918,0
2015-06-09,BAFL,22.863636016845703,23.399999618530273,22.727272033691406,23.172727584838867,11.904687881469727,3016750
2015-06-10,BAFL,23.363636016845703,23.409090042114258,22.727272033691406,22.763635635375977,11.694522857666016,3594250
2015-06-11,BAFL,22.745454788208008,23.09090805053711,22.73636245727539,22.863636016845703,11.745895385742188,711700
2015-06-12,BAFL,22.73636245727539,22.863636016845703,22.563636779785156,22.690908432006836,11.657157897949219,654500
2015-06-15,BAFL,22.945453643798828,22.945453643798828,22.27272605895996,22.372726440429688,11.493697166442871,708950
2015-06-16,BAFL,22.62727165222168,22.718181610107422,22.009090423583984,22.100000381469727,11.353589057922363,1028500
2015-06-17,BAFL,22.10909080505371,22.27272605895996,21.909090042114258,21.96363639831543,11.283531188964844,493900
2015-06-18,BAFL,22.0,22.709089279174805,22.0,22.5,11.559083938598633,1001550
2015-06-19,BAFL,22.227272033691406,22.727272033691406,22.218181610107422,22.690908432006836,11.657157897949219,939400
2015-06-22,BAFL,22.472726821899414,22.73636245727539,22.472726821899414,22.62727165222168,11.624466896057129,264550
2015-06-23,BAFL,22.5,22.727272033691406,22.281818389892578,22.68181800842285,11.652487754821777,275550
2015-06-24,BAFL,22.718181610107422,22.727272033691406,22.290908813476562,22.454544067382812,11.53573226928711,1827650
2015-06-25,BAFL,22.372726440429688,22.509090423583984,21.654544830322266,21.727272033691406,11.162102699279785,2991450
2015-06-26,BAFL,21.818180084228516,22.454544067382812,21.818180084228516,22.14545440673828,11.376937866210938,2068000
2015-06-29,BAFL,22.263635635375977,22.909090042114258,22.16363525390625,22.80908966064453,11.717875480651855,2627350
2015-06-30,BAFL,22.8454532623291,23.081817626953125,22.77272605895996,23.0,11.815948486328125,1890350
2015-07-01,BAFL,23.0,23.045454025268555,22.636362075805664,22.990909576416016,11.811278343200684,483450
2015-07-02,BAFL,23.045454025268555,23.445453643798828,22.954544067382812,23.290908813476562,11.965397834777832,1064800
2015-07-03,BAFL,23.0,23.59090805053711,23.0,23.436363220214844,12.040125846862793,834350
2015-07-06,BAFL,23.62727165222168,23.62727165222168,23.09090805053711,23.472726821899414,12.058809280395508,944350
2015-07-07,BAFL,23.59090805053711,24.318180084228516,23.545454025268555,24.245454788208008,12.45578670501709,2464550
2015-07-08,BAFL,24.10909080505371,24.136362075805664,23.727272033691406,23.990909576416016,12.325016975402832,1186900
2015-07-09,BAFL,23.62727165222168,24.727272033691406,23.59090805053711,24.418180465698242,12.544523239135742,2783550
2015-07-10,BAFL,24.454544067382812,24.863636016845703,24.363636016845703,24.690908432006836,12.684635162353516,1758350
2015-07-13,BAFL,24.57272720336914,24.636362075805664,24.318180084228516,24.42727279663086,12.54919147491455,1967350
2015-07-14,BAFL,24.100000381469727,24.545454025268555,24.045454025268555,24.527271270751953,12.600564002990723,462550
2015-07-15,BAFL,25.0,25.0,24.545454025268555,24.636362075805664,12.656610488891602,1128050
2015-07-16,BAFL,24.818180084228516,25.045454025268555,24.545454025268555,24.863636016845703,12.773370742797852,975150
2015-07-17,BAFL,24.863636016845703,24.863636016845703,24.863636016845703,24.863636016845703,12.773370742797852,0
2015-07-20,BAFL,24.863636016845703,24.863636016845703,24.863636016845703,24.863636016845703,12.773370742797852,0
2015-07-21,BAFL,24.863636016845703,24.863636016845703,24.863636016845703,24.863636016845703,12.773370742797852,0
2015-07-22,BAFL,25.0,26.100000381469727,25.0,26.100000381469727,13.408536911010742,5095200
2015-07-23,BAFL,26.363636016845703,26.363636016845703,25.909090042114258,26.100000381469727,13.408536911010742,3304400
2015-07-24,BAFL,26.09090805053711,26.209089279174805,25.363636016845703,25.490909576416016,13.095622062683105,3638800
2015-07-27,BAFL,25.454544067382812,26.136362075805664,24.909090042114258,25.18181800842285,12.9368314743042,1390400
2015-07-28,BAFL,25.445453643798828,25.754545211791992,25.290908813476562,25.436363220214844,13.06760025024414,549450
2015-07-29,BAFL,25.727272033691406,26.0,25.545454025268555,25.718181610107422,13.212381362915039,1592800
2015-07-30,BAFL,25.799999237060547,26.09090805053711,25.39090919494629,25.936363220214844,13.324469566345215,1288650
2015-07-31,BAFL,25.899999618530273,26.27272605895996,25.68181800842285,25.709089279174805,13.207710266113281,926750
2015-08-03,BAFL,25.545454025268555,25.863636016845703,25.227272033691406,25.654544830322266,13.1796875,862400
2015-08-04,BAFL,25.80908966064453,25.909090042114258,25.545454025268555,25.799999237060547,13.254413604736328,4492400
2015-08-05,BAFL,25.636362075805664,25.909090042114258,25.5,25.77272605895996,13.240403175354004,3525500
2015-08-06,BAFL,25.818180084228516,26.227272033691406,25.700000762939453,25.872726440429688,13.291777610778809,1248500
2015-08-07,BAFL,25.781818389892578,25.92727279663086,25.690908432006836,25.92727279663086,13.319799423217773,261250
2015-08-10,BAFL,25.727272033691406,25.77272605895996,25.472726821899414,25.672727584838867,13.189029693603516,284350
2015-08-11,BAFL,25.563636779785156,25.68181800842285,25.227272033691406,25.53636360168457,13.118976593017578,917950
2015-08-12,BAFL,25.46363639831543,25.709089279174805,25.136362075805664,25.281818389892578,12.988207817077637,1008700
2015-08-13,BAFL,25.445453643798828,25.454544067382812,24.727272033691406,25.100000381469727,12.894796371459961,713900
2015-08-14,BAFL,25.100000381469727,25.100000381469727,25.100000381469727,25.100000381469727,12.894796371459961,0
2015-08-17,BAFL,24.781818389892578,24.909090042114258,24.53636360168457,24.64545440673828,12.66128158569336,1768250
2015-08-18,BAFL,24.818180084228516,24.9818172454834,24.545454025268555,24.654544830322266,12.665952682495117,1251250
2015-08-19,BAFL,24.9818172454834,25.672727584838867,24.909090042114258,25.209089279174805,12.95083999633789,5818450
2015-08-20,BAFL,25.16363525390625,25.209089279174805,24.77272605895996,24.781818389892578,12.731339454650879,344300
2015-08-21,BAFL,25.0,25.0,24.18181800842285,24.527271270751953,12.600564002990723,725450
2015-08-24,BAFL,23.781818389892578,24.03636360168457,23.363636016845703,23.409090042114258,12.026111602783203,1222100
2015-08-25,BAFL,23.636362075805664,24.57272720336914,23.636362075805664,24.545454025268555,12.609907150268555,1763850
2015-08-26,BAFL,24.96363639831543,24.96363639831543,24.27272605895996,24.327272415161133,12.497820854187012,1248500
2015-08-27,BAFL,24.545454025268555,24.718181610107422,24.281818389892578,24.654544830322266,12.665952682495117,294800
2015-08-28,BAFL,24.972726821899414,25.27272605895996,24.545454025268555,25.209089279174805,12.95083999633789,1042250
2015-08-31,BAFL,25.27272605895996,25.545454025268555,24.73636245727539,25.327272415161133,13.011557579040527,712250
2015-09-01,BAFL,25.045454025268555,25.68181800842285,25.045454025268555,25.336362838745117,13.01622486114502,1335950
2015-09-02,BAFL,25.009090423583984,25.672727584838867,25.0,25.363636016845703,13.030240058898926,690800
2015-09-03,BAFL,25.363636016845703,25.454544067382812,25.227272033691406,25.418180465698242,13.058258056640625,1797950
2015-09-04,BAFL,25.327272415161133,25.327272415161133,24.690908432006836,25.063636779785156,12.876117706298828,138050
2015-09-07,BAFL,24.872726440429688,25.0,24.100000381469727,24.399999618530273,12.535183906555176,491700
2015-09-08,BAFL,24.18181800842285,24.545454025268555,24.0,24.53636360168457,12.60523509979248,187550
2015-09-09,BAFL,24.545454025268555,24.545454025268555,24.363636016845703,24.5,12.586554527282715,113850
2015-09-10,BAFL,24.5,24.5,24.318180084228516,24.327272415161133,12.497820854187012,21450
2015-09-11,BAFL,24.281818389892578,24.545454025268555,24.281818389892578,24.39090919494629,12.530512809753418,160050
2015-09-14,BAFL,24.01818084716797,24.318180084228516,24.01818084716797,24.100000381469727,12.381060600280762,155650
2015-09-15,BAFL,23.818180084228516,24.51818084716797,23.409090042114258,23.909090042114258,12.282980918884277,1032900
2015-09-16,BAFL,24.218181610107422,24.218181610107422,23.581817626953125,23.718181610107422,12.184906005859375,102850
2015-09-17,BAFL,23.727272033691406,23.863636016845703,23.5,23.545454025268555,12.096170425415039,558250
2015-09-18,BAFL,23.27272605895996,23.618181228637695,23.100000381469727,23.218181610107422,11.928038597106934,204050
2015-09-21,BAFL,22.827272415161133,23.5,22.827272415161133,22.96363639831543,11.79726791381836,258500
2015-09-22,BAFL,23.18181800842285,23.35454559326172,22.409090042114258,23.200000762939453,11.91869831085205,2019050
2015-09-23,BAFL,23.18181800842285,23.863636016845703,23.045454025268555,23.545454025268555,12.096170425415039,1103850
2015-09-24,BAFL,23.545454025268555,23.545454025268555,23.545454025268555,23.545454025268555,12.096170425415039,0
2015-09-25,BAFL,23.545454025268555,23.545454025268555,23.545454025268555,23.545454025268555,12.096170425415039,0
2015-09-28,BAFL,23.409090042114258,23.409090042114258,23.227272033691406,23.23636245727539,11.937378883361816,68200
2015-09-29,BAFL,23.009090423583984,23.190908432006836,22.727272033691406,22.945453643798828,11.787928581237793,408650
2015-09-30,BAFL,23.03636360168457,23.045454025268555,22.5,22.66363525390625,11.643145561218262,1568600
2015-10-01,BAFL,22.945453643798828,23.545454025268555,22.818180084228516,23.42727279663086,12.035454750061035,650100
2015-10-02,BAFL,23.42727279663086,24.30908966064453,23.42727279663086,24.081817626953125,12.371721267700195,591800
2015-10-05,BAFL,24.399999618530273,25.0,24.027271270751953,24.100000381469727,12.381060600280762,993300
2015-10-06,BAFL,24.18181800842285,24.909090042114258,24.18181800842285,24.818180084228516,12.750018119812012,182600
2015-10-07,BAFL,24.55454444885254,24.972726821899414,24.545454025268555,24.80908966064453,12.745346069335938,449900
2015-10-08,BAFL,24.909090042114258,25.0,24.581817626953125,24.945453643798828,12.815400123596191,534050
2015-10-09,BAFL,24.545454025268555,24.909090042114258,24.545454025268555,24.799999237060547,12.740678787231445,124300
2015-10-12,BAFL,24.654544830322266,25.09090805053711,24.64545440673828,24.8454532623291,12.764028549194336,215600
2015-10-13,BAFL,25.172727584838867,25.18181800842285,24.545454025268555,24.618181228637695,12.647270202636719,264000
2015-10-14,BAFL,24.945453643798828,24.945453643798828,24.318180084228516,24.57272720336914,12.623919486999512,449900
2015-10-15,BAFL,24.68181800842285,24.863636016845703,24.545454025268555,24.636362075805664,12.656610488891602,197450
2015-10-16,BAFL,24.545454025268555,24.68181800842285,24.545454025268555,24.636362075805664,12.656610488891602,24750
2015-10-19,BAFL,24.818180084228516,25.12727165222168,24.363636016845703,25.027271270751953,12.857434272766113,463100
2015-10-20,BAFL,25.136362075805664,25.172727584838867,24.8454532623291,24.954544067382812,12.820075035095215,750200
2015-10-21,BAFL,24.990909576416016,24.990909576416016,24.636362075805664,24.863636016845703,12.773370742797852,224950
2015-10-22,BAFL,25.436363220214844,26.100000381469727,25.27272605895996,25.454544067382812,13.076940536499023,4631550
2015-10-23,BAFL,25.454544067382812,25.454544067382812,25.454544067382812,25.454544067382812,13.076940536499023,0
2015-10-26,BAFL,25.727272033691406,26.27272605895996,25.636362075805664,26.190908432006836,13.455241203308105,2601500
2015-10-27,BAFL,26.172727584838867,26.545454025268555,26.045454025268555,26.16363525390625,13.441225051879883,6012600
2015-10-28,BAFL,26.318180084228516,26.62727165222168,26.136362075805664,26.42727279663086,13.576671600341797,2017400
2015-10-29,BAFL,26.59090805053711,26.899999618530273,26.363636016845703,26.436363220214844,13.581336975097656,1982200
2015-10-30,BAFL,26.363636016845703,26.445453643798828,26.045454025268555,26.10909080505371,13.413206100463867,180400
2015-11-02,BAFL,26.01818084716797,26.363636016845703,25.818180084228516,26.218181610107422,13.469249725341797,284900
2015-11-03,BAFL,26.009090423583984,26.445453643798828,26.0,26.327272415161133,13.525293350219727,75900
2015-11-04,BAFL,26.53636360168457,26.818180084228516,26.318180084228516,26.5,13.614030838012695,651750
2015-11-05,BAFL,26.454544067382812,26.727272033691406,26.18181800842285,26.509090423583984,13.618703842163086,97350
2015-11-06,BAFL,26.363636016845703,26.53636360168457,26.27272605895996,26.281818389892578,13.501941680908203,42350
2015-11-09,BAFL,26.281818389892578,26.281818389892578,26.281818389892578,26.281818389892578,13.501941680908203,0
2015-11-10,BAFL,26.336362838745117,26.372726440429688,26.10909080505371,26.3454532623291,13.534631729125977,194150
2015-11-11,BAFL,26.27272605895996,26.818180084228516,25.918180465698242,26.654544830322266,13.693424224853516,728200
2015-11-12,BAFL,26.936363220214844,27.27272605895996,26.818180084228516,27.209089279174805,13.978316307067871,1070300
2015-11-13,BAFL,27.245454788208008,27.5,26.954544067382812,27.045454025268555,13.894248962402344,850850
2015-11-16,BAFL,27.03636360168457,27.07272720336914,26.66363525390625,27.05454444885254,13.898921012878418,216700
2015-11-17,BAFL,27.227272033691406,27.363636016845703,26.818180084228516,26.836362838745117,13.786831855773926,698500
2015-11-18,BAFL,26.80908966064453,26.818180084228516,26.363636016845703,26.39090919494629,13.557984352111816,2551450
2015-11-19,BAFL,26.59090805053711,26.59090805053711,26.18181800842285,26.363636016845703,13.543973922729492,41250
2015-11-20,BAFL,26.363636016845703,26.363636016845703,26.09090805053711,26.3454532623291,13.534631729125977,20350
2015-11-23,BAFL,26.363636016845703,26.5,26.23636245727539,26.299999237060547,13.511281967163086,1345300
2015-11-24,BAFL,26.363636016845703,26.363636016845703,26.03636360168457,26.063636779785156,13.38985538482666,150700
2015-11-25,BAFL,25.96363639831543,25.96363639831543,25.0,25.454544067382812,13.076940536499023,847550
2015-11-26,BAFL,25.990909576416016,26.454544067382812,25.690908432006836,26.381818771362305,13.553315162658691,1496000
2015-11-27,BAFL,26.372726440429688,26.53636360168457,26.136362075805664,26.263635635375977,13.492599487304688,195800
2015-11-30,BAFL,26.009090423583984,26.081817626953125,25.454544067382812,25.600000381469727,13.151665687561035,224400
2015-12-01,BAFL,25.545454025268555,25.990909576416016,25.545454025268555,25.781818389892578,13.245076179504395,487850
2015-12-02,BAFL,25.46363639831543,26.53636360168457,25.454544067382812,26.363636016845703,13.543973922729492,573100
2015-12-03,BAFL,26.62727165222168,26.636362075805664,26.363636016845703,26.636362075805664,13.684082984924316,75350
2015-12-04,BAFL,26.063636779785156,26.636362075805664,26.063636779785156,26.372726440429688,13.548641204833984,99000
2015-12-07,BAFL,26.136362075805664,26.727272033691406,26.136362075805664,26.363636016845703,13.543973922729492,65450
2015-12-08,BAFL,26.363636016845703,26.909090042114258,26.363636016845703,26.53636360168457,13.632709503173828,1063700
2015-12-09,BAFL,26.818180084228516,27.045454025268555,26.363636016845703,26.818180084228516,13.777488708496094,547250
2015-12-10,BAFL,27.0,27.27272605895996,26.918180465698242,27.136362075805664,13.940953254699707,1998150
2015-12-11,BAFL,27.063636779785156,27.16363525390625,26.690908432006836,26.92727279663086,13.833536148071289,372900
2015-12-14,BAFL,26.818180084228516,26.818180084228516,26.136362075805664,26.363636016845703,13.543973922729492,297000
2015-12-15,BAFL,26.136362075805664,27.045454025268555,26.136362075805664,26.281818389892578,13.501941680908203,652850
2015-12-16,BAFL,26.454544067382812,26.454544067382812,26.09090805053711,26.154544830322266,13.436556816101074,344850
2015-12-17,BAFL,26.35454559326172,26.363636016845703,26.10909080505371,26.35454559326172,13.539306640625,768350
2015-12-18,BAFL,26.972726821899414,26.972726821899414,26.09090805053711,26.399999618530273,13.562657356262207,50600
2015-12-21,BAFL,26.363636016845703,27.0,26.18181800842285,26.8454532623291,13.791502952575684,2297350
2015-12-22,BAFL,26.818180084228516,26.92727279663086,26.5,26.57272720336914,13.65139389038086,3675100
2015-12-23,BAFL,26.409090042114258,26.59090805053711,26.27272605895996,26.3454532623291,13.534631729125977,337150
2015-12-24,BAFL,26.3454532623291,26.3454532623291,26.3454532623291,26.3454532623291,13.534631729125977,0
2015-12-25,BAFL,26.3454532623291,26.3454532623291,26.3454532623291,26.3454532623291,13.534631729125977,0
2015-12-28,BAFL,26.763635635375977,26.77272605895996,26.18181800842285,26.336362838745117,13.529967308044434,604450
2015-12-29,BAFL,26.363636016845703,26.545454025268555,26.227272033691406,26.254545211791992,13.487929344177246,483450
2015-12-30,BAFL,26.227272033691406,26.5,26.18181800842285,26.372726440429688,13.548641204833984,1223200
2015-12-31,BAFL,26.35454559326172,26.59090805053711,26.18181800842285,26.200000762939453,13.459909439086914,485100
2016-01-01,BAFL,26.454544067382812,26.727272033691406,26.409090042114258,26.62727165222168,13.679415702819824,52250
2016-01-04,BAFL,26.718181610107422,26.718181610107422,26.281818389892578,26.281818389892578,13.501941680908203,162250
2016-01-05,BAFL,26.14545440673828,26.818180084228516,26.14545440673828,26.690908432006836,13.712106704711914,596200
2016-01-06,BAFL,26.899999618530273,26.899999618530273,26.381818771362305,26.636362075805664,13.684082984924316,145750
2016-01-07,BAFL,26.545454025268555,26.59090805053711,26.290908813476562,26.454544067382812,13.590680122375488,49500
2016-01-08,BAFL,26.363636016845703,26.80908966064453,26.14545440673828,26.55454444885254,13.642051696777344,3678400
2016-01-11,BAFL,26.636362075805664,26.636362075805664,26.363636016845703,26.59090805053711,13.66073226928711,16500
2016-01-12,BAFL,26.18181800842285,26.581817626953125,26.18181800842285,26.53636360168457,13.632709503173828,154550
2016-01-13,BAFL,26.754545211791992,26.77272605895996,26.363636016845703,26.4818172454834,13.604686737060547,212300
2016-01-14,BAFL,26.154544830322266,26.59090805053711,25.227272033691406,25.445453643798828,13.072274208068848,817850
2016-01-15,BAFL,26.245454788208008,26.245454788208008,24.827272415161133,25.0,12.843425750732422,261250
2016-01-18,BAFL,24.227272033691406,24.281818389892578,23.754545211791992,24.18181800842285,12.42309284210205,1017500
2016-01-19,BAFL,24.545454025268555,25.0,24.27272605895996,24.9818172454834,12.834080696105957,187000
2016-01-20,BAFL,24.4818172454834,24.77272605895996,24.4818172454834,24.60909080505371,12.642600059509277,18700
2016-01-21,BAFL,24.363636016845703,24.727272033691406,24.318180084228516,24.545454025268555,12.609907150268555,23650
2016-01-22,BAFL,24.59090805053711,25.0,24.363636016845703,24.418180465698242,12.544523239135742,217250
2016-01-25,BAFL,24.636362075805664,24.636362075805664,24.09090805053711,24.27272605895996,12.469795227050781,403700
2016-01-26,BAFL,24.100000381469727,24.27272605895996,23.918180465698242,23.990909576416016,12.325016975402832,228800
2016-01-27,BAFL,23.881818771362305,24.27272605895996,23.863636016845703,23.954544067382812,12.3063383102417,993850
2016-01-28,BAFL,24.09090805053711,24.154544830322266,23.727272033691406,23.909090042114258,12.282980918884277,106150
2016-01-29,BAFL,24.05454444885254,24.05454444885254,23.59090805053711,23.636362075805664,12.142873764038086,648450
2016-02-01,BAFL,23.636362075805664,24.818180084228516,23.636362075805664,24.818180084228516,12.750018119812012,1077450
2016-02-02,BAFL,25.227272033691406,26.045454025268555,25.172727584838867,25.700000762939453,13.20304012298584,1319450
2016-02-03,BAFL,25.73636245727539,26.27272605895996,25.5,25.872726440429688,13.291777610778809,658900
2016-02-04,BAFL,25.909090042114258,26.59090805053711,25.77272605895996,26.35454559326172,13.539306640625,851950
2016-02-05,BAFL,26.35454559326172,26.35454559326172,26.35454559326172,26.35454559326172,13.539306640625,0
2016-02-08,BAFL,26.718181610107422,26.718181610107422,26.154544830322266,26.290908813476562,13.506610870361328,3065700
2016-02-09,BAFL,25.918180465698242,26.136362075805664,25.745454788208008,25.763635635375977,13.235732078552246,299200
2016-02-10,BAFL,25.818180084228516,26.23636245727539,24.818180084228516,24.936363220214844,12.8107328414917,1126400
2016-02-11,BAFL,25.418180465698242,25.418180465698242,24.59090805053711,24.636362075805664,12.656610488891602,76450
2016-02-12,BAFL,24.545454025268555,24.77272605895996,24.27272605895996,24.472726821899414,12.572546005249023,150150
2016-02-15,BAFL,24.945453643798828,24.945453643798828,24.55454444885254,24.636362075805664,12.656610488891602,128150
2016-02-16,BAFL,24.636362075805664,24.636362075805664,23.64545440673828,23.954544067382812,12.3063383102417,3205950
2016-02-17,BAFL,23.77272605895996,24.53636360168457,23.77272605895996,24.081817626953125,12.371721267700195,149050
2016-02-18,BAFL,24.23636245727539,24.263635635375977,23.863636016845703,24.07272720336914,12.367050170898438,146850
2016-02-19,BAFL,24.0,24.454544067382812,23.68181800842285,24.263635635375977,12.465126037597656,245300
2016-02-22,BAFL,24.190908432006836,24.190908432006836,23.909090042114258,23.92727279663086,12.29232406616211,184250
2016-02-23,BAFL,23.909090042114258,23.909090042114258,23.636362075805664,23.700000762939453,12.175566673278809,90200
2016-02-24,BAFL,23.909090042114258,24.09090805053711,23.636362075805664,24.05454444885254,12.357707977294922,714450
2016-02-25,BAFL,24.18181800842285,24.318180084228516,23.863636016845703,24.136362075805664,12.39974308013916,346500
2016-02-26,BAFL,24.227272033691406,24.318180084228516,24.09090805053711,24.23636245727539,12.451115608215332,342650
2016-02-29,BAFL,23.918180465698242,24.636362075805664,23.918180465698242,24.57272720336914,12.623919486999512,504900
2016-03-01,BAFL,23.363636016845703,23.636362075805664,23.3454532623291,23.3454532623291,11.993423461914062,5726600
2016-03-02,BAFL,23.454544067382812,23.709089279174805,22.299999237060547,23.418180465698242,12.030786514282227,1934900
2016-03-03,BAFL,23.27272605895996,24.581817626953125,23.190908432006836,24.318180084228516,12.493145942687988,2147750
2016-03-04,BAFL,24.399999618530273,24.399999618530273,23.781818389892578,23.936363220214844,12.2969970703125,328900
2016-03-07,BAFL,24.0,24.12727165222168,23.636362075805664,24.045454025268555,12.35304069519043,436700
2016-03-08,BAFL,24.081817626953125,24.227272033691406,23.418180465698242,23.636362075805664,12.142873764038086,882200
2016-03-09,BAFL,23.327272415161133,24.081817626953125,23.18181800842285,23.600000381469727,12.124190330505371,369600
2016-03-10,BAFL,23.636362075805664,23.636362075805664,23.372726440429688,23.454544067382812,12.049468994140625,14850
2016-03-11,BAFL,23.454544067382812,23.636362075805664,23.18181800842285,23.454544067382812,12.049468994140625,224400
2016-03-14,BAFL,23.27272605895996,23.545454025268555,23.190908432006836,23.254545211791992,11.946721076965332,245850
2016-03-15,BAFL,23.009090423583984,23.18181800842285,23.0,23.05454444885254,11.843972206115723,165000
2016-03-16,BAFL,23.27272605895996,23.363636016845703,23.136362075805664,23.18181800842285,11.909355163574219,438900
2016-03-17,BAFL,23.409090042114258,23.545454025268555,23.18181800842285,23.200000762939453,11.91869831085205,180950
2016-03-18,BAFL,22.53636360168457,23.0,22.372726440429688,22.57272720336914,11.828189849853516,246950
2016-03-21,BAFL,22.372726440429688,22.727272033691406,22.363636016845703,22.57272720336914,11.828189849853516,241450
2016-03-22,BAFL,22.545454025268555,22.727272033691406,22.18181800842285,22.563636779785156,11.82342529296875,337150
2016-03-23,BAFL,22.563636779785156,22.563636779785156,22.563636779785156,22.563636779785156,11.82342529296875,0
2016-03-24,BAFL,22.636362075805664,22.68181800842285,22.27272605895996,22.454544067382812,11.766261100769043,128150
2016-03-25,BAFL,22.490909576416016,22.53636360168457,21.954544067382812,22.100000381469727,11.58047866821289,387200
2016-03-28,BAFL,22.263635635375977,22.27272605895996,21.59090805053711,21.709089279174805,11.375638961791992,614900
2016-03-29,BAFL,21.545454025268555,22.081817626953125,21.545454025268555,21.80908966064453,11.428035736083984,438350
2016-03-30,BAFL,21.945453643798828,22.09090805053711,21.818180084228516,21.899999618530273,11.475675582885742,330550
2016-03-31,BAFL,22.045454025268555,22.818180084228516,22.045454025268555,22.64545440673828,11.86629867553711,1528450
2016-04-01,BAFL,22.945453643798828,22.954544067382812,22.418180465698242,22.654544830322266,11.871063232421875,281600
2016-04-04,BAFL,22.718181610107422,22.718181610107422,22.5,22.60909080505371,11.847243309020996,77000
2016-04-05,BAFL,22.5,22.636362075805664,22.281818389892578,22.509090423583984,11.794840812683105,435600
2016-04-06,BAFL,22.381818771362305,23.35454559326172,22.381818771362305,23.09090805053711,12.099715232849121,1422300
2016-04-07,BAFL,23.09090805053711,23.363636016845703,22.872726440429688,23.172727584838867,12.142592430114746,292600
2016-04-08,BAFL,23.081817626953125,23.18181800842285,23.081817626953125,23.18181800842285,12.147353172302246,69300
2016-04-11,BAFL,23.18181800842285,23.409090042114258,22.727272033691406,22.781818389892578,11.937751770019531,325600
2016-04-12,BAFL,22.545454025268555,22.899999618530273,22.545454025268555,22.899999618530273,11.99968147277832,90200
2016-04-13,BAFL,23.12727165222168,23.18181800842285,22.827272415161133,22.92727279663086,12.013973236083984,132550
2016-04-14,BAFL,23.16363525390625,23.18181800842285,22.727272033691406,22.863636016845703,11.98062515258789,721600
2016-04-15,BAFL,22.77272605895996,23.0,22.727272033691406,22.827272415161133,11.961567878723145,80850
2016-04-18,BAFL,22.727272033691406,23.527271270751953,22.727272033691406,23.418180465698242,12.271208763122559,1184700
2016-04-19,BAFL,23.409090042114258,23.409090042114258,23.05454444885254,23.336362838745117,12.228334426879883,70950
2016-04-20,BAFL,23.190908432006836,23.27272605895996,23.172727584838867,23.18181800842285,12.147353172302246,132550
2016-04-21,BAFL,22.909090042114258,23.172727584838867,22.909090042114258,22.990909576416016,12.047316551208496,24200
2016-04-22,BAFL,22.818180084228516,22.909090042114258,22.636362075805664,22.754545211791992,11.923458099365234,220000
2016-04-25,BAFL,22.727272033691406,22.818180084228516,22.045454025268555,22.245454788208008,11.656694412231445,4727250
2016-04-26,BAFL,22.27272605895996,22.27272605895996,22.05454444885254,22.118181228637695,11.590003967285156,2747800
2016-04-27,BAFL,22.363636016845703,22.754545211791992,21.909090042114258,22.672727584838867,11.880590438842773,4420350
2016-04-28,BAFL,22.863636016845703,23.18181800842285,22.5,22.636362075805664,11.861531257629395,3949550
2016-04-29,BAFL,22.5,23.063636779785156,22.472726821899414,22.936363220214844,12.018735885620117,11098450
2016-05-02,BAFL,23.0,23.636362075805664,22.863636016845703,22.972726821899414,12.037789344787598,9306550
2016-05-03,BAFL,22.863636016845703,23.09090805053711,22.77272605895996,22.881818771362305,11.990156173706055,1893100
2016-05-04,BAFL,23.09090805053711,23.27272605895996,22.96363639831543,23.045454025268555,12.075899124145508,4695350
2016-05-05,BAFL,23.172727584838867,23.53636360168457,23.01818084716797,23.472726821899414,12.299793243408203,3841200
2016-05-06,BAFL,23.545454025268555,23.618181228637695,23.045454025268555,23.154544830322266,12.133062362670898,387200
2016-05-09,BAFL,23.118181228637695,23.454544067382812,23.118181228637695,23.23636245727539,12.17593765258789,287650
2016-05-10,BAFL,23.445453643798828,23.445453643798828,23.09090805053711,23.14545440673828,12.128299713134766,92400
2016-05-11,BAFL,23.190908432006836,23.409090042114258,23.0,23.0,12.052080154418945,124300
2016-05-12,BAFL,23.009090423583984,23.136362075805664,22.781818389892578,22.972726821899414,12.037789344787598,1925000
2016-05-13,BAFL,23.0,23.18181800842285,22.954544067382812,23.063636779785156,12.085423469543457,234300
2016-05-16,BAFL,22.96363639831543,23.18181800842285,22.763635635375977,22.827272415161133,11.961567878723145,223300
2016-05-17,BAFL,22.745454788208008,23.05454444885254,22.636362075805664,22.718181610107422,11.904407501220703,464750
2016-05-18,BAFL,22.727272033691406,22.77272605895996,22.545454025268555,22.64545440673828,11.86629867553711,161150
2016-05-19,BAFL,22.636362075805664,22.827272415161133,22.636362075805664,22.709089279174805,11.899641990661621,1153350
2016-05-20,BAFL,22.727272033691406,22.818180084228516,22.727272033691406,22.73636245727539,11.913933753967285,332750
2016-05-23,BAFL,22.545454025268555,22.727272033691406,22.363636016845703,22.718181610107422,11.904407501220703,819500
2016-05-24,BAFL,22.46363639831543,22.77272605895996,22.27272605895996,22.618181228637695,11.852007865905762,480150
2016-05-25,BAFL,22.46363639831543,22.545454025268555,22.318180084228516,22.5,11.790079116821289,116050
2016-05-26,BAFL,22.290908813476562,22.636362075805664,22.27272605895996,22.363636016845703,11.718622207641602,1048850
2016-05-27,BAFL,22.509090423583984,22.60909080505371,22.318180084228516,22.53636360168457,11.809134483337402,283800
2016-05-30,BAFL,22.545454025268555,22.545454025268555,22.27272605895996,22.39090919494629,11.732914924621582,748550
2016-05-31,BAFL,22.281818389892578,22.363636016845703,21.881818771362305,22.009090423583984,11.53283977508545,729300
2016-06-01,BAFL,22.136362075805664,22.363636016845703,21.909090042114258,22.18181800842285,11.623353958129883,954250
2016-06-02,BAFL,22.063636779785156,22.363636016845703,22.045454025268555,22.227272033691406,11.647167205810547,339900
2016-06-03,BAFL,22.27272605895996,22.59090805053711,22.27272605895996,22.5,11.790079116821289,381700
2016-06-06,BAFL,22.454544067382812,22.454544067382812,22.0,22.318180084228516,11.694803237915039,347050
2016-06-07,BAFL,22.454544067382812,22.59090805053711,22.09090805053711,22.14545440673828,11.604296684265137,62700
2016-06-08,BAFL,22.27272605895996,22.27272605895996,22.18181800842285,22.27272605895996,11.670988082885742,178750
2016-06-09,BAFL,22.05454444885254,22.254545211791992,22.05454444885254,22.190908432006836,11.628114700317383,73700
2016-06-10,BAFL,22.100000381469727,22.363636016845703,22.0,22.18181800842285,11.623353958129883,284350
2016-06-13,BAFL,21.954544067382812,22.27272605895996,21.954544067382812,22.18181800842285,11.623353958129883,50600
2016-06-14,BAFL,22.14545440673828,22.954544067382812,22.09090805053711,22.827272415161133,11.961567878723145,1704450
2016-06-15,BAFL,23.18181800842285,23.690908432006836,22.636362075805664,23.46363639831543,12.295028686523438,1137950
2016-06-16,BAFL,23.945453643798828,24.636362075805664,23.290908813476562,24.59090805053711,12.885723114013672,3473250
2016-06-17,BAFL,24.818180084228516,25.445453643798828,24.372726440429688,25.227272033691406,13.2191801071167,2710950
2016-06-20,BAFL,25.80908966064453,25.909090042114258,23.972726821899414,24.0,12.576083183288574,5484600
2016-06-21,BAFL,23.954544067382812,24.118181228637695,23.18181800842285,23.209089279174805,12.161643981933594,2132350
2016-06-22,BAFL,23.23636245727539,23.57272720336914,22.636362075805664,22.872726440429688,11.985386848449707,2256650
2016-06-23,BAFL,22.863636016845703,22.954544067382812,22.727272033691406,22.918180465698242,12.009207725524902,576400
2016-06-24,BAFL,22.727272033691406,22.863636016845703,22.009090423583984,22.581817626953125,11.832950592041016,798050
2016-06-27,BAFL,22.581817626953125,22.727272033691406,22.27272605895996,22.59090805053711,11.837716102600098,591800
2016-06-28,BAFL,22.718181610107422,23.172727584838867,22.545454025268555,22.754545211791992,11.923458099365234,811800
2016-06-29,BAFL,22.754545211791992,23.18181800842285,22.745454788208008,23.05454444885254,12.08066463470459,133650
2016-06-30,BAFL,23.045454025268555,23.3454532623291,22.881818771362305,23.245454788208008,12.18069839477539,243650
2016-07-01,BAFL,23.245454788208008,23.245454788208008,23.245454788208008,23.245454788208008,12.18069839477539,0
2016-07-04,BAFL,23.18181800842285,23.399999618530273,23.136362075805664,23.18181800842285,12.147353172302246,128700
2016-07-05,BAFL,23.18181800842285,23.18181800842285,23.18181800842285,23.18181800842285,12.147353172302246,0
2016-07-06,BAFL,23.18181800842285,23.18181800842285,23.18181800842285,23.18181800842285,12.147353172302246,0
2016-07-07,BAFL,23.18181800842285,23.18181800842285,23.18181800842285,23.18181800842285,12.147353172302246,0
2016-07-08,BAFL,23.18181800842285,23.18181800842285,23.18181800842285,23.18181800842285,12.147353172302246,0
2016-07-11,BAFL,23.436363220214844,23.509090423583984,22.77272605895996,23.39090919494629,12.256917953491211,270600
2016-07-12,BAFL,23.299999237060547,23.53636360168457,23.09090805053711,23.18181800842285,12.147353172302246,1157750
2016-07-13,BAFL,23.18181800842285,23.399999618530273,23.09090805053711,23.299999237060547,12.209282875061035,440000
2016-07-14,BAFL,23.318180084228516,23.363636016845703,22.763635635375977,23.281818389892578,12.199751853942871,346500
2016-07-15,BAFL,23.27272605895996,23.490909576416016,22.954544067382812,23.07272720336914,12.090189933776855,905850
2016-07-18,BAFL,23.045454025268555,24.209089279174805,22.954544067382812,24.100000381469727,12.628483772277832,4642550
2016-07-19,BAFL,23.745454788208008,24.09090805053711,23.66363525390625,23.827272415161133,12.485574722290039,114400
2016-07-20,BAFL,23.700000762939453,24.545454025268555,23.59090805053711,24.35454559326172,12.761863708496094,5545650
2016-07-21,BAFL,24.327272415161133,24.545454025268555,24.09090805053711,24.10909080505371,12.633245468139648,151800
2016-07-22,BAFL,23.863636016845703,24.318180084228516,23.863636016845703,24.209089279174805,12.68564510345459,4038650
2016-07-25,BAFL,23.77272605895996,24.700000762939453,23.690908432006836,24.64545440673828,12.914306640625,944350
2016-07-26,BAFL,24.53636360168457,24.636362075805664,24.454544067382812,24.55454444885254,12.866667747497559,838750
2016-07-27,BAFL,24.62727165222168,24.68181800842285,24.545454025268555,24.62727165222168,12.904775619506836,1705000
2016-07-28,BAFL,24.563636779785156,24.909090042114258,24.545454025268555,24.763635635375977,12.976234436035156,765050
2016-07-29,BAFL,24.727272033691406,24.818180084228516,24.636362075805664,24.781818389892578,12.985757827758789,619300
2016-08-01,BAFL,24.781818389892578,24.781818389892578,24.781818389892578,24.781818389892578,12.985757827758789,0
2016-08-02,BAFL,25.727272033691406,25.899999618530273,25.46363639831543,25.836362838745117,13.53834342956543,347050
2016-08-03,BAFL,25.245454788208008,25.909090042114258,25.245454788208008,25.818180084228516,13.528816223144531,1531200
2016-08-04,BAFL,25.899999618530273,26.39090919494629,25.68181800842285,26.327272415161133,13.795583724975586,3687200
2016-08-05,BAFL,26.336362838745117,26.35454559326172,25.909090042114258,26.227272033691406,13.743183135986328,86350
2016-08-08,BAFL,26.363636016845703,26.5,26.009090423583984,26.01818084716797,13.633618354797363,77550
2016-08-09,BAFL,25.59090805053711,26.799999237060547,25.59090805053711,26.654544830322266,13.967071533203125,2176900
2016-08-10,BAFL,26.5,26.954544067382812,26.363636016845703,26.42727279663086,13.847984313964844,1568050
2016-08-11,BAFL,26.436363220214844,26.818180084228516,26.363636016845703,26.77272605895996,14.02900218963623,1936000
2016-08-12,BAFL,26.18181800842285,27.045454025268555,26.18181800842285,26.818180084228516,14.052820205688477,11486200
2016-08-15,BAFL,27.081817626953125,27.363636016845703,26.818180084228516,26.936363220214844,14.114748001098633,4908750
2016-08-16,BAFL,26.909090042114258,27.18181800842285,26.545454025268555,26.77272605895996,14.02900218963623,1300750
2016-08-17,BAFL,26.581817626953125,26.727272033691406,26.35454559326172,26.472726821899414,13.871804237365723,586850
2016-08-18,BAFL,26.672727584838867,26.77272605895996,26.363636016845703,26.545454025268555,13.909910202026367,2749450
2016-08-19,BAFL,26.372726440429688,26.600000381469727,26.363636016845703,26.372726440429688,13.819405555725098,910250
2016-08-22,BAFL,26.0,26.0,26.0,26.0,13.624092102050781,293700
2016-08-23,BAFL,26.35454559326172,26.59090805053711,26.318180084228516,26.363636016845703,13.814635276794434,129250
2016-08-24,BAFL,26.53636360168457,26.727272033691406,26.363636016845703,26.4818172454834,13.876565933227539,1766600
2016-08-25,BAFL,26.472726821899414,26.73636245727539,26.190908432006836,26.409090042114258,13.838455200195312,1888700
2016-08-26,BAFL,26.327272415161133,27.27272605895996,25.92727279663086,26.60909080505371,13.943255424499512,1553750
2016-08-29,BAFL,26.727272033691406,26.954544067382812,26.46363639831543,26.60909080505371,13.943255424499512,1020250
2016-08-30,BAFL,26.799999237060547,26.909090042114258,26.59090805053711,26.80908966064453,14.048055648803711,644050
2016-08-31,BAFL,26.818180084228516,26.909090042114258,26.59090805053711,26.818180084228516,14.052820205688477,1046100
2016-09-01,BAFL,27.045454025268555,27.10909080505371,26.636362075805664,27.009090423583984,14.15285873413086,583000
2016-09-02,BAFL,26.59090805053711,27.18181800842285,26.35454559326172,27.03636360168457,14.16715145111084,2938650
2016-09-05,BAFL,26.600000381469727,26.818180084228516,26.59090805053711,26.818180084228516,14.052820205688477,947650
2016-09-06,BAFL,26.509090423583984,26.827272415161133,26.509090423583984,26.790908813476562,14.038533210754395,316800
2016-09-07,BAFL,26.59090805053711,27.18181800842285,26.59090805053711,27.14545440673828,14.224311828613281,1503700
2016-09-08,BAFL,27.045454025268555,27.254545211791992,27.0,27.09090805053711,14.195732116699219,511500
2016-09-09,BAFL,27.09090805053711,27.409090042114258,26.909090042114258,27.327272415161133,14.319586753845215,1827100
2016-09-12,BAFL,27.327272415161133,27.327272415161133,27.327272415161133,27.327272415161133,14.319586753845215,0
2016-09-13,BAFL,27.327272415161133,27.327272415161133,27.327272415161133,27.327272415161133,14.319586753845215,0
2016-09-14,BAFL,27.327272415161133,27.327272415161133,27.327272415161133,27.327272415161133,14.319586753845215,0
2016-09-15,BAFL,27.27272605895996,27.27272605895996,26.990909576416016,27.16363525390625,14.233840942382812,119350
2016-09-16,BAFL,27.263635635375977,27.263635635375977,26.727272033691406,26.763635635375977,14.024237632751465,257950
2016-09-19,BAFL,27.0,27.09090805053711,26.727272033691406,26.763635635375977,14.024237632751465,170500
2016-09-20,BAFL,26.68181800842285,26.990909576416016,26.636362075805664,26.66363525390625,13.97183895111084,17050
2016-09-21,BAFL,26.5,26.5,25.363636016845703,25.954544067382812,13.600268363952637,495550
2016-09-22,BAFL,25.909090042114258,26.5,25.545454025268555,26.35454559326172,13.8098726272583,1931600
2016-09-23,BAFL,25.909090042114258,26.363636016845703,25.68181800842285,26.35454559326172,13.8098726272583,1313950
2016-09-26,BAFL,26.363636016845703,26.409090042114258,26.01818084716797,26.227272033691406,13.743183135986328,586300
2016-09-27,BAFL,26.363636016845703,26.363636016845703,25.909090042114258,25.96363639831543,13.6050386428833,142450
2016-09-28,BAFL,25.836362838745117,26.136362075805664,25.836362838745117,25.936363220214844,13.590746879577637,112750
2016-09-29,BAFL,25.918180465698242,26.545454025268555,25.918180465698242,26.118181228637695,13.686017036437988,1176450
2016-09-30,BAFL,26.09090805053711,26.3454532623291,25.77272605895996,26.118181228637695,13.686017036437988,69300
2016-10-03,BAFL,26.27272605895996,26.59090805053711,25.918180465698242,25.990909576416016,13.619329452514648,4813050
2016-10-04,BAFL,26.227272033691406,26.454544067382812,26.136362075805664,26.399999618530273,13.833691596984863,777700
2016-10-05,BAFL,26.62727165222168,26.62727165222168,26.045454025268555,26.399999618530273,13.833691596984863,605000
2016-10-06,BAFL,26.409090042114258,26.545454025268555,26.09090805053711,26.14545440673828,13.700310707092285,2195050
2016-10-07,BAFL,25.954544067382812,26.454544067382812,25.954544067382812,26.063636779785156,13.657439231872559,507100
2016-10-10,BAFL,26.254545211791992,26.581817626953125,26.254545211791992,26.581817626953125,13.92896556854248,620400
2016-10-11,BAFL,26.581817626953125,26.581817626953125,26.581817626953125,26.581817626953125,13.92896556854248,0
2016-10-12,BAFL,26.581817626953125,26.581817626953125,26.581817626953125,26.581817626953125,13.92896556854248,0
2016-10-13,BAFL,27.0,27.081817626953125,26.372726440429688,26.59090805053711,13.933731079101562,1163800
2016-10-14,BAFL,26.454544067382812,27.727272033691406,26.363636016845703,27.545454025268555,14.433914184570312,33407000
2016-10-17,BAFL,27.781818389892578,27.781818389892578,27.27272605895996,27.381818771362305,14.348169326782227,1884300
2016-10-18,BAFL,26.9818172454834,27.445453643798828,26.59090805053711,27.336362838745117,14.324348449707031,398200
2016-10-19,BAFL,27.281818389892578,27.363636016845703,26.818180084228516,27.245454788208008,14.276710510253906,628100
2016-10-20,BAFL,27.454544067382812,28.399999618530273,27.27272605895996,27.9818172454834,14.662569046020508,4560050
2016-10-21,BAFL,28.254545211791992,28.363636016845703,27.5,27.690908432006836,14.51013469696045,2032250
2016-10-24,BAFL,27.409090042114258,27.636362075805664,27.27272605895996,27.30908966064453,14.310056686401367,410850
2016-10-25,BAFL,26.73636245727539,27.27272605895996,26.654544830322266,26.936363220214844,14.114748001098633,3165800
2016-10-26,BAFL,26.60909080505371,27.263635635375977,26.59090805053711,26.92727279663086,14.109983444213867,650100
2016-10-27,BAFL,27.16363525390625,27.16363525390625,26.136362075805664,26.39090919494629,13.82892894744873,2616900
2016-10-28,BAFL,25.77272605895996,26.718181610107422,25.77272605895996,26.581817626953125,13.92896556854248,1197900
2016-10-31,BAFL,26.636362075805664,26.818180084228516,26.46363639831543,26.799999237060547,14.043293952941895,1926650
2016-11-01,BAFL,26.990909576416016,28.136362075805664,26.727272033691406,28.136362075805664,14.743552207946777,14070100
2016-11-02,BAFL,28.59090805053711,29.46363639831543,28.59090805053711,29.10909080505371,15.253265380859375,10363650
2016-11-03,BAFL,29.09090805053711,29.59090805053711,28.727272033691406,29.509090423583984,15.462865829467773,8468350
2016-11-04,BAFL,29.59090805053711,30.445453643798828,29.454544067382812,29.709089279174805,15.567667961120605,5762900
2016-11-07,BAFL,29.881818771362305,30.09090805053711,29.418180465698242,29.9818172454834,15.710577011108398,9925300
2016-11-08,BAFL,30.227272033691406,30.35454559326172,29.09090805053711,29.727272033691406,15.57719612121582,8009650
2016-11-09,BAFL,29.727272033691406,29.727272033691406,29.727272033691406,29.727272033691406,15.57719612121582,0
2016-11-10,BAFL,29.636362075805664,30.18181800842285,29.545454025268555,29.8454532623291,15.639124870300293,4641450
2016-11-11,BAFL,29.64545440673828,30.227272033691406,29.64545440673828,29.92727279663086,15.681997299194336,1979450
2016-11-14,BAFL,30.09090805053711,30.227272033691406,29.39090919494629,30.14545440673828,15.796320915222168,3875850
2016-11-15,BAFL,30.0,30.227272033691406,29.781818389892578,30.154544830322266,15.801090240478516,1301300
2016-11-16,BAFL,30.18181800842285,30.399999618530273,29.818180084228516,29.990909576416016,15.715344429016113,1765500
2016-11-17,BAFL,29.827272415161133,30.227272033691406,29.818180084228516,29.990909576416016,15.715344429016113,722150
2016-11-18,BAFL,30.0,30.27272605895996,29.909090042114258,30.136362075805664,15.791560173034668,704000
2016-11-21,BAFL,30.136362075805664,30.136362075805664,29.954544067382812,30.0,15.720108985900879,806850
2016-11-22,BAFL,30.27272605895996,30.363636016845703,30.0,30.09090805053711,15.767741203308105,708950
2016-11-23,BAFL,30.27272605895996,30.27272605895996,30.09090805053711,30.10909080505371,15.77726936340332,339900
2016-11-24,BAFL,30.09090805053711,30.3454532623291,30.09090805053711,30.27272605895996,15.863011360168457,1949750
2016-11-25,BAFL,30.27272605895996,30.363636016845703,29.77272605895996,29.972726821899414,15.705812454223633,1392050
2016-11-28,BAFL,29.972726821899414,30.18181800842285,29.790908813476562,29.909090042114258,15.672471046447754,255200
2016-11-29,BAFL,29.64545440673828,30.172727584838867,29.636362075805664,30.0,15.720108985900879,685300
2016-11-30,BAFL,30.0,30.03636360168457,29.77272605895996,29.80908966064453,15.620068550109863,595650
2016-12-01,BAFL,30.0,30.363636016845703,29.8454532623291,30.10909080505371,15.77726936340332,828300
2016-12-02,BAFL,30.0,31.600000381469727,30.0,31.18181800842285,16.33938217163086,2839100
2016-12-05,BAFL,31.62727165222168,32.3636360168457,31.62727165222168,31.66363525390625,16.591856002807617,3508450
2016-12-06,BAFL,31.818180084228516,31.818180084228516,31.363636016845703,31.73636245727539,16.629968643188477,744700
2016-12-07,BAFL,31.818180084228516,31.818180084228516,31.509090423583984,31.64545440673828,16.58233070373535,1202300
2016-12-08,BAFL,31.763635635375977,31.77272605895996,31.363636016845703,31.409090042114258,16.458477020263672,405350
2016-12-09,BAFL,31.68181800842285,32.25454330444336,31.318180084228516,32.07272720336914,16.806222915649414,981750
2016-12-12,BAFL,32.07272720336914,32.07272720336914,32.07272720336914,32.07272720336914,16.806222915649414,0
2016-12-13,BAFL,32.12727355957031,32.8272705078125,31.363636016845703,31.89090919494629,16.710947036743164,2550900
2016-12-14,BAFL,31.818180084228516,31.818180084228516,31.136362075805664,31.200000762939453,16.348909378051758,1664850
2016-12-15,BAFL,31.718181610107422,32.727272033691406,31.363636016845703,32.21818161010742,16.8824405670166,2737900
2016-12-16,BAFL,32.318180084228516,32.6363639831543,31.909090042114258,32.10908889770508,16.825271606445312,343750
2016-12-19,BAFL,32.6363639831543,32.6363639831543,31.818180084228516,32.19091033935547,16.868148803710938,2112550
2016-12-20,BAFL,32.54545211791992,33.45454406738281,32.0,33.18181610107422,17.387388229370117,3945700
2016-12-21,BAFL,33.45454406738281,33.8636360168457,32.8636360168457,33.8272705078125,17.725608825683594,1637900
2016-12-22,BAFL,33.8636360168457,34.68181610107422,33.3636360168457,34.54545211791992,18.101940155029297,2374350
2016-12-23,BAFL,34.272727966308594,34.54545211791992,34.0,34.3272705078125,17.98761558532715,327800
2016-12-26,BAFL,34.227272033691406,34.54545211791992,33.62727355957031,33.6363639831543,17.62557029724121,650650
2016-12-27,BAFL,33.28181838989258,34.09090805053711,33.28181838989258,33.79090881347656,17.706554412841797,515900
2016-12-28,BAFL,34.0,34.54545211791992,34.0,34.35454559326172,18.001903533935547,443850
2016-12-29,BAFL,34.318180084228516,34.54545211791992,33.6363639831543,33.98181915283203,17.80659294128418,2024000
2016-12-30,BAFL,34.30908966064453,34.54545211791992,33.727272033691406,34.509090423583984,18.082883834838867,2787950
2017-01-02,BAFL,34.727272033691406,35.54545211791992,34.54545211791992,34.68181610107422,18.173391342163086,3361600
2017-01-03,BAFL,35.0,35.52727127075195,34.59090805053711,35.33636474609375,18.516380310058594,1354100
2017-01-04,BAFL,35.62727355957031,35.818180084228516,34.54545211791992,35.44545364379883,18.573537826538086,3109150
2017-01-05,BAFL,35.45454406738281,35.818180084228516,35.227272033691406,35.23636245727539,18.463977813720703,823350
2017-01-06,BAFL,35.54545211791992,35.909088134765625,35.272727966308594,35.772727966308594,18.74503517150879,708400
2017-01-09,BAFL,35.909088134765625,37.55454635620117,35.727272033691406,36.52727127075195,19.140417098999023,10178850
2017-01-10,BAFL,36.3636360168457,36.5,35.745452880859375,36.33636474609375,19.04037857055664,258500
2017-01-11,BAFL,35.64545440673828,37.1363639831543,35.64545440673828,36.990909576416016,19.38336753845215,512050
2017-01-12,BAFL,37.09090805053711,37.272727966308594,36.3636360168457,36.409088134765625,19.078493118286133,2069100
2017-01-13,BAFL,36.3636360168457,36.59090805053711,35.68181610107422,35.79999923706055,18.75932502746582,346500
2017-01-16,BAFL,35.599998474121094,36.245452880859375,35.45454406738281,35.60908889770508,18.659284591674805,1933250
2017-01-17,BAFL,35.68181610107422,36.59090805053711,35.45454406738281,36.390907287597656,19.0689640045166,3610200
2017-01-18,BAFL,36.54545211791992,37.44545364379883,36.14545440673828,37.20909118652344,19.49769401550293,3652000
2017-01-19,BAFL,37.5,37.5,36.73636245727539,37.063636779785156,19.42147445678711,1188550
2017-01-20,BAFL,37.409088134765625,37.5,36.3636360168457,37.081817626953125,19.430997848510742,632500
2017-01-23,BAFL,37.09090805053711,38.92727279663086,36.818180084228516,38.92727279663086,20.398029327392578,8071250
2017-01-24,BAFL,39.09090805053711,40.87272644042969,38.409088134765625,40.87272644042969,21.417455673217773,13945250
2017-01-25,BAFL,41.1363639831543,42.909088134765625,40.45454406738281,40.909088134765625,21.436506271362305,3768050
2017-01-26,BAFL,40.55454635620117,41.5,40.05454635620117,41.081817626953125,21.527019500732422,322300
2017-01-27,BAFL,40.04545211791992,41.71818161010742,39.54545211791992,39.8636360168457,20.88868522644043,1161600
2017-01-30,BAFL,40.0,40.0,37.87272644042969,37.87272644042969,19.845441818237305,1350250
2017-01-31,BAFL,37.95454406738281,38.53636169433594,36.3636360168457,37.509090423583984,19.65489959716797,2306150
2017-02-01,BAFL,37.272727966308594,39.38181686401367,36.845455169677734,39.227272033691406,20.55522918701172,1772650
2017-02-02,BAFL,39.07272720336914,40.44545364379883,38.8636360168457,39.53636169433594,20.717187881469727,1235300
2017-02-03,BAFL,38.6363639831543,39.94545364379883,38.6363639831543,39.11817932128906,20.498064041137695,1178100
2017-02-06,BAFL,40.0,40.0,38.45454406738281,38.62727355957031,20.240821838378906,809050
2017-02-07,BAFL,38.64545440673828,39.04545211791992,38.29999923706055,38.48181915283203,20.16460418701172,469150
2017-02-08,BAFL,39.063636779785156,39.063636779785156,37.745452880859375,38.62727355957031,20.240821838378906,278300
2017-02-09,BAFL,38.98181915283203,38.990909576416016,38.20000076293945,38.66363525390625,20.25988006591797,608850
2017-02-10,BAFL,38.23636245727539,38.87272644042969,38.23636245727539,38.37272644042969,20.10744285583496,350900
2017-02-13,BAFL,37.83636474609375,38.20000076293945,37.6363639831543,37.727272033691406,19.76922035217285,1209450
2017-02-14,BAFL,37.727272033691406,37.727272033691406,36.818180084228516,36.936363220214844,19.354785919189453,2040500
2017-02-15,BAFL,36.8272705078125,37.245452880859375,35.92727279663086,36.6363639831543,19.19758415222168,229900
2017-02-16,BAFL,37.12727355957031,37.1363639831543,36.099998474121094,36.990909576416016,19.38336753845215,205150
2017-02-17,BAFL,36.8272705078125,37.25454330444336,36.35454559326172,36.3636360168457,19.054672241210938,219450
2017-02-20,BAFL,36.3636360168457,37.0,36.04545211791992,36.345455169677734,19.045141220092773,1654950
2017-02-21,BAFL,36.3636360168457,37.59090805053711,35.55454635620117,37.436363220214844,19.61678695678711,2198350
2017-02-22,BAFL,37.61817932128906,38.436363220214844,37.04545211791992,38.172725677490234,20.00264549255371,17779850
2017-02-23,BAFL,38.18181610107422,38.18181610107422,36.818180084228516,37.03636169433594,19.407184600830078,7143950
2017-02-24,BAFL,36.35454559326172,36.35454559326172,35.19091033935547,35.19091033935547,18.440160751342773,11471350
2017-02-27,BAFL,34.1363639831543,35.909088134765625,34.1363639831543,34.73636245727539,18.201974868774414,2695550
2017-02-28,BAFL,34.54545211791992,35.45454406738281,34.09090805053711,35.42727279663086,18.564014434814453,1568600
2017-03-01,BAFL,35.400001525878906,35.409088134765625,35.0,35.07272720336914,18.378232955932617,126500
2017-03-02,BAFL,35.099998474121094,35.68181610107422,35.0,35.38181686401367,18.540199279785156,1746800
2017-03-03,BAFL,35.44545364379883,35.68181610107422,35.0,35.5,18.60212516784668,1418450
2017-03-06,BAFL,35.48181915283203,35.672725677490234,35.227272033691406,35.345455169677734,18.521141052246094,620400
2017-03-07,BAFL,35.45454406738281,35.45454406738281,35.0,35.45454406738281,18.578310012817383,711700
2017-03-08,BAFL,35.04545211791992,35.45454406738281,35.0,35.12727355957031,18.406818389892578,144100
2017-03-09,BAFL,34.57272720336914,35.400001525878906,34.57272720336914,35.18181610107422,18.435394287109375,2806100
2017-03-10,BAFL,34.818180084228516,35.45454406738281,34.818180084228516,35.25454330444336,18.473506927490234,3253250
2017-03-13,BAFL,35.3636360168457,35.3636360168457,34.09090805053711,34.18181610107422,17.911392211914062,168850
2017-03-14,BAFL,34.35454559326172,34.52727127075195,33.918182373046875,34.47272872924805,18.06382942199707,51700
2017-03-15,BAFL,34.45454406738281,34.45454406738281,33.6363639831543,33.672725677490234,17.64462661743164,6649500
2017-03-16,BAFL,33.272727966308594,33.900001525878906,32.727272033691406,33.772727966308594,17.69702911376953,800250
2017-03-17,BAFL,34.07272720336914,34.272727966308594,33.409088134765625,33.62727355957031,17.62080955505371,5069350
2017-03-20,BAFL,34.081817626953125,34.081817626953125,33.6363639831543,33.654544830322266,17.635099411010742,194700
2017-03-21,BAFL,33.95454406738281,33.95454406738281,33.6363639831543,33.79090881347656,17.706554412841797,362450
2017-03-22,BAFL,33.79090881347656,33.909088134765625,33.42727279663086,33.70000076293945,17.658920288085938,161700
2017-03-23,BAFL,33.70000076293945,33.70000076293945,33.70000076293945,33.70000076293945,17.658920288085938,0
2017-03-24,BAFL,34.0,34.07272720336914,33.818180084228516,34.009090423583984,17.820884704589844,312950
2017-03-27,BAFL,34.009090423583984,34.081817626953125,33.727272033691406,33.772727966308594,17.69702911376953,98450
2017-03-28,BAFL,33.6363639831543,33.900001525878906,33.6363639831543,33.66363525390625,17.639863967895508,266200
2017-03-29,BAFL,33.6363639831543,34.081817626953125,33.18181610107422,33.28181838989258,17.43979263305664,894300
2017-03-30,BAFL,32.936363220214844,33.18181610107422,32.73636245727539,32.8272705078125,17.20160484313965,75350
2017-03-31,BAFL,32.29999923706055,32.95454406738281,32.18181610107422,32.85454559326172,17.215896606445312,447150
2017-04-03,BAFL,33.18181610107422,33.35454559326172,32.727272033691406,33.245452880859375,17.420738220214844,138050
2017-04-04,BAFL,33.18181610107422,33.18181610107422,32.87272644042969,33.05454635620117,17.320697784423828,20900
2017-04-05,BAFL,33.05454635620117,33.05454635620117,33.05454635620117,33.05454635620117,17.320697784423828,0
2017-04-06,BAFL,33.61817932128906,33.61817932128906,32.909088134765625,33.345455169677734,17.473134994506836,22550
2017-04-07,BAFL,33.18181610107422,33.59090805053711,33.18181610107422,33.418182373046875,17.51124382019043,5914150
2017-04-10,BAFL,33.18181610107422,33.61817932128906,33.18181610107422,33.53636169433594,17.57317352294922,35750
2017-04-11,BAFL,33.28181838989258,33.6363639831543,33.18181610107422,33.59090805053711,17.601757049560547,261800
2017-04-12,BAFL,33.62727355957031,33.62727355957031,32.70909118652344,33.52727127075195,17.56840705871582,70400
2017-04-13,BAFL,33.45454406738281,33.6363639831543,33.009090423583984,33.62727355957031,17.62080955505371,3796650
2017-04-14,BAFL,33.62727355957031,33.62727355957031,32.95454406738281,33.12727355957031,17.358810424804688,38500
2017-04-17,BAFL,32.8272705078125,33.18181610107422,32.818180084228516,33.172725677490234,17.38262176513672,22550
2017-04-18,BAFL,32.73636245727539,32.990909576416016,32.68181610107422,32.75454330444336,17.163496017456055,1024100
2017-04-19,BAFL,32.71818161010742,33.54545211791992,32.71818161010742,33.54545211791992,17.57793617248535,760650
2017-04-20,BAFL,33.18181610107422,35.21818161010742,33.18181610107422,35.20000076293945,18.444923400878906,5381200
2017-04-21,BAFL,35.3636360168457,35.818180084228516,34.59090805053711,34.900001525878906,18.2877254486084,1125300
2017-04-24,BAFL,35.227272033691406,36.6363639831543,34.54545211791992,36.07272720336914,18.902240753173828,4323550
2017-04-25,BAFL,36.1363639831543,36.227272033691406,35.23636245727539,35.61817932128906,18.664051055908203,2085050
2017-04-26,BAFL,35.80908966064453,36.3636360168457,35.45454406738281,36.30908966064453,19.026090621948242,2134550
2017-04-27,BAFL,36.3636360168457,36.54545211791992,35.68181610107422,35.75454330444336,18.735502243041992,814550
2017-04-28,BAFL,36.272727966308594,36.272727966308594,35.18181610107422,35.37272644042969,18.53542709350586,759550
2017-05-01,BAFL,35.37272644042969,35.37272644042969,35.37272644042969,35.37272644042969,18.53542709350586,0
2017-05-02,BAFL,35.45454406738281,35.45454406738281,34.98181915283203,35.0,18.340124130249023,997150
2017-05-03,BAFL,35.0,36.3636360168457,35.0,35.85454559326172,18.787906646728516,8792850
2017-05-04,BAFL,36.345455169677734,37.1363639831543,36.1363639831543,36.3636360168457,19.054672241210938,11745250
2017-05-05,BAFL,36.35454559326172,38.18181610107422,36.10908889770508,38.18181610107422,20.007402420043945,12185800
2017-05-08,BAFL,38.6363639831543,40.09090805053711,38.6363639831543,40.05454635620117,20.988723754882812,14025000
2017-05-09,BAFL,40.3636360168457,41.6363639831543,38.6363639831543,39.05454635620117,20.4647216796875,12814450
2017-05-10,BAFL,39.272727966308594,39.97272872924805,38.490909576416016,39.400001525878906,20.645740509033203,2101000
2017-05-11,BAFL,39.5,40.0,38.95454406738281,39.390907287597656,20.640972137451172,2691700
2017-05-12,BAFL,39.14545440673828,40.45454406738281,39.09090805053711,40.009090423583984,20.964902877807617,5171650
2017-05-15,BAFL,39.818180084228516,40.990909576416016,39.818180084228516,40.29090881347656,21.112577438354492,8680100
2017-05-16,BAFL,40.890907287597656,41.12727355957031,39.54545211791992,40.26363754272461,21.098283767700195,2541550
2017-05-17,BAFL,40.818180084228516,40.909088134765625,39.5,39.672725677490234,20.78864860534668,3207050
2017-05-18,BAFL,39.3636360168457,39.909088134765625,39.318180084228516,39.55454635620117,20.726726531982422,2863300
2017-05-19,BAFL,39.409088134765625,40.09090805053711,39.409088134765625,40.0,20.960142135620117,7150000
2017-05-22,BAFL,40.727272033691406,40.727272033691406,40.0,40.37272644042969,21.15545082092285,806300
2017-05-23,BAFL,40.66363525390625,42.0,40.227272033691406,41.02727127075195,21.498437881469727,2351250
2017-05-24,BAFL,41.18181610107422,43.07272720336914,40.727272033691406,42.94545364379883,22.503568649291992,5926250
2017-05-25,BAFL,42.95454406738281,43.18181610107422,40.79999923706055,41.44545364379883,21.717565536499023,3113000
2017-05-26,BAFL,41.772727966308594,42.21818161010742,40.900001525878906,41.418182373046875,21.70326805114746,2237950
2017-05-29,BAFL,40.909088134765625,41.727272033691406,40.909088134765625,41.10908889770508,21.54130744934082,384450
2017-05-30,BAFL,41.35454559326172,41.818180084228516,40.918182373046875,41.30908966064453,21.646106719970703,1451450
2017-05-31,BAFL,40.727272033691406,41.818180084228516,40.01818084716797,41.245452880859375,21.612762451171875,4270200
2017-06-01,BAFL,40.55454635620117,41.09090805053711,39.19091033935547,39.599998474121094,20.750537872314453,3606350
2017-06-02,BAFL,39.44545364379883,39.97272872924805,37.62727355957031,38.59090805053711,20.221771240234375,6274950
2017-06-05,BAFL,38.78181838989258,40.0,38.772727966308594,39.6363639831543,20.769596099853516,3871450
2017-06-06,BAFL,39.54545211791992,39.95454406738281,38.6363639831543,38.88181686401367,20.374208450317383,2828650
2017-06-07,BAFL,39.09090805053711,39.318180084228516,38.55454635620117,38.79999923706055,20.33133316040039,1740750
2017-06-08,BAFL,38.818180084228516,39.409088134765625,38.654544830322266,38.97272872924805,20.421846389770508,1743500
2017-06-09,BAFL,39.0,39.09090805053711,38.07272720336914,38.26363754272461,20.050281524658203,3912150
2017-06-12,BAFL,38.54545211791992,38.54545211791992,36.45454406738281,36.68181610107422,19.221397399902344,1607100
2017-06-13,BAFL,37.10908889770508,38.18181610107422,36.68181610107422,37.900001525878906,19.859729766845703,1867250
2017-06-14,BAFL,38.54545211791992,38.54545211791992,36.818180084228516,37.25454330444336,19.521509170532227,5602850
2017-06-15,BAFL,37.272727966308594,37.70909118652344,36.79999923706055,36.8272705078125,19.297622680664062,2293500
2017-06-16,BAFL,36.818180084228516,36.818180084228516,36.18181610107422,36.400001525878906,19.073728561401367,249700
2017-06-19,BAFL,36.5,36.5,35.28181838989258,35.70909118652344,18.71169090270996,1387650
2017-06-20,BAFL,35.818180084228516,35.818180084228516,33.92727279663086,33.94545364379883,17.787534713745117,10505000
2017-06-21,BAFL,33.47272872924805,35.35454559326172,33.18181610107422,34.85454559326172,18.263906478881836,5961450
2017-06-22,BAFL,34.09090805053711,36.59090805053711,34.09090805053711,35.581817626953125,18.64499855041504,2454650
2017-06-23,BAFL,35.581817626953125,35.581817626953125,35.581817626953125,35.581817626953125,18.64499855041504,0
2017-06-26,BAFL,35.581817626953125,35.581817626953125,35.581817626953125,35.581817626953125,18.64499855041504,0
2017-06-27,BAFL,35.581817626953125,35.581817626953125,35.581817626953125,35.581817626953125,18.64499855041504,0
2017-06-28,BAFL,35.581817626953125,35.581817626953125,35.581817626953125,35.581817626953125,18.64499855041504,0
2017-06-29,BAFL,36.227272033691406,37.35454559326172,35.509090423583984,36.69091033935547,19.226167678833008,3204300
2017-06-30,BAFL,36.818180084228516,37.61817932128906,36.18181610107422,36.54545211791992,19.14994239807129,1047200
2017-07-03,BAFL,35.92727279663086,35.92727279663086,34.71818161010742,34.8272705078125,18.249608993530273,1036200
2017-07-04,BAFL,33.73636245727539,35.0,33.64545440673828,34.33636474609375,17.992374420166016,6974000
2017-07-05,BAFL,34.33636474609375,36.04545211791992,33.95454406738281,35.95454406738281,18.84031105041504,2427700
2017-07-06,BAFL,35.28181838989258,36.68181610107422,35.28181838989258,35.61817932128906,18.664051055908203,771650
2017-07-07,BAFL,35.55454635620117,37.1363639831543,35.11817932128906,35.92727279663086,18.826019287109375,735900
2017-07-10,BAFL,36.09090805053711,37.5,36.09090805053711,37.227272033691406,19.507221221923828,1681900
2017-07-11,BAFL,36.01818084716797,37.12727355957031,35.37272644042969,35.37272644042969,18.53542709350586,2480500
2017-07-12,BAFL,34.818180084228516,34.8636360168457,33.6363639831543,34.53636169433594,18.09717559814453,3566200
2017-07-13,BAFL,34.54545211791992,34.909088134765625,34.09090805053711,34.44545364379883,18.049537658691406,314600
2017-07-14,BAFL,34.8636360168457,35.909088134765625,34.54545211791992,35.68181610107422,18.69739532470703,628650
2017-07-17,BAFL,34.6363639831543,35.68181610107422,34.54545211791992,35.409088134765625,18.554489135742188,514800
2017-07-18,BAFL,35.818180084228516,37.172725677490234,35.818180084228516,37.16363525390625,19.4738712310791,768350
2017-07-19,BAFL,36.3636360168457,37.272727966308594,35.8636360168457,35.94545364379883,18.835542678833008,962500
2017-07-20,BAFL,36.3636360168457,37.0,36.1363639831543,36.61817932128906,19.18805503845215,1085700
2017-07-21,BAFL,36.61817932128906,36.818180084228516,35.918182373046875,36.48181915283203,19.116600036621094,772200
2017-07-24,BAFL,36.37272644042969,36.6363639831543,36.35454559326172,36.3636360168457,19.054672241210938,360800
2017-07-25,BAFL,36.3636360168457,36.70909118652344,36.14545440673828,36.418182373046875,19.083253860473633,932250
2017-07-26,BAFL,36.37272644042969,36.6363639831543,36.345455169677734,36.37272644042969,19.05943489074707,716650
2017-07-27,BAFL,36.37272644042969,36.80908966064453,36.04545211791992,36.10908889770508,18.921287536621094,233200
2017-07-28,BAFL,35.0,36.818180084228516,34.45454406738281,36.54545211791992,19.14994239807129,1082400
2017-07-31,BAFL,37.25454330444336,37.818180084228516,35.909088134765625,36.1363639831543,18.935577392578125,6244150
2017-08-01,BAFL,36.19091033935547,37.3636360168457,36.18181610107422,37.272727966308594,19.53104019165039,1130250
2017-08-02,BAFL,37.6363639831543,37.6363639831543,37.04545211791992,37.26363754272461,19.526277542114258,203500
2017-08-03,BAFL,37.45454406738281,39.11817932128906,37.45454406738281,38.727272033691406,20.293228149414062,1480600
2017-08-04,BAFL,37.818180084228516,39.09090805053711,37.818180084228516,38.54545211791992,20.197946548461914,817850
2017-08-07,BAFL,38.45454406738281,39.70000076293945,37.909088134765625,39.11817932128906,20.498064041137695,8941900
2017-08-08,BAFL,39.081817626953125,39.09090805053711,38.172725677490234,38.54545211791992,20.197946548461914,535150
2017-08-09,BAFL,38.19091033935547,39.09090805053711,38.18181610107422,39.0,20.436140060424805,3807100
2017-08-10,BAFL,39.09090805053711,39.09090805053711,38.45454406738281,38.57272720336914,20.212242126464844,67650
2017-08-11,BAFL,38.57272720336914,38.57272720336914,38.57272720336914,38.57272720336914,20.212242126464844,0
2017-08-14,BAFL,38.57272720336914,38.57272720336914,38.57272720336914,38.57272720336914,20.212242126464844,0
2017-08-15,BAFL,37.73636245727539,38.318180084228516,37.272727966308594,37.48181915283203,19.64060401916504,1346950
2017-08-16,BAFL,36.818180084228516,38.6363639831543,36.54545211791992,38.25454330444336,20.045513153076172,1915100
2017-08-17,BAFL,37.28181838989258,38.18181610107422,36.6363639831543,37.28181838989258,19.53580665588379,2223650
2017-08-18,BAFL,38.172725677490234,38.172725677490234,36.8636360168457,37.52727127075195,19.66442108154297,982300
2017-08-21,BAFL,37.272727966308594,37.3636360168457,37.09090805053711,37.1363639831543,19.459583282470703,424050
2017-08-22,BAFL,36.818180084228516,36.818180084228516,35.599998474121094,36.745452880859375,19.254743576049805,1397550
2017-08-23,BAFL,37.272727966308594,37.6363639831543,37.04545211791992,37.21818161010742,19.50245475769043,390500
2017-08-24,BAFL,37.272727966308594,37.272727966308594,36.45454406738281,36.59090805053711,19.17376136779785,105600
2017-08-25,BAFL,36.3636360168457,37.272727966308594,35.92727279663086,37.21818161010742,19.50245475769043,843150
2017-08-28,BAFL,36.59090805053711,37.09090805053711,36.3636360168457,36.409088134765625,19.078493118286133,414150
2017-08-29,BAFL,36.345455169677734,36.3636360168457,34.599998474121094,34.8636360168457,18.268667221069336,4996200
2017-08-30,BAFL,35.45454406738281,36.1363639831543,35.0,36.063636779785156,18.897470474243164,1577950
2017-08-31,BAFL,35.909088134765625,37.26363754272461,35.727272033691406,36.51818084716797,19.135650634765625,277750
2017-09-01,BAFL,36.51818084716797,36.51818084716797,36.51818084716797,36.51818084716797,19.135650634765625,0
2017-09-04,BAFL,36.51818084716797,36.51818084716797,36.51818084716797,36.51818084716797,19.135650634765625,0
2017-09-05,BAFL,36.818180084228516,38.172725677490234,36.818180084228516,37.68181610107422,19.745407104492188,858550
2017-09-06,BAFL,37.68181610107422,37.95454406738281,37.272727966308594,37.6363639831543,19.72158432006836,100100
2017-09-07,BAFL,37.272727966308594,38.03636169433594,37.03636169433594,37.5,19.650129318237305,888250
2017-09-08,BAFL,38.18181610107422,38.18181610107422,37.5,37.68181610107422,19.745407104492188,1041700
2017-09-11,BAFL,36.68181610107422,37.68181610107422,35.818180084228516,36.62727355957031,19.19281768798828,394350
2017-09-12,BAFL,36.37272644042969,37.727272033691406,36.37272644042969,37.19091033935547,19.488170623779297,928950
2017-09-13,BAFL,37.68181610107422,38.18181610107422,36.727272033691406,37.26363754272461,19.526277542114258,2977150
2017-09-14,BAFL,37.28181838989258,38.83636474609375,37.063636779785156,38.35454559326172,20.097919464111328,13218150
2017-09-15,BAFL,38.990909576416016,39.909088134765625,37.272727966308594,37.71818161010742,19.76445770263672,10628750
2017-09-18,BAFL,37.745452880859375,37.745452880859375,36.909088134765625,37.436363220214844,19.61678695678711,476850
2017-09-19,BAFL,37.727272033691406,38.12727355957031,37.272727966308594,37.79090881347656,19.802570343017578,135850
2017-09-20,BAFL,38.16363525390625,38.6363639831543,37.95454406738281,38.436363220214844,20.140789031982422,9100850
2017-09-21,BAFL,38.409088134765625,38.8636360168457,38.18181610107422,38.60908889770508,20.231300354003906,2944150
2017-09-22,BAFL,38.18181610107422,38.61817932128906,37.95454406738281,38.29999923706055,20.069332122802734,73700
2017-09-25,BAFL,38.29999923706055,39.54545211791992,38.272727966308594,39.18181610107422,20.531408309936523,2449150
2017-09-26,BAFL,39.54545211791992,39.772727966308594,38.909088134765625,39.09090805053711,20.483776092529297,3044250
2017-09-27,BAFL,38.772727966308594,38.772727966308594,38.25454330444336,38.55454635620117,20.20271110534668,29700
2017-09-28,BAFL,37.98181915283203,38.8636360168457,37.98181915283203,38.59090805053711,20.221771240234375,553850
2017-09-29,BAFL,38.19091033935547,39.081817626953125,38.18181610107422,38.563636779785156,20.207483291625977,1018050
2017-10-02,BAFL,38.04545211791992,38.04545211791992,36.8636360168457,37.20000076293945,19.492931365966797,484550
2017-10-03,BAFL,36.909088134765625,37.245452880859375,36.818180084228516,36.85454559326172,19.311906814575195,224400
2017-10-04,BAFL,36.87272644042969,36.87272644042969,35.6363639831543,36.38181686401367,19.064199447631836,2303950
2017-10-05,BAFL,37.04545211791992,37.04545211791992,35.909088134765625,36.26363754272461,19.002273559570312,86350
2017-10-06,BAFL,36.818180084228516,37.5,36.6363639831543,37.33636474609375,19.56438446044922,710600
2017-10-09,BAFL,37.3636360168457,38.16363525390625,37.318180084228516,37.70909118652344,19.75969696044922,100100
2017-10-10,BAFL,37.70909118652344,37.70909118652344,36.04545211791992,37.18181610107422,19.4834041595459,383350
2017-10-11,BAFL,37.272727966308594,37.727272033691406,37.18181610107422,37.563636779785156,19.683475494384766,59400
2017-10-12,BAFL,36.8272705078125,37.6363639831543,36.818180084228516,36.936363220214844,19.354785919189453,352550
2017-10-13,BAFL,36.5,37.727272033691406,36.3636360168457,37.48181915283203,19.64060401916504,457050
2017-10-16,BAFL,37.890907287597656,38.172725677490234,37.272727966308594,37.900001525878906,19.859729766845703,523600
2017-10-17,BAFL,37.37272644042969,37.909088134765625,37.272727966308594,37.3272705078125,19.559619903564453,491150
2017-10-18,BAFL,37.418182373046875,37.418182373046875,36.4636344909668,36.818180084228516,19.2928524017334,59400
2017-10-19,BAFL,37.18181610107422,37.490909576416016,36.8272705078125,37.29999923706055,19.545330047607422,224950
2017-10-20,BAFL,37.272727966308594,38.54545211791992,37.272727966308594,38.45454406738281,20.150312423706055,1210000
2017-10-23,BAFL,39.081817626953125,39.081817626953125,37.272727966308594,38.35454559326172,20.097919464111328,136950
2017-10-24,BAFL,37.509090423583984,39.272727966308594,37.5,38.745452880859375,20.302753448486328,88550
2017-10-25,BAFL,38.54545211791992,39.09090805053711,38.54545211791992,38.8636360168457,20.36467933654785,893200
2017-10-26,BAFL,39.09090805053711,39.09090805053711,36.95454406738281,37.890907287597656,19.854969024658203,2010250
2017-10-27,BAFL,37.909088134765625,37.909088134765625,37.09090805053711,37.3636360168457,19.578676223754883,1284800
2017-10-30,BAFL,36.818180084228516,37.272727966308594,36.818180084228516,37.172725677490234,19.4786376953125,154550
2017-10-31,BAFL,37.02727127075195,37.02727127075195,36.1363639831543,36.29999923706055,19.021329879760742,707300
2017-11-01,BAFL,36.80908966064453,37.727272033691406,36.1363639831543,36.95454406738281,19.364309310913086,444950
2017-11-02,BAFL,37.04545211791992,37.04545211791992,36.0,36.21818161010742,18.97845458984375,6472950
2017-11-03,BAFL,36.3636360168457,37.0,35.909088134765625,36.818180084228516,19.2928524017334,325600
2017-11-06,BAFL,36.42727279663086,37.14545440673828,36.37272644042969,36.85454559326172,19.311906814575195,61600
2017-11-07,BAFL,36.85454559326172,36.85454559326172,36.3636360168457,36.52727127075195,19.140417098999023,5823950
2017-11-08,BAFL,36.05454635620117,36.66363525390625,36.05454635620117,36.390907287597656,19.0689640045166,360800
2017-11-09,BAFL,36.80908966064453,37.172725677490234,36.47272872924805,36.80908966064453,19.288087844848633,3008500
2017-11-10,BAFL,36.80908966064453,36.909088134765625,36.59090805053711,36.818180084228516,19.2928524017334,823900
2017-11-13,BAFL,36.818180084228516,36.818180084228516,36.818180084228516,36.818180084228516,19.2928524017334,7700
2017-11-14,BAFL,36.37272644042969,37.20000076293945,36.3636360168457,36.818180084228516,19.2928524017334,2284150
2017-11-15,BAFL,36.418182373046875,36.818180084228516,36.3636360168457,36.57272720336914,19.164234161376953,220000
2017-11-16,BAFL,36.6363639831543,36.909088134765625,36.59090805053711,36.599998474121094,19.17852783203125,2203300
2017-11-17,BAFL,36.418182373046875,37.62727355957031,36.409088134765625,36.85454559326172,19.311906814575195,341000
2017-11-20,BAFL,36.80908966064453,37.418182373046875,36.55454635620117,36.55454635620117,19.15471076965332,32450
2017-11-21,BAFL,36.1363639831543,36.94545364379883,36.1363639831543,36.80908966064453,19.288087844848633,574750
2017-11-22,BAFL,36.581817626953125,36.900001525878906,36.54545211791992,36.818180084228516,19.2928524017334,122650
2017-11-23,BAFL,36.95454406738281,37.04545211791992,36.59090805053711,36.97272872924805,19.37384033203125,520850
2017-11-24,BAFL,37.26363754272461,37.26363754272461,36.6363639831543,37.063636779785156,19.42147445678711,663850
2017-11-27,BAFL,36.409088134765625,36.818180084228516,36.409088134765625,36.79090881347656,19.278568267822266,286000
2017-11-28,BAFL,36.59090805053711,36.6363639831543,35.68181610107422,35.9636344909668,18.84507179260254,1151150
2017-11-29,BAFL,36.3636360168457,36.3636360168457,35.909088134765625,35.909088134765625,18.816484451293945,331100
2017-11-30,BAFL,35.727272033691406,37.09090805053711,35.727272033691406,36.68181610107422,19.221397399902344,555500
2017-12-01,BAFL,36.68181610107422,36.68181610107422,36.68181610107422,36.68181610107422,19.221397399902344,0
2017-12-04,BAFL,36.3636360168457,36.38181686401367,36.272727966308594,36.35454559326172,19.049911499023438,787050
2017-12-05,BAFL,36.3636360168457,37.04545211791992,36.35454559326172,36.3636360168457,19.054672241210938,477950
2017-12-06,BAFL,36.3636360168457,36.3636360168457,36.3636360168457,36.3636360168457,19.054672241210938,0
2017-12-07,BAFL,35.818180084228516,35.909088134765625,34.54545211791992,34.68181610107422,18.173391342163086,1744050
2017-12-08,BAFL,34.55454635620117,36.272727966308594,33.8636360168457,35.1363639831543,18.411579132080078,499400
2017-12-11,BAFL,35.099998474121094,35.909088134765625,35.0,35.03636169433594,18.359176635742188,281050
2017-12-12,BAFL,35.227272033691406,35.227272033691406,34.318180084228516,34.772727966308594,18.22102928161621,14654750
2017-12-13,BAFL,35.0,35.909088134765625,35.0,35.57272720336914,18.64023208618164,25300
2017-12-14,BAFL,34.818180084228516,35.345455169677734,34.772727966308594,35.009090423583984,18.344886779785156,431750
2017-12-15,BAFL,35.227272033691406,36.53636169433594,35.227272033691406,35.745452880859375,18.730745315551758,1817750
2017-12-18,BAFL,35.063636779785156,36.272727966308594,35.063636779785156,36.227272033691406,18.98321533203125,64900
2017-12-19,BAFL,36.1363639831543,36.1363639831543,35.227272033691406,35.44545364379883,18.573537826538086,495000
2017-12-20,BAFL,35.4636344909668,37.20909118652344,35.45454406738281,36.57272720336914,19.164234161376953,256850
2017-12-21,BAFL,35.60908889770508,38.400001525878906,35.60908889770508,37.6363639831543,19.72158432006836,688600
2017-12-22,BAFL,37.727272033691406,38.03636169433594,37.3636360168457,37.83636474609375,19.826391220092773,1644500
2017-12-25,BAFL,37.83636474609375,37.83636474609375,37.83636474609375,37.83636474609375,19.826391220092773,0
2017-12-26,BAFL,37.71818161010742,38.6363639831543,37.07272720336914,38.099998474121094,19.964529037475586,852500
2017-12-27,BAFL,37.727272033691406,38.8636360168457,37.727272033691406,38.60908889770508,20.231300354003906,11405350
2017-12-28,BAFL,37.9636344909668,39.09090805053711,37.6363639831543,38.20909118652344,20.021696090698242,1516900
2017-12-29,BAFL,38.29999923706055,39.09090805053711,38.19091033935547,38.6363639831543,20.245586395263672,2181850
2018-01-01,BAFL,38.61817932128906,39.54545211791992,38.61817932128906,39.52727127075195,20.71242904663086,2112000
2018-01-02,BAFL,39.1363639831543,41.45454406738281,39.1363639831543,41.07272720336914,21.52225112915039,3949000
2018-01-03,BAFL,41.54545211791992,41.818180084228516,40.54545211791992,41.03636169433594,21.50319480895996,1984400
2018-01-04,BAFL,40.64545440673828,41.818180084228516,40.64545440673828,41.509090423583984,21.75090980529785,1157750
2018-01-05,BAFL,41.37272644042969,42.0,41.18181610107422,41.55454635620117,21.77473258972168,1012000
2018-01-08,BAFL,41.818180084228516,42.26363754272461,41.45454406738281,41.8272705078125,21.917634963989258,4305400
2018-01-09,BAFL,41.818180084228516,41.818180084228516,40.45454406738281,40.64545440673828,21.29836082458496,1417900
2018-01-10,BAFL,40.272727966308594,42.47272872924805,40.272727966308594,42.33636474609375,22.184404373168945,2432650
2018-01-11,BAFL,42.28181838989258,42.6363639831543,41.59090805053711,42.009090423583984,22.01291275024414,608850
2018-01-12,BAFL,41.79090881347656,42.272727966308594,41.33636474609375,41.990909576416016,22.003379821777344,380050
2018-01-15,BAFL,41.227272033691406,42.62727355957031,41.227272033691406,41.87272644042969,21.941452026367188,401500
2018-01-16,BAFL,42.5,42.727272033691406,42.04545211791992,42.35454559326172,22.19392967224121,465850
2018-01-17,BAFL,42.672725677490234,42.68181610107422,41.909088134765625,42.599998474121094,22.322547912597656,716650
2018-01-18,BAFL,42.71818161010742,42.727272033691406,42.09090805053711,42.37272644042969,22.203462600708008,2350150
2018-01-19,BAFL,42.272727966308594,43.6363639831543,42.272727966308594,43.25454330444336,22.665529251098633,1641750
2018-01-22,BAFL,43.04545211791992,43.3636360168457,42.727272033691406,43.11817932128906,22.594072341918945,961950
2018-01-23,BAFL,42.75454330444336,42.75454330444336,42.09090805053711,42.6363639831543,22.341604232788086,522500
2018-01-24,BAFL,42.727272033691406,43.0,42.1363639831543,42.29090881347656,22.16058349609375,629750
2018-01-25,BAFL,42.745452880859375,42.745452880859375,41.85454559326172,41.95454406738281,21.984329223632812,68200
2018-01-26,BAFL,42.26363754272461,43.154544830322266,41.509090423583984,41.79999923706055,21.903345108032227,584100
2018-01-29,BAFL,43.88181686401367,43.88181686401367,43.88181686401367,43.88181686401367,22.99422836303711,1316150
2018-01-30,BAFL,43.88181686401367,43.88181686401367,43.88181686401367,43.88181686401367,22.99422836303711,0
2018-01-31,BAFL,44.44545364379883,44.818180084228516,43.3636360168457,43.70909118652344,22.903717041015625,931700
2018-02-01,BAFL,44.09090805053711,44.45454406738281,43.418182373046875,43.772727966308594,22.93706512451172,485650
2018-02-02,BAFL,43.900001525878906,44.09090805053711,43.3636360168457,43.52727127075195,22.808441162109375,558250
2018-02-05,BAFL,43.52727127075195,43.52727127075195,43.52727127075195,43.52727127075195,22.808441162109375,0
2018-02-06,BAFL,43.52727127075195,43.52727127075195,43.52727127075195,43.52727127075195,22.808441162109375,0
2018-02-07,BAFL,43.61817932128906,44.04545211791992,43.45454406738281,43.64545440673828,22.87036895751953,939950
2018-02-08,BAFL,43.6363639831543,43.818180084228516,43.18181610107422,43.28181838989258,22.679826736450195,1438250
2018-02-09,BAFL,43.53636169433594,44.09090805053711,42.95454406738281,43.900001525878906,23.003753662109375,771100
2018-02-12,BAFL,44.09090805053711,44.09090805053711,42.79090881347656,42.918182373046875,22.48927879333496,752400
2018-02-13,BAFL,42.909088134765625,44.54545211791992,42.8636360168457,44.063636779785156,23.089502334594727,1159400
2018-02-14,BAFL,44.063636779785156,44.063636779785156,44.063636779785156,44.063636779785156,23.089502334594727,0
2018-02-15,BAFL,44.09090805053711,44.345455169677734,43.6363639831543,43.98181915283203,23.046630859375,1687950
2018-02-16,BAFL,44.09090805053711,45.0,44.0,44.73636245727539,23.44200897216797,2484900
2018-02-19,BAFL,44.54545211791992,45.0,43.62727355957031,44.21818161010742,23.170482635498047,553300
2018-02-20,BAFL,44.53636169433594,44.54545211791992,43.70909118652344,44.245452880859375,23.184770584106445,320650
2018-02-21,BAFL,44.318180084228516,44.55454635620117,43.6363639831543,43.909088134765625,23.008520126342773,490050
2018-02-22,BAFL,43.59090805053711,43.909088134765625,43.418182373046875,43.745452880859375,22.922771453857422,340450
2018-02-23,BAFL,43.8636360168457,44.07272720336914,43.409088134765625,43.672725677490234,22.884660720825195,894300
2018-02-26,BAFL,43.69091033935547,45.85454559326172,42.727272033691406,43.60908889770508,22.8513126373291,11661100
2018-02-27,BAFL,43.54545211791992,43.62727355957031,42.95454406738281,43.12727355957031,22.598844528198242,843150
2018-02-28,BAFL,43.19091033935547,43.45454406738281,42.818180084228516,43.02727127075195,22.546438217163086,1632950
2018-03-01,BAFL,43.18181610107422,43.62727355957031,43.02727127075195,43.57272720336914,22.832265853881836,208450
2018-03-02,BAFL,43.18181610107422,43.6363639831543,43.04545211791992,43.11817932128906,22.594072341918945,650650
2018-03-05,BAFL,43.44545364379883,43.5,42.727272033691406,42.8636360168457,22.460695266723633,333850
2018-03-06,BAFL,43.12727355957031,43.772727966308594,42.900001525878906,43.654544830322266,22.875139236450195,1173150
2018-03-07,BAFL,43.818180084228516,44.081817626953125,43.45454406738281,43.68181610107422,22.889421463012695,2846250
2018-03-08,BAFL,43.6363639831543,44.09090805053711,43.409088134765625,43.909088134765625,23.008520126342773,659450
2018-03-09,BAFL,43.68181610107422,45.0,43.68181610107422,44.55454635620117,23.346738815307617,1225400
2018-03-12,BAFL,44.54545211791992,45.1363639831543,44.54545211791992,44.909088134765625,23.532522201538086,330550
2018-03-13,BAFL,45.0,45.18181610107422,45.0,45.10908889770508,23.637327194213867,330000
2018-03-14,BAFL,45.009090423583984,45.18181610107422,44.57272720336914,45.07272720336914,23.618268966674805,693550
2018-03-15,BAFL,45.21818161010742,46.09090805053711,45.0,45.94545364379883,24.075578689575195,2421650
2018-03-16,BAFL,46.1363639831543,46.318180084228516,45.5,45.98181915283203,24.094633102416992,2242350
2018-03-19,BAFL,43.727272033691406,44.772727966308594,43.727272033691406,44.54545211791992,23.693302154541016,463650
2018-03-20,BAFL,44.099998474121094,46.1363639831543,44.099998474121094,45.85454559326172,24.389589309692383,5332800
2018-03-21,BAFL,45.909088134765625,46.818180084228516,45.227272033691406,46.61817932128906,24.79576301574707,3598100
2018-03-22,BAFL,46.61817932128906,47.18181610107422,45.672725677490234,46.818180084228516,24.902135848999023,1969550
2018-03-23,BAFL,46.818180084228516,46.818180084228516,46.818180084228516,46.818180084228516,24.902135848999023,0
2018-03-26,BAFL,45.9636344909668,46.818180084228516,45.9636344909668,46.400001525878906,24.679712295532227,483450
2018-03-27,BAFL,46.71818161010742,47.03636169433594,46.3636360168457,46.83636474609375,24.911815643310547,980100
2018-03-28,BAFL,46.990909576416016,47.409088134765625,46.990909576416016,47.23636245727539,25.124568939208984,2686200
2018-03-29,BAFL,47.272727966308594,47.909088134765625,46.6363639831543,47.70909118652344,25.376007080078125,848100
2018-03-30,BAFL,48.09090805053711,48.18181610107422,47.51818084716797,48.02727127075195,25.54524040222168,354750
2018-04-02,BAFL,46.8636360168457,47.26363754272461,46.1363639831543,46.54545211791992,24.757080078125,2075700
2018-04-03,BAFL,47.0,47.727272033691406,46.4636344909668,47.418182373046875,25.221275329589844,12199000
2018-04-04,BAFL,47.70909118652344,49.727272033691406,47.70909118652344,49.26363754272461,26.202852249145508,5088600
2018-04-05,BAFL,49.318180084228516,50.44545364379883,48.62727355957031,49.75454330444336,26.463964462280273,2421650
2018-04-06,BAFL,50.80908966064453,50.909088134765625,48.64545440673828,49.03636169433594,26.08196449279785,1537250
2018-04-09,BAFL,49.03636169433594,49.03636169433594,48.18181610107422,48.3272705078125,25.704803466796875,359150
2018-04-10,BAFL,47.95454406738281,48.18181610107422,47.3636360168457,47.80908966064453,25.429197311401367,242550
2018-04-11,BAFL,47.727272033691406,47.772727966308594,47.28181838989258,47.38181686401367,25.201932907104492,105050
2018-04-12,BAFL,47.1363639831543,47.909088134765625,46.818180084228516,47.245452880859375,25.129404067993164,707300
2018-04-13,BAFL,46.8636360168457,47.5,46.3636360168457,47.01818084716797,25.00851821899414,1625800
2018-04-16,BAFL,47.04545211791992,47.272727966308594,46.45454406738281,46.672725677490234,24.82477378845215,70950
2018-04-17,BAFL,47.272727966308594,47.6363639831543,46.94545364379883,47.26363754272461,25.139068603515625,271700
2018-04-18,BAFL,47.18181610107422,49.0,47.172725677490234,48.0,25.530738830566406,410850
2018-04-19,BAFL,48.18181610107422,49.272727966308594,48.0,48.85454559326172,25.985261917114258,3800500
2018-04-20,BAFL,49.09090805053711,49.3636360168457,48.6363639831543,48.990909576416016,26.057788848876953,751300
2018-04-23,BAFL,48.990909576416016,50.909088134765625,48.990909576416016,49.654544830322266,26.410778045654297,1817200
2018-04-24,BAFL,49.772727966308594,50.0,48.18181610107422,48.727272033691406,25.917566299438477,1438800
2018-04-25,BAFL,48.654544830322266,49.081817626953125,47.272727966308594,47.509090423583984,25.269624710083008,501600
2018-04-26,BAFL,48.04545211791992,49.845455169677734,47.272727966308594,48.14545440673828,25.608102798461914,1244100
2018-04-27,BAFL,48.272727966308594,48.6363639831543,47.59090805053711,47.8636360168457,25.458202362060547,3124550
2018-04-30,BAFL,48.18181610107422,49.04545211791992,46.909088134765625,47.154544830322266,25.081043243408203,690250
2018-05-01,BAFL,47.154544830322266,47.154544830322266,47.154544830322266,47.154544830322266,25.081043243408203,0
2018-05-02,BAFL,47.28181838989258,47.95454406738281,47.09090805053711,47.25454330444336,25.134233474731445,11904200
2018-05-03,BAFL,47.272727966308594,47.71818161010742,46.48181915283203,46.818180084228516,24.902135848999023,4101900
2018-05-04,BAFL,46.818180084228516,46.818180084228516,46.3636360168457,46.818180084228516,24.902135848999023,138600
2018-05-07,BAFL,46.37272644042969,46.37272644042969,45.95454406738281,46.14545440673828,24.544326782226562,114400
2018-05-08,BAFL,45.818180084228516,45.909088134765625,44.54545211791992,45.345455169677734,24.11880874633789,5191450
2018-05-09,BAFL,45.45454406738281,45.909088134765625,45.0,45.78181838989258,24.350915908813477,296450
2018-05-10,BAFL,45.909088134765625,45.95454406738281,45.0,45.45454406738281,24.176834106445312,744700
2018-05-11,BAFL,45.45454406738281,45.45454406738281,45.0,45.436363220214844,24.167163848876953,75350
2018-05-14,BAFL,45.0,45.0,44.54545211791992,44.563636779785156,23.702970504760742,89650
2018-05-15,BAFL,45.0,45.0,44.19091033935547,44.272727966308594,23.54823875427246,593450
2018-05-16,BAFL,43.45454406738281,44.990909576416016,43.45454406738281,44.21818161010742,23.51922607421875,100650
2018-05-17,BAFL,43.6363639831543,44.09090805053711,43.54545211791992,43.73636245727539,23.262943267822266,274450
2018-05-18,BAFL,43.818180084228516,43.818180084228516,42.8636360168457,43.59090805053711,23.185583114624023,1911800
2018-05-21,BAFL,43.6363639831543,43.6363639831543,43.0,43.21818161010742,22.987333297729492,629750
2018-05-22,BAFL,43.45454406738281,44.54545211791992,43.272727966308594,44.227272033691406,23.524057388305664,1006500
2018-05-23,BAFL,44.1363639831543,45.0,44.081817626953125,44.900001525878906,23.881881713867188,468600
2018-05-24,BAFL,45.09090805053711,45.68181610107422,45.04545211791992,45.54545211791992,24.225189208984375,498850
2018-05-25,BAFL,45.54545211791992,45.68181610107422,45.45454406738281,45.563636779785156,24.2348575592041,122650
2018-05-28,BAFL,46.0,46.95454406738281,45.909088134765625,46.07272720336914,24.50564193725586,1150600
2018-05-29,BAFL,45.59090805053711,46.54545211791992,45.45454406738281,46.47272872924805,24.718395233154297,204600
2018-05-30,BAFL,46.272727966308594,47.272727966308594,46.272727966308594,47.10908889770508,25.05687141418457,3909400
2018-05-31,BAFL,46.409088134765625,47.95454406738281,45.95454406738281,47.918182373046875,25.48721694946289,5022050
2018-06-01,BAFL,47.318180084228516,47.318180084228516,47.318180084228516,47.318180084228516,25.1680850982666,1100
2018-06-04,BAFL,47.70909118652344,49.62727355957031,47.70909118652344,48.9636344909668,26.043285369873047,520300
2018-06-05,BAFL,48.409088134765625,49.45454406738281,48.409088134765625,49.23636245727539,26.188344955444336,1020250
2018-06-06,BAFL,49.5,50.45454406738281,49.23636245727539,50.37272644042969,26.792774200439453,817300
2018-06-07,BAFL,50.3636360168457,51.30908966064453,50.0,50.29090881347656,26.749256134033203,8744450
2018-06-08,BAFL,50.29090881347656,50.29090881347656,50.29090881347656,50.29090881347656,26.749256134033203,0
2018-06-11,BAFL,50.227272033691406,52.09090805053711,50.227272033691406,51.4636344909668,27.373014450073242,4950000
2018-06-12,BAFL,51.14545440673828,51.3636360168457,50.09090805053711,50.845455169677734,27.044204711914062,5209600
2018-06-13,BAFL,51.35454559326172,51.3636360168457,50.23636245727539,50.818180084228516,27.029701232910156,1116500
2018-06-14,BAFL,50.909088134765625,50.918182373046875,50.44545364379883,50.73636245727539,26.986186981201172,5547300
2018-06-15,BAFL,50.73636245727539,50.73636245727539,50.73636245727539,50.73636245727539,26.986186981201172,0
2018-06-19,BAFL,51.3636360168457,51.3636360168457,50.45454406738281,50.92727279663086,27.087724685668945,785950
2018-06-20,BAFL,50.68181610107422,50.68181610107422,48.45454406738281,48.70000076293945,25.903060913085938,4488550
2018-06-21,BAFL,49.09090805053711,49.09090805053711,47.909088134765625,48.409088134765625,25.748321533203125,1779800
2018-06-22,BAFL,48.20000076293945,48.6363639831543,47.727272033691406,48.18181610107422,25.627443313598633,843700
2018-06-25,BAFL,47.3272705078125,48.172725677490234,46.818180084228516,47.5,25.264789581298828,514250
2018-06-26,BAFL,48.0,48.8636360168457,47.73636245727539,48.07272720336914,25.569419860839844,966900
2018-06-27,BAFL,48.07272720336914,50.227272033691406,48.07272720336914,49.081817626953125,26.106143951416016,753500
2018-06-28,BAFL,48.6363639831543,49.081817626953125,47.95454406738281,48.47272872924805,25.782175064086914,437250
2018-06-29,BAFL,48.19091033935547,48.19091033935547,46.83636474609375,47.53636169433594,25.284128189086914,935550
2018-07-02,BAFL,47.436363220214844,47.54545211791992,46.59090805053711,47.3272705078125,25.172916412353516,86900
2018-07-03,BAFL,47.272727966308594,47.94545364379883,46.09090805053711,47.081817626953125,25.042360305786133,614900
2018-07-04,BAFL,46.409088134765625,47.227272033691406,45.95454406738281,46.345455169677734,24.65070152282715,700150
2018-07-05,BAFL,46.3636360168457,47.272727966308594,46.3636360168457,46.727272033691406,24.853788375854492,1612050
2018-07-06,BAFL,46.3636360168457,47.272727966308594,46.1363639831543,46.87272644042969,24.931154251098633,330000
2018-07-09,BAFL,46.227272033691406,46.227272033691406,45.227272033691406,45.8272705078125,24.375089645385742,547250
2018-07-10,BAFL,45.45454406738281,46.272727966308594,43.53636169433594,45.85454559326172,24.389589309692383,1901900
2018-07-11,BAFL,45.909088134765625,48.14545440673828,45.4636344909668,47.918182373046875,25.48721694946289,1551000
2018-07-12,BAFL,47.04545211791992,49.09090805053711,47.04545211791992,48.318180084228516,25.69997787475586,2508550
2018-07-13,BAFL,48.8636360168457,50.727272033691406,48.8636360168457,50.599998474121094,26.913650512695312,2634500
2018-07-16,BAFL,51.818180084228516,51.818180084228516,49.54545211791992,50.83636474609375,27.039371490478516,1327150
2018-07-17,BAFL,50.909088134765625,50.909088134765625,50.0,50.8272705078125,27.034534454345703,352000
2018-07-18,BAFL,50.909088134765625,51.3636360168457,50.909088134765625,51.07272720336914,27.165088653564453,807400
2018-07-19,BAFL,51.818180084228516,52.6363639831543,51.59090805053711,52.04545211791992,27.682476043701172,1480600
2018-07-20,BAFL,50.909088134765625,51.818180084228516,50.909088134765625,51.62727355957031,27.460052490234375,140250
2018-07-23,BAFL,51.80908966064453,51.80908966064453,50.0,50.12727355957031,26.662214279174805,378950
2018-07-24,BAFL,51.727272033691406,51.818180084228516,50.909088134765625,51.44545364379883,27.363344192504883,148500
2018-07-25,BAFL,51.44545364379883,51.44545364379883,51.44545364379883,51.44545364379883,27.363344192504883,0
2018-07-26,BAFL,53.18181610107422,53.18181610107422,51.845455169677734,52.272727966308594,27.803363800048828,721600
2018-07-27,BAFL,52.227272033691406,52.818180084228516,52.18181610107422,52.68181610107422,28.02094078063965,6497150
2018-07-30,BAFL,53.04545211791992,53.6363639831543,52.727272033691406,53.581817626953125,28.499652862548828,947650
2018-07-31,BAFL,52.95454406738281,52.95454406738281,51.37272644042969,51.70909118652344,27.503570556640625,152900
2018-08-01,BAFL,50.59090805053711,52.227272033691406,50.59090805053711,51.23636245727539,27.252132415771484,1205600
2018-08-02,BAFL,51.59090805053711,52.272727966308594,50.909088134765625,51.38181686401367,27.32949447631836,641850
2018-08-03,BAFL,50.909088134765625,51.818180084228516,50.909088134765625,51.47272872924805,27.377845764160156,37950
2018-08-06,BAFL,51.772727966308594,51.772727966308594,51.3636360168457,51.3636360168457,27.31981658935547,84150
2018-08-07,BAFL,51.272727966308594,51.3636360168457,49.42727279663086,50.75454330444336,26.995851516723633,77550
2018-08-08,BAFL,50.900001525878906,52.727272033691406,50.45454406738281,51.26363754272461,27.266633987426758,127600
2018-08-09,BAFL,50.6363639831543,51.3636360168457,50.6363639831543,51.20000076293945,27.2327823638916,64900
2018-08-10,BAFL,50.909088134765625,51.818180084228516,50.5,50.845455169677734,27.044204711914062,244200
2018-08-13,BAFL,50.68181610107422,51.818180084228516,50.68181610107422,51.64545440673828,27.469717025756836,116600
2018-08-14,BAFL,51.64545440673828,51.64545440673828,51.64545440673828,51.64545440673828,27.469717025756836,0
2018-08-15,BAFL,50.909088134765625,51.409088134765625,50.909088134765625,51.21818161010742,27.242462158203125,48400
2018-08-16,BAFL,50.918182373046875,52.45454406738281,50.42727279663086,51.04545211791992,27.15057945251465,730400
2018-08-17,BAFL,51.14545440673828,52.490909576416016,50.563636779785156,51.01818084716797,27.136072158813477,619300
2018-08-20,BAFL,50.54545211791992,51.18181610107422,50.47272872924805,51.1363639831543,27.19894027709961,378950
2018-08-21,BAFL,51.1363639831543,51.1363639831543,51.1363639831543,51.1363639831543,27.19894027709961,0
2018-08-22,BAFL,51.1363639831543,51.1363639831543,51.1363639831543,51.1363639831543,27.19894027709961,0
2018-08-23,BAFL,51.1363639831543,51.1363639831543,51.1363639831543,51.1363639831543,27.19894027709961,0
2018-08-24,BAFL,50.28181838989258,52.5,50.05454635620117,50.9636344909668,27.107067108154297,96800
2018-08-27,BAFL,51.8272705078125,53.509090423583984,51.818180084228516,52.73636245727539,28.04996109008789,524150
2018-08-28,BAFL,53.62727355957031,53.62727355957031,51.818180084228516,52.61817932128906,27.987106323242188,1126950
2018-08-29,BAFL,52.62727355957031,52.772727966308594,52.272727966308594,52.436363220214844,27.890396118164062,415250
2018-08-30,BAFL,52.727272033691406,52.727272033691406,51.95454406738281,52.063636779785156,27.69214630126953,1861750
2018-08-31,BAFL,52.272727966308594,52.5,51.59090805053711,51.890907287597656,27.600276947021484,1091750
2018-09-03,BAFL,51.59090805053711,51.818180084228516,50.909088134765625,51.3272705078125,27.300479888916016,972400
2018-09-04,BAFL,51.35454559326172,51.818180084228516,51.1363639831543,51.70000076293945,27.498729705810547,322300
2018-09-05,BAFL,51.70000076293945,51.818180084228516,51.3636360168457,51.44545364379883,27.363344192504883,3246650
2018-09-06,BAFL,51.54545211791992,51.818180084228516,51.19091033935547,51.45454406738281,27.3681697845459,575850
2018-09-07,BAFL,51.02727127075195,51.3636360168457,50.68181610107422,51.11817932128906,27.189268112182617,95700
2018-09-10,BAFL,50.909088134765625,50.909088134765625,49.318180084228516,50.6363639831543,26.9329891204834,1887600
2018-09-11,BAFL,52.18181610107422,52.18181610107422,50.59090805053711,50.918182373046875,27.0828914642334,673200
2018-09-12,BAFL,50.918182373046875,51.0,50.1363639831543,50.92727279663086,27.087724685668945,3691600
2018-09-13,BAFL,51.727272033691406,52.6363639831543,50.727272033691406,50.890907287597656,27.068384170532227,777700
2018-09-14,BAFL,51.0,51.25,48.04999923706055,49.08000183105469,26.364208221435547,949500
2018-09-17,BAFL,48.54999923706055,49.439998626708984,48.0,48.91999816894531,26.27825927734375,232500
2018-09-18,BAFL,50.4900016784668,50.4900016784668,49.400001525878906,50.0,26.8584041595459,221000
2018-09-19,BAFL,49.9900016784668,50.0,49.5,50.0,26.8584041595459,968000
2018-09-20,BAFL,50.0,50.0,50.0,50.0,26.8584041595459,0
2018-09-21,BAFL,50.0,50.0,50.0,50.0,26.8584041595459,0
2018-09-24,BAFL,50.0,50.0,49.31999969482422,49.52000045776367,26.600553512573242,394000
2018-09-25,BAFL,49.599998474121094,51.7400016784668,48.9900016784668,50.279998779296875,27.008804321289062,165000
2018-09-26,BAFL,49.20000076293945,49.5,48.70000076293945,49.5,26.589815139770508,308000
2018-09-27,BAFL,48.52000045776367,49.5,48.0,49.2400016784668,26.45015525817871,274500
2018-09-28,BAFL,49.0,50.0,48.79999923706055,49.63999938964844,26.66501808166504,1045500
2018-10-01,BAFL,50.0099983215332,50.47999954223633,49.400001525878906,50.04999923706055,26.8852596282959,465500
2018-10-02,BAFL,50.0,50.5,48.880001068115234,49.09000015258789,26.369577407836914,5652000
2018-10-03,BAFL,49.5,49.900001525878906,48.0,48.38999938964844,25.99355697631836,2380500
2018-10-04,BAFL,47.70000076293945,48.29999923706055,47.4900016784668,47.52000045776367,25.526227951049805,324500
2018-10-05,BAFL,47.5,48.36000061035156,47.0,47.58000183105469,25.558456420898438,218000
2018-10-08,BAFL,47.099998474121094,49.95000076293945,45.68000030517578,46.88999938964844,25.18780517578125,648000
2018-10-09,BAFL,47.11000061035156,48.04999923706055,46.970001220703125,47.88999938964844,25.724973678588867,822500
2018-10-10,BAFL,47.099998474121094,49.5,47.099998474121094,49.0099983215332,26.326608657836914,149500
2018-10-11,BAFL,48.20000076293945,49.5,47.54999923706055,48.7599983215332,26.192310333251953,2830500
2018-10-12,BAFL,48.02000045776367,48.099998474121094,47.0,47.5099983215332,25.52085304260254,4101500
2018-10-15,BAFL,46.9900016784668,47.0,45.5,46.33000183105469,24.886987686157227,904500
2018-10-16,BAFL,47.0,47.0,45.0,46.0099983215332,24.7150936126709,626000
2018-10-17,BAFL,46.84000015258789,48.0,46.79999923706055,47.310001373291016,25.413419723510742,812500
2018-10-18,BAFL,47.0,47.79999923706055,46.29999923706055,46.63999938964844,25.053512573242188,868000
2018-10-19,BAFL,46.79999923706055,48.5,46.0,48.0099983215332,25.78943634033203,364000
2018-10-22,BAFL,48.04999923706055,49.0,48.0,48.279998779296875,25.934473037719727,296500
2018-10-23,BAFL,47.7599983215332,48.5,46.75,46.9900016784668,25.24152946472168,178000
2018-10-24,BAFL,47.95000076293945,49.25,47.95000076293945,48.65999984741211,26.138595581054688,1529000
2018-10-25,BAFL,47.68000030517578,50.0,47.68000030517578,49.25,26.455524444580078,589500
2018-10-26,BAFL,49.900001525878906,50.5,49.0,50.08000183105469,26.901378631591797,1868500
2018-10-29,BAFL,50.900001525878906,52.0,50.5,51.41999816894531,27.621179580688477,615000
2018-10-30,BAFL,52.0,53.0,50.70000076293945,52.0,27.9327335357666,1340500
2018-10-31,BAFL,51.400001525878906,52.5,50.77000045776367,52.22999954223633,28.056283950805664,196000
2018-11-01,BAFL,52.0,52.0,51.150001525878906,51.869998931884766,27.862905502319336,3233000
2018-11-02,BAFL,51.61000061035156,53.95000076293945,51.11000061035156,52.470001220703125,28.185205459594727,1489000
2018-11-05,BAFL,52.0,52.0,50.5099983215332,51.29999923706055,27.556716918945312,371500
2018-11-06,BAFL,51.29999923706055,51.70000076293945,50.4900016784668,50.939998626708984,27.363340377807617,310000
2018-11-07,BAFL,52.0,53.0,51.25,51.45000076293945,27.63729476928711,1829000
2018-11-08,BAFL,51.4900016784668,51.4900016784668,50.36000061035156,50.91999816894531,27.35259246826172,1710000
2018-11-09,BAFL,50.88999938964844,51.5,50.5099983215332,51.130001068115234,27.46539878845215,1145000
2018-11-12,BAFL,51.150001525878906,51.95000076293945,50.54999923706055,50.58000183105469,27.169954299926758,206500
2018-11-13,BAFL,50.0099983215332,51.45000076293945,50.0099983215332,51.0,27.395566940307617,106000
2018-11-14,BAFL,51.0,51.5,50.52000045776367,50.75,27.261272430419922,2347000
2018-11-15,BAFL,51.0,51.5,50.5,51.0,27.395566940307617,1207500
2018-11-16,BAFL,51.470001220703125,51.4900016784668,50.29999923706055,50.66999816894531,27.21830177307129,2389000
2018-11-19,BAFL,50.52000045776367,50.52000045776367,50.02000045776367,50.5,27.12698745727539,930000
2018-11-20,BAFL,50.02000045776367,50.63999938964844,50.02000045776367,50.45000076293945,27.10012435913086,123000
2018-11-21,BAFL,50.45000076293945,50.45000076293945,50.45000076293945,50.45000076293945,27.10012435913086,0
2018-11-22,BAFL,50.2599983215332,50.29999923706055,49.599998474121094,49.75,26.724105834960938,1152500
2018-11-23,BAFL,49.75,50.099998474121094,49.599998474121094,49.79999923706055,26.75096893310547,2604000
2018-11-26,BAFL,50.0,52.290000915527344,49.439998626708984,49.959999084472656,26.836910247802734,598500
2018-11-27,BAFL,49.810001373291016,50.38999938964844,49.79999923706055,49.959999084472656,26.836910247802734,573500
2018-11-28,BAFL,50.08000183105469,50.08000183105469,49.5,49.599998474121094,26.64353370666504,340500
2018-11-29,BAFL,50.0,50.0,49.29999923706055,49.66999816894531,26.681135177612305,371500
2018-11-30,BAFL,49.849998474121094,50.9900016784668,49.5,50.06999969482422,26.895999908447266,493500
2018-12-03,BAFL,51.0,51.38999938964844,49.400001525878906,49.81999969482422,26.7617130279541,1853000
2018-12-04,BAFL,50.349998474121094,50.349998474121094,49.4900016784668,49.529998779296875,26.60593032836914,1478000
2018-12-05,BAFL,49.310001373291016,49.79999923706055,48.5,49.439998626708984,26.557588577270508,428500
2018-12-06,BAFL,49.0,49.25,47.310001373291016,48.06999969482422,25.821664810180664,1089000
2018-12-07,BAFL,48.400001525878906,49.400001525878906,48.20000076293945,48.61000061035156,26.11173439025879,527000
2018-12-10,BAFL,49.47999954223633,49.779998779296875,49.0,49.15999984741211,26.40717887878418,269000
2018-12-11,BAFL,48.70000076293945,49.0,47.75,48.2599983215332,25.923730850219727,1255000
2018-12-12,BAFL,48.38999938964844,48.400001525878906,47.400001525878906,47.599998474121094,25.569198608398438,1463500
2018-12-13,BAFL,47.599998474121094,47.75,46.04999923706055,46.97999954223633,25.236154556274414,892500
2018-12-14,BAFL,47.0,48.0099983215332,47.0,47.90999984741211,25.735721588134766,1425500
2018-12-17,BAFL,47.79999923706055,48.0,47.060001373291016,47.599998474121094,25.569198608398438,134000
2018-12-18,BAFL,47.599998474121094,47.95000076293945,46.0,46.95000076293945,25.22003936767578,324000
2018-12-19,BAFL,46.5099983215332,47.0,46.099998474121094,46.689998626708984,25.08037567138672,1226000
2018-12-20,BAFL,46.70000076293945,47.0,45.75,46.099998474121094,24.763446807861328,803000
2018-12-21,BAFL,45.599998474121094,46.70000076293945,45.5,46.33000183105469,24.886987686157227,1077500
2018-12-24,BAFL,45.560001373291016,46.400001525878906,45.560001373291016,45.9900016784668,24.704355239868164,2312000
2018-12-25,BAFL,45.9900016784668,45.9900016784668,45.9900016784668,45.9900016784668,24.704355239868164,0
2018-12-26,BAFL,45.9900016784668,46.0,45.54999923706055,45.86000061035156,24.634521484375,324000
2018-12-27,BAFL,45.5,45.849998474121094,43.56999969482422,43.869998931884766,23.56555938720703,7214500
2018-12-28,BAFL,42.9900016784668,44.7400016784668,41.68000030517578,42.33000183105469,22.73832130432129,10802500
2018-12-31,BAFL,42.38999938964844,43.45000076293945,40.220001220703125,40.59000015258789,21.80364990234375,11564000
2019-01-01,BAFL,40.9900016784668,42.61000061035156,40.97999954223633,42.61000061035156,22.888729095458984,2584000
2019-01-02,BAFL,43.400001525878906,44.7400016784668,43.400001525878906,44.7400016784668,24.032896041870117,2950500
2019-01-03,BAFL,44.29999923706055,45.75,43.61000061035156,45.20000076293945,24.279996871948242,989000
2019-01-04,BAFL,45.29999923706055,46.20000076293945,45.2599983215332,45.86000061035156,24.634521484375,855000
2019-01-07,BAFL,46.5,48.0,46.099998474121094,47.02000045776367,25.257640838623047,843500
2019-01-08,BAFL,47.02000045776367,47.9900016784668,46.13999938964844,47.2400016784668,25.375816345214844,1593000
2019-01-09,BAFL,47.060001373291016,47.20000076293945,46.5,47.0099983215332,25.25226593017578,301500
2019-01-10,BAFL,47.25,47.25,46.560001373291016,46.880001068115234,25.182435989379883,53000
2019-01-11,BAFL,46.529998779296875,47.61000061035156,46.529998779296875,47.400001525878906,25.46176528930664,698500
2019-01-14,BAFL,47.04999923706055,48.0,47.0,47.56999969482422,25.55307960510254,563500
2019-01-15,BAFL,46.130001068115234,48.25,46.119998931884766,47.7400016784668,25.644397735595703,868500
2019-01-16,BAFL,47.79999923706055,47.79999923706055,46.70000076293945,47.04999923706055,25.273754119873047,340000
2019-01-17,BAFL,47.5,47.5,46.20000076293945,46.93000030517578,25.209293365478516,1029000
2019-01-18,BAFL,46.0099983215332,47.79999923706055,46.0099983215332,47.400001525878906,25.46176528930664,654000
2019-01-21,BAFL,47.400001525878906,48.0,47.400001525878906,47.810001373291016,25.6820011138916,1506000
2019-01-22,BAFL,47.79999923706055,48.400001525878906,47.5,48.290000915527344,25.939834594726562,785500
2019-01-23,BAFL,48.900001525878906,49.0099983215332,48.29999923706055,48.369998931884766,25.982820510864258,840000
2019-01-24,BAFL,50.0,50.099998474121094,48.25,48.70000076293945,26.16008186340332,1296500
2019-01-25,BAFL,49.220001220703125,49.400001525878906,48.5,48.66999816894531,26.143962860107422,795500
2019-01-28,BAFL,48.849998474121094,48.9900016784668,48.099998474121094,48.349998474121094,25.972068786621094,593000
2019-01-29,BAFL,48.0099983215332,48.4900016784668,47.5,48.27000045776367,25.92910385131836,169000
2019-01-30,BAFL,48.0,48.02000045776367,47.88999938964844,47.90999984741211,25.735721588134766,144500
2019-01-31,BAFL,47.5099983215332,48.95000076293945,47.5,48.900001525878906,26.26750946044922,102500
2019-02-01,BAFL,49.349998474121094,50.4900016784668,49.099998474121094,50.18000030517578,26.955087661743164,726500
2019-02-04,BAFL,50.9900016784668,51.45000076293945,50.54999923706055,50.70000076293945,27.234413146972656,617500
2019-02-05,BAFL,50.70000076293945,50.70000076293945,50.70000076293945,50.70000076293945,27.234413146972656,0
2019-02-06,BAFL,50.209999084472656,50.5,50.15999984741211,50.38999938964844,27.067890167236328,736500
2019-02-07,BAFL,50.0,50.900001525878906,49.900001525878906,50.56999969482422,27.164581298828125,254500
2019-02-08,BAFL,49.099998474121094,50.0099983215332,48.5,49.189998626708984,26.423295974731445,759500
2019-02-11,BAFL,49.9900016784668,50.4900016784668,47.29999923706055,47.939998626708984,25.751829147338867,917000
2019-02-12,BAFL,48.0099983215332,48.970001220703125,47.02000045776367,47.86000061035156,25.708860397338867,1657000
2019-02-13,BAFL,48.47999954223633,48.900001525878906,47.9900016784668,48.650001525878906,26.133220672607422,1407500
2019-02-14,BAFL,48.060001373291016,48.20000076293945,47.79999923706055,47.95000076293945,25.7572021484375,229500
2019-02-15,BAFL,48.5,49.5,48.0,49.02000045776367,26.331974029541016,424500
2019-02-18,BAFL,48.9900016784668,49.02000045776367,47.540000915527344,48.209999084472656,25.896867752075195,65000
2019-02-19,BAFL,48.25,48.25,47.0,47.099998474121094,25.300615310668945,700000
2019-02-20,BAFL,47.0,48.97999954223633,46.75,48.88999938964844,26.262149810791016,1298000
2019-02-21,BAFL,49.25,50.0,48.45000076293945,49.20000076293945,26.428665161132812,1099500
2019-02-22,BAFL,51.0,51.0,48.11000061035156,48.88999938964844,26.262149810791016,682000
2019-02-25,BAFL,48.5,48.7400016784668,48.150001525878906,48.279998779296875,25.934473037719727,156000
2019-02-26,BAFL,48.20000076293945,48.20000076293945,47.5,47.97999954223633,25.77332878112793,133500
2019-02-27,BAFL,48.0,48.099998474121094,45.59000015258789,47.95000076293945,25.7572021484375,894500
2019-02-28,BAFL,48.70000076293945,49.0,47.5,48.45000076293945,26.025798797607422,686000
2019-03-01,BAFL,48.47999954223633,48.5,47.75,48.06999969482422,25.821664810180664,3612500
2019-03-04,BAFL,48.650001525878906,48.900001525878906,47.150001525878906,48.04999923706055,25.810924530029297,438500
2019-03-05,BAFL,48.04999923706055,48.45000076293945,47.70000076293945,48.189998626708984,25.886131286621094,241000
2019-03-06,BAFL,48.0,48.5,47.599998474121094,48.33000183105469,25.96133041381836,212500
2019-03-07,BAFL,48.02000045776367,48.099998474121094,47.72999954223633,47.77000045776367,25.660520553588867,81500
2019-03-08,BAFL,47.65999984741211,47.77000045776367,46.5,46.619998931884766,25.04277801513672,268000
2019-03-11,BAFL,47.0,47.0,46.650001525878906,46.779998779296875,25.128719329833984,313500
2019-03-12,BAFL,46.0,46.5099983215332,45.5,46.2400016784668,24.83864402770996,68500
2019-03-13,BAFL,46.0099983215332,46.79999923706055,46.0,46.5099983215332,24.983684539794922,762000
2019-03-14,BAFL,46.5,46.5099983215332,46.47999954223633,46.47999954223633,24.96756935119629,339500
2019-03-15,BAFL,46.0,46.9900016784668,45.5,45.709999084472656,24.5539493560791,3821000
2019-03-18,BAFL,46.5099983215332,46.75,45.0,45.97999954223633,24.69898223876953,829500
2019-03-19,BAFL,45.0,45.599998474121094,45.0,45.5,24.84642219543457,1562500
2019-03-20,BAFL,45.0099983215332,45.9900016784668,45.0099983215332,45.939998626708984,25.086700439453125,399500
2019-03-21,BAFL,45.54999923706055,46.400001525878906,45.5,46.27000045776367,25.26690673828125,530000
2019-03-22,BAFL,46.0,47.88999938964844,46.0,47.59000015258789,25.987722396850586,1864500
2019-03-25,BAFL,47.0,48.0,46.5,46.90999984741211,25.616392135620117,2256000
2019-03-26,BAFL,47.9900016784668,47.9900016784668,46.630001068115234,47.0,25.66553497314453,2185500
2019-03-27,BAFL,47.0,47.849998474121094,46.75,47.279998779296875,25.818439483642578,729500
2019-03-28,BAFL,46.9900016784668,47.25,45.150001525878906,46.150001525878906,25.201372146606445,661000
2019-03-29,BAFL,45.65999984741211,48.0,45.54999923706055,47.06999969482422,25.703763961791992,1329500
2019-04-01,BAFL,47.0,48.0,46.599998474121094,47.619998931884766,26.004106521606445,223500
2019-04-02,BAFL,47.9900016784668,47.9900016784668,46.0,46.66999816894531,25.485334396362305,1250500
2019-04-03,BAFL,46.5,47.9900016784668,44.650001525878906,46.040000915527344,25.141307830810547,1219000
2019-04-04,BAFL,46.099998474121094,46.150001525878906,44.310001373291016,44.709999084472656,24.41502571105957,536000
2019-04-05,BAFL,44.5,45.5,44.4900016784668,44.869998931884766,24.502395629882812,356000
2019-04-08,BAFL,44.25,44.849998474121094,43.900001525878906,44.5,24.300352096557617,469000
2019-04-09,BAFL,44.5,46.099998474121094,43.959999084472656,45.04999923706055,24.600690841674805,636500
2019-04-10,BAFL,45.5,46.099998474121094,43.5,43.779998779296875,23.907175064086914,959500
2019-04-11,BAFL,44.0,45.0099983215332,43.5,44.20000076293945,24.136531829833984,968500
2019-04-12,BAFL,44.25,45.47999954223633,44.0099983215332,44.63999938964844,24.376794815063477,698000
2019-04-15,BAFL,44.5,45.5,44.5,45.279998779296875,24.726285934448242,4118000
2019-04-16,BAFL,45.349998474121094,45.5,45.0,45.0099983215332,24.5788516998291,771500
2019-04-17,BAFL,45.0,45.5,44.25,44.310001373291016,24.196598052978516,700500
2019-04-18,BAFL,44.900001525878906,45.0,44.099998474121094,44.38999938964844,24.240285873413086,562000
2019-04-19,BAFL,44.5,45.68000030517578,44.0,44.45000076293945,24.273048400878906,1406000
2019-04-22,BAFL,44.5,44.79999923706055,43.900001525878906,44.040000915527344,24.049156188964844,445500
2019-04-23,BAFL,44.0,44.470001220703125,43.5,43.95000076293945,24.000009536743164,249000
2019-04-24,BAFL,44.0,44.869998931884766,43.540000915527344,43.849998474121094,23.945398330688477,1464500
2019-04-25,BAFL,44.5,45.0,44.11000061035156,44.63999938964844,24.376794815063477,642500
2019-04-26,BAFL,45.18000030517578,46.0,44.400001525878906,44.869998931884766,24.502395629882812,754500
2019-04-29,BAFL,45.0,45.400001525878906,44.79999923706055,45.0,24.57339096069336,400000
2019-04-30,BAFL,45.0,45.400001525878906,43.5099983215332,44.209999084472656,24.141984939575195,1000000
2019-05-01,BAFL,44.209999084472656,44.209999084472656,44.209999084472656,44.209999084472656,24.141984939575195,0
2019-05-02,BAFL,43.849998474121094,44.02000045776367,43.849998474121094,44.0,24.027315139770508,126500
2019-05-03,BAFL,44.0,44.0,44.0,44.0,24.027315139770508,0
2019-05-06,BAFL,43.29999923706055,44.95000076293945,43.29999923706055,44.540000915527344,24.32219886779785,1237500
2019-05-07,BAFL,44.95000076293945,45.70000076293945,44.52000045776367,45.060001373291016,24.60615348815918,1967500
2019-05-08,BAFL,45.900001525878906,46.5099983215332,44.209999084472656,45.25,24.709903717041016,433500
2019-05-09,BAFL,45.25,45.5,45.0,45.0,24.57339096069336,126500
2019-05-10,BAFL,44.619998931884766,45.0099983215332,44.06999969482422,44.54999923706055,24.327659606933594,97000
2019-05-13,BAFL,44.95000076293945,45.0,43.099998474121094,43.33000183105469,23.661439895629883,749000
2019-05-14,BAFL,43.29999923706055,44.0,43.29999923706055,43.88999938964844,23.967243194580078,268000
2019-05-15,BAFL,44.439998626708984,45.900001525878906,44.20000076293945,44.81999969482422,24.475093841552734,858000
2019-05-16,BAFL,45.470001220703125,45.47999954223633,44.0,44.41999816894531,24.25666046142578,590500
2019-05-17,BAFL,43.529998779296875,45.0,43.5,44.38999938964844,24.240285873413086,236500
2019-05-20,BAFL,44.5,45.099998474121094,43.900001525878906,44.79999923706055,24.464174270629883,628500
2019-05-21,BAFL,45.25,47.0,44.5099983215332,45.68000030517578,24.944719314575195,3727000
2019-05-22,BAFL,45.68000030517578,46.2599983215332,44.75,45.150001525878906,24.655298233032227,7657000
2019-05-23,BAFL,45.150001525878906,46.900001525878906,45.150001525878906,46.619998931884766,25.458032608032227,7364500
2019-05-24,BAFL,46.599998474121094,46.900001525878906,45.90999984741211,46.439998626708984,25.359739303588867,476000
2019-05-27,BAFL,47.4900016784668,47.4900016784668,45.61000061035156,46.689998626708984,25.496257781982422,359500
2019-05-28,BAFL,46.0,46.150001525878906,45.25,45.970001220703125,25.10308265686035,298500
2019-05-29,BAFL,45.970001220703125,45.970001220703125,45.970001220703125,45.970001220703125,25.10308265686035,0
2019-05-30,BAFL,47.5,48.95000076293945,47.29999923706055,47.349998474121094,25.856664657592773,819500
2019-05-31,BAFL,47.349998474121094,47.349998474121094,47.349998474121094,47.349998474121094,25.856664657592773,0
2019-06-03,BAFL,46.5,47.0,46.5,46.72999954223633,25.518098831176758,500000
2019-06-04,BAFL,46.72999954223633,46.72999954223633,46.72999954223633,46.72999954223633,25.518098831176758,0
2019-06-05,BAFL,46.72999954223633,46.72999954223633,46.72999954223633,46.72999954223633,25.518098831176758,0
2019-06-06,BAFL,46.72999954223633,46.72999954223633,46.72999954223633,46.72999954223633,25.518098831176758,0
2019-06-07,BAFL,46.72999954223633,46.72999954223633,46.72999954223633,46.72999954223633,25.518098831176758,0
2019-06-10,BAFL,46.5,46.650001525878906,45.0,45.099998474121094,24.62799644470215,421000
2019-06-11,BAFL,45.099998474121094,45.5,44.5,44.9900016784668,24.567928314208984,370500
2019-06-12,BAFL,45.0,45.20000076293945,44.75,44.939998626708984,24.54062271118164,367000
2019-06-13,BAFL,45.25,45.9900016784668,45.0,45.47999954223633,24.83550262451172,455500
2019-06-14,BAFL,45.5,46.9900016784668,45.11000061035156,45.75,24.982940673828125,428500
2019-06-17,BAFL,45.599998474121094,46.20000076293945,45.099998474121094,45.290000915527344,24.73175048828125,344000
2019-06-18,BAFL,45.900001525878906,45.900001525878906,44.95000076293945,44.970001220703125,24.55699920654297,1125500
2019-06-19,BAFL,45.0,45.0,44.52000045776367,44.630001068115234,24.3713436126709,356500
2019-06-20,BAFL,44.599998474121094,45.099998474121094,44.599998474121094,44.95000076293945,24.54608154296875,220000
2019-06-21,BAFL,45.0,45.38999938964844,44.5099983215332,45.060001373291016,24.60615348815918,835000
2019-06-24,BAFL,45.900001525878906,45.900001525878906,44.5,44.5,24.300352096557617,47500
2019-06-25,BAFL,44.5,45.0,43.900001525878906,43.970001220703125,24.01093292236328,252500
2019-06-26,BAFL,44.5,46.150001525878906,43.400001525878906,44.25,24.16383171081543,757500
2019-06-27,BAFL,45.25,46.45000076293945,43.0,43.9900016784668,24.021854400634766,1172500
2019-06-28,BAFL,43.41999816894531,44.0,43.0099983215332,43.59000015258789,23.803421020507812,1013500
2019-07-01,BAFL,43.25,43.9900016784668,43.25,43.709999084472656,23.86894989013672,147500
2019-07-02,BAFL,43.5,44.0099983215332,43.5,43.81999969482422,23.92902183532715,103500
2019-07-03,BAFL,44.0,44.20000076293945,43.61000061035156,43.83000183105469,23.934480667114258,473000
2019-07-04,BAFL,44.349998474121094,44.47999954223633,43.54999923706055,43.599998474121094,23.808879852294922,303000
2019-07-05,BAFL,43.02000045776367,43.599998474121094,43.0099983215332,43.119998931884766,23.54676628112793,279500
2019-07-08,BAFL,43.25,43.25,42.97999954223633,42.9900016784668,23.47578239440918,143000
2019-07-09,BAFL,43.0,43.099998474121094,42.75,42.9900016784668,23.47578239440918,146500
2019-07-10,BAFL,42.52000045776367,43.0,42.5099983215332,42.9900016784668,23.47578239440918,12000
2019-07-11,BAFL,43.650001525878906,44.0,43.0,43.279998779296875,23.634140014648438,640000
2019-07-12,BAFL,43.0,43.279998779296875,42.75,42.75,23.344717025756836,641000
2019-07-15,BAFL,42.5,42.5,41.400001525878906,41.849998474121094,22.853254318237305,799500
2019-07-16,BAFL,42.0,42.88999938964844,41.54999923706055,41.83000183105469,22.842327117919922,529000
2019-07-17,BAFL,42.2599983215332,42.869998931884766,41.75,41.970001220703125,22.918785095214844,132000
2019-07-18,BAFL,42.4900016784668,43.900001525878906,41.20000076293945,41.20000076293945,22.4982967376709,499500
2019-07-19,BAFL,41.5,43.189998626708984,40.29999923706055,41.65999984741211,22.749500274658203,1187000
2019-07-22,BAFL,42.5,42.5,41.0,41.22999954223633,22.514684677124023,91500
2019-07-23,BAFL,41.5,41.5,40.849998474121094,40.95000076293945,22.361783981323242,113500
2019-07-24,BAFL,41.0,41.20000076293945,40.02000045776367,40.630001068115234,22.187040328979492,1264000
2019-07-25,BAFL,40.400001525878906,41.5,40.400001525878906,40.720001220703125,22.236186981201172,227000
2019-07-26,BAFL,40.70000076293945,41.900001525878906,40.5,40.810001373291016,22.28533363342285,88000
2019-07-29,BAFL,40.5,40.5,39.25,39.56999969482422,21.608196258544922,209500
2019-07-30,BAFL,39.0099983215332,40.970001220703125,39.0,40.11000061035156,21.9030818939209,1148500
2019-07-31,BAFL,40.0,41.88999938964844,39.29999923706055,40.40999984741211,22.066904067993164,930500
2019-08-01,BAFL,40.25,40.88999938964844,40.25,40.560001373291016,22.148813247680664,61000
2019-08-02,BAFL,40.150001525878906,40.75,39.75,40.61000061035156,22.176118850708008,286000
2019-08-05,BAFL,40.0,40.0,39.25,39.459999084472656,21.548128128051758,75000
2019-08-06,BAFL,39.0,39.5,39.0,39.41999816894531,21.526287078857422,16500
2019-08-07,BAFL,39.41999816894531,39.41999816894531,39.41999816894531,39.41999816894531,21.526287078857422,0
2019-08-08,BAFL,37.0,37.0099983215332,36.20000076293945,36.72999954223633,20.057344436645508,1238000
2019-08-09,BAFL,36.9900016784668,37.9900016784668,36.4900016784668,36.5,19.931745529174805,912500
2019-08-12,BAFL,36.5,36.5,36.5,36.5,19.931745529174805,0
2019-08-13,BAFL,36.5,36.5,36.5,36.5,19.931745529174805,0
2019-08-14,BAFL,36.5,36.5,36.5,36.5,19.931745529174805,0
2019-08-15,BAFL,36.5,36.5,36.5,36.5,19.931745529174805,0
2019-08-16,BAFL,35.25,37.79999923706055,34.720001220703125,36.75,20.06826400756836,570500
2019-08-19,BAFL,37.25,38.58000183105469,37.25,38.5099983215332,21.029356002807617,749000
2019-08-20,BAFL,38.70000076293945,40.43000030517578,38.70000076293945,39.869998931884766,21.77202033996582,1778500
2019-08-21,BAFL,40.20000076293945,40.400001525878906,39.25,39.779998779296875,21.72287368774414,1535000
2019-08-22,BAFL,40.849998474121094,41.7599983215332,40.0,41.7599983215332,22.804101943969727,1180500
2019-08-23,BAFL,42.4900016784668,42.5,40.650001525878906,40.97999954223633,22.378164291381836,1063000
2019-08-26,BAFL,40.9900016784668,42.4900016784668,40.20000076293945,41.15999984741211,22.476459503173828,634000
2019-08-27,BAFL,41.20000076293945,41.75,40.54999923706055,41.11000061035156,22.449155807495117,713000
2019-08-28,BAFL,40.970001220703125,42.4900016784668,40.70000076293945,41.400001525878906,22.607515335083008,2206500
2019-08-29,BAFL,41.400001525878906,42.0,40.150001525878906,40.290000915527344,22.001375198364258,400000
2019-08-30,BAFL,40.25,40.75,39.5,39.70000076293945,21.679187774658203,243000
2019-09-02,BAFL,40.0,41.0,39.709999084472656,40.90999984741211,22.33993911743164,366000
2019-09-03,BAFL,41.0,41.400001525878906,40.54999923706055,40.95000076293945,22.361783981323242,283000
2019-09-04,BAFL,40.04999923706055,42.0,39.599998474121094,40.68000030517578,22.214344024658203,1570500
2019-09-05,BAFL,39.0,39.95000076293945,39.0,39.369998931884766,22.040790557861328,171000
2019-09-06,BAFL,40.97999954223633,40.97999954223633,39.0,39.61000061035156,22.175153732299805,135500
2019-09-09,BAFL,39.61000061035156,39.61000061035156,39.61000061035156,39.61000061035156,22.175153732299805,0
2019-09-10,BAFL,39.61000061035156,39.61000061035156,39.61000061035156,39.61000061035156,22.175153732299805,0
2019-09-11,BAFL,39.70000076293945,40.54999923706055,39.70000076293945,40.5099983215332,22.67901039123535,435500
2019-09-12,BAFL,40.5099983215332,42.47999954223633,40.5099983215332,41.380001068115234,23.16606903076172,2541500
2019-09-13,BAFL,41.0,41.38999938964844,40.400001525878906,40.529998779296875,22.690204620361328,693500
2019-09-16,BAFL,40.75,41.0,40.400001525878906,40.790000915527344,22.83576011657715,298500
2019-09-17,BAFL,40.75,41.0,40.119998931884766,40.59000015258789,22.72379493713379,164000
2019-09-18,BAFL,40.599998474121094,40.599998474121094,39.380001068115234,39.709999084472656,22.231136322021484,858500
2019-09-19,BAFL,39.5,40.70000076293945,39.45000076293945,39.790000915527344,22.275928497314453,894000
2019-09-20,BAFL,39.75,40.97999954223633,39.599998474121094,40.529998779296875,22.690204620361328,978000
2019-09-23,BAFL,40.25,41.0,40.25,40.59000015258789,22.72379493713379,130000
2019-09-24,BAFL,40.5,41.47999954223633,40.0,41.150001525878906,23.03730583190918,1676000
2019-09-25,BAFL,41.0,41.0099983215332,40.2599983215332,40.439998626708984,22.639814376831055,541000
2019-09-26,BAFL,40.060001373291016,40.29999923706055,39.060001373291016,39.38999938964844,22.05198860168457,601500
2019-09-27,BAFL,39.0099983215332,40.400001525878906,39.0099983215332,40.29999923706055,22.561439514160156,193000
2019-09-30,BAFL,40.900001525878906,41.400001525878906,40.310001373291016,40.939998626708984,22.91973304748535,368000
2019-10-01,BAFL,40.599998474121094,41.5099983215332,40.06999969482422,41.2599983215332,23.09888458251953,178000
2019-10-02,BAFL,41.0,42.20000076293945,40.5,42.0,23.513166427612305,901000
2019-10-03,BAFL,41.95000076293945,42.5,41.95000076293945,42.45000076293945,23.765092849731445,2989500
2019-10-04,BAFL,42.880001068115234,43.04999923706055,41.5,42.83000183105469,23.977825164794922,1389000
2019-10-07,BAFL,42.209999084472656,44.400001525878906,42.0,44.11000061035156,24.694419860839844,1212000
2019-10-08,BAFL,44.0,44.88999938964844,43.45000076293945,44.130001068115234,24.705615997314453,493000
2019-10-09,BAFL,43.900001525878906,45.0,43.70000076293945,44.63999938964844,24.99112892150879,419000
2019-10-10,BAFL,44.150001525878906,44.5,43.29999923706055,43.779998779296875,24.509675979614258,3008500
2019-10-11,BAFL,43.849998474121094,45.099998474121094,43.599998474121094,44.61000061035156,24.97433853149414,4641000
2019-10-14,BAFL,44.0099983215332,45.470001220703125,44.0,44.290000915527344,24.79518699645996,454500
2019-10-15,BAFL,44.150001525878906,44.290000915527344,43.29999923706055,43.77000045776367,24.504077911376953,284500
2019-10-16,BAFL,43.79999923706055,44.25,43.5,43.900001525878906,24.576852798461914,339000
2019-10-17,BAFL,43.779998779296875,44.0,43.5,43.56999969482422,24.392108917236328,156500
2019-10-18,BAFL,43.2599983215332,44.0,42.75,43.27000045776367,24.224159240722656,658500
2019-10-21,BAFL,43.75,43.75,42.5,42.65999984741211,23.88265609741211,160000
2019-10-22,BAFL,43.22999954223633,43.47999954223633,42.0,42.20000076293945,23.625137329101562,314500
2019-10-23,BAFL,42.4900016784668,42.4900016784668,41.9900016784668,42.099998474121094,23.56914710998535,241000
2019-10-24,BAFL,42.25,43.0,42.25,42.68000030517578,23.89385223388672,980000
2019-10-25,BAFL,42.900001525878906,43.2400016784668,42.70000076293945,42.900001525878906,24.01702117919922,308500
2019-10-28,BAFL,42.70000076293945,42.70000076293945,42.16999816894531,42.290000915527344,23.675518035888672,223500
2019-10-29,BAFL,42.29999923706055,42.29999923706055,41.79999923706055,41.79999923706055,23.401193618774414,389500
2019-10-30,BAFL,41.79999923706055,41.79999923706055,41.25,41.5,23.233243942260742,295000
2019-10-31,BAFL,41.79999923706055,41.900001525878906,41.36000061035156,41.5,23.233243942260742,1141000
2019-11-01,BAFL,41.119998931884766,43.56999969482422,41.11000061035156,42.689998626708984,23.899452209472656,127500
2019-11-04,BAFL,42.75,43.0,42.75,42.880001068115234,24.00581932067871,932000
2019-11-05,BAFL,43.4900016784668,43.4900016784668,41.75,42.630001068115234,23.865861892700195,490000
2019-11-06,BAFL,42.97999954223633,43.54999923706055,42.5,43.150001525878906,24.156980514526367,314000
2019-11-07,BAFL,43.4900016784668,43.4900016784668,42.939998626708984,43.2599983215332,24.21855926513672,240500
2019-11-08,BAFL,42.900001525878906,43.4900016784668,42.54999923706055,43.040000915527344,24.095394134521484,371000
2019-11-11,BAFL,43.20000076293945,45.0,42.90999984741211,44.63999938964844,24.99112892150879,807500
2019-11-12,BAFL,44.5,44.849998474121094,44.0,44.4900016784668,24.90715789794922,174500
2019-11-13,BAFL,44.0,45.900001525878906,43.75,44.630001068115234,24.98554039001465,3353000
2019-11-14,BAFL,44.9900016784668,46.0,44.0,44.709999084472656,25.030323028564453,2863500
2019-11-15,BAFL,45.0,45.25,44.20000076293945,44.59000015258789,24.963144302368164,1418000
2019-11-18,BAFL,45.0,45.689998626708984,44.400001525878906,45.40999984741211,25.422210693359375,4892000
2019-11-19,BAFL,45.63999938964844,46.0,45.0,45.290000915527344,25.355030059814453,1226500
2019-11-20,BAFL,44.709999084472656,45.0,44.400001525878906,44.86000061035156,25.114299774169922,4733500
2019-11-21,BAFL,44.5,44.5,43.29999923706055,44.0,24.632843017578125,1154500
2019-11-22,BAFL,44.20000076293945,44.900001525878906,43.79999923706055,44.34000015258789,24.823184967041016,2797500
2019-11-25,BAFL,44.34000015258789,44.5,43.5,44.36000061035156,24.834379196166992,2629500
2019-11-26,BAFL,44.5,44.900001525878906,43.400001525878906,44.56999969482422,24.95193862915039,1032000
2019-11-27,BAFL,44.4900016784668,45.0,44.099998474121094,44.810001373291016,25.086307525634766,484000
2019-11-28,BAFL,44.20000076293945,45.0,44.20000076293945,44.56999969482422,24.95193862915039,393500
2019-11-29,BAFL,44.27000045776367,45.9900016784668,44.25,45.63999938964844,25.55097198486328,2575000
2019-12-02,BAFL,46.400001525878906,47.91999816894531,45.88999938964844,47.849998474121094,26.7882080078125,5838500
2019-12-03,BAFL,48.5,48.79999923706055,47.5,48.13999938964844,26.950563430786133,4161500
2019-12-04,BAFL,48.150001525878906,48.5,47.5,48.13999938964844,26.950563430786133,593500
2019-12-05,BAFL,48.349998474121094,49.779998779296875,47.54999923706055,48.150001525878906,26.956167221069336,5042000
2019-12-06,BAFL,47.5,48.0,47.25,47.38999938964844,26.530691146850586,1483500
2019-12-09,BAFL,47.25,47.5,47.0,47.20000076293945,26.424318313598633,218000
2019-12-10,BAFL,47.95000076293945,47.9900016784668,46.61000061035156,46.86000061035156,26.233970642089844,355000
2019-12-11,BAFL,46.720001220703125,47.70000076293945,46.5,46.83000183105469,26.217174530029297,5102000
2019-12-12,BAFL,47.22999954223633,47.22999954223633,46.11000061035156,46.720001220703125,26.155595779418945,398000
2019-12-13,BAFL,46.75,47.38999938964844,46.75,46.880001068115234,26.245168685913086,217000
2019-12-16,BAFL,46.5,47.2400016784668,46.25,46.540000915527344,26.054826736450195,2349500
2019-12-17,BAFL,46.52000045776367,46.880001068115234,45.5,46.369998931884766,25.95965576171875,1515500
2019-12-18,BAFL,45.52000045776367,46.5,45.099998474121094,46.34000015258789,25.942867279052734,3107000
2019-12-19,BAFL,46.099998474121094,46.099998474121094,45.5,45.81999969482422,25.651742935180664,258000
2019-12-20,BAFL,46.2400016784668,46.2400016784668,45.5,45.939998626708984,25.718923568725586,627500
2019-12-23,BAFL,45.02000045776367,45.880001068115234,45.0099983215332,45.5,25.472593307495117,1147500
2019-12-24,BAFL,45.45000076293945,46.0,44.52000045776367,45.16999816894531,25.287851333618164,4378000
2019-12-25,BAFL,45.16999816894531,45.16999816894531,45.16999816894531,45.16999816894531,25.287851333618164,0
2019-12-26,BAFL,45.790000915527344,47.2400016784668,45.4900016784668,46.70000076293945,26.144399642944336,2053000
2019-12-27,BAFL,46.5,47.0,45.52000045776367,46.56999969482422,26.071619033813477,847500
2019-12-30,BAFL,46.5,46.599998474121094,45.5,46.27000045776367,25.90367317199707,806500
2019-12-31,BAFL,46.27000045776367,46.27000045776367,45.209999084472656,45.70000076293945,25.584558486938477,912000
2020-01-01,BAFL,45.599998474121094,47.0,45.4900016784668,46.7400016784668,26.16679573059082,1128000
2020-01-02,BAFL,46.7400016784668,48.5,46.7400016784668,48.34000015258789,27.062530517578125,4230000
2020-01-03,BAFL,48.0099983215332,49.0,47.4900016784668,48.290000915527344,27.03453254699707,758000
2020-01-06,BAFL,47.0,47.5,46.70000076293945,47.18000030517578,26.413122177124023,1740500
2020-01-07,BAFL,47.25,48.0,47.15999984741211,47.83000183105469,26.777023315429688,820500
2020-01-08,BAFL,47.5,48.4900016784668,47.0,47.88999938964844,26.810604095458984,1097500
2020-01-09,BAFL,48.45000076293945,50.099998474121094,48.150001525878906,49.58000183105469,27.756731033325195,2794000
2020-01-10,BAFL,49.849998474121094,52.0,49.54999923706055,51.47999954223633,28.82042121887207,4125000
2020-01-13,BAFL,51.79999923706055,54.04999923706055,51.599998474121094,52.9900016784668,29.6657772064209,2466500
2020-01-14,BAFL,52.900001525878906,53.0,52.15999984741211,52.959999084472656,29.64897918701172,320500
2020-01-15,BAFL,52.29999923706055,52.650001525878906,52.25,52.470001220703125,29.37466049194336,389000
2020-01-16,BAFL,52.58000183105469,52.900001525878906,52.25,52.47999954223633,29.3802547454834,1276000
2020-01-17,BAFL,52.880001068115234,52.880001068115234,51.900001525878906,52.27000045776367,29.2627010345459,593000
2020-01-20,BAFL,52.29999923706055,52.95000076293945,51.5,52.79999923706055,29.559412002563477,307000
2020-01-21,BAFL,52.9900016784668,53.02000045776367,52.5099983215332,52.970001220703125,29.65458106994629,569500
2020-01-22,BAFL,52.599998474121094,52.70000076293945,51.5,52.33000183105469,29.296281814575195,748500
2020-01-23,BAFL,52.20000076293945,52.849998474121094,52.0,52.77000045776367,29.542612075805664,308500
2020-01-24,BAFL,52.4900016784668,52.88999938964844,51.70000076293945,52.220001220703125,29.234703063964844,551000
2020-01-27,BAFL,52.5,53.0,51.81999969482422,52.22999954223633,29.240299224853516,370000
2020-01-28,BAFL,52.0,52.0,51.75,51.77000045776367,28.98277473449707,216000
2020-01-29,BAFL,52.0,52.25,51.54999923706055,51.900001525878906,29.055559158325195,218000
2020-01-30,BAFL,51.5,51.9900016784668,50.4900016784668,51.400001525878906,28.775634765625,869500
2020-01-31,BAFL,51.5,51.5,49.349998474121094,49.97999954223633,27.980663299560547,362000
2020-02-03,BAFL,49.0,49.20000076293945,47.04999923706055,47.7400016784668,26.72663116455078,2372000
2020-02-04,BAFL,48.5,49.7400016784668,47.4900016784668,49.470001220703125,27.69515037536621,1275000
2020-02-05,BAFL,49.470001220703125,49.470001220703125,49.470001220703125,49.470001220703125,27.69515037536621,0
2020-02-06,BAFL,49.540000915527344,51.0,49.5,50.4900016784668,28.266183853149414,492000
2020-02-07,BAFL,50.130001068115234,50.130001068115234,48.400001525878906,48.900001525878906,27.376033782958984,1421000
2020-02-10,BAFL,48.5,48.529998779296875,47.0,47.52000045776367,26.603471755981445,1142500
2020-02-11,BAFL,47.52000045776367,48.95000076293945,47.5,48.38999938964844,27.090518951416016,1088500
2020-02-12,BAFL,48.25,50.0,48.25,49.43000030517578,27.672752380371094,837000
2020-02-13,BAFL,49.790000915527344,50.5,49.45000076293945,49.65999984741211,27.801523208618164,1712500
2020-02-14,BAFL,50.20000076293945,50.20000076293945,48.5,48.84000015258789,27.342451095581055,419500
2020-02-17,BAFL,49.7400016784668,49.7400016784668,48.25,48.540000915527344,27.17449951171875,913500
2020-02-18,BAFL,48.900001525878906,49.349998474121094,47.75,47.880001068115234,26.805007934570312,981000
2020-02-19,BAFL,48.380001068115234,49.47999954223633,47.849998474121094,49.09000015258789,27.48241424560547,457500
2020-02-20,BAFL,49.9900016784668,50.0,48.400001525878906,48.72999954223633,27.28087043762207,473500
2020-02-21,BAFL,48.75,49.25,48.349998474121094,48.810001373291016,27.32565689086914,307000
2020-02-24,BAFL,49.099998474121094,49.099998474121094,47.5099983215332,47.779998779296875,26.7490234375,181000
2020-02-25,BAFL,47.11000061035156,48.0,47.0,47.75,26.73223114013672,755500
2020-02-26,BAFL,47.5,47.5,46.119998931884766,47.29999923706055,26.480297088623047,763000
2020-02-27,BAFL,45.599998474121094,47.5,44.61000061035156,47.040000915527344,26.33474349975586,2313000
2020-02-28,BAFL,47.0,47.5,46.5,46.9900016784668,26.3067569732666,755000
2020-03-02,BAFL,47.25,48.9900016784668,46.5,48.29999923706055,27.040143966674805,1197500
2020-03-03,BAFL,48.5,48.970001220703125,47.849998474121094,48.47999954223633,27.140907287597656,500500
2020-03-04,BAFL,47.61000061035156,48.5,47.04999923706055,47.900001525878906,26.816207885742188,442500
2020-03-05,BAFL,47.900001525878906,48.95000076293945,45.709999084472656,46.040000915527344,25.77490997314453,1408500
2020-03-06,BAFL,45.79999923706055,45.79999923706055,43.0,43.52000045776367,24.364118576049805,4903000
2020-03-09,BAFL,42.38999938964844,42.38999938964844,40.47999954223633,40.47999954223633,22.66221046447754,2775500
2020-03-10,BAFL,40.0,43.310001373291016,39.15999984741211,43.04999923706055,24.10099220275879,4052500
2020-03-11,BAFL,43.0,45.0,43.0,44.689998626708984,25.019121170043945,913500
2020-03-12,BAFL,43.0,44.959999084472656,41.70000076293945,42.83000183105469,23.977825164794922,376500
2020-03-13,BAFL,41.5,44.0,41.5,43.02000045776367,24.08420181274414,876500
2020-03-16,BAFL,40.52000045776367,41.75,39.79999923706055,39.79999923706055,22.281522750854492,765500
2020-03-17,BAFL,36.81999969482422,37.0,36.81999969482422,36.84000015258789,20.624406814575195,5193000
2020-03-18,BAFL,34.900001525878906,35.0,32.22999954223633,32.22999954223633,18.5470027923584,940500
2020-03-19,BAFL,29.81999969482422,33.5,29.81999969482422,32.540000915527344,18.72539520263672,3370000
2020-03-20,BAFL,33.59000015258789,34.97999954223633,32.529998779296875,34.54999923706055,19.882064819335938,1741500
2020-03-23,BAFL,34.54999923706055,34.54999923706055,34.54999923706055,34.54999923706055,19.882064819335938,0
2020-03-24,BAFL,31.959999084472656,31.959999084472656,31.959999084472656,31.959999084472656,18.391630172729492,235574
2020-03-25,BAFL,29.56999969482422,29.56999969482422,29.56999969482422,29.56999969482422,17.016284942626953,1350219
2020-03-26,BAFL,30.0,30.75,29.649999618530273,29.989999771118164,17.257978439331055,551375
2020-03-27,BAFL,30.690000534057617,32.22999954223633,29.0,30.729999542236328,17.683815002441406,1403061
2020-03-30,BAFL,32.4900016784668,32.4900016784668,29.610000610351562,30.079999923706055,17.309764862060547,570194
2020-03-31,BAFL,30.0,32.29999923706055,30.0,31.809999465942383,18.305309295654297,658832
2020-04-01,BAFL,32.5,34.0,31.799999237060547,32.02000045776367,18.426158905029297,1059762
2020-04-02,BAFL,32.47999954223633,33.900001525878906,31.700000762939453,33.75,19.42169952392578,531583
2020-04-03,BAFL,34.02000045776367,36.279998779296875,34.02000045776367,35.779998779296875,20.58987808227539,1412780
2020-04-06,BAFL,35.79999923706055,36.0,34.04999923706055,34.52000045776367,19.86480140686035,766562
2020-04-07,BAFL,35.0099983215332,37.099998474121094,34.95000076293945,37.09000015258789,21.343727111816406,1154664
2020-04-08,BAFL,38.4900016784668,38.4900016784668,34.75,35.22999954223633,20.273372650146484,2165445
2020-04-09,BAFL,35.900001525878906,37.75,35.900001525878906,36.939998626708984,21.257404327392578,369272
2020-04-10,BAFL,36.4900016784668,39.709999084472656,36.0,39.09000015258789,22.494647979736328,580796
2020-04-13,BAFL,40.0,41.0,37.25,37.66999816894531,21.677490234375,409621
2020-04-14,BAFL,38.4900016784668,38.5,37.29999923706055,37.5,21.579662322998047,1277366
2020-04-15,BAFL,38.0,38.900001525878906,36.11000061035156,36.459999084472656,20.981185913085938,1342551
2020-04-16,BAFL,36.4900016784668,36.5,35.70000076293945,35.939998626708984,20.68195152282715,263184
2020-04-17,BAFL,33.63999938964844,37.349998474121094,33.25,35.560001373291016,20.463281631469727,3464883
2020-04-20,BAFL,35.599998474121094,36.0,34.0099983215332,35.560001373291016,20.463281631469727,2178888
2020-04-21,BAFL,35.79999923706055,36.38999938964844,34.29999923706055,34.52000045776367,19.86480140686035,1652292
2020-04-22,BAFL,34.45000076293945,34.88999938964844,33.349998474121094,33.81999969482422,19.461978912353516,1292334
2020-04-23,BAFL,33.75,33.75,32.25,32.939998626708984,18.955577850341797,1346514
2020-04-24,BAFL,32.970001220703125,33.20000076293945,32.209999084472656,32.5,18.702375411987305,421127
2020-04-27,BAFL,32.439998626708984,32.5,30.5,31.459999084472656,18.103900909423828,1401217
2020-04-28,BAFL,31.75,31.899999618530273,29.75,29.979999542236328,17.252220153808594,2933511
2020-04-29,BAFL,30.489999771118164,30.799999237060547,29.700000762939453,29.889999389648438,17.200429916381836,1412797
2020-04-30,BAFL,30.049999237060547,30.59000015258789,29.899999618530273,30.1299991607666,17.338539123535156,1677027
2020-05-01,BAFL,30.1299991607666,30.1299991607666,30.1299991607666,30.1299991607666,17.338539123535156,0
2020-05-04,BAFL,30.25,30.25,29.739999771118164,29.84000015258789,17.171659469604492,687431
2020-05-05,BAFL,30.239999771118164,30.299999237060547,29.549999237060547,29.850000381469727,17.177412033081055,808995
2020-05-06,BAFL,30.0,30.389999389648438,29.700000762939453,30.25,17.407596588134766,1034275
2020-05-07,BAFL,30.399999618530273,31.8799991607666,29.899999618530273,30.31999969482422,17.4478816986084,3286133
2020-05-08,BAFL,30.75,31.600000381469727,30.1200008392334,30.389999389648438,17.488157272338867,991146
2020-05-11,BAFL,30.399999618530273,30.690000534057617,30.0,30.190000534057617,17.373065948486328,499419
2020-05-12,BAFL,30.399999618530273,30.399999618530273,29.850000381469727,30.219999313354492,17.390329360961914,929424
2020-05-13,BAFL,30.049999237060547,30.889999389648438,30.049999237060547,30.459999084472656,17.528440475463867,565737
2020-05-14,BAFL,30.299999237060547,30.829999923706055,30.0,30.25,17.407596588134766,382119
2020-05-15,BAFL,30.0,30.25,29.8700008392334,29.959999084472656,17.240713119506836,972782
2020-05-18,BAFL,30.0,31.899999618530273,29.549999237060547,29.670000076293945,17.073829650878906,891172
2020-05-19,BAFL,30.399999618530273,30.399999618530273,29.450000762939453,29.530000686645508,16.99326515197754,1703541
2020-05-20,BAFL,29.989999771118164,30.0,29.399999618530273,29.489999771118164,16.970247268676758,894739
2020-05-21,BAFL,29.5,29.700000762939453,29.299999237060547,29.3799991607666,16.906946182250977,647673
2020-05-22,BAFL,29.3799991607666,29.3799991607666,29.3799991607666,29.3799991607666,16.906946182250977,0
2020-05-25,BAFL,29.3799991607666,29.3799991607666,29.3799991607666,29.3799991607666,16.906946182250977,0
2020-05-26,BAFL,29.3799991607666,29.3799991607666,29.3799991607666,29.3799991607666,16.906946182250977,0
2020-05-27,BAFL,29.3799991607666,29.3799991607666,29.3799991607666,29.3799991607666,16.906946182250977,0
2020-05-28,BAFL,29.68000030517578,29.68000030517578,28.479999542236328,28.549999237060547,16.429317474365234,407501
2020-05-29,BAFL,28.979999542236328,29.0,28.260000228881836,28.790000915527344,16.567428588867188,555516
2020-06-01,BAFL,29.0,29.739999771118164,28.799999237060547,29.06999969482422,16.728551864624023,1666769
2020-06-02,BAFL,29.270000457763672,31.25,28.93000030517578,31.25,17.983057022094727,5811653
2020-06-03,BAFL,31.899999618530273,33.25,31.899999618530273,32.220001220703125,18.541244506835938,3834396
2020-06-04,BAFL,32.220001220703125,32.25,31.209999084472656,32.04999923706055,18.443422317504883,824808
2020-06-05,BAFL,31.559999465942383,32.20000076293945,31.559999465942383,31.709999084472656,18.24776268005371,118007
2020-06-08,BAFL,32.0,32.0,31.5,31.780000686645508,18.288047790527344,377406
2020-06-09,BAFL,31.5,32.45000076293945,31.450000762939453,32.08000183105469,18.460683822631836,533415
2020-06-10,BAFL,32.4900016784668,34.47999954223633,31.559999465942383,34.41999816894531,19.807254791259766,3808295
2020-06-11,BAFL,34.849998474121094,35.2400016784668,33.2599983215332,34.15999984741211,19.657634735107422,1719550
2020-06-12,BAFL,33.5,33.970001220703125,32.630001068115234,33.81999969482422,19.461978912353516,327735
2020-06-15,BAFL,34.0,34.0,32.75,33.220001220703125,19.11670684814453,267797
2020-06-16,BAFL,33.29999923706055,33.650001525878906,32.5,32.709999084472656,18.823223114013672,1003767
2020-06-17,BAFL,33.20000076293945,34.5,32.70000076293945,33.150001525878906,19.07642364501953,1340712
2020-06-18,BAFL,33.13999938964844,33.4900016784668,32.2400016784668,33.099998474121094,19.047651290893555,934015
2020-06-19,BAFL,33.25,34.25,32.709999084472656,33.88999938964844,19.502262115478516,5760737
2020-06-22,BAFL,34.29999923706055,35.0,33.20000076293945,33.65999984741211,19.369903564453125,1244003
2020-06-23,BAFL,33.650001525878906,34.41999816894531,33.52000045776367,34.029998779296875,19.58282470703125,395976
2020-06-24,BAFL,33.650001525878906,34.33000183105469,33.5,33.709999084472656,19.398677825927734,793230
2020-06-25,BAFL,33.88999938964844,34.0,33.099998474121094,33.290000915527344,19.15699005126953,928686
2020-06-26,BAFL,32.900001525878906,32.900001525878906,31.899999618530273,32.02000045776367,18.426158905029297,579376
2020-06-29,BAFL,31.520000457763672,33.95000076293945,31.520000457763672,33.25,19.13396644592285,904324
2020-06-30,BAFL,33.599998474121094,34.0,32.79999923706055,33.56999969482422,19.318113327026367,1942607
2020-07-01,BAFL,33.25,33.599998474121094,32.400001525878906,32.52000045776367,18.713884353637695,1316660
2020-07-02,BAFL,32.939998626708984,33.25,32.5,32.599998474121094,18.75992202758789,1228363
2020-07-03,BAFL,32.36000061035156,34.95000076293945,32.36000061035156,33.529998779296875,19.29509735107422,714342
2020-07-06,BAFL,33.75,33.75,33.0,33.06999969482422,19.03038787841797,687824
2020-07-07,BAFL,33.20000076293945,34.77000045776367,33.099998474121094,34.349998474121094,19.7669734954834,1698919
2020-07-08,BAFL,34.5,34.95000076293945,33.81999969482422,34.540000915527344,19.876310348510742,3083350
2020-07-09,BAFL,34.77000045776367,37.130001068115234,34.150001525878906,36.52000045776367,21.01572036743164,12840287
2020-07-10,BAFL,36.349998474121094,37.9900016784668,35.900001525878906,36.220001220703125,20.84307861328125,2787778
2020-07-13,BAFL,36.099998474121094,36.45000076293945,35.5099983215332,35.97999954223633,20.70496940612793,2934039
2020-07-14,BAFL,35.970001220703125,36.0,35.2599983215332,35.43000030517578,20.388465881347656,653460
2020-07-15,BAFL,35.11000061035156,35.9900016784668,35.0,35.81999969482422,20.612892150878906,739600
2020-07-16,BAFL,35.75,35.75,35.16999816894531,35.29999923706055,20.313657760620117,651015
2020-07-17,BAFL,35.56999969482422,35.56999969482422,35.0,35.41999816894531,20.382709503173828,882994
2020-07-20,BAFL,35.939998626708984,36.70000076293945,35.20000076293945,36.209999084472656,20.837324142456055,5279676
2020-07-21,BAFL,36.349998474121094,36.9900016784668,35.56999969482422,36.54999923706055,21.03297996520996,2201361
2020-07-22,BAFL,36.119998931884766,37.75,35.79999923706055,36.130001068115234,20.79128646850586,3628865
2020-07-23,BAFL,36.0,36.900001525878906,35.75,35.88999938964844,20.653179168701172,1129745
2020-07-24,BAFL,35.9900016784668,37.95000076293945,35.349998474121094,37.2599983215332,21.441553115844727,3627877
2020-07-27,BAFL,37.16999816894531,38.5099983215332,36.79999923706055,37.33000183105469,21.48183822631836,7901342
2020-07-28,BAFL,37.66999816894531,38.38999938964844,37.11000061035156,37.880001068115234,21.798337936401367,13656179
2020-07-29,BAFL,37.9900016784668,38.70000076293945,37.150001525878906,37.54999923706055,21.608434677124023,4394553
2020-07-30,BAFL,37.54999923706055,37.939998626708984,37.11000061035156,37.27000045776367,21.447311401367188,2184112
2020-07-31,BAFL,37.27000045776367,37.27000045776367,37.27000045776367,37.27000045776367,21.447311401367188,0
2020-08-03,BAFL,37.29999923706055,38.79999923706055,37.2599983215332,38.150001525878906,21.95371437072754,6738098
2020-08-04,BAFL,38.0099983215332,38.75,37.0,37.400001525878906,21.52212142944336,6750786
2020-08-05,BAFL,37.400001525878906,37.5,36.79999923706055,37.33000183105469,21.48183822631836,1608615
2020-08-06,BAFL,37.5,37.95000076293945,37.0,37.7400016784668,21.717775344848633,1724656
2020-08-07,BAFL,37.650001525878906,38.75,37.45000076293945,38.099998474121094,21.92493438720703,5431278
2020-08-10,BAFL,37.9900016784668,39.0,37.97999954223633,38.77000045776367,22.310495376586914,6532790
2020-08-11,BAFL,39.0,39.900001525878906,38.25,38.66999816894531,22.252944946289062,12524035
2020-08-12,BAFL,38.400001525878906,39.400001525878906,38.209999084472656,38.560001373291016,22.189651489257812,2839141
2020-08-13,BAFL,38.459999084472656,38.54999923706055,37.880001068115234,38.25,22.011260986328125,1084042
2020-08-14,BAFL,38.25,38.25,38.25,38.25,22.011260986328125,0
2020-08-17,BAFL,38.099998474121094,38.400001525878906,37.119998931884766,37.5099983215332,21.585416793823242,1714228
2020-08-18,BAFL,37.790000915527344,37.849998474121094,37.099998474121094,37.209999084472656,21.412778854370117,445377
2020-08-19,BAFL,37.119998931884766,37.380001068115234,36.70000076293945,36.900001525878906,21.234390258789062,1382702
2020-08-20,BAFL,37.0,37.0,36.400001525878906,36.529998779296875,21.02147102355957,179590
2020-08-21,BAFL,36.529998779296875,37.34000015258789,36.099998474121094,36.95000076293945,21.26316261291504,956450
2020-08-24,BAFL,36.689998626708984,37.20000076293945,36.36000061035156,36.650001525878906,21.090524673461914,762587
2020-08-25,BAFL,36.45000076293945,37.4900016784668,36.43000030517578,37.25,21.435800552368164,1040346
2020-08-26,BAFL,36.52000045776367,37.0,34.70000076293945,35.060001373291016,20.175548553466797,8690361
2020-08-27,BAFL,35.34000015258789,35.34000015258789,34.5,34.61000061035156,19.916593551635742,2124611
2020-08-28,BAFL,34.52000045776367,35.0,34.5,34.54999923706055,19.882064819335938,650429
2020-08-31,BAFL,34.61000061035156,35.20000076293945,34.61000061035156,35.040000915527344,20.164039611816406,1110128
2020-09-01,BAFL,35.18000030517578,35.59000015258789,35.0099983215332,35.2599983215332,20.290634155273438,2300118
2020-09-02,BAFL,35.2599983215332,36.20000076293945,35.2599983215332,35.88999938964844,20.653179168701172,1681363
2020-09-03,BAFL,36.22999954223633,36.400001525878906,35.84000015258789,35.9900016784668,20.710725784301758,1385014
2020-09-04,BAFL,36.0,36.0,35.54999923706055,35.810001373291016,20.607141494750977,1164525
2020-09-07,BAFL,35.540000915527344,36.0,35.41999816894531,35.4900016784668,20.422998428344727,719117
2020-09-08,BAFL,35.88999938964844,35.88999938964844,34.70000076293945,34.83000183105469,20.043193817138672,1656756
2020-09-09,BAFL,35.0,35.380001068115234,34.599998474121094,35.2599983215332,20.290634155273438,1779831
2020-09-10,BAFL,35.0,37.900001525878906,35.0,36.709999084472656,21.125051498413086,11348709
2020-09-11,BAFL,36.900001525878906,37.290000915527344,36.15999984741211,36.25,20.860340118408203,693695
2020-09-14,BAFL,36.349998474121094,36.689998626708984,35.70000076293945,35.79999923706055,20.60138702392578,500038
2020-09-15,BAFL,35.900001525878906,36.36000061035156,35.83000183105469,36.02000045776367,20.727989196777344,988262
2020-09-16,BAFL,35.709999084472656,36.290000915527344,35.470001220703125,35.66999816894531,20.526575088500977,2876195
2020-09-17,BAFL,36.0,36.0,35.599998474121094,35.630001068115234,20.503557205200195,265318
2020-09-18,BAFL,35.97999954223633,35.97999954223633,35.400001525878906,35.91999816894531,20.670446395874023,376131
2020-09-21,BAFL,35.79999923706055,35.9900016784668,35.75,35.790000915527344,20.595630645751953,451585
2020-09-22,BAFL,35.5,35.54999923706055,35.130001068115234,35.41999816894531,20.382709503173828,438043
2020-09-23,BAFL,35.29999923706055,35.63999938964844,35.0,35.349998474121094,20.342430114746094,3220513
2020-09-24,BAFL,35.119998931884766,35.119998931884766,34.5,34.650001525878906,19.939613342285156,2856470
2020-09-25,BAFL,34.75,35.0,34.529998779296875,34.93000030517578,20.10073471069336,203768
2020-09-28,BAFL,35.0,35.0,33.9900016784668,34.38999938964844,19.78999137878418,713807
2020-09-29,BAFL,34.5,35.560001373291016,34.5,35.279998779296875,20.30215072631836,835145
2020-09-30,BAFL,35.5,35.70000076293945,34.70000076293945,34.779998779296875,20.014419555664062,611436
2020-10-01,BAFL,34.79999923706055,36.0,33.90999984741211,35.36000061035156,20.348182678222656,1919295
2020-10-02,BAFL,34.81999969482422,35.4900016784668,34.25,34.540000915527344,19.876310348510742,997768
2020-10-05,BAFL,34.400001525878906,34.5,33.779998779296875,34.0,19.565563201904297,547098
2020-10-06,BAFL,34.099998474121094,36.220001220703125,33.599998474121094,35.02000045776367,20.152528762817383,577998
2020-10-07,BAFL,34.65999984741211,35.36000061035156,34.650001525878906,35.0099983215332,20.146770477294922,1201127
2020-10-08,BAFL,34.79999923706055,35.45000076293945,34.349998474121094,34.61000061035156,19.916593551635742,1849958
2020-10-09,BAFL,34.5,35.400001525878906,34.5,34.970001220703125,20.123760223388672,330099
2020-10-12,BAFL,35.0,35.20000076293945,34.0,34.27000045776367,19.720937728881836,294302
2020-10-13,BAFL,33.810001373291016,34.5,33.810001373291016,34.189998626708984,19.674896240234375,56778
2020-10-14,BAFL,34.189998626708984,34.4900016784668,33.11000061035156,33.22999954223633,19.12245750427246,1566211
2020-10-15,BAFL,33.099998474121094,34.25,33.0,33.93000030517578,19.525279998779297,1302070
2020-10-16,BAFL,34.369998931884766,34.4900016784668,33.5,33.79999923706055,19.450468063354492,165523
2020-10-19,BAFL,33.5,34.38999938964844,33.5,33.93000030517578,19.525279998779297,274582
2020-10-20,BAFL,34.0,34.41999816894531,33.81999969482422,34.220001220703125,19.692163467407227,154882
2020-10-21,BAFL,34.689998626708984,35.380001068115234,34.5,34.880001068115234,20.071969985961914,6037298
2020-10-22,BAFL,34.970001220703125,35.20000076293945,33.20000076293945,33.70000076293945,19.392929077148438,1348247
2020-10-23,BAFL,33.7599983215332,34.0,32.900001525878906,33.27000045776367,19.145479202270508,2226058
2020-10-26,BAFL,33.45000076293945,33.88999938964844,33.29999923706055,33.5,19.277835845947266,975115
2020-10-27,BAFL,33.5,33.79999923706055,33.25,33.380001068115234,19.208778381347656,346924
2020-10-28,BAFL,33.599998474121094,33.900001525878906,33.150001525878906,33.369998931884766,19.20302391052246,341159
2020-10-29,BAFL,33.119998931884766,33.5,32.5,33.06999969482422,19.03038787841797,4671822
2020-10-30,BAFL,33.06999969482422,33.06999969482422,33.06999969482422,33.06999969482422,19.03038787841797,0
2020-11-02,BAFL,32.40999984741211,32.75,32.150001525878906,32.470001220703125,18.685110092163086,992404
2020-11-03,BAFL,32.900001525878906,34.0099983215332,32.70000076293945,33.900001525878906,19.50801658630371,889610
2020-11-04,BAFL,33.599998474121094,33.939998626708984,33.45000076293945,33.52000045776367,19.289344787597656,177412
2020-11-05,BAFL,34.099998474121094,36.02000045776367,33.650001525878906,35.779998779296875,20.58987808227539,2760550
2020-11-06,BAFL,35.5,36.20000076293945,34.599998474121094,35.2599983215332,20.290634155273438,1971307
2020-11-09,BAFL,35.0,35.59000015258789,34.900001525878906,35.4900016784668,20.422998428344727,211798
2020-11-10,BAFL,36.20000076293945,37.0,35.400001525878906,35.619998931884766,20.497800827026367,3471313
2020-11-11,BAFL,36.0,36.0,34.849998474121094,35.16999816894531,20.238849639892578,2995327
2020-11-12,BAFL,35.349998474121094,35.52000045776367,35.04999923706055,35.2599983215332,20.290634155273438,449420
2020-11-13,BAFL,35.58000183105469,35.650001525878906,35.25,35.459999084472656,20.405729293823242,340786
2020-11-16,BAFL,35.45000076293945,35.68000030517578,35.29999923706055,35.36000061035156,20.348182678222656,191957
2020-11-17,BAFL,35.75,36.099998474121094,35.689998626708984,35.97999954223633,20.70496940612793,408774
2020-11-18,BAFL,36.0,36.400001525878906,35.79999923706055,36.150001525878906,20.802797317504883,576995
2020-11-19,BAFL,34.0,35.88999938964844,33.75,34.58000183105469,20.4654541015625,4324464
2020-11-20,BAFL,34.5,34.79999923706055,33.02000045776367,33.459999084472656,19.8026065826416,913000
2020-11-23,BAFL,33.38999938964844,33.38999938964844,32.22999954223633,32.58000183105469,19.28179931640625,599060
2020-11-24,BAFL,32.599998474121094,33.5,32.5099983215332,33.43000030517578,19.784847259521484,356821
2020-11-25,BAFL,33.880001068115234,34.599998474121094,33.5,34.439998626708984,20.382596969604492,645527
2020-11-26,BAFL,34.400001525878906,35.400001525878906,34.25,35.040000915527344,20.737695693969727,835794
2020-11-27,BAFL,34.52000045776367,36.25,34.5,34.630001068115234,20.49505043029785,1351896
2020-11-30,BAFL,34.630001068115234,35.099998474121094,34.15999984741211,34.849998474121094,20.625242233276367,425430
2020-12-01,BAFL,34.900001525878906,35.13999938964844,34.5,34.650001525878906,20.506885528564453,463743
2020-12-02,BAFL,34.79999923706055,35.279998779296875,34.599998474121094,35.0,20.714021682739258,1017511
2020-12-03,BAFL,35.400001525878906,35.4900016784668,34.5099983215332,34.58000183105469,20.4654541015625,226360
2020-12-04,BAFL,34.599998474121094,34.849998474121094,34.310001373291016,34.65999984741211,20.512798309326172,91104
2020-12-07,BAFL,34.310001373291016,34.88999938964844,33.900001525878906,34.09000015258789,20.175457000732422,725967
2020-12-08,BAFL,34.040000915527344,34.59000015258789,34.0099983215332,34.38999938964844,20.353004455566406,285864
2020-12-09,BAFL,34.38999938964844,34.59000015258789,34.0099983215332,34.34000015258789,20.32341194152832,232308
2020-12-10,BAFL,34.59000015258789,35.099998474121094,34.5,34.97999954223633,20.702184677124023,1539454
2020-12-11,BAFL,34.880001068115234,34.90999984741211,34.29999923706055,34.380001068115234,20.347089767456055,1586520
2020-12-14,BAFL,34.54999923706055,34.900001525878906,34.45000076293945,34.599998474121094,20.477291107177734,595660
2020-12-15,BAFL,34.650001525878906,35.54999923706055,34.650001525878906,35.11000061035156,20.779125213623047,2739157
2020-12-16,BAFL,35.29999923706055,35.95000076293945,34.95000076293945,35.02000045776367,20.725858688354492,5037177
2020-12-17,BAFL,35.0,35.4900016784668,34.900001525878906,35.369998931884766,20.933000564575195,1252789
2020-12-18,BAFL,35.099998474121094,35.36000061035156,34.900001525878906,35.060001373291016,20.74953269958496,1584174
2020-12-21,BAFL,35.02000045776367,35.61000061035156,35.0,35.09000015258789,20.767288208007812,6425654
2020-12-22,BAFL,35.02000045776367,35.4900016784668,34.83000183105469,34.9900016784668,20.708105087280273,835323
2020-12-23,BAFL,34.75,35.400001525878906,34.75,35.099998474121094,20.773208618164062,509912
2020-12-24,BAFL,35.15999984741211,35.4900016784668,34.900001525878906,35.099998474121094,20.773208618164062,2785814
2020-12-25,BAFL,35.099998474121094,35.099998474121094,35.099998474121094,35.099998474121094,20.773208618164062,0
2020-12-28,BAFL,35.33000183105469,35.33000183105469,34.79999923706055,34.939998626708984,20.678512573242188,344933
2020-12-29,BAFL,34.9900016784668,35.470001220703125,34.83000183105469,35.09000015258789,20.767288208007812,1253018
2020-12-30,BAFL,35.060001373291016,35.5,35.060001373291016,35.27000045776367,20.873817443847656,1162893
2020-12-31,BAFL,35.27000045776367,35.79999923706055,35.15999984741211,35.33000183105469,20.909326553344727,1244994
2021-01-01,BAFL,35.349998474121094,36.0,35.29999923706055,35.90999984741211,21.252588272094727,1783906
2021-01-04,BAFL,35.9900016784668,36.25,35.61000061035156,35.97999954223633,21.29401397705078,2100514
2021-01-05,BAFL,35.97999954223633,36.0,35.25,35.31999969482422,20.903409957885742,3664797
2021-01-06,BAFL,35.5,35.7400016784668,35.33000183105469,35.560001373291016,21.04545021057129,1042721
2021-01-07,BAFL,35.79999923706055,36.70000076293945,35.70000076293945,36.15999984741211,21.400543212890625,8085889
2021-01-08,BAFL,36.5,37.13999938964844,36.25,36.29999923706055,21.483402252197266,4883484
2021-01-11,BAFL,36.349998474121094,36.689998626708984,36.20000076293945,36.36000061035156,21.518911361694336,285776
2021-01-12,BAFL,36.599998474121094,37.959999084472656,36.29999923706055,36.59000015258789,21.655031204223633,19892202
2021-01-13,BAFL,36.970001220703125,37.290000915527344,36.72999954223633,37.06999969482422,21.939109802246094,4774353
2021-01-14,BAFL,36.97999954223633,38.5,36.79999923706055,37.11000061035156,21.962779998779297,4914838
2021-01-15,BAFL,37.20000076293945,37.2400016784668,36.70000076293945,36.84000015258789,21.802989959716797,179291
2021-01-18,BAFL,36.939998626708984,37.099998474121094,36.310001373291016,36.90999984741211,21.844411849975586,1386635
2021-01-19,BAFL,37.0,37.0,36.459999084472656,36.88999938964844,21.832578659057617,1582163
2021-01-20,BAFL,36.5099983215332,36.790000915527344,36.25,36.7400016784668,21.743806838989258,1958725
2021-01-21,BAFL,36.560001373291016,36.88999938964844,36.45000076293945,36.47999954223633,21.589927673339844,1852905
2021-01-22,BAFL,36.599998474121094,36.75,36.150001525878906,36.689998626708984,21.714210510253906,208127
2021-01-25,BAFL,36.720001220703125,37.77000045776367,36.33000183105469,37.31999969482422,22.087066650390625,2747712
2021-01-26,BAFL,37.7400016784668,37.7400016784668,36.599998474121094,36.75,21.74972152709961,4186896
2021-01-27,BAFL,36.7599983215332,37.0,36.5,36.529998779296875,21.61952018737793,939146
2021-01-28,BAFL,36.29999923706055,37.290000915527344,36.29999923706055,36.959999084472656,21.87401008605957,7229480
2021-01-29,BAFL,37.29999923706055,37.29999923706055,36.5,36.529998779296875,21.61952018737793,2912367
2021-02-01,BAFL,36.54999923706055,36.68000030517578,35.869998931884766,36.08000183105469,21.35320281982422,2510123
2021-02-02,BAFL,36.099998474121094,37.5,35.849998474121094,36.970001220703125,21.879928588867188,4492361
2021-02-03,BAFL,36.959999084472656,37.400001525878906,36.349998474121094,36.779998779296875,21.767480850219727,5502389
2021-02-04,BAFL,37.0,37.0,35.849998474121094,36.11000061035156,21.370956420898438,4008295
2021-02-05,BAFL,36.11000061035156,36.11000061035156,36.11000061035156,36.11000061035156,21.370956420898438,0
2021-02-08,BAFL,36.099998474121094,36.459999084472656,35.849998474121094,35.9900016784668,21.299936294555664,1769975
2021-02-09,BAFL,35.849998474121094,36.2400016784668,35.5099983215332,35.63999938964844,21.092788696289062,209964
2021-02-10,BAFL,35.849998474121094,35.849998474121094,34.970001220703125,35.08000183105469,20.761371612548828,2382674
2021-02-11,BAFL,35.5,35.5,34.5,34.529998779296875,20.43585968017578,1389892
2021-02-12,BAFL,34.599998474121094,35.16999816894531,33.9900016784668,34.04999923706055,20.151784896850586,415836
2021-02-15,BAFL,33.599998474121094,34.38999938964844,33.5,33.650001525878906,19.915056228637695,847650
2021-02-16,BAFL,33.61000061035156,34.72999954223633,33.599998474121094,34.470001220703125,20.400354385375977,555396
2021-02-17,BAFL,34.90999984741211,35.0,33.5,33.70000076293945,19.94464683532715,2986235
2021-02-18,BAFL,33.70000076293945,34.349998474121094,33.70000076293945,33.810001373291016,20.009750366210938,241531
2021-02-19,BAFL,34.099998474121094,34.439998626708984,33.79999923706055,34.150001525878906,20.210968017578125,125266
2021-02-22,BAFL,34.150001525878906,34.189998626708984,32.79999923706055,33.029998779296875,19.54811668395996,924850
2021-02-23,BAFL,33.33000183105469,33.689998626708984,33.0,33.4900016784668,19.820362091064453,195913
2021-02-24,BAFL,33.47999954223633,33.540000915527344,32.79999923706055,33.15999984741211,19.625057220458984,953677
2021-02-25,BAFL,33.29999923706055,33.45000076293945,33.0,33.290000915527344,19.701995849609375,506596
2021-02-26,BAFL,33.400001525878906,34.400001525878906,33.279998779296875,33.40999984741211,19.77301788330078,1739545
2021-03-01,BAFL,33.689998626708984,33.7400016784668,33.349998474121094,33.68000030517578,20.547828674316406,456498
2021-03-02,BAFL,33.68000030517578,36.20000076293945,33.68000030517578,35.29999923706055,21.536176681518555,2744510
2021-03-03,BAFL,35.75,35.9900016784668,34.79999923706055,35.33000183105469,21.554479598999023,1525443
2021-03-04,BAFL,33.02000045776367,33.400001525878906,32.5,32.7599983215332,19.98654556274414,434013
2021-03-05,BAFL,32.619998931884766,34.0,32.619998931884766,33.79999923706055,20.62103843688965,382386
2021-03-08,BAFL,34.25,34.25,32.79999923706055,33.119998931884766,20.2061767578125,293623
2021-03-09,BAFL,33.25,34.0099983215332,32.75,33.189998626708984,20.248884201049805,1294892
2021-03-10,BAFL,33.02000045776367,33.86000061035156,32.0099983215332,32.29999923706055,19.70590591430664,458180
2021-03-11,BAFL,32.91999816894531,32.91999816894531,30.799999237060547,30.979999542236328,18.900585174560547,2765226
2021-03-12,BAFL,30.5,31.799999237060547,30.5,31.18000030517578,19.02260398864746,767338
2021-03-15,BAFL,31.510000228881836,32.38999938964844,31.280000686645508,32.25,19.675397872924805,2787358
2021-03-16,BAFL,32.25,32.75,32.11000061035156,32.5,19.827922821044922,1751172
2021-03-17,BAFL,32.599998474121094,32.939998626708984,32.209999084472656,32.5,19.827922821044922,6278660
2021-03-18,BAFL,32.81999969482422,32.84000015258789,31.56999969482422,31.739999771118164,19.364253997802734,810799
2021-03-19,BAFL,31.920000076293945,31.950000762939453,31.31999969482422,31.690000534057617,19.333751678466797,256713
2021-03-22,BAFL,31.690000534057617,31.889999389648438,31.0,31.06999969482422,18.95549201965332,598058
2021-03-23,BAFL,31.06999969482422,31.06999969482422,31.06999969482422,31.06999969482422,18.95549201965332,0
2021-03-24,BAFL,31.649999618530273,32.29999923706055,31.0,31.059999465942383,18.949392318725586,1931956
2021-03-25,BAFL,31.489999771118164,31.690000534057617,31.059999465942383,31.389999389648438,19.15072250366211,1980680
2021-03-26,BAFL,31.5,31.5,30.799999237060547,30.950000762939453,18.882282257080078,398372
2021-03-29,BAFL,31.200000762939453,31.200000762939453,29.860000610351562,29.969999313354492,18.284393310546875,735007
2021-03-30,BAFL,30.440000534057617,30.700000762939453,30.010000228881836,30.40999984741211,18.55283546447754,439812
2021-03-31,BAFL,30.75,31.299999237060547,30.450000762939453,30.479999542236328,18.595539093017578,1319460
2021-04-01,BAFL,30.93000030517578,30.93000030517578,30.100000381469727,30.389999389648438,18.540632247924805,686646
2021-04-02,BAFL,30.790000915527344,30.790000915527344,30.219999313354492,30.5,18.607742309570312,143162
2021-04-05,BAFL,30.549999237060547,30.549999237060547,30.200000762939453,30.290000915527344,18.479625701904297,312298
2021-04-06,BAFL,30.010000228881836,30.989999771118164,29.989999771118164,30.020000457763672,18.314899444580078,979145
2021-04-07,BAFL,30.100000381469727,30.100000381469727,28.799999237060547,29.1200008392334,17.765817642211914,2554613
2021-04-08,BAFL,29.639999389648438,30.139999389648438,29.399999618530273,29.979999542236328,18.290496826171875,543626
2021-04-09,BAFL,30.0,30.229999542236328,29.600000381469727,30.020000457763672,18.314899444580078,108584
2021-04-12,BAFL,30.0,30.25,29.899999618530273,29.950000762939453,18.27219581604004,311608
2021-04-13,BAFL,30.200000762939453,30.389999389648438,29.920000076293945,30.0,18.302696228027344,1077215
2021-04-14,BAFL,30.0,30.479999542236328,29.899999618530273,30.0,18.302696228027344,512925
2021-04-15,BAFL,30.010000228881836,30.010000228881836,29.899999618530273,29.90999984741211,18.247791290283203,109369
2021-04-16,BAFL,30.149999618530273,30.18000030517578,29.899999618530273,29.959999084472656,18.278295516967773,32560
2021-04-19,BAFL,29.700000762939453,30.0,29.700000762939453,29.920000076293945,18.25389289855957,173329
2021-04-20,BAFL,29.899999618530273,30.450000762939453,29.899999618530273,30.06999969482422,18.34540557861328,119861
2021-04-21,BAFL,30.299999237060547,30.31999969482422,30.010000228881836,30.010000228881836,18.30879783630371,75214
2021-04-22,BAFL,30.149999618530273,31.170000076293945,30.0,30.700000762939453,18.729761123657227,1481779
2021-04-23,BAFL,30.690000534057617,30.690000534057617,29.809999465942383,30.030000686645508,18.321001052856445,585680
2021-04-26,BAFL,30.0,30.780000686645508,29.780000686645508,30.510000228881836,18.61384391784668,494354
2021-04-27,BAFL,30.299999237060547,30.639999389648438,30.0,30.149999618530273,18.39421272277832,714743
2021-04-28,BAFL,30.559999465942383,30.649999618530273,29.899999618530273,30.010000228881836,18.30879783630371,969091
2021-04-29,BAFL,30.389999389648438,30.389999389648438,29.200000762939453,29.299999237060547,17.87563133239746,750075
2021-04-30,BAFL,29.690000534057617,29.690000534057617,28.5,28.8700008392334,17.61329460144043,381736
2021-05-03,BAFL,29.0,29.510000228881836,29.0,29.5,17.99765396118164,142130
2021-05-04,BAFL,29.790000915527344,29.790000915527344,29.299999237060547,29.579999923706055,18.04646110534668,70013
2021-05-05,BAFL,29.600000381469727,30.239999771118164,29.510000228881836,30.040000915527344,18.32710075378418,111172
2021-05-06,BAFL,30.229999542236328,32.290000915527344,30.0,31.610000610351562,19.284942626953125,1249078
2021-05-07,BAFL,31.610000610351562,31.610000610351562,31.610000610351562,31.610000610351562,19.284942626953125,0
2021-05-10,BAFL,31.610000610351562,31.610000610351562,31.610000610351562,31.610000610351562,19.284942626953125,0
2021-05-11,BAFL,31.610000610351562,31.610000610351562,31.610000610351562,31.610000610351562,19.284942626953125,0
2021-05-12,BAFL,31.610000610351562,31.610000610351562,31.610000610351562,31.610000610351562,19.284942626953125,0
2021-05-13,BAFL,31.610000610351562,31.610000610351562,31.610000610351562,31.610000610351562,19.284942626953125,0
2021-05-14,BAFL,31.610000610351562,31.610000610351562,31.610000610351562,31.610000610351562,19.284942626953125,0
2021-05-17,BAFL,32.0,32.0,31.170000076293945,31.25,19.065311431884766,1352062
2021-05-18,BAFL,31.239999771118164,31.5,31.06999969482422,31.489999771118164,19.211729049682617,2572610
2021-05-19,BAFL,31.149999618530273,31.299999237060547,31.010000228881836,31.139999389648438,18.998201370239258,230647
2021-05-20,BAFL,31.139999389648438,31.200000762939453,31.049999237060547,31.1299991607666,18.992097854614258,120434
2021-05-21,BAFL,31.1299991607666,31.389999389648438,31.0,31.209999084472656,19.04090690612793,467367
2021-05-24,BAFL,31.299999237060547,31.399999618530273,31.100000381469727,31.190000534057617,19.028705596923828,56687
2021-05-25,BAFL,31.25,31.5,31.0,31.110000610351562,18.979896545410156,739516
2021-05-26,BAFL,31.8700008392334,33.439998626708984,31.170000076293945,32.79999923706055,20.010950088500977,2714573
2021-05-27,BAFL,32.5099983215332,32.95000076293945,32.0,32.09000015258789,19.577787399291992,3396166
2021-05-28,BAFL,32.0099983215332,32.9900016784668,31.559999465942383,31.899999618530273,19.461868286132812,963223
2021-05-31,BAFL,32.400001525878906,32.779998779296875,32.150001525878906,32.349998474121094,19.736408233642578,435121
2021-06-01,BAFL,32.54999923706055,32.70000076293945,32.25,32.290000915527344,19.69980239868164,897552
2021-06-02,BAFL,32.20000076293945,32.5,31.850000381469727,32.08000183105469,19.571683883666992,3329862
2021-06-03,BAFL,32.02000045776367,32.25,31.6200008392334,31.719999313354492,19.35205078125,2877537
2021-06-04,BAFL,31.799999237060547,32.900001525878906,31.729999542236328,32.349998474121094,19.736408233642578,516309
2021-06-07,BAFL,32.59000015258789,32.59000015258789,32.150001525878906,32.2400016784668,19.669296264648438,302227
2021-06-08,BAFL,32.31999969482422,32.31999969482422,31.90999984741211,32.209999084472656,19.650999069213867,150178
2021-06-09,BAFL,32.34000015258789,32.34000015258789,31.649999618530273,31.780000686645508,19.388662338256836,260283
2021-06-10,BAFL,31.809999465942383,32.5,31.809999465942383,32.459999084472656,19.803518295288086,484776
2021-06-11,BAFL,32.45000076293945,32.97999954223633,32.2599983215332,32.45000076293945,19.797414779663086,921523
2021-06-14,BAFL,32.70000076293945,33.0,32.5,32.59000015258789,19.882829666137695,311682
2021-06-15,BAFL,32.70000076293945,32.70000076293945,32.15999984741211,32.25,19.675397872924805,171352
2021-06-16,BAFL,32.2599983215332,32.5,32.0,32.040000915527344,19.547283172607422,297671
2021-06-17,BAFL,32.0,32.29999923706055,32.0,32.02000045776367,19.535079956054688,98145
2021-06-18,BAFL,32.31999969482422,32.79999923706055,32.150001525878906,32.459999084472656,19.803518295288086,137308
2021-06-21,BAFL,32.060001373291016,32.439998626708984,31.760000228881836,31.920000076293945,19.474071502685547,845607
2021-06-22,BAFL,31.520000457763672,32.290000915527344,31.5,31.719999313354492,19.35205078125,7577988
2021-06-23,BAFL,32.189998626708984,32.189998626708984,31.520000457763672,31.719999313354492,19.35205078125,4780669
2021-06-24,BAFL,31.950000762939453,32.279998779296875,31.34000015258789,31.43000030517578,19.175127029418945,1309872
2021-06-25,BAFL,31.68000030517578,31.899999618530273,31.190000534057617,31.5,19.217830657958984,11256807
2021-06-28,BAFL,31.739999771118164,31.739999771118164,30.510000228881836,30.729999542236328,18.748064041137695,1311549
2021-06-29,BAFL,31.0,31.290000915527344,30.75,31.139999389648438,18.998201370239258,3923904
2021-06-30,BAFL,31.469999313354492,32.84000015258789,31.0,32.18000030517578,19.632694244384766,5389914
2021-07-01,BAFL,31.610000610351562,31.899999618530273,31.399999618530273,31.5,19.217830657958984,4522043
2021-07-02,BAFL,31.399999618530273,31.850000381469727,31.399999618530273,31.469999313354492,19.19953155517578,4809736
2021-07-05,BAFL,31.889999389648438,32.45000076293945,31.5,32.0,19.522876739501953,6210551
2021-07-06,BAFL,32.0,32.4900016784668,31.5,31.59000015258789,19.272741317749023,12351722
2021-07-07,BAFL,31.75,31.799999237060547,31.299999237060547,31.579999923706055,19.266639709472656,8172109
2021-07-08,BAFL,31.420000076293945,31.959999084472656,31.399999618530273,31.829999923706055,19.419164657592773,4914603
2021-07-09,BAFL,31.809999465942383,32.119998931884766,31.600000381469727,31.889999389648438,19.455768585205078,1950040
2021-07-12,BAFL,31.270000457763672,32.47999954223633,31.25,31.969999313354492,19.50457191467285,3873821
2021-07-13,BAFL,31.799999237060547,32.25,31.799999237060547,31.959999084472656,19.498476028442383,5637261
2021-07-14,BAFL,32.22999954223633,32.38999938964844,31.8700008392334,31.969999313354492,19.50457191467285,4073366
2021-07-15,BAFL,32.02000045776367,33.79999923706055,32.0,32.90999984741211,20.078060150146484,1526791
2021-07-16,BAFL,33.0099983215332,35.0,32.61000061035156,33.709999084472656,20.566131591796875,3432134
2021-07-19,BAFL,33.5,33.709999084472656,33.0,33.20000076293945,20.254985809326172,426933
2021-07-20,BAFL,33.20000076293945,33.20000076293945,33.20000076293945,33.20000076293945,20.254985809326172,0
2021-07-21,BAFL,33.20000076293945,33.20000076293945,33.20000076293945,33.20000076293945,20.254985809326172,0
2021-07-22,BAFL,33.20000076293945,33.20000076293945,33.20000076293945,33.20000076293945,20.254985809326172,0
2021-07-23,BAFL,33.20000076293945,33.20000076293945,33.20000076293945,33.20000076293945,20.254985809326172,0
2021-07-26,BAFL,33.09000015258789,33.970001220703125,33.09000015258789,33.40999984741211,20.383102416992188,1205127
2021-07-27,BAFL,33.4900016784668,33.5,33.099998474121094,33.25,20.285486221313477,5785098
2021-07-28,BAFL,33.209999084472656,33.29999923706055,33.0,33.04999923706055,20.163471221923828,847131
2021-07-29,BAFL,32.5099983215332,33.0099983215332,32.5,32.77000045776367,19.992647171020508,693763
2021-07-30,BAFL,32.77000045776367,33.400001525878906,32.54999923706055,32.88999938964844,20.065858840942383,595608
2021-08-02,BAFL,32.869998931884766,33.150001525878906,32.54999923706055,32.630001068115234,19.90723419189453,521135
2021-08-03,BAFL,32.540000915527344,33.0,32.5,32.61000061035156,19.895030975341797,499654
2021-08-04,BAFL,32.70000076293945,32.959999084472656,32.5,32.709999084472656,19.956043243408203,151351
2021-08-05,BAFL,32.709999084472656,32.880001068115234,32.52000045776367,32.61000061035156,19.895030975341797,9325607
2021-08-06,BAFL,32.560001373291016,33.880001068115234,32.400001525878906,33.290000915527344,20.309894561767578,816131
2021-08-09,BAFL,32.81999969482422,34.400001525878906,31.059999465942383,32.31999969482422,19.71810531616211,2024619
2021-08-10,BAFL,32.79999923706055,33.0,32.40999984741211,32.58000183105469,19.876731872558594,771979
2021-08-11,BAFL,32.88999938964844,32.88999938964844,32.52000045776367,32.599998474121094,19.888931274414062,49622
2021-08-12,BAFL,32.5,32.79999923706055,32.29999923706055,32.4900016784668,19.821821212768555,512461
2021-08-13,BAFL,32.04999923706055,32.599998474121094,32.04999923706055,32.439998626708984,19.791316986083984,345108
2021-08-16,BAFL,32.11000061035156,32.75,31.899999618530273,32.20000076293945,19.644895553588867,250559
2021-08-17,BAFL,32.189998626708984,32.4900016784668,32.189998626708984,32.31999969482422,19.71810531616211,39246
2021-08-18,BAFL,32.31999969482422,32.31999969482422,32.31999969482422,32.31999969482422,19.71810531616211,0
2021-08-19,BAFL,32.31999969482422,32.31999969482422,32.31999969482422,32.31999969482422,19.71810531616211,0
2021-08-20,BAFL,32.70000076293945,32.70000076293945,32.0,32.099998474121094,19.583885192871094,893238
2021-08-23,BAFL,32.400001525878906,32.83000183105469,31.850000381469727,32.34000015258789,19.730308532714844,1913686
2021-08-24,BAFL,32.150001525878906,32.29999923706055,32.040000915527344,32.11000061035156,19.58998680114746,1461804
2021-08-25,BAFL,32.11000061035156,32.70000076293945,31.950000762939453,32.38999938964844,19.760812759399414,2729052
2021-08-26,BAFL,32.650001525878906,32.650001525878906,32.349998474121094,32.5,19.827922821044922,803052
2021-08-27,BAFL,32.4900016784668,32.4900016784668,32.150001525878906,32.2400016784668,19.669296264648438,2814555
2021-08-30,BAFL,32.4900016784668,32.599998474121094,32.20000076293945,32.349998474121094,19.736408233642578,688974
2021-08-31,BAFL,32.5,32.689998626708984,32.349998474121094,32.56999969482422,19.870630264282227,13170
2021-09-01,BAFL,32.599998474121094,33.20000076293945,32.599998474121094,32.849998474121094,20.041454315185547,2521981
2021-09-02,BAFL,32.79999923706055,32.939998626708984,32.650001525878906,32.68000030517578,19.9377384185791,605790
2021-09-03,BAFL,32.939998626708984,34.0,32.529998779296875,33.099998474121094,20.193973541259766,2784117
2021-09-06,BAFL,33.0,33.29999923706055,32.810001373291016,32.900001525878906,20.07196044921875,600622
2021-09-07,BAFL,32.70000076293945,33.0,32.70000076293945,32.869998931884766,20.053659439086914,859203
2021-09-08,BAFL,33.099998474121094,33.099998474121094,32.7400016784668,32.7599983215332,19.98654556274414,2132652
2021-09-09,BAFL,32.599998474121094,33.25,32.54999923706055,33.0099983215332,20.139068603515625,631692
2021-09-10,BAFL,33.25,33.54999923706055,33.0,33.349998474121094,20.346498489379883,3438705
2021-09-13,BAFL,31.200000762939453,32.349998474121094,31.0,32.119998931884766,20.201839447021484,5292827
2021-09-14,BAFL,32.290000915527344,32.290000915527344,31.510000228881836,31.950000762939453,20.09491539001465,2841078
2021-09-15,BAFL,31.90999984741211,32.400001525878906,31.799999237060547,32.290000915527344,20.308761596679688,3617022
2021-09-16,BAFL,31.510000228881836,32.540000915527344,31.510000228881836,32.18000030517578,20.239580154418945,3236493
2021-09-17,BAFL,32.18000030517578,32.650001525878906,31.700000762939453,31.989999771118164,20.12007713317871,2894992
2021-09-20,BAFL,32.689998626708984,32.689998626708984,31.760000228881836,32.08000183105469,20.17668342590332,1946930
2021-09-21,BAFL,32.650001525878906,33.5,32.04999923706055,32.91999816894531,20.704998016357422,11734929
2021-09-22,BAFL,32.900001525878906,33.34000015258789,32.5099983215332,32.93000030517578,20.71129035949707,3960940
2021-09-23,BAFL,33.34000015258789,33.34000015258789,32.5,32.880001068115234,20.67984390258789,403681
2021-09-24,BAFL,33.099998474121094,33.099998474121094,32.54999923706055,32.900001525878906,20.69242286682129,3996715
2021-09-27,BAFL,32.9900016784668,33.20000076293945,32.56999969482422,32.790000915527344,20.62323760986328,9651571
2021-09-28,BAFL,32.790000915527344,32.790000915527344,32.790000915527344,32.790000915527344,20.62323760986328,0
2021-09-29,BAFL,32.9900016784668,32.9900016784668,31.899999618530273,32.06999969482422,20.170394897460938,1328985
2021-09-30,BAFL,32.47999954223633,32.900001525878906,32.0,32.349998474121094,20.346498489379883,666244
2021-10-01,BAFL,32.04999923706055,32.97999954223633,32.0,32.689998626708984,20.560344696044922,3078656
2021-10-04,BAFL,33.0,33.0,32.220001220703125,32.36000061035156,20.3527889251709,289379
2021-10-05,BAFL,32.599998474121094,33.0,32.5,32.75,20.598079681396484,737706
2021-10-06,BAFL,32.75,32.75,32.54999923706055,32.619998931884766,20.516311645507812,1343348
2021-10-07,BAFL,32.650001525878906,33.099998474121094,32.650001525878906,32.970001220703125,20.736448287963867,3344528
2021-10-08,BAFL,32.9900016784668,33.5,32.599998474121094,32.869998931884766,20.673553466796875,1356340
2021-10-11,BAFL,33.13999938964844,33.13999938964844,32.220001220703125,32.2599983215332,20.289894104003906,3166149
2021-10-12,BAFL,32.790000915527344,33.25,32.20000076293945,33.099998474121094,20.81821060180664,897720
2021-10-13,BAFL,33.47999954223633,34.790000915527344,32.5,32.900001525878906,20.69242286682129,6286325
2021-10-14,BAFL,32.880001068115234,34.95000076293945,32.849998474121094,34.66999816894531,21.805662155151367,1682113
2021-10-15,BAFL,35.0,35.849998474121094,34.5099983215332,35.209999084472656,22.145292282104492,3654431
2021-10-18,BAFL,35.5,35.900001525878906,34.97999954223633,35.029998779296875,22.03208351135254,859067
2021-10-19,BAFL,35.029998779296875,35.029998779296875,35.029998779296875,35.029998779296875,22.03208351135254,0
2021-10-20,BAFL,35.20000076293945,36.0,35.20000076293945,35.56999969482422,22.371713638305664,2535834
2021-10-21,BAFL,35.9900016784668,37.0099983215332,35.5,36.099998474121094,22.705055236816406,3664854
2021-10-22,BAFL,36.0,36.650001525878906,35.20000076293945,36.47999954223633,22.94405746459961,1342753
2021-10-25,BAFL,36.9900016784668,37.09000015258789,36.25,36.47999954223633,22.94405746459961,463543
2021-10-26,BAFL,36.099998474121094,37.4900016784668,35.0099983215332,35.97999954223633,22.629581451416016,1791086
2021-10-27,BAFL,36.400001525878906,37.25,34.54999923706055,34.880001068115234,21.937746047973633,919145
2021-10-28,BAFL,35.0,35.849998474121094,34.81999969482422,35.7400016784668,22.478641510009766,407957
2021-10-29,BAFL,35.70000076293945,36.5,35.25,36.36000061035156,22.86858558654785,829016
2021-11-01,BAFL,36.5,37.09000015258789,36.2599983215332,36.43000030517578,22.912612915039062,810450
2021-11-02,BAFL,36.43000030517578,36.650001525878906,35.90999984741211,36.0,22.64216423034668,1477577
2021-11-03,BAFL,36.29999923706055,36.599998474121094,35.70000076293945,35.9900016784668,22.635875701904297,735099
2021-11-04,BAFL,36.25,36.599998474121094,35.61000061035156,36.5,22.956636428833008,2278229
2021-11-05,BAFL,36.400001525878906,36.75,35.61000061035156,36.0099983215332,22.648448944091797,1298744
2021-11-08,BAFL,36.47999954223633,36.5,35.599998474121094,35.72999954223633,22.472349166870117,123111
2021-11-09,BAFL,35.290000915527344,35.9900016784668,35.029998779296875,35.43000030517578,22.283662796020508,2850623
2021-11-10,BAFL,35.79999923706055,36.0,35.400001525878906,35.9900016784668,22.635875701904297,448884
2021-11-11,BAFL,36.20000076293945,36.20000076293945,35.20000076293945,35.400001525878906,22.26479148864746,1238134
2021-11-12,BAFL,35.20000076293945,35.9900016784668,34.95000076293945,35.29999923706055,22.2018985748291,491142
2021-11-15,BAFL,34.529998779296875,35.650001525878906,34.529998779296875,35.31999969482422,22.214475631713867,414871
2021-11-16,BAFL,35.75,35.75,34.75,35.25,22.170448303222656,334025
2021-11-17,BAFL,35.7400016784668,35.7400016784668,35.099998474121094,35.25,22.170448303222656,1432465
2021-11-18,BAFL,35.5,35.779998779296875,35.0,35.11000061035156,22.082401275634766,513323
2021-11-19,BAFL,35.79999923706055,36.439998626708984,35.20000076293945,36.310001373291016,22.837139129638672,4057646
2021-11-22,BAFL,37.0099983215332,37.61000061035156,36.5,36.56999969482422,23.000661849975586,6254636
2021-11-23,BAFL,36.900001525878906,36.900001525878906,35.65999984741211,36.029998779296875,22.661029815673828,2631652
2021-11-24,BAFL,35.599998474121094,36.5,35.0,35.45000076293945,22.296239852905273,1699256
2021-11-25,BAFL,35.349998474121094,35.349998474121094,34.709999084472656,34.88999938964844,21.944028854370117,348739
2021-11-26,BAFL,35.5,35.5,34.5,34.56999969482422,21.742765426635742,3457304
2021-11-29,BAFL,34.5,35.38999938964844,34.2400016784668,35.16999816894531,22.12013816833496,2584755
2021-11-30,BAFL,35.5,35.650001525878906,33.9900016784668,34.439998626708984,21.661001205444336,10812380
2021-12-01,BAFL,34.5,34.70000076293945,34.099998474121094,34.279998779296875,21.56036949157715,2179526
2021-12-02,BAFL,34.0,34.189998626708984,33.0099983215332,33.38999938964844,21.00060272216797,1554251
2021-12-03,BAFL,33.0099983215332,35.0,33.0099983215332,34.45000076293945,21.66728973388672,3685776
2021-12-06,BAFL,35.20000076293945,35.25,33.52000045776367,33.91999816894531,21.33395004272461,1094164
2021-12-07,BAFL,33.79999923706055,34.4900016784668,33.5,33.630001068115234,21.151552200317383,1002061
2021-12-08,BAFL,34.369998931884766,34.369998931884766,33.599998474121094,34.220001220703125,21.522634506225586,544218
2021-12-09,BAFL,34.5,34.59000015258789,33.7599983215332,34.400001525878906,21.635845184326172,1168373
2021-12-10,BAFL,34.79999923706055,35.5,34.0,35.22999954223633,22.157869338989258,602365
2021-12-13,BAFL,35.650001525878906,35.650001525878906,33.900001525878906,33.959999084472656,21.359107971191406,2804682
2021-12-14,BAFL,34.689998626708984,34.689998626708984,34.0,34.29999923706055,21.572948455810547,343072
2021-12-15,BAFL,34.29999923706055,34.900001525878906,33.75,34.2599983215332,21.54779052734375,1911021
2021-12-16,BAFL,34.0099983215332,34.84000015258789,33.79999923706055,33.810001373291016,21.2647705078125,217958
2021-12-17,BAFL,34.459999084472656,34.47999954223633,33.79999923706055,34.06999969482422,21.428293228149414,501985
2021-12-20,BAFL,33.81999969482422,34.88999938964844,33.81999969482422,34.45000076293945,21.66728973388672,1215965
2021-12-21,BAFL,34.599998474121094,34.599998474121094,34.099998474121094,34.150001525878906,21.478609085083008,132053
2021-12-22,BAFL,34.33000183105469,35.0,34.0099983215332,34.459999084472656,21.673580169677734,59952
2021-12-23,BAFL,34.5,34.54999923706055,34.0,34.279998779296875,21.56036949157715,330388
2021-12-24,BAFL,34.65999984741211,34.689998626708984,34.11000061035156,34.380001068115234,21.62327003479004,14521
2021-12-27,BAFL,34.599998474121094,34.79999923706055,34.04999923706055,34.349998474121094,21.60439682006836,250156
2021-12-28,BAFL,34.29999923706055,34.5,34.0,34.06999969482422,21.428293228149414,452072
2021-12-29,BAFL,34.31999969482422,34.45000076293945,34.0,34.040000915527344,21.409421920776367,99693
2021-12-30,BAFL,33.79999923706055,34.43000030517578,33.79999923706055,34.06999969482422,21.428293228149414,132308
2021-12-31,BAFL,34.11000061035156,34.650001525878906,34.11000061035156,34.599998474121094,21.761632919311523,890269
2022-01-03,BAFL,34.11000061035156,35.689998626708984,34.11000061035156,34.970001220703125,21.99435043334961,3020533
2022-01-04,BAFL,34.79999923706055,35.349998474121094,34.5,34.70000076293945,21.824527740478516,2411056
2022-01-05,BAFL,34.93000030517578,34.93000030517578,34.38999938964844,34.4900016784668,21.69244956970215,481149
2022-01-06,BAFL,34.56999969482422,34.79999923706055,34.0,34.15999984741211,21.484899520874023,703215
2022-01-07,BAFL,34.0,34.84000015258789,34.0,34.279998779296875,21.56036949157715,518897
2022-01-10,BAFL,34.5,35.810001373291016,34.4900016784668,35.68000030517578,22.440898895263672,3815545
2022-01-11,BAFL,35.4900016784668,36.439998626708984,35.47999954223633,36.06999969482422,22.686187744140625,3663660
2022-01-12,BAFL,36.4900016784668,36.790000915527344,35.9900016784668,36.060001373291016,22.679899215698242,982949
2022-01-13,BAFL,36.060001373291016,36.18000030517578,35.79999923706055,35.84000015258789,22.54153060913086,118760
2022-01-14,BAFL,36.0,36.79999923706055,36.0,36.369998931884766,22.874868392944336,776105
2022-01-17,BAFL,36.2599983215332,36.75,36.0,36.060001373291016,22.679899215698242,1218000
2022-01-18,BAFL,36.099998474121094,36.349998474121094,36.0,36.09000015258789,22.69877052307129,363500
2022-01-19,BAFL,35.81999969482422,36.47999954223633,35.5,36.15999984741211,22.7427921295166,718500
2022-01-20,BAFL,36.15999984741211,36.15999984741211,35.29999923706055,35.59000015258789,22.384294509887695,432500
2022-01-21,BAFL,36.0,36.279998779296875,35.65999984741211,35.77000045776367,22.49750518798828,447000
2022-01-24,BAFL,35.5,36.0,35.5,35.7599983215332,22.491212844848633,1137500
2022-01-25,BAFL,36.0,36.880001068115234,35.66999816894531,36.52000045776367,22.969223022460938,3490000
2022-01-26,BAFL,36.900001525878906,37.650001525878906,36.5099983215332,37.349998474121094,23.491247177124023,2753000
2022-01-27,BAFL,37.5,38.400001525878906,37.20000076293945,37.31999969482422,23.472375869750977,4878500
2022-01-28,BAFL,37.4900016784668,38.52000045776367,36.849998474121094,38.31999969482422,24.1013240814209,5486000
2022-01-31,BAFL,38.0,39.099998474121094,38.0,38.4900016784668,24.2082462310791,3278000
2022-02-01,BAFL,38.88999938964844,38.88999938964844,38.0,38.54999923706055,24.245983123779297,1667500
2022-02-02,BAFL,38.5,39.31999969482422,37.5,37.959999084472656,23.874900817871094,4293500
2022-02-03,BAFL,37.900001525878906,38.0,37.11000061035156,37.84000015258789,23.79942512512207,1429000
2022-02-04,BAFL,37.75,37.900001525878906,37.5,37.7599983215332,23.749113082885742,346500
2022-02-07,BAFL,37.27000045776367,38.099998474121094,37.220001220703125,37.650001525878906,23.679927825927734,342666
2022-02-08,BAFL,37.97999954223633,37.97999954223633,37.349998474121094,37.599998474121094,23.648481369018555,183002
2022-02-09,BAFL,37.099998474121094,37.75,37.0,37.22999954223633,23.415773391723633,498586
2022-02-10,BAFL,37.119998931884766,37.9900016784668,37.119998931884766,37.58000183105469,23.63590431213379,2042179
2022-02-11,BAFL,37.9900016784668,37.9900016784668,37.099998474121094,37.439998626708984,23.5478515625,365414
2022-02-14,BAFL,37.47999954223633,37.47999954223633,36.5,36.7599983215332,23.12016487121582,270105
2022-02-15,BAFL,37.0,37.2400016784668,36.25,37.02000045776367,23.283689498901367,402156
2022-02-16,BAFL,37.849998474121094,37.849998474121094,36.54999923706055,37.20000076293945,23.396902084350586,142992
2022-02-17,BAFL,37.08000183105469,38.689998626708984,37.0,37.77000045776367,23.75540542602539,2338096
2022-02-18,BAFL,37.81999969482422,38.400001525878906,37.099998474121094,38.029998779296875,23.918928146362305,1180645
2022-02-21,BAFL,38.25,38.25,37.54999923706055,37.849998474121094,23.80571746826172,169223
2022-02-22,BAFL,37.2599983215332,38.47999954223633,37.04999923706055,38.2400016784668,24.051008224487305,1004906
2022-02-23,BAFL,38.0,38.439998626708984,37.75,37.95000076293945,23.86861801147461,350190
2022-02-24,BAFL,38.0,38.0,36.47999954223633,36.560001373291016,22.994375228881836,4194905
2022-02-25,BAFL,36.75,37.20000076293945,36.29999923706055,36.90999984741211,23.21450424194336,1577691
2022-02-28,BAFL,37.45000076293945,37.45000076293945,36.36000061035156,36.5,22.956636428833008,1192134
2022-03-01,BAFL,36.5,36.939998626708984,36.400001525878906,36.79999923706055,23.14532470703125,240477
2022-03-02,BAFL,36.5,37.0,36.0,36.15999984741211,22.7427921295166,515973
2022-03-03,BAFL,36.25,36.75,36.0,36.2599983215332,22.80569076538086,139940
2022-03-04,BAFL,36.689998626708984,36.689998626708984,35.91999816894531,36.16999816894531,22.74908447265625,76770
2022-03-07,BAFL,34.560001373291016,36.0,34.560001373291016,35.04999923706055,23.33495330810547,622542
2022-03-08,BAFL,35.5,36.0,35.0,36.0,23.967432022094727,166705
2022-03-09,BAFL,35.939998626708984,35.970001220703125,34.599998474121094,35.130001068115234,23.388216018676758,1038387
2022-03-10,BAFL,35.900001525878906,36.38999938964844,35.130001068115234,35.900001525878906,23.900850296020508,439843
2022-03-11,BAFL,35.52000045776367,36.209999084472656,35.52000045776367,35.849998474121094,23.867563247680664,23377
2022-03-14,BAFL,35.9900016784668,35.9900016784668,35.349998474121094,35.779998779296875,23.82095718383789,34941
2022-03-15,BAFL,35.29999923706055,35.849998474121094,35.29999923706055,35.5,23.634550094604492,791647
2022-03-16,BAFL,35.79999923706055,35.79999923706055,35.400001525878906,35.59000015258789,23.69446563720703,1341330
2022-03-17,BAFL,36.189998626708984,36.189998626708984,35.599998474121094,35.650001525878906,23.734416961669922,3164957
2022-03-18,BAFL,33.0,33.650001525878906,32.5,32.9900016784668,22.597352981567383,998716
2022-03-21,BAFL,33.75,33.75,32.70000076293945,33.119998931884766,22.686399459838867,79749
2022-03-22,BAFL,32.720001220703125,33.41999816894531,32.720001220703125,33.0,22.604206085205078,190480
2022-03-23,BAFL,33.0,33.0,33.0,33.0,22.604206085205078,0
2022-03-24,BAFL,32.9900016784668,33.41999816894531,32.61000061035156,33.0,22.604206085205078,2853898
2022-03-25,BAFL,32.52000045776367,33.470001220703125,32.52000045776367,32.689998626708984,22.39185905456543,571694
2022-03-28,BAFL,32.650001525878906,33.25,32.650001525878906,32.97999954223633,22.590503692626953,243651
2022-03-29,BAFL,33.75,33.75,33.11000061035156,33.38999938964844,22.871341705322266,651600
2022-03-30,BAFL,32.79999923706055,33.38999938964844,32.79999923706055,33.349998474121094,22.843942642211914,151875
2022-03-31,BAFL,33.349998474121094,34.099998474121094,33.099998474121094,33.91999816894531,23.234376907348633,1705668
2022-04-01,BAFL,34.400001525878906,35.4900016784668,33.720001220703125,35.029998779296875,23.994705200195312,798403
2022-04-04,BAFL,34.29999923706055,34.849998474121094,34.0,34.0,23.28917694091797,241557
2022-04-05,BAFL,33.9900016784668,34.4900016784668,33.75,34.2599983215332,23.46727180480957,777787
2022-04-06,BAFL,34.5099983215332,34.70000076293945,34.27000045776367,34.65999984741211,23.741262435913086,37598
2022-04-07,BAFL,34.4900016784668,34.95000076293945,34.08000183105469,34.38999938964844,23.556318283081055,32838
2022-04-08,BAFL,35.79999923706055,35.79999923706055,34.90999984741211,35.18000030517578,24.09745216369629,1148205
2022-04-11,BAFL,35.20000076293945,37.0,35.20000076293945,36.869998931884766,25.25505828857422,1496551
2022-04-12,BAFL,36.29999923706055,37.400001525878906,36.29999923706055,36.58000183105469,25.056415557861328,1163219
2022-04-13,BAFL,36.97999954223633,36.97999954223633,36.0,36.349998474121094,24.898868560791016,564255
2022-04-14,BAFL,36.0099983215332,36.970001220703125,35.20000076293945,35.59000015258789,24.3782901763916,1270286
2022-04-15,BAFL,36.150001525878906,36.5,35.5,36.33000183105469,24.885169982910156,159305
2022-04-18,BAFL,36.20000076293945,36.20000076293945,34.9900016784668,35.2599983215332,24.152250289916992,912676
2022-04-19,BAFL,35.25,35.5,35.0,35.02000045776367,23.98785400390625,473497
2022-04-20,BAFL,36.25,36.25,35.0,35.09000015258789,24.03580093383789,264615
2022-04-21,BAFL,34.310001373291016,35.099998474121094,34.310001373291016,34.66999816894531,23.74810791015625,319103
2022-04-22,BAFL,35.86000061035156,35.86000061035156,34.060001373291016,34.15999984741211,23.398773193359375,234342
2022-04-25,BAFL,34.0099983215332,34.689998626708984,34.0099983215332,34.040000915527344,23.316577911376953,321954
2022-04-26,BAFL,34.5,35.9900016784668,33.61000061035156,35.0099983215332,23.98100471496582,2270636
2022-04-27,BAFL,35.29999923706055,35.5,34.709999084472656,35.029998779296875,23.994705200195312,362880
2022-04-28,BAFL,35.5,35.5,34.5099983215332,35.189998626708984,24.104293823242188,2349824
2022-04-29,BAFL,35.189998626708984,35.189998626708984,35.189998626708984,35.189998626708984,24.104293823242188,0
2022-05-02,BAFL,35.189998626708984,35.189998626708984,35.189998626708984,35.189998626708984,24.104293823242188,0
2022-05-03,BAFL,35.189998626708984,35.189998626708984,35.189998626708984,35.189998626708984,24.104293823242188,0
2022-05-04,BAFL,35.189998626708984,35.189998626708984,35.189998626708984,35.189998626708984,24.104293823242188,0
2022-05-05,BAFL,35.189998626708984,35.189998626708984,35.189998626708984,35.189998626708984,24.104293823242188,0
2022-05-06,BAFL,34.900001525878906,35.47999954223633,34.75,34.849998474121094,23.87140464782715,32922
2022-05-09,BAFL,35.47999954223633,35.47999954223633,34.04999923706055,34.97999954223633,23.96044921875,1588011
2022-05-10,BAFL,34.900001525878906,35.400001525878906,34.83000183105469,35.099998474121094,24.042648315429688,3398808
2022-05-11,BAFL,35.5,35.5,33.75,34.849998474121094,23.87140464782715,3893611
2022-05-12,BAFL,34.900001525878906,35.25,34.209999084472656,35.0099983215332,23.98100471496582,7890502
2022-05-13,BAFL,35.099998474121094,35.97999954223633,34.54999923706055,34.790000915527344,23.830307006835938,1579114
2022-05-16,BAFL,34.22999954223633,34.70000076293945,33.5099983215332,34.4900016784668,23.624818801879883,1250866
2022-05-17,BAFL,34.5,34.5,34.04999923706055,34.279998779296875,23.480972290039062,129765
2022-05-18,BAFL,34.279998779296875,34.849998474121094,33.75,34.04999923706055,23.323427200317383,299038
2022-05-19,BAFL,34.0,34.349998474121094,33.959999084472656,34.04999923706055,23.323427200317383,256844
2022-05-20,BAFL,34.0099983215332,34.97999954223633,34.0099983215332,34.25,23.460418701171875,421438
2022-05-23,BAFL,34.9900016784668,34.9900016784668,34.25,34.31999969482422,23.508371353149414,170889
2022-05-24,BAFL,34.95000076293945,34.95000076293945,33.900001525878906,33.900001525878906,23.220680236816406,371361
2022-05-25,BAFL,34.45000076293945,34.45000076293945,33.400001525878906,33.93000030517578,23.24123191833496,1919139
2022-05-26,BAFL,34.0,34.599998474121094,34.0,34.220001220703125,23.43987464904785,183054
2022-05-27,BAFL,34.599998474121094,34.95000076293945,34.0,34.119998931884766,23.371376037597656,846735
2022-05-30,BAFL,34.349998474121094,34.5,33.79999923706055,33.869998931884766,23.200132369995117,127241
2022-05-31,BAFL,33.619998931884766,34.4900016784668,33.619998931884766,34.0099983215332,23.2960262298584,317196
2022-06-01,BAFL,34.0,34.31999969482422,34.0,34.18000030517578,23.4124755859375,69416
2022-06-02,BAFL,34.0,34.0,33.099998474121094,33.279998779296875,22.795991897583008,2710811
2022-06-03,BAFL,33.02000045776367,33.38999938964844,32.709999084472656,32.75,22.432958602905273,433123
2022-06-06,BAFL,32.599998474121094,33.7400016784668,32.599998474121094,33.060001373291016,22.64530372619629,137910
2022-06-07,BAFL,32.5099983215332,33.689998626708984,32.5099983215332,33.5,22.94668960571289,55376
2022-06-08,BAFL,33.04999923706055,33.45000076293945,32.0,32.5099983215332,22.268564224243164,840667
2022-06-09,BAFL,32.97999954223633,32.9900016784668,32.22999954223633,32.349998474121094,22.158966064453125,43790
2022-06-10,BAFL,32.45000076293945,32.650001525878906,31.860000610351562,32.45000076293945,22.227468490600586,18052
2022-06-13,BAFL,31.799999237060547,32.2599983215332,31.489999771118164,31.59000015258789,21.638385772705078,752590
2022-06-14,BAFL,31.780000686645508,31.989999771118164,31.530000686645508,31.790000915527344,21.775381088256836,33043
2022-06-15,BAFL,32.150001525878906,32.29999923706055,32.0099983215332,32.27000045776367,22.104169845581055,80480
2022-06-16,BAFL,31.799999237060547,33.18000030517578,31.799999237060547,32.9900016784668,22.597352981567383,332379
2022-06-17,BAFL,33.38999938964844,34.849998474121094,32.900001525878906,33.040000915527344,22.631603240966797,923911
2022-06-20,BAFL,33.400001525878906,33.75,32.79999923706055,33.08000183105469,22.65900421142578,336778
2022-06-21,BAFL,32.900001525878906,33.79999923706055,32.79999923706055,33.720001220703125,23.097387313842773,201008
2022-06-22,BAFL,33.75,34.0,33.25,33.25,22.77544593811035,1711023
2022-06-23,BAFL,33.849998474121094,33.95000076293945,33.400001525878906,33.52000045776367,22.96038818359375,185864
2022-06-24,BAFL,33.310001373291016,33.77000045776367,31.15999984741211,31.34000015258789,21.46714210510254,2482538
2022-06-27,BAFL,30.5,32.0,30.5,31.860000610351562,21.823328018188477,182382
2022-06-28,BAFL,32.79999923706055,32.79999923706055,31.549999237060547,31.959999084472656,21.891826629638672,264086
2022-06-29,BAFL,31.75,32.290000915527344,30.600000381469727,31.25,21.405492782592773,1092538
2022-06-30,BAFL,31.5,32.11000061035156,31.25,32.0,21.919225692749023,214100
2022-07-01,BAFL,31.399999618530273,32.5,31.399999618530273,32.47999954223633,22.248014450073242,411520
2022-07-04,BAFL,32.400001525878906,32.540000915527344,32.20000076293945,32.439998626708984,22.220613479614258,133317
2022-07-05,BAFL,32.59000015258789,32.59000015258789,31.049999237060547,31.309999465942383,21.446590423583984,168783
2022-07-06,BAFL,31.5,31.68000030517578,31.200000762939453,31.5,21.576740264892578,57683
2022-07-07,BAFL,31.889999389648438,32.11000061035156,31.020000457763672,32.099998474121094,21.98771858215332,116301
2022-07-08,BAFL,32.099998474121094,32.099998474121094,32.099998474121094,32.099998474121094,21.98771858215332,0
2022-07-11,BAFL,32.099998474121094,32.099998474121094,32.099998474121094,32.099998474121094,21.98771858215332,0
2022-07-12,BAFL,32.099998474121094,32.099998474121094,32.099998474121094,32.099998474121094,21.98771858215332,0
2022-07-13,BAFL,32.81999969482422,33.5,31.510000228881836,33.150001525878906,22.706947326660156,285114
2022-07-14,BAFL,33.84000015258789,33.84000015258789,32.86000061035156,33.29999923706055,22.809694290161133,57875
2022-07-15,BAFL,33.29999923706055,33.849998474121094,32.7599983215332,33.20000076293945,22.741195678710938,83978
2022-07-18,BAFL,32.560001373291016,32.9900016784668,32.130001068115234,32.220001220703125,22.069923400878906,65667
2022-07-19,BAFL,32.70000076293945,32.70000076293945,31.100000381469727,31.40999984741211,21.515090942382812,155592
2022-07-20,BAFL,31.100000381469727,31.479999542236328,30.979999542236328,31.030000686645508,21.254798889160156,103704
2022-07-21,BAFL,31.010000228881836,31.18000030517578,30.75,31.06999969482422,21.282203674316406,187430
2022-07-22,BAFL,31.799999237060547,31.799999237060547,30.309999465942383,30.6299991607666,20.980810165405273,817089
2022-07-25,BAFL,31.260000228881836,31.260000228881836,30.25,30.389999389648438,20.81641387939453,24229
2022-07-26,BAFL,30.010000228881836,30.5,29.510000228881836,29.809999465942383,20.419130325317383,302062
2022-07-27,BAFL,30.84000015258789,31.479999542236328,29.719999313354492,30.829999923706055,21.1178035736084,706303
2022-07-28,BAFL,31.43000030517578,31.489999771118164,31.0,31.25,21.405492782592773,662027
2022-07-29,BAFL,32.45000076293945,33.59000015258789,32.25,33.56999969482422,22.994638442993164,1687027
2022-08-01,BAFL,33.86000061035156,34.7400016784668,33.0,33.61000061035156,23.022037506103516,563742
2022-08-02,BAFL,33.25,34.29999923706055,32.91999816894531,33.25,22.77544593811035,633054
2022-08-03,BAFL,33.7400016784668,34.099998474121094,33.349998474121094,33.470001220703125,22.926143646240234,782669
2022-08-04,BAFL,33.599998474121094,34.25,33.599998474121094,34.04999923706055,25.20616912841797,491920
2022-08-05,BAFL,34.4900016784668,35.5,33.599998474121094,34.709999084472656,25.694746017456055,2547747
2022-08-08,BAFL,34.709999084472656,34.709999084472656,34.709999084472656,34.709999084472656,25.694746017456055,0
2022-08-09,BAFL,34.709999084472656,34.709999084472656,34.709999084472656,34.709999084472656,25.694746017456055,0
2022-08-10,BAFL,32.5,32.900001525878906,31.5,32.689998626708984,25.103445053100586,7265479
2022-08-11,BAFL,32.70000076293945,33.869998931884766,32.0,32.099998474121094,24.650367736816406,2556952
2022-08-12,BAFL,32.599998474121094,34.20000076293945,32.0,33.029998779296875,25.364540100097656,1619918
2022-08-15,BAFL,33.5,35.4900016784668,33.20000076293945,33.29999923706055,25.57187843322754,4350270
2022-08-16,BAFL,33.349998474121094,33.45000076293945,32.79999923706055,33.0099983215332,25.349180221557617,647941
2022-08-17,BAFL,32.810001373291016,33.5,32.810001373291016,33.22999954223633,25.51812171936035,257948
2022-08-18,BAFL,33.470001220703125,34.0,33.150001525878906,33.349998474121094,25.610271453857422,836129
2022-08-19,BAFL,33.25,33.25,32.400001525878906,32.4900016784668,24.949861526489258,5665365
2022-08-22,BAFL,32.45000076293945,32.939998626708984,31.809999465942383,32.099998474121094,24.650367736816406,2930735
2022-08-23,BAFL,31.860000610351562,33.34000015258789,31.850000381469727,32.20000076293945,24.727163314819336,10172134
2022-08-24,BAFL,32.0099983215332,33.0,31.600000381469727,32.540000915527344,24.988258361816406,13097030
2022-08-25,BAFL,32.93000030517578,33.9900016784668,32.599998474121094,32.9900016784668,25.333820343017578,4410036
2022-08-26,BAFL,32.61000061035156,33.45000076293945,32.5099983215332,32.61000061035156,25.042011260986328,2286486
2022-08-29,BAFL,32.599998474121094,32.79999923706055,32.189998626708984,32.560001373291016,25.003616333007812,996044
2022-08-30,BAFL,32.880001068115234,33.0,32.5,32.84000015258789,25.218631744384766,578589
2022-08-31,BAFL,32.95000076293945,33.25,32.099998474121094,32.25,24.76555824279785,3626279
2022-09-01,BAFL,32.400001525878906,32.4900016784668,32.189998626708984,32.29999923706055,24.803951263427734,452058
2022-09-02,BAFL,32.47999954223633,32.93000030517578,32.209999084472656,32.66999816894531,25.08808708190918,297510
2022-09-05,BAFL,32.849998474121094,32.849998474121094,32.25,32.45000076293945,24.91914176940918,80755
2022-09-06,BAFL,32.689998626708984,32.7599983215332,32.25,32.720001220703125,25.126482009887695,486781
2022-09-07,BAFL,32.849998474121094,33.099998474121094,32.75,32.9900016784668,25.333820343017578,494900
2022-09-08,BAFL,33.150001525878906,33.150001525878906,32.599998474121094,32.68000030517578,25.095766067504883,85281
2022-09-09,BAFL,32.97999954223633,33.2400016784668,32.5099983215332,32.880001068115234,25.24934959411621,1035044
2022-09-12,BAFL,33.0,33.0,32.599998474121094,32.779998779296875,25.172555923461914,338891
2022-09-13,BAFL,32.9900016784668,32.9900016784668,32.060001373291016,32.5099983215332,24.96521759033203,229486
2022-09-14,BAFL,32.880001068115234,32.880001068115234,32.22999954223633,32.279998779296875,24.78859519958496,172702
2022-09-15,BAFL,32.5,32.599998474121094,32.2599983215332,32.380001068115234,24.865388870239258,268297
2022-09-16,BAFL,33.04999923706055,33.29999923706055,31.5,32.81999969482422,25.20327377319336,4907517
2022-09-19,BAFL,32.79999923706055,32.79999923706055,32.20000076293945,32.220001220703125,24.742521286010742,132650
2022-09-20,BAFL,32.689998626708984,32.689998626708984,32.15999984741211,32.29999923706055,24.803951263427734,195713
2022-09-21,BAFL,32.70000076293945,32.70000076293945,32.20000076293945,32.25,24.76555824279785,532262
2022-09-22,BAFL,32.4900016784668,32.4900016784668,31.489999771118164,31.709999084472656,24.350875854492188,627927
2022-09-23,BAFL,31.940000534057617,32.2400016784668,31.530000686645508,31.579999923706055,24.251049041748047,853324
2022-09-26,BAFL,31.799999237060547,31.959999084472656,31.670000076293945,31.850000381469727,24.45838737487793,170010
2022-09-27,BAFL,31.850000381469727,32.09000015258789,31.799999237060547,31.809999465942383,24.42766761779785,546576
2022-09-28,BAFL,32.0,32.0,31.600000381469727,31.6299991607666,24.289447784423828,56903
2022-09-29,BAFL,31.989999771118164,31.989999771118164,30.700000762939453,30.770000457763672,23.629030227661133,1654808
2022-09-30,BAFL,31.200000762939453,31.5,30.81999969482422,31.139999389648438,23.913164138793945,43323
2022-10-03,BAFL,31.479999542236328,31.479999542236328,30.600000381469727,30.899999618530273,23.728857040405273,50849
2022-10-04,BAFL,31.3700008392334,31.3700008392334,30.600000381469727,31.0,23.80565071105957,414932
2022-10-05,BAFL,31.399999618530273,31.450000762939453,30.6200008392334,30.739999771118164,23.605995178222656,41437
2022-10-06,BAFL,30.989999771118164,31.25,30.600000381469727,31.0,23.80565071105957,84884
2022-10-07,BAFL,30.600000381469727,31.6200008392334,30.559999465942383,31.25,23.99763298034668,108983
2022-10-10,BAFL,31.799999237060547,31.799999237060547,30.799999237060547,31.5,24.18961524963379,95353
2022-10-11,BAFL,31.59000015258789,31.799999237060547,31.149999618530273,31.399999618530273,24.112823486328125,15218
2022-10-12,BAFL,31.75,31.75,30.799999237060547,31.219999313354492,23.97459602355957,16984
2022-10-13,BAFL,31.75,31.75,30.850000381469727,31.0,23.80565071105957,107657
2022-10-14,BAFL,31.399999618530273,31.549999237060547,31.0,31.5,24.18961524963379,162038
2022-10-17,BAFL,31.889999389648438,31.950000762939453,31.219999313354492,31.75,24.3815975189209,328072
2022-10-18,BAFL,31.889999389648438,31.899999618530273,31.049999237060547,31.6299991607666,24.289447784423828,373438
2022-10-19,BAFL,31.65999984741211,31.65999984741211,31.25,31.469999313354492,24.166574478149414,249694
2022-10-20,BAFL,31.700000762939453,31.989999771118164,31.020000457763672,31.1200008392334,23.89780616760254,352434
2022-10-21,BAFL,31.479999542236328,31.899999618530273,30.899999618530273,31.1299991607666,23.90548324584961,155770
2022-10-24,BAFL,31.700000762939453,31.700000762939453,31.049999237060547,31.200000762939453,23.959238052368164,27900
2022-10-25,BAFL,31.489999771118164,31.489999771118164,30.899999618530273,30.969999313354492,23.782615661621094,108351
2022-10-26,BAFL,31.010000228881836,31.010000228881836,30.5,30.6200008392334,23.513843536376953,149697
2022-10-27,BAFL,31.0,31.0,30.6200008392334,30.799999237060547,23.652067184448242,19007
2022-10-28,BAFL,31.299999237060547,31.299999237060547,30.110000610351562,30.959999084472656,23.774934768676758,16775
2022-10-31,BAFL,30.600000381469727,31.25,30.600000381469727,31.079999923706055,23.867088317871094,15609
2022-11-01,BAFL,31.239999771118164,31.25,30.899999618530273,31.200000762939453,23.959238052368164,97007
2022-11-02,BAFL,31.15999984741211,31.270000457763672,30.600000381469727,30.8700008392334,23.705821990966797,930821
2022-11-03,BAFL,30.75,31.0,30.25,30.43000030517578,23.367938995361328,540777
2022-11-04,BAFL,30.25,31.0,30.25,30.540000915527344,23.452407836914062,944092
2022-11-07,BAFL,30.950000762939453,31.0,30.5,30.809999465942383,23.659744262695312,138296
2022-11-08,BAFL,30.899999618530273,32.29999923706055,30.649999618530273,31.8700008392334,24.47374725341797,6073741
2022-11-09,BAFL,31.8700008392334,31.8700008392334,31.8700008392334,31.8700008392334,24.47374725341797,0
2022-11-10,BAFL,32.27000045776367,34.2599983215332,32.0,34.2599983215332,26.309085845947266,21316777
2022-11-11,BAFL,35.0,35.0,33.54999923706055,33.939998626708984,26.06334686279297,8743137
2022-11-14,BAFL,33.81999969482422,33.97999954223633,33.31999969482422,33.5099983215332,25.73314094543457,718770
2022-11-15,BAFL,33.29999923706055,33.59000015258789,33.0,33.040000915527344,25.37221908569336,482004
2022-11-16,BAFL,33.040000915527344,33.20000076293945,32.599998474121094,32.68000030517578,25.095766067504883,541856
2022-11-17,BAFL,32.529998779296875,32.709999084472656,32.25,32.41999816894531,24.896102905273438,615132
2022-11-18,BAFL,32.25,33.0,32.25,32.5,24.957538604736328,119321
2022-11-21,BAFL,32.900001525878906,32.900001525878906,32.25,32.349998474121094,24.842350006103516,217659
2022-11-22,BAFL,32.29999923706055,32.9900016784668,32.27000045776367,32.52000045776367,24.972898483276367,376380
2022-11-23,BAFL,32.79999923706055,32.9900016784668,32.25,32.27000045776367,24.780916213989258,154143
2022-11-24,BAFL,32.29999923706055,32.7400016784668,32.20000076293945,32.2400016784668,24.75788116455078,1328601
2022-11-25,BAFL,32.29999923706055,32.349998474121094,32.040000915527344,32.25,24.76555824279785,313631
2022-11-28,BAFL,31.969999313354492,32.38999938964844,31.75,31.829999923706055,24.44302749633789,446350
2022-11-29,BAFL,31.770000457763672,32.400001525878906,31.700000762939453,32.150001525878906,24.688766479492188,6738956
2022-11-30,BAFL,32.220001220703125,32.34000015258789,31.989999771118164,32.099998474121094,24.650367736816406,839129
2022-12-01,BAFL,32.25,32.5,32.0,32.29999923706055,24.803951263427734,1940129
2022-12-02,BAFL,32.349998474121094,32.349998474121094,31.649999618530273,31.979999542236328,24.55821990966797,1316801
2022-12-05,BAFL,32.0,32.0,31.399999618530273,31.459999084472656,24.158897399902344,191783
2022-12-06,BAFL,31.969999313354492,32.0,31.399999618530273,31.59000015258789,24.25872802734375,1557452
2022-12-07,BAFL,31.559999465942383,32.310001373291016,31.5,32.220001220703125,24.742521286010742,386816
2022-12-08,BAFL,32.400001525878906,32.5,32.11000061035156,32.41999816894531,24.896102905273438,247764
2022-12-09,BAFL,32.43000030517578,32.88999938964844,32.27000045776367,32.72999954223633,25.134164810180664,359767
2022-12-12,BAFL,32.88999938964844,33.4900016784668,32.25,32.560001373291016,25.003616333007812,2873798
2022-12-13,BAFL,32.70000076293945,32.9900016784668,32.40999984741211,32.5,24.957538604736328,918094
2022-12-14,BAFL,32.5,32.5,31.049999237060547,31.15999984741211,23.92852210998535,3682253
2022-12-15,BAFL,31.200000762939453,31.200000762939453,30.350000381469727,30.690000534057617,23.567596435546875,41170025
2022-12-16,BAFL,30.899999618530273,30.940000534057617,30.700000762939453,30.75,23.61366844177246,17468556
2022-12-19,BAFL,31.399999618530273,31.399999618530273,30.25,30.68000030517578,23.559917449951172,29018337
2022-12-20,BAFL,30.510000228881836,30.799999237060547,29.760000228881836,30.049999237060547,23.076126098632812,4133983
2022-12-21,BAFL,30.59000015258789,30.59000015258789,29.299999237060547,29.639999389648438,22.76127815246582,654378
2022-12-22,BAFL,29.989999771118164,30.399999618530273,29.799999237060547,29.84000015258789,22.91486167907715,1080883
2022-12-23,BAFL,30.0,30.299999237060547,29.510000228881836,29.829999923706055,22.907182693481445,182014
2022-12-26,BAFL,30.299999237060547,30.31999969482422,29.799999237060547,30.0,23.03772735595703,299161
2022-12-27,BAFL,30.299999237060547,30.600000381469727,29.899999618530273,29.959999084472656,23.007009506225586,16339606
2022-12-28,BAFL,29.90999984741211,30.280000686645508,29.510000228881836,29.600000381469727,22.730558395385742,57893713
2022-12-29,BAFL,29.8799991607666,30.0,29.5,29.8799991607666,22.94557762145996,52190634
2022-12-30,BAFL,29.8799991607666,30.469999313354492,29.850000381469727,30.139999389648438,23.145238876342773,4688805
2023-01-02,BAFL,30.0,31.799999237060547,29.799999237060547,31.290000915527344,24.028350830078125,1937561
2023-01-03,BAFL,31.399999618530273,31.440000534057617,30.860000610351562,31.09000015258789,23.87476921081543,5807404
2023-01-04,BAFL,31.100000381469727,31.489999771118164,30.899999618530273,31.399999618530273,24.112823486328125,2664539
2023-01-05,BAFL,31.450000762939453,31.5,31.0,31.059999465942383,23.851730346679688,160412
2023-01-06,BAFL,31.200000762939453,31.200000762939453,30.56999969482422,30.700000762939453,23.575275421142578,327025
2023-01-09,BAFL,30.299999237060547,30.950000762939453,29.360000610351562,29.440000534057617,22.607690811157227,906546
2023-01-10,BAFL,30.0,30.239999771118164,29.600000381469727,30.0,23.03772735595703,335096
2023-01-11,BAFL,30.100000381469727,30.149999618530273,29.600000381469727,29.860000610351562,22.93021583557129,91618
2023-01-12,BAFL,29.600000381469727,30.0,29.600000381469727,29.889999389648438,22.953256607055664,155752
2023-01-13,BAFL,29.510000228881836,29.8700008392334,29.5,29.559999465942383,22.699838638305664,41047
2023-01-16,BAFL,29.700000762939453,30.0,29.100000381469727,29.280000686645508,22.484825134277344,183450
2023-01-17,BAFL,29.989999771118164,29.989999771118164,28.149999618530273,28.5,21.88584327697754,1303461
2023-01-18,BAFL,28.899999618530273,28.899999618530273,28.170000076293945,28.31999969482422,21.74761390686035,2732755
2023-01-19,BAFL,28.850000381469727,29.219999313354492,28.100000381469727,28.3799991607666,21.793691635131836,953565
2023-01-20,BAFL,28.850000381469727,28.850000381469727,28.209999084472656,28.510000228881836,21.89352035522461,37686
2023-01-23,BAFL,28.329999923706055,28.899999618530273,28.18000030517578,28.540000915527344,21.91655731201172,233964
2023-01-24,BAFL,28.889999389648438,28.889999389648438,28.25,28.440000534057617,21.839765548706055,1059402
2023-01-25,BAFL,28.5,29.43000030517578,28.5,29.040000915527344,22.300525665283203,2300479
2023-01-26,BAFL,29.149999618530273,30.729999542236328,29.049999237060547,30.06999969482422,23.091482162475586,2892109
2023-01-27,BAFL,30.200000762939453,30.450000762939453,29.950000762939453,30.25,23.22970962524414,1464663
2023-01-30,BAFL,30.799999237060547,30.799999237060547,29.799999237060547,29.950000762939453,22.999332427978516,2837153
2023-01-31,BAFL,30.290000915527344,31.200000762939453,29.950000762939453,30.899999618530273,23.728857040405273,2125918
2023-02-01,BAFL,30.959999084472656,31.600000381469727,30.65999984741211,31.229999542236328,23.982275009155273,486610
2023-02-02,BAFL,31.540000915527344,32.099998474121094,30.510000228881836,31.489999771118164,24.181936264038086,2894361
2023-02-03,BAFL,31.489999771118164,31.489999771118164,30.5,30.649999618530273,23.536880493164062,779575
2023-02-06,BAFL,30.979999542236328,31.200000762939453,30.610000610351562,31.049999237060547,23.844045639038086,2197290
2023-02-07,BAFL,31.200000762939453,31.200000762939453,30.899999618530273,30.989999771118164,23.7979736328125,354746
2023-02-08,BAFL,31.190000534057617,31.399999618530273,30.75,30.81999969482422,23.667428970336914,2238245
2023-02-09,BAFL,31.100000381469727,31.299999237060547,30.90999984741211,31.09000015258789,23.87476921081543,520265
2023-02-10,BAFL,30.760000228881836,31.25,30.5,30.540000915527344,23.452407836914062,510225
2023-02-13,BAFL,30.920000076293945,30.989999771118164,30.100000381469727,30.25,23.22970962524414,336651
2023-02-14,BAFL,30.25,30.56999969482422,30.0,30.200000762939453,23.191314697265625,207662
2023-02-15,BAFL,30.5,30.700000762939453,29.809999465942383,30.219999313354492,23.20667266845703,970807
2023-02-16,BAFL,30.049999237060547,30.600000381469727,30.049999237060547,30.399999618530273,23.34489631652832,692973
2023-02-17,BAFL,30.59000015258789,30.950000762939453,30.200000762939453,30.709999084472656,23.58295249938965,110260
2023-02-20,BAFL,30.690000534057617,30.690000534057617,30.25,30.290000915527344,23.260427474975586,68968
2023-02-21,BAFL,30.100000381469727,30.739999771118164,30.100000381469727,30.420000076293945,23.360252380371094,49021
2023-02-22,BAFL,30.399999618530273,30.489999771118164,30.25,30.440000534057617,23.375614166259766,309835
2023-02-23,BAFL,30.899999618530273,30.899999618530273,30.149999618530273,30.260000228881836,23.237390518188477,136323
2023-02-24,BAFL,30.260000228881836,30.790000915527344,29.709999084472656,30.0,23.03772735595703,483722
2023-02-27,BAFL,30.040000915527344,30.399999618530273,29.329999923706055,30.06999969482422,23.091482162475586,163987
2023-02-28,BAFL,30.049999237060547,31.25,30.049999237060547,31.040000915527344,23.836374282836914,2750723
2023-03-01,BAFL,31.040000915527344,31.25,30.700000762939453,31.079999923706055,23.867088317871094,1198155
2023-03-02,BAFL,30.520000457763672,31.700000762939453,30.520000457763672,31.350000381469727,24.074424743652344,308715
2023-03-03,BAFL,31.5,32.20000076293945,31.0,32.02000045776367,24.588939666748047,1853122
2023-03-06,BAFL,32.349998474121094,32.9900016784668,32.099998474121094,32.5,24.957538604736328,2074061
2023-03-07,BAFL,32.900001525878906,32.900001525878906,31.510000228881836,32.0,24.573577880859375,436035
2023-03-08,BAFL,32.45000076293945,32.45000076293945,31.610000610351562,31.899999618530273,24.496784210205078,114363
2023-03-09,BAFL,32.59000015258789,32.59000015258789,31.84000015258789,32.02000045776367,24.588939666748047,2311034
2023-03-10,BAFL,30.5,30.5,29.520000457763672,30.34000015258789,24.24531364440918,595919
2023-03-13,BAFL,30.93000030517578,30.969999313354492,30.049999237060547,30.219999313354492,24.1494197845459,2062598
2023-03-14,BAFL,30.049999237060547,30.399999618530273,30.010000228881836,30.329999923706055,24.23731803894043,2280390
2023-03-15,BAFL,30.100000381469727,30.5,29.899999618530273,30.010000228881836,23.981605529785156,550295
2023-03-16,BAFL,30.239999771118164,30.34000015258789,29.899999618530273,29.920000076293945,23.909683227539062,362918
2023-03-17,BAFL,30.399999618530273,30.399999618530273,29.75,29.969999313354492,23.949636459350586,112740
2023-03-20,BAFL,30.110000610351562,30.110000610351562,29.700000762939453,29.760000228881836,23.781827926635742,273781
2023-03-21,BAFL,29.700000762939453,30.100000381469727,29.5,29.8700008392334,23.869728088378906,132537
2023-03-22,BAFL,29.5,30.200000762939453,29.31999969482422,29.540000915527344,23.60601806640625,107092
2023-03-23,BAFL,29.540000915527344,29.540000915527344,29.540000915527344,29.540000915527344,23.60601806640625,0
2023-03-24,BAFL,29.510000228881836,29.850000381469727,29.399999618530273,29.719999313354492,23.749858856201172,51227
2023-03-27,BAFL,30.190000534057617,30.190000534057617,29.5,29.6200008392334,23.669946670532227,67474
2023-03-28,BAFL,29.989999771118164,29.989999771118164,29.399999618530273,29.56999969482422,23.62999153137207,212416
2023-03-29,BAFL,29.959999084472656,29.959999084472656,29.219999313354492,29.5,23.574054718017578,246651
2023-03-30,BAFL,29.84000015258789,29.84000015258789,29.18000030517578,29.260000228881836,23.38226318359375,1557252
2023-03-31,BAFL,29.200000762939453,29.489999771118164,28.600000381469727,28.780000686645508,22.998685836791992,395731
2023-04-03,BAFL,29.450000762939453,29.600000381469727,28.610000610351562,28.670000076293945,22.910783767700195,613664
2023-04-04,BAFL,28.649999618530273,28.979999542236328,28.5,28.540000915527344,22.806900024414062,139937
2023-04-05,BAFL,29.5,29.5,28.5,28.959999084472656,23.142526626586914,297425
2023-04-06,BAFL,28.530000686645508,29.010000228881836,28.530000686645508,28.809999465942383,23.02265739440918,2496275
2023-04-07,BAFL,28.989999771118164,28.989999771118164,28.65999984741211,28.799999237060547,23.014667510986328,1005354
2023-04-10,BAFL,29.200000762939453,29.200000762939453,28.299999237060547,28.399999618530273,22.695018768310547,2792253
2023-04-11,BAFL,29.299999237060547,29.299999237060547,28.280000686645508,28.450000762939453,22.73497772216797,548078
2023-04-12,BAFL,28.850000381469727,28.850000381469727,28.399999618530273,28.600000381469727,22.854843139648438,1701444
2023-04-13,BAFL,28.969999313354492,28.969999313354492,28.399999618530273,28.469999313354492,22.750961303710938,492150
2023-04-14,BAFL,28.469999313354492,28.469999313354492,28.469999313354492,28.469999313354492,22.750961303710938,0
2023-04-17,BAFL,28.450000762939453,28.940000534057617,28.25,28.309999465942383,22.623098373413086,1824110
2023-04-18,BAFL,28.5,28.59000015258789,28.239999771118164,28.5,22.774932861328125,212720
2023-04-19,BAFL,28.260000228881836,28.790000915527344,28.260000228881836,28.459999084472656,22.74296760559082,1197133
2023-04-20,BAFL,28.8700008392334,29.09000015258789,28.280000686645508,28.770000457763672,22.99069595336914,3210408
2023-04-21,BAFL,28.770000457763672,28.770000457763672,28.770000457763672,28.770000457763672,22.99069595336914,0
2023-04-24,BAFL,28.770000457763672,28.770000457763672,28.770000457763672,28.770000457763672,22.99069595336914,0
2023-04-25,BAFL,28.770000457763672,28.770000457763672,28.770000457763672,28.770000457763672,22.99069595336914,0
2023-04-26,BAFL,29.09000015258789,29.59000015258789,29.09000015258789,29.260000228881836,23.38226318359375,3469301
2023-04-27,BAFL,29.479999542236328,30.0,29.149999618530273,29.459999084472656,23.54208755493164,14264424
2023-04-28,BAFL,29.799999237060547,29.799999237060547,29.0,29.190000534057617,23.32632827758789,2048249
2023-05-01,BAFL,29.190000534057617,29.190000534057617,29.190000534057617,29.190000534057617,23.32632827758789,0
2023-05-02,BAFL,29.049999237060547,29.84000015258789,29.0,29.6299991607666,23.67793846130371,2104470
2023-05-03,BAFL,29.84000015258789,30.100000381469727,29.56999969482422,29.959999084472656,23.941648483276367,3350516
2023-05-04,BAFL,29.899999618530273,30.75,29.899999618530273,30.200000762939453,24.133438110351562,11782165
2023-05-05,BAFL,30.200000762939453,31.450000762939453,30.200000762939453,31.020000457763672,24.78871726989746,8830315
2023-05-08,BAFL,31.34000015258789,31.34000015258789,30.700000762939453,30.739999771118164,24.564964294433594,3914404
2023-05-09,BAFL,31.270000457763672,31.270000457763672,30.229999542236328,30.40999984741211,24.301252365112305,257974
2023-05-10,BAFL,30.40999984741211,30.40999984741211,29.5,30.010000228881836,23.981605529785156,4025757
2023-05-11,BAFL,30.399999618530273,30.559999465942383,30.059999465942383,30.469999313354492,24.349199295043945,186242
2023-05-12,BAFL,30.84000015258789,31.350000381469727,30.489999771118164,30.93000030517578,24.716794967651367,649377
2023-05-15,BAFL,31.200000762939453,31.200000762939453,30.25,31.0,24.772733688354492,492140
2023-05-16,BAFL,31.299999237060547,31.299999237060547,30.709999084472656,30.75,24.572954177856445,611987
2023-05-17,BAFL,31.34000015258789,31.34000015258789,30.549999237060547,30.559999465942383,24.421119689941406,208002
2023-05-18,BAFL,30.5,30.84000015258789,30.399999618530273,30.459999084472656,24.341209411621094,44955
2023-05-19,BAFL,29.809999465942383,30.790000915527344,29.809999465942383,30.59000015258789,24.445093154907227,114522
2023-05-22,BAFL,30.799999237060547,30.799999237060547,30.030000686645508,30.1200008392334,24.069509506225586,149995
2023-05-23,BAFL,30.989999771118164,30.989999771118164,29.989999771118164,30.010000228881836,23.981605529785156,437145
2023-05-24,BAFL,30.700000762939453,30.700000762939453,30.0,30.1299991607666,24.077497482299805,105652
2023-05-25,BAFL,30.600000381469727,30.600000381469727,29.799999237060547,29.8799991607666,23.87771987915039,448241
2023-05-26,BAFL,30.0,30.299999237060547,29.5,29.579999923706055,23.637981414794922,1467197
2023-05-29,BAFL,29.899999618530273,29.899999618530273,29.399999618530273,29.450000762939453,23.534099578857422,342080
2023-05-30,BAFL,29.850000381469727,29.850000381469727,28.40999984741211,28.940000534057617,23.126544952392578,9223546
2023-05-31,BAFL,29.5,29.5,28.510000228881836,28.610000610351562,22.862836837768555,2453661
2023-06-01,BAFL,28.950000762939453,28.969999313354492,28.5,28.520000457763672,22.79091453552246,810460
2023-06-02,BAFL,28.649999618530273,28.809999465942383,28.5,28.59000015258789,22.846853256225586,3689867
2023-06-05,BAFL,28.940000534057617,28.940000534057617,28.5,28.760000228881836,22.982702255249023,3416045
2023-06-06,BAFL,28.93000030517578,29.0,28.6200008392334,28.8799991607666,23.078596115112305,1100016
2023-06-07,BAFL,29.049999237060547,29.049999237060547,28.700000762939453,28.90999984741211,23.10257339477539,1583898
2023-06-08,BAFL,29.0,29.0,28.520000457763672,28.59000015258789,22.846853256225586,669508
2023-06-09,BAFL,28.899999618530273,28.899999618530273,28.440000534057617,28.610000610351562,22.862836837768555,1982646
2023-06-12,BAFL,27.600000381469727,28.649999618530273,27.600000381469727,28.559999465942383,22.822877883911133,3302460
2023-06-13,BAFL,28.989999771118164,28.989999771118164,28.6200008392334,28.81999969482422,23.030649185180664,324058
2023-06-14,BAFL,28.899999618530273,28.950000762939453,28.520000457763672,28.899999618530273,23.094579696655273,70732
2023-06-15,BAFL,28.989999771118164,29.15999984741211,28.510000228881836,29.030000686645508,23.198467254638672,489825
2023-06-16,BAFL,28.25,29.489999771118164,28.25,28.799999237060547,23.014667510986328,216578
2023-06-19,BAFL,28.600000381469727,28.950000762939453,28.600000381469727,28.6200008392334,22.870824813842773,6057834
2023-06-20,BAFL,28.520000457763672,28.899999618530273,28.520000457763672,28.65999984741211,22.902793884277344,1874615
2023-06-21,BAFL,28.65999984741211,28.690000534057617,28.5,28.600000381469727,22.854843139648438,853424
2023-06-22,BAFL,28.520000457763672,28.889999389648438,28.510000228881836,28.700000762939453,22.93475914001465,641383
2023-06-23,BAFL,28.989999771118164,29.200000762939453,28.5,28.600000381469727,22.854843139648438,462620
2023-06-26,BAFL,28.950000762939453,29.959999084472656,28.799999237060547,29.760000228881836,23.781827926635742,431355
2023-06-27,BAFL,29.5,30.5,29.15999984741211,30.440000534057617,24.32522964477539,3017643
2023-06-28,BAFL,30.440000534057617,30.440000534057617,30.440000534057617,30.440000534057617,24.32522964477539,0
2023-06-29,BAFL,30.440000534057617,30.440000534057617,30.440000534057617,30.440000534057617,24.32522964477539,0
2023-06-30,BAFL,30.440000534057617,30.440000534057617,30.440000534057617,30.440000534057617,24.32522964477539,0
2023-07-03,BAFL,32.720001220703125,32.720001220703125,32.720001220703125,32.720001220703125,26.147220611572266,2834483
2023-07-04,BAFL,33.5,33.75,31.700000762939453,33.06999969482422,26.426912307739258,4289487
2023-07-05,BAFL,31.75,33.310001373291016,31.75,32.83000183105469,26.235126495361328,2231619
2023-07-06,BAFL,32.540000915527344,34.5,32.540000915527344,34.20000076293945,27.32991600036621,12044456
2023-07-07,BAFL,34.70000076293945,34.70000076293945,33.81999969482422,34.02000045776367,27.186077117919922,1504116
2023-07-10,BAFL,33.9900016784668,36.20000076293945,33.54999923706055,35.79999923706055,28.608510971069336,4094645
2023-07-11,BAFL,35.689998626708984,35.689998626708984,35.20000076293945,35.33000183105469,28.232929229736328,903988
2023-07-12,BAFL,35.47999954223633,35.9900016784668,34.650001525878906,35.27000045776367,28.184978485107422,2659110
2023-07-13,BAFL,35.11000061035156,35.61000061035156,34.7400016784668,34.880001068115234,27.873321533203125,2672252
2023-07-14,BAFL,34.7599983215332,35.5,34.75,34.900001525878906,27.88930320739746,305898
2023-07-17,BAFL,35.20000076293945,35.20000076293945,33.849998474121094,34.36000061035156,27.457775115966797,1419482
2023-07-18,BAFL,34.81999969482422,34.81999969482422,34.2599983215332,34.4900016784668,27.561664581298828,2459299
2023-07-19,BAFL,34.5,35.810001373291016,34.400001525878906,35.689998626708984,28.520605087280273,1882703
2023-07-20,BAFL,35.5,36.099998474121094,35.27000045776367,35.5,28.3687744140625,2373543
2023-07-21,BAFL,35.5,38.15999984741211,35.5,38.15999984741211,30.494434356689453,3660470
2023-07-24,BAFL,38.5,38.75,36.54999923706055,38.45000076293945,30.72618293762207,1826899
2023-07-25,BAFL,38.38999938964844,39.13999938964844,38.150001525878906,38.560001373291016,30.8140811920166,1832520
2023-07-26,BAFL,38.25,39.68000030517578,38.099998474121094,39.5099983215332,31.573246002197266,2638040
2023-07-27,BAFL,39.5099983215332,39.5099983215332,39.5099983215332,39.5099983215332,31.573246002197266,0
2023-07-28,BAFL,39.5099983215332,39.5099983215332,39.5099983215332,39.5099983215332,31.573246002197266,0
2023-07-31,BAFL,39.939998626708984,42.20000076293945,39.0099983215332,41.09000015258789,32.83586120605469,6728353
2023-08-01,BAFL,41.790000915527344,41.79999923706055,40.5,41.0099983215332,32.77192687988281,991524
2023-08-02,BAFL,41.25,41.75,40.25,40.900001525878906,32.68403244018555,2148156
2023-08-03,BAFL,41.5,42.849998474121094,40.900001525878906,42.38999938964844,33.874717712402344,4166922
2023-08-04,BAFL,42.4900016784668,42.4900016784668,41.209999084472656,41.72999954223633,33.3472900390625,870447
2023-08-07,BAFL,42.220001220703125,42.79999923706055,41.54999923706055,41.779998779296875,33.38725280761719,3155525
2023-08-08,BAFL,41.400001525878906,42.0,40.310001373291016,40.56999969482422,32.420318603515625,947678
2023-08-09,BAFL,40.75,41.689998626708984,40.599998474121094,41.43000030517578,33.1075553894043,856685
2023-08-10,BAFL,41.61000061035156,43.0,38.31999969482422,40.400001525878906,32.28446578979492,23236014
2023-08-11,BAFL,40.5,42.900001525878906,40.5,42.72999954223633,34.146419525146484,10741145
2023-08-14,BAFL,42.72999954223633,42.72999954223633,42.72999954223633,42.72999954223633,34.146419525146484,0
2023-08-15,BAFL,42.900001525878906,43.400001525878906,42.04999923706055,42.66999816894531,34.09846496582031,1086500
2023-08-16,BAFL,42.939998626708984,42.939998626708984,42.11000061035156,42.5099983215332,33.970611572265625,1042937
2023-08-17,BAFL,42.119998931884766,42.97999954223633,41.849998474121094,42.77000045776367,34.178382873535156,6511380
2023-08-18,BAFL,43.0099983215332,43.58000183105469,42.75,43.13999938964844,34.47406005859375,3185504
2023-08-21,BAFL,40.09000015258789,40.470001220703125,39.70000076293945,40.04999923706055,33.157684326171875,1623541
2023-08-22,BAFL,40.150001525878906,41.0,39.900001525878906,40.779998779296875,33.762054443359375,1283946
2023-08-23,BAFL,40.5,42.70000076293945,40.150001525878906,40.540000915527344,33.563358306884766,2739561
2023-08-24,BAFL,40.70000076293945,42.099998474121094,40.209999084472656,41.900001525878906,34.68930435180664,2751703
2023-08-25,BAFL,42.0,42.25,41.310001373291016,41.970001220703125,34.74726486206055,1048590
2023-08-28,BAFL,41.02000045776367,42.470001220703125,41.02000045776367,41.959999084472656,34.738983154296875,1653732
2023-08-29,BAFL,41.25,41.849998474121094,40.13999938964844,40.65999984741211,33.66270446777344,791267
2023-08-30,BAFL,40.93000030517578,41.04999923706055,40.11000061035156,40.779998779296875,33.762054443359375,1391208
2023-08-31,BAFL,40.77000045776367,40.77000045776367,38.599998474121094,40.09000015258789,33.190799713134766,1784449
2023-09-01,BAFL,39.5099983215332,40.349998474121094,39.119998931884766,39.88999938964844,33.02521514892578,538401
2023-09-04,BAFL,40.08000183105469,40.4900016784668,39.0099983215332,39.209999084472656,32.462242126464844,183042
2023-09-05,BAFL,39.029998779296875,39.4900016784668,38.209999084472656,39.0,32.28837966918945,468764
2023-09-06,BAFL,39.38999938964844,40.29999923706055,38.5099983215332,40.04999923706055,33.157684326171875,308607
2023-09-07,BAFL,40.369998931884766,40.369998931884766,38.54999923706055,38.72999954223633,32.06484603881836,862296
2023-09-08,BAFL,38.75,41.11000061035156,38.5,40.81999969482422,33.79517364501953,9272484
2023-09-11,BAFL,40.9900016784668,41.7400016784668,40.5,41.119998931884766,34.04354476928711,59316454
2023-09-12,BAFL,41.25,41.470001220703125,40.130001068115234,40.58000183105469,33.596473693847656,1161504
2023-09-13,BAFL,40.5,40.93000030517578,40.0,40.27000045776367,33.33982467651367,1790467
2023-09-14,BAFL,40.86000061035156,40.88999938964844,40.2599983215332,40.459999084472656,33.49712371826172,232721
2023-09-15,BAFL,40.5,40.72999954223633,39.5,39.689998626708984,32.85963439941406,3609114
2023-09-18,BAFL,39.79999923706055,39.88999938964844,39.34000015258789,39.79999923706055,32.950706481933594,161530
2023-09-19,BAFL,40.0,40.5,39.31999969482422,39.45000076293945,32.66093444824219,210862
2023-09-20,BAFL,39.72999954223633,39.72999954223633,38.75,38.880001068115234,32.189029693603516,251057
2023-09-21,BAFL,39.0,39.54999923706055,38.599998474121094,38.849998474121094,32.16419219970703,418439
2023-09-22,BAFL,39.0,39.5099983215332,38.849998474121094,39.18000030517578,32.437400817871094,1191646
2023-09-25,BAFL,39.2599983215332,39.47999954223633,38.75,38.880001068115234,32.189029693603516,401475
2023-09-26,BAFL,38.5099983215332,38.9900016784668,38.5,38.63999938964844,31.990331649780273,457684
2023-09-27,BAFL,38.599998474121094,38.939998626708984,38.45000076293945,38.5,31.874420166015625,320491
2023-09-28,BAFL,38.5,38.5,38.5,38.5,31.874420166015625,0
2023-09-29,BAFL,38.5,38.5,38.5,38.5,31.874420166015625,0
2023-10-02,BAFL,38.939998626708984,38.939998626708984,37.439998626708984,37.709999084472656,31.220378875732422,2420350
2023-10-03,BAFL,37.599998474121094,37.900001525878906,37.5099983215332,37.709999084472656,31.220378875732422,158193
2023-10-04,BAFL,37.630001068115234,39.099998474121094,37.599998474121094,38.88999938964844,32.19731140136719,2818237
2023-10-05,BAFL,38.90999984741211,39.290000915527344,38.29999923706055,38.43000030517578,31.816476821899414,501295
2023-10-06,BAFL,38.72999954223633,38.79999923706055,38.11000061035156,38.310001373291016,31.71712303161621,357362
2023-10-09,BAFL,38.0099983215332,38.75,37.83000183105469,38.2599983215332,31.675731658935547,330997
2023-10-10,BAFL,38.45000076293945,38.970001220703125,38.209999084472656,38.560001373291016,31.924097061157227,553080
2023-10-11,BAFL,38.5,38.97999954223633,38.5,38.75,32.081398010253906,340816
2023-10-12,BAFL,38.529998779296875,38.900001525878906,38.41999816894531,38.58000183105469,31.94066047668457,232517
2023-10-13,BAFL,38.61000061035156,40.150001525878906,38.61000061035156,40.0,33.11629104614258,4614749
2023-10-16,BAFL,40.5,40.7400016784668,39.099998474121094,40.029998779296875,33.14112854003906,363293
2023-10-17,BAFL,40.0,40.0,39.599998474121094,39.63999938964844,32.818241119384766,342745
2023-10-18,BAFL,39.63999938964844,39.75,38.790000915527344,38.880001068115234,32.189029693603516,444819
2023-10-19,BAFL,38.810001373291016,39.40999984741211,38.5,39.060001373291016,32.33805465698242,2744056
2023-10-20,BAFL,39.25,40.25,39.20000076293945,40.029998779296875,33.14112854003906,1396727
2023-10-23,BAFL,40.400001525878906,40.400001525878906,39.380001068115234,39.41999816894531,32.63610076904297,744338
2023-10-24,BAFL,39.880001068115234,40.0,39.099998474121094,39.70000076293945,32.8679084777832,678205
2023-10-25,BAFL,39.79999923706055,40.06999969482422,39.369998931884766,39.959999084472656,33.08317184448242,1087912
2023-10-26,BAFL,40.130001068115234,40.849998474121094,38.70000076293945,38.880001068115234,32.189029693603516,4578280
2023-10-27,BAFL,38.880001068115234,39.290000915527344,37.52000045776367,39.040000915527344,32.321495056152344,1108934
2023-10-30,BAFL,39.0099983215332,39.189998626708984,38.54999923706055,38.709999084472656,32.048282623291016,1168657
2023-10-31,BAFL,38.650001525878906,39.5,38.650001525878906,39.36000061035156,32.58642578125,514069
2023-11-01,BAFL,39.25,40.04999923706055,39.0,39.810001373291016,32.958988189697266,510292
2023-11-02,BAFL,39.88999938964844,40.2400016784668,39.79999923706055,40.060001373291016,33.16596603393555,613476
2023-11-03,BAFL,40.20000076293945,41.0,39.900001525878906,40.709999084472656,33.7041015625,3721704
2023-11-06,BAFL,40.599998474121094,41.689998626708984,40.599998474121094,40.849998474121094,33.820011138916016,3207921
2023-11-07,BAFL,40.9900016784668,41.099998474121094,40.5,40.56999969482422,33.58819580078125,997209
2023-11-08,BAFL,40.75,41.5,40.45000076293945,41.310001373291016,34.20084762573242,1341103
2023-11-09,BAFL,41.310001373291016,41.310001373291016,41.310001373291016,41.310001373291016,34.20084762573242,0
2023-11-10,BAFL,41.0,41.650001525878906,40.810001373291016,41.15999984741211,34.076663970947266,1402428
2023-11-13,BAFL,40.9900016784668,41.599998474121094,40.88999938964844,41.27000045776367,34.16773223876953,2281231
2023-11-14,BAFL,41.2599983215332,41.27000045776367,39.7400016784668,39.959999084472656,33.08317184448242,2773284
2023-11-15,BAFL,39.970001220703125,40.689998626708984,39.75,39.959999084472656,33.08317184448242,2120326
2023-11-16,BAFL,39.75,40.29999923706055,39.29999923706055,39.380001068115234,32.60298156738281,2285856
2023-11-17,BAFL,39.5,39.54999923706055,38.20000076293945,38.38999938964844,31.78335952758789,2895817
2023-11-20,BAFL,38.95000076293945,38.95000076293945,38.220001220703125,38.36000061035156,31.758522033691406,1213979
2023-11-21,BAFL,38.36000061035156,38.95000076293945,38.36000061035156,38.90999984741211,32.213871002197266,817434
2023-11-22,BAFL,39.34000015258789,40.11000061035156,39.0,39.81999969482422,32.96725845336914,4623224
2023-11-23,BAFL,39.900001525878906,41.77000045776367,39.52000045776367,41.54999923706055,34.3995475769043,8111903
2023-11-24,BAFL,41.439998626708984,42.0,41.0,41.5099983215332,34.366424560546875,3744701
2023-11-27,BAFL,41.650001525878906,43.849998474121094,41.27000045776367,42.959999084472656,35.56689453125,5359514
2023-11-28,BAFL,42.95000076293945,45.599998474121094,42.7400016784668,45.43000030517578,37.611820220947266,3952623
2023-11-29,BAFL,45.45000076293945,47.0,44.79999923706055,45.310001373291016,37.512474060058594,6061317
2023-11-30,BAFL,45.9900016784668,46.25,45.0,45.2599983215332,37.47107696533203,1985935
2023-12-01,BAFL,45.47999954223633,45.939998626708984,45.029998779296875,45.65999984741211,37.802242279052734,1971544
2023-12-04,BAFL,45.900001525878906,46.45000076293945,45.56999969482422,46.25,38.29071044921875,1998557
2023-12-05,BAFL,46.5,47.27000045776367,46.0099983215332,46.290000915527344,38.323829650878906,2559950
2023-12-06,BAFL,46.27000045776367,47.099998474121094,46.27000045776367,46.540000915527344,38.530799865722656,2875164
2023-12-07,BAFL,46.70000076293945,50.029998779296875,46.560001373291016,50.0,41.395362854003906,7664285
2023-12-08,BAFL,50.45000076293945,53.47999954223633,50.25,53.189998626708984,44.03638458251953,5874237
2023-12-11,BAFL,52.790000915527344,53.47999954223633,51.4900016784668,51.81999969482422,42.90214538574219,3451961
2023-12-12,BAFL,51.810001373291016,52.25,51.04999923706055,51.290000915527344,42.4633674621582,1110343
2023-12-13,BAFL,51.25,53.0,49.529998779296875,50.4900016784668,41.80104064941406,3441286
2023-12-14,BAFL,50.310001373291016,50.79999923706055,49.2599983215332,49.880001068115234,41.29600524902344,1002932
2023-12-15,BAFL,49.9900016784668,52.0,49.9900016784668,51.869998931884766,42.943546295166016,1101499
2023-12-18,BAFL,52.08000183105469,52.5,49.790000915527344,50.4900016784668,41.80104064941406,497495
2023-12-19,BAFL,49.900001525878906,50.470001220703125,49.0,49.310001373291016,40.824100494384766,2572688
2023-12-20,BAFL,48.52000045776367,49.5,46.79999923706055,48.52000045776367,40.1700553894043,1759322
2023-12-21,BAFL,48.93000030517578,48.9900016784668,47.5,48.369998931884766,40.045867919921875,651546
2023-12-22,BAFL,48.7400016784668,48.900001525878906,47.5,47.70000076293945,39.491172790527344,500885
2023-12-25,BAFL,47.70000076293945,47.70000076293945,47.70000076293945,47.70000076293945,39.491172790527344,0
2023-12-26,BAFL,47.5,47.84000015258789,44.599998474121094,45.27000045776367,37.4793586730957,837715
2023-12-27,BAFL,44.52000045776367,47.470001220703125,44.52000045776367,47.0099983215332,38.91991424560547,1358831
2023-12-28,BAFL,46.5099983215332,49.650001525878906,46.5099983215332,48.91999816894531,40.501220703125,1525875
2023-12-29,BAFL,49.0,49.0,48.349998474121094,48.5099983215332,40.161781311035156,1074218
2024-01-01,BAFL,48.900001525878906,50.02000045776367,48.7400016784668,49.20000076293945,40.7330322265625,1388329
2024-01-02,BAFL,49.5099983215332,49.97999954223633,48.560001373291016,48.77000045776367,40.37703323364258,1171797
2024-01-03,BAFL,49.0,49.470001220703125,48.5,48.869998931884766,40.4598274230957,1252386
2024-01-04,BAFL,49.22999954223633,49.2400016784668,48.5,48.970001220703125,40.54261779785156,225667
2024-01-05,BAFL,49.400001525878906,50.0,48.5,49.560001373291016,41.03107833862305,2130835
2024-01-08,BAFL,50.20000076293945,50.70000076293945,49.029998779296875,49.2599983215332,40.78270721435547,1320969
2024-01-09,BAFL,49.45000076293945,49.97999954223633,48.75,49.09000015258789,40.641963958740234,969439
2024-01-10,BAFL,49.0,49.7400016784668,48.52000045776367,48.939998626708984,40.51777648925781,2560974
2024-01-11,BAFL,48.900001525878906,49.0,48.400001525878906,48.59000015258789,40.22800827026367,1311308
2024-01-12,BAFL,48.9900016784668,49.29999923706055,48.5099983215332,48.9900016784668,40.55917739868164,1991420
2024-01-15,BAFL,49.0,49.36000061035156,48.15999984741211,48.369998931884766,40.045867919921875,554705
2024-01-16,BAFL,48.29999923706055,49.0,48.0,48.91999816894531,40.501220703125,457181
2024-01-17,BAFL,48.599998474121094,49.70000076293945,48.599998474121094,49.15999984741211,40.69991683959961,915567
2024-01-18,BAFL,48.849998474121094,49.470001220703125,48.099998474121094,48.75,40.360477447509766,428477
2024-01-19,BAFL,49.0099983215332,49.34000015258789,48.209999084472656,48.459999084472656,40.12038040161133,888088
2024-01-22,BAFL,48.650001525878906,49.79999923706055,48.29999923706055,49.380001068115234,40.88205337524414,696342
2024-01-23,BAFL,50.0,50.36000061035156,49.599998474121094,49.97999954223633,41.37879943847656,1750079
2024-01-24,BAFL,50.4900016784668,52.599998474121094,49.79999923706055,51.29999923706055,42.47163772583008,5022983
2024-01-25,BAFL,52.0,52.0,49.9900016784668,50.310001373291016,41.65201187133789,4691190
2024-01-26,BAFL,50.25,50.4900016784668,49.560001373291016,49.79999923706055,41.229774475097656,750754
2024-01-29,BAFL,50.0,50.0,48.349998474121094,48.630001068115234,40.26113510131836,4153566
2024-01-30,BAFL,49.33000183105469,49.4900016784668,48.15999984741211,48.970001220703125,40.54261779785156,1360562
2024-01-31,BAFL,49.11000061035156,51.470001220703125,49.11000061035156,50.4900016784668,41.80104064941406,3987311
2024-02-01,BAFL,51.0,53.75,50.25,51.27000045776367,42.446800231933594,10327286
2024-02-02,BAFL,51.599998474121094,51.599998474121094,50.45000076293945,50.810001373291016,42.06596755981445,1563078
2024-02-06,BAFL,50.9900016784668,51.099998474121094,50.04999923706055,50.9900016784668,42.214988708496094,1640393
2024-02-07,BAFL,51.13999938964844,52.09000015258789,50.790000915527344,51.970001220703125,43.026336669921875,2064380
2024-02-08,BAFL,51.970001220703125,51.970001220703125,51.970001220703125,51.970001220703125,43.026336669921875,0
2024-02-09,BAFL,50.970001220703125,51.5,50.61000061035156,50.849998474121094,42.09907913208008,1415532
2024-02-12,BAFL,51.029998779296875,51.20000076293945,49.20000076293945,49.970001220703125,41.37052536010742,1004635
2024-02-13,BAFL,49.79999923706055,50.970001220703125,49.5,50.52000045776367,41.82586669921875,433959
2024-02-14,BAFL,50.95000076293945,51.599998474121094,50.95000076293945,51.310001373291016,42.479915618896484,587849
2024-02-15,BAFL,51.310001373291016,51.90999984741211,50.75,50.939998626708984,42.1735954284668,1081420
2024-02-16,BAFL,50.61000061035156,51.380001068115234,49.9900016784668,50.58000183105469,41.875545501708984,557842
2024-02-19,BAFL,50.0,51.0,50.0,50.349998474121094,41.68512725830078,451959
2024-02-20,BAFL,50.689998626708984,51.0,50.25,50.34000015258789,41.676841735839844,487033
2024-02-21,BAFL,50.689998626708984,51.189998626708984,50.5099983215332,50.7599983215332,42.02457046508789,652559
2024-02-22,BAFL,50.95000076293945,51.0,50.11000061035156,50.290000915527344,41.63545608520508,1382405
2024-02-23,BAFL,50.29999923706055,51.75,50.29999923706055,51.630001068115234,42.74484634399414,2098747
2024-02-26,BAFL,51.099998474121094,53.130001068115234,51.099998474121094,52.970001220703125,43.854244232177734,1748493
2024-02-27,BAFL,52.25,54.5,52.25,54.08000183105469,44.77322006225586,1586548
2024-02-28,BAFL,54.900001525878906,55.5,53.5,55.189998626708984,45.692195892333984,2360174
2024-02-29,BAFL,54.400001525878906,58.0,54.400001525878906,57.34000015258789,47.472198486328125,4517901
2024-03-01,BAFL,57.900001525878906,58.849998474121094,56.5099983215332,58.43000030517578,48.37461853027344,5834010
2024-03-04,BAFL,57.61000061035156,58.849998474121094,57.61000061035156,58.040000915527344,48.05173110961914,1778256
2024-03-05,BAFL,57.11000061035156,58.7400016784668,57.11000061035156,57.9900016784668,48.01033401489258,637655
2024-03-06,BAFL,58.47999954223633,58.650001525878906,57.70000076293945,58.040000915527344,48.05173110961914,754483
2024-03-07,BAFL,58.470001220703125,58.470001220703125,57.459999084472656,57.939998626708984,47.96894073486328,209576
2024-03-08,BAFL,58.38999938964844,58.599998474121094,56.5099983215332,57.58000183105469,47.670894622802734,7401248
2024-03-11,BAFL,57.970001220703125,58.0,56.61000061035156,57.91999816894531,47.9523811340332,448930
2024-03-12,BAFL,57.95000076293945,58.18000030517578,57.5099983215332,57.79999923706055,47.85303497314453,9472732
2024-03-13,BAFL,53.650001525878906,53.650001525878906,51.5,52.119998931884766,45.10126495361328,7571063
2024-03-14,BAFL,51.97999954223633,52.939998626708984,51.06999969482422,52.36000061035156,45.30894470214844,888980
2024-03-15,BAFL,52.81999969482422,52.81999969482422,51.31999969482422,51.95000076293945,44.95416259765625,287870
2024-03-18,BAFL,51.900001525878906,51.97999954223633,51.150001525878906,51.75,44.78109359741211,226745
2024-03-19,BAFL,52.25,53.7400016784668,51.5099983215332,52.95000076293945,45.81949996948242,1401740
2024-03-20,BAFL,52.95000076293945,53.5,52.2599983215332,53.279998779296875,46.10505676269531,284142
2024-03-21,BAFL,53.25,53.97999954223633,53.20000076293945,53.5,46.295433044433594,630513
2024-03-22,BAFL,53.16999816894531,53.68000030517578,52.75,53.52000045776367,46.312740325927734,435761
2024-03-26,BAFL,53.5099983215332,54.099998474121094,52.15999984741211,53.13999938964844,45.98391342163086,88253
2024-03-27,BAFL,53.15999984741211,54.0,53.0,53.810001373291016,46.563682556152344,182479
2024-03-28,BAFL,54.0,54.7400016784668,53.849998474121094,53.90999984741211,46.65021896362305,874302
2024-03-29,BAFL,54.5,54.5,52.0,52.369998931884766,45.317596435546875,719832
2024-04-01,BAFL,52.5,52.599998474121094,52.0,52.5,45.43008804321289,114343
2024-04-02,BAFL,52.5,53.95000076293945,52.029998779296875,53.470001220703125,46.26947021484375,128898
2024-04-03,BAFL,53.939998626708984,54.70000076293945,52.70000076293945,53.95000076293945,46.68483352661133,423581
2024-04-04,BAFL,54.0,54.4900016784668,53.5099983215332,54.02000045776367,46.74540328979492,766594
2024-04-08,BAFL,54.0,54.849998474121094,53.54999923706055,54.459999084472656,47.12615203857422,901012
2024-04-09,BAFL,54.75,55.599998474121094,52.70000076293945,53.400001525878906,46.208900451660156,6607310
2024-04-15,BAFL,53.29999923706055,53.75,52.9900016784668,53.349998474121094,46.165626525878906,657735
2024-04-16,BAFL,53.04999923706055,53.900001525878906,52.900001525878906,53.59000015258789,46.373313903808594,2458126
2024-04-17,BAFL,53.689998626708984,57.0,53.099998474121094,55.459999084472656,47.99148941040039,2062170
2024-04-18,BAFL,55.380001068115234,56.599998474121094,55.0,56.119998931884766,48.5626106262207,1931692
2024-04-19,BAFL,55.9900016784668,58.0,55.9900016784668,57.650001525878906,49.886573791503906,2876819
2024-04-22,BAFL,57.9900016784668,59.77000045776367,57.5,58.56999969482422,50.682682037353516,2997834
2024-04-23,BAFL,58.56999969482422,58.79999923706055,57.04999923706055,57.4900016784668,49.74811553955078,1113522
2024-04-24,BAFL,57.400001525878906,59.470001220703125,57.400001525878906,57.849998474121094,50.059635162353516,2054309
2024-04-25,BAFL,58.4900016784668,59.0,57.900001525878906,58.58000183105469,50.69133377075195,1476290
2024-04-26,BAFL,58.0099983215332,60.47999954223633,58.0099983215332,59.040000915527344,51.08938980102539,838960
2024-04-29,BAFL,59.040000915527344,59.79999923706055,58.0099983215332,58.54999923706055,50.66537094116211,480836
2024-04-30,BAFL,58.54999923706055,59.75,58.25,58.810001373291016,50.89036560058594,491233
2024-05-02,BAFL,58.75,60.939998626708984,58.75,60.7400016784668,52.560455322265625,1314473
2024-05-03,BAFL,58.20000076293945,60.0,58.20000076293945,59.09000015258789,51.98857879638672,3477889
2024-05-06,BAFL,59.869998931884766,60.099998474121094,58.400001525878906,59.70000076293945,52.5252685546875,3326520
2024-05-07,BAFL,59.900001525878906,60.20000076293945,58.52000045776367,59.06999969482422,51.970977783203125,1292417
2024-05-08,BAFL,59.45000076293945,59.7400016784668,58.75,59.0,51.909393310546875,3251675
2024-05-09,BAFL,59.25,59.4900016784668,58.04999923706055,59.43000030517578,52.28771209716797,433763
2024-05-10,BAFL,59.689998626708984,59.689998626708984,58.11000061035156,58.56999969482422,51.531070709228516,391667
2024-05-13,BAFL,58.900001525878906,59.400001525878906,58.5,58.900001525878906,51.821414947509766,503916
2024-05-14,BAFL,59.400001525878906,59.849998474121094,58.54999923706055,58.849998474121094,51.77741622924805,439913
2024-05-15,BAFL,58.880001068115234,60.70000076293945,58.849998474121094,60.31999969482422,53.07075500488281,1290509
2024-05-16,BAFL,60.400001525878906,62.0,60.220001220703125,61.810001373291016,54.381690979003906,548797
2024-05-17,BAFL,61.5,62.939998626708984,61.5,62.43000030517578,54.92717361450195,392171
2024-05-20,BAFL,62.66999816894531,62.68000030517578,61.5,61.540000915527344,54.144142150878906,239037
2024-05-21,BAFL,61.70000076293945,62.400001525878906,61.2599983215332,62.060001373291016,54.601646423339844,303902
2024-05-22,BAFL,62.349998474121094,62.93000030517578,61.86000061035156,62.56999969482422,55.05035400390625,411701
2024-05-23,BAFL,62.0099983215332,63.599998474121094,61.79999923706055,62.709999084472656,55.17352294921875,701988
2024-05-24,BAFL,62.70000076293945,65.0,62.70000076293945,64.5,56.7484016418457,1586243
2024-05-27,BAFL,64.04000091552734,64.5,62.0,63.20000076293945,55.60463333129883,1468800
2024-05-28,BAFL,63.20000076293945,63.20000076293945,63.20000076293945,63.20000076293945,55.60463333129883,0
2024-05-29,BAFL,63.880001068115234,64.38999938964844,62.0,62.59000015258789,55.06794738769531,921218
2024-05-30,BAFL,62.0,63.61000061035156,61.97999954223633,62.11000061035156,54.645633697509766,322931
2024-05-31,BAFL,63.5,63.689998626708984,60.0099983215332,62.040000915527344,54.58404541015625,306866
2024-06-03,BAFL,61.970001220703125,62.5,60.5099983215332,60.93000030517578,53.607444763183594,1042820
2024-06-04,BAFL,61.68000030517578,61.68000030517578,60.099998474121094,60.65999984741211,53.36988830566406,219777
2024-06-05,BAFL,60.209999084472656,60.209999084472656,58.25,58.5,51.469482421875,995354
2024-06-06,BAFL,59.0,60.0,58.5,59.380001068115234,52.24372863769531,376622
2024-06-07,BAFL,59.02000045776367,59.400001525878906,56.65999984741211,58.59000015258789,51.548667907714844,1855109
2024-06-10,BAFL,58.54999923706055,58.95000076293945,57.5099983215332,58.04999923706055,51.07355880737305,200857
2024-06-11,BAFL,58.04999923706055,58.9900016784668,56.150001525878906,57.5,50.589664459228516,270014
2024-06-12,BAFL,57.20000076293945,58.599998474121094,55.0,56.16999816894531,49.419498443603516,542174
2024-06-13,BAFL,56.400001525878906,60.939998626708984,56.0099983215332,60.939998626708984,53.616241455078125,1314576
2024-06-14,BAFL,62.75,66.12000274658203,61.47999954223633,66.12000274658203,58.17371368408203,5053677
2024-06-20,BAFL,67.0,71.73999786376953,66.5999984741211,70.94000244140625,62.41444396972656,4325817
2024-06-21,BAFL,70.5999984741211,72.75,69.3499984741211,69.95999908447266,61.55222702026367,1483343
2024-06-24,BAFL,69.94999694824219,69.94999694824219,68.05000305175781,68.62000274658203,60.373260498046875,455744
2024-06-25,BAFL,68.11000061035156,68.9800033569336,65.12000274658203,67.23999786376953,59.15911102294922,732566
2024-06-26,BAFL,66.55000305175781,67.9800033569336,66.0,67.26000213623047,59.176700592041016,1044626
2024-06-27,BAFL,67.48999786376953,68.98999786376953,67.3499984741211,68.33999633789062,60.12691116333008,1394155
2024-06-28,BAFL,68.56999969482422,69.0,67.80000305175781,68.0199966430664,59.84536361694336,539473
2024-07-01,BAFL,67.5199966430664,69.98999786376953,67.5199966430664,68.86000061035156,60.58441925048828,706174
2024-07-02,BAFL,69.69999694824219,71.98999786376953,68.94000244140625,69.80999755859375,61.42024230957031,1314759
2024-07-03,BAFL,70.5999984741211,72.5,69.51000213623047,70.30999755859375,61.86015701293945,1070255
2024-07-04,BAFL,71.69000244140625,71.88999938964844,69.5,69.8499984741211,61.45543670654297,1128848
2024-07-05,BAFL,70.47000122070312,70.97000122070312,68.25,68.7300033569336,60.47004699707031,2180507
2024-07-08,BAFL,68.69999694824219,70.18000030517578,68.41000366210938,69.86000061035156,61.464237213134766,936014
2024-07-09,BAFL,69.51000213623047,69.98999786376953,68.0,68.04000091552734,59.86296463012695,726681
2024-07-10,BAFL,68.75,68.75,67.05999755859375,67.48999786376953,59.379066467285156,498352
2024-07-11,BAFL,67.98999786376953,67.98999786376953,66.0,67.0,58.94794845581055,104740
2024-07-12,BAFL,66.52999877929688,68.44999694824219,65.55000305175781,67.44000244140625,59.33507537841797,314559
2024-07-15,BAFL,68.01000213623047,69.04000091552734,68.01000213623047,68.5,60.26769256591797,631065
2024-07-16,BAFL,68.5,68.5,68.5,68.5,60.26769256591797,0
2024-07-17,BAFL,68.5,68.5,68.5,68.5,60.26769256591797,0
2024-07-18,BAFL,68.11000061035156,68.73999786376953,68.0,68.5199966430664,60.2852783203125,434012
2024-07-19,BAFL,68.72000122070312,68.72000122070312,65.5,66.33000183105469,58.35847854614258,1061469
2024-07-22,BAFL,65.12000274658203,66.87000274658203,63.869998931884766,65.05999755859375,57.2411003112793,627395
2024-07-23,BAFL,66.94999694824219,67.25,64.0999984741211,65.01000213623047,57.19710922241211,454437
2024-07-24,BAFL,65.20999908447266,67.55000305175781,64.20999908447266,66.55000305175781,58.552040100097656,183405
2024-07-25,BAFL,66.9000015258789,67.25,65.0,65.12000274658203,57.29389953613281,476309
2024-07-26,BAFL,65.5,66.9000015258789,64.51000213623047,66.66999816894531,58.65761184692383,246659
2024-07-29,BAFL,66.98999786376953,67.0,65.02999877929688,66.02999877929688,58.09452438354492,538108
2024-07-30,BAFL,66.88999938964844,66.9000015258789,64.80999755859375,65.2300033569336,57.390682220458984,286402
2024-07-31,BAFL,66.44999694824219,66.44999694824219,64.0,64.51000213623047,56.7572021484375,860043
2024-08-01,BAFL,64.9000015258789,64.9000015258789,61.27000045776367,62.130001068115234,54.66322708129883,1279830
2024-08-02,BAFL,62.95000076293945,63.9900016784668,61.0099983215332,62.04999923706055,54.59284210205078,151135
2024-08-05,BAFL,62.47999954223633,63.88999938964844,59.5,60.45000076293945,53.18513870239258,1095945
2024-08-06,BAFL,61.880001068115234,62.0,60.5,61.029998779296875,53.695430755615234,191214
2024-08-07,BAFL,61.0,61.47999954223633,60.45000076293945,60.88999938964844,53.5722541809082,174583
2024-08-08,BAFL,61.4900016784668,61.84000015258789,61.0,61.45000076293945,54.0649528503418,243064
2024-08-09,BAFL,60.75,61.70000076293945,58.5,60.38999938964844,54.011287689208984,222099
2024-08-12,BAFL,60.0099983215332,61.4900016784668,59.0,59.41999816894531,53.143741607666016,453744
2024-08-13,BAFL,59.900001525878906,59.900001525878906,58.5099983215332,59.0,52.76810836791992,333559
2024-08-15,BAFL,59.34000015258789,59.849998474121094,58.0099983215332,58.43000030517578,52.2583122253418,355233
2024-08-16,BAFL,58.7400016784668,58.7400016784668,57.709999084472656,58.20000076293945,52.05260467529297,332645
2024-08-19,BAFL,58.29999923706055,58.5,57.849998474121094,57.970001220703125,51.84690475463867,599619
2024-08-20,BAFL,58.88999938964844,58.900001525878906,57.79999923706055,58.0,51.87373352050781,671211
2024-08-21,BAFL,58.47999954223633,59.9900016784668,57.810001373291016,59.369998931884766,53.099029541015625,355653
2024-08-22,BAFL,59.5,60.25,58.7599983215332,59.93000030517578,53.59987258911133,194618
2024-08-23,BAFL,59.900001525878906,60.5,59.0,59.31999969482422,53.05430603027344,301156
2024-08-26,BAFL,59.0,60.0,58.0,58.279998779296875,52.1241569519043,259686
2024-08-27,BAFL,58.279998779296875,58.4900016784668,57.560001373291016,57.9900016784668,51.86479187011719,152319
2024-08-28,BAFL,58.72999954223633,59.79999923706055,57.150001525878906,57.95000076293945,51.829010009765625,366134
2024-08-29,BAFL,57.95000076293945,58.5,57.5,58.310001373291016,52.1509895324707,591580
2024-08-30,BAFL,58.84000015258789,58.84000015258789,57.25,57.599998474121094,51.5159797668457,228688
2024-09-02,BAFL,57.5,58.709999084472656,56.119998931884766,56.93000030517578,50.916748046875,226729
2024-09-03,BAFL,57.0,57.9900016784668,55.5,55.720001220703125,49.83456039428711,542211
2024-09-04,BAFL,57.0,57.20000076293945,56.02000045776367,57.029998779296875,51.006187438964844,88314
2024-09-05,BAFL,57.290000915527344,57.4900016784668,56.5,56.970001220703125,50.95252990722656,639792
2024-09-06,BAFL,57.84000015258789,59.0,57.0,58.20000076293945,52.05260467529297,379449
2024-09-09,BAFL,58.75,58.75,57.5,57.65999984741211,51.569644927978516,376927
2024-09-10,BAFL,57.72999954223633,61.099998474121094,57.099998474121094,60.810001373291016,54.38692855834961,684231
2024-09-11,BAFL,61.0,61.0,59.119998931884766,60.08000183105469,53.73403549194336,535131
2024-09-12,BAFL,60.970001220703125,60.9900016784668,59.65999984741211,60.04999923706055,53.70719909667969,389785
2024-09-13,BAFL,59.810001373291016,61.5,59.75,61.0,54.556854248046875,166937
2024-09-16,BAFL,61.099998474121094,61.349998474121094,60.599998474121094,60.9900016784668,54.54791259765625,521498
2024-09-17,BAFL,60.9900016784668,60.9900016784668,60.9900016784668,60.9900016784668,54.54791259765625,0
2024-09-18,BAFL,61.349998474121094,61.349998474121094,60.0,60.54999923706055,54.154388427734375,237813
2024-09-19,BAFL,60.0,63.0,60.0,62.040000915527344,55.48700714111328,2044293
2024-09-20,BAFL,62.25,64.0,61.5,63.97999954223633,57.22209548950195,5177776
2024-09-23,BAFL,63.70000076293945,64.0,62.0,62.439998626708984,55.844749450683594,701219
2024-09-24,BAFL,62.0,62.29999923706055,60.29999923706055,60.70000076293945,54.288543701171875,823424
2024-09-25,BAFL,60.209999084472656,62.20000076293945,60.209999084472656,61.40999984741211,54.92354965209961,3377794
2024-09-26,BAFL,61.790000915527344,63.20000076293945,61.40999984741211,62.540000915527344,55.93419647216797,1179400
2024-09-27,BAFL,62.5,62.5,60.040000915527344,60.75,54.3332633972168,1076948
2024-09-30,BAFL,61.45000076293945,61.470001220703125,59.52000045776367,60.650001525878906,54.24382781982422,737673
2024-10-01,BAFL,59.97999954223633,60.97999954223633,58.0099983215332,58.380001068115234,52.213600158691406,1048326
2024-10-02,BAFL,58.75,60.900001525878906,57.5,60.0,53.6624870300293,755038
2024-10-03,BAFL,60.900001525878906,62.029998779296875,60.29999923706055,61.95000076293945,55.406517028808594,2106544
2024-10-04,BAFL,61.959999084472656,62.97999954223633,60.5099983215332,62.959999084472656,56.3098258972168,353059
2024-10-07,BAFL,62.959999084472656,65.01000213623047,62.38999938964844,64.66000366210938,57.83026885986328,11325520
2024-10-08,BAFL,65.0199966430664,68.62000274658203,65.0199966430664,68.5,61.264671325683594,1692558
2024-10-09,BAFL,68.5,68.5,68.5,68.5,61.264671325683594,0
2024-10-10,BAFL,67.5,67.8499984741211,66.5,66.9800033569336,59.90522766113281,236863
2024-10-11,BAFL,67.79000091552734,68.48999786376953,66.01000213623047,67.86000061035156,60.69226837158203,278476
2024-10-14,BAFL,68.0,69.0,66.55000305175781,68.0999984741211,60.90691375732422,373093
2024-10-15,BAFL,68.30000305175781,68.76000213623047,67.5,68.55999755859375,61.31832504272461,272759
2024-10-16,BAFL,68.12000274658203,69.0,66.5,67.75,60.5938835144043,293072
2024-10-17,BAFL,68.69000244140625,69.9000015258789,67.0,67.23999786376953,60.137752532958984,888562
2024-10-18,BAFL,67.98999786376953,68.79000091552734,67.0,68.12000274658203,60.9248161315918,435066
2024-10-21,BAFL,68.73999786376953,68.75,67.23999786376953,67.94000244140625,60.763824462890625,2334416
2024-10-22,BAFL,67.94000244140625,68.08000183105469,67.69999694824219,67.80000305175781,60.638607025146484,184850
2024-10-23,BAFL,67.52999877929688,68.20999908447266,67.16000366210938,67.80000305175781,60.638607025146484,360372
2024-10-24,BAFL,67.16999816894531,68.06999969482422,67.16999816894531,67.61000061035156,60.46866989135742,461295
2024-10-25,BAFL,67.11000061035156,68.48999786376953,66.7300033569336,67.31999969482422,60.20930099487305,1238586
2024-10-28,BAFL,67.5,69.48999786376953,67.5,68.45999908447266,61.2288932800293,601784
2024-10-29,BAFL,67.69999694824219,68.0,66.47000122070312,67.04000091552734,60.847686767578125,2354443
2024-10-30,BAFL,67.97000122070312,67.97000122070312,66.0999984741211,66.5,60.35756301879883,738618
2024-10-31,BAFL,66.26000213623047,66.98999786376953,64.81999969482422,65.5199966430664,59.46808624267578,537678
2024-11-01,BAFL,65.0,68.48999786376953,64.5,67.62999725341797,61.38318634033203,1186856
2024-11-04,BAFL,67.30000305175781,68.20999908447266,66.94999694824219,67.19999694824219,60.9929084777832,1428759
2024-11-05,BAFL,67.0,67.5,66.25,67.06999969482422,60.87491226196289,1363752
2024-11-06,BAFL,67.0,68.0,67.0,67.0,60.81138610839844,528407
2024-11-07,BAFL,67.98999786376953,68.44999694824219,66.26000213623047,66.68000030517578,60.52093505859375,791319
2024-11-08,BAFL,67.01000213623047,67.94000244140625,66.26000213623047,67.54000091552734,61.30149841308594,1170001
2024-11-11,BAFL,68.0,68.0,67.0,67.19999694824219,60.9929084777832,568858
2024-11-12,BAFL,67.61000061035156,67.61000061035156,66.0,67.0,60.81138610839844,41398
2024-11-13,BAFL,67.5,67.5,66.26000213623047,66.98999786376953,60.802303314208984,1034826
2024-11-14,BAFL,66.0,68.0,66.0,67.08999633789062,60.893062591552734,3217896
2024-11-15,BAFL,67.9800033569336,68.48999786376953,66.83000183105469,67.05000305175781,60.85676574707031,2217101
2024-11-18,BAFL,67.98999786376953,67.98999786376953,67.0,67.0199966430664,60.82952880859375,693905
2024-11-19,BAFL,67.5,67.9000015258789,67.0199966430664,67.23999786376953,61.02920913696289,374885
2024-11-20,BAFL,67.5,67.80000305175781,67.0,67.0,60.81138610839844,1197786
2024-11-21,BAFL,67.0,67.5,66.01000213623047,66.81999969482422,60.648006439208984,323220
2024-11-22,BAFL,67.80000305175781,73.5,67.0,73.01000213623047,66.26626586914062,8609097
2024-11-25,BAFL,73.47000122070312,78.37999725341797,71.30999755859375,74.29000091552734,67.42801666259766,2818227
2024-11-26,BAFL,74.29000091552734,81.72000122070312,73.0,75.75,68.753173828125,9749937
2024-11-27,BAFL,76.06999969482422,81.98999786376953,76.06999969482422,81.95999908447266,74.38955688476562,3859594
2024-11-28,BAFL,82.51000213623047,84.5,78.01000213623047,78.44000244140625,71.19469451904297,1504751
2024-11-29,BAFL,78.0,82.5,78.0,81.88999938964844,74.3260269165039,1836946
2024-12-02,BAFL,83.0,84.37999725341797,80.0,83.18000030517578,75.49687194824219,2781183
2024-12-03,BAFL,84.0,86.44999694824219,80.5,84.91999816894531,77.0761489868164,2628904
2024-12-04,BAFL,85.0,86.5,84.0999984741211,86.0199966430664,78.07454681396484,871691
2024-12-05,BAFL,86.47000122070312,87.5,85.0,86.97000122070312,78.93680572509766,2078671
2024-12-06,BAFL,87.0,88.41999816894531,84.0199966430664,85.9800033569336,78.03825378417969,1809314
2024-12-09,BAFL,85.98999786376953,86.5,80.0,80.55999755859375,73.1188735961914,6724129
2024-12-10,BAFL,81.0,84.0,78.01000213623047,78.5199966430664,71.26730346679688,1790168
2024-12-11,BAFL,79.4800033569336,80.87999725341797,78.01000213623047,79.41000366210938,72.0750961303711,2145946
2024-12-12,BAFL,79.51000213623047,82.0,79.0,81.04000091552734,73.5545425415039,3834897
2024-12-13,BAFL,81.0,81.44999694824219,75.9000015258789,76.2699966430664,69.22513580322266,2756796
2024-12-16,BAFL,76.30000305175781,78.98999786376953,75.0999984741211,76.0999984741211,69.07083129882812,2214953
2024-12-17,BAFL,76.0999984741211,82.94999694824219,75.4000015258789,79.9000015258789,72.51984405517578,1383490
2024-12-18,BAFL,81.4000015258789,81.5,77.80000305175781,78.4000015258789,71.15838623046875,2106702
2024-12-19,BAFL,79.01000213623047,80.19999694824219,71.26000213623047,74.13999938964844,67.29188537597656,2835637
2024-12-20,BAFL,74.98999786376953,79.88999938964844,74.5,79.5999984741211,72.24755096435547,1156522
2024-12-23,BAFL,79.98999786376953,84.94000244140625,79.0,82.5199966430664,74.89784240722656,1675130
2024-12-24,BAFL,82.75,83.0,80.5,81.01000213623047,73.52731323242188,1086249
2024-12-26,BAFL,82.38999938964844,82.75,78.2699966430664,79.01000213623047,71.71204376220703,1060451
2024-12-27,BAFL,79.98999786376953,82.25,78.5,81.33999633789062,73.82682800292969,3767987
2024-12-30,BAFL,80.01000213623047,87.0,79.5999984741211,85.8499984741211,77.92024993896484,2712315
2024-12-31,BAFL,85.8499984741211,85.8499984741211,82.5999984741211,83.33000183105469,75.63301849365234,984421
2025-01-01,BAFL,83.33000183105469,83.33000183105469,83.33000183105469,83.33000183105469,75.63301849365234,0
2025-01-02,BAFL,83.25,87.30000305175781,83.25,85.61000061035156,77.70243072509766,1332538
2025-01-03,BAFL,86.94000244140625,88.0,84.5,86.83999633789062,78.81880950927734,500509
2025-01-06,BAFL,86.83999633789062,88.0,83.25,86.13999938964844,78.18346405029297,769682
2025-01-07,BAFL,87.0,87.25,84.5,85.41999816894531,77.52996826171875,268437
2025-01-08,BAFL,86.0,86.3499984741211,82.0,83.38999938964844,75.6874771118164,237823
2025-01-09,BAFL,84.0,85.0,82.36000061035156,82.97000122070312,75.3062744140625,492208
2025-01-10,BAFL,82.97000122070312,84.87000274658203,82.5,83.75,76.01422119140625,374068
2025-01-13,BAFL,82.01000213623047,85.0,81.69999694824219,82.5999984741211,74.97044372558594,1029642
2025-01-14,BAFL,82.33000183105469,82.88999938964844,80.11000061035156,81.51000213623047,73.98113250732422,1340349
2025-01-15,BAFL,82.0,84.5,82.0,83.68000030517578,75.95069885253906,365750
2025-01-16,BAFL,84.44999694824219,84.77999877929688,82.9000015258789,84.19999694824219,76.42266082763672,1450715
2025-01-17,BAFL,84.4000015258789,85.5,83.25,85.08999633789062,77.2304458618164,832526
2025-01-20,BAFL,84.9000015258789,85.75,83.69999694824219,83.83000183105469,76.08683776855469,625309
2025-01-21,BAFL,84.5,84.5,83.51000213623047,84.05000305175781,76.2865219116211,215852
2025-01-22,BAFL,83.95999908447266,85.69000244140625,83.5,84.0,76.24113464355469,970442
2025-01-23,BAFL,85.4800033569336,85.4800033569336,83.9000015258789,83.97000122070312,76.21389770507812,119546
2025-01-24,BAFL,84.30000305175781,85.19999694824219,83.01000213623047,84.97000122070312,77.12154388427734,290794
2025-01-27,BAFL,84.97000122070312,85.30000305175781,82.0,82.62999725341797,74.99767303466797,971702
2025-01-28,BAFL,83.48999786376953,83.48999786376953,82.0,82.87000274658203,75.21551513671875,195035
2025-01-29,BAFL,82.98999786376953,82.98999786376953,80.79000091552734,81.51000213623047,73.98113250732422,2165797
2025-01-30,BAFL,82.5,83.4000015258789,80.0,80.98999786376953,73.50916290283203,1247053
2025-01-31,BAFL,81.9000015258789,81.9000015258789,80.80000305175781,81.0999984741211,73.60900115966797,3841081
2025-02-03,BAFL,80.01000213623047,81.0,80.0,80.20999908447266,72.80120849609375,235314
2025-02-04,BAFL,80.20999908447266,80.8499984741211,78.9000015258789,79.0999984741211,71.79373931884766,439163
2025-02-06,BAFL,80.77999877929688,80.9000015258789,77.5,78.70999908447266,71.43976593017578,439131
2025-02-07,BAFL,79.87999725341797,80.0,78.5,78.88999938964844,71.6031265258789,375327
2025-02-10,BAFL,79.9000015258789,79.9000015258789,76.05000305175781,78.5,71.24915313720703,525422
2025-02-11,BAFL,79.9800033569336,79.9800033569336,78.75,78.87999725341797,71.59406280517578,103854
2025-02-12,BAFL,79.0,79.9000015258789,77.0,77.23999786376953,70.10553741455078,503177
2025-02-13,BAFL,77.9000015258789,78.44000244140625,77.0,78.0999984741211,70.88609313964844,467283
2025-02-14,BAFL,77.75,79.79000091552734,77.55000305175781,79.25,71.92988586425781,310083
2025-02-17,BAFL,79.69999694824219,80.20999908447266,78.0,78.69000244140625,71.42160034179688,791708
2025-02-18,BAFL,79.83000183105469,80.0,78.48999786376953,79.72000122070312,72.3564682006836,399048
2025-02-19,BAFL,79.9000015258789,80.19999694824219,79.0,79.97000122070312,72.58336639404297,1472409
2025-02-20,BAFL,80.0,80.0,78.41000366210938,78.66000366210938,71.39437866210938,4696305
2025-02-21,BAFL,79.0,79.0,77.1500015258789,77.43000030517578,70.27798461914062,431459
2025-02-24,BAFL,77.43000030517578,79.0,77.43000030517578,77.8499984741211,70.65918731689453,490876
2025-02-25,BAFL,78.8499984741211,79.0,77.01000213623047,77.9800033569336,70.77719116210938,7394938
2025-02-26,BAFL,78.1500015258789,78.5,77.1500015258789,77.33999633789062,70.19630432128906,4172023
2025-02-27,BAFL,78.5999984741211,78.9000015258789,76.91000366210938,77.02999877929688,69.9149398803711,601817
2025-02-28,BAFL,77.02999877929688,77.95999908447266,77.0,77.05999755859375,69.94216918945312,235176
2025-03-03,BAFL,78.5,78.5,77.06999969482422,77.0999984741211,69.97846221923828,191361
2025-03-04,BAFL,77.0999984741211,77.0999984741211,77.0999984741211,77.0999984741211,69.97846221923828,0
2025-03-05,BAFL,78.0199966430664,78.0199966430664,77.0,77.08999633789062,69.96939086914062,282804
2025-03-06,BAFL,77.0999984741211,77.9800033569336,76.8499984741211,77.25,70.11460876464844,461675
2025-03-07,BAFL,77.75,78.5999984741211,77.5,77.7699966430664,70.58657836914062,282515
2025-03-10,BAFL,77.5,77.5,75.0,76.0199966430664,70.12535095214844,82266
2025-03-11,BAFL,75.5,76.98999786376953,75.0,75.13999938964844,69.31359100341797,96268
2025-03-12,BAFL,76.0,76.73999786376953,74.0,75.68000030517578,69.81172180175781,98420
2025-03-13,BAFL,76.0,76.47000122070312,75.0,75.05000305175781,69.2305679321289,239395
2025-03-14,BAFL,76.37999725341797,76.5999984741211,75.5,75.62000274658203,69.75637817382812,394461
2025-03-17,BAFL,75.98999786376953,76.31999969482422,75.0999984741211,75.51000213623047,69.6549072265625,42758
2025-03-18,BAFL,75.9000015258789,77.0,75.9000015258789,76.69000244140625,70.74341583251953,101545
2025-03-19,BAFL,77.23999786376953,77.98999786376953,76.0,77.41999816894531,71.41679382324219,397781
2025-03-20,BAFL,77.41999816894531,78.0,76.86000061035156,76.91000366210938,70.94635009765625,355656
2025-03-21,BAFL,77.69999694824219,77.69999694824219,75.69999694824219,75.98999786376953,70.09767150878906,103044
2025-03-24,BAFL,77.0,77.26000213623047,75.0999984741211,75.95999908447266,70.07001495361328,112747
2025-03-25,BAFL,77.12999725341797,77.12999725341797,75.41000366210938,75.55999755859375,69.70101928710938,344640
2025-03-26,BAFL,76.9800033569336,76.9800033569336,72.5,73.87999725341797,68.15128326416016,2410018
2025-03-27,BAFL,74.9800033569336,74.9800033569336,71.5,73.12999725341797,67.4594497680664,2047192
2025-03-28,BAFL,73.12999725341797,73.12999725341797,73.12999725341797,73.12999725341797,67.4594497680664,0
2025-03-31,BAFL,73.12999725341797,73.12999725341797,73.12999725341797,73.12999725341797,67.4594497680664,0
2025-04-03,BAFL,73.97000122070312,75.0,73.20999908447266,74.4800033569336,68.70476531982422,713152
2025-04-04,BAFL,75.0,78.0,74.11000061035156,74.37000274658203,68.60330200195312,43523860
2025-04-07,BAFL,73.75,74.19999694824219,70.0,73.43000030517578,67.7361831665039,7698691
2025-04-08,BAFL,74.0999984741211,76.1500015258789,74.0999984741211,75.30000305175781,69.46119689941406,32603056
2025-04-09,BAFL,74.94999694824219,74.94999694824219,73.25,73.55000305175781,67.84688568115234,2886543
2025-04-10,BAFL,75.4800033569336,76.25,74.19999694824219,74.83000183105469,69.02762603759766,6431847
2025-04-11,BAFL,74.80000305175781,74.80000305175781,73.51000213623047,74.02999877929688,68.28966522216797,1783130
2025-04-14,BAFL,74.9000015258789,74.9000015258789,72.94999694824219,73.7699966430664,68.04981994628906,3438962
2025-04-15,BAFL,74.5,75.1500015258789,74.01000213623047,74.30999755859375,68.54794311523438,1866115
2025-04-16,BAFL,74.9000015258789,75.72000122070312,74.0,74.80999755859375,69.0091781616211,4089687
2025-04-17,BAFL,75.0,76.5,74.0,74.51000213623047,68.73245239257812,10345768
2025-04-18,BAFL,74.48999786376953,75.4000015258789,73.5,75.08000183105469,69.25823974609375,4036186
2025-04-21,BAFL,75.5,77.25,75.5,76.6500015258789,70.70650482177734,6429759
2025-04-22,BAFL,76.9000015258789,76.9000015258789,75.0,75.5999984741211,69.73792266845703,1596323
2025-04-23,BAFL,75.79000091552734,76.0999984741211,74.98999786376953,75.0999984741211,69.27670288085938,3616887
2025-04-24,BAFL,74.51000213623047,75.0,72.5,73.47000122070312,67.77308654785156,2854200
2025-04-25,BAFL,74.5,74.5,73.0999984741211,74.13999938964844,68.3911361694336,4283445
2025-04-28,BAFL,72.9000015258789,72.9000015258789,70.97000122070312,71.16999816894531,66.77729797363281,2427924
2025-04-29,BAFL,71.12000274658203,72.41999816894531,70.51000213623047,71.66999816894531,67.2464370727539,880667
2025-04-30,BAFL,71.68000030517578,71.68000030517578,69.98999786376953,70.62000274658203,66.26124572753906,2438938
2025-05-02,BAFL,70.5,73.5,70.5,72.44999694824219,67.97828674316406,1228905
2025-05-05,BAFL,72.5,73.18000030517578,71.25,71.4800033569336,67.06816101074219,366694
2025-05-06,BAFL,71.33000183105469,72.25,70.12000274658203,71.02999877929688,66.64593505859375,512721
2025-05-07,BAFL,68.98999786376953,71.87999725341797,68.5199966430664,69.1500015258789,64.88197326660156,1474547
2025-05-08,BAFL,69.80000305175781,70.9000015258789,62.5,67.48999786376953,63.32442092895508,6702326
2025-05-09,BAFL,66.9800033569336,70.4800033569336,66.9800033569336,70.1500015258789,65.82024383544922,4507583
2025-05-12,BAFL,77.16999816894531,77.16999816894531,74.1500015258789,76.77999877929688,72.04103088378906,10000983
2025-05-13,BAFL,76.0,76.0,74.4000015258789,74.6500015258789,70.04249572753906,1803613
2025-05-14,BAFL,74.55999755859375,74.8499984741211,73.0,73.2300033569336,68.71015167236328,1116299
2025-05-15,BAFL,73.25,74.0,73.25,73.41000366210938,68.87904357910156,362649
2025-05-16,BAFL,74.4000015258789,75.0,73.4000015258789,74.87999725341797,70.25830078125,1200566
2025-05-19,BAFL,74.87999725341797,74.98999786376953,73.75,74.66000366210938,70.05188751220703,640567
2025-05-20,BAFL,74.88999938964844,74.9000015258789,72.5999984741211,73.2300033569336,68.71015167236328,3364680
2025-05-21,BAFL,73.75,74.9000015258789,73.01000213623047,74.45999908447266,69.8642349243164,1405999
2025-05-22,BAFL,74.9800033569336,75.0,73.4000015258789,73.58000183105469,69.03854370117188,1008528
2025-05-23,BAFL,73.91000366210938,74.5,73.44999694824219,74.0,69.43262481689453,692266
2025-05-26,BAFL,74.0,74.0,73.5,73.80000305175781,69.2449722290039,433044
2025-05-27,BAFL,73.9800033569336,73.9800033569336,73.25,73.79000091552734,69.23558807373047,697707
2025-05-28,BAFL,73.79000091552734,73.79000091552734,73.79000091552734,73.79000091552734,69.23558807373047,0
2025-05-29,BAFL,73.26000213623047,74.44999694824219,73.26000213623047,73.5,68.9634780883789,238259
2025-05-30,BAFL,73.9800033569336,74.0,73.25,73.62999725341797,69.08545684814453,175108
2025-06-02,BAFL,73.7699966430664,74.19999694824219,73.5,73.55999755859375,69.01976776123047,231499
2025-06-03,BAFL,73.3499984741211,75.19999694824219,73.3499984741211,74.75,70.13633728027344,862192
2025-06-04,BAFL,74.9800033569336,78.75,74.9800033569336,77.30000305175781,72.52893829345703,11109864
2025-06-05,BAFL,77.73999786376953,78.25,76.5,77.47000122070312,72.6884536743164,1593248
2025-06-06,BAFL,77.47000122070312,77.47000122070312,77.47000122070312,77.47000122070312,72.6884536743164,0
2025-06-09,BAFL,77.47000122070312,77.47000122070312,77.47000122070312,77.47000122070312,72.6884536743164,0
2025-06-10,BAFL,77.55000305175781,79.4800033569336,76.80000305175781,79.13999938964844,74.25537872314453,1240004
2025-06-11,BAFL,79.5,80.80000305175781,79.5,80.41000366210938,75.4469985961914,2867052
2025-06-12,BAFL,80.41000366210938,81.5,77.30000305175781,77.87000274658203,73.06376647949219,3841723
2025-06-13,BAFL,77.01000213623047,77.98999786376953,76.0,76.68000030517578,71.94721221923828,521425
2025-06-16,BAFL,76.68000030517578,76.68000030517578,76.68000030517578,76.68000030517578,71.94721221923828,0
2025-06-17,BAFL,77.5,77.5,75.51000213623047,76.62999725341797,71.90029907226562,371361
2025-06-18,BAFL,77.0,77.23999786376953,75.26000213623047,76.19000244140625,71.48745727539062,122225
2025-06-19,BAFL,76.9800033569336,78.0,74.30000305175781,75.0,70.37090301513672,2087020
2025-06-20,BAFL,76.44000244140625,76.44000244140625,74.51000213623047,75.16999816894531,70.53041076660156,418720
2025-06-23,BAFL,74.69000244140625,75.88999938964844,73.5,74.37000274658203,69.77979278564453,927767
2025-06-24,BAFL,75.01000213623047,79.98999786376953,75.01000213623047,78.05000305175781,73.23265075683594,2193720
2025-06-25,BAFL,79.0,79.8499984741211,78.0999984741211,79.54000091552734,74.63068389892578,1195235
2025-06-26,BAFL,79.9800033569336,80.0,77.0,77.80000305175781,72.99808502197266,1068053
2025-06-27,BAFL,78.3499984741211,80.5,77.75,79.41000366210938,74.50870513916016,2891840
2025-06-30,BAFL,78.05000305175781,80.8499984741211,78.05000305175781,80.23999786376953,75.28748321533203,2333404
2025-07-01,BAFL,81.0,83.0,80.25,82.8499984741211,77.73638916015625,9013689
2025-07-02,BAFL,83.11000061035156,84.6500015258789,82.9000015258789,84.29000091552734,79.0875015258789,8271590
2025-07-03,BAFL,84.5,85.0,83.30999755859375,83.63999938964844,78.47763061523438,9520118
2025-07-04,BAFL,83.5,85.9800033569336,83.0,85.33999633789062,80.07270050048828,4818340
2025-07-07,BAFL,86.4800033569336,90.88999938964844,86.0,88.97000122070312,83.47865295410156,10366138
2025-07-08,BAFL,89.0,89.44000244140625,87.5,88.9000015258789,83.41297912597656,3119897
2025-07-09,BAFL,88.5,89.0,87.41999816894531,88.80999755859375,83.32852172851562,1744672
2025-07-10,BAFL,88.5,92.5,88.5,91.5199966430664,85.87125396728516,3901522
2025-07-11,BAFL,92.5999984741211,94.80000305175781,90.30000305175781,91.55999755859375,85.90879821777344,4084365
2025-07-14,BAFL,91.75,94.5,91.69000244140625,94.12000274658203,88.310791015625,4798976
2025-07-15,BAFL,94.0,96.9000015258789,92.0999984741211,93.20999908447266,87.45695495605469,6396304
2025-07-16,BAFL,93.20999908447266,93.9000015258789,90.5,91.27999877929688,85.64607238769531,2834159
2025-07-17,BAFL,91.5,92.3499984741211,90.30000305175781,91.68000030517578,86.02139282226562,2423990
2025-07-18,BAFL,91.5,92.0,90.88999938964844,91.48999786376953,85.84310913085938,636668
2025-07-21,BAFL,91.48999786376953,92.48999786376953,91.02999877929688,91.9000015258789,86.2278060913086,771397
2025-07-22,BAFL,91.9000015258789,92.44000244140625,91.4000015258789,91.55000305175781,85.8994140625,1174066
2025-07-23,BAFL,92.98999786376953,92.98999786376953,91.75,91.98999786376953,86.312255859375,928064
2025-07-24,BAFL,92.5,92.98999786376953,91.3499984741211,91.62000274658203,85.96510314941406,341896
2025-07-25,BAFL,92.5,92.5,91.3499984741211,91.94999694824219,86.27471923828125,790704
2025-07-28,BAFL,92.41000366210938,92.5,88.80000305175781,89.19999694824219,83.69445037841797,2730461
2025-07-29,BAFL,89.80000305175781,90.75,89.05000305175781,89.8499984741211,84.3043441772461,1042227
2025-07-30,BAFL,90.9000015258789,90.9000015258789,89.0,90.13999938964844,84.5764389038086,1393876
2025-07-31,BAFL,90.25,93.0,87.77999877929688,88.04000091552734,82.6060562133789,6554598
2025-08-01,BAFL,87.11000061035156,88.30000305175781,87.11000061035156,87.52999877929688,82.12753295898438,5146940
2025-08-04,BAFL,87.98999786376953,89.0,87.55999755859375,88.0199966430664,82.58728790283203,4038798
2025-08-05,BAFL,88.05999755859375,89.0,87.7699966430664,88.0,82.56852722167969,3121515
2025-08-06,BAFL,88.30000305175781,90.9000015258789,87.77999877929688,90.0999984741211,84.53890991210938,19236934
2025-08-07,BAFL,90.30000305175781,91.69000244140625,89.5199966430664,91.29000091552734,85.65545654296875,7941820
2025-08-08,BAFL,88.69999694824219,89.9000015258789,87.80000305175781,88.55999755859375,84.24752807617188,1613831
2025-08-11,BAFL,89.88999938964844,90.63999938964844,87.55999755859375,89.29000091552734,84.94197845458984,8681240
2025-08-12,BAFL,89.30000305175781,95.63999938964844,89.30000305175781,94.0,89.4226303100586,10208778
2025-08-13,BAFL,94.48999786376953,97.0,93.25,94.98999786376953,90.36441040039062,5587956
2025-08-15,BAFL,95.0,95.69999694824219,94.75,95.19000244140625,90.55467987060547,964790
2025-08-18,BAFL,95.19000244140625,99.0,94.69999694824219,98.70999908447266,93.90326690673828,7290928
2025-08-19,BAFL,99.0,99.94000244140625,97.9000015258789,99.72000122070312,94.86408233642578,2722713
2025-08-20,BAFL,100.0,104.69999694824219,100.0,103.04000091552734,98.02242279052734,6204463
2025-08-21,BAFL,103.04000091552734,104.19999694824219,101.70999908447266,102.95999908447266,97.9463119506836,7348237
2025-08-22,BAFL,102.9000015258789,105.98999786376953,102.0,103.95999908447266,98.89762115478516,8545465
2025-08-25,BAFL,104.01000213623047,105.94999694824219,103.5,105.70999908447266,100.5624008178711,2433979
2025-08-26,BAFL,106.0,106.0,105.01000213623047,105.56999969482422,100.42921447753906,950877
2025-08-27,BAFL,105.5999984741211,106.0,104.5,105.04000091552734,99.9250259399414,4887175
2025-08-28,BAFL,105.0,105.94999694824219,104.0,104.94000244140625,99.82990264892578,9891749
2025-08-29,BAFL,105.80000305175781,105.80000305175781,104.55000305175781,105.08000183105469,99.96308135986328,7232305
2025-09-01,BAFL,105.08000183105469,105.5,103.73999786376953,104.05000305175781,98.98323822021484,1120312
2025-09-02,BAFL,104.0,107.98999786376953,103.33000183105469,107.58000183105469,102.34133911132812,3756809
2025-09-03,BAFL,107.58000183105469,108.0,105.9000015258789,106.01000213623047,100.84779357910156,2081409
2025-09-04,BAFL,106.05000305175781,107.0,104.0,105.0199966430664,99.90599822998047,2396890
2025-09-05,BAFL,105.0,105.94000244140625,104.0,104.83000183105469,99.72525787353516,952138
2025-09-08,BAFL,105.88999938964844,105.94000244140625,104.0199966430664,105.76000213623047,100.60997009277344,1982148
2025-09-09,BAFL,105.76000213623047,106.19999694824219,103.5,105.55999755859375,100.41970825195312,3023316
2025-09-10,BAFL,105.0,106.87999725341797,103.91999816894531,104.94000244140625,99.82990264892578,1343706
2025-09-11,BAFL,105.5,105.55000305175781,103.5999984741211,104.01000213623047,98.9451904296875,688665
2025-09-12,BAFL,104.0,104.98999786376953,102.5,102.76000213623047,97.75605010986328,848408
2025-09-15,BAFL,102.76000213623047,103.19999694824219,101.0,102.4000015258789,97.41358184814453,872611
2025-09-16,BAFL,102.4000015258789,103.5,100.94999694824219,101.62999725341797,96.68107604980469,619731
2025-09-17,BAFL,101.62999725341797,103.4800033569336,101.01000213623047,101.69000244140625,96.7381591796875,292844
2025-09-18,BAFL,101.66999816894531,103.3499984741211,101.66999816894531,102.58999633789062,97.59432983398438,1264776
2025-09-19,BAFL,102.58999633789062,104.0,102.0999984741211,103.05999755859375,98.04144287109375,1065506
2025-09-22,BAFL,103.08000183105469,104.0,101.31999969482422,101.58000183105469,96.63351440429688,363540
2025-09-23,BAFL,101.58000183105469,101.58000183105469,101.58000183105469,101.58000183105469,96.63351440429688,0
2025-09-24,BAFL,100.26000213623047,102.0999984741211,100.0999984741211,101.77999877929688,96.82377624511719,587312
2025-09-25,BAFL,102.0,102.0,99.01000213623047,100.31999969482422,95.43486785888672,2227152
2025-09-26,BAFL,100.80000305175781,106.54000091552734,100.51000213623047,105.63999938964844,100.49581146240234,2930497
2025-09-29,BAFL,105.62000274658203,108.19999694824219,105.62000274658203,107.68000030517578,102.43647003173828,2481158
2025-09-30,BAFL,108.0,111.9000015258789,107.75,109.33999633789062,104.01563262939453,9463215
2025-10-01,BAFL,109.01000213623047,110.9000015258789,105.0,108.88999938964844,103.58755493164062,7200680
2025-10-02,BAFL,109.0,114.69999694824219,108.0,113.5,107.97306823730469,4517189
2025-10-03,BAFL,114.4000015258789,116.0,112.0,113.73999786376953,108.20137786865234,2450090
2025-10-06,BAFL,113.73999786376953,116.0,108.01000213623047,109.97000122070312,104.61495971679688,3240176
2025-10-07,BAFL,109.97000122070312,109.97000122070312,109.97000122070312,109.97000122070312,104.61495971679688,0
2025-10-08,BAFL,110.69000244140625,119.4000015258789,106.0999984741211,113.87000274658203,108.3250503540039,8771817
2025-10-09,BAFL,113.87000274658203,114.38999938964844,110.0,110.44000244140625,105.06208038330078,1953721
2025-10-10,BAFL,109.98999786376953,109.98999786376953,107.01000213623047,108.41999816894531,103.14043426513672,2197566
2025-10-13,BAFL,108.41999816894531,108.41999816894531,101.5,104.43000030517578,99.34474182128906,4127843
2025-10-14,BAFL,107.0,112.75,107.0,112.0999984741211,106.6412353515625,5684474
2025-10-15,BAFL,112.19999694824219,119.19999694824219,112.0999984741211,116.05999755859375,110.40840911865234,12149051
2025-10-16,BAFL,113.25,119.0,112.30000305175781,112.63999938964844,107.15494537353516,3063906
2025-10-17,BAFL,114.5,114.5,110.5,112.11000061035156,106.65074920654297,1163949
2025-10-20,BAFL,112.3499984741211,117.38999938964844,110.55999755859375,116.5999984741211,110.92210388183594,2572156
2025-10-21,BAFL,117.5,119.9000015258789,115.0,115.48999786376953,109.86616516113281,4718833
2025-10-22,BAFL,115.01000213623047,116.80000305175781,113.05000305175781,114.01000213623047,108.4582290649414,1937208
2025-10-23,BAFL,107.56999969482422,111.01000213623047,107.56999969482422,109.9000015258789,104.54837036132812,10423754
2025-10-24,BAFL,110.0,110.0,106.0,106.62999725341797,101.43760681152344,3840772
2025-10-27,BAFL,106.0,107.44999694824219,104.0,106.55000305175781,101.36150360107422,1008868
2025-10-28,BAFL,107.0,107.9800033569336,104.30000305175781,105.08000183105469,99.96308135986328,928555
2025-10-29,BAFL,104.98999786376953,107.75,104.98999786376953,105.97000122070312,100.80974578857422,1297544
2025-10-30,BAFL,107.27999877929688,107.30000305175781,102.0,102.69000244140625,97.68946838378906,1319987
2025-10-31,BAFL,104.5,111.9000015258789,104.5,111.22000122070312,105.80409240722656,2629762
2025-11-03,BAFL,109.0,110.5,107.0,108.08999633789062,103.99530029296875,716245
2025-11-04,BAFL,109.80000305175781,109.80000305175781,104.9800033569336,105.4000015258789,101.40721130371094,771039
2025-11-05,BAFL,105.4000015258789,105.7300033569336,103.5,104.06999969482422,100.12759399414062,410055
2025-11-06,BAFL,105.0,105.8499984741211,103.5999984741211,104.0,100.06024932861328,191488
2025-11-07,BAFL,105.0,106.69999694824219,103.26000213623047,105.13999938964844,101.15705871582031,670290
2025-11-10,BAFL,106.44999694824219,106.44999694824219,104.5,104.91000366210938,100.93577575683594,361040
2025-11-11,BAFL,104.19999694824219,105.5,102.01000213623047,102.51000213623047,98.62669372558594,845733
2025-11-12,BAFL,103.0,104.47000122070312,102.20999908447266,102.93000030517578,99.0307846069336,1473316
2025-11-13,BAFL,104.19000244140625,105.0,103.05000305175781,103.83000183105469,99.89669036865234,473152
2025-11-14,BAFL,104.9000015258789,105.0,103.05000305175781,103.98999786376953,100.05062866210938,1298471
2025-11-17,BAFL,104.19999694824219,105.37999725341797,103.5,103.87999725341797,99.94478607177734,733158
2025-11-18,BAFL,103.9000015258789,105.0,102.98999786376953,103.06999969482422,99.16548156738281,376742
2025-11-19,BAFL,103.0999984741211,104.3499984741211,101.51000213623047,101.9800033569336,98.11676788330078,863444
2025-11-20,BAFL,103.25,103.25,101.5,101.73999786376953,97.88585662841797,573383
2025-11-21,BAFL,102.98999786376953,103.0,102.0,102.13999938964844,98.27071380615234,360712
2025-11-24,BAFL,102.1500015258789,103.0,101.30000305175781,102.04000091552734,98.17449951171875,1391353
2025-11-25,BAFL,102.05999755859375,104.94999694824219,102.0,103.86000061035156,99.92555236816406,1904024
2025-11-26,BAFL,104.0,104.80000305175781,102.25,102.8499984741211,98.95381164550781,1743805
2025-11-27,BAFL,103.95999908447266,104.19000244140625,102.8499984741211,103.94000244140625,100.00252532958984,676728
2025-11-28,BAFL,103.98999786376953,105.9000015258789,103.0,104.70999908447266,100.74334716796875,1145498
2025-12-01,BAFL,104.70999908447266,105.80000305175781,103.75,104.0,100.06024932861328,584267
2025-12-02,BAFL,105.5,107.5,104.0,105.23999786376953,101.2532730102539,1142081
2025-12-03,BAFL,105.51000213623047,107.19999694824219,103.98999786376953,104.37000274658203,100.41622924804688,515033
2025-12-04,BAFL,105.98999786376953,105.98999786376953,104.0,104.55999755859375,100.59902954101562,134671
2025-12-05,BAFL,105.94999694824219,106.0,103.80000305175781,105.55999755859375,101.56114959716797,1455355
2025-12-08,BAFL,104.30000305175781,106.0,104.30000305175781,105.22000122070312,101.2340316772461,625918
2025-12-09,BAFL,106.0,106.4800033569336,104.51000213623047,105.5999984741211,101.59963989257812,1615403
2025-12-10,BAFL,105.37000274658203,106.19999694824219,104.75,105.20999908447266,101.22441101074219,803981
2025-12-11,BAFL,106.88999938964844,106.88999938964844,104.0999984741211,104.7300033569336,100.7625961303711,587078
2025-12-12,BAFL,105.73999786376953,105.73999786376953,104.51000213623047,104.88999938964844,100.91653442382812,888922
2025-12-15,BAFL,105.0199966430664,105.69999694824219,104.01000213623047,104.5999984741211,100.63751983642578,1214762
2025-12-16,BAFL,104.5999984741211,106.80000305175781,103.9000015258789,105.2300033569336,101.24365234375,11630326
2025-12-17,BAFL,105.4000015258789,107.19999694824219,103.9800033569336,106.29000091552734,102.26350402832031,5101295
2025-12-18,BAFL,107.11000061035156,109.25,107.11000061035156,108.2699966430664,104.16848754882812,1887230
2025-12-19,BAFL,108.38999938964844,108.48999786376953,105.3499984741211,105.83999633789062,101.83053588867188,1008001
2025-12-22,BAFL,105.98999786376953,106.9000015258789,105.0,105.11000061035156,101.1281967163086,892560
2025-12-23,BAFL,105.94999694824219,106.5,105.19999694824219,106.0,101.98448181152344,838585
2025-12-24,BAFL,106.5,106.5,105.05000305175781,105.55999755859375,101.56114959716797,404850
2025-12-26,BAFL,106.30000305175781,107.5,105.11000061035156,106.37999725341797,102.35008239746094,886864
2025-12-29,BAFL,106.91000366210938,107.4000015258789,105.68000030517578,107.01000213623047,102.95622253417969,4962117
2025-12-30,BAFL,107.69999694824219,109.38999938964844,107.0,107.47000122070312,103.39879608154297,2530441
2025-12-31,BAFL,107.98999786376953,109.5,107.5,109.05000305175781,104.9189453125,2049006
