Date,Symbol,Open,High,Low,Close,Adj Close,Volume
2015-01-01,BOP,8.336179733276367,8.396862030029297,8.222400665283203,8.260327339172363,4.0965142250061035,6515283
2015-01-02,BOP,8.267912864685059,8.374106407165527,8.154133796691895,8.192060470581055,4.062658786773682,7585783
2015-01-05,BOP,8.19964599609375,8.290667533874512,8.192060470581055,8.222400665283203,4.077705383300781,6848826
2015-01-06,BOP,8.222400665283203,8.48029899597168,8.192060470581055,8.252741813659668,4.092751979827881,16211085
2015-01-07,BOP,8.267912864685059,8.419617652893066,8.229987144470215,8.252741813659668,4.092751979827881,5488289
2015-01-08,BOP,8.343765258789062,8.343765258789062,8.16171932220459,8.207230567932129,4.070181846618652,5120469
2015-01-09,BOP,8.192060470581055,8.290667533874512,8.055525779724121,8.085866928100586,4.0099945068359375,8593661
2015-01-12,BOP,8.11620807647705,8.214816093444824,7.979673862457275,8.063111305236816,3.998709201812744,13186791
2015-01-13,BOP,8.10103702545166,8.17689037322998,8.002429008483887,8.010014533996582,3.9723777770996094,5470491
2015-01-14,BOP,8.04035472869873,8.078282356262207,7.888650894165039,7.91140604019165,3.9234752655029297,6867283
2015-01-15,BOP,7.972087860107422,8.260327339172363,7.934162139892578,8.207230567932129,4.070181846618652,19117387
2015-01-16,BOP,8.245157241821289,8.449958801269531,8.237571716308594,8.290667533874512,4.111560821533203,20831901
2015-01-19,BOP,8.336179733276367,8.343765258789062,8.16171932220459,8.207230567932129,4.070181846618652,6571313
2015-01-20,BOP,8.192060470581055,8.237571716308594,8.055525779724121,8.078282356262207,4.006233215332031,6224587
2015-01-21,BOP,8.078282356262207,8.207230567932129,7.99484395980835,8.032770156860352,3.9836626052856445,8040614
2015-01-22,BOP,8.13896369934082,8.13896369934082,7.91140604019165,7.972087860107422,3.9535679817199707,5089488
2015-01-23,BOP,8.002429008483887,8.047941207885742,7.903820991516113,7.926577091217041,3.9309985637664795,3138331
2015-01-26,BOP,7.926577091217041,8.267912864685059,7.873479843139648,8.19964599609375,4.066420555114746,15669903
2015-01-27,BOP,8.229987144470215,8.48029899597168,8.192060470581055,8.328595161437988,4.130369663238525,27848816
2015-01-28,BOP,8.283082962036133,8.328595161437988,8.169304847717285,8.19964599609375,4.066420555114746,9164507
2015-01-29,BOP,8.222400665283203,8.321008682250977,8.154133796691895,8.18447494506836,4.058896541595459,3992621
2015-01-30,BOP,8.252741813659668,8.313424110412598,8.131378173828125,8.192060470581055,4.062658786773682,7669498
2015-02-02,BOP,8.19964599609375,8.275498390197754,8.002429008483887,8.055525779724121,3.994947671890259,6989889
2015-02-03,BOP,8.154133796691895,8.328595161437988,8.025184631347656,8.131378173828125,4.032565116882324,9635817
2015-02-04,BOP,8.131378173828125,8.305838584899902,7.934162139892578,8.017600059509277,3.9761393070220947,11242226
2015-02-05,BOP,8.017600059509277,8.017600059509277,8.017600059509277,8.017600059509277,3.9761393070220947,0
2015-02-06,BOP,8.12379264831543,8.207230567932129,7.99484395980835,8.032770156860352,3.9836626052856445,6426295
2015-02-09,BOP,8.017600059509277,8.12379264831543,7.949333190917969,7.9872589111328125,3.961092233657837,3241821
2015-02-10,BOP,8.10103702545166,8.10103702545166,7.888650894165039,7.918992042541504,3.927236795425415,5933891
2015-02-11,BOP,7.99484395980835,7.99484395980835,7.797627925872803,7.873479843139648,3.9046664237976074,4819886
2015-02-12,BOP,7.835554122924805,7.888650894165039,7.61558198928833,7.721775054931641,3.8294312953948975,9353690
2015-02-13,BOP,7.729361057281494,7.964502811431885,7.729361057281494,7.843139171600342,3.8896193504333496,5717022
2015-02-16,BOP,7.91140604019165,7.918992042541504,7.744531154632568,7.80521297454834,3.8708105087280273,2229329
2015-02-17,BOP,7.850724220275879,7.858310222625732,7.5473151206970215,7.653508186340332,3.795576572418213,4918103
2015-02-18,BOP,7.661093235015869,8.252741813659668,7.661093235015869,8.070695877075195,4.002470970153809,39930172
2015-02-19,BOP,8.10103702545166,8.245157241821289,8.04035472869873,8.18447494506836,4.058896541595459,11724082
2015-02-20,BOP,8.237571716308594,8.381690979003906,8.154133796691895,8.237571716308594,4.085228443145752,16809616
2015-02-23,BOP,8.16171932220459,8.404446601867676,8.16171932220459,8.351349830627441,4.1416544914245605,11475573
2015-02-24,BOP,8.419617652893066,8.48029899597168,8.275498390197754,8.305838584899902,4.119084358215332,8329332
2015-02-25,BOP,8.305838584899902,8.343765258789062,8.04035472869873,8.085866928100586,4.0099945068359375,7390008
2015-02-26,BOP,8.146549224853516,8.169304847717285,8.010014533996582,8.04035472869873,3.987423896789551,5953666
2015-02-27,BOP,8.04035472869873,8.146549224853516,7.934162139892578,7.979673862457275,3.9573307037353516,7906801
2015-03-02,BOP,7.979673862457275,8.146549224853516,7.888650894165039,7.979673862457275,3.9573307037353516,6282594
2015-03-03,BOP,8.002429008483887,8.063111305236816,7.812798023223877,7.979673862457275,3.9573307037353516,7731461
2015-03-04,BOP,7.964502811431885,8.093452453613281,7.873479843139648,7.91140604019165,3.9234752655029297,6137576
2015-03-05,BOP,7.903820991516113,8.078282356262207,7.850724220275879,7.979673862457275,3.9573307037353516,4678163
2015-03-06,BOP,7.926577091217041,8.04035472869873,7.827969074249268,7.865894794464111,3.900904655456543,4055902
2015-03-09,BOP,7.888650894165039,7.926577091217041,7.744531154632568,7.774871826171875,3.855764389038086,5392708
2015-03-10,BOP,7.7521162033081055,7.858310222625732,7.676263809204102,7.767286777496338,3.8520026206970215,8728133
2015-03-11,BOP,7.638338088989258,7.8810648918151855,7.607996940612793,7.782456874847412,3.8595259189605713,12660770
2015-03-12,BOP,7.774871826171875,7.949333190917969,7.691433906555176,7.7141900062561035,3.825670003890991,3663693
2015-03-13,BOP,7.729361057281494,7.873479843139648,7.706604957580566,7.835554122924805,3.8858580589294434,3380907
2015-03-16,BOP,7.820383071899414,7.820383071899414,7.661093235015869,7.676263809204102,3.806861400604248,4333415
2015-03-17,BOP,7.736946105957031,7.790042877197266,7.630752086639404,7.699019908905029,3.8181471824645996,5959599
2015-03-18,BOP,7.759702205657959,7.797627925872803,7.061859130859375,7.281830787658691,3.6112520694732666,14580946
2015-03-19,BOP,7.2742462158203125,7.350099086761475,7.054274082183838,7.099785804748535,3.5209708213806152,5214731
2015-03-20,BOP,7.145297050476074,7.729361057281494,7.137712001800537,7.554900169372559,3.7466742992401123,12188801
2015-03-23,BOP,7.554900169372559,7.554900169372559,7.554900169372559,7.554900169372559,3.7466742992401123,0
2015-03-24,BOP,7.585240840911865,7.767286777496338,7.418365955352783,7.4411211013793945,3.6902480125427246,9554079
2015-03-25,BOP,7.463877201080322,7.577655792236328,7.251490116119385,7.289416790008545,3.615013837814331,5438851
2015-03-26,BOP,7.31975793838501,7.471461772918701,6.5308918952941895,6.6825971603393555,3.3140759468078613,29179031
2015-03-27,BOP,6.781205177307129,6.834301948547363,5.924073219299316,5.924073219299316,2.937903881072998,40759414
2015-03-30,BOP,5.688930988311768,5.688930988311768,5.173133850097656,5.34759521484375,2.6520133018493652,35636966
2015-03-31,BOP,5.453787803649902,6.106119155883789,5.431032180786133,6.106119155883789,3.0281858444213867,32538845
2015-04-01,BOP,6.174386024475098,6.424698829650879,5.878561973571777,6.136459827423096,3.0432324409484863,29139480
2015-04-02,BOP,6.106119155883789,6.310919761657715,6.106119155883789,6.242652893066406,3.0958962440490723,8107190
2015-04-03,BOP,6.257823944091797,6.35643196105957,6.144044876098633,6.303335189819336,3.1259899139404297,12522343
2015-04-06,BOP,6.364017009735107,6.409529209136963,6.235067844390869,6.318505764007568,3.1335134506225586,5318881
2015-04-07,BOP,6.310919761657715,6.348846912384033,6.159215927124023,6.189557075500488,3.0695643424987793,5279330
2015-04-08,BOP,6.2123122215271,6.250237941741943,6.113704204559326,6.144044876098633,3.0469939708709717,3795528
2015-04-09,BOP,6.159215927124023,6.189557075500488,6.060606956481934,6.121288776397705,3.03570818901062,2846975
2015-04-10,BOP,6.090948104858398,6.470210075378418,6.083363056182861,6.280579090118408,3.1147048473358154,14435268
2015-04-13,BOP,6.303335189819336,6.34126091003418,6.2047271728515625,6.242652893066406,3.0958962440490723,5143540
2015-04-14,BOP,6.219898223876953,6.257823944091797,6.144044876098633,6.15162992477417,3.050755739212036,5653083
2015-04-15,BOP,6.257823944091797,6.303335189819336,6.174386024475098,6.197142124176025,3.073326587677002,2891799
2015-04-16,BOP,6.265408992767334,6.652256011962891,6.159215927124023,6.591574192047119,3.2689356803894043,30421575
2015-04-17,BOP,6.675012111663818,6.849472999572754,6.561233043670654,6.690183162689209,3.317838191986084,18767365
2015-04-20,BOP,6.8115458488464355,6.9556660652160645,6.712937831878662,6.781205177307129,3.362978219985962,24231265
2015-04-21,BOP,6.788791179656982,7.31975793838501,6.788791179656982,6.9253249168396,3.43445086479187,32113677
2015-04-22,BOP,7.008762836456299,7.160467147827148,6.9253249168396,7.099785804748535,3.5209708213806152,23858172
2015-04-23,BOP,7.205978870391846,7.448707103729248,7.145297050476074,7.228734970092773,3.5849204063415527,40311175
2015-04-24,BOP,7.281830787658691,7.3956098556518555,7.251490116119385,7.281830787658691,3.6112520694732666,15700225
2015-04-27,BOP,7.388024806976318,7.585240840911865,7.251490116119385,7.532144069671631,3.7353885173797607,26764474
2015-04-28,BOP,7.623167037963867,8.154133796691895,7.372854232788086,7.812798023223877,3.874572515487671,104179280
2015-04-29,BOP,7.918992042541504,7.926577091217041,7.592825889587402,7.645923137664795,3.7918145656585693,29662206
2015-04-30,BOP,7.691433906555176,7.691433906555176,7.463877201080322,7.570071220397949,3.7541980743408203,13132080
2015-05-01,BOP,7.570071220397949,7.570071220397949,7.570071220397949,7.570071220397949,3.7541980743408203,0
2015-05-04,BOP,7.638338088989258,7.638338088989258,7.205978870391846,7.304586887359619,3.622537612915039,6992526
2015-05-05,BOP,7.281830787658691,7.357684135437012,6.978422164916992,7.077030181884766,3.50968599319458,11424158
2015-05-06,BOP,7.168053150177002,7.198393821716309,6.948081016540527,7.001176834106445,3.4720680713653564,4886462
2015-05-07,BOP,7.046689033508301,7.061859130859375,6.940495014190674,7.001176834106445,3.4720680713653564,3716427
2015-05-08,BOP,7.001176834106445,7.046689033508301,6.940495014190674,6.978422164916992,3.4607832431793213,2275471
2015-05-11,BOP,7.039103984832764,7.039103984832764,6.599160194396973,6.6446709632873535,3.2952675819396973,10144040
2015-05-12,BOP,6.73569393157959,6.932909965515137,6.614329814910889,6.894983768463135,3.4194042682647705,6739403
2015-05-13,BOP,6.887399196624756,6.9556660652160645,6.788791179656982,6.826716899871826,3.3855490684509277,3294555
2015-05-14,BOP,6.826716899871826,7.160467147827148,6.826716899871826,7.039103984832764,3.490877628326416,8198156
2015-05-15,BOP,7.114955902099609,7.623167037963867,6.948081016540527,7.4411211013793945,3.6902480125427246,37835973
2015-05-18,BOP,7.570071220397949,7.661093235015869,7.3956098556518555,7.42595100402832,3.682724714279175,14370010
2015-05-19,BOP,7.448707103729248,7.494217872619629,7.152882099151611,7.175638198852539,3.5585880279541016,7101949
2015-05-20,BOP,7.183222770690918,7.2742462158203125,7.054274082183838,7.084615230560303,3.5134472846984863,5368319
2015-05-21,BOP,7.130126953125,7.168053150177002,7.016347885131836,7.0694451332092285,3.5059242248535156,3146900
2015-05-22,BOP,7.130126953125,7.168053150177002,6.894983768463135,6.948081016540527,3.4457366466522217,6377516
2015-05-25,BOP,6.834301948547363,6.978422164916992,6.728108882904053,6.857058048248291,3.4005961418151855,11095230
2015-05-26,BOP,6.932909965515137,6.963251113891602,6.803960800170898,6.894983768463135,3.4194042682647705,5048619
2015-05-27,BOP,6.940495014190674,7.084615230560303,6.910154819488525,7.039103984832764,3.490877628326416,6063089
2015-05-28,BOP,7.084615230560303,7.243905067443848,7.008762836456299,7.137712001800537,3.5397799015045166,7482952
2015-05-29,BOP,7.099785804748535,7.259076118469238,6.978422164916992,7.03151798248291,3.4871151447296143,8163879
2015-06-01,BOP,7.054274082183838,7.160467147827148,6.978422164916992,7.054274082183838,3.4984004497528076,6503418
2015-06-02,BOP,7.1225409507751465,7.41077995300293,7.0694451332092285,7.213563919067383,3.577396869659424,18615755
2015-06-03,BOP,7.205978870391846,7.2742462158203125,7.077030181884766,7.092199802398682,3.517209053039551,2779080
2015-06-04,BOP,7.092199802398682,7.183222770690918,7.008762836456299,7.023932933807373,3.483353853225708,5821172
2015-06-05,BOP,7.023932933807373,7.023932933807373,7.023932933807373,7.023932933807373,3.483353853225708,0
2015-06-08,BOP,7.023932933807373,7.023932933807373,7.023932933807373,7.023932933807373,3.483353853225708,0
2015-06-09,BOP,6.826716899871826,6.902568817138672,6.637085914611816,6.705352783203125,3.3253612518310547,7633903
2015-06-10,BOP,6.750864028930664,6.819131851196289,6.667427062988281,6.690183162689209,3.317838191986084,2395441
2015-06-11,BOP,6.8115458488464355,6.8115458488464355,6.637085914611816,6.6825971603393555,3.3140759468078613,4481070
2015-06-12,BOP,6.720522880554199,6.902568817138672,6.6825971603393555,6.705352783203125,3.3253612518310547,7140840
2015-06-15,BOP,6.690183162689209,6.932909965515137,6.675012111663818,6.819131851196289,3.381786823272705,11057657
2015-06-16,BOP,6.9177398681640625,7.046689033508301,6.9177398681640625,6.932909965515137,3.4382131099700928,12545414
2015-06-17,BOP,6.902568817138672,6.932909965515137,6.773620128631592,6.788791179656982,3.3667404651641846,5760528
2015-06-18,BOP,6.826716899871826,6.940495014190674,6.788791179656982,6.819131851196289,3.381786823272705,8152014
2015-06-19,BOP,6.7963762283325195,6.864643096923828,6.690183162689209,6.712937831878662,3.32912278175354,2962990
2015-06-22,BOP,6.720522880554199,6.766035079956055,6.659842014312744,6.6825971603393555,3.3140759468078613,3049342
2015-06-23,BOP,6.690183162689209,6.705352783203125,6.576404094696045,6.629500865936279,3.2877442836761475,3956367
2015-06-24,BOP,6.637085914611816,6.902568817138672,6.637085914611816,6.857058048248291,3.4005961418151855,7848135
2015-06-25,BOP,6.940495014190674,6.940495014190674,6.6446709632873535,6.675012111663818,3.310314178466797,7152705
2015-06-26,BOP,6.675012111663818,6.720522880554199,6.553647994995117,6.583989143371582,3.2651736736297607,6084842
2015-06-29,BOP,6.675012111663818,6.887399196624756,6.599160194396973,6.834301948547363,3.389310359954834,4618178
2015-06-30,BOP,6.894983768463135,7.039103984832764,6.894983768463135,6.9253249168396,3.43445086479187,14321890
2015-07-01,BOP,6.940495014190674,7.084615230560303,6.9177398681640625,7.008762836456299,3.475830316543579,11097207
2015-07-02,BOP,7.061859130859375,7.114955902099609,6.9556660652160645,6.993591785430908,3.468306064605713,5121788
2015-07-03,BOP,7.046689033508301,7.054274082183838,6.8418869972229,6.902568817138672,3.423165798187256,6194924
2015-07-06,BOP,6.902568817138672,6.948081016540527,6.8418869972229,6.864643096923828,3.404357433319092,3639304
2015-07-07,BOP,6.872228145599365,7.281830787658691,6.849472999572754,7.175638198852539,3.5585880279541016,24361782
2015-07-08,BOP,7.114955902099609,7.175638198852539,6.9556660652160645,6.993591785430908,3.468306064605713,7207417
2015-07-09,BOP,6.993591785430908,7.016347885131836,6.902568817138672,6.9253249168396,3.43445086479187,3173267
2015-07-10,BOP,7.046689033508301,7.145297050476074,6.902568817138672,6.940495014190674,3.44197416305542,7194892
2015-07-13,BOP,6.940495014190674,7.0694451332092285,6.887399196624756,6.9253249168396,3.43445086479187,3558884
2015-07-14,BOP,6.932909965515137,7.054274082183838,6.887399196624756,7.016347885131836,3.4795916080474854,7842202
2015-07-15,BOP,7.046689033508301,7.183222770690918,7.016347885131836,7.084615230560303,3.5134472846984863,10403096
2015-07-16,BOP,7.092199802398682,7.266661167144775,7.0694451332092285,7.092199802398682,3.517209053039551,13716109
2015-07-17,BOP,7.092199802398682,7.092199802398682,7.092199802398682,7.092199802398682,3.517209053039551,0
2015-07-20,BOP,7.092199802398682,7.092199802398682,7.092199802398682,7.092199802398682,3.517209053039551,0
2015-07-21,BOP,7.092199802398682,7.092199802398682,7.092199802398682,7.092199802398682,3.517209053039551,0
2015-07-22,BOP,7.183222770690918,7.570071220397949,7.099785804748535,7.5473151206970215,3.742912530899048,37207121
2015-07-23,BOP,7.661093235015869,7.790042877197266,7.554900169372559,7.607996940612793,3.7730066776275635,40247894
2015-07-24,BOP,7.623167037963867,7.630752086639404,7.418365955352783,7.471461772918701,3.705294609069824,15172226
2015-07-27,BOP,7.3956098556518555,7.699019908905029,7.304586887359619,7.357684135437012,3.648869514465332,24327504
2015-07-28,BOP,7.357684135437012,7.524559020996094,7.281830787658691,7.350099086761475,3.6451077461242676,12191437
2015-07-29,BOP,7.3956098556518555,7.471461772918701,7.281830787658691,7.31975793838501,3.630061388015747,10365523
2015-07-30,BOP,7.334928035736084,7.5093889236450195,7.289416790008545,7.388024806976318,3.66391658782959,11966000
2015-07-31,BOP,7.380438804626465,7.41077995300293,7.304586887359619,7.31975793838501,3.630061388015747,4904919
2015-08-03,BOP,7.3956098556518555,7.456292152404785,7.31975793838501,7.350099086761475,3.6451077461242676,3127784
2015-08-04,BOP,7.372854232788086,7.448707103729248,7.266661167144775,7.304586887359619,3.622537612915039,4518643
2015-08-05,BOP,7.357684135437012,7.41077995300293,7.243905067443848,7.266661167144775,3.6037285327911377,4936560
2015-08-06,BOP,7.31975793838501,7.372854232788086,7.251490116119385,7.2742462158203125,3.607490301132202,5759869
2015-08-07,BOP,7.350099086761475,7.365269184112549,7.259076118469238,7.342513084411621,3.641345977783203,3228638
2015-08-10,BOP,7.388024806976318,7.388024806976318,7.281830787658691,7.304586887359619,3.622537612915039,3062526
2015-08-11,BOP,7.31975793838501,7.585240840911865,7.31975793838501,7.448707103729248,3.6940102577209473,15407551
2015-08-12,BOP,7.471461772918701,7.5473151206970215,7.281830787658691,7.297001838684082,3.6187753677368164,6508691
2015-08-13,BOP,7.281830787658691,7.388024806976318,7.2742462158203125,7.312171936035156,3.626298666000366,4294523
2015-08-14,BOP,7.312171936035156,7.312171936035156,7.312171936035156,7.312171936035156,3.626298666000366,0
2015-08-17,BOP,7.289416790008545,7.380438804626465,7.228734970092773,7.251490116119385,3.596205234527588,5889726
2015-08-18,BOP,7.312171936035156,7.327342987060547,7.084615230560303,7.130126953125,3.536017894744873,11383289
2015-08-19,BOP,7.168053150177002,7.205978870391846,7.084615230560303,7.130126953125,3.536017894744873,3713131
2015-08-20,BOP,7.130126953125,7.130126953125,7.016347885131836,7.046689033508301,3.494638442993164,3840352
2015-08-21,BOP,7.054274082183838,7.084615230560303,6.834301948547363,6.894983768463135,3.4194042682647705,10132834
2015-08-24,BOP,6.7963762283325195,6.7963762283325195,6.3716020584106445,6.424698829650879,3.1861774921417236,15684405
2015-08-25,BOP,6.447454929351807,6.932909965515137,6.447454929351807,6.879814147949219,3.411881446838379,15217709
2015-08-26,BOP,6.910154819488525,7.016347885131836,6.788791179656982,6.894983768463135,3.4194042682647705,11047110
2015-08-27,BOP,6.963251113891602,7.289416790008545,6.940495014190674,7.205978870391846,3.573634624481201,15333724
2015-08-28,BOP,7.3956098556518555,7.433536052703857,7.008762836456299,7.03151798248291,3.4871151447296143,24559534
2015-08-31,BOP,7.016347885131836,7.054274082183838,6.940495014190674,6.993591785430908,3.468306064605713,4811316
2015-09-01,BOP,6.9556660652160645,7.054274082183838,6.712937831878662,6.743278980255127,3.344169855117798,9776880
2015-09-02,BOP,6.758450031280518,6.758450031280518,6.652256011962891,6.675012111663818,3.310314178466797,5882475
2015-09-03,BOP,6.6825971603393555,6.887399196624756,6.675012111663818,6.705352783203125,3.3253612518310547,6755882
2015-09-04,BOP,6.788791179656982,6.788791179656982,6.606744766235352,6.6446709632873535,3.2952675819396973,3578659
2015-09-07,BOP,6.606744766235352,6.614329814910889,6.417113780975342,6.485381126403809,3.216271162033081,5494881
2015-09-08,BOP,6.561233043670654,6.652256011962891,6.470210075378418,6.591574192047119,3.2689356803894043,11130825
2015-09-09,BOP,6.659842014312744,6.712937831878662,6.606744766235352,6.629500865936279,3.2877442836761475,2300520
2015-09-10,BOP,6.614329814910889,6.614329814910889,6.5308918952941895,6.553647994995117,3.250126838684082,1525330
2015-09-11,BOP,6.561233043670654,6.637085914611816,6.417113780975342,6.447454929351807,3.197462797164917,4209490
2015-09-14,BOP,6.553647994995117,6.553647994995117,6.3716020584106445,6.394358158111572,3.171130418777466,2257673
2015-09-15,BOP,6.379188060760498,6.424698829650879,6.257823944091797,6.272994041442871,3.110943078994751,2421149
2015-09-16,BOP,6.310919761657715,6.35643196105957,6.280579090118408,6.318505764007568,3.1335134506225586,1581360
2015-09-17,BOP,6.333675861358643,6.561233043670654,6.3260908126831055,6.401943206787109,3.1748924255371094,6263478
2015-09-18,BOP,6.386773109436035,6.455039978027344,6.257823944091797,6.401943206787109,3.1748924255371094,3137672
2015-09-21,BOP,6.333675861358643,6.447454929351807,6.333675861358643,6.394358158111572,3.171130418777466,2833792
2015-09-22,BOP,6.3716020584106445,6.447454929351807,6.3716020584106445,6.394358158111572,3.171130418777466,2384894
2015-09-23,BOP,6.394358158111572,6.409529209136963,6.272994041442871,6.288165092468262,3.118467092514038,3514060
2015-09-24,BOP,6.288165092468262,6.288165092468262,6.288165092468262,6.288165092468262,3.118467092514038,0
2015-09-25,BOP,6.288165092468262,6.288165092468262,6.288165092468262,6.288165092468262,3.118467092514038,0
2015-09-28,BOP,6.333675861358643,6.333675861358643,6.257823944091797,6.280579090118408,3.1147048473358154,1818004
2015-09-29,BOP,6.295750141143799,6.295750141143799,6.15162992477417,6.174386024475098,3.0620405673980713,2203621
2015-09-30,BOP,6.348846912384033,6.386773109436035,6.174386024475098,6.272994041442871,3.110943078994751,2879275
2015-10-01,BOP,6.257823944091797,6.364017009735107,6.227482795715332,6.318505764007568,3.1335134506225586,1450843
2015-10-02,BOP,6.303335189819336,6.538477897644043,6.295750141143799,6.447454929351807,3.197462797164917,5875884
2015-10-05,BOP,6.462625026702881,6.523306846618652,6.409529209136963,6.432283878326416,3.189939260482788,2481793
2015-10-06,BOP,6.462625026702881,6.599160194396973,6.424698829650879,6.455039978027344,3.2012240886688232,4577309
2015-10-07,BOP,6.455039978027344,6.538477897644043,6.280579090118408,6.318505764007568,3.1335134506225586,5012365
2015-10-08,BOP,6.303335189819336,6.599160194396973,6.280579090118408,6.538477897644043,3.2426035404205322,6175808
2015-10-09,BOP,6.561233043670654,6.652256011962891,6.5308918952941895,6.621914863586426,3.283982276916504,4318913
2015-10-12,BOP,6.637085914611816,6.750864028930664,6.561233043670654,6.675012111663818,3.310314178466797,2488384
2015-10-13,BOP,6.568819046020508,6.9556660652160645,6.568819046020508,6.834301948547363,3.389310359954834,9133525
2015-10-14,BOP,6.864643096923828,7.099785804748535,6.826716899871826,7.03151798248291,3.4871151447296143,12859841
2015-10-15,BOP,7.054274082183838,7.130126953125,6.864643096923828,6.887399196624756,3.415642738342285,5754595
2015-10-16,BOP,6.864643096923828,6.963251113891602,6.864643096923828,6.887399196624756,3.415642738342285,1889194
2015-10-19,BOP,6.8418869972229,6.887399196624756,6.773620128631592,6.7963762283325195,3.370501756668091,2504864
2015-10-20,BOP,6.857058048248291,6.887399196624756,6.728108882904053,6.781205177307129,3.362978219985962,3402001
2015-10-21,BOP,6.826716899871826,6.902568817138672,6.7963762283325195,6.8418869972229,3.3930721282958984,2440924
2015-10-22,BOP,6.8115458488464355,7.1225409507751465,6.8115458488464355,7.0694451332092285,3.5059242248535156,8093348
2015-10-23,BOP,7.0694451332092285,7.0694451332092285,7.0694451332092285,7.0694451332092285,3.5059242248535156,0
2015-10-26,BOP,7.054274082183838,7.289416790008545,6.978422164916992,7.016347885131836,3.4795916080474854,15265169
2015-10-27,BOP,7.016347885131836,7.092199802398682,6.948081016540527,6.978422164916992,3.4607832431793213,2981447
2015-10-28,BOP,6.993591785430908,7.054274082183838,6.940495014190674,7.001176834106445,3.4720680713653564,2059262
2015-10-29,BOP,6.986007213592529,7.2363200187683105,6.986007213592529,7.114955902099609,3.528494119644165,5231870
2015-10-30,BOP,7.2363200187683105,7.2363200187683105,6.932909965515137,6.948081016540527,3.4457366466522217,13282372
2015-11-02,BOP,6.963251113891602,7.016347885131836,6.8418869972229,6.857058048248291,3.4005961418151855,3253686
2015-11-03,BOP,6.872228145599365,6.9177398681640625,6.8418869972229,6.857058048248291,3.4005961418151855,1339443
2015-11-04,BOP,6.902568817138672,6.948081016540527,6.8418869972229,6.864643096923828,3.404357433319092,2313703
2015-11-05,BOP,6.932909965515137,7.054274082183838,6.864643096923828,6.948081016540527,3.4457366466522217,3005837
2015-11-06,BOP,6.978422164916992,6.986007213592529,6.872228145599365,6.887399196624756,3.415642738342285,1600476
2015-11-09,BOP,6.887399196624756,6.887399196624756,6.887399196624756,6.887399196624756,3.415642738342285,0
2015-11-10,BOP,6.9177398681640625,6.932909965515137,6.766035079956055,6.788791179656982,3.3667404651641846,4583242
2015-11-11,BOP,6.720522880554199,6.788791179656982,6.6446709632873535,6.712937831878662,3.32912278175354,2160774
2015-11-12,BOP,6.773620128631592,6.864643096923828,6.773620128631592,6.826716899871826,3.3855490684509277,2623515
2015-11-13,BOP,6.849472999572754,6.986007213592529,6.819131851196289,6.910154819488525,3.4269275665283203,5903569
2015-11-16,BOP,6.894983768463135,6.894983768463135,6.750864028930664,6.826716899871826,3.3855490684509277,4514028
2015-11-17,BOP,6.834301948547363,6.932909965515137,6.781205177307129,6.7963762283325195,3.370501756668091,2859500
2015-11-18,BOP,6.864643096923828,6.887399196624756,6.788791179656982,6.8115458488464355,3.378025531768799,2727006
2015-11-19,BOP,6.887399196624756,6.986007213592529,6.788791179656982,6.963251113891602,3.4532599449157715,6594384
2015-11-20,BOP,6.940495014190674,7.160467147827148,6.864643096923828,7.1225409507751465,3.5322561264038086,18416025
2015-11-23,BOP,7.1225409507751465,7.228734970092773,6.970836162567139,7.008762836456299,3.475830316543579,12547392
2015-11-24,BOP,7.016347885131836,7.130126953125,6.993591785430908,7.084615230560303,3.5134472846984863,7646427
2015-11-25,BOP,7.1225409507751465,7.130126953125,6.9177398681640625,6.970836162567139,3.457021474838257,5559480
2015-11-26,BOP,6.978422164916992,7.084615230560303,6.879814147949219,6.910154819488525,3.4269275665283203,6629980
2015-11-27,BOP,6.902568817138672,6.978422164916992,6.902568817138672,6.970836162567139,3.457021474838257,4227287
2015-11-30,BOP,6.963251113891602,6.993591785430908,6.712937831878662,6.826716899871826,3.3855490684509277,5643854
2015-12-01,BOP,6.826716899871826,6.894983768463135,6.15162992477417,6.364017009735107,3.156083822250366,14066790
2015-12-02,BOP,6.379188060760498,6.621914863586426,6.34126091003418,6.591574192047119,3.2689356803894043,23348630
2015-12-03,BOP,6.659842014312744,6.712937831878662,6.523306846618652,6.637085914611816,3.2915055751800537,4305070
2015-12-04,BOP,6.667427062988281,6.73569393157959,6.599160194396973,6.690183162689209,3.317838191986084,2818631
2015-12-07,BOP,6.712937831878662,6.9556660652160645,6.621914863586426,6.872228145599365,3.4081194400787354,7691910
2015-12-08,BOP,6.940495014190674,7.046689033508301,6.849472999572754,6.9177398681640625,3.430689811706543,8079505
2015-12-09,BOP,6.902568817138672,7.054274082183838,6.894983768463135,6.9177398681640625,3.430689811706543,3203589
2015-12-10,BOP,6.9177398681640625,7.084615230560303,6.902568817138672,6.970836162567139,3.457021474838257,4216741
2015-12-11,BOP,7.008762836456299,7.4411211013793945,6.940495014190674,7.380438804626465,3.660154104232788,59698824
2015-12-14,BOP,7.3956098556518555,7.479047775268555,7.137712001800537,7.183222770690918,3.562349796295166,18646736
2015-12-15,BOP,7.198393821716309,7.342513084411621,7.054274082183838,7.077030181884766,3.50968599319458,6857395
2015-12-16,BOP,7.130126953125,7.168053150177002,6.940495014190674,7.099785804748535,3.5209708213806152,4146868
2015-12-17,BOP,7.054274082183838,7.2363200187683105,7.054274082183838,7.1225409507751465,3.5322561264038086,4075677
2015-12-18,BOP,7.099785804748535,7.145297050476074,6.894983768463135,6.9253249168396,3.43445086479187,8312194
2015-12-21,BOP,6.940495014190674,7.016347885131836,6.887399196624756,6.894983768463135,3.4194042682647705,4541714
2015-12-22,BOP,6.9177398681640625,6.978422164916992,6.864643096923828,6.879814147949219,3.411881446838379,3320263
2015-12-23,BOP,6.879814147949219,6.9253249168396,6.803960800170898,6.857058048248291,3.4005961418151855,4596425
2015-12-24,BOP,6.857058048248291,6.857058048248291,6.857058048248291,6.857058048248291,3.4005961418151855,0
2015-12-25,BOP,6.857058048248291,6.857058048248291,6.857058048248291,6.857058048248291,3.4005961418151855,0
2015-12-28,BOP,6.902568817138672,7.077030181884766,6.864643096923828,6.970836162567139,3.457021474838257,7645768
2015-12-29,BOP,6.970836162567139,7.054274082183838,6.857058048248291,6.879814147949219,3.411881446838379,5118492
2015-12-30,BOP,6.940495014190674,6.978422164916992,6.879814147949219,6.9253249168396,3.43445086479187,3463304
2015-12-31,BOP,6.910154819488525,7.046689033508301,6.902568817138672,6.986007213592529,3.4645450115203857,3723019
2016-01-01,BOP,7.016347885131836,7.0694451332092285,6.986007213592529,7.039103984832764,3.490877628326416,2119906
2016-01-04,BOP,7.054274082183838,7.054274082183838,6.857058048248291,6.864643096923828,3.404357433319092,5403914
2016-01-05,BOP,6.803960800170898,6.849472999572754,6.675012111663818,6.7963762283325195,3.370501756668091,8000404
2016-01-06,BOP,6.7963762283325195,6.864643096923828,6.766035079956055,6.826716899871826,3.3855490684509277,1541809
2016-01-07,BOP,6.826716899871826,6.826716899871826,6.690183162689209,6.712937831878662,3.32912278175354,4562807
2016-01-08,BOP,6.826716899871826,6.826716899871826,6.675012111663818,6.690183162689209,3.317838191986084,5101353
2016-01-11,BOP,6.705352783203125,6.743278980255127,6.54606294631958,6.568819046020508,3.257650375366211,5848857
2016-01-12,BOP,6.591574192047119,6.621914863586426,6.492966175079346,6.561233043670654,3.2538886070251465,4266838
2016-01-13,BOP,6.629500865936279,6.675012111663818,6.523306846618652,6.553647994995117,3.250126838684082,2157479
2016-01-14,BOP,6.561233043670654,6.568819046020508,6.310919761657715,6.379188060760498,3.163607597351074,10750481
2016-01-15,BOP,6.348846912384033,6.515721797943115,6.295750141143799,6.35643196105957,3.152322292327881,6755223
2016-01-18,BOP,6.35643196105957,6.35643196105957,5.8482208251953125,6.250237941741943,3.0996577739715576,13290282
2016-01-19,BOP,6.3260908126831055,6.35643196105957,6.159215927124023,6.272994041442871,3.110943078994751,5568049
2016-01-20,BOP,6.257823944091797,6.265408992767334,6.106119155883789,6.181971073150635,3.0658023357391357,4126434
2016-01-21,BOP,6.174386024475098,6.272994041442871,6.15162992477417,6.197142124176025,3.073326587677002,2988039
2016-01-22,BOP,6.219898223876953,6.310919761657715,6.219898223876953,6.288165092468262,3.118467092514038,2056625
2016-01-25,BOP,6.333675861358643,6.500551223754883,6.295750141143799,6.394358158111572,3.171130418777466,6825095
2016-01-26,BOP,6.3260908126831055,6.394358158111572,6.295750141143799,6.3716020584106445,3.1598453521728516,1119278
2016-01-27,BOP,6.409529209136963,6.523306846618652,6.379188060760498,6.462625026702881,3.204986095428467,7204121
2016-01-28,BOP,6.54606294631958,6.54606294631958,6.394358158111572,6.432283878326416,3.189939260482788,1638708
2016-01-29,BOP,6.447454929351807,6.447454929351807,6.295750141143799,6.3716020584106445,3.1598453521728516,4107977
2016-02-01,BOP,6.3716020584106445,6.864643096923828,6.310919761657715,6.803960800170898,3.3742635250091553,28731451
2016-02-02,BOP,6.826716899871826,6.9253249168396,6.652256011962891,6.697768211364746,3.3215999603271484,13357518
2016-02-03,BOP,6.6825971603393555,6.712937831878662,6.538477897644043,6.621914863586426,3.283982276916504,6495508
2016-02-04,BOP,6.675012111663818,6.712937831878662,6.6446709632873535,6.675012111663818,3.310314178466797,2055307
2016-02-05,BOP,6.675012111663818,6.675012111663818,6.675012111663818,6.675012111663818,3.310314178466797,0
2016-02-08,BOP,6.675012111663818,6.864643096923828,6.675012111663818,6.750864028930664,3.347931146621704,5773052
2016-02-09,BOP,6.690183162689209,6.750864028930664,6.621914863586426,6.637085914611816,3.2915055751800537,3252368
2016-02-10,BOP,6.667427062988281,6.728108882904053,6.568819046020508,6.583989143371582,3.2651736736297607,2212190
2016-02-11,BOP,6.599160194396973,6.652256011962891,6.409529209136963,6.432283878326416,3.189939260482788,5518611
2016-02-12,BOP,6.523306846618652,6.523306846618652,6.318505764007568,6.35643196105957,3.152322292327881,3823213
2016-02-15,BOP,6.432283878326416,6.500551223754883,6.35643196105957,6.379188060760498,3.163607597351074,3769820
2016-02-16,BOP,6.4398698806762695,6.4777960777282715,6.227482795715332,6.250237941741943,3.0996577739715576,3968232
2016-02-17,BOP,6.318505764007568,6.3716020584106445,6.181971073150635,6.348846912384033,3.1485605239868164,3661056
2016-02-18,BOP,6.3716020584106445,6.401943206787109,6.242652893066406,6.295750141143799,3.1222283840179443,3244458
2016-02-19,BOP,6.257823944091797,6.401943206787109,6.144044876098633,6.3260908126831055,3.137275218963623,5575959
2016-02-22,BOP,6.3716020584106445,6.409529209136963,6.1668009757995605,6.2123122215271,3.0808496475219727,3665671
2016-02-23,BOP,6.181971073150635,6.227482795715332,5.992340087890625,6.15162992477417,3.050755739212036,4328800
2016-02-24,BOP,6.15162992477417,6.257823944091797,6.090948104858398,6.2047271728515625,3.077087879180908,2430377
2016-02-25,BOP,6.242652893066406,6.424698829650879,6.174386024475098,6.250237941741943,3.0996577739715576,5662311
2016-02-26,BOP,6.295750141143799,6.432283878326416,6.242652893066406,6.401943206787109,3.1748924255371094,6503418
2016-02-29,BOP,6.409529209136963,6.4398698806762695,6.34126091003418,6.364017009735107,3.156083822250366,2607695
2016-03-01,BOP,6.333675861358643,6.386773109436035,6.318505764007568,6.333675861358643,3.1410367488861084,1526648
2016-03-02,BOP,6.386773109436035,6.583989143371582,6.386773109436035,6.508137226104736,3.2275569438934326,6199538
2016-03-03,BOP,6.508137226104736,6.583989143371582,6.401943206787109,6.424698829650879,3.1861774921417236,3906929
2016-03-04,BOP,6.447454929351807,6.508137226104736,6.348846912384033,6.379188060760498,3.163607597351074,2669657
2016-03-07,BOP,6.409529209136963,6.500551223754883,6.364017009735107,6.447454929351807,3.197462797164917,1564880
2016-03-08,BOP,6.485381126403809,6.561233043670654,6.409529209136963,6.4398698806762695,3.1937012672424316,5480379
2016-03-09,BOP,6.417113780975342,6.621914863586426,6.386773109436035,6.500551223754883,3.223794460296631,19110795
2016-03-10,BOP,6.508137226104736,6.54606294631958,6.447454929351807,6.4777960777282715,3.212509870529175,2169344
2016-03-11,BOP,6.447454929351807,6.523306846618652,6.348846912384033,6.386773109436035,3.1673691272735596,4311662
2016-03-14,BOP,6.523306846618652,6.675012111663818,6.523306846618652,6.54606294631958,3.2463650703430176,12123542
2016-03-15,BOP,6.561233043670654,6.568819046020508,6.447454929351807,6.455039978027344,3.2012240886688232,3425072
2016-03-16,BOP,6.447454929351807,6.690183162689209,6.432283878326416,6.591574192047119,3.2689356803894043,6914084
2016-03-17,BOP,6.675012111663818,6.766035079956055,6.591574192047119,6.621914863586426,3.283982276916504,6015629
2016-03-18,BOP,6.675012111663818,6.864643096923828,6.561233043670654,6.834301948547363,3.389310359954834,14893395
2016-03-21,BOP,6.902568817138672,6.948081016540527,6.8115458488464355,6.9253249168396,3.43445086479187,9126275
2016-03-22,BOP,6.970836162567139,6.970836162567139,6.750864028930664,6.781205177307129,3.362978219985962,9536940
2016-03-23,BOP,6.781205177307129,6.781205177307129,6.781205177307129,6.781205177307129,3.362978219985962,0
2016-03-24,BOP,6.712937831878662,6.773620128631592,6.659842014312744,6.6825971603393555,3.3140759468078613,3125147
2016-03-25,BOP,6.667427062988281,6.690183162689209,6.553647994995117,6.576404094696045,3.2614123821258545,3877266
2016-03-28,BOP,6.553647994995117,6.6446709632873535,6.523306846618652,6.553647994995117,3.250126838684082,2666362
2016-03-29,BOP,6.561233043670654,6.614329814910889,6.538477897644043,6.553647994995117,3.250126838684082,858245
2016-03-30,BOP,6.553647994995117,6.73569393157959,6.553647994995117,6.6446709632873535,3.2952675819396973,3440233
2016-03-31,BOP,6.712937831878662,6.766035079956055,6.637085914611816,6.6825971603393555,3.3140759468078613,2249104
2016-04-01,BOP,6.637085914611816,6.773620128631592,6.637085914611816,6.720522880554199,3.3328845500946045,3307079
2016-04-04,BOP,6.750864028930664,6.750864028930664,6.599160194396973,6.614329814910889,3.2802202701568604,5728228
2016-04-05,BOP,6.614329814910889,6.879814147949219,6.599160194396973,6.766035079956055,3.355455160140991,14054924
2016-04-06,BOP,6.758450031280518,6.894983768463135,6.629500865936279,6.659842014312744,3.3027913570404053,11865805
2016-04-07,BOP,6.652256011962891,6.690183162689209,6.54606294631958,6.614329814910889,3.2802202701568604,4616860
2016-04-08,BOP,6.6446709632873535,6.675012111663818,6.515721797943115,6.5308918952941895,3.2388412952423096,3941865
2016-04-11,BOP,6.599160194396973,6.629500865936279,6.4398698806762695,6.462625026702881,3.204986095428467,2953762
2016-04-12,BOP,6.523306846618652,6.576404094696045,6.4777960777282715,6.538477897644043,3.2426035404205322,3676217
2016-04-13,BOP,6.568819046020508,6.629500865936279,6.553647994995117,6.568819046020508,3.257650375366211,5021593
2016-04-14,BOP,6.591574192047119,6.675012111663818,6.591574192047119,6.614329814910889,3.2802202701568604,3449461
2016-04-15,BOP,6.599160194396973,6.675012111663818,6.561233043670654,6.576404094696045,3.2614123821258545,2040805
2016-04-18,BOP,6.599160194396973,6.629500865936279,6.54606294631958,6.606744766235352,3.276458978652954,1030949
2016-04-19,BOP,6.599160194396973,6.712937831878662,6.583989143371582,6.690183162689209,3.317838191986084,3412547
2016-04-20,BOP,6.720522880554199,6.781205177307129,6.606744766235352,6.675012111663818,3.310314178466797,3361132
2016-04-21,BOP,6.6446709632873535,6.803960800170898,6.6446709632873535,6.690183162689209,3.317838191986084,5521907
2016-04-22,BOP,6.6825971603393555,6.720522880554199,6.614329814910889,6.621914863586426,3.283982276916504,1441615
2016-04-25,BOP,6.629500865936279,6.690183162689209,6.599160194396973,6.621914863586426,3.283982276916504,1026994
2016-04-26,BOP,6.621914863586426,6.675012111663818,6.561233043670654,6.599160194396973,3.272697687149048,1531922
2016-04-27,BOP,6.599160194396973,6.629500865936279,6.523306846618652,6.553647994995117,3.250126838684082,3559543
2016-04-28,BOP,6.561233043670654,6.826716899871826,6.561233043670654,6.773620128631592,3.3592166900634766,10752459
2016-04-29,BOP,6.826716899871826,7.016347885131836,6.705352783203125,6.986007213592529,3.4645450115203857,26914106
2016-05-02,BOP,7.092199802398682,7.266661167144775,7.03151798248291,7.054274082183838,3.4984004497528076,30334564
2016-05-03,BOP,7.077030181884766,7.077030181884766,6.803960800170898,6.857058048248291,3.4005961418151855,28890312
2016-05-04,BOP,6.8418869972229,6.9556660652160645,6.803960800170898,6.834301948547363,3.389310359954834,16524852
2016-05-05,BOP,6.887399196624756,6.932909965515137,6.826716899871826,6.887399196624756,3.415642738342285,10944938
2016-05-06,BOP,6.902568817138672,7.008762836456299,6.766035079956055,6.849472999572754,3.396834135055542,56424043
2016-05-09,BOP,6.902568817138672,6.902568817138672,6.591574192047119,6.614329814910889,3.2802202701568604,13435300
2016-05-10,BOP,6.606744766235352,6.728108882904053,6.599160194396973,6.6446709632873535,3.2952675819396973,6651732
2016-05-11,BOP,6.675012111663818,6.675012111663818,6.500551223754883,6.515721797943115,3.2313179969787598,7028780
2016-05-12,BOP,6.561233043670654,6.599160194396973,6.470210075378418,6.500551223754883,3.223794460296631,4254314
2016-05-13,BOP,6.523306846618652,6.561233043670654,6.447454929351807,6.492966175079346,3.2200334072113037,4551601
2016-05-16,BOP,6.485381126403809,6.5308918952941895,6.417113780975342,6.432283878326416,3.189939260482788,3608981
2016-05-17,BOP,6.492966175079346,6.591574192047119,6.4398698806762695,6.4777960777282715,3.212509870529175,12849294
2016-05-18,BOP,6.5308918952941895,6.583989143371582,6.492966175079346,6.5308918952941895,3.2388412952423096,4305070
2016-05-19,BOP,6.5308918952941895,6.652256011962891,6.523306846618652,6.583989143371582,3.2651736736297607,5430941
2016-05-20,BOP,6.629500865936279,6.629500865936279,6.523306846618652,6.553647994995117,3.250126838684082,3946479
2016-05-23,BOP,6.492966175079346,6.515721797943115,6.432283878326416,6.455039978027344,3.2012240886688232,5761846
2016-05-24,BOP,6.455039978027344,6.492966175079346,6.35643196105957,6.386773109436035,3.1673691272735596,8463145
2016-05-25,BOP,6.409529209136963,6.485381126403809,6.379188060760498,6.417113780975342,3.1824159622192383,4312321
2016-05-26,BOP,6.447454929351807,6.447454929351807,6.3260908126831055,6.348846912384033,3.1485605239868164,2710526
2016-05-27,BOP,6.34126091003418,6.3716020584106445,6.272994041442871,6.310919761657715,3.129751682281494,7339252
2016-05-30,BOP,6.333675861358643,6.432283878326416,6.265408992767334,6.3260908126831055,3.137275218963623,3007814
2016-05-31,BOP,6.333675861358643,6.5308918952941895,6.333675861358643,6.379188060760498,3.163607597351074,7021529
2016-06-01,BOP,6.4398698806762695,6.500551223754883,6.424698829650879,6.4777960777282715,3.212509870529175,3183155
2016-06-02,BOP,6.508137226104736,6.652256011962891,6.492966175079346,6.629500865936279,3.2877442836761475,8862605
2016-06-03,BOP,6.576404094696045,6.667427062988281,6.4777960777282715,6.508137226104736,3.2275569438934326,5508723
2016-06-06,BOP,6.462625026702881,6.523306846618652,6.409529209136963,6.447454929351807,3.197462797164917,2509478
2016-06-07,BOP,6.455039978027344,6.500551223754883,6.394358158111572,6.424698829650879,3.1861774921417236,2356549
2016-06-08,BOP,6.462625026702881,6.462625026702881,6.3716020584106445,6.401943206787109,3.1748924255371094,1747472
2016-06-09,BOP,6.409529209136963,6.424698829650879,6.295750141143799,6.303335189819336,3.1259899139404297,2463336
2016-06-10,BOP,6.227482795715332,6.34126091003418,6.227482795715332,6.34126091003418,3.144798517227173,3088893
2016-06-13,BOP,6.235067844390869,6.310919761657715,6.159215927124023,6.272994041442871,3.110943078994751,3487034
2016-06-14,BOP,6.280579090118408,6.35643196105957,6.280579090118408,6.333675861358643,3.1410367488861084,1373720
2016-06-15,BOP,6.3716020584106445,6.379188060760498,6.310919761657715,6.333675861358643,3.1410367488861084,1799547
2016-06-16,BOP,6.303335189819336,6.485381126403809,6.295750141143799,6.379188060760498,3.163607597351074,4350553
2016-06-17,BOP,6.386773109436035,6.424698829650879,6.35643196105957,6.379188060760498,3.163607597351074,2147591
2016-06-20,BOP,6.424698829650879,6.424698829650879,6.257823944091797,6.288165092468262,3.118467092514038,4454703
2016-06-21,BOP,6.3260908126831055,6.3260908126831055,6.257823944091797,6.272994041442871,3.110943078994751,2225374
2016-06-22,BOP,6.257823944091797,6.310919761657715,6.257823944091797,6.257823944091797,3.103419780731201,1809434
2016-06-23,BOP,6.235067844390869,6.288165092468262,6.15162992477417,6.235067844390869,3.0921339988708496,2017074
2016-06-24,BOP,6.181971073150635,6.219898223876953,5.931657791137695,6.0530219078063965,3.0018532276153564,8598276
2016-06-27,BOP,5.992340087890625,6.106119155883789,5.992340087890625,6.060606956481934,3.005615234375,1667053
2016-06-28,BOP,6.098534107208252,6.121288776397705,5.992340087890625,6.037851810455322,2.9943299293518066,2471246
2016-06-29,BOP,6.106119155883789,6.144044876098633,6.037851810455322,6.128874778747559,3.039470911026001,863518
2016-06-30,BOP,6.174386024475098,6.174386024475098,6.075778007507324,6.098534107208252,3.024423837661743,477901
2016-07-01,BOP,6.098534107208252,6.098534107208252,6.098534107208252,6.098534107208252,3.024423837661743,0
2016-07-04,BOP,6.15162992477417,6.318505764007568,6.090948104858398,6.288165092468262,3.118467092514038,2801492
2016-07-05,BOP,6.288165092468262,6.288165092468262,6.288165092468262,6.288165092468262,3.118467092514038,0
2016-07-06,BOP,6.288165092468262,6.288165092468262,6.288165092468262,6.288165092468262,3.118467092514038,0
2016-07-07,BOP,6.288165092468262,6.288165092468262,6.288165092468262,6.288165092468262,3.118467092514038,0
2016-07-08,BOP,6.288165092468262,6.288165092468262,6.288165092468262,6.288165092468262,3.118467092514038,0
2016-07-11,BOP,6.235067844390869,6.288165092468262,6.235067844390869,6.280579090118408,3.1147048473358154,1183877
2016-07-12,BOP,6.295750141143799,6.394358158111572,6.257823944091797,6.3716020584106445,3.1598453521728516,9482229
2016-07-13,BOP,6.401943206787109,6.447454929351807,6.280579090118408,6.318505764007568,3.1335134506225586,1572131
2016-07-14,BOP,6.295750141143799,6.35643196105957,6.250237941741943,6.303335189819336,3.1259899139404297,2962990
2016-07-15,BOP,6.295750141143799,6.401943206787109,6.257823944091797,6.3716020584106445,3.1598453521728516,3028249
2016-07-18,BOP,6.379188060760498,6.386773109436035,6.303335189819336,6.35643196105957,3.152322292327881,1209585
2016-07-19,BOP,6.348846912384033,6.401943206787109,6.295750141143799,6.34126091003418,3.144798517227173,1589270
2016-07-20,BOP,6.386773109436035,6.401943206787109,6.295750141143799,6.386773109436035,3.1673691272735596,2322272
2016-07-21,BOP,6.3716020584106445,6.409529209136963,6.34126091003418,6.394358158111572,3.171130418777466,7422967
2016-07-22,BOP,6.409529209136963,6.409529209136963,6.333675861358643,6.3716020584106445,3.1598453521728516,1236611
2016-07-25,BOP,6.409529209136963,6.485381126403809,6.333675861358643,6.394358158111572,3.171130418777466,3777071
2016-07-26,BOP,6.4398698806762695,6.4398698806762695,6.333675861358643,6.34126091003418,3.144798517227173,2262287
2016-07-27,BOP,6.310919761657715,6.3716020584106445,6.295750141143799,6.3260908126831055,3.137275218963623,1025675
2016-07-28,BOP,6.333675861358643,6.386773109436035,6.257823944091797,6.310919761657715,3.129751682281494,3550315
2016-07-29,BOP,6.348846912384033,6.348846912384033,6.257823944091797,6.272994041442871,3.110943078994751,1976865
2016-08-01,BOP,6.272994041442871,6.272994041442871,6.272994041442871,6.272994041442871,3.110943078994751,0
2016-08-02,BOP,6.417113780975342,6.6446709632873535,6.417113780975342,6.561233043670654,3.2538886070251465,9879711
2016-08-03,BOP,6.599160194396973,6.599160194396973,6.455039978027344,6.4777960777282715,3.212509870529175,2872024
2016-08-04,BOP,6.523306846618652,6.523306846618652,6.417113780975342,6.424698829650879,3.1861774921417236,1364491
2016-08-05,BOP,6.470210075378418,6.470210075378418,6.34126091003418,6.364017009735107,3.156083822250366,655878
2016-08-08,BOP,6.894983768463135,6.940495014190674,6.6446709632873535,6.675012111663818,3.310314178466797,21576768
2016-08-09,BOP,6.705352783203125,6.743278980255127,6.561233043670654,6.637085914611816,3.2915055751800537,3502854
2016-08-10,BOP,6.675012111663818,6.712937831878662,6.561233043670654,6.583989143371582,3.2651736736297607,5011046
2016-08-11,BOP,6.637085914611816,6.659842014312744,6.568819046020508,6.629500865936279,3.2877442836761475,2518047
2016-08-12,BOP,6.659842014312744,6.826716899871826,6.599160194396973,6.788791179656982,3.3667404651641846,9803906
2016-08-15,BOP,6.803960800170898,6.894983768463135,6.712937831878662,6.864643096923828,3.404357433319092,5509382
2016-08-16,BOP,6.857058048248291,6.9253249168396,6.788791179656982,6.879814147949219,3.411881446838379,5776348
2016-08-17,BOP,6.864643096923828,6.9253249168396,6.826716899871826,6.857058048248291,3.4005961418151855,6320167
2016-08-18,BOP,6.849472999572754,6.864643096923828,6.73569393157959,6.758450031280518,3.351693868637085,5134312
2016-08-19,BOP,6.712937831878662,6.750864028930664,6.599160194396973,6.637085914611816,3.2915055751800537,1945883
2016-08-22,BOP,6.773620128631592,6.773620128631592,6.773620128631592,6.773620128631592,3.3592166900634766,9710963
2016-08-23,BOP,6.902568817138672,6.978422164916992,6.8418869972229,6.864643096923828,3.404357433319092,6908811
2016-08-24,BOP,6.826716899871826,6.932909965515137,6.826716899871826,6.887399196624756,3.415642738342285,4278703
2016-08-25,BOP,6.902568817138672,6.940495014190674,6.8418869972229,6.879814147949219,3.411881446838379,3979438
2016-08-26,BOP,6.864643096923828,7.054274082183838,6.834301948547363,7.001176834106445,3.4720680713653564,10892863
2016-08-29,BOP,7.016347885131836,7.092199802398682,6.819131851196289,6.879814147949219,3.411881446838379,21622251
2016-08-30,BOP,6.902568817138672,6.902568817138672,6.697768211364746,6.728108882904053,3.336646556854248,6388062
2016-08-31,BOP,6.712937831878662,6.826716899871826,6.659842014312744,6.690183162689209,3.317838191986084,6517920
2016-09-01,BOP,6.659842014312744,6.750864028930664,6.659842014312744,6.712937831878662,3.32912278175354,2504864
2016-09-02,BOP,6.675012111663818,6.720522880554199,6.659842014312744,6.675012111663818,3.310314178466797,2418512
2016-09-05,BOP,6.675012111663818,6.728108882904053,6.568819046020508,6.6446709632873535,3.2952675819396973,3458030
2016-09-06,BOP,6.675012111663818,6.750864028930664,6.614329814910889,6.6446709632873535,3.2952675819396973,1981479
2016-09-07,BOP,6.6446709632873535,7.046689033508301,6.6446709632873535,6.978422164916992,3.4607832431793213,26996503
2016-09-08,BOP,7.061859130859375,7.281830787658691,7.039103984832764,7.061859130859375,3.502162218093872,26637912
2016-09-09,BOP,7.061859130859375,7.820383071899414,7.023932933807373,7.820383071899414,3.8783342838287354,64687459
2016-09-12,BOP,7.820383071899414,7.820383071899414,7.820383071899414,7.820383071899414,3.8783342838287354,0
2016-09-13,BOP,7.820383071899414,7.820383071899414,7.820383071899414,7.820383071899414,3.8783342838287354,0
2016-09-14,BOP,7.820383071899414,7.820383071899414,7.820383071899414,7.820383071899414,3.8783342838287354,0
2016-09-15,BOP,8.343765258789062,8.57890796661377,8.229987144470215,8.57890796661377,4.254506587982178,56609931
2016-09-16,BOP,9.026436805725098,9.337431907653809,8.920244216918945,9.314676284790039,4.619393348693848,91642434
2016-09-19,BOP,9.367773056030273,9.663597106933594,9.026436805725098,9.5725736618042,4.747291564941406,89104611
2016-09-20,BOP,9.70910930633545,9.724279403686523,8.980924606323242,9.20848274230957,4.5667290687561035,66255636
2016-09-21,BOP,9.064362525939941,9.102289199829102,8.457544326782227,8.54098129272461,4.2356977462768555,66146213
2016-09-22,BOP,8.836806297302246,9.162970542907715,8.836806297302246,8.942998886108398,4.435068607330322,42796923
2016-09-23,BOP,8.988511085510254,9.034022331237793,8.586492538452148,8.654760360717773,4.292124271392822,21007900
2016-09-26,BOP,8.768539428710938,9.413284301757812,8.768539428710938,9.413284301757812,4.6682963371276855,49304956
2016-09-27,BOP,9.633255958557129,10.171808242797852,9.466381072998047,9.913909912109375,4.916569709777832,114542167
2016-09-28,BOP,10.058030128479004,10.520729064941406,9.807717323303223,10.30075740814209,5.10841703414917,69552169
2016-09-29,BOP,10.293171882629395,10.558655738830566,9.822887420654297,9.96700668334961,4.942901134490967,78681080
2016-09-30,BOP,10.012517929077148,10.217320442199707,9.845643043518066,10.103541374206543,5.010612487792969,24789586
2016-10-03,BOP,10.353854179382324,10.808968544006348,10.31592845916748,10.6951904296875,5.3040266036987305,57329750
2016-10-04,BOP,10.808968544006348,11.453714370727539,10.808968544006348,11.453714370727539,5.68019962310791,77996198
2016-10-05,BOP,11.76470947265625,12.212238311767578,11.76470947265625,12.14397144317627,6.022515773773193,54813020
2016-10-06,BOP,12.363943099975586,12.637011528015137,11.757123947143555,11.908828735351562,5.905901908874512,101506326
2016-10-07,BOP,11.954339981079102,12.14397144317627,11.46888542175293,11.795049667358398,5.849476337432861,62829245
2016-10-10,BOP,11.916414260864258,12.553573608398438,11.817806243896484,12.553573608398438,6.225648880004883,44070449
2016-10-11,BOP,12.553573608398438,12.553573608398438,12.553573608398438,12.553573608398438,6.225648880004883,0
2016-10-12,BOP,12.553573608398438,12.553573608398438,12.553573608398438,12.553573608398438,6.225648880004883,0
2016-10-13,BOP,12.955592155456543,13.312097549438477,12.743205070495605,13.10729694366455,6.500254154205322,84463362
2016-10-14,BOP,13.122467041015625,13.190733909606934,12.743205070495605,12.879739761352539,6.387402534484863,45686745
2016-10-17,BOP,12.819058418273926,12.879739761352539,12.121214866638184,12.14397144317627,6.022515773773193,64724372
2016-10-18,BOP,11.893657684326172,12.73561954498291,11.544736862182617,12.515647888183594,6.206839561462402,68554178
2016-10-19,BOP,12.879739761352539,13.274171829223633,12.47772216796875,13.236246109008789,6.564203262329102,86336736
2016-10-20,BOP,13.539655685424805,13.994770050048828,13.198320388793945,13.880990982055664,6.883949279785156,90237074
2016-10-21,BOP,13.615508079528809,14.22232723236084,13.501729011535645,13.774798393249512,6.83128547668457,71789408
2016-10-24,BOP,13.577582359313965,13.759628295898438,13.016274452209473,13.084541320800781,6.488969326019287,46416452
2016-10-25,BOP,12.652181625366211,13.56999683380127,12.439796447753906,13.380366325378418,6.635676383972168,66247066
2016-10-26,BOP,13.577582359313965,13.767212867736816,12.705279350280762,13.09212589263916,6.492730140686035,53976527
2016-10-27,BOP,12.879739761352539,13.228660583496094,12.333601951599121,12.386698722839355,6.142890930175781,54969245
2016-10-28,BOP,11.984681129455566,12.439796447753906,11.628174781799316,11.939169883728027,5.920948505401611,63020406
2016-10-31,BOP,11.757123947143555,12.197068214416504,11.688857078552246,11.840560913085938,5.87204647064209,33457735
2016-11-01,BOP,11.984681129455566,12.599085807800293,11.878487586975098,12.599085807800293,6.248218536376953,37592079
2016-11-02,BOP,13.160392761230469,13.357609748840332,13.122467041015625,13.357609748840332,6.624390602111816,37627674
2016-11-03,BOP,13.873406410217285,14.116133689880371,13.615508079528809,14.017525672912598,6.951660633087158,80487879
2016-11-04,BOP,13.956844329833984,14.548493385314941,13.653433799743652,13.903746604919434,6.89523458480835,104446246
2016-11-07,BOP,13.812724113464355,14.662270545959473,13.729287147521973,14.662270545959473,7.271406650543213,63985438
2016-11-08,BOP,15.094630241394043,15.31460189819336,14.647101402282715,14.806390762329102,7.342879772186279,75526270
2016-11-09,BOP,14.806390762329102,14.806390762329102,14.806390762329102,14.806390762329102,7.342879772186279,0
2016-11-10,BOP,15.618012428283691,15.853154182434082,15.17048168182373,15.26909065246582,7.57234525680542,90186976
2016-11-11,BOP,15.337358474731445,15.390454292297363,14.753293991088867,14.859487533569336,7.369211196899414,70307583
2016-11-14,BOP,15.018777847290039,15.24633502960205,14.571248054504395,15.026363372802734,7.45197057723999,82630856
2016-11-15,BOP,15.094630241394043,15.284260749816895,14.91258430480957,15.064289093017578,7.470777988433838,38379134
2016-11-16,BOP,15.17048168182373,15.284260749816895,14.882243156433105,14.95809555053711,7.418114185333252,30165816
2016-11-17,BOP,15.003606796264648,15.094630241394043,14.548493385314941,14.669857025146484,7.2751688957214355,36772065
2016-11-18,BOP,14.631930351257324,14.768465042114258,14.24508285522461,14.328520774841309,7.105891704559326,35340338
2016-11-21,BOP,14.267839431762695,14.776049613952637,14.032695770263672,14.336106300354004,7.109652996063232,61840483
2016-11-22,BOP,14.487811088562012,14.60158920288086,14.275424003601074,14.389203071594238,7.135984897613525,32459744
2016-11-23,BOP,14.449885368347168,14.525736808776855,14.267839431762695,14.298179626464844,7.09084415435791,27776966
2016-11-24,BOP,14.290594100952148,14.518152236938477,14.18440055847168,14.275424003601074,7.079559803009033,39266383
2016-11-25,BOP,14.275424003601074,14.396787643432617,13.972014427185059,14.063036918640137,6.9742302894592285,29239016
2016-11-28,BOP,14.146474838256836,14.320935249328613,13.994770050048828,14.070622444152832,6.977992534637451,19994749
2016-11-29,BOP,14.16164493560791,14.829147338867188,14.063036918640137,14.806390762329102,7.342879772186279,80024479
2016-11-30,BOP,14.783635139465332,15.064289093017578,14.631930351257324,14.798806190490723,7.339118003845215,49095338
2016-12-01,BOP,14.988436698913574,15.018777847290039,14.063036918640137,14.138890266418457,7.011848449707031,53658805
2016-12-02,BOP,14.23749828338623,14.525736808776855,14.040282249450684,14.328520774841309,7.105891704559326,26761178
2016-12-05,BOP,14.374032020568848,14.525736808776855,14.191986083984375,14.26025390625,7.072035789489746,11394495
2016-12-06,BOP,14.411957740783691,14.419544219970703,14.169231414794922,14.229912757873535,7.05698823928833,16670530
2016-12-07,BOP,14.22232723236084,14.252668380737305,13.47138786315918,13.47138786315918,6.680816650390625,105100147
2016-12-08,BOP,13.387950897216797,13.50931453704834,12.78113079071045,13.03144359588623,6.4626359939575195,69596993
2016-12-09,BOP,13.084541320800781,13.668604850769043,13.084541320800781,13.441046714782715,6.665770053863525,43846329
2016-12-12,BOP,13.441046714782715,13.441046714782715,13.441046714782715,13.441046714782715,6.665770053863525,0
2016-12-13,BOP,13.42587661743164,13.615508079528809,12.743205070495605,12.79630184173584,6.346023082733154,28330673
2016-12-14,BOP,12.79630184173584,13.183149337768555,12.47772216796875,12.925251007080078,6.409972190856934,22620901
2016-12-15,BOP,13.001103401184082,13.274171829223633,12.788717269897461,12.85698413848877,6.376117706298828,15166293
2016-12-16,BOP,12.970762252807617,13.350025177001953,12.864568710327148,13.236246109008789,6.564203262329102,25246394
2016-12-19,BOP,13.47138786315918,13.994770050048828,13.42587661743164,13.86582088470459,6.8764262199401855,39848434
2016-12-20,BOP,14.032695770263672,14.19957160949707,13.524484634399414,13.714116096496582,6.801192283630371,35768801
2016-12-21,BOP,13.645849227905273,13.683774948120117,12.955592155456543,13.137638092041016,6.515300750732422,29909397
2016-12-22,BOP,13.09212589263916,13.228660583496094,12.728034973144531,12.834227561950684,6.364831924438477,17893299
2016-12-23,BOP,12.887325286865234,13.008688926696777,12.667352676391602,12.720449447631836,6.308406352996826,12963990
2016-12-26,BOP,12.788717269897461,13.190733909606934,12.705279350280762,13.061784744262695,6.477682590484619,11124233
2016-12-27,BOP,13.15280818939209,13.41070556640625,13.099712371826172,13.334854125976562,6.613106727600098,18113464
2016-12-28,BOP,13.403120994567871,13.645849227905273,13.281757354736328,13.319684028625488,6.6055827140808105,17704775
2016-12-29,BOP,13.418292045593262,14.017525672912598,13.198320388793945,13.956844329833984,6.921566486358643,46178490
2016-12-30,BOP,13.987184524536133,14.116133689880371,13.198320388793945,13.387950897216797,6.639437675476074,50208684
2017-01-02,BOP,13.42587661743164,13.80513858795166,13.236246109008789,13.691360473632812,6.789906024932861,25904910
2017-01-03,BOP,13.729287147521973,13.729287147521973,13.289342880249023,13.372779846191406,6.6319146156311035,18079187
2017-01-04,BOP,13.372779846191406,13.600337982177734,13.243830680847168,13.334854125976562,6.613106727600098,16505077
2017-01-05,BOP,13.350025177001953,13.539655685424805,13.084541320800781,13.15280818939209,6.522824764251709,13176904
2017-01-06,BOP,13.304512977600098,13.714116096496582,13.046614646911621,13.554825782775879,6.722195625305176,19798974
2017-01-09,BOP,13.691360473632812,13.956844329833984,13.592752456665039,13.736871719360352,6.81247615814209,29474341
2017-01-10,BOP,13.789969444274902,13.880990982055664,13.577582359313965,13.623092651367188,6.756051063537598,17589420
2017-01-11,BOP,13.683774948120117,13.82030963897705,13.350025177001953,13.456217765808105,6.673293113708496,16849166
2017-01-12,BOP,13.501729011535645,13.789969444274902,13.365195274353027,13.661019325256348,6.774859428405762,18923589
2017-01-13,BOP,13.653433799743652,13.774798393249512,13.365195274353027,13.42587661743164,6.6582465171813965,12566508
2017-01-16,BOP,13.456217765808105,13.501729011535645,13.243830680847168,13.304512977600098,6.59805965423584,6716331
2017-01-17,BOP,13.205904960632324,13.372779846191406,12.948006629943848,13.183149337768555,6.537871360778809,16305347
2017-01-18,BOP,13.274171829223633,13.683774948120117,13.221075057983398,13.48655891418457,6.688339710235596,25499517
2017-01-19,BOP,13.539655685424805,13.918917655944824,13.494144439697266,13.585166931152344,6.737243175506592,43208248
2017-01-20,BOP,13.615508079528809,13.767212867736816,13.357609748840332,13.41070556640625,6.650722503662109,14971177
2017-01-23,BOP,13.653433799743652,13.729287147521973,13.47138786315918,13.50931453704834,6.699625015258789,10426826
2017-01-24,BOP,13.577582359313965,13.653433799743652,13.365195274353027,13.387950897216797,6.639437675476074,8910724
2017-01-25,BOP,13.395536422729492,13.501729011535645,13.251416206359863,13.304512977600098,6.59805965423584,11851962
2017-01-26,BOP,13.304512977600098,13.577582359313965,13.236246109008789,13.327268600463867,6.609344959259033,17942078
2017-01-27,BOP,13.456217765808105,13.577582359313965,13.084541320800781,13.145222663879395,6.5190629959106445,27186346
2017-01-30,BOP,13.236246109008789,13.289342880249023,12.629426956176758,12.78113079071045,6.338499546051025,14170280
2017-01-31,BOP,12.674938201904297,12.970762252807617,12.553573608398438,12.637011528015137,6.267026901245117,16221632
2017-02-01,BOP,12.78113079071045,13.16797924041748,12.73561954498291,13.03144359588623,6.4626359939575195,14807702
2017-02-02,BOP,13.145222663879395,13.266587257385254,12.78113079071045,12.894909858703613,6.394925594329834,13733247
2017-02-03,BOP,12.834227561950684,12.894909858703613,12.629426956176758,12.728034973144531,6.312168598175049,8387999
2017-02-06,BOP,12.705279350280762,12.978347778320312,12.705279350280762,12.79630184173584,6.346023082733154,6459253
2017-02-07,BOP,12.925251007080078,13.076955795288086,12.77354621887207,12.955592155456543,6.42501974105835,12676590
2017-02-08,BOP,13.046614646911621,13.714116096496582,13.008688926696777,13.714116096496582,6.801192283630371,40922889
2017-02-09,BOP,13.941673278808594,14.146474838256836,13.501729011535645,13.585166931152344,6.737243175506592,36009400
2017-02-10,BOP,13.630678176879883,13.956844329833984,13.524484634399414,13.706530570983887,6.79742956161499,24336733
2017-02-13,BOP,13.714116096496582,13.888577461242676,13.236246109008789,13.387950897216797,6.639437675476074,13536813
2017-02-14,BOP,13.387950897216797,13.48655891418457,13.13005256652832,13.251416206359863,6.5717267990112305,11654869
2017-02-15,BOP,13.289342880249023,13.312097549438477,12.674938201904297,12.879739761352539,6.387402534484863,12658792
2017-02-16,BOP,12.925251007080078,13.03144359588623,12.758376121520996,12.872154235839844,6.383641242980957,6805979
2017-02-17,BOP,13.008688926696777,13.342438697814941,12.872154235839844,13.09212589263916,6.492730140686035,20692815
2017-02-20,BOP,13.160392761230469,13.160392761230469,12.523233413696289,12.637011528015137,6.267026901245117,9817749
2017-02-21,BOP,12.652181625366211,12.803887367248535,12.530817985534668,12.614255905151367,6.255741119384766,8014247
2017-02-22,BOP,12.705279350280762,12.78113079071045,11.855731964111328,12.007436752319336,5.954803943634033,18651350
2017-02-23,BOP,12.09846019744873,12.424625396728516,11.605419158935547,12.007436752319336,5.954803943634033,13381248
2017-02-24,BOP,12.136385917663574,12.159141540527344,11.605419158935547,11.696441650390625,5.800573825836182,20526043
2017-02-27,BOP,11.76470947265625,11.863316535949707,11.142719268798828,11.210986137390137,5.559823989868164,19828636
2017-02-28,BOP,11.264082908630371,11.567493438720703,11.07445240020752,11.377861976623535,5.642581462860107,13138012
2017-03-01,BOP,11.491640090942383,12.136385917663574,11.453714370727539,12.007436752319336,5.954803943634033,11849985
2017-03-02,BOP,12.250164985656738,12.591500282287598,12.227409362792969,12.409455299377441,6.154175758361816,16777316
2017-03-03,BOP,12.515647888183594,12.515647888183594,12.08328914642334,12.151556015014648,6.026276588439941,7693229
2017-03-06,BOP,12.250164985656738,12.326017379760742,11.832976341247559,11.893657684326172,5.898378372192383,5761187
2017-03-07,BOP,11.977095603942871,12.197068214416504,11.802635192871094,12.09846019744873,5.999945640563965,9350394
2017-03-08,BOP,12.052947998046875,12.318431854248047,11.984681129455566,12.09846019744873,5.999945640563965,5380184
2017-03-09,BOP,12.10604476928711,12.288090705871582,11.832976341247559,11.901243209838867,5.9021406173706055,6290505
2017-03-10,BOP,11.908828735351562,11.984681129455566,11.529566764831543,11.70402717590332,5.804335594177246,15200570
2017-03-13,BOP,11.757123947143555,11.795049667358398,11.362690925598145,11.415787696838379,5.6613898277282715,5023571
2017-03-14,BOP,11.423373222351074,11.521981239318848,10.808968544006348,11.195816040039062,5.552300453186035,11548742
2017-03-15,BOP,11.271668434143066,11.385446548461914,11.082036972045898,11.157890319824219,5.533491611480713,4463272
2017-03-16,BOP,11.188231468200684,11.916414260864258,11.01377010345459,11.916414260864258,5.909663677215576,21655869
2017-03-17,BOP,11.969511032104492,12.553573608398438,11.855731964111328,12.219823837280273,6.060132026672363,40380388
2017-03-20,BOP,12.326017379760742,12.46255111694336,12.151556015014648,12.3411865234375,6.1203203201293945,12236261
2017-03-21,BOP,12.41703987121582,12.454965591430664,12.219823837280273,12.3411865234375,6.1203203201293945,6230520
2017-03-22,BOP,12.363943099975586,13.099712371826172,12.288090705871582,13.099712371826172,6.496492862701416,38406819
2017-03-23,BOP,13.099712371826172,13.099712371826172,13.099712371826172,13.099712371826172,6.496492862701416,0
2017-03-24,BOP,13.456217765808105,13.858236312866211,13.213489532470703,13.84306526184082,6.865140438079834,47081559
2017-03-27,BOP,13.911332130432129,13.941673278808594,13.236246109008789,13.357609748840332,6.624390602111816,35066780
2017-03-28,BOP,13.259001731872559,13.259001731872559,12.599085807800293,12.667352676391602,6.282074451446533,30571208
2017-03-29,BOP,12.788717269897461,12.932835578918457,11.992265701293945,12.174311637878418,6.037561416625977,30906728
2017-03-30,BOP,11.575078010559082,11.76470947265625,11.415787696838379,11.415787696838379,5.6613898277282715,33770843
2017-03-31,BOP,10.6951904296875,11.03652572631836,10.672433853149414,10.95308780670166,5.431925296783447,55259941
2017-04-03,BOP,10.95308780670166,10.975844383239746,10.429706573486328,10.497974395751953,5.2062225341796875,15521588
2017-04-04,BOP,10.513143539428711,10.680020332336426,10.391779899597168,10.429706573486328,5.172365665435791,7691910
2017-04-05,BOP,10.429706573486328,10.429706573486328,10.429706573486328,10.429706573486328,5.172365665435791,0
2017-04-06,BOP,10.32351303100586,10.513143539428711,10.126296997070312,10.361438751220703,5.138510704040527,8668148
2017-04-07,BOP,10.429706573486328,10.497974395751953,10.240076065063477,10.414536476135254,5.164843559265137,5971464
2017-04-10,BOP,10.467633247375488,10.467633247375488,10.035273551940918,10.156638145446777,5.03694486618042,5069054
2017-04-11,BOP,10.156638145446777,10.429706573486328,9.989763259887695,10.32351303100586,5.119702339172363,7815176
2017-04-12,BOP,10.27800178527832,10.467633247375488,10.240076065063477,10.270416259765625,5.093369960784912,6410474
2017-04-13,BOP,10.353854179382324,10.353854179382324,10.050443649291992,10.095955848693848,5.006850242614746,5735479
2017-04-14,BOP,10.126296997070312,10.194563865661621,10.012517929077148,10.065614700317383,4.991803169250488,3090870
2017-04-17,BOP,10.095955848693848,10.164222717285156,9.557403564453125,9.656011581420898,4.788671016693115,8074891
2017-04-18,BOP,9.62567138671875,9.845643043518066,9.519477844238281,9.5725736618042,4.747291564941406,11417566
2017-04-19,BOP,9.132630348205566,9.792546272277832,9.125044822692871,9.747035026550293,4.833812236785889,15668584
2017-04-20,BOP,9.747035026550293,10.497974395751953,9.557403564453125,10.202149391174316,5.05951452255249,16172853
2017-04-21,BOP,10.27800178527832,10.346268653869629,10.065614700317383,10.156638145446777,5.03694486618042,12606717
2017-04-24,BOP,10.384195327758789,10.384195327758789,9.86081314086914,9.906325340270996,4.912807941436768,10939664
2017-04-25,BOP,9.94425106048584,10.00493335723877,9.602914810180664,9.633255958557129,4.777385234832764,6443433
2017-04-26,BOP,9.61050033569336,10.391779899597168,9.61050033569336,10.391779899597168,5.153557300567627,25017001
2017-04-27,BOP,10.543484687805176,10.808968544006348,10.202149391174316,10.353854179382324,5.134749889373779,32102471
2017-04-28,BOP,10.369025230407715,10.71794605255127,10.240076065063477,10.285587310791016,5.100893974304199,16381811
2017-05-01,BOP,10.285587310791016,10.285587310791016,10.285587310791016,10.285587310791016,5.100893974304199,0
2017-05-02,BOP,10.31592845916748,10.39936637878418,10.012517929077148,10.088371276855469,5.003089427947998,4020966
2017-05-03,BOP,10.088371276855469,10.232489585876465,9.747035026550293,9.800131797790527,4.860143184661865,6862668
2017-05-04,BOP,9.936665534973145,10.33868408203125,9.8987398147583,10.050443649291992,4.984280586242676,10346407
2017-05-05,BOP,10.126296997070312,10.57382583618164,10.103541374206543,10.437292098999023,5.176128387451172,13764888
2017-05-08,BOP,10.619338035583496,10.808968544006348,10.164222717285156,10.6951904296875,5.3040266036987305,24116569
2017-05-09,BOP,10.844444274902344,10.844444274902344,10.48080825805664,10.513131141662598,5.213738918304443,16386356
2017-05-10,BOP,10.472726821899414,10.707070350646973,10.464646339416504,10.593938827514648,5.253813743591309,8233706
2017-05-11,BOP,10.634343147277832,10.828282356262207,10.634343147277832,10.682827949523926,5.297895431518555,8731181
2017-05-12,BOP,10.682827949523926,11.232322692871094,10.682827949523926,11.12727165222168,5.518307209014893,22751437
2017-05-15,BOP,11.151515007019043,11.410100936889648,11.086868286132812,11.167675971984863,5.5383453369140625,14892075
2017-05-16,BOP,11.191919326782227,11.296969413757324,11.046463966369629,11.070707321166992,5.490255355834961,4852856
2017-05-17,BOP,11.070707321166992,11.232322692871094,10.989897727966309,11.070707321166992,5.490255355834961,6555037
2017-05-18,BOP,11.12727165222168,11.345454216003418,11.12727165222168,11.191919326782227,5.55036735534668,9916706
2017-05-19,BOP,11.232322692871094,11.410100936889648,11.11919116973877,11.17575740814209,5.542352676391602,9977962
2017-05-22,BOP,11.288887977600098,11.305049896240234,10.957574844360352,11.014141082763672,5.462202548980713,3847387
2017-05-23,BOP,11.12727165222168,11.12727165222168,10.8767671585083,10.909090042114258,5.410105228424072,6997443
2017-05-24,BOP,10.981818199157715,11.288887977600098,10.828282356262207,11.143433570861816,5.526322364807129,12421406
2017-05-25,BOP,11.191919326782227,11.272727012634277,10.973736763000488,10.997979164123535,5.454187870025635,3972375
2017-05-26,BOP,11.11111068725586,11.11111068725586,10.79595947265625,10.892929077148438,5.402090549468994,9825750
2017-05-29,BOP,10.828282356262207,11.006059646606445,10.787878036499023,10.892929077148438,5.402090549468994,3164287
2017-05-30,BOP,10.909090042114258,10.981818199157715,10.666666030883789,10.698988914489746,5.305911064147949,3051056
2017-05-31,BOP,10.755555152893066,10.812121391296387,10.48080825805664,10.553535461425781,5.233776569366455,5509350
2017-06-01,BOP,10.561615943908691,10.74747371673584,9.745453834533691,9.955554962158203,4.937222480773926,13869281
2017-06-02,BOP,10.060606002807617,10.173736572265625,9.713130950927734,10.04444408416748,4.981305122375488,5133768
2017-06-05,BOP,10.117171287536621,10.852524757385254,10.109089851379395,10.828282356262207,5.370030403137207,11406656
2017-06-06,BOP,10.909090042114258,10.925251960754395,10.42424201965332,10.505049705505371,5.209731101989746,6884212
2017-06-07,BOP,10.585858345031738,10.610100746154785,10.34343433380127,10.42424201965332,5.169656753540039,4540387
2017-06-08,BOP,10.42424201965332,10.42424201965332,10.181818008422852,10.254545211791992,5.085499286651611,4103550
2017-06-09,BOP,10.375757217407227,10.383837699890137,10.1010103225708,10.133333206176758,5.025387287139893,2192231
2017-06-12,BOP,10.117171287536621,10.117171287536621,9.624241828918457,9.705050468444824,4.812990665435791,9002812
2017-06-13,BOP,9.713130950927734,9.97979736328125,9.575757026672363,9.90707015991211,4.913177490234375,4513162
2017-06-14,BOP,9.91515064239502,9.955554962158203,9.656564712524414,9.705050468444824,4.812990665435791,3869662
2017-06-15,BOP,9.737373352050781,9.858585357666016,9.696969032287598,9.713130950927734,4.816997528076172,3932156
2017-06-16,BOP,9.737373352050781,9.777776718139648,9.616161346435547,9.656564712524414,4.788945198059082,3606075
2017-06-19,BOP,9.696969032287598,9.729291915893555,9.373737335205078,9.470706939697266,4.696773529052734,5085506
2017-06-20,BOP,9.600000381469727,9.600000381469727,8.662626266479492,8.7757568359375,4.352128982543945,11333025
2017-06-21,BOP,8.7757568359375,8.888888359069824,8.105050086975098,8.735353469848633,4.33209228515625,25003068
2017-06-22,BOP,8.808079719543457,9.090909004211426,8.646464347839355,8.929291725158691,4.428271770477295,12285281
2017-06-23,BOP,8.929291725158691,8.929291725158691,8.929291725158691,8.929291725158691,4.428271770477295,0
2017-06-26,BOP,8.929291725158691,8.929291725158691,8.929291725158691,8.929291725158691,4.428271770477295,0
2017-06-27,BOP,8.929291725158691,8.929291725158691,8.929291725158691,8.929291725158691,4.428271770477295,0
2017-06-28,BOP,8.929291725158691,8.929291725158691,8.929291725158691,8.929291725158691,4.428271770477295,0
2017-06-29,BOP,9.090909004211426,9.446463584899902,8.824241638183594,9.15555477142334,4.540480613708496,13347056
2017-06-30,BOP,9.090909004211426,9.696969032287598,9.010101318359375,9.519190788269043,4.720817565917969,14103168
2017-07-03,BOP,9.519190788269043,9.60807991027832,8.816161155700684,8.913130760192871,4.420256614685059,10101712
2017-07-04,BOP,8.888888359069824,9.21212100982666,8.743433952331543,9.058585166931152,4.492391109466553,7897725
2017-07-05,BOP,9.058585166931152,9.5919189453125,8.84848403930664,9.0828275680542,4.504413604736328,20114943
2017-07-06,BOP,9.066665649414062,9.236363410949707,8.905050277709961,9.026262283325195,4.476361274719238,3234206
2017-07-07,BOP,9.21212100982666,9.462626457214355,9.050504684448242,9.333333015441895,4.628645896911621,11224125
2017-07-10,BOP,9.21212100982666,9.898988723754883,9.163636207580566,9.777776718139648,4.849057197570801,26951512
2017-07-11,BOP,9.292928695678711,9.446463584899902,8.969696044921875,8.969696044921875,4.44830846786499,11330550
2017-07-12,BOP,8.969696044921875,9.268686294555664,8.921212196350098,9.14747428894043,4.536473751068115,9035606
2017-07-13,BOP,9.171716690063477,9.414140701293945,9.163636207580566,9.301010131835938,4.612616062164307,5835431
2017-07-14,BOP,9.301010131835938,9.53535270690918,9.309089660644531,9.414140701293945,4.6687211990356445,4681462
2017-07-17,BOP,9.292928695678711,9.349493980407715,9.050504684448242,9.0828275680542,4.504413604736328,3843056
2017-07-18,BOP,9.107069969177246,9.333333015441895,9.107069969177246,9.276766777038574,4.600593566894531,6150375
2017-07-19,BOP,9.292928695678711,9.373737335205078,9.115151405334473,9.139392852783203,4.532466411590576,3117262
2017-07-20,BOP,9.292928695678711,9.292928695678711,8.896968841552734,8.929291725158691,4.428271770477295,7635993
2017-07-21,BOP,8.929291725158691,9.090909004211426,8.84040355682373,9.042424201965332,4.484376907348633,4370850
2017-07-24,BOP,9.090909004211426,9.349493980407715,9.090909004211426,9.325251579284668,4.624638080596924,7311768
2017-07-25,BOP,9.292928695678711,9.486867904663086,9.220202445983887,9.341414451599121,4.632653713226318,7471406
2017-07-26,BOP,9.373737335205078,9.454545021057129,9.15555477142334,9.171716690063477,4.548496246337891,3163668
2017-07-27,BOP,9.276766777038574,9.276766777038574,8.808079719543457,9.002019882202148,4.464339256286621,33411262
2017-07-28,BOP,8.646464347839355,9.050504684448242,8.484848022460938,8.945453643798828,4.436286449432373,14997262
2017-07-31,BOP,9.204039573669434,9.333333015441895,9.050504684448242,9.090909004211426,4.508421421051025,7267218
2017-08-01,BOP,9.179797172546387,9.21212100982666,9.058585166931152,9.107069969177246,4.5164361000061035,6166462
2017-08-02,BOP,9.187877655029297,9.357575416564941,9.050504684448242,9.179797172546387,4.5525031089782715,29746406
2017-08-03,BOP,9.236363410949707,9.777776718139648,9.179797172546387,9.624241828918457,4.772915363311768,53501456
2017-08-04,BOP,9.688887596130371,9.91515064239502,9.559595108032227,9.60807991027832,4.764900207519531,51923025
2017-08-07,BOP,9.656564712524414,9.656564712524414,9.050504684448242,9.139392852783203,4.532466411590576,21069675
2017-08-08,BOP,9.204039573669434,9.22828197479248,8.872727394104004,8.905050277709961,4.4162492752075195,9900618
2017-08-09,BOP,8.953535079956055,9.13131332397461,8.888888359069824,9.034342765808105,4.480368614196777,7236281
2017-08-10,BOP,9.034342765808105,9.276766777038574,8.977776527404785,9.010101318359375,4.46834659576416,11761818
2017-08-11,BOP,8.945453643798828,9.0828275680542,8.888888359069824,8.937373161315918,4.432278633117676,3690225
2017-08-14,BOP,8.937373161315918,8.937373161315918,8.937373161315918,8.937373161315918,4.432278633117676,0
2017-08-15,BOP,9.034342765808105,9.034342765808105,8.412120819091797,8.492929458618164,4.211867809295654,15367893
2017-08-16,BOP,8.565655708312988,8.76767635345459,8.492929458618164,8.557575225830078,4.243926525115967,9289912
2017-08-17,BOP,8.646464347839355,8.678787231445312,8.210101127624512,8.31515121459961,4.123702526092529,13704075
2017-08-18,BOP,8.32323169708252,8.484848022460938,8.185857772827148,8.33939266204834,4.1357245445251465,9612281
2017-08-21,BOP,8.32323169708252,8.38787841796875,7.757575035095215,7.862626075744629,3.8992834091186523,14127918
2017-08-22,BOP,7.919190883636475,8.161616325378418,7.725252151489258,7.951515197753906,3.9433658123016357,11641781
2017-08-23,BOP,7.959595203399658,8.234342575073242,7.919190883636475,8.185857772827148,4.059582710266113,6008062
2017-08-24,BOP,8.274746894836426,8.274746894836426,7.7171711921691895,7.789897918701172,3.863215208053589,6077981
2017-08-25,BOP,7.757575035095215,7.959595203399658,7.587878227233887,7.733333110809326,3.8351633548736572,13889081
2017-08-28,BOP,7.757575035095215,7.806059837341309,7.313130855560303,7.426261901855469,3.6828794479370117,5453662
2017-08-29,BOP,7.345454216003418,7.571716785430908,7.345454216003418,7.385858058929443,3.662841558456421,5954850
2017-08-30,BOP,7.40201997756958,8.0,7.40201997756958,7.757575035095215,3.8471860885620117,10736550
2017-08-31,BOP,7.6363630294799805,7.878787040710449,7.6363630294799805,7.8545451164245605,3.8952763080596924,1328456
2017-09-01,BOP,7.8545451164245605,7.8545451164245605,7.8545451164245605,7.8545451164245605,3.8952763080596924,0
2017-09-04,BOP,7.8545451164245605,7.8545451164245605,7.8545451164245605,7.8545451164245605,3.8952763080596924,0
2017-09-05,BOP,7.838383197784424,8.121212005615234,7.757575035095215,8.040404319763184,3.9874489307403564,3200793
2017-09-06,BOP,8.088888168334961,8.234342575073242,7.830303192138672,7.8545451164245605,3.8952763080596924,3113550
2017-09-07,BOP,7.878787040710449,7.878787040710449,7.482828140258789,7.644443988800049,3.791081428527832,4867706
2017-09-08,BOP,7.79797887802124,8.37171745300293,7.79797887802124,8.226262092590332,4.079619884490967,17360268
2017-09-11,BOP,8.242424011230469,8.32323169708252,7.919190883636475,8.008079528808594,3.9714174270629883,6029718
2017-09-12,BOP,8.08080768585205,8.258584976196289,7.983838081359863,8.024242401123047,3.979433536529541,9299193
2017-09-13,BOP,8.040404319763184,8.210101127624512,7.959595203399658,8.07272720336914,4.003478050231934,11099756
2017-09-14,BOP,8.153534889221191,8.161616325378418,7.894948959350586,7.975757122039795,3.955388307571411,4770562
2017-09-15,BOP,8.040404319763184,8.226262092590332,7.919190883636475,8.113130569458008,4.023514747619629,8302387
2017-09-18,BOP,8.137372970581055,8.202019691467285,8.0,8.032322883605957,3.98344087600708,1804275
2017-09-19,BOP,8.08080768585205,8.145454406738281,7.959595203399658,8.048483848571777,3.991455554962158,4728487
2017-09-20,BOP,8.07272720336914,8.137372970581055,7.838383197784424,7.911110877990723,3.9233286380767822,5988262
2017-09-21,BOP,7.878787040710449,7.919190883636475,7.765655994415283,7.789897918701172,3.863215208053589,4811400
2017-09-22,BOP,7.814140796661377,7.838383197784424,7.587878227233887,7.644443988800049,3.791081428527832,7851318
2017-09-25,BOP,7.6363630294799805,7.757575035095215,7.5555548667907715,7.587878227233887,3.763028860092163,5096025
2017-09-26,BOP,7.587878227233887,7.628282070159912,7.450504779815674,7.482828140258789,3.7109320163726807,4656093
2017-09-27,BOP,7.490909099578857,7.5232319831848145,7.199999809265137,7.466666221618652,3.7029166221618652,14591362
2017-09-28,BOP,7.474747180938721,7.79797887802124,7.450504779815674,7.757575035095215,3.8471860885620117,15232387
2017-09-29,BOP,7.757575035095215,8.161616325378418,7.733333110809326,8.0,3.9674112796783447,16814531
2017-10-02,BOP,8.024242401123047,8.024242401123047,7.7171711921691895,7.7494940757751465,3.8431785106658936,4096743
2017-10-03,BOP,7.79797887802124,7.8222222328186035,7.474747180938721,7.507070064544678,3.722954034805298,5735193
2017-10-04,BOP,7.458584785461426,7.57979679107666,7.216160774230957,7.313130855560303,3.6267740726470947,10156781
2017-10-05,BOP,7.353535175323486,7.539392948150635,7.199999809265137,7.345454216003418,3.6428046226501465,9219375
2017-10-06,BOP,7.369696140289307,7.5555548667907715,7.353535175323486,7.393939018249512,3.666849374771118,5714775
2017-10-09,BOP,7.474747180938721,7.474747180938721,7.232323169708252,7.264646053314209,3.6027297973632812,6587212
2017-10-10,BOP,7.272727012634277,7.305049896240234,7.046463966369629,7.175756931304932,3.5586469173431396,3980418
2017-10-11,BOP,7.127272129058838,7.256565093994141,7.0383830070495605,7.094948768615723,3.5185720920562744,1909462
2017-10-12,BOP,7.111111164093018,7.159595012664795,6.8929290771484375,6.941413879394531,3.442429780960083,4461806
2017-10-13,BOP,6.884848117828369,7.030303001403809,6.626262187957764,6.828281879425049,3.386324882507324,9411187
2017-10-16,BOP,6.836362838745117,7.094948768615723,6.828281879425049,7.0060601234436035,3.474490165710449,6214725
2017-10-17,BOP,7.030303001403809,7.135353088378906,6.828281879425049,6.852525234222412,3.398348093032837,5050237
2017-10-18,BOP,6.828281879425049,6.981818199157715,6.666666030883789,6.715150833129883,3.3302204608917236,3195225
2017-10-19,BOP,6.755555152893066,7.232323169708252,6.747474193572998,7.127272129058838,3.534601926803589,6572362
2017-10-20,BOP,7.151515007019043,7.353535175323486,7.070706844329834,7.151515007019043,3.5466248989105225,6837187
2017-10-23,BOP,7.191918849945068,7.191918849945068,6.949493885040283,7.062625885009766,3.502542734146118,3471187
2017-10-24,BOP,7.151515007019043,7.183837890625,6.949493885040283,7.111111164093018,3.526587724685669,2364243
2017-10-25,BOP,7.0383830070495605,7.353535175323486,7.030303001403809,7.208079814910889,3.574676990509033,3408075
2017-10-26,BOP,7.272727012634277,7.369696140289307,6.949493885040283,6.973736763000488,3.4584600925445557,9805331
2017-10-27,BOP,6.949493885040283,7.0060601234436035,6.7070698738098145,6.80403995513916,3.374302625656128,6384881
2017-10-30,BOP,6.868686199188232,6.868686199188232,6.626262187957764,6.650505065917969,3.2981607913970947,2256581
2017-10-31,BOP,6.682827949523926,6.747474193572998,6.505050182342529,6.521212100982666,3.2340407371520996,4874512
2017-11-01,BOP,6.569695949554443,6.747474193572998,6.569695949554443,6.674746990203857,3.310183048248291,7142231
2017-11-02,BOP,6.658585071563721,6.747474193572998,6.521212100982666,6.537373065948486,3.242055892944336,1960818
2017-11-03,BOP,6.553534984588623,6.7070698738098145,6.545454025268555,6.666666030883789,3.3061749935150146,1848825
2017-11-06,BOP,6.6424241065979,6.698988914489746,6.577776908874512,6.618181228637695,3.282130718231201,630506
2017-11-07,BOP,6.690908908843994,6.690908908843994,6.58585786819458,6.593938827514648,3.270108222961426,1199756
2017-11-08,BOP,6.569695949554443,6.690908908843994,6.537373065948486,6.6424241065979,3.2941532135009766,1168818
2017-11-09,BOP,6.6424241065979,6.884848117828369,6.6424241065979,6.779797077178955,3.3622803688049316,3767568
2017-11-10,BOP,6.787878036499023,7.256565093994141,6.7070698738098145,7.070706844329834,3.5065500736236572,11471625
2017-11-13,BOP,7.02222204208374,7.143434047698975,6.96565580368042,7.014141082763672,3.4784975051879883,1414462
2017-11-14,BOP,7.030303001403809,7.030303001403809,6.820201873779297,6.8444437980651855,3.3943397998809814,1706512
2017-11-15,BOP,6.8606061935424805,6.8606061935424805,6.747474193572998,6.763636112213135,3.3542656898498535,1315462
2017-11-16,BOP,6.763636112213135,6.949493885040283,6.747474193572998,6.868686199188232,3.406362771987915,2056106
2017-11-17,BOP,6.884848117828369,7.062625885009766,6.779797077178955,6.901010036468506,3.4223923683166504,3327637
2017-11-20,BOP,6.933332920074463,6.949493885040283,6.7070698738098145,6.715150833129883,3.3302204608917236,1920600
2017-11-21,BOP,6.715150833129883,6.779797077178955,6.626262187957764,6.674746990203857,3.310183048248291,1919362
2017-11-22,BOP,6.731313228607178,6.747474193572998,6.666666030883789,6.690908908843994,3.3181986808776855,1877287
2017-11-23,BOP,6.747474193572998,6.787878036499023,6.7070698738098145,6.723231792449951,3.334228038787842,1184287
2017-11-24,BOP,6.715150833129883,6.787878036499023,6.666666030883789,6.674746990203857,3.310183048248291,6572362
2017-11-27,BOP,6.634343147277832,6.787878036499023,6.577776908874512,6.755555152893066,3.3502578735351562,715275
2017-11-28,BOP,6.755555152893066,6.795958995819092,6.626262187957764,6.6424241065979,3.2941532135009766,1307418
2017-11-29,BOP,6.626262187957764,6.7070698738098145,6.626262187957764,6.674746990203857,3.310183048248291,1223887
2017-11-30,BOP,6.666666030883789,6.787878036499023,6.666666030883789,6.698988914489746,3.322205066680908,1192331
2017-12-01,BOP,6.698988914489746,6.698988914489746,6.698988914489746,6.698988914489746,3.322205066680908,0
2017-12-04,BOP,6.763636112213135,6.771717071533203,6.674746990203857,6.698988914489746,3.322205066680908,538312
2017-12-05,BOP,6.747474193572998,6.747474193572998,6.674746990203857,6.690908908843994,3.3181986808776855,1022175
2017-12-06,BOP,6.690908908843994,6.690908908843994,6.690908908843994,6.690908908843994,3.3181986808776855,0
2017-12-07,BOP,6.634343147277832,6.666666030883789,5.915151119232178,6.149494171142578,3.049696207046509,12110793
2017-12-08,BOP,6.254545211791992,6.440403938293457,6.1090898513793945,6.278787136077881,3.113816022872925,4742718
2017-12-11,BOP,6.278787136077881,6.383838176727295,5.97171688079834,6.020202159881592,2.985576868057251,3058481
2017-12-12,BOP,5.9636359214782715,6.173737049102783,5.898989200592041,6.060606002807617,3.0056145191192627,1840162
2017-12-13,BOP,6.1898980140686035,6.359594821929932,6.060606002807617,6.335352897644043,3.1418685913085938,3210075
2017-12-14,BOP,6.230302810668945,6.230302810668945,6.060606002807617,6.101009845733643,3.025651693344116,1129837
2017-12-15,BOP,6.060606002807617,6.448483943939209,6.028282165527344,6.343433856964111,3.145875930786133,3821400
2017-12-18,BOP,6.20605993270874,6.270707130432129,6.141414165496826,6.181818008422852,3.0657265186309814,454162
2017-12-19,BOP,6.173737049102783,6.181818008422852,5.979796886444092,6.012121200561523,2.981569290161133,2004131
2017-12-20,BOP,6.20605993270874,6.343433856964111,6.101009845733643,6.311110973358154,3.1298463344573975,14589506
2017-12-21,BOP,6.36767578125,6.626262187957764,6.303030014038086,6.488887786865234,3.218010425567627,5873175
2017-12-22,BOP,6.618181228637695,6.80403995513916,6.545454025268555,6.723231792449951,3.334228038787842,6243187
2017-12-25,BOP,6.723231792449951,6.723231792449951,6.723231792449951,6.723231792449951,3.334228038787842,0
2017-12-26,BOP,6.6424241065979,6.747474193572998,6.545454025268555,6.634343147277832,3.2901458740234375,4198218
2017-12-27,BOP,6.666666030883789,6.698988914489746,6.553534984588623,6.577776908874512,3.2620933055877686,2920500
2017-12-28,BOP,6.626262187957764,6.876767158508301,6.513131141662598,6.820201873779297,3.3823180198669434,11463581
2017-12-29,BOP,6.868686199188232,6.909090042114258,6.626262187957764,6.658585071563721,3.302168130874634,8235562
2018-01-01,BOP,6.593938827514648,6.715150833129883,6.545454025268555,6.682827949523926,3.314190149307251,2237400
2018-01-02,BOP,6.666666030883789,6.997979164123535,6.602019786834717,6.941413879394531,3.442429780960083,8404481
2018-01-03,BOP,6.909090042114258,7.337372779846191,6.884848117828369,7.183837890625,3.562654495239258,16576312
2018-01-04,BOP,7.191918849945068,7.256565093994141,7.014141082763672,7.111111164093018,3.526587724685669,4857187
2018-01-05,BOP,7.111111164093018,7.733333110809326,7.111111164093018,7.684847831726074,3.8111183643341064,22339968
2018-01-08,BOP,7.79797887802124,7.878787040710449,7.5555548667907715,7.692928791046143,3.815126419067383,14491743
2018-01-09,BOP,7.676766872406006,7.676766872406006,7.353535175323486,7.466666221618652,3.7029166221618652,7048800
2018-01-10,BOP,7.507070064544678,7.951515197753906,7.507070064544678,7.806059837341309,3.8712310791015625,17435756
2018-01-11,BOP,7.878787040710449,7.951515197753906,7.628282070159912,7.644443988800049,3.791081428527832,9231750
2018-01-12,BOP,7.595959186553955,7.595959186553955,7.313130855560303,7.361616134643555,3.650819778442383,6975168
2018-01-15,BOP,7.393939018249512,7.393939018249512,7.1191911697387695,7.159595012664795,3.5506319999694824,3270712
2018-01-16,BOP,7.183837890625,7.410100936889648,7.151515007019043,7.232323169708252,3.5866992473602295,3457575
2018-01-17,BOP,7.232323169708252,7.329291820526123,7.159595012664795,7.288887977600098,3.6147518157958984,1829025
2018-01-18,BOP,7.313130855560303,7.595959186553955,7.175756931304932,7.296968936920166,3.6187593936920166,11395518
2018-01-19,BOP,7.353535175323486,7.571716785430908,7.321211814880371,7.474747180938721,3.7069246768951416,8015287
2018-01-22,BOP,7.56363582611084,7.7171711921691895,7.482828140258789,7.6606059074401855,3.79909610748291,11669006
2018-01-23,BOP,7.7171711921691895,7.7171711921691895,7.5555548667907715,7.628282070159912,3.783066511154175,6170175
2018-01-24,BOP,7.709090232849121,7.806059837341309,7.6363630294799805,7.7414140701293945,3.8391709327697754,10237218
2018-01-25,BOP,7.8222222328186035,8.064645767211914,7.6363630294799805,7.959595203399658,3.947373151779175,21670481
2018-01-26,BOP,7.959595203399658,8.07272720336914,7.765655994415283,8.032322883605957,3.98344087600708,24067518
2018-01-29,BOP,8.242424011230469,8.557575225830078,8.242424011230469,8.331313133239746,4.131717681884766,28884487
2018-01-30,BOP,8.331313133239746,8.331313133239746,8.331313133239746,8.331313133239746,4.131717681884766,0
2018-01-31,BOP,8.202019691467285,8.307069778442383,8.129291534423828,8.193939208984375,4.063591003417969,5029200
2018-02-01,BOP,8.218180656433105,8.404040336608887,8.121212005615234,8.290908813476562,4.111680030822754,8687868
2018-02-02,BOP,8.363636016845703,8.525252342224121,8.210101127624512,8.347474098205566,4.139732837677002,17997581
2018-02-05,BOP,8.347474098205566,8.347474098205566,8.347474098205566,8.347474098205566,4.139732837677002,0
2018-02-06,BOP,8.161616325378418,8.282828330993652,8.121212005615234,8.234342575073242,4.083627700805664,5079937
2018-02-07,BOP,8.242424011230469,8.476766586303711,8.202019691467285,8.226262092590332,4.079619884490967,6639187
2018-02-08,BOP,8.226262092590332,8.226262092590332,8.226262092590332,8.226262092590332,4.079619884490967,0
2018-02-09,BOP,7.7171711921691895,7.927271842956543,7.604040145874023,7.7494940757751465,3.8431785106658936,9429750
2018-02-12,BOP,7.830303192138672,7.830303192138672,7.701010227203369,7.773736953735352,3.855201005935669,3553481
2018-02-13,BOP,7.830303192138672,7.878787040710449,7.757575035095215,7.765655994415283,3.85119366645813,4243387
2018-02-14,BOP,7.765655994415283,7.765655994415283,7.765655994415283,7.765655994415283,3.85119366645813,0
2018-02-15,BOP,7.692928791046143,7.78181791305542,7.6363630294799805,7.701010227203369,3.81913423538208,5212350
2018-02-16,BOP,7.7171711921691895,7.79797887802124,7.57979679107666,7.765655994415283,3.85119366645813,3755193
2018-02-19,BOP,7.757575035095215,7.878787040710449,7.684847831726074,7.701010227203369,3.81913423538208,1929881
2018-02-20,BOP,7.6363630294799805,7.7414140701293945,7.5232319831848145,7.684847831726074,3.8111183643341064,2713218
2018-02-21,BOP,7.757575035095215,7.8222222328186035,7.595959186553955,7.612121105194092,3.7750513553619385,4693837
2018-02-22,BOP,7.498989105224609,7.604040145874023,7.410100936889648,7.587878227233887,3.763028860092163,5578650
2018-02-23,BOP,7.6363630294799805,7.676766872406006,7.345454216003418,7.4181809425354,3.6788716316223145,13619925
2018-02-26,BOP,7.474747180938721,7.56363582611084,7.458584785461426,7.498989105224609,3.7189464569091797,2323406
2018-02-27,BOP,7.515151023864746,7.5555548667907715,7.466666221618652,7.482828140258789,3.7109320163726807,2132831
2018-02-28,BOP,7.515151023864746,7.5555548667907715,7.474747180938721,7.507070064544678,3.722954034805298,2419931
2018-03-01,BOP,7.434342861175537,7.587878227233887,7.434342861175537,7.5232319831848145,3.7309694290161133,3897506
2018-03-02,BOP,7.482828140258789,7.612121105194092,7.474747180938721,7.587878227233887,3.763028860092163,5942475
2018-03-05,BOP,7.612121105194092,7.644443988800049,7.5555548667907715,7.571716785430908,3.755013942718506,394143
2018-03-06,BOP,7.5555548667907715,7.652524948120117,7.5555548667907715,7.56363582611084,3.7510063648223877,5680743
2018-03-07,BOP,7.482828140258789,7.5555548667907715,7.369696140289307,7.410100936889648,3.6748642921447754,2388375
2018-03-08,BOP,7.361616134643555,7.434342861175537,7.305049896240234,7.329291820526123,3.634788751602173,2021456
2018-03-09,BOP,7.305049896240234,7.305049896240234,6.949493885040283,7.014141082763672,3.4784975051879883,8101912
2018-03-12,BOP,7.0060601234436035,7.167675971984863,6.949493885040283,7.143434047698975,3.5426175594329834,1708368
2018-03-13,BOP,7.191918849945068,7.248484134674072,7.143434047698975,7.175756931304932,3.5586469173431396,744356
2018-03-14,BOP,7.175756931304932,7.24040412902832,7.062625885009766,7.078786849975586,3.510556936264038,4677131
2018-03-15,BOP,7.111111164093018,7.393939018249512,7.111111164093018,7.337372779846191,3.63879656791687,8244225
2018-03-16,BOP,7.313130855560303,7.434342861175537,7.313130855560303,7.377777099609375,3.6588339805603027,1230075
2018-03-19,BOP,7.434342861175537,7.434342861175537,7.256565093994141,7.296968936920166,3.6187593936920166,1015368
2018-03-20,BOP,7.24040412902832,7.6363630294799805,7.232323169708252,7.5232319831848145,3.7309694290161133,6851418
2018-03-21,BOP,7.531312942504883,7.7171711921691895,7.531312942504883,7.57979679107666,3.759021520614624,3679706
2018-03-22,BOP,7.5555548667907715,7.652524948120117,7.5232319831848145,7.57979679107666,3.759021520614624,1537593
2018-03-23,BOP,7.57979679107666,7.57979679107666,7.57979679107666,7.57979679107666,3.759021520614624,0
2018-03-26,BOP,7.5232319831848145,7.846464157104492,7.474747180938721,7.757575035095215,3.8471860885620117,4896168
2018-03-27,BOP,7.7494940757751465,8.0,7.7414140701293945,7.919190883636475,3.927335500717163,8303006
2018-03-28,BOP,7.919190883636475,8.048483848571777,7.8545451164245605,7.983838081359863,3.959395408630371,10968581
2018-03-29,BOP,7.983838081359863,8.024242401123047,7.878787040710449,7.903029918670654,3.919320583343506,4987743
2018-03-30,BOP,7.919190883636475,8.064645767211914,7.878787040710449,7.983838081359863,3.959395408630371,10307137
2018-04-02,BOP,7.838383197784424,7.838383197784424,7.604040145874023,7.628282070159912,3.783066511154175,5838525
2018-04-03,BOP,7.6363630294799805,7.7171711921691895,7.5555548667907715,7.6606059074401855,3.79909610748291,2854293
2018-04-04,BOP,7.612121105194092,7.878787040710449,7.612121105194092,7.709090232849121,3.82314133644104,11826787
2018-04-05,BOP,7.709090232849121,7.870707035064697,7.676766872406006,7.79797887802124,3.8672232627868652,3756431
2018-04-06,BOP,7.830303192138672,7.983838081359863,7.757575035095215,7.78181791305542,3.8592090606689453,4220493
2018-04-09,BOP,7.757575035095215,7.903029918670654,7.684847831726074,7.7171711921691895,3.827148914337158,2379093
2018-04-10,BOP,7.725252151489258,7.7414140701293945,7.62020206451416,7.6686859130859375,3.80310320854187,1369912
2018-04-11,BOP,7.6606059074401855,7.733333110809326,7.595959186553955,7.612121105194092,3.7750513553619385,3884512
2018-04-12,BOP,7.62020206451416,7.676766872406006,7.5232319831848145,7.539392948150635,3.738983631134033,5234006
2018-04-13,BOP,7.57979679107666,7.587878227233887,7.474747180938721,7.498989105224609,3.7189464569091797,1612462
2018-04-16,BOP,7.515151023864746,7.515151023864746,7.458584785461426,7.466666221618652,3.7029166221618652,809325
2018-04-17,BOP,7.4424238204956055,7.595959186553955,7.410100936889648,7.5555548667907715,3.7469987869262695,3629587
2018-04-18,BOP,7.531312942504883,7.830303192138672,7.531312942504883,7.709090232849121,3.82314133644104,10614037
2018-04-19,BOP,7.7171711921691895,7.967676162719727,7.7171711921691895,7.894948959350586,3.9153130054473877,16869600
2018-04-20,BOP,7.911110877990723,7.919190883636475,7.692928791046143,7.757575035095215,3.8471860885620117,2689087
2018-04-23,BOP,7.878787040710449,7.878787040710449,7.757575035095215,7.8545451164245605,3.8952763080596924,3021975
2018-04-24,BOP,7.846464157104492,7.959595203399658,7.814140796661377,7.838383197784424,3.887260913848877,3944531
2018-04-25,BOP,7.838383197784424,7.886868000030518,7.6686859130859375,7.7494940757751465,3.8431785106658936,11563818
2018-04-26,BOP,8.549493789672852,8.557575225830078,8.484848022460938,8.557575225830078,4.243926525115967,11598468
2018-04-27,BOP,9.365655899047852,9.365655899047852,9.365655899047852,9.365655899047852,4.644675254821777,1068581
2018-04-30,BOP,10.173736572265625,10.173736572265625,9.600000381469727,10.068685531616211,4.993326663970947,105549468
2018-05-01,BOP,10.068685531616211,10.068685531616211,10.068685531616211,10.068685531616211,4.993326663970947,0
2018-05-02,BOP,10.020201683044434,10.1010103225708,9.753535270690918,9.866665840148926,4.8931403160095215,17804531
2018-05-03,BOP,9.818181037902832,9.931312561035156,9.575757026672363,9.67272663116455,4.79695987701416,17467931
2018-05-04,BOP,9.624241828918457,9.97979736328125,9.494949340820312,9.898988723754883,4.9091691970825195,26101350
2018-05-07,BOP,9.882827758789062,9.90707015991211,9.616161346435547,9.648484230041504,4.784937858581543,8957025
2018-05-08,BOP,9.656564712524414,9.696969032287598,9.341414451599121,9.494949340820312,4.70879602432251,13809262
2018-05-09,BOP,9.422222137451172,9.648484230041504,9.260605812072754,9.559595108032227,4.7408552169799805,8296200
2018-05-10,BOP,9.616161346435547,9.769696235656738,9.494949340820312,9.640403747558594,4.780930519104004,7551843
2018-05-11,BOP,9.616161346435547,9.656564712524414,9.454545021057129,9.462626457214355,4.692765712738037,1818506
2018-05-14,BOP,9.373737335205078,9.381817817687988,9.010101318359375,9.0828275680542,4.504413604736328,10812037
2018-05-15,BOP,9.066665649414062,9.486867904663086,8.977776527404785,9.381817817687988,4.652690410614014,15190312
2018-05-16,BOP,9.373737335205078,9.414140701293945,9.21212100982666,9.236363410949707,4.5805559158325195,4204406
2018-05-17,BOP,9.204039573669434,9.276766777038574,9.010101318359375,9.107069969177246,4.5164361000061035,1170056
2018-05-18,BOP,9.123231887817383,9.22828197479248,9.034342765808105,9.0828275680542,4.504413604736328,3524400
2018-05-21,BOP,9.13131332397461,9.454545021057129,9.115151405334473,9.236363410949707,4.5805559158325195,4212450
2018-05-22,BOP,9.220202445983887,9.478787422180176,9.220202445983887,9.397978782653809,4.66070556640625,7449750
2018-05-23,BOP,9.414140701293945,9.737373352050781,9.414140701293945,9.5919189453125,4.756885051727295,7333425
2018-05-24,BOP,9.575757026672363,9.745453834533691,9.51111125946045,9.616161346435547,4.76890754699707,13439250
2018-05-25,BOP,9.648484230041504,9.648484230041504,9.422222137451172,9.575757026672363,4.748870372772217,8516475
2018-05-28,BOP,9.696969032287598,9.745453834533691,9.51111125946045,9.600000381469727,4.76089334487915,7754175
2018-05-29,BOP,9.575757026672363,9.680808067321777,9.551514625549316,9.632323265075684,4.776923179626465,5963512
2018-05-30,BOP,9.648484230041504,9.818181037902832,9.567675590515137,9.753535270690918,4.837035179138184,13917543
2018-05-31,BOP,9.777776718139648,9.850504875183105,9.705050468444824,9.777776718139648,4.849057197570801,7198537
2018-06-01,BOP,9.777776718139648,9.818181037902832,9.713130950927734,9.761615753173828,4.841042518615723,2977425
2018-06-04,BOP,9.737373352050781,9.923232078552246,9.721212387084961,9.753535270690918,4.837035179138184,14536912
2018-06-05,BOP,9.777776718139648,10.004039764404297,9.696969032287598,9.931312561035156,4.92519998550415,25139193
2018-06-06,BOP,9.898988723754883,10.73939323425293,9.898988723754883,10.561615943908691,5.237783908843994,72465525
2018-06-07,BOP,10.626261711120605,10.852524757385254,10.36767578125,10.537372589111328,5.225760459899902,78272493
2018-06-08,BOP,10.537372589111328,10.537372589111328,10.537372589111328,10.537372589111328,5.225760459899902,0
2018-06-11,BOP,10.505049705505371,10.852524757385254,10.399999618530273,10.698988914489746,5.305911064147949,30522937
2018-06-12,BOP,10.666666030883789,10.844444274902344,10.278786659240723,10.391919136047363,5.153626441955566,14165043
2018-06-13,BOP,10.391919136047363,10.666666030883789,10.35151481628418,10.626261711120605,5.269842624664307,12441206
2018-06-14,BOP,10.602020263671875,10.892929077148438,10.602020263671875,10.763635635375977,5.337970733642578,19460306
2018-06-15,BOP,10.763635635375977,10.763635635375977,10.763635635375977,10.763635635375977,5.337970733642578,0
2018-06-19,BOP,10.80403995513916,10.901009559631348,10.72323226928711,10.771717071533203,5.341978073120117,4623300
2018-06-20,BOP,10.74747371673584,10.787878036499023,10.42424201965332,10.513131141662598,5.213738918304443,6022912
2018-06-21,BOP,10.464646339416504,10.585858345031738,10.28686809539795,10.335352897644043,5.125573635101318,6871837
2018-06-22,BOP,10.327272415161133,10.464646339416504,9.955554962158203,10.05252456665039,4.985312461853027,19641600
2018-06-25,BOP,10.020201683044434,10.141413688659668,9.753535270690918,9.818181037902832,4.8690948486328125,13831537
2018-06-26,BOP,9.898988723754883,10.1010103225708,9.705050468444824,9.793938636779785,4.857072353363037,19430606
2018-06-27,BOP,9.777776718139648,9.947473526000977,9.777776718139648,9.882827758789062,4.901154518127441,12352725
2018-06-28,BOP,9.826262474060059,10.1010103225708,9.785858154296875,9.898988723754883,4.9091691970825195,4360331
2018-06-29,BOP,9.898988723754883,10.1010103225708,9.713130950927734,9.753535270690918,4.837035179138184,10211231
2018-07-02,BOP,9.785858154296875,9.939393043518066,9.696969032287598,9.761615753173828,4.841042518615723,3896887
2018-07-03,BOP,9.858585357666016,9.890909194946289,9.713130950927734,9.761615753173828,4.841042518615723,1943493
2018-07-04,BOP,9.713130950927734,9.713130950927734,9.13131332397461,9.21212100982666,4.568533897399902,8602481
2018-07-05,BOP,9.179797172546387,9.575757026672363,9.171716690063477,9.470706939697266,4.696773529052734,5632481
2018-07-06,BOP,9.301010131835938,9.567675590515137,9.268686294555664,9.422222137451172,4.672728538513184,3827587
2018-07-09,BOP,9.470706939697266,9.470706939697266,8.808079719543457,8.985857963562012,4.456324100494385,10451306
2018-07-10,BOP,9.050504684448242,9.15555477142334,8.654544830322266,9.074747085571289,4.500406265258789,7262887
2018-07-11,BOP,8.993939399719238,9.414140701293945,8.937373161315918,9.325251579284668,4.624638080596924,6552562
2018-07-12,BOP,9.244443893432617,9.381817817687988,9.074747085571289,9.276766777038574,4.600593566894531,2916168
2018-07-13,BOP,9.276766777038574,9.96363639831543,9.276766777038574,9.810100555419922,4.865087985992432,23130112
2018-07-16,BOP,10.020201683044434,10.222222328186035,9.53535270690918,9.66464614868164,4.792952537536621,31133643
2018-07-17,BOP,9.753535270690918,9.777776718139648,9.58383846282959,9.737373352050781,4.829020023345947,4342387
2018-07-18,BOP,9.769696235656738,10.084848403930664,9.769696235656738,10.05252456665039,4.985312461853027,11060775
2018-07-19,BOP,10.173736572265625,10.513131141662598,9.939393043518066,10.432323455810547,5.173664569854736,24879937
2018-07-20,BOP,10.262625694274902,10.335352897644043,9.882827758789062,9.923232078552246,4.921192169189453,25873650
2018-07-23,BOP,9.97171688079834,9.97171688079834,9.632323265075684,9.850504875183105,4.885125160217285,6048281
2018-07-24,BOP,9.898988723754883,10.149494171142578,9.898988723754883,10.117171287536621,5.017371654510498,13939818
2018-07-25,BOP,10.117171287536621,10.117171287536621,10.117171287536621,10.117171287536621,5.017371654510498,0
2018-07-26,BOP,10.303030014038086,10.319190979003906,9.389898300170898,9.52727222442627,4.724825382232666,30948018
2018-07-27,BOP,9.53535270690918,9.810100555419922,9.292928695678711,9.745453834533691,4.8330278396606445,15642618
2018-07-30,BOP,9.858585357666016,10.04444408416748,9.53535270690918,9.66464614868164,4.792952537536621,18944268
2018-07-31,BOP,9.688887596130371,9.688887596130371,9.381817817687988,9.486867904663086,4.704787731170654,8515856
2018-08-01,BOP,9.446463584899902,9.624241828918457,9.373737335205078,9.58383846282959,4.7528791427612305,2831400
2018-08-02,BOP,9.53535270690918,9.931312561035156,9.51111125946045,9.688887596130371,4.804974555969238,14087081
2018-08-03,BOP,9.616161346435547,9.858585357666016,9.616161346435547,9.745453834533691,4.8330278396606445,4210593
2018-08-06,BOP,9.769696235656738,9.858585357666016,9.616161346435547,9.640403747558594,4.780930519104004,5255043
2018-08-07,BOP,9.696969032287598,9.769696235656738,9.503029823303223,9.53535270690918,4.728833198547363,3448293
2018-08-08,BOP,9.656564712524414,9.656564712524414,9.414140701293945,9.422222137451172,4.672728538513184,4784793
2018-08-09,BOP,9.414140701293945,9.67272663116455,9.414140701293945,9.486867904663086,4.704787731170654,10924031
2018-08-10,BOP,9.53535270690918,9.737373352050781,9.422222137451172,9.470706939697266,4.696773529052734,6845231
2018-08-13,BOP,9.486867904663086,9.53535270690918,9.373737335205078,9.389898300170898,4.656698226928711,2880900
2018-08-14,BOP,9.389898300170898,9.389898300170898,9.389898300170898,9.389898300170898,4.656698226928711,0
2018-08-15,BOP,9.454545021057129,9.494949340820312,9.21212100982666,9.2848482131958,4.60460090637207,5521725
2018-08-16,BOP,9.292928695678711,9.317171096801758,8.905050277709961,9.09898853302002,4.512427806854248,8244225
2018-08-17,BOP,9.187877655029297,9.90707015991211,9.187877655029297,9.648484230041504,4.784937858581543,48320662
2018-08-20,BOP,9.858585357666016,9.858585357666016,9.454545021057129,9.519190788269043,4.720817565917969,13610643
2018-08-21,BOP,9.519190788269043,9.519190788269043,9.519190788269043,9.519190788269043,4.720817565917969,0
2018-08-22,BOP,9.519190788269043,9.519190788269043,9.519190788269043,9.519190788269043,4.720817565917969,0
2018-08-23,BOP,9.519190788269043,9.519190788269043,9.519190788269043,9.519190788269043,4.720817565917969,0
2018-08-24,BOP,9.551514625549316,9.616161346435547,9.454545021057129,9.543434143066406,4.732840538024902,5808206
2018-08-27,BOP,9.648484230041504,9.648484230041504,9.446463584899902,9.470706939697266,4.696773529052734,9038700
2018-08-28,BOP,9.470706939697266,9.519190788269043,9.260605812072754,9.317171096801758,4.620630741119385,6639806
2018-08-29,BOP,9.292928695678711,9.494949340820312,9.292928695678711,9.454545021057129,4.688757419586182,3378375
2018-08-30,BOP,9.494949340820312,9.494949340820312,9.292928695678711,9.373737335205078,4.648684024810791,3997125
2018-08-31,BOP,9.438383102416992,9.51111125946045,9.276766777038574,9.389898300170898,4.656698226928711,10472962
2018-09-03,BOP,9.373737335205078,9.422222137451172,9.21212100982666,9.317171096801758,4.620630741119385,3625256
2018-09-04,BOP,9.373737335205078,9.486867904663086,9.260605812072754,9.341414451599121,4.632653713226318,4187700
2018-09-05,BOP,9.333333015441895,9.454545021057129,9.2848482131958,9.406060218811035,4.664712905883789,6097162
2018-09-06,BOP,9.389898300170898,9.793938636779785,9.389898300170898,9.66464614868164,4.792952537536621,53557762
2018-09-07,BOP,9.688887596130371,9.696969032287598,9.446463584899902,9.486867904663086,4.704787731170654,3591843
2018-09-10,BOP,9.454545021057129,9.567675590515137,9.325251579284668,9.446463584899902,4.684750556945801,2665575
2018-09-11,BOP,9.462626457214355,9.543434143066406,9.252525329589844,9.292928695678711,4.608608245849609,9276918
2018-09-12,BOP,9.292928695678711,9.325251579284668,8.888888359069824,8.961615562438965,4.444301605224609,12684375
2018-09-13,BOP,8.969696044921875,9.357575416564941,8.888888359069824,9.2848482131958,4.60460090637207,5955468
2018-09-14,BOP,9.349493980407715,9.357575416564941,9.171716690063477,9.21212100982666,4.568533897399902,1662581
2018-09-17,BOP,9.252525329589844,9.252525329589844,8.888888359069824,8.961615562438965,4.444301605224609,6577931
2018-09-18,BOP,8.993939399719238,9.252525329589844,8.937373161315918,9.204039573669434,4.564526081085205,3247818
2018-09-19,BOP,9.139392852783203,9.333333015441895,9.139392852783203,9.292928695678711,4.608608245849609,2531925
2018-09-20,BOP,9.292928695678711,9.292928695678711,9.292928695678711,9.292928695678711,4.608608245849609,0
2018-09-21,BOP,9.292928695678711,9.292928695678711,9.292928695678711,9.292928695678711,4.608608245849609,0
2018-09-24,BOP,9.252525329589844,9.438383102416992,9.244443893432617,9.268686294555664,4.596585750579834,2982375
2018-09-25,BOP,9.292928695678711,9.414140701293945,9.252525329589844,9.252525329589844,4.588571548461914,2600606
2018-09-26,BOP,9.236363410949707,9.397978782653809,9.21212100982666,9.252525329589844,4.588571548461914,2760862
2018-09-27,BOP,9.325251579284668,9.333333015441895,9.15555477142334,9.204039573669434,4.564526081085205,2734256
2018-09-28,BOP,9.179797172546387,9.688887596130371,9.179797172546387,9.559595108032227,4.7408552169799805,13705931
2018-10-01,BOP,9.640403747558594,9.688887596130371,9.454545021057129,9.52727222442627,4.724825382232666,26201587
2018-10-02,BOP,9.575757026672363,9.575757026672363,9.341414451599121,9.470706939697266,4.696773529052734,6168318
2018-10-03,BOP,9.454545021057129,9.503029823303223,9.357575416564941,9.397978782653809,4.66070556640625,2433543
2018-10-04,BOP,9.454545021057129,9.454545021057129,9.050504684448242,9.09898853302002,4.512427806854248,4297837
2018-10-05,BOP,9.090909004211426,9.220202445983887,8.808079719543457,8.864645957946777,4.396211624145508,10920318
2018-10-08,BOP,9.010101318359375,9.010101318359375,8.056565284729004,8.177777290344238,4.055575370788574,22757006
2018-10-09,BOP,8.282828330993652,8.783838272094727,8.282828330993652,8.444443702697754,4.187821865081787,12513600
2018-10-10,BOP,8.32323169708252,8.484848022460938,8.08080768585205,8.363636016845703,4.147747993469238,8235562
2018-10-11,BOP,8.282828330993652,8.484848022460938,8.161616325378418,8.193939208984375,4.063591003417969,2729306
2018-10-12,BOP,8.307069778442383,8.31515121459961,7.878787040710449,8.032322883605957,3.98344087600708,5512443
2018-10-15,BOP,7.919190883636475,8.177777290344238,7.4424238204956055,8.064645767211914,3.9994704723358154,7458412
2018-10-16,BOP,8.088888168334961,8.646464347839355,8.08080768585205,8.533332824707031,4.23190450668335,15044287
2018-10-17,BOP,8.565655708312988,9.074747085571289,8.565655708312988,9.010101318359375,4.46834659576416,10799662
2018-10-18,BOP,9.034342765808105,9.13131332397461,8.662626266479492,8.76767635345459,4.348121643066406,8447793
2018-10-19,BOP,8.646464347839355,9.107069969177246,8.646464347839355,8.985857963562012,4.456324100494385,7176881
2018-10-22,BOP,9.050504684448242,9.2848482131958,8.961615562438965,9.21212100982666,4.568533897399902,17966025
2018-10-23,BOP,9.292928695678711,9.406060218811035,8.646464347839355,8.75151538848877,4.340106964111328,28434037
2018-10-24,BOP,9.292928695678711,9.559595108032227,9.107069969177246,9.52727222442627,4.724825382232666,37535231
2018-10-25,BOP,9.696969032287598,9.793938636779785,9.53535270690918,9.66464614868164,4.792952537536621,31516650
2018-10-26,BOP,9.656564712524414,9.890909194946289,9.21212100982666,9.793938636779785,4.857072353363037,66223575
2018-10-29,BOP,9.97979736328125,10.602020263671875,9.866665840148926,10.569696426391602,5.241791248321533,78416662
2018-10-30,BOP,10.577776908874512,10.8767671585083,10.34343433380127,10.472726821899414,5.19370174407959,40878956
2018-10-31,BOP,10.34343433380127,10.585858345031738,10.197978973388672,10.254545211791992,5.085499286651611,18716568
2018-11-01,BOP,10.181818008422852,10.634343147277832,10.1010103225708,10.561615943908691,5.237783908843994,23075043
2018-11-02,BOP,10.626261711120605,10.909090042114258,10.464646339416504,10.763635635375977,5.337970733642578,31429406
2018-11-05,BOP,10.666666030883789,10.666666030883789,10.303030014038086,10.545454025268555,5.229769229888916,15986643
2018-11-06,BOP,10.577776908874512,10.650505065917969,10.173736572265625,10.214140892028809,5.0654616355896,14749762
2018-11-07,BOP,10.464646339416504,10.868685722351074,10.35959529876709,10.787878036499023,5.3499932289123535,43355193
2018-11-08,BOP,10.787878036499023,11.078786849975586,10.634343147277832,10.884847640991211,5.398082733154297,39423037
2018-11-09,BOP,10.868685722351074,11.191919326782227,10.828282356262207,10.892929077148438,5.402090549468994,31932450
2018-11-12,BOP,10.892929077148438,10.909090042114258,10.545454025268555,10.585858345031738,5.249805927276611,13724493
2018-11-13,BOP,10.553535461425781,10.787878036499023,10.375757217407227,10.650505065917969,5.281866073608398,15732337
2018-11-14,BOP,10.585858345031738,10.74747371673584,10.505049705505371,10.585858345031738,5.249805927276611,6847087
2018-11-15,BOP,10.553535461425781,10.828282356262207,10.553535461425781,10.79595947265625,5.354001045227051,7973212
2018-11-16,BOP,10.787878036499023,10.844444274902344,10.626261711120605,10.674747467041016,5.293888568878174,4589887
2018-11-19,BOP,10.634343147277832,10.666666030883789,10.48080825805664,10.513131141662598,5.213738918304443,3171093
2018-11-20,BOP,10.521211624145508,10.763635635375977,10.521211624145508,10.707070350646973,5.3099188804626465,3858525
2018-11-21,BOP,10.707070350646973,10.707070350646973,10.707070350646973,10.707070350646973,5.3099188804626465,0
2018-11-22,BOP,10.666666030883789,10.666666030883789,10.375757217407227,10.440403938293457,5.177670955657959,7718287
2018-11-23,BOP,10.488887786865234,10.521211624145508,10.303030014038086,10.408080101013184,5.161641597747803,5988881
2018-11-26,BOP,10.42424201965332,10.537372589111328,10.303030014038086,10.34343433380127,5.129581928253174,3219356
2018-11-27,BOP,10.42424201965332,10.42424201965332,10.278786659240723,10.391919136047363,5.153626441955566,2152012
2018-11-28,BOP,10.488887786865234,10.505049705505371,10.383837699890137,10.432323455810547,5.173664569854736,3071475
2018-11-29,BOP,10.42424201965332,10.666666030883789,10.383837699890137,10.593938827514648,5.253813743591309,7843893
2018-11-30,BOP,10.658584594726562,10.917170524597168,10.537372589111328,10.698988914489746,5.305911064147949,36061987
2018-12-03,BOP,10.901009559631348,10.981818199157715,10.36767578125,10.505049705505371,5.209731101989746,25361943
2018-12-04,BOP,10.391919136047363,10.771717071533203,10.391919136047363,10.553535461425781,5.233776569366455,12177618
2018-12-05,BOP,10.505049705505371,10.642423629760742,10.34343433380127,10.593938827514648,5.253813743591309,12252487
2018-12-06,BOP,10.488887786865234,10.666666030883789,10.34343433380127,10.391919136047363,5.153626441955566,8600625
2018-12-07,BOP,10.456564903259277,10.488887786865234,10.303030014038086,10.440403938293457,5.177670955657959,3464381
2018-12-10,BOP,10.505049705505371,10.707070350646973,10.464646339416504,10.666666030883789,5.289880752563477,7411387
2018-12-11,BOP,10.698988914489746,10.698988914489746,10.464646339416504,10.496969223022461,5.205723285675049,3147581
2018-12-12,BOP,10.42424201965332,10.464646339416504,10.197978973388672,10.270707130432129,5.0935139656066895,5044668
2018-12-13,BOP,10.303030014038086,10.335352897644043,10.1010103225708,10.165656089782715,5.041416645050049,5411587
2018-12-14,BOP,10.141413688659668,10.48080825805664,10.04444408416748,10.29494857788086,5.105536460876465,13686750
2018-12-17,BOP,10.206060409545898,10.505049705505371,10.206060409545898,10.464646339416504,5.189694404602051,12423881
2018-12-18,BOP,10.391919136047363,10.464646339416504,10.278786659240723,10.319190979003906,5.117558479309082,6986925
2018-12-19,BOP,10.327272415161133,10.42424201965332,10.254545211791992,10.29494857788086,5.105536460876465,4854712
2018-12-20,BOP,10.262625694274902,10.448484420776367,10.262625694274902,10.36767578125,5.141603946685791,7702200
2018-12-21,BOP,10.35151481628418,10.496969223022461,10.262625694274902,10.408080101013184,5.161641597747803,8082731
2018-12-24,BOP,10.270707130432129,10.375757217407227,10.157574653625488,10.278786659240723,5.0975213050842285,4177800
2018-12-25,BOP,10.278786659240723,10.278786659240723,10.278786659240723,10.278786659240723,5.0975213050842285,0
2018-12-26,BOP,10.375757217407227,10.448484420776367,10.181818008422852,10.391919136047363,5.153626441955566,3633918
2018-12-27,BOP,10.456564903259277,10.456564903259277,10.189897537231445,10.278786659240723,5.0975213050842285,6995587
2018-12-28,BOP,10.189897537231445,10.262625694274902,9.97171688079834,10.020201683044434,4.969282150268555,17644893
2018-12-31,BOP,9.898988723754883,10.1010103225708,9.53535270690918,9.67272663116455,4.79695987701416,12383043
2019-01-01,BOP,9.777776718139648,10.125251770019531,9.777776718139648,10.04444408416748,4.981305122375488,7287637
2019-01-02,BOP,10.076766967773438,10.173736572265625,9.858585357666016,9.890909194946289,4.905162811279297,7214006
2019-01-03,BOP,10.05252456665039,10.05252456665039,9.721212387084961,9.777776718139648,4.849057197570801,2559150
2019-01-04,BOP,9.785858154296875,9.842424392700195,9.656564712524414,9.745453834533691,4.8330278396606445,2486137
2019-01-07,BOP,9.793938636779785,10.1010103225708,9.793938636779785,10.012121200561523,4.965274810791016,4544100
2019-01-08,BOP,10.068685531616211,10.34343433380127,9.98787784576416,10.278786659240723,5.0975213050842285,10304043
2019-01-09,BOP,10.34343433380127,10.34343433380127,10.1010103225708,10.165656089782715,5.041416645050049,4222350
2019-01-10,BOP,10.222222328186035,10.464646339416504,10.222222328186035,10.270707130432129,5.0935139656066895,14147100
2019-01-11,BOP,10.28686809539795,10.36767578125,10.165656089782715,10.214140892028809,5.0654616355896,4829343
2019-01-14,BOP,10.222222328186035,10.383837699890137,10.222222328186035,10.34343433380127,5.129581928253174,4419731
2019-01-15,BOP,10.399999618530273,10.569696426391602,10.327272415161133,10.42424201965332,5.169656753540039,14271468
2019-01-16,BOP,10.505049705505371,10.610100746154785,10.36767578125,10.383837699890137,5.149618625640869,13235681
2019-01-17,BOP,10.36767578125,10.42424201965332,10.076766967773438,10.270707130432129,5.0935139656066895,12585375
2019-01-18,BOP,10.303030014038086,10.440403938293457,10.262625694274902,10.36767578125,5.141603946685791,6241331
2019-01-21,BOP,10.383837699890137,10.505049705505371,10.34343433380127,10.42424201965332,5.169656753540039,6439331
2019-01-22,BOP,10.432323455810547,10.577776908874512,10.383837699890137,10.553535461425781,5.233776569366455,9607331
2019-01-23,BOP,10.585858345031738,10.73131275177002,10.545454025268555,10.650505065917969,5.281866073608398,17026762
2019-01-24,BOP,10.86060619354248,10.884847640991211,10.593938827514648,10.650505065917969,5.281866073608398,30450543
2019-01-25,BOP,10.658584594726562,10.828282356262207,10.553535461425781,10.698988914489746,5.305911064147949,31336593
2019-01-28,BOP,10.666666030883789,10.787878036499023,10.626261711120605,10.650505065917969,5.281866073608398,5550187
2019-01-29,BOP,10.634343147277832,10.74747371673584,10.626261711120605,10.690909385681152,5.30190372467041,5990118
2019-01-30,BOP,10.707070350646973,10.73939323425293,10.634343147277832,10.658584594726562,5.2858734130859375,1382906
2019-01-31,BOP,10.666666030883789,10.779796600341797,10.642423629760742,10.707070350646973,5.3099188804626465,6187500
2019-02-01,BOP,10.868685722351074,11.086868286132812,10.820201873779297,10.973736763000488,5.442165851593018,41311462
2019-02-04,BOP,10.949494361877441,11.232322692871094,10.949494361877441,11.17575740814209,5.542352676391602,24552000
2019-02-05,BOP,11.17575740814209,11.17575740814209,11.17575740814209,11.17575740814209,5.542352676391602,0
2019-02-06,BOP,11.191919326782227,11.232322692871094,10.933333396911621,10.989897727966309,5.450180530548096,9335081
2019-02-07,BOP,10.925251960754395,11.151515007019043,10.909090042114258,11.022221565246582,5.466210842132568,5573081
2019-02-08,BOP,11.070707321166992,11.11111068725586,10.852524757385254,10.957574844360352,5.434150218963623,5843475
2019-02-11,BOP,11.062625885009766,11.070707321166992,10.755555152893066,10.812121391296387,5.362016201019287,6498731
2019-02-12,BOP,10.828282356262207,10.949494361877441,10.73131275177002,10.763635635375977,5.337970733642578,4812018
2019-02-13,BOP,10.787878036499023,10.909090042114258,10.74747371673584,10.771717071533203,5.341978073120117,3523162
2019-02-14,BOP,10.787878036499023,10.828282356262207,10.707070350646973,10.79595947265625,5.354001045227051,2535018
2019-02-15,BOP,10.74747371673584,11.030303001403809,10.74747371673584,10.981818199157715,5.446173191070557,7228856
2019-02-18,BOP,10.949494361877441,10.989897727966309,10.763635635375977,10.836362838745117,5.374038219451904,3250293
2019-02-19,BOP,10.868685722351074,10.901009559631348,10.74747371673584,10.755555152893066,5.333963871002197,1387856
2019-02-20,BOP,10.74747371673584,11.062625885009766,10.707070350646973,10.981818199157715,5.446173191070557,9353643
2019-02-21,BOP,10.989897727966309,10.997979164123535,10.79595947265625,10.852524757385254,5.382052898406982,3772518
2019-02-22,BOP,10.868685722351074,10.909090042114258,10.707070350646973,10.79595947265625,5.354001045227051,9097481
2019-02-25,BOP,10.828282356262207,10.828282356262207,10.238383293151855,10.34343433380127,5.129581928253174,15134006
2019-02-26,BOP,10.262625694274902,10.34343433380127,9.898988723754883,10.004039764404297,4.96126651763916,28940175
2019-02-27,BOP,9.939393043518066,10.165656089782715,9.195959091186523,9.890909194946289,4.905162811279297,43410881
2019-02-28,BOP,10.012121200561523,10.375757217407227,9.818181037902832,10.254545211791992,5.085499286651611,16544756
2019-03-01,BOP,10.408080101013184,10.48080825805664,10.222222328186035,10.335352897644043,5.125573635101318,10940737
2019-03-04,BOP,10.464646339416504,11.143433570861816,10.303030014038086,11.143433570861816,5.526322364807129,112562381
2019-03-05,BOP,11.321211814880371,11.604040145874023,11.191919326782227,11.369695663452148,5.638531684875488,82770806
2019-03-06,BOP,11.321211814880371,11.4909086227417,11.24040412902832,11.313131332397461,5.610480308532715,22403700
2019-03-07,BOP,11.393939018249512,11.434343338012695,11.143433570861816,11.183837890625,5.546360015869141,10532362
2019-03-08,BOP,11.224242210388184,11.24040412902832,11.078786849975586,11.199999809265137,5.554375171661377,8239893
2019-03-11,BOP,11.313131332397461,11.474746704101562,11.313131332397461,11.385857582092285,5.646546363830566,20152687
2019-03-12,BOP,11.353534698486328,11.4909086227417,11.353534698486328,11.434343338012695,5.670592784881592,14374181
2019-03-13,BOP,11.474746704101562,11.676767349243164,11.442423820495605,11.644444465637207,5.774786949157715,29362162
2019-03-14,BOP,11.63636302947998,11.773736953735352,11.57979679107666,11.612120628356934,5.758756637573242,22845487
2019-03-15,BOP,11.56363582611084,11.63636302947998,11.11919116973877,11.208080291748047,5.558382511138916,47728518
2019-03-18,BOP,11.25656509399414,11.369695663452148,11.17575740814209,11.313131332397461,5.610480308532715,11978381
2019-03-19,BOP,11.393939018249512,11.450505256652832,11.272727012634277,11.305049896240234,5.606472969055176,7735612
2019-03-20,BOP,10.674747467041016,10.828282356262207,10.634343147277832,10.682827949523926,5.598003387451172,9118518
2019-03-21,BOP,10.707070350646973,10.74747371673584,10.472726821899414,10.505049705505371,5.5048441886901855,7012912
2019-03-22,BOP,10.545454025268555,10.787878036499023,10.496969223022461,10.569696426391602,5.538720607757568,15065943
2019-03-25,BOP,10.626261711120605,10.626261711120605,10.432323455810547,10.513131141662598,5.5090789794921875,4474181
2019-03-26,BOP,10.505049705505371,10.545454025268555,10.42424201965332,10.48080825805664,5.4921417236328125,3329493
2019-03-27,BOP,10.505049705505371,10.698988914489746,10.464646339416504,10.602020263671875,5.555657863616943,14613637
2019-03-28,BOP,10.585858345031738,10.585858345031738,10.399999618530273,10.42424201965332,5.462499618530273,8837606
2019-03-29,BOP,10.42424201965332,10.553535461425781,10.408080101013184,10.521211624145508,5.5133137702941895,11798325
2019-04-01,BOP,10.658584594726562,10.658584594726562,10.35151481628418,10.472726821899414,5.4879069328308105,6716531
2019-04-02,BOP,10.505049705505371,10.529292106628418,10.35151481628418,10.383837699890137,5.441327095031738,4928962
2019-04-03,BOP,10.416160583496094,10.432323455810547,10.34343433380127,10.375757217407227,5.437092304229736,4390031
2019-04-04,BOP,10.375757217407227,10.577776908874512,10.303030014038086,10.383837699890137,5.441327095031738,9424800
2019-04-05,BOP,10.383837699890137,10.472726821899414,10.060606002807617,10.448484420776367,5.475202560424805,2786231
2019-04-08,BOP,10.327272415161133,10.416160583496094,10.060606002807617,10.28686809539795,5.390512943267822,9303525
2019-04-09,BOP,10.34343433380127,10.42424201965332,10.1010103225708,10.34343433380127,5.420154571533203,6968981
2019-04-10,BOP,10.262625694274902,10.335352897644043,9.995959281921387,10.060606002807617,5.271947383880615,4943193
2019-04-11,BOP,10.028282165527344,10.303030014038086,10.028282165527344,10.270707130432129,5.382043838500977,3712500
2019-04-12,BOP,10.262625694274902,11.070707321166992,10.262625694274902,10.997979164123535,5.763148784637451,28216856
2019-04-15,BOP,11.062625885009766,11.232322692871094,10.763635635375977,11.135353088378906,5.835135459899902,15954468
2019-04-16,BOP,11.030303001403809,11.11111068725586,10.909090042114258,10.941413879394531,5.73350715637207,4296600
2019-04-17,BOP,10.949494361877441,10.949494361877441,10.133333206176758,10.133333206176758,5.310058116912842,63707737
2019-04-18,BOP,9.777776718139648,9.995959281921387,9.325251579284668,9.389898300170898,4.9204840660095215,65994018
2019-04-19,BOP,9.341414451599121,10.197978973388672,9.341414451599121,10.189897537231445,5.339698791503906,35485312
2019-04-22,BOP,10.29494857788086,10.34343433380127,9.939393043518066,9.97979736328125,5.229602336883545,8333325
2019-04-23,BOP,9.939393043518066,9.97979736328125,9.51111125946045,9.616161346435547,5.0390496253967285,7750462
2019-04-24,BOP,9.696969032287598,9.97171688079834,9.616161346435547,9.705050468444824,5.085629463195801,10844212
2019-04-25,BOP,9.729291915893555,10.29494857788086,9.729291915893555,10.141413688659668,5.3142924308776855,13939200
2019-04-26,BOP,10.157574653625488,10.496969223022461,10.020201683044434,10.270707130432129,5.382043838500977,24688125
2019-04-29,BOP,10.29494857788086,10.472726821899414,10.165656089782715,10.189897537231445,5.339698791503906,12951675
2019-04-30,BOP,10.181818008422852,10.383837699890137,9.898988723754883,10.04444408416748,5.2634782791137695,7838325
2019-05-01,BOP,10.04444408416748,10.04444408416748,10.04444408416748,10.04444408416748,5.2634782791137695,0
2019-05-02,BOP,10.141413688659668,10.141413688659668,9.97979736328125,10.004039764404297,5.242305278778076,1168200
2019-05-03,BOP,10.004039764404297,10.004039764404297,10.004039764404297,10.004039764404297,5.242305278778076,0
2019-05-06,BOP,9.761615753173828,9.850504875183105,9.58383846282959,9.632323265075684,5.047519683837891,7049418
2019-05-07,BOP,9.551514625549316,9.826262474060059,9.551514625549316,9.67272663116455,5.068691253662109,6594637
2019-05-08,BOP,9.696969032287598,9.713130950927734,9.341414451599121,9.519190788269043,4.988234996795654,2976806
2019-05-09,BOP,9.60807991027832,9.737373352050781,9.341414451599121,9.600000381469727,5.030581474304199,1303087
2019-05-10,BOP,9.478787422180176,9.600000381469727,9.389898300170898,9.462626457214355,4.958595275878906,1465818
2019-05-13,BOP,9.696969032287598,9.826262474060059,8.75151538848877,8.84040355682373,4.632537841796875,8515237
2019-05-14,BOP,8.76767635345459,9.13131332397461,8.646464347839355,8.816161155700684,4.6198344230651855,5492025
2019-05-15,BOP,8.888888359069824,9.430302619934082,8.686867713928223,9.22828197479248,4.835793972015381,9359212
2019-05-16,BOP,9.365655899047852,9.365655899047852,8.83232307434082,9.074747085571289,4.755338668823242,3664856
2019-05-17,BOP,8.929291725158691,9.042424201965332,8.7757568359375,8.953535079956055,4.691821098327637,5891737
2019-05-20,BOP,9.050504684448242,9.543434143066406,8.824241638183594,9.454545021057129,4.954360008239746,5339193
2019-05-21,BOP,9.616161346435547,9.656564712524414,9.187877655029297,9.422222137451172,4.937422275543213,4115925
2019-05-22,BOP,9.454545021057129,10.028282165527344,9.333333015441895,9.898988723754883,5.187256813049316,31037118
2019-05-23,BOP,9.898988723754883,10.04444408416748,9.745453834533691,9.91515064239502,5.19572639465332,20169393
2019-05-24,BOP,9.818181037902832,9.858585357666016,9.5919189453125,9.640403747558594,5.051753997802734,6671362
2019-05-27,BOP,9.58383846282959,9.656564712524414,9.13131332397461,9.204039573669434,4.823090553283691,8306718
2019-05-28,BOP,9.252525329589844,9.252525329589844,8.84848403930664,8.953535079956055,4.691821098327637,12815550
2019-05-29,BOP,8.953535079956055,8.953535079956055,8.953535079956055,8.953535079956055,4.691821098327637,0
2019-05-30,BOP,9.454545021057129,9.494949340820312,8.905050277709961,9.026262283325195,4.729931831359863,31448587
2019-05-31,BOP,9.026262283325195,9.026262283325195,9.026262283325195,9.026262283325195,4.729931831359863,0
2019-06-03,BOP,8.937373161315918,9.050504684448242,8.250505447387695,8.597978591918945,4.505503177642822,31533356
2019-06-04,BOP,8.597978591918945,8.597978591918945,8.597978591918945,8.597978591918945,4.505503177642822,0
2019-06-05,BOP,8.597978591918945,8.597978591918945,8.597978591918945,8.597978591918945,4.505503177642822,0
2019-06-06,BOP,8.597978591918945,8.597978591918945,8.597978591918945,8.597978591918945,4.505503177642822,0
2019-06-07,BOP,8.597978591918945,8.597978591918945,8.597978591918945,8.597978591918945,4.505503177642822,0
2019-06-10,BOP,8.484848022460938,8.484848022460938,8.040404319763184,8.129291534423828,4.259902477264404,9071493
2019-06-11,BOP,8.07272720336914,8.282828330993652,7.919190883636475,8.08080768585205,4.234495639801025,3762618
2019-06-12,BOP,8.08080768585205,8.161616325378418,7.62020206451416,7.911110877990723,4.145571708679199,22892512
2019-06-13,BOP,7.935352802276611,8.193939208984375,7.7494940757751465,8.121212005615234,4.255668640136719,12924450
2019-06-14,BOP,8.121212005615234,8.161616325378418,7.959595203399658,8.07272720336914,4.230261325836182,4415400
2019-06-17,BOP,8.008079528808594,8.064645767211914,7.765655994415283,7.806059837341309,4.090522766113281,4865850
2019-06-18,BOP,7.757575035095215,7.79797887802124,7.595959186553955,7.6363630294799805,4.001598358154297,4130156
2019-06-19,BOP,7.676766872406006,7.78181791305542,7.191918849945068,7.426261901855469,3.8915016651153564,15867225
2019-06-20,BOP,7.434342861175537,7.571716785430908,7.434342861175537,7.458584785461426,3.9084391593933105,2910600
2019-06-21,BOP,7.507070064544678,7.515151023864746,7.393939018249512,7.40201997756958,3.878798246383667,2639587
2019-06-24,BOP,7.490909099578857,7.490909099578857,7.248484134674072,7.280807971954346,3.8152809143066406,3724256
2019-06-25,BOP,7.288887977600098,7.515151023864746,7.248484134674072,7.466666221618652,3.9126739501953125,6316818
2019-06-26,BOP,7.40201997756958,7.515151023864746,7.256565093994141,7.426261901855469,3.8915016651153564,10865250
2019-06-27,BOP,7.369696140289307,7.490909099578857,7.216160774230957,7.321211814880371,3.8364531993865967,7416956
2019-06-28,BOP,7.313130855560303,7.515151023864746,7.046463966369629,7.393939018249512,3.874563455581665,19607568
2019-07-01,BOP,7.458584785461426,7.458584785461426,7.272727012634277,7.393939018249512,3.874563455581665,853875
2019-07-02,BOP,7.369696140289307,7.434342861175537,7.313130855560303,7.393939018249512,3.874563455581665,1965150
2019-07-03,BOP,7.474747180938721,7.7171711921691895,7.369696140289307,7.612121105194092,3.9888949394226074,6327956
2019-07-04,BOP,7.725252151489258,7.79797887802124,7.361616134643555,7.450504779815674,3.904204845428467,2168718
2019-07-05,BOP,7.369696140289307,7.434342861175537,7.272727012634277,7.345454216003418,3.849156618118286,1619887
2019-07-08,BOP,7.385858058929443,7.385858058929443,6.989898204803467,7.078786849975586,3.7094178199768066,4235962
2019-07-09,BOP,7.151515007019043,7.208079814910889,6.989898204803467,7.070706844329834,3.705183982849121,2022693
2019-07-10,BOP,7.070706844329834,7.175756931304932,7.070706844329834,7.103030204772949,3.7221219539642334,912037
2019-07-11,BOP,7.151515007019043,7.191918849945068,7.062625885009766,7.1191911697387695,3.730590343475342,616275
2019-07-12,BOP,7.014141082763672,7.232323169708252,7.014141082763672,7.103030204772949,3.7221219539642334,4833675
2019-07-15,BOP,7.054544925689697,7.111111164093018,6.828281879425049,6.868686199188232,3.5993213653564453,3982893
2019-07-16,BOP,6.933332920074463,6.949493885040283,6.602019786834717,6.73939323425293,3.531569242477417,9535556
2019-07-17,BOP,6.820201873779297,6.868686199188232,6.513131141662598,6.561615943908691,3.438410520553589,5238956
2019-07-18,BOP,6.569695949554443,6.666666030883789,6.416161060333252,6.448483943939209,3.379127025604248,3707550
2019-07-19,BOP,6.464645862579346,6.505050182342529,6.238382816314697,6.35151481628418,3.3283135890960693,9033750
2019-07-22,BOP,6.545454025268555,6.545454025268555,6.35151481628418,6.432322978973389,3.3706586360931396,1417556
2019-07-23,BOP,6.505050182342529,6.545454025268555,6.383838176727295,6.472726821899414,3.391831159591675,1026506
2019-07-24,BOP,6.464645862579346,6.464645862579346,6.303030014038086,6.319190979003906,3.311375379562378,4093031
2019-07-25,BOP,6.303030014038086,6.545454025268555,6.270707130432129,6.513131141662598,3.413003444671631,6835950
2019-07-26,BOP,6.505050182342529,6.7070698738098145,6.464645862579346,6.650505065917969,3.484990119934082,29512518
2019-07-29,BOP,6.650505065917969,6.650505065917969,6.400000095367432,6.440403938293457,3.3748934268951416,2498512
2019-07-30,BOP,6.440403938293457,6.577776908874512,6.383838176727295,6.440403938293457,3.3748934268951416,1324125
2019-07-31,BOP,6.456564903259277,6.545454025268555,6.383838176727295,6.521212100982666,3.4172379970550537,975768
2019-08-01,BOP,6.464645862579346,6.521212100982666,6.42424201965332,6.432322978973389,3.3706586360931396,931837
2019-08-02,BOP,6.42424201965332,6.464645862579346,6.319190979003906,6.359594821929932,3.332547903060913,607612
2019-08-05,BOP,6.35151481628418,6.35151481628418,6.222221851348877,6.254545211791992,3.2774996757507324,3137681
2019-08-06,BOP,6.2626261711120605,6.343433856964111,6.1575751304626465,6.181818008422852,3.239389181137085,1295043
2019-08-07,BOP,6.1090898513793945,6.2626261711120605,5.858584880828857,6.012121200561523,3.1504650115966797,1103231
2019-08-08,BOP,5.98787784576416,6.101009845733643,5.656565189361572,5.785858154296875,3.0318989753723145,4604118
2019-08-09,BOP,5.939393043518066,5.955554962158203,5.656565189361572,5.761616230010986,3.019195795059204,1562962
2019-08-12,BOP,5.761616230010986,5.761616230010986,5.761616230010986,5.761616230010986,3.019195795059204,0
2019-08-13,BOP,5.761616230010986,5.761616230010986,5.761616230010986,5.761616230010986,3.019195795059204,0
2019-08-14,BOP,5.761616230010986,5.761616230010986,5.761616230010986,5.761616230010986,3.019195795059204,0
2019-08-15,BOP,5.761616230010986,5.761616230010986,5.761616230010986,5.761616230010986,3.019195795059204,0
2019-08-16,BOP,5.672727108001709,5.8505048751831055,5.632322788238525,5.688888072967529,2.9810848236083984,1602562
2019-08-19,BOP,5.664646148681641,5.939393043518066,5.656565189361572,5.890909194946289,3.086947202682495,1819125
2019-08-20,BOP,5.907070159912109,6.58585786819458,5.907070159912109,6.408080101013184,3.357954978942871,12826068
2019-08-21,BOP,6.472726821899414,6.828281879425049,6.303030014038086,6.715150833129883,3.5188658237457275,7593918
2019-08-22,BOP,6.852525234222412,7.434342861175537,6.787878036499023,7.345454216003418,3.849156618118286,18326137
2019-08-23,BOP,7.426261901855469,7.434342861175537,6.674746990203857,6.828281879425049,3.578148365020752,17111531
2019-08-26,BOP,6.674746990203857,6.698988914489746,6.383838176727295,6.416161060333252,3.362189531326294,8643318
2019-08-27,BOP,6.577776908874512,6.674746990203857,6.35151481628418,6.6424241065979,3.480755567550659,4291650
2019-08-28,BOP,6.690908908843994,6.828281879425049,6.545454025268555,6.58585786819458,3.4511139392852783,5937525
2019-08-29,BOP,6.529292106628418,6.626262187957764,6.303030014038086,6.35151481628418,3.3283135890960693,2437875
2019-08-30,BOP,6.416161060333252,6.416161060333252,6.060606002807617,6.117170810699463,3.205512762069702,3602981
2019-09-02,BOP,6.416161060333252,6.464645862579346,6.117170810699463,6.327271938323975,3.3156094551086426,1295043
2019-09-03,BOP,6.383838176727295,6.464645862579346,6.1898980140686035,6.230302810668945,3.264796018600464,1187381
2019-09-04,BOP,6.2626261711120605,6.545454025268555,6.125251770019531,6.432322978973389,3.3706586360931396,6212250
2019-09-05,BOP,6.456564903259277,6.58585786819458,6.270707130432129,6.327271938323975,3.3156094551086426,1758487
2019-09-06,BOP,6.343433856964111,6.408080101013184,6.2626261711120605,6.35151481628418,3.3283135890960693,726412
2019-09-09,BOP,6.35151481628418,6.35151481628418,6.35151481628418,6.35151481628418,3.3283135890960693,0
2019-09-10,BOP,6.35151481628418,6.35151481628418,6.35151481628418,6.35151481628418,3.3283135890960693,0
2019-09-11,BOP,6.270707130432129,6.505050182342529,6.141414165496826,6.20605993270874,3.2520925998687744,3585656
2019-09-12,BOP,6.303030014038086,6.626262187957764,6.222221851348877,6.432322978973389,3.3706586360931396,4373325
2019-09-13,BOP,6.448483943939209,6.58585786819458,6.391919136047363,6.488887786865234,3.4002997875213623,2588231
2019-09-16,BOP,6.610101222991943,6.666666030883789,6.42424201965332,6.545454025268555,3.429941415786743,1655775
2019-09-17,BOP,6.666666030883789,6.666666030883789,6.505050182342529,6.521212100982666,3.4172379970550537,1274006
2019-09-18,BOP,6.496969223022461,6.529292106628418,6.343433856964111,6.416161060333252,3.362189531326294,1264106
2019-09-19,BOP,6.311110973358154,6.553534984588623,6.303030014038086,6.496969223022461,3.4045345783233643,1559250
2019-09-20,BOP,6.464645862579346,6.577776908874512,6.383838176727295,6.432322978973389,3.3706586360931396,3482943
2019-09-23,BOP,6.400000095367432,6.464645862579346,6.270707130432129,6.303030014038086,3.3029067516326904,1521506
2019-09-24,BOP,6.303030014038086,6.343433856964111,6.254545211791992,6.303030014038086,3.3029067516326904,1459631
2019-09-25,BOP,6.303030014038086,6.464645862579346,6.303030014038086,6.432322978973389,3.3706586360931396,2559150
2019-09-26,BOP,6.505050182342529,6.787878036499023,6.35151481628418,6.626262187957764,3.4722862243652344,4867706
2019-09-27,BOP,6.58585786819458,7.191918849945068,6.577776908874512,7.070706844329834,3.705183982849121,17769881
2019-09-30,BOP,7.030303001403809,7.191918849945068,6.901010036468506,7.046463966369629,3.6924798488616943,13412643
2019-10-01,BOP,7.030303001403809,7.329291820526123,6.909090042114258,7.280807971954346,3.8152809143066406,11875050
2019-10-02,BOP,7.191918849945068,7.296968936920166,7.111111164093018,7.264646053314209,3.806812047958374,3726112
2019-10-03,BOP,7.24040412902832,7.571716785430908,7.151515007019043,7.410100936889648,3.883033037185669,11206800
2019-10-04,BOP,7.434342861175537,7.434342861175537,7.232323169708252,7.369696140289307,3.8618597984313965,3070237
2019-10-07,BOP,7.329291820526123,8.177777290344238,7.256565093994141,7.935352802276611,4.158275127410889,49437506
2019-10-08,BOP,8.040404319763184,8.105050086975098,7.676766872406006,7.725252151489258,4.048177242279053,11188856
2019-10-09,BOP,7.595959186553955,8.137372970581055,7.5555548667907715,7.903029918670654,4.141336441040039,17363362
2019-10-10,BOP,7.878787040710449,8.105050086975098,7.79797887802124,7.911110877990723,4.145571708679199,5225962
2019-10-11,BOP,8.0,8.290908813476562,7.838383197784424,7.911110877990723,4.145571708679199,14158856
2019-10-14,BOP,7.959595203399658,8.0,7.6363630294799805,7.684847831726074,4.027005672454834,3825112
2019-10-15,BOP,7.6606059074401855,7.79797887802124,7.5555548667907715,7.733333110809326,4.052412033081055,3501506
2019-10-16,BOP,7.757575035095215,7.975757122039795,7.692928791046143,7.903029918670654,4.141336441040039,3308456
2019-10-17,BOP,7.919190883636475,7.951515197753906,7.79797887802124,7.846464157104492,4.111695289611816,2496037
2019-10-18,BOP,7.846464157104492,8.137372970581055,7.838383197784424,7.911110877990723,4.145571708679199,9615993
2019-10-21,BOP,7.903029918670654,7.927271842956543,7.329291820526123,7.369696140289307,3.8618597984313965,9898762
2019-10-22,BOP,7.393939018249512,7.5555548667907715,7.353535175323486,7.426261901855469,3.8915016651153564,3158718
2019-10-23,BOP,7.507070064544678,7.571716785430908,7.361616134643555,7.40201997756958,3.878798246383667,5057043
2019-10-24,BOP,7.498989105224609,7.595959186553955,7.40201997756958,7.4181809425354,3.8872668743133545,3768187
2019-10-25,BOP,7.4424238204956055,7.919190883636475,7.434342861175537,7.6686859130859375,4.01853609085083,13764093
2019-10-28,BOP,7.757575035095215,7.919190883636475,7.57979679107666,7.789897918701172,4.082053184509277,5860181
2019-10-29,BOP,7.757575035095215,8.404040336608887,7.684847831726074,8.193939208984375,4.293779373168945,27913050
2019-10-30,BOP,8.202019691467285,8.218180656433105,7.846464157104492,7.919190883636475,4.149805545806885,7538850
2019-10-31,BOP,7.903029918670654,8.145454406738281,7.8545451164245605,8.088888168334961,4.238729953765869,11204943
2019-11-01,BOP,8.145454406738281,8.282828330993652,8.0,8.137372970581055,4.264137268066406,9616612
2019-11-04,BOP,8.169695854187012,8.355554580688477,8.145454406738281,8.290908813476562,4.344592571258545,10867106
2019-11-05,BOP,8.347474098205566,8.39595890045166,8.008079528808594,8.032322883605957,4.2090888023376465,7091493
2019-11-06,BOP,8.121212005615234,8.298989295959473,8.096968650817871,8.129291534423828,4.259902477264404,6199256
2019-11-07,BOP,8.161616325378418,8.193939208984375,7.991919040679932,8.01616096496582,4.200619697570801,3750862
2019-11-08,BOP,7.967676162719727,8.185857772827148,7.967676162719727,8.040404319763184,4.213324069976807,9531225
2019-11-11,BOP,8.202019691467285,8.525252342224121,8.185857772827148,8.412120819091797,4.408110618591309,44455950
2019-11-12,BOP,8.509090423583984,8.541414260864258,8.193939208984375,8.250505447387695,4.323420524597168,7393443
2019-11-13,BOP,8.258584976196289,8.444443702697754,8.129291534423828,8.379796981811523,4.391171455383301,12667050
2019-11-14,BOP,8.37171745300293,8.525252342224121,8.307069778442383,8.38787841796875,4.395406723022461,21843112
2019-11-15,BOP,8.444443702697754,8.856565475463867,8.331313133239746,8.783838272094727,4.6028971672058105,44856281
2019-11-18,BOP,8.84040355682373,9.454545021057129,8.84040355682373,9.09898853302002,4.768041133880615,46531237
2019-11-19,BOP,9.21212100982666,9.268686294555664,8.84848403930664,8.937373161315918,4.683351993560791,30972768
2019-11-20,BOP,9.002019882202148,9.050504684448242,8.622221946716309,8.670706748962402,4.543613910675049,21158156
2019-11-21,BOP,8.75151538848877,8.800000190734863,8.404040336608887,8.46060562133789,4.433516979217529,10530506
2019-11-22,BOP,8.404040336608887,9.050504684448242,8.404040336608887,8.993939399719238,4.71299409866333,19076681
2019-11-25,BOP,8.864645957946777,9.171716690063477,8.864645957946777,9.034342765808105,4.734166145324707,10576912
2019-11-26,BOP,9.050504684448242,9.292928695678711,8.646464347839355,8.929291725158691,4.679117679595947,31061250
2019-11-27,BOP,9.010101318359375,9.066665649414062,8.76767635345459,8.905050277709961,4.666414737701416,7996106
2019-11-28,BOP,8.913130760192871,9.187877655029297,8.913130760192871,9.042424201965332,4.738401412963867,13813593
2019-11-29,BOP,9.123231887817383,9.454545021057129,9.042424201965332,9.389898300170898,4.9204840660095215,64152618
2019-12-02,BOP,9.567675590515137,10.141413688659668,9.406060218811035,10.020201683044434,5.25077486038208,92722781
2019-12-03,BOP,10.1010103225708,10.222222328186035,9.624241828918457,9.66464614868164,5.064456462860107,23697506
2019-12-04,BOP,9.600000381469727,9.858585357666016,9.600000381469727,9.826262474060059,5.149146556854248,9417375
2019-12-05,BOP,9.842424392700195,10.036362648010254,9.745453834533691,9.777776718139648,5.123739719390869,11490806
2019-12-06,BOP,9.842424392700195,10.004039764404297,9.729291915893555,9.810100555419922,5.140678405761719,11460487
2019-12-09,BOP,9.858585357666016,9.882827758789062,9.470706939697266,9.53535270690918,4.996705055236816,13488750
2019-12-10,BOP,9.53535270690918,9.705050468444824,9.470706939697266,9.632323265075684,5.047519683837891,6033431
2019-12-11,BOP,9.737373352050781,9.818181037902832,9.494949340820312,9.503029823303223,4.979766845703125,17346656
2019-12-12,BOP,9.53535270690918,9.551514625549316,9.252525329589844,9.52727222442627,4.9924702644348145,12647868
2019-12-13,BOP,9.422222137451172,9.842424392700195,9.389898300170898,9.648484230041504,5.05598783493042,18353362
2019-12-16,BOP,9.616161346435547,9.777776718139648,9.567675590515137,9.648484230041504,5.05598783493042,17014387
2019-12-17,BOP,9.696969032287598,9.721212387084961,9.301010131835938,9.52727222442627,4.9924702644348145,10133887
2019-12-18,BOP,9.52727222442627,9.97979736328125,9.373737335205078,9.769696235656738,5.119505405426025,19774631
2019-12-19,BOP,9.793938636779785,9.850504875183105,9.373737335205078,9.559595108032227,5.009408473968506,10220512
2019-12-20,BOP,9.640403747558594,9.656564712524414,9.454545021057129,9.551514625549316,5.005174160003662,2588850
2019-12-23,BOP,9.567675590515137,9.567675590515137,9.292928695678711,9.333333015441895,4.890842437744141,5917106
2019-12-24,BOP,9.414140701293945,9.454545021057129,8.993939399719238,9.21212100982666,4.827325344085693,14640243
2019-12-25,BOP,9.21212100982666,9.21212100982666,9.21212100982666,9.21212100982666,4.827325344085693,0
2019-12-26,BOP,9.301010131835938,9.60807991027832,9.179797172546387,9.519190788269043,4.988234996795654,8503481
2019-12-27,BOP,9.60807991027832,9.616161346435547,9.21212100982666,9.260605812072754,4.852731704711914,9481106
2019-12-30,BOP,9.292928695678711,9.430302619934082,9.21212100982666,9.268686294555664,4.856966495513916,9910518
2019-12-31,BOP,9.268686294555664,9.333333015441895,9.13131332397461,9.15555477142334,4.797683238983154,3798506
2020-01-01,BOP,9.187877655029297,9.5919189453125,9.163636207580566,9.478787422180176,4.967063903808594,9289912
2020-01-02,BOP,9.53535270690918,9.866665840148926,9.53535270690918,9.729291915893555,5.09833288192749,34554712
2020-01-03,BOP,9.761615753173828,9.96363639831543,9.53535270690918,9.575757026672363,5.017877578735352,13887225
2020-01-06,BOP,9.333333015441895,9.53535270690918,9.171716690063477,9.276766777038574,4.86120080947876,20882193
2020-01-07,BOP,9.414140701293945,9.53535270690918,9.252525329589844,9.486867904663086,4.971297740936279,5933812
2020-01-08,BOP,9.438383102416992,9.898988723754883,9.333333015441895,9.543434143066406,5.00093936920166,47260125
2020-01-09,BOP,9.850504875183105,10.28686809539795,9.850504875183105,10.157574653625488,5.322760581970215,65679693
2020-01-10,BOP,10.254545211791992,10.828282356262207,10.125251770019531,10.771717071533203,5.644582748413086,64937812
2020-01-13,BOP,10.989897727966309,11.086868286132812,10.610100746154785,10.73131275177002,5.623410701751709,43280325
2020-01-14,BOP,10.707070350646973,11.030303001403809,10.707070350646973,10.812121391296387,5.6657562255859375,22300368
2020-01-15,BOP,10.828282356262207,10.981818199157715,10.626261711120605,10.909090042114258,5.716568946838379,24317493
2020-01-16,BOP,10.909090042114258,11.474746704101562,10.868685722351074,11.418181419372559,5.983343124389648,74757993
2020-01-17,BOP,11.458584785461426,11.57979679107666,11.151515007019043,11.232322692871094,5.885949611663818,34435912
2020-01-20,BOP,11.305049896240234,11.313131332397461,10.925251960754395,11.070707321166992,5.801259517669678,14493600
2020-01-21,BOP,11.086868286132812,11.26464557647705,10.925251960754395,11.054545402526855,5.792789936065674,9153168
2020-01-22,BOP,11.070707321166992,11.11111068725586,10.836362838745117,11.062625885009766,5.797024726867676,6979500
2020-01-23,BOP,11.191919326782227,11.353534698486328,10.917170524597168,10.989897727966309,5.758913993835449,15461325
2020-01-24,BOP,11.070707321166992,11.070707321166992,10.868685722351074,11.006059646606445,5.767382621765137,6864412
2020-01-27,BOP,11.030303001403809,11.151515007019043,10.989897727966309,11.030303001403809,5.780086517333984,3308456
2020-01-28,BOP,10.949494361877441,11.054545402526855,10.79595947265625,10.8767671585083,5.699631214141846,6176362
2020-01-29,BOP,10.909090042114258,11.030303001403809,10.626261711120605,10.682827949523926,5.598003387451172,9794812
2020-01-30,BOP,10.658584594726562,11.006059646606445,10.561615943908691,10.868685722351074,5.695396423339844,22231687
2020-01-31,BOP,10.949494361877441,10.965656280517578,10.626261711120605,10.658584594726562,5.585299491882324,10687050
2020-02-03,BOP,10.505049705505371,10.529292106628418,10.230302810668945,10.375757217407227,5.437092304229736,29114662
2020-02-04,BOP,10.464646339416504,10.74747371673584,10.448484420776367,10.602020263671875,5.555657863616943,20238693
2020-02-05,BOP,10.602020263671875,10.602020263671875,10.602020263671875,10.602020263671875,5.555657863616943,0
2020-02-06,BOP,10.698988914489746,10.715150833129883,10.521211624145508,10.577776908874512,5.542954444885254,10321987
2020-02-07,BOP,10.545454025268555,10.585858345031738,10.222222328186035,10.262625694274902,5.377809524536133,12456675
2020-02-10,BOP,10.238383293151855,10.238383293151855,9.939393043518066,10.092928886413574,5.288885116577148,10391287
2020-02-11,BOP,10.141413688659668,10.464646339416504,9.97979736328125,10.335352897644043,5.415919780731201,7287637
2020-02-12,BOP,10.311111450195312,10.666666030883789,10.262625694274902,10.610100746154785,5.5598931312561035,9057881
2020-02-13,BOP,10.658584594726562,10.828282356262207,10.432323455810547,10.513131141662598,5.5090789794921875,17102868
2020-02-14,BOP,10.545454025268555,10.545454025268555,10.319190979003906,10.35151481628418,5.424388885498047,6103968
2020-02-17,BOP,10.408080101013184,10.521211624145508,10.29494857788086,10.48080825805664,5.4921417236328125,4557093
2020-02-18,BOP,10.464646339416504,10.537372589111328,10.222222328186035,10.303030014038086,5.398982048034668,3314025
2020-02-19,BOP,10.303030014038086,10.303030014038086,10.303030014038086,10.303030014038086,5.398982048034668,0
2020-02-20,BOP,10.569696426391602,10.74747371673584,10.34343433380127,10.698988914489746,5.606472015380859,10716131
2020-02-21,BOP,10.698988914489746,10.715150833129883,10.513131141662598,10.545454025268555,5.526017189025879,3317737
2020-02-24,BOP,10.34343433380127,10.42424201965332,9.97979736328125,10.068685531616211,5.276181697845459,9951356
2020-02-25,BOP,10.060606002807617,10.181818008422852,9.923232078552246,10.109089851379395,5.297353267669678,11331168
2020-02-26,BOP,10.028282165527344,10.222222328186035,9.91515064239502,10.05252456665039,5.2677130699157715,7583400
2020-02-27,BOP,9.931312561035156,10.020201683044434,9.325251579284668,9.955554962158203,5.216898441314697,18078637
2020-02-28,BOP,9.955554962158203,9.955554962158203,9.955554962158203,9.955554962158203,5.216898441314697,0
2020-03-02,BOP,10.020201683044434,10.117171287536621,9.53535270690918,9.632323265075684,5.047519683837891,16722337
2020-03-03,BOP,9.632323265075684,9.737373352050781,9.21212100982666,9.373737335205078,4.912015914916992,10102950
2020-03-04,BOP,9.292928695678711,9.414140701293945,9.010101318359375,9.276766777038574,4.86120080947876,19726987
2020-03-05,BOP,9.365655899047852,9.616161346435547,9.365655899047852,9.503029823303223,4.979766845703125,8968781
2020-03-06,BOP,9.430302619934082,9.494949340820312,9.22828197479248,9.301010131835938,4.873905181884766,4005168
2020-03-09,BOP,8.743433952331543,8.888888359069824,8.492929458618164,8.662626266479492,4.539379596710205,28422900
2020-03-10,BOP,8.646464347839355,9.010101318359375,8.646464347839355,8.961615562438965,4.696055889129639,10200093
2020-03-11,BOP,9.0828275680542,9.14747428894043,8.808079719543457,8.84040355682373,4.632537841796875,12360150
2020-03-12,BOP,8.71919059753418,8.71919059753418,8.202019691467285,8.242424011230469,4.319185733795166,34661756
2020-03-13,BOP,8.040404319763184,8.282828330993652,7.7171711921691895,8.161616325378418,4.276840686798096,38505431
2020-03-16,BOP,7.983838081359863,8.08080768585205,7.353535175323486,7.353535175323486,3.853391408920288,54916537
2020-03-17,BOP,7.264646053314209,7.4424238204956055,6.650505065917969,6.868686199188232,3.5993213653564453,30454875
2020-03-18,BOP,6.941413879394531,7.070706844329834,6.238382816314697,6.496969223022461,3.4045345783233643,24220350
2020-03-19,BOP,5.737372875213623,6.383838176727295,5.268685817718506,6.141414165496826,3.549309492111206,23226018
2020-03-20,BOP,6.375757217407227,6.658585071563721,6.294949054718018,6.472726821899414,3.7407853603363037,18556931
2020-03-23,BOP,6.472726821899414,6.472726821899414,6.472726821899414,6.472726821899414,3.7407853603363037,0
2020-03-24,BOP,5.664646148681641,6.060606002807617,5.664646148681641,5.664646148681641,3.273770809173584,11894231
2020-03-25,BOP,5.737372875213623,5.898989200592041,5.494948863983154,5.713130950927734,3.3017916679382324,9822037
2020-03-26,BOP,5.737372875213623,6.286868095397949,5.737372875213623,6.004039764404297,3.469916820526123,11371387
2020-03-27,BOP,6.020202159881592,6.2626261711120605,5.939393043518066,6.1090898513793945,3.5306284427642822,8859262
2020-03-30,BOP,6.181818008422852,6.1898980140686035,5.769696235656738,5.874746799468994,3.3951945304870605,7494918
2020-03-31,BOP,5.898989200592041,6.238382816314697,5.898989200592041,6.1898980140686035,3.577329635620117,4531725
2020-04-01,BOP,6.222221851348877,6.2626261711120605,6.060606002807617,6.092928886413574,3.5212881565093994,5364562
2020-04-02,BOP,6.141414165496826,6.472726821899414,5.979796886444092,6.416161060333252,3.7080941200256348,15854850
2020-04-03,BOP,6.521212100982666,6.787878036499023,6.521212100982666,6.666666030883789,3.852867841720581,17143706
2020-04-06,BOP,6.747474193572998,6.747474193572998,6.181818008422852,6.254545211791992,3.6146910190582275,11172150
2020-04-07,BOP,6.246463775634766,6.626262187957764,6.238382816314697,6.561615943908691,3.792156934738159,5315681
2020-04-08,BOP,6.666666030883789,6.698988914489746,6.545454025268555,6.593938827514648,3.8108370304107666,5337956
2020-04-09,BOP,6.7070698738098145,6.868686199188232,6.7070698738098145,6.779797077178955,3.918250322341919,8001056
2020-04-10,BOP,6.868686199188232,6.989898204803467,6.7070698738098145,6.957574844360352,4.020993232727051,6219056
2020-04-13,BOP,6.949493885040283,6.949493885040283,6.553534984588623,6.58585786819458,3.8061671257019043,6711581
2020-04-14,BOP,6.545454025268555,6.763636112213135,6.529292106628418,6.674746990203857,3.857538938522339,1648968
2020-04-15,BOP,6.7070698738098145,6.8606061935424805,6.537373065948486,6.577776908874512,3.801496982574463,3901218
2020-04-16,BOP,6.545454025268555,6.698988914489746,6.480807781219482,6.666666030883789,3.852867841720581,1272150
2020-04-17,BOP,6.787878036499023,7.474747180938721,6.723231792449951,7.474747180938721,4.319883346557617,24277893
2020-04-20,BOP,7.6363630294799805,7.6686859130859375,7.143434047698975,7.305049896240234,4.2218098640441895,14144006
2020-04-21,BOP,7.272727012634277,7.272727012634277,6.949493885040283,6.997979164123535,4.044344425201416,4614018
2020-04-22,BOP,6.96565580368042,7.103030204772949,6.868686199188232,7.046463966369629,4.0723652839660645,3526875
2020-04-23,BOP,7.183837890625,7.183837890625,6.868686199188232,6.949493885040283,4.016323089599609,4090556
2020-04-24,BOP,7.030303001403809,7.030303001403809,6.876767158508301,6.917171001434326,3.997642755508423,2043112
2020-04-27,BOP,6.949493885040283,6.949493885040283,6.795958995819092,6.876767158508301,3.974292278289795,1251731
2020-04-28,BOP,6.949493885040283,6.981818199157715,6.666666030883789,6.755555152893066,3.904240131378174,9760162
2020-04-29,BOP,6.8121209144592285,6.8606061935424805,6.747474193572998,6.795958995819092,3.9275906085968018,3558431
2020-04-30,BOP,6.8606061935424805,7.305049896240234,6.8606061935424805,7.232323169708252,4.179778575897217,10169156
2020-05-01,BOP,7.232323169708252,7.232323169708252,7.232323169708252,7.232323169708252,4.179778575897217,0
2020-05-04,BOP,7.143434047698975,7.216160774230957,6.949493885040283,7.191918849945068,4.156428337097168,4092412
2020-05-05,BOP,7.272727012634277,7.393939018249512,7.232323169708252,7.361616134643555,4.2545013427734375,4618968
2020-05-06,BOP,7.353535175323486,7.434342861175537,7.296968936920166,7.410100936889648,4.282522201538086,2916168
2020-05-07,BOP,7.434342861175537,7.5232319831848145,7.216160774230957,7.280807971954346,4.207799911499023,5568750
2020-05-08,BOP,7.353535175323486,7.369696140289307,7.296968936920166,7.329291820526123,4.2358198165893555,635456
2020-05-11,BOP,7.4424238204956055,7.4424238204956055,7.288887977600098,7.321211814880371,4.231150150299072,916368
2020-05-12,BOP,7.345454216003418,7.377777099609375,7.216160774230957,7.296968936920166,4.217139720916748,1781381
2020-05-13,BOP,7.313130855560303,7.6363630294799805,7.313130855560303,7.490909099578857,4.3292236328125,7812956
2020-05-14,BOP,7.466666221618652,7.587878227233887,7.369696140289307,7.426261901855469,4.2918620109558105,2562862
2020-05-15,BOP,7.40201997756958,7.587878227233887,7.329291820526123,7.515151023864746,4.343233585357666,2919881
2020-05-18,BOP,7.571716785430908,7.57979679107666,7.159595012664795,7.208079814910889,4.165768146514893,5457993
2020-05-19,BOP,7.353535175323486,7.434342861175537,7.280807971954346,7.40201997756958,4.2778520584106445,2570287
2020-05-20,BOP,7.272727012634277,7.353535175323486,6.989898204803467,7.135353088378906,4.123737335205078,6034668
2020-05-21,BOP,7.086867809295654,7.224242210388184,6.957574844360352,7.030303001403809,4.06302547454834,3267618
2020-05-22,BOP,7.030303001403809,7.030303001403809,7.030303001403809,7.030303001403809,4.06302547454834,0
2020-05-25,BOP,7.030303001403809,7.030303001403809,7.030303001403809,7.030303001403809,4.06302547454834,0
2020-05-26,BOP,7.030303001403809,7.030303001403809,7.030303001403809,7.030303001403809,4.06302547454834,0
2020-05-27,BOP,7.030303001403809,7.030303001403809,7.030303001403809,7.030303001403809,4.06302547454834,0
2020-05-28,BOP,7.054544925689697,7.070706844329834,6.9252519607543945,7.0060601234436035,4.049015045166016,1741162
2020-05-29,BOP,7.02222204208374,7.111111164093018,6.989898204803467,7.02222204208374,4.05835485458374,2339493
2020-06-01,BOP,7.070706844329834,7.264646053314209,6.989898204803467,7.094948768615723,4.100386142730713,3712500
2020-06-02,BOP,7.183837890625,7.4181809425354,7.078786849975586,7.305049896240234,4.2218098640441895,14599406
2020-06-03,BOP,7.4181809425354,7.474747180938721,7.151515007019043,7.175756931304932,4.147087574005127,5440668
2020-06-04,BOP,7.175756931304932,7.232323169708252,7.070706844329834,7.086867809295654,4.0957159996032715,1598850
2020-06-05,BOP,7.046463966369629,7.151515007019043,7.030303001403809,7.062625885009766,4.0817060470581055,894712
2020-06-08,BOP,7.086867809295654,7.135353088378906,6.981818199157715,7.014141082763672,4.053684711456299,4560806
2020-06-09,BOP,7.0383830070495605,7.175756931304932,6.989898204803467,7.127272129058838,4.11906623840332,2934731
2020-06-10,BOP,7.175756931304932,7.434342861175537,7.078786849975586,7.345454216003418,4.245161056518555,11136262
2020-06-11,BOP,7.345454216003418,7.40201997756958,7.167675971984863,7.232323169708252,4.179778575897217,6198018
2020-06-12,BOP,7.191918849945068,7.191918849945068,7.070706844329834,7.094948768615723,4.100386142730713,3117262
2020-06-15,BOP,7.151515007019043,7.151515007019043,6.8121209144592285,6.836362838745117,3.950941801071167,7095825
2020-06-16,BOP,6.868686199188232,7.02222204208374,6.868686199188232,6.941413879394531,4.011653423309326,1699087
2020-06-17,BOP,6.941413879394531,7.0383830070495605,6.836362838745117,6.8606061935424805,3.9649527072906494,3218118
2020-06-18,BOP,6.941413879394531,6.949493885040283,6.787878036499023,6.868686199188232,3.9696221351623535,10302806
2020-06-19,BOP,6.9252519607543945,6.989898204803467,6.747474193572998,6.771717071533203,3.9135804176330566,1438593
2020-06-22,BOP,6.828281879425049,6.8606061935424805,6.650505065917969,6.820201873779297,3.9416017532348633,5094787
2020-06-23,BOP,6.787878036499023,6.868686199188232,6.690908908843994,6.755555152893066,3.904240131378174,3439631
2020-06-24,BOP,6.747474193572998,6.828281879425049,6.7070698738098145,6.73939323425293,3.894899368286133,1689187
2020-06-25,BOP,6.787878036499023,6.787878036499023,6.593938827514648,6.7070698738098145,3.8762192726135254,2773237
2020-06-26,BOP,6.7070698738098145,6.787878036499023,6.626262187957764,6.755555152893066,3.904240131378174,3680943
2020-06-29,BOP,6.7070698738098145,6.909090042114258,6.682827949523926,6.8444437980651855,3.95561146736145,1921837
2020-06-30,BOP,6.876767158508301,6.933332920074463,6.715150833129883,6.787878036499023,3.9229204654693604,2802318
2020-07-01,BOP,6.731313228607178,6.820201873779297,6.731313228607178,6.763636112213135,3.9089102745056152,1203468
2020-07-02,BOP,6.828281879425049,6.909090042114258,6.755555152893066,6.836362838745117,3.950941801071167,3573900
2020-07-03,BOP,6.868686199188232,6.909090042114258,6.828281879425049,6.868686199188232,3.9696221351623535,2207700
2020-07-06,BOP,6.901010036468506,7.030303001403809,6.820201873779297,7.0060601234436035,4.049015045166016,3371568
2020-07-07,BOP,7.078786849975586,7.151515007019043,6.989898204803467,7.0383830070495605,4.067695140838623,6577312
2020-07-08,BOP,7.0383830070495605,7.321211814880371,6.957574844360352,7.256565093994141,4.193788528442383,12089137
2020-07-09,BOP,7.345454216003418,7.4424238204956055,7.191918849945068,7.4181809425354,4.287191867828369,15978600
2020-07-10,BOP,7.4181809425354,7.587878227233887,7.313130855560303,7.515151023864746,4.343233585357666,7412625
2020-07-13,BOP,7.369696140289307,7.474747180938721,7.272727012634277,7.353535175323486,4.249831199645996,9859781
2020-07-14,BOP,7.305049896240234,7.7414140701293945,7.305049896240234,7.652524948120117,4.422626495361328,23657906
2020-07-15,BOP,7.676766872406006,7.838383197784424,7.474747180938721,7.531312942504883,4.352574348449707,11108418
2020-07-16,BOP,7.515151023864746,7.684847831726074,7.450504779815674,7.5555548667907715,4.366584300994873,13398412
2020-07-17,BOP,7.56363582611084,7.6363630294799805,7.490909099578857,7.5232319831848145,4.347904205322266,5300212
2020-07-20,BOP,7.515151023864746,7.587878227233887,7.434342861175537,7.474747180938721,4.319883346557617,10812656
2020-07-21,BOP,7.507070064544678,7.515151023864746,7.321211814880371,7.353535175323486,4.249831199645996,4589887
2020-07-22,BOP,7.385858058929443,7.434342861175537,7.232323169708252,7.288887977600098,4.212469577789307,4902356
2020-07-23,BOP,7.296968936920166,7.385858058929443,7.232323169708252,7.248484134674072,4.1891188621521,6219675
2020-07-24,BOP,7.248484134674072,7.515151023864746,7.224242210388184,7.410100936889648,4.282522201538086,10201950
2020-07-27,BOP,7.410100936889648,7.56363582611084,7.410100936889648,7.498989105224609,4.333893299102783,9108618
2020-07-28,BOP,7.490909099578857,7.870707035064697,7.490909099578857,7.725252151489258,4.464657306671143,28959975
2020-07-29,BOP,7.79797887802124,8.032322883605957,7.692928791046143,7.765655994415283,4.488008499145508,22325737
2020-07-30,BOP,7.838383197784424,7.94343376159668,7.692928791046143,7.838383197784424,4.5300397872924805,8092631
2020-07-31,BOP,7.838383197784424,7.838383197784424,7.838383197784424,7.838383197784424,4.5300397872924805,0
2020-08-03,BOP,7.911110877990723,8.242424011230469,7.838383197784424,8.153534889221191,4.712174892425537,19384200
2020-08-04,BOP,8.096968650817871,8.4686861038208,8.088888168334961,8.274746894836426,4.782227039337158,22949437
2020-08-05,BOP,8.242424011230469,8.614141464233398,8.242424011230469,8.492929458618164,4.908321857452393,24561900
2020-08-06,BOP,8.573737144470215,8.662626266479492,8.31515121459961,8.39595890045166,4.852279186248779,24861993
2020-08-07,BOP,8.444443702697754,8.444443702697754,8.202019691467285,8.242424011230469,4.763546943664551,9405618
2020-08-10,BOP,8.218180656433105,8.363636016845703,8.105050086975098,8.161616325378418,4.7168450355529785,3875231
2020-08-11,BOP,8.169695854187012,8.290908813476562,8.121212005615234,8.226262092590332,4.75420618057251,9383962
2020-08-12,BOP,8.242424011230469,8.363636016845703,8.161616325378418,8.169695854187012,4.721514701843262,5925150
2020-08-13,BOP,8.298989295959473,8.298989295959473,8.01616096496582,8.145454406738281,4.707505226135254,7909481
2020-08-14,BOP,8.145454406738281,8.145454406738281,8.145454406738281,8.145454406738281,4.707505226135254,0
2020-08-17,BOP,8.161616325378418,8.202019691467285,8.032322883605957,8.08080768585205,4.6701436042785645,6100875
2020-08-18,BOP,8.096968650817871,8.45252513885498,8.088888168334961,8.210101127624512,4.744866847991943,17336137
2020-08-19,BOP,8.355554580688477,8.355554580688477,8.129291534423828,8.161616325378418,4.7168450355529785,10784812
2020-08-20,BOP,8.202019691467285,8.33939266204834,8.08080768585205,8.218180656433105,4.749536037445068,7709006
2020-08-21,BOP,8.218180656433105,8.218180656433105,8.048483848571777,8.121212005615234,4.693495273590088,6296400
2020-08-24,BOP,8.202019691467285,8.234342575073242,8.121212005615234,8.210101127624512,4.744866847991943,2463243
2020-08-25,BOP,8.234342575073242,8.347474098205566,8.202019691467285,8.266666412353516,4.777557373046875,5303925
2020-08-26,BOP,8.290908813476562,8.355554580688477,8.202019691467285,8.298989295959473,4.796237945556641,4047243
2020-08-27,BOP,8.363636016845703,8.492929458618164,7.7171711921691895,7.975757122039795,4.609431743621826,49164637
2020-08-28,BOP,8.242424011230469,8.242424011230469,7.830303192138672,7.862626075744629,4.5440497398376465,6253706
2020-08-31,BOP,7.886868000030518,8.008079528808594,7.838383197784424,7.862626075744629,4.5440497398376465,5999400
2020-09-01,BOP,7.846464157104492,7.94343376159668,7.757575035095215,7.789897918701172,4.502017974853516,10560825
2020-09-02,BOP,7.894948959350586,7.94343376159668,7.806059837341309,7.830303192138672,4.525369644165039,22288612
2020-09-03,BOP,7.862626075744629,8.298989295959473,7.862626075744629,8.145454406738281,4.707505226135254,61583568
2020-09-04,BOP,8.177777290344238,8.290908813476562,8.040404319763184,8.07272720336914,4.665473937988281,32667525
2020-09-07,BOP,8.113130569458008,8.193939208984375,8.08080768585205,8.145454406738281,4.707505226135254,10072012
2020-09-08,BOP,8.202019691467285,8.234342575073242,7.975757122039795,8.0,4.623442649841309,14799881
2020-09-09,BOP,8.024242401123047,8.040404319763184,7.628282070159912,7.903029918670654,4.5674004554748535,7304962
2020-09-10,BOP,7.967676162719727,8.226262092590332,7.967676162719727,8.113130569458008,4.68882417678833,21681000
2020-09-11,BOP,8.137372970581055,8.307069778442383,8.113130569458008,8.129291534423828,4.698164463043213,14416875
2020-09-14,BOP,8.290908813476562,8.290908813476562,8.08080768585205,8.096968650817871,4.679483413696289,25291406
2020-09-15,BOP,8.185857772827148,8.33939266204834,8.096968650817871,8.113130569458008,4.68882417678833,49736362
2020-09-16,BOP,8.137372970581055,8.242424011230469,8.0,8.048483848571777,4.651462554931641,23484656
2020-09-17,BOP,8.113130569458008,8.153534889221191,8.0,8.008079528808594,4.628111839294434,4944431
2020-09-18,BOP,8.0,8.08080768585205,7.919190883636475,7.959595203399658,4.600091457366943,5587931
2020-09-21,BOP,7.967676162719727,8.008079528808594,7.838383197784424,7.8545451164245605,4.539380073547363,5889881
2020-09-22,BOP,7.862626075744629,7.878787040710449,7.595959186553955,7.701010227203369,4.450647354125977,12663956
2020-09-23,BOP,7.757575035095215,8.121212005615234,7.757575035095215,7.927271842956543,4.581410884857178,21201468
2020-09-24,BOP,7.927271842956543,8.0,7.757575035095215,7.935352802276611,4.586081504821777,10938881
2020-09-25,BOP,7.919190883636475,8.040404319763184,7.8545451164245605,7.919190883636475,4.576740264892578,6928143
2020-09-28,BOP,7.991919040679932,8.0,7.814140796661377,7.838383197784424,4.5300397872924805,13636631
2020-09-29,BOP,7.814140796661377,8.096968650817871,7.814140796661377,8.032322883605957,4.642122745513916,13222068
2020-09-30,BOP,8.040404319763184,8.234342575073242,7.903029918670654,7.983838081359863,4.614101886749268,23284181
2020-10-01,BOP,7.991919040679932,7.991919040679932,7.838383197784424,7.878787040710449,4.553390026092529,4669706
2020-10-02,BOP,7.903029918670654,8.08080768585205,7.765655994415283,7.862626075744629,4.5440497398376465,10843593
2020-10-05,BOP,7.806059837341309,7.8545451164245605,7.676766872406006,7.692928791046143,4.445977210998535,9160593
2020-10-06,BOP,7.684847831726074,7.789897918701172,7.5232319831848145,7.604040145874023,4.39460563659668,3982275
2020-10-07,BOP,7.757575035095215,7.862626075744629,7.4181809425354,7.531312942504883,4.352574348449707,22721118
2020-10-08,BOP,7.56363582611084,7.676766872406006,7.353535175323486,7.426261901855469,4.2918620109558105,21529406
2020-10-09,BOP,7.434342861175537,7.612121105194092,7.4181809425354,7.474747180938721,4.319883346557617,17659743
2020-10-12,BOP,7.474747180938721,7.5555548667907715,7.361616134643555,7.385858058929443,4.268510818481445,11006325
2020-10-13,BOP,7.393939018249512,7.4424238204956055,7.288887977600098,7.321211814880371,4.231150150299072,5850900
2020-10-14,BOP,7.393939018249512,7.410100936889648,7.272727012634277,7.353535175323486,4.249831199645996,4693837
2020-10-15,BOP,7.4181809425354,7.434342861175537,7.272727012634277,7.321211814880371,4.231150150299072,2268337
2020-10-16,BOP,7.296968936920166,7.6606059074401855,7.167675971984863,7.466666221618652,4.315212726593018,5264325
2020-10-19,BOP,7.434342861175537,7.466666221618652,7.353535175323486,7.426261901855469,4.2918620109558105,929362
2020-10-20,BOP,7.393939018249512,7.515151023864746,7.393939018249512,7.498989105224609,4.333893299102783,2440350
2020-10-21,BOP,7.5555548667907715,7.701010227203369,7.482828140258789,7.604040145874023,4.39460563659668,13380468
2020-10-22,BOP,7.5555548667907715,7.7171711921691895,7.498989105224609,7.515151023864746,4.343233585357666,2246062
2020-10-23,BOP,7.587878227233887,7.595959186553955,7.474747180938721,7.56363582611084,4.3712544441223145,1977525
2020-10-26,BOP,7.6363630294799805,7.6606059074401855,7.5555548667907715,7.587878227233887,4.385264873504639,2512743
2020-10-27,BOP,7.57979679107666,7.6363630294799805,7.450504779815674,7.482828140258789,4.3245530128479,3953812
2020-10-28,BOP,7.587878227233887,7.595959186553955,7.345454216003418,7.369696140289307,4.2591705322265625,5364562
2020-10-29,BOP,7.353535175323486,7.353535175323486,6.8929290771484375,7.078786849975586,4.091045379638672,14097600
2020-10-30,BOP,7.078786849975586,7.078786849975586,7.078786849975586,7.078786849975586,4.091045379638672,0
2020-11-02,BOP,7.111111164093018,7.111111164093018,6.884848117828369,7.02222204208374,4.05835485458374,4416637
2020-11-03,BOP,7.151515007019043,7.264646053314209,7.111111164093018,7.24040412902832,4.184449195861816,3277518
2020-11-04,BOP,7.264646053314209,7.321211814880371,7.159595012664795,7.248484134674072,4.1891188621521,3453862
2020-11-05,BOP,7.329291820526123,7.450504779815674,7.288887977600098,7.353535175323486,4.249831199645996,3612881
2020-11-06,BOP,7.426261901855469,7.4424238204956055,7.313130855560303,7.329291820526123,4.2358198165893555,2554818
2020-11-09,BOP,7.361616134643555,7.40201997756958,7.248484134674072,7.353535175323486,4.249831199645996,2444681
2020-11-10,BOP,7.474747180938721,7.507070064544678,7.369696140289307,7.4424238204956055,4.301201820373535,4561425
2020-11-11,BOP,7.474747180938721,7.474747180938721,7.369696140289307,7.393939018249512,4.273181915283203,646593
2020-11-12,BOP,7.426261901855469,7.466666221618652,7.305049896240234,7.329291820526123,4.2358198165893555,1973193
2020-11-13,BOP,7.393939018249512,7.40201997756958,7.272727012634277,7.369696140289307,4.2591705322265625,796331
2020-11-16,BOP,7.393939018249512,7.426261901855469,7.280807971954346,7.296968936920166,4.217139720916748,7599487
2020-11-17,BOP,7.353535175323486,7.393939018249512,7.296968936920166,7.337372779846191,4.240490436553955,2675475
2020-11-18,BOP,7.305049896240234,7.345454216003418,7.272727012634277,7.296968936920166,4.217139720916748,3180993
2020-11-19,BOP,7.296968936920166,7.337372779846191,7.264646053314209,7.272727012634277,4.203129768371582,1451587
2020-11-20,BOP,7.272727012634277,7.329291820526123,7.111111164093018,7.127272129058838,4.11906623840332,3646912
2020-11-23,BOP,7.111111164093018,7.191918849945068,6.981818199157715,7.030303001403809,4.06302547454834,2540587
2020-11-24,BOP,7.070706844329834,7.111111164093018,6.949493885040283,6.997979164123535,4.044344425201416,1601325
2020-11-25,BOP,7.070706844329834,7.167675971984863,6.949493885040283,7.062625885009766,4.0817060470581055,2281950
2020-11-26,BOP,7.175756931304932,7.24040412902832,7.103030204772949,7.151515007019043,4.133077621459961,2623500
2020-11-27,BOP,7.191918849945068,7.232323169708252,7.127272129058838,7.183837890625,4.15175724029541,1572243
2020-11-30,BOP,7.24040412902832,7.256565093994141,7.1191911697387695,7.199999809265137,4.161098003387451,1299993
2020-12-01,BOP,7.135353088378906,7.393939018249512,7.135353088378906,7.337372779846191,4.240490436553955,3790462
2020-12-02,BOP,7.369696140289307,7.410100936889648,7.305049896240234,7.321211814880371,4.231150150299072,2125406
2020-12-03,BOP,7.305049896240234,7.40201997756958,7.232323169708252,7.272727012634277,4.203129768371582,3024450
2020-12-04,BOP,7.296968936920166,7.377777099609375,7.232323169708252,7.280807971954346,4.207799911499023,2930400
2020-12-07,BOP,7.288887977600098,7.353535175323486,7.24040412902832,7.272727012634277,4.203129768371582,1956487
2020-12-08,BOP,7.337372779846191,7.345454216003418,7.24040412902832,7.305049896240234,4.2218098640441895,601425
2020-12-09,BOP,7.329291820526123,7.393939018249512,7.256565093994141,7.272727012634277,4.203129768371582,3187181
2020-12-10,BOP,7.272727012634277,7.385858058929443,7.248484134674072,7.272727012634277,4.203129768371582,2345681
2020-12-11,BOP,7.272727012634277,7.329291820526123,7.208079814910889,7.224242210388184,4.175108432769775,6228337
2020-12-14,BOP,7.313130855560303,7.4181809425354,7.256565093994141,7.40201997756958,4.2778520584106445,5221631
2020-12-15,BOP,7.450504779815674,7.515151023864746,7.353535175323486,7.4181809425354,4.287191867828369,5652281
2020-12-16,BOP,7.474747180938721,7.539392948150635,7.4181809425354,7.482828140258789,4.3245530128479,3797887
2020-12-17,BOP,7.547473907470703,7.701010227203369,7.4424238204956055,7.676766872406006,4.436636447906494,7941656
2020-12-18,BOP,7.733333110809326,7.757575035095215,7.474747180938721,7.5232319831848145,4.347904205322266,5861418
2020-12-21,BOP,7.644443988800049,7.6606059074401855,7.507070064544678,7.5232319831848145,4.347904205322266,4768087
2020-12-22,BOP,7.5555548667907715,7.612121105194092,7.410100936889648,7.450504779815674,4.305872440338135,2881518
2020-12-23,BOP,7.482828140258789,7.547473907470703,7.377777099609375,7.482828140258789,4.3245530128479,4159856
2020-12-24,BOP,7.531312942504883,7.571716785430908,7.466666221618652,7.498989105224609,4.333893299102783,2154487
2020-12-25,BOP,7.498989105224609,7.498989105224609,7.498989105224609,7.498989105224609,4.333893299102783,0
2020-12-28,BOP,7.5555548667907715,7.595959186553955,7.450504779815674,7.474747180938721,4.319883346557617,2638350
2020-12-29,BOP,7.571716785430908,7.652524948120117,7.361616134643555,7.385858058929443,4.268510818481445,10800281
2020-12-30,BOP,7.531312942504883,7.571716785430908,7.434342861175537,7.498989105224609,4.333893299102783,6869981
2020-12-31,BOP,7.531312942504883,7.531312942504883,7.458584785461426,7.490909099578857,4.3292236328125,1919362
2021-01-01,BOP,7.482828140258789,7.684847831726074,7.482828140258789,7.652524948120117,4.422626495361328,8393962
2021-01-04,BOP,7.676766872406006,7.757575035095215,7.612121105194092,7.628282070159912,4.4086151123046875,3963712
2021-01-05,BOP,7.604040145874023,7.628282070159912,7.515151023864746,7.547473907470703,4.361914157867432,11518650
2021-01-06,BOP,7.57979679107666,7.628282070159912,7.515151023864746,7.595959186553955,4.38993501663208,2628450
2021-01-07,BOP,7.6686859130859375,7.838383197784424,7.595959186553955,7.765655994415283,4.488008499145508,15785550
2021-01-08,BOP,7.773736953735352,7.903029918670654,7.725252151489258,7.773736953735352,4.492678165435791,25520962
2021-01-11,BOP,7.838383197784424,8.008079528808594,7.838383197784424,7.983838081359863,4.614101886749268,32796225
2021-01-12,BOP,8.040404319763184,8.08080768585205,7.919190883636475,7.94343376159668,4.5907511711120605,17224143
2021-01-13,BOP,7.991919040679932,8.056565284729004,7.894948959350586,7.927271842956543,4.581410884857178,7867406
2021-01-14,BOP,8.01616096496582,8.01616096496582,7.806059837341309,7.878787040710449,4.553390026092529,4630725
2021-01-15,BOP,7.830303192138672,7.911110877990723,7.789897918701172,7.814140796661377,4.516029357910156,2840681
2021-01-18,BOP,7.870707035064697,7.94343376159668,7.7494940757751465,7.78181791305542,4.497348785400391,7756031
2021-01-19,BOP,7.838383197784424,7.919190883636475,7.684847831726074,7.7171711921691895,4.459987163543701,8092012
2021-01-20,BOP,7.757575035095215,7.79797887802124,7.604040145874023,7.644443988800049,4.417956352233887,8460168
2021-01-21,BOP,7.676766872406006,7.733333110809326,7.6363630294799805,7.6606059074401855,4.427296161651611,2638350
2021-01-22,BOP,7.676766872406006,7.7171711921691895,7.595959186553955,7.612121105194092,4.399275302886963,2583900
2021-01-25,BOP,7.652524948120117,7.757575035095215,7.6363630294799805,7.676766872406006,4.436636447906494,10866487
2021-01-26,BOP,7.7171711921691895,7.814140796661377,7.7171711921691895,7.765655994415283,4.488008499145508,4427156
2021-01-27,BOP,7.830303192138672,7.838383197784424,7.709090232849121,7.7494940757751465,4.478667259216309,3173568
2021-01-28,BOP,7.7494940757751465,7.830303192138672,7.684847831726074,7.701010227203369,4.450647354125977,2718787
2021-01-29,BOP,7.701010227203369,7.7494940757751465,7.684847831726074,7.7171711921691895,4.459987163543701,3630206
2021-02-01,BOP,7.757575035095215,7.757575035095215,7.6363630294799805,7.733333110809326,4.469327449798584,7099537
2021-02-02,BOP,7.757575035095215,7.757575035095215,7.6363630294799805,7.709090232849121,4.455317497253418,4008881
2021-02-03,BOP,7.6686859130859375,7.757575035095215,7.604040145874023,7.644443988800049,4.417956352233887,4282987
2021-02-04,BOP,7.62020206451416,7.676766872406006,7.5555548667907715,7.57979679107666,4.380594730377197,4459331
2021-02-05,BOP,7.57979679107666,7.57979679107666,7.57979679107666,7.57979679107666,4.380594730377197,0
2021-02-08,BOP,7.628282070159912,7.652524948120117,7.482828140258789,7.5232319831848145,4.347904205322266,3182231
2021-02-09,BOP,7.56363582611084,7.595959186553955,7.474747180938721,7.498989105224609,4.333893299102783,2970000
2021-02-10,BOP,7.515151023864746,7.57979679107666,7.466666221618652,7.498989105224609,4.333893299102783,4346718
2021-02-11,BOP,7.515151023864746,7.612121105194092,7.377777099609375,7.393939018249512,4.273181915283203,4729725
2021-02-12,BOP,7.434342861175537,7.474747180938721,7.24040412902832,7.280807971954346,4.207799911499023,12089137
2021-02-15,BOP,7.377777099609375,7.385858058929443,7.191918849945068,7.24040412902832,4.184449195861816,9557831
2021-02-16,BOP,7.280807971954346,7.450504779815674,7.24040412902832,7.426261901855469,4.2918620109558105,4200693
2021-02-17,BOP,7.466666221618652,7.498989105224609,7.353535175323486,7.369696140289307,4.2591705322265625,3122831
2021-02-18,BOP,7.410100936889648,7.410100936889648,7.191918849945068,7.248484134674072,4.1891188621521,3302887
2021-02-19,BOP,7.264646053314209,7.8222222328186035,7.216160774230957,7.595959186553955,4.38993501663208,71043637
2021-02-22,BOP,7.676766872406006,7.709090232849121,7.40201997756958,7.4424238204956055,4.301201820373535,12891037
2021-02-23,BOP,7.450504779815674,7.474747180938721,7.296968936920166,7.337372779846191,4.240490436553955,8579587
2021-02-24,BOP,7.426261901855469,7.498989105224609,7.329291820526123,7.4424238204956055,4.301201820373535,10614656
2021-02-25,BOP,7.4424238204956055,7.5232319831848145,7.4424238204956055,7.507070064544678,4.338563442230225,2817168
2021-02-26,BOP,7.474747180938721,7.515151023864746,7.369696140289307,7.40201997756958,4.2778520584106445,5275462
2021-03-01,BOP,7.410100936889648,7.466666221618652,7.296968936920166,7.353535175323486,4.249831199645996,2316600
2021-03-02,BOP,7.393939018249512,7.515151023864746,7.369696140289307,7.40201997756958,4.2778520584106445,6102731
2021-03-03,BOP,7.458584785461426,7.466666221618652,7.377777099609375,7.40201997756958,4.2778520584106445,2523262
2021-03-04,BOP,7.305049896240234,7.369696140289307,7.272727012634277,7.288887977600098,4.212469577789307,5046525
2021-03-05,BOP,7.305049896240234,7.393939018249512,7.272727012634277,7.369696140289307,4.2591705322265625,3533062
2021-03-08,BOP,7.474747180938721,7.474747180938721,7.191918849945068,7.256565093994141,4.193788528442383,10061493
2021-03-09,BOP,7.288887977600098,7.337372779846191,7.094948768615723,7.248484134674072,4.1891188621521,6214106
2021-03-10,BOP,7.248484134674072,7.272727012634277,7.167675971984863,7.208079814910889,4.165768146514893,3249675
2021-03-11,BOP,7.232323169708252,7.288887977600098,7.111111164093018,7.127272129058838,4.11906623840332,1868625
2021-03-12,BOP,7.1191911697387695,7.353535175323486,7.1191911697387695,7.224242210388184,4.175108432769775,3455718
2021-03-15,BOP,7.280807971954346,7.353535175323486,7.191918849945068,7.208079814910889,4.165768146514893,6696731
2021-03-16,BOP,7.232323169708252,7.272727012634277,7.224242210388184,7.272727012634277,4.203129768371582,3912356
2021-03-17,BOP,7.321211814880371,7.515151023864746,7.305049896240234,7.482828140258789,4.3245530128479,12975187
2021-03-18,BOP,7.482828140258789,7.5555548667907715,7.280807971954346,7.474747180938721,4.319883346557617,17411006
2021-03-19,BOP,6.771717071533203,6.868686199188232,6.480807781219482,6.747474193572998,4.372245788574219,12147300
2021-03-22,BOP,6.698988914489746,6.747474193572998,6.618181228637695,6.658585071563721,4.3146467208862305,5487075
2021-03-23,BOP,6.658585071563721,6.658585071563721,6.658585071563721,6.658585071563721,4.3146467208862305,0
2021-03-24,BOP,6.658585071563721,6.7070698738098145,6.610101222991943,6.626262187957764,4.293702125549316,3042393
2021-03-25,BOP,6.626262187957764,6.690908908843994,6.593938827514648,6.6424241065979,4.304174423217773,1762818
2021-03-26,BOP,6.698988914489746,6.73939323425293,6.577776908874512,6.618181228637695,4.288465976715088,8753456
2021-03-29,BOP,6.602019786834717,6.626262187957764,6.432322978973389,6.456564903259277,4.183741569519043,6485118
2021-03-30,BOP,6.440403938293457,6.577776908874512,6.400000095367432,6.440403938293457,4.173269271850586,2901937
2021-03-31,BOP,6.569695949554443,6.569695949554443,6.472726821899414,6.505050182342529,4.215158939361572,1473862
2021-04-01,BOP,6.545454025268555,6.545454025268555,6.42424201965332,6.432322978973389,4.168032646179199,1771481
2021-04-02,BOP,6.464645862579346,6.464645862579346,6.391919136047363,6.416161060333252,4.157560348510742,1345162
2021-04-05,BOP,6.480807781219482,6.480807781219482,6.311110973358154,6.327271938323975,4.099961280822754,2437256
2021-04-06,BOP,6.343433856964111,6.464645862579346,6.343433856964111,6.432322978973389,4.168032646179199,3270093
2021-04-07,BOP,6.488887786865234,6.488887786865234,6.35151481628418,6.400000095367432,4.147088527679443,1163868
2021-04-08,BOP,6.400000095367432,6.440403938293457,6.36767578125,6.400000095367432,4.147088527679443,1077862
2021-04-09,BOP,6.416161060333252,6.464645862579346,6.294949054718018,6.319190979003906,4.094725608825684,3918543
2021-04-12,BOP,6.383838176727295,6.448483943939209,6.2626261711120605,6.286868095397949,4.073780536651611,4134487
2021-04-13,BOP,6.327271938323975,6.35151481628418,6.270707130432129,6.294949054718018,4.07901668548584,2970618
2021-04-14,BOP,6.294949054718018,6.383838176727295,6.294949054718018,6.303030014038086,4.084253787994385,895950
2021-04-15,BOP,6.335352897644043,6.35151481628418,6.254545211791992,6.270707130432129,4.0633087158203125,1584000
2021-04-16,BOP,6.335352897644043,6.343433856964111,6.2626261711120605,6.278787136077881,4.068543910980225,2103131
2021-04-19,BOP,6.335352897644043,6.35151481628418,6.222221851348877,6.230302810668945,4.037127494812012,6548850
2021-04-20,BOP,6.286868095397949,6.319190979003906,6.230302810668945,6.294949054718018,4.07901668548584,3229256
2021-04-21,BOP,6.311110973358154,6.448483943939209,6.286868095397949,6.400000095367432,4.147088527679443,7372406
2021-04-22,BOP,6.42424201965332,6.610101222991943,6.42424201965332,6.464645862579346,4.1889777183532715,10036743
2021-04-23,BOP,6.408080101013184,6.464645862579346,6.359594821929932,6.408080101013184,4.1523237228393555,3117262
2021-04-26,BOP,6.408080101013184,6.456564903259277,6.343433856964111,6.383838176727295,4.136615753173828,2611743
2021-04-27,BOP,6.42424201965332,6.440403938293457,6.286868095397949,6.303030014038086,4.084253787994385,5227818
2021-04-28,BOP,6.416161060333252,6.42424201965332,6.286868095397949,6.303030014038086,4.084253787994385,1967006
2021-04-29,BOP,6.303030014038086,6.335352897644043,6.2626261711120605,6.278787136077881,4.068543910980225,2172431
2021-04-30,BOP,6.270707130432129,6.327271938323975,6.165656089782715,6.222221851348877,4.031891345977783,9151312
2021-05-03,BOP,6.1898980140686035,6.319190979003906,6.149494171142578,6.238382816314697,4.042363166809082,2097562
2021-05-04,BOP,6.165656089782715,6.303030014038086,6.165656089782715,6.181818008422852,4.005710124969482,2528831
2021-05-05,BOP,6.2626261711120605,6.286868095397949,6.173737049102783,6.230302810668945,4.037127494812012,1762200
2021-05-06,BOP,6.270707130432129,6.286868095397949,6.197978973388672,6.222221851348877,4.031891345977783,2142731
2021-05-07,BOP,6.222221851348877,6.222221851348877,6.222221851348877,6.222221851348877,4.031891345977783,0
2021-05-10,BOP,6.222221851348877,6.222221851348877,6.222221851348877,6.222221851348877,4.031891345977783,0
2021-05-11,BOP,6.222221851348877,6.222221851348877,6.222221851348877,6.222221851348877,4.031891345977783,0
2021-05-12,BOP,6.222221851348877,6.222221851348877,6.222221851348877,6.222221851348877,4.031891345977783,0
2021-05-13,BOP,6.222221851348877,6.222221851348877,6.222221851348877,6.222221851348877,4.031891345977783,0
2021-05-14,BOP,6.222221851348877,6.222221851348877,6.222221851348877,6.222221851348877,4.031891345977783,0
2021-05-17,BOP,6.238382816314697,6.303030014038086,6.181818008422852,6.222221851348877,4.031891345977783,2663718
2021-05-18,BOP,6.278787136077881,6.286868095397949,6.181818008422852,6.214140892028809,4.0266547203063965,7111293
2021-05-19,BOP,6.222221851348877,6.238382816314697,6.1898980140686035,6.197978973388672,4.016181945800781,2755293
2021-05-20,BOP,6.278787136077881,6.278787136077881,6.1898980140686035,6.197978973388672,4.016181945800781,2577093
2021-05-21,BOP,6.222221851348877,6.488887786865234,6.20605993270874,6.359594821929932,4.120905876159668,13339631
2021-05-24,BOP,6.391919136047363,6.480807781219482,6.383838176727295,6.432322978973389,4.168032646179199,3994650
2021-05-25,BOP,6.488887786865234,6.513131141662598,6.416161060333252,6.440403938293457,4.173269271850586,6517912
2021-05-26,BOP,6.464645862579346,6.505050182342529,6.432322978973389,6.472726821899414,4.194214344024658,6520387
2021-05-27,BOP,6.529292106628418,6.618181228637695,6.472726821899414,6.513131141662598,4.220395088195801,11117700
2021-05-28,BOP,6.58585786819458,6.593938827514648,6.488887786865234,6.521212100982666,4.2256317138671875,3549150
2021-05-31,BOP,6.577776908874512,6.771717071533203,6.545454025268555,6.731313228607178,4.361773490905762,10917843
2021-06-01,BOP,6.779797077178955,6.8121209144592285,6.723231792449951,6.763636112213135,4.382718086242676,6551943
2021-06-02,BOP,6.763636112213135,7.0383830070495605,6.755555152893066,6.949493885040283,4.503150463104248,16406156
2021-06-03,BOP,6.949493885040283,7.030303001403809,6.8121209144592285,6.828281879425049,4.424607276916504,5668987
2021-06-04,BOP,6.868686199188232,6.989898204803467,6.7070698738098145,6.731313228607178,4.361773490905762,8434800
2021-06-07,BOP,6.828281879425049,6.828281879425049,6.7070698738098145,6.731313228607178,4.361773490905762,2424881
2021-06-08,BOP,6.731313228607178,6.820201873779297,6.650505065917969,6.666666030883789,4.319882869720459,2888325
2021-06-09,BOP,6.666666030883789,6.698988914489746,6.602019786834717,6.610101222991943,4.283229827880859,5712300
2021-06-10,BOP,6.666666030883789,6.666666030883789,6.577776908874512,6.634343147277832,4.298938751220703,1461487
2021-06-11,BOP,6.634343147277832,6.787878036499023,6.58585786819458,6.618181228637695,4.288465976715088,6953512
2021-06-14,BOP,6.7070698738098145,6.949493885040283,6.6424241065979,6.795958995819092,4.40366268157959,13772756
2021-06-15,BOP,6.828281879425049,6.828281879425049,6.7070698738098145,6.731313228607178,4.361773490905762,1830881
2021-06-16,BOP,6.787878036499023,6.852525234222412,6.755555152893066,6.787878036499023,4.398426532745361,10465537
2021-06-17,BOP,6.771717071533203,6.80403995513916,6.698988914489746,6.7070698738098145,4.34606409072876,2813456
2021-06-18,BOP,6.723231792449951,6.747474193572998,6.658585071563721,6.698988914489746,4.340827941894531,1588331
2021-06-21,BOP,6.8606061935424805,6.868686199188232,6.763636112213135,6.787878036499023,4.398426532745361,4188318
2021-06-22,BOP,6.828281879425049,6.828281879425049,6.7070698738098145,6.787878036499023,4.398426532745361,3457575
2021-06-23,BOP,6.787878036499023,7.02222204208374,6.7070698738098145,6.9252519607543945,4.4874420166015625,40228650
2021-06-24,BOP,6.957574844360352,7.103030204772949,6.884848117828369,6.917171001434326,4.482205867767334,6584737
2021-06-25,BOP,6.917171001434326,7.02222204208374,6.763636112213135,6.901010036468506,4.471734046936035,6165843
2021-06-28,BOP,6.787878036499023,6.8606061935424805,6.658585071563721,6.674746990203857,4.325119495391846,4808306
2021-06-29,BOP,6.73939323425293,6.763636112213135,6.674746990203857,6.715150833129883,4.3513007164001465,1910081
2021-06-30,BOP,6.755555152893066,6.828281879425049,6.7070698738098145,6.787878036499023,4.398426532745361,2473762
2021-07-01,BOP,6.820201873779297,7.062625885009766,6.747474193572998,6.901010036468506,4.471734046936035,6610725
2021-07-02,BOP,6.876767158508301,7.111111164093018,6.852525234222412,6.884848117828369,4.461261749267578,3237918
2021-07-05,BOP,6.9252519607543945,6.9252519607543945,6.73939323425293,6.771717071533203,4.387954235076904,4673418
2021-07-06,BOP,6.763636112213135,6.820201873779297,6.674746990203857,6.715150833129883,4.3513007164001465,2074050
2021-07-07,BOP,6.7070698738098145,6.763636112213135,6.666666030883789,6.7070698738098145,4.34606409072876,2083331
2021-07-08,BOP,6.771717071533203,6.884848117828369,6.7070698738098145,6.8444437980651855,4.435079574584961,3453862
2021-07-09,BOP,6.868686199188232,6.917171001434326,6.771717071533203,6.795958995819092,4.40366268157959,1470768
2021-07-12,BOP,6.8606061935424805,6.8606061935424805,6.771717071533203,6.787878036499023,4.398426532745361,1389712
2021-07-13,BOP,6.795958995819092,6.8606061935424805,6.690908908843994,6.7070698738098145,4.34606409072876,1545018
2021-07-14,BOP,6.779797077178955,6.779797077178955,6.682827949523926,6.747474193572998,4.372245788574219,1448493
2021-07-15,BOP,6.7070698738098145,6.731313228607178,6.626262187957764,6.666666030883789,4.319882869720459,3487893
2021-07-16,BOP,6.747474193572998,6.787878036499023,6.666666030883789,6.731313228607178,4.361773490905762,2020837
2021-07-19,BOP,6.771717071533203,6.771717071533203,6.658585071563721,6.690908908843994,4.335591793060303,1239975
2021-07-20,BOP,6.690908908843994,6.690908908843994,6.690908908843994,6.690908908843994,4.335591793060303,0
2021-07-21,BOP,6.690908908843994,6.690908908843994,6.690908908843994,6.690908908843994,4.335591793060303,0
2021-07-22,BOP,6.690908908843994,6.690908908843994,6.690908908843994,6.690908908843994,4.335591793060303,0
2021-07-23,BOP,6.690908908843994,6.690908908843994,6.690908908843994,6.690908908843994,4.335591793060303,0
2021-07-26,BOP,6.674746990203857,6.747474193572998,6.602019786834717,6.634343147277832,4.298938751220703,1903275
2021-07-27,BOP,6.666666030883789,6.949493885040283,6.626262187957764,6.795958995819092,4.40366268157959,13470806
2021-07-28,BOP,6.852525234222412,6.852525234222412,6.666666030883789,6.690908908843994,4.335591793060303,2773237
2021-07-29,BOP,6.7070698738098145,6.7070698738098145,6.626262187957764,6.6424241065979,4.304174423217773,1732500
2021-07-30,BOP,6.634343147277832,6.747474193572998,6.602019786834717,6.626262187957764,4.293702125549316,3865950
2021-08-02,BOP,6.698988914489746,6.7070698738098145,6.626262187957764,6.666666030883789,4.319882869720459,912656
2021-08-03,BOP,6.7070698738098145,6.763636112213135,6.666666030883789,6.682827949523926,4.330355644226074,1743637
2021-08-04,BOP,6.7070698738098145,6.771717071533203,6.682827949523926,6.747474193572998,4.372245788574219,3531206
2021-08-05,BOP,6.747474193572998,6.8121209144592285,6.666666030883789,6.771717071533203,4.387954235076904,2715075
2021-08-06,BOP,6.80403995513916,6.80403995513916,6.682827949523926,6.723231792449951,4.356536865234375,3089418
2021-08-09,BOP,6.747474193572998,6.771717071533203,6.634343147277832,6.650505065917969,4.309411525726318,772818
2021-08-10,BOP,6.666666030883789,6.666666030883789,6.58585786819458,6.618181228637695,4.288465976715088,2082712
2021-08-11,BOP,6.626262187957764,6.7070698738098145,6.593938827514648,6.602019786834717,4.277993679046631,1652062
2021-08-12,BOP,6.618181228637695,6.666666030883789,6.602019786834717,6.602019786834717,4.277993679046631,852637
2021-08-13,BOP,6.602019786834717,6.610101222991943,6.553534984588623,6.569695949554443,4.257048606872559,1018462
2021-08-16,BOP,6.561615943908691,6.602019786834717,6.529292106628418,6.545454025268555,4.241339683532715,1881618
2021-08-17,BOP,6.545454025268555,6.666666030883789,6.545454025268555,6.610101222991943,4.283229827880859,827268
2021-08-18,BOP,6.610101222991943,6.610101222991943,6.610101222991943,6.610101222991943,4.283229827880859,0
2021-08-19,BOP,6.610101222991943,6.610101222991943,6.610101222991943,6.610101222991943,4.283229827880859,0
2021-08-20,BOP,6.658585071563721,6.747474193572998,6.593938827514648,6.731313228607178,4.361773490905762,4194506
2021-08-23,BOP,6.755555152893066,7.24040412902832,6.755555152893066,7.0383830070495605,4.560749530792236,27570262
2021-08-24,BOP,7.086867809295654,7.410100936889648,7.086867809295654,7.183837890625,4.655001163482666,28136418
2021-08-25,BOP,7.111111164093018,7.232323169708252,6.997979164123535,7.070706844329834,4.581695079803467,7563600
2021-08-26,BOP,6.989898204803467,7.256565093994141,6.981818199157715,7.167675971984863,4.644528865814209,8285681
2021-08-27,BOP,7.143434047698975,7.151515007019043,6.674746990203857,6.787878036499023,4.398426532745361,22270668
2021-08-30,BOP,6.8606061935424805,6.901010036468506,6.771717071533203,6.795958995819092,4.40366268157959,9286200
2021-08-31,BOP,6.787878036499023,6.852525234222412,6.715150833129883,6.779797077178955,4.393189907073975,4116543
2021-09-01,BOP,6.828281879425049,6.868686199188232,6.723231792449951,6.836362838745117,4.429843902587891,3314643
2021-09-02,BOP,6.836362838745117,6.957574844360352,6.771717071533203,6.795958995819092,4.40366268157959,7966406
2021-09-03,BOP,6.852525234222412,6.852525234222412,6.698988914489746,6.715150833129883,4.3513007164001465,4808306
2021-09-06,BOP,6.715150833129883,6.779797077178955,6.682827949523926,6.7070698738098145,4.34606409072876,923175
2021-09-07,BOP,6.690908908843994,6.828281879425049,6.618181228637695,6.690908908843994,4.335591793060303,9970537
2021-09-08,BOP,6.690908908843994,6.747474193572998,6.6424241065979,6.658585071563721,4.3146467208862305,1859343
2021-09-09,BOP,6.763636112213135,6.787878036499023,6.666666030883789,6.7070698738098145,4.34606409072876,1918125
2021-09-10,BOP,6.763636112213135,6.828281879425049,6.666666030883789,6.698988914489746,4.340827941894531,2870381
2021-09-13,BOP,6.698988914489746,6.8121209144592285,6.690908908843994,6.73939323425293,4.367009162902832,2890181
2021-09-14,BOP,6.820201873779297,6.820201873779297,6.658585071563721,6.666666030883789,4.319882869720459,3173568
2021-09-15,BOP,6.6424241065979,6.698988914489746,6.626262187957764,6.6424241065979,4.304174423217773,3343725
2021-09-16,BOP,6.650505065917969,6.828281879425049,6.626262187957764,6.771717071533203,4.387954235076904,5209875
2021-09-17,BOP,6.820201873779297,7.02222204208374,6.820201873779297,6.8929290771484375,4.466497421264648,24031631
2021-09-20,BOP,6.876767158508301,6.949493885040283,6.779797077178955,6.80403995513916,4.408899307250977,5421487
2021-09-21,BOP,6.80403995513916,6.80403995513916,6.80403995513916,6.80403995513916,4.408899307250977,0
2021-09-22,BOP,6.836362838745117,6.884848117828369,6.545454025268555,6.715150833129883,4.3513007164001465,12798843
2021-09-23,BOP,6.715150833129883,6.852525234222412,6.577776908874512,6.610101222991943,4.283229827880859,13799981
2021-09-24,BOP,6.569695949554443,6.666666030883789,6.537373065948486,6.569695949554443,4.257048606872559,3703218
2021-09-27,BOP,6.626262187957764,6.674746990203857,6.472726821899414,6.521212100982666,4.2256317138671875,2306700
2021-09-28,BOP,6.521212100982666,6.521212100982666,6.521212100982666,6.521212100982666,4.2256317138671875,0
2021-09-29,BOP,6.634343147277832,6.6424241065979,6.464645862579346,6.513131141662598,4.220395088195801,3362906
2021-09-30,BOP,6.480807781219482,6.626262187957764,6.464645862579346,6.593938827514648,4.272757053375244,3059100
2021-10-01,BOP,6.593938827514648,6.666666030883789,6.472726821899414,6.618181228637695,4.288465976715088,1124887
2021-10-04,BOP,6.545454025268555,6.650505065917969,6.545454025268555,6.626262187957764,4.293702125549316,503043
2021-10-05,BOP,6.6424241065979,6.674746990203857,6.529292106628418,6.553534984588623,4.246576309204102,865012
2021-10-06,BOP,6.650505065917969,6.650505065917969,6.496969223022461,6.505050182342529,4.215158939361572,725793
2021-10-07,BOP,6.545454025268555,6.650505065917969,6.529292106628418,6.537373065948486,4.236103534698486,2350631
2021-10-08,BOP,6.464645862579346,6.610101222991943,6.464645862579346,6.488887786865234,4.204686164855957,1899562
2021-10-11,BOP,6.480807781219482,6.545454025268555,6.391919136047363,6.416161060333252,4.157560348510742,1486856
2021-10-12,BOP,6.408080101013184,6.981818199157715,6.359594821929932,6.868686199188232,4.450788497924805,19938600
2021-10-13,BOP,6.8929290771484375,7.030303001403809,6.715150833129883,6.771717071533203,4.387954235076904,13502981
2021-10-14,BOP,6.8444437980651855,6.96565580368042,6.7070698738098145,6.917171001434326,4.482205867767334,5695593
2021-10-15,BOP,6.917171001434326,7.030303001403809,6.884848117828369,6.901010036468506,4.471734046936035,2325262
2021-10-18,BOP,6.787878036499023,7.070706844329834,6.787878036499023,7.0383830070495605,4.560749530792236,10398093
2021-10-19,BOP,7.0383830070495605,7.0383830070495605,7.0383830070495605,7.0383830070495605,4.560749530792236,0
2021-10-20,BOP,7.030303001403809,7.111111164093018,6.96565580368042,7.070706844329834,4.581695079803467,6345281
2021-10-21,BOP,7.086867809295654,7.393939018249512,7.0060601234436035,7.199999809265137,4.665473937988281,31641637
2021-10-22,BOP,7.199999809265137,7.232323169708252,7.02222204208374,7.0383830070495605,4.560749530792236,8533181
2021-10-25,BOP,6.989898204803467,7.111111164093018,6.7070698738098145,7.0383830070495605,4.560749530792236,12412125
2021-10-26,BOP,6.828281879425049,6.828281879425049,6.7070698738098145,6.731313228607178,4.361773490905762,2111793
2021-10-27,BOP,6.8606061935424805,6.868686199188232,6.755555152893066,6.828281879425049,4.424607276916504,2376000
2021-10-28,BOP,6.820201873779297,7.103030204772949,6.820201873779297,6.973736763000488,4.518859386444092,10223606
2021-10-29,BOP,6.949493885040283,7.191918849945068,6.9252519607543945,7.1191911697387695,4.61311149597168,14370468
2021-11-01,BOP,7.224242210388184,7.272727012634277,7.030303001403809,7.111111164093018,4.607875823974609,8728087
2021-11-02,BOP,7.078786849975586,7.24040412902832,7.078786849975586,7.111111164093018,4.607875823974609,3805312
2021-11-03,BOP,7.078786849975586,7.175756931304932,7.02222204208374,7.0383830070495605,4.560749530792236,2288137
2021-11-04,BOP,7.111111164093018,7.111111164093018,7.014141082763672,7.046463966369629,4.565985679626465,4655475
2021-11-05,BOP,7.1191911697387695,7.199999809265137,7.054544925689697,7.103030204772949,4.602639675140381,2857387
2021-11-08,BOP,7.175756931304932,7.208079814910889,7.111111164093018,7.167675971984863,4.644528865814209,1322887
2021-11-09,BOP,7.191918849945068,7.191918849945068,6.989898204803467,7.070706844329834,4.581695079803467,2484900
2021-11-10,BOP,7.070706844329834,7.151515007019043,7.062625885009766,7.103030204772949,4.602639675140381,1827787
2021-11-11,BOP,7.111111164093018,7.135353088378906,6.957574844360352,6.981818199157715,4.524096488952637,2038781
2021-11-12,BOP,6.949493885040283,7.030303001403809,6.868686199188232,6.917171001434326,4.482205867767334,1819125
2021-11-15,BOP,6.941413879394531,6.941413879394531,6.779797077178955,6.828281879425049,4.424607276916504,1402087
2021-11-16,BOP,6.868686199188232,6.949493885040283,6.828281879425049,6.9252519607543945,4.4874420166015625,1336500
2021-11-17,BOP,6.989898204803467,7.183837890625,6.973736763000488,7.062625885009766,4.57645845413208,4896168
2021-11-18,BOP,7.1191911697387695,7.175756931304932,6.973736763000488,7.014141082763672,4.545041084289551,2009081
2021-11-19,BOP,7.030303001403809,7.232323169708252,7.030303001403809,7.094948768615723,4.597402572631836,4622062
2021-11-22,BOP,7.183837890625,7.232323169708252,6.957574844360352,6.989898204803467,4.529331684112549,5076225
2021-11-23,BOP,7.070706844329834,7.094948768615723,6.868686199188232,6.876767158508301,4.456024646759033,2797987
2021-11-24,BOP,6.884848117828369,6.949493885040283,6.80403995513916,6.828281879425049,4.424607276916504,2816550
2021-11-25,BOP,6.8444437980651855,6.8606061935424805,6.6424241065979,6.723231792449951,4.356536865234375,4417256
2021-11-26,BOP,6.747474193572998,6.828281879425049,6.7070698738098145,6.73939323425293,4.367009162902832,3523781
2021-11-29,BOP,6.755555152893066,6.909090042114258,6.698988914489746,6.884848117828369,4.461261749267578,2234306
2021-11-30,BOP,6.884848117828369,6.981818199157715,6.779797077178955,6.80403995513916,4.408899307250977,2001656
2021-12-01,BOP,6.828281879425049,6.933332920074463,6.80403995513916,6.8606061935424805,4.445552825927734,619987
2021-12-02,BOP,6.868686199188232,6.884848117828369,6.634343147277832,6.666666030883789,4.319882869720459,2598750
2021-12-03,BOP,6.666666030883789,6.8444437980651855,6.666666030883789,6.7070698738098145,4.34606409072876,5268037
2021-12-06,BOP,6.763636112213135,6.820201873779297,6.7070698738098145,6.779797077178955,4.393189907073975,664537
2021-12-07,BOP,6.787878036499023,6.957574844360352,6.747474193572998,6.949493885040283,4.503150463104248,2297418
2021-12-08,BOP,6.96565580368042,6.989898204803467,6.8606061935424805,6.884848117828369,4.461261749267578,1046306
2021-12-09,BOP,6.884848117828369,6.949493885040283,6.836362838745117,6.909090042114258,4.4769697189331055,732600
2021-12-10,BOP,6.941413879394531,6.989898204803467,6.868686199188232,6.8929290771484375,4.466497421264648,2885231
2021-12-13,BOP,6.941413879394531,6.941413879394531,6.771717071533203,6.795958995819092,4.40366268157959,1067343
2021-12-14,BOP,6.876767158508301,6.884848117828369,6.80403995513916,6.876767158508301,4.456024646759033,809943
2021-12-15,BOP,6.876767158508301,7.030303001403809,6.836362838745117,6.933332920074463,4.492678642272949,3478612
2021-12-16,BOP,6.949493885040283,6.949493885040283,6.8606061935424805,6.868686199188232,4.450788497924805,1489950
2021-12-17,BOP,6.884848117828369,6.96565580368042,6.868686199188232,6.909090042114258,4.4769697189331055,6445518
2021-12-20,BOP,6.949493885040283,6.957574844360352,6.8606061935424805,6.876767158508301,4.456024646759033,3124687
2021-12-21,BOP,6.884848117828369,6.933332920074463,6.868686199188232,6.876767158508301,4.456024646759033,1344543
2021-12-22,BOP,6.884848117828369,6.901010036468506,6.852525234222412,6.868686199188232,4.450788497924805,1028362
2021-12-23,BOP,6.868686199188232,6.909090042114258,6.828281879425049,6.836362838745117,4.429843902587891,3388275
2021-12-24,BOP,6.8121209144592285,6.868686199188232,6.8121209144592285,6.8444437980651855,4.435079574584961,394143
2021-12-27,BOP,6.933332920074463,6.933332920074463,6.763636112213135,6.80403995513916,4.408899307250977,965250
2021-12-28,BOP,6.787878036499023,6.828281879425049,6.771717071533203,6.787878036499023,4.398426532745361,898425
2021-12-29,BOP,6.787878036499023,6.868686199188232,6.771717071533203,6.795958995819092,4.40366268157959,3020118
2021-12-30,BOP,6.8606061935424805,6.868686199188232,6.763636112213135,6.828281879425049,4.424607276916504,1593900
2021-12-31,BOP,6.80403995513916,6.909090042114258,6.763636112213135,6.8444437980651855,4.435079574584961,4917825
2022-01-03,BOP,6.8444437980651855,6.868686199188232,6.755555152893066,6.763636112213135,4.382718086242676,2920500
2022-01-04,BOP,6.787878036499023,6.909090042114258,6.787878036499023,6.868686199188232,4.450788497924805,3637631
2022-01-05,BOP,6.828281879425049,6.868686199188232,6.80403995513916,6.836362838745117,4.429843902587891,623081
2022-01-06,BOP,6.836362838745117,6.868686199188232,6.80403995513916,6.828281879425049,4.424607276916504,736931
2022-01-07,BOP,6.828281879425049,6.9252519607543945,6.820201873779297,6.8929290771484375,4.466497421264648,1387856
2022-01-10,BOP,6.868686199188232,7.014141082763672,6.868686199188232,6.981818199157715,4.524096488952637,5919581
2022-01-11,BOP,6.957574844360352,7.062625885009766,6.957574844360352,7.030303001403809,4.555513381958008,1561106
2022-01-12,BOP,7.062625885009766,7.111111164093018,7.0060601234436035,7.046463966369629,4.565985679626465,1583381
2022-01-13,BOP,7.030303001403809,7.070706844329834,6.981818199157715,7.0383830070495605,4.560749530792236,2008462
2022-01-14,BOP,7.062625885009766,7.103030204772949,7.030303001403809,7.054544925689697,4.571222305297852,813656
2022-01-17,BOP,7.070706844329834,7.070706844329834,6.96565580368042,6.973736763000488,4.518859386444092,938025
2022-01-18,BOP,6.957574844360352,7.030303001403809,6.933332920074463,6.973736763000488,4.518859386444092,1002993
2022-01-19,BOP,6.949493885040283,6.981818199157715,6.787878036499023,6.795958995819092,4.40366268157959,3304743
2022-01-20,BOP,6.787878036499023,6.868686199188232,6.787878036499023,6.836362838745117,4.429843902587891,4255143
2022-01-21,BOP,6.909090042114258,6.909090042114258,6.795958995819092,6.80403995513916,4.408899307250977,1087762
2022-01-24,BOP,6.80403995513916,6.836362838745117,6.787878036499023,6.80403995513916,4.408899307250977,4779843
2022-01-25,BOP,6.8606061935424805,6.8606061935424805,6.787878036499023,6.80403995513916,4.408899307250977,3888843
2022-01-26,BOP,6.8929290771484375,6.8929290771484375,6.763636112213135,6.763636112213135,4.382718086242676,2008462
2022-01-27,BOP,6.80403995513916,6.80403995513916,6.755555152893066,6.771717071533203,4.387954235076904,1556156
2022-01-28,BOP,6.763636112213135,6.820201873779297,6.747474193572998,6.763636112213135,4.382718086242676,3368475
2022-01-31,BOP,6.763636112213135,6.828281879425049,6.763636112213135,6.787878036499023,4.398426532745361,2909362
2022-02-01,BOP,6.779797077178955,6.828281879425049,6.771717071533203,6.787878036499023,4.398426532745361,5418393
2022-02-02,BOP,6.80403995513916,6.8929290771484375,6.787878036499023,6.868686199188232,4.450788497924805,4667231
2022-02-03,BOP,6.909090042114258,6.949493885040283,6.852525234222412,6.868686199188232,4.450788497924805,9249075
2022-02-04,BOP,6.901010036468506,6.96565580368042,6.868686199188232,6.949493885040283,4.503150463104248,5214206
2022-02-07,BOP,6.933332920074463,6.933332920074463,6.771717071533203,6.787878036499023,4.398426532745361,5003831
2022-02-08,BOP,6.787878036499023,6.820201873779297,6.771717071533203,6.787878036499023,4.398426532745361,3200175
2022-02-09,BOP,6.787878036499023,6.828281879425049,6.747474193572998,6.787878036499023,4.398426532745361,4776131
2022-02-10,BOP,6.787878036499023,6.901010036468506,6.779797077178955,6.828281879425049,4.424607276916504,13024687
2022-02-11,BOP,6.868686199188232,6.868686199188232,6.795958995819092,6.828281879425049,4.424607276916504,4330631
2022-02-14,BOP,6.933332920074463,6.933332920074463,6.763636112213135,6.787878036499023,4.398426532745361,6608868
2022-02-15,BOP,6.795958995819092,6.820201873779297,6.771717071533203,6.779797077178955,4.393189907073975,8165025
2022-02-16,BOP,6.787878036499023,6.828281879425049,6.755555152893066,6.779797077178955,4.393189907073975,7254843
2022-02-17,BOP,6.787878036499023,6.787878036499023,6.723231792449951,6.755555152893066,4.377481937408447,3960618
2022-02-18,BOP,6.868686199188232,6.917171001434326,6.626262187957764,6.674746990203857,4.325119495391846,74623106
2022-02-21,BOP,6.7070698738098145,6.723231792449951,6.561615943908691,6.58585786819458,4.267520904541016,7819762
2022-02-22,BOP,6.58585786819458,6.58585786819458,6.303030014038086,6.42424201965332,4.162796497344971,17834231
2022-02-23,BOP,6.513131141662598,6.513131141662598,6.278787136077881,6.303030014038086,4.084253787994385,16865887
2022-02-24,BOP,6.20605993270874,6.278787136077881,6.1090898513793945,6.149494171142578,3.984764575958252,10521225
2022-02-25,BOP,6.149494171142578,6.303030014038086,6.149494171142578,6.2626261711120605,4.058072566986084,4251431
2022-02-28,BOP,6.2626261711120605,6.448483943939209,6.165656089782715,6.416161060333252,4.157560348510742,4051575
2022-03-01,BOP,6.472726821899414,6.529292106628418,6.391919136047363,6.496969223022461,4.209922790527344,5952375
2022-03-02,BOP,6.464645862579346,6.505050182342529,6.343433856964111,6.400000095367432,4.147088527679443,2067862
2022-03-03,BOP,6.480807781219482,6.537373065948486,6.383838176727295,6.400000095367432,4.147088527679443,3091275
2022-03-04,BOP,6.456564903259277,6.464645862579346,6.383838176727295,6.42424201965332,4.162796497344971,1869243
2022-03-07,BOP,6.391919136047363,6.391919136047363,6.2626261711120605,6.294949054718018,4.07901668548584,2159437
2022-03-08,BOP,6.2626261711120605,6.343433856964111,6.246463775634766,6.286868095397949,4.073780536651611,1272150
2022-03-09,BOP,6.2626261711120605,6.35151481628418,6.222221851348877,6.238382816314697,4.042363166809082,1764675
2022-03-10,BOP,6.36767578125,6.36767578125,6.270707130432129,6.303030014038086,4.084253787994385,994950
2022-03-11,BOP,6.303030014038086,6.335352897644043,6.1898980140686035,6.222221851348877,4.031891345977783,1800562
2022-03-14,BOP,6.294949054718018,6.303030014038086,6.1090898513793945,6.149494171142578,3.984764575958252,3846768
2022-03-15,BOP,6.181818008422852,6.2626261711120605,6.165656089782715,6.246463775634766,4.0475993156433105,2068481
2022-03-16,BOP,6.254545211791992,6.36767578125,6.246463775634766,6.311110973358154,4.089489936828613,3598031
2022-03-17,BOP,6.375757217407227,6.448483943939209,6.343433856964111,6.359594821929932,4.120905876159668,2393325
2022-03-18,BOP,6.294949054718018,6.343433856964111,6.181818008422852,6.214140892028809,4.0266547203063965,3826968
2022-03-21,BOP,6.372726917266846,6.381817817687988,6.209090232849121,6.245453834533691,4.046944618225098,1851300
2022-03-22,BOP,6.272727012634277,6.2909088134765625,6.218181133270264,6.236362934112549,4.0410542488098145,1600500
2022-03-23,BOP,6.236362934112549,6.236362934112549,6.236362934112549,6.236362934112549,4.0410542488098145,0
2022-03-24,BOP,6.300000190734863,6.300000190734863,6.090909004211426,6.218181133270264,4.02927303314209,2474450
2022-03-25,BOP,6.272727012634277,6.2909088134765625,6.145453929901123,6.272727012634277,4.06461763381958,2706000
2022-03-28,BOP,6.245453834533691,6.272727012634277,6.181818008422852,6.254545211791992,4.052835941314697,414150
2022-03-29,BOP,6.272727012634277,6.336362838745117,6.254545211791992,6.2909088134765625,4.076398849487305,1172600
2022-03-30,BOP,6.327271938323975,6.345454216003418,6.218181133270264,6.263636112213135,4.058726787567139,1205050
2022-03-31,BOP,6.209090232849121,6.545454025268555,6.209090232849121,6.4181809425354,4.158868789672852,1217150
2022-04-01,BOP,6.4181809425354,6.509089946746826,6.272727012634277,6.381817817687988,4.135306358337402,4984650
2022-04-04,BOP,6.199999809265137,6.318181037902832,6.181818008422852,6.272727012634277,4.06461763381958,1731950
2022-04-05,BOP,6.272727012634277,6.336362838745117,6.263636112213135,6.28181791305542,4.0705084800720215,597300
2022-04-06,BOP,6.28181791305542,6.3545451164245605,6.272727012634277,6.28181791305542,4.0705084800720215,910800
2022-04-07,BOP,6.227272033691406,6.300000190734863,6.163636207580566,6.181818008422852,4.005710124969482,3246100
2022-04-08,BOP,6.363636016845703,6.518180847167969,6.2909088134765625,6.5,4.211886405944824,3454000
2022-04-11,BOP,6.681818008422852,6.818181037902832,6.645453929901123,6.709090232849121,4.347373008728027,8407850
2022-04-12,BOP,6.718181133270264,6.718181133270264,6.5,6.672727108001709,4.323810577392578,2231900
2022-04-13,BOP,6.554544925689697,6.672727108001709,6.5,6.509089946746826,4.217776775360107,1574650
2022-04-14,BOP,6.6090898513793945,6.618181228637695,6.454545021057129,6.518180847167969,4.223667144775391,1454200
2022-04-15,BOP,6.545454025268555,6.572727203369141,6.4636359214782715,6.472726821899414,4.194214344024658,1701150
2022-04-18,BOP,6.454545021057129,6.572727203369141,6.4181809425354,6.481818199157715,4.200104713439941,825000
2022-04-19,BOP,6.518180847167969,6.518180847167969,6.409090042114258,6.427271842956543,4.164760112762451,1535050
2022-04-20,BOP,6.4636359214782715,6.5272722244262695,6.363636016845703,6.409090042114258,4.152978420257568,551100
2022-04-21,BOP,6.409090042114258,6.454545021057129,6.272727012634277,6.2909088134765625,4.076398849487305,1117600
2022-04-22,BOP,6.3545451164245605,6.363636016845703,6.190908908843994,6.227272033691406,4.035163879394531,2096050
2022-04-25,BOP,6.28181791305542,6.318181037902832,6.163636207580566,6.190908908843994,4.011600971221924,1241350
2022-04-26,BOP,6.254545211791992,6.254545211791992,6.045454025268555,6.099999904632568,3.952693223953247,2003100
2022-04-27,BOP,6.1090898513793945,6.181818008422852,6.072727203369141,6.099999904632568,3.952693223953247,1587850
2022-04-28,BOP,6.090909004211426,6.127272129058838,6.009089946746826,6.072727203369141,3.935021162033081,1734150
2022-04-29,BOP,6.072727203369141,6.072727203369141,6.072727203369141,6.072727203369141,3.935021162033081,0
2022-05-02,BOP,6.072727203369141,6.072727203369141,6.072727203369141,6.072727203369141,3.935021162033081,0
2022-05-03,BOP,6.072727203369141,6.072727203369141,6.072727203369141,6.072727203369141,3.935021162033081,0
2022-05-04,BOP,6.072727203369141,6.072727203369141,6.072727203369141,6.072727203369141,3.935021162033081,0
2022-05-05,BOP,6.072727203369141,6.072727203369141,6.072727203369141,6.072727203369141,3.935021162033081,0
2022-05-06,BOP,6.081818103790283,6.1090898513793945,6.018180847167969,6.045454025268555,3.917348623275757,2485450
2022-05-09,BOP,6.172727108001709,6.172727108001709,5.581818103790283,5.618181228637695,3.6404831409454346,8581650
2022-05-10,BOP,5.6363630294799805,5.745453834533691,5.618181228637695,5.690908908843994,3.6876096725463867,1202300
2022-05-11,BOP,5.709090232849121,5.745453834533691,5.454545021057129,5.490909099578857,3.5580129623413086,4912050
2022-05-12,BOP,5.5,5.572727203369141,5.445454120635986,5.490909099578857,3.5580129623413086,2258850
2022-05-13,BOP,5.472726821899414,5.572727203369141,5.4636359214782715,5.5272722244262695,3.581575870513916,755150
2022-05-16,BOP,5.5,5.5,5.372726917266846,5.390909194946289,3.4932150840759277,2131800
2022-05-17,BOP,5.381817817687988,5.445454120635986,5.345454216003418,5.372726917266846,3.481433153152466,4165700
2022-05-18,BOP,5.363636016845703,5.454545021057129,5.363636016845703,5.445454120635986,3.5285589694976807,2244550
2022-05-19,BOP,5.445454120635986,5.454545021057129,5.363636016845703,5.400000095367432,3.499105453491211,5089150
2022-05-20,BOP,5.554544925689697,5.554544925689697,5.4181809425354,5.454545021057129,3.534449815750122,1219900
2022-05-23,BOP,5.3545451164245605,5.454545021057129,5.327271938323975,5.381817817687988,3.4873239994049072,1883200
2022-05-24,BOP,5.409090042114258,5.445454120635986,5.327271938323975,5.3545451164245605,3.469651937484741,888250
2022-05-25,BOP,5.327271938323975,5.345454216003418,5.181818008422852,5.227272033691406,3.387180805206299,3458950
2022-05-26,BOP,5.272727012634277,5.363636016845703,5.227272033691406,5.3090901374816895,3.440197706222534,1790250
2022-05-27,BOP,5.3545451164245605,5.5,5.345454216003418,5.372726917266846,3.481433153152466,5059450
2022-05-30,BOP,5.372726917266846,5.454545021057129,5.372726917266846,5.4181809425354,3.5108869075775146,822800
2022-05-31,BOP,5.427271842956543,5.436363220214844,5.381817817687988,5.409090042114258,3.504995822906494,663300
2022-06-01,BOP,5.372726917266846,5.445454120635986,5.363636016845703,5.390909194946289,3.4932150840759277,457050
2022-06-02,BOP,5.4181809425354,5.4181809425354,5.318181037902832,5.336362838745117,3.4578702449798584,657250
2022-06-03,BOP,5.363636016845703,5.363636016845703,5.181818008422852,5.209090232849121,3.375399351119995,1428900
2022-06-06,BOP,5.154544830322266,5.263636112213135,5.1090898513793945,5.181818008422852,3.357727289199829,1683550
2022-06-07,BOP,5.181818008422852,5.227272033691406,5.1363630294799805,5.163636207580566,3.3459460735321045,1590050
2022-06-08,BOP,5.181818008422852,5.209090232849121,5.1363630294799805,5.154544830322266,3.340054988861084,569250
2022-06-09,BOP,5.181818008422852,5.254545211791992,5.163636207580566,5.218181133270264,3.3812901973724365,683650
2022-06-10,BOP,5.181818008422852,5.318181037902832,5.181818008422852,5.227272033691406,3.387180805206299,2080100
2022-06-13,BOP,5.263636112213135,5.263636112213135,4.954545021057129,5.009089946746826,3.245802640914917,2599850
2022-06-14,BOP,5.0,5.081818103790283,4.990909099578857,4.990909099578857,3.2340221405029297,4227850
2022-06-15,BOP,5.0,5.072727203369141,4.909090042114258,4.945454120635986,3.2045679092407227,4798750
2022-06-16,BOP,5.0,5.0,4.945454120635986,4.981818199157715,3.2281312942504883,838750
2022-06-17,BOP,4.990909099578857,5.118181228637695,4.981818199157715,5.0272722244262695,3.257584571838379,3842300
2022-06-20,BOP,5.127272129058838,5.154544830322266,4.9181809425354,4.972726821899414,3.222240447998047,3302200
2022-06-21,BOP,5.0,5.0,4.890909194946289,4.945454120635986,3.2045679092407227,4709100
2022-06-22,BOP,4.990909099578857,5.1363630294799805,4.9636359214782715,5.036363124847412,3.263475179672241,4803700
2022-06-23,BOP,5.081818103790283,5.190908908843994,5.06363582611084,5.154544830322266,3.340054988861084,1332100
2022-06-24,BOP,5.190908908843994,5.2909088134765625,4.890909194946289,4.9181809425354,3.1868953704833984,6516950
2022-06-27,BOP,4.936363220214844,5.099999904632568,4.936363220214844,5.036363124847412,3.263475179672241,3109150
2022-06-28,BOP,5.081818103790283,5.1090898513793945,5.0,5.018180847167969,3.2516934871673584,2631200
2022-06-29,BOP,5.045454025268555,5.06363582611084,4.890909194946289,4.9181809425354,3.1868953704833984,2336950
2022-06-30,BOP,4.981818199157715,4.981818199157715,4.909090042114258,4.927271842956543,3.1927859783172607,3408350
2022-07-01,BOP,5.0272722244262695,5.0272722244262695,4.9181809425354,4.9636359214782715,3.2163496017456055,760100
2022-07-04,BOP,4.9181809425354,5.0,4.9181809425354,4.954545021057129,3.210458993911743,417450
2022-07-05,BOP,4.954545021057129,5.0,4.9181809425354,4.927271842956543,3.1927859783172607,1127500
2022-07-06,BOP,4.9181809425354,4.990909099578857,4.9181809425354,4.972726821899414,3.222240447998047,572000
2022-07-07,BOP,5.0,5.081818103790283,4.972726821899414,5.072727203369141,3.287038564682007,838750
2022-07-08,BOP,5.072727203369141,5.072727203369141,5.072727203369141,5.072727203369141,3.287038564682007,0
2022-07-11,BOP,5.072727203369141,5.072727203369141,5.072727203369141,5.072727203369141,3.287038564682007,0
2022-07-12,BOP,5.072727203369141,5.072727203369141,5.072727203369141,5.072727203369141,3.287038564682007,0
2022-07-13,BOP,5.090909004211426,5.099999904632568,5.0,5.072727203369141,3.287038564682007,724350
2022-07-14,BOP,5.154544830322266,5.154544830322266,5.036363124847412,5.072727203369141,3.287038564682007,880000
2022-07-15,BOP,5.0272722244262695,5.127272129058838,5.009089946746826,5.0272722244262695,3.257584571838379,357500
2022-07-18,BOP,5.0,5.0,4.909090042114258,4.945454120635986,3.2045679092407227,743050
2022-07-19,BOP,4.954545021057129,4.954545021057129,4.827271938323975,4.836362838745117,3.133878469467163,1805650
2022-07-20,BOP,4.836362838745117,4.909090042114258,4.800000190734863,4.863636016845703,3.1515512466430664,746350
2022-07-21,BOP,4.863636016845703,4.909090042114258,4.754545211791992,4.772727012634277,3.0926437377929688,1038400
2022-07-22,BOP,4.8090901374816895,4.909090042114258,4.709090232849121,4.836362838745117,3.133878469467163,2475550
2022-07-25,BOP,4.763636112213135,4.818181037902832,4.699999809265137,4.736362934112549,3.069080352783203,1218250
2022-07-26,BOP,4.772727012634277,4.772727012634277,4.699999809265137,4.718181133270264,3.0572986602783203,955350
2022-07-27,BOP,4.863636016845703,4.863636016845703,4.645453929901123,4.672727108001709,3.027845621109009,1432750
2022-07-28,BOP,4.718181133270264,4.763636112213135,4.699999809265137,4.736362934112549,3.069080352783203,589050
2022-07-29,BOP,4.772727012634277,4.78181791305542,4.663636207580566,4.736362934112549,3.069080352783203,1823800
2022-08-01,BOP,4.818181037902832,4.836362838745117,4.727272033691406,4.800000190734863,3.110316276550293,491150
2022-08-02,BOP,4.745453834533691,4.78181791305542,4.681818008422852,4.754545211791992,3.080862283706665,1536700
2022-08-03,BOP,4.727272033691406,4.936363220214844,4.727272033691406,4.900000095367432,3.175114393234253,1295250
2022-08-04,BOP,4.909090042114258,5.009089946746826,4.863636016845703,4.909090042114258,3.181004524230957,972950
2022-08-05,BOP,4.909090042114258,5.045454025268555,4.836362838745117,4.972726821899414,3.222240447998047,1802900
2022-08-08,BOP,4.972726821899414,4.972726821899414,4.972726821899414,4.972726821899414,3.222240447998047,0
2022-08-09,BOP,4.972726821899414,4.972726821899414,4.972726821899414,4.972726821899414,3.222240447998047,0
2022-08-10,BOP,4.954545021057129,5.163636207580566,4.954545021057129,5.009089946746826,3.245802640914917,2474450
2022-08-11,BOP,5.090909004211426,5.118181228637695,5.0,5.018180847167969,3.2516934871673584,1284800
2022-08-12,BOP,5.072727203369141,5.227272033691406,5.009089946746826,5.218181133270264,3.3812901973724365,3098150
2022-08-15,BOP,5.218181133270264,5.3090901374816895,5.218181133270264,5.28181791305542,3.4225258827209473,2169750
2022-08-16,BOP,5.28181791305542,5.363636016845703,5.199999809265137,5.318181037902832,3.4460883140563965,3340150
2022-08-17,BOP,5.318181037902832,5.436363220214844,5.272727012634277,5.318181037902832,3.4460883140563965,2972200
2022-08-18,BOP,5.28181791305542,5.363636016845703,5.054544925689697,5.3090901374816895,3.440197706222534,3654200
2022-08-19,BOP,5.3090901374816895,5.727272033691406,5.300000190734863,5.481818199157715,3.552122116088867,21054550
2022-08-22,BOP,5.6363630294799805,5.6363630294799805,5.4636359214782715,5.518180847167969,3.5756847858428955,6434450
2022-08-23,BOP,5.572727203369141,5.590909004211426,5.409090042114258,5.454545021057129,3.534449815750122,3575000
2022-08-24,BOP,5.518180847167969,5.518180847167969,5.2909088134765625,5.345454216003418,3.463761329650879,2190650
2022-08-25,BOP,5.318181037902832,5.518180847167969,5.3090901374816895,5.4181809425354,3.5108869075775146,4669500
2022-08-26,BOP,5.454545021057129,5.481818199157715,5.336362838745117,5.345454216003418,3.463761329650879,2024550
2022-08-29,BOP,5.400000095367432,5.400000095367432,5.190908908843994,5.2909088134765625,3.4284164905548096,2266550
2022-08-30,BOP,5.409090042114258,5.436363220214844,5.236362934112549,5.263636112213135,3.4107441902160645,1634600
2022-08-31,BOP,5.272727012634277,5.400000095367432,5.236362934112549,5.245453834533691,3.3989622592926025,1419550
2022-09-01,BOP,5.318181037902832,5.390909194946289,5.263636112213135,5.3545451164245605,3.469651937484741,1645600
2022-09-02,BOP,5.3545451164245605,5.481818199157715,5.3090901374816895,5.318181037902832,3.4460883140563965,4613400
2022-09-05,BOP,5.372726917266846,5.372726917266846,5.218181133270264,5.236362934112549,3.3930716514587402,461450
2022-09-06,BOP,5.236362934112549,5.3090901374816895,5.181818008422852,5.199999809265137,3.369509220123291,1063150
2022-09-07,BOP,5.272727012634277,5.272727012634277,5.163636207580566,5.181818008422852,3.357727289199829,577500
2022-09-08,BOP,5.227272033691406,5.227272033691406,5.090909004211426,5.1363630294799805,3.3282735347747803,1219900
2022-09-09,BOP,5.181818008422852,5.181818008422852,5.0,5.0272722244262695,3.257584571838379,3175700
2022-09-12,BOP,5.090909004211426,5.090909004211426,5.0,5.018180847167969,3.2516934871673584,248600
2022-09-13,BOP,5.054544925689697,5.127272129058838,5.045454025268555,5.06363582611084,3.2811474800109863,379500
2022-09-14,BOP,5.018180847167969,5.081818103790283,5.009089946746826,5.054544925689697,3.275256633758545,297550
2022-09-15,BOP,5.054544925689697,5.118181228637695,5.0,5.018180847167969,3.2516934871673584,352550
2022-09-16,BOP,5.009089946746826,5.090909004211426,4.954545021057129,4.990909099578857,3.2340221405029297,1010900
2022-09-19,BOP,5.0,5.045454025268555,4.827271938323975,4.872726917266846,3.157442092895508,1461900
2022-09-20,BOP,4.863636016845703,4.954545021057129,4.772727012634277,4.8545451164245605,3.145660400390625,875050
2022-09-21,BOP,4.954545021057129,4.954545021057129,4.800000190734863,4.818181037902832,3.1220970153808594,3738350
2022-09-22,BOP,4.818181037902832,4.890909194946289,4.772727012634277,4.836362838745117,3.133878469467163,2470600
2022-09-23,BOP,4.909090042114258,5.0,4.818181037902832,4.890909194946289,3.1692237854003906,1382700
2022-09-26,BOP,4.890909194946289,4.936363220214844,4.890909194946289,4.927271842956543,3.1927859783172607,506000
2022-09-27,BOP,4.990909099578857,5.0,4.9181809425354,4.9636359214782715,3.2163496017456055,846450
2022-09-28,BOP,4.9636359214782715,5.127272129058838,4.881817817687988,4.927271842956543,3.1927859783172607,2356200
2022-09-29,BOP,4.954545021057129,4.972726821899414,4.8545451164245605,4.954545021057129,3.210458993911743,300300
2022-09-30,BOP,4.909090042114258,5.0,4.863636016845703,4.900000095367432,3.175114393234253,1449800
2022-10-03,BOP,4.900000095367432,4.9636359214782715,4.890909194946289,4.909090042114258,3.181004524230957,1388200
2022-10-04,BOP,4.881817817687988,5.0,4.863636016845703,4.936363220214844,3.1986770629882812,1211100
2022-10-05,BOP,4.909090042114258,4.981818199157715,4.909090042114258,4.936363220214844,3.1986770629882812,970750
2022-10-06,BOP,4.990909099578857,4.990909099578857,4.909090042114258,4.954545021057129,3.210458993911743,2230250
2022-10-07,BOP,5.0,5.018180847167969,4.9181809425354,4.936363220214844,3.1986770629882812,718850
2022-10-10,BOP,4.9181809425354,5.0,4.9181809425354,4.954545021057129,3.210458993911743,485650
2022-10-11,BOP,4.9181809425354,5.009089946746826,4.9181809425354,4.954545021057129,3.210458993911743,608300
2022-10-12,BOP,5.0,5.0,4.9181809425354,4.936363220214844,3.1986770629882812,205700
2022-10-13,BOP,4.927271842956543,5.0,4.900000095367432,4.909090042114258,3.181004524230957,948750
2022-10-14,BOP,4.972726821899414,5.0,4.909090042114258,4.909090042114258,3.181004524230957,518100
2022-10-17,BOP,4.981818199157715,4.981818199157715,4.818181037902832,4.8545451164245605,3.145660400390625,1142350
2022-10-18,BOP,4.945454120635986,4.945454120635986,4.78181791305542,4.863636016845703,3.1515512466430664,1973950
2022-10-19,BOP,4.909090042114258,4.936363220214844,4.863636016845703,4.890909194946289,3.1692237854003906,439450
2022-10-20,BOP,4.909090042114258,4.936363220214844,4.863636016845703,4.900000095367432,3.175114393234253,580800
2022-10-21,BOP,4.890909194946289,4.945454120635986,4.881817817687988,4.9181809425354,3.1868953704833984,433400
2022-10-24,BOP,4.990909099578857,5.045454025268555,4.909090042114258,4.927271842956543,3.1927859783172607,651750
2022-10-25,BOP,4.881817817687988,4.954545021057129,4.8545451164245605,4.863636016845703,3.1515512466430664,231550
2022-10-26,BOP,4.836362838745117,4.836362838745117,4.709090232849121,4.763636112213135,3.0867528915405273,2151600
2022-10-27,BOP,4.78181791305542,4.863636016845703,4.772727012634277,4.827271938323975,3.127987861633301,1281500
2022-10-28,BOP,4.936363220214844,4.936363220214844,4.6363630294799805,4.663636207580566,3.0219547748565674,3274150
2022-10-31,BOP,4.818181037902832,4.818181037902832,4.681818008422852,4.727272033691406,3.063189744949341,1732500
2022-11-01,BOP,4.818181037902832,4.818181037902832,4.6363630294799805,4.754545211791992,3.080862283706665,1667600
2022-11-02,BOP,4.727272033691406,4.772727012634277,4.672727108001709,4.727272033691406,3.063189744949341,1214950
2022-11-03,BOP,4.7909088134765625,4.8090901374816895,4.709090232849121,4.745453834533691,3.0749711990356445,2675200
2022-11-04,BOP,4.727272033691406,4.7909088134765625,4.681818008422852,4.745453834533691,3.0749711990356445,769450
2022-11-07,BOP,4.872726917266846,4.872726917266846,4.763636112213135,4.818181037902832,3.1220970153808594,573650
2022-11-08,BOP,4.745453834533691,4.909090042114258,4.736362934112549,4.900000095367432,3.175114393234253,1331550
2022-11-09,BOP,4.900000095367432,4.900000095367432,4.900000095367432,4.900000095367432,3.175114393234253,0
2022-11-10,BOP,4.872726917266846,5.118181228637695,4.872726917266846,5.054544925689697,3.275256633758545,3628900
2022-11-11,BOP,5.090909004211426,5.127272129058838,5.018180847167969,5.045454025268555,3.2693660259246826,1232550
2022-11-14,BOP,5.045454025268555,5.06363582611084,4.9181809425354,4.945454120635986,3.2045679092407227,1930500
2022-11-15,BOP,4.936363220214844,5.045454025268555,4.900000095367432,4.909090042114258,3.181004524230957,716100
2022-11-16,BOP,4.9636359214782715,4.981818199157715,4.890909194946289,4.909090042114258,3.181004524230957,749650
2022-11-17,BOP,4.927271842956543,4.972726821899414,4.890909194946289,4.9181809425354,3.1868953704833984,391600
2022-11-18,BOP,4.890909194946289,4.927271842956543,4.872726917266846,4.900000095367432,3.175114393234253,327800
2022-11-21,BOP,4.936363220214844,4.945454120635986,4.772727012634277,4.800000190734863,3.110316276550293,2035000
2022-11-22,BOP,4.863636016845703,4.872726917266846,4.8090901374816895,4.827271938323975,3.127987861633301,668250
2022-11-23,BOP,4.863636016845703,4.863636016845703,4.718181133270264,4.736362934112549,3.069080352783203,4176150
2022-11-24,BOP,4.78181791305542,4.818181037902832,4.727272033691406,4.800000190734863,3.110316276550293,749650
2022-11-25,BOP,4.827271938323975,4.863636016845703,4.645453929901123,4.727272033691406,3.063189744949341,1696200
2022-11-28,BOP,4.772727012634277,4.800000190734863,4.672727108001709,4.690908908843994,3.0396268367767334,1398650
2022-11-29,BOP,4.772727012634277,4.818181037902832,4.672727108001709,4.736362934112549,3.069080352783203,1554300
2022-11-30,BOP,4.754545211791992,4.763636112213135,4.690908908843994,4.709090232849121,3.051408052444458,374550
2022-12-01,BOP,4.7909088134765625,4.818181037902832,4.690908908843994,4.8090901374816895,3.116206407546997,3032700
2022-12-02,BOP,4.754545211791992,4.818181037902832,4.727272033691406,4.78181791305542,3.09853458404541,774950
2022-12-05,BOP,4.745453834533691,4.763636112213135,4.699999809265137,4.709090232849121,3.051408052444458,1651100
2022-12-06,BOP,4.718181133270264,4.745453834533691,4.681818008422852,4.699999809265137,3.045517683029175,1157200
2022-12-07,BOP,4.709090232849121,4.763636112213135,4.709090232849121,4.745453834533691,3.0749711990356445,274450
2022-12-08,BOP,4.727272033691406,4.78181791305542,4.681818008422852,4.736362934112549,3.069080352783203,328350
2022-12-09,BOP,4.718181133270264,4.745453834533691,4.672727108001709,4.681818008422852,3.033736228942871,2336400
2022-12-12,BOP,4.690908908843994,4.772727012634277,4.599999904632568,4.654544830322266,3.016063690185547,2505250
2022-12-13,BOP,4.654544830322266,4.681818008422852,4.581818103790283,4.6090898513793945,2.986609935760498,1602150
2022-12-14,BOP,4.618181228637695,4.654544830322266,4.6090898513793945,4.627272129058838,2.998391628265381,923450
2022-12-15,BOP,4.6363630294799805,4.6363630294799805,4.427271842956543,4.454545021057129,2.886467218399048,5141400
2022-12-16,BOP,4.454545021057129,4.545454025268555,4.436363220214844,4.454545021057129,2.886467218399048,1454750
2022-12-19,BOP,4.4636359214782715,4.545454025268555,4.400000095367432,4.4181809425354,2.8629040718078613,2135650
2022-12-20,BOP,4.4181809425354,4.427271842956543,4.181818008422852,4.254545211791992,2.756870746612549,3784000
2022-12-21,BOP,4.236362934112549,4.372726917266846,4.1363630294799805,4.172727108001709,2.7038543224334717,2984300
2022-12-22,BOP,4.272727012634277,4.28181791305542,4.127272129058838,4.145453929901123,2.6861817836761475,3177900
2022-12-23,BOP,4.145453929901123,4.318181037902832,4.1363630294799805,4.2909088134765625,2.7804338932037354,1874400
2022-12-26,BOP,4.3545451164245605,4.545454025268555,4.227272033691406,4.481818199157715,2.904139995574951,5052850
2022-12-27,BOP,4.518180847167969,4.518180847167969,4.181818008422852,4.209090232849121,2.7274169921875,8470000
2022-12-28,BOP,4.272727012634277,4.272727012634277,4.090909004211426,4.145453929901123,2.6861817836761475,5151850
2022-12-29,BOP,4.181818008422852,4.181818008422852,4.045454025268555,4.099999904632568,2.656728506088257,8557450
2022-12-30,BOP,4.1363630294799805,4.227272033691406,4.072727203369141,4.154544830322266,2.6920723915100098,5426850
2023-01-02,BOP,4.218181133270264,4.363636016845703,4.1363630294799805,4.272727012634277,2.7686524391174316,2210450
2023-01-03,BOP,4.318181037902832,4.3545451164245605,4.263636112213135,4.2909088134765625,2.7804338932037354,1299650
2023-01-04,BOP,4.318181037902832,4.318181037902832,4.263636112213135,4.28181791305542,2.774543285369873,992750
2023-01-05,BOP,4.272727012634277,4.336362838745117,4.227272033691406,4.327271938323975,2.8039963245391846,1891450
2023-01-06,BOP,4.318181037902832,4.3545451164245605,4.254545211791992,4.28181791305542,2.774543285369873,1030700
2023-01-09,BOP,4.199999809265137,4.3090901374816895,4.181818008422852,4.236362934112549,2.745088815689087,1296350
2023-01-10,BOP,4.245453834533691,4.345454216003418,4.245453834533691,4.3090901374816895,2.79221510887146,376200
2023-01-11,BOP,4.272727012634277,4.345454216003418,4.181818008422852,4.236362934112549,2.745088815689087,1217700
2023-01-12,BOP,4.28181791305542,4.345454216003418,4.254545211791992,4.300000190734863,2.786324977874756,609950
2023-01-13,BOP,4.263636112213135,4.400000095367432,4.181818008422852,4.218181133270264,2.733307361602783,915200
2023-01-16,BOP,4.28181791305542,4.345454216003418,4.181818008422852,4.190908908843994,2.7156357765197754,491150
2023-01-17,BOP,4.163636207580566,4.209090232849121,4.045454025268555,4.081818103790283,2.644947052001953,1786950
2023-01-18,BOP,4.099999904632568,4.172727108001709,4.081818103790283,4.127272129058838,2.6744003295898438,689150
2023-01-19,BOP,4.218181133270264,4.218181133270264,4.081818103790283,4.1090898513793945,2.662618637084961,2300650
2023-01-20,BOP,4.081818103790283,4.1363630294799805,4.045454025268555,4.090909004211426,2.6508376598358154,591800
2023-01-23,BOP,4.081818103790283,4.172727108001709,4.009089946746826,4.118181228637695,2.6685094833374023,1415150
2023-01-24,BOP,4.081818103790283,4.172727108001709,4.045454025268555,4.099999904632568,2.656728506088257,1506450
2023-01-25,BOP,4.163636207580566,4.254545211791992,4.090909004211426,4.181818008422852,2.709744930267334,2612500
2023-01-26,BOP,4.181818008422852,4.390909194946289,4.181818008422852,4.318181037902832,2.7981057167053223,7763250
2023-01-27,BOP,4.3545451164245605,4.409090042114258,4.199999809265137,4.209090232849121,2.7274169921875,4314200
2023-01-30,BOP,4.272727012634277,4.318181037902832,4.199999809265137,4.218181133270264,2.733307361602783,952600
2023-01-31,BOP,4.227272033691406,4.318181037902832,4.209090232849121,4.300000190734863,2.786324977874756,1316150
2023-02-01,BOP,4.28181791305542,4.390909194946289,4.272727012634277,4.381817817687988,2.839341402053833,2250600
2023-02-02,BOP,4.409090042114258,4.409090042114258,4.2909088134765625,4.3545451164245605,2.821669101715088,1723700
2023-02-03,BOP,4.363636016845703,4.409090042114258,4.3090901374816895,4.390909194946289,2.8452324867248535,1572450
2023-02-06,BOP,4.381817817687988,4.454545021057129,4.363636016845703,4.436363220214844,2.874685764312744,1697300
2023-02-07,BOP,4.490909099578857,4.490909099578857,4.454545021057129,4.4636359214782715,2.8923583030700684,868450
2023-02-08,BOP,4.436363220214844,4.490909099578857,4.372726917266846,4.400000095367432,2.851123094558716,1681900
2023-02-09,BOP,4.427271842956543,4.490909099578857,4.409090042114258,4.481818199157715,2.904139995574951,5209600
2023-02-10,BOP,4.4181809425354,4.572727203369141,4.390909194946289,4.518180847167969,2.9277021884918213,5744750
2023-02-13,BOP,4.536363124847412,4.690908908843994,4.536363124847412,4.6363630294799805,3.004281997680664,5193650
2023-02-14,BOP,4.663636207580566,4.690908908843994,4.581818103790283,4.599999904632568,2.980719804763794,2323200
2023-02-15,BOP,4.645453929901123,4.645453929901123,4.427271842956543,4.4636359214782715,2.8923583030700684,2984850
2023-02-16,BOP,4.445454120635986,4.545454025268555,4.372726917266846,4.454545021057129,2.886467218399048,2015200
2023-02-17,BOP,4.56363582611084,4.709090232849121,4.28181791305542,4.327271938323975,2.8039963245391846,13372700
2023-02-20,BOP,4.3545451164245605,4.3545451164245605,4.145453929901123,4.236362934112549,2.745088815689087,4393400
2023-02-21,BOP,4.227272033691406,4.272727012634277,4.1090898513793945,4.145453929901123,2.6861817836761475,3075050
2023-02-22,BOP,4.227272033691406,4.227272033691406,4.045454025268555,4.090909004211426,2.6508376598358154,7299600
2023-02-23,BOP,4.099999904632568,4.227272033691406,4.099999904632568,4.154544830322266,2.6920723915100098,3284600
2023-02-24,BOP,4.181818008422852,4.209090232849121,4.081818103790283,4.099999904632568,2.656728506088257,1781450
2023-02-27,BOP,4.099999904632568,4.209090232849121,4.045454025268555,4.1090898513793945,2.662618637084961,3638250
2023-02-28,BOP,4.127272129058838,4.127272129058838,4.0,4.0272722244262695,2.6096019744873047,2279750
2023-03-01,BOP,4.018180847167969,4.072727203369141,3.9909090995788574,4.0,2.5919301509857178,1695650
2023-03-02,BOP,4.06363582611084,4.06363582611084,3.954545021057129,3.9636359214782715,2.568366765975952,2802250
2023-03-03,BOP,3.9909090995788574,4.145453929901123,3.818181037902832,3.9818179607391357,2.580148458480835,11523600
2023-03-06,BOP,4.0,4.036363124847412,3.9818179607391357,4.0,2.5919301509857178,3802700
2023-03-07,BOP,4.072727203369141,4.072727203369141,3.9181809425354004,3.954545021057129,2.56247615814209,2689500
2023-03-08,BOP,4.0272722244262695,4.0272722244262695,3.909090042114258,3.9181809425354004,2.5389130115509033,5686450
2023-03-09,BOP,4.0,4.018180847167969,3.9000000953674316,3.9818179607391357,2.580148458480835,1576850
2023-03-10,BOP,3.9636359214782715,4.072727203369141,3.9636359214782715,4.045454025268555,2.6213834285736084,1335950
2023-03-13,BOP,4.06363582611084,4.072727203369141,4.0,4.0272722244262695,2.6096019744873047,1521300
2023-03-14,BOP,3.9909090995788574,4.045454025268555,3.9818179607391357,4.009089946746826,2.597820281982422,2281950
2023-03-15,BOP,4.018180847167969,4.018180847167969,3.954545021057129,3.9909090995788574,2.5860393047332764,2114750
2023-03-16,BOP,3.9909090995788574,4.0272722244262695,3.9818179607391357,3.9909090995788574,2.5860393047332764,2920500
2023-03-17,BOP,4.036363124847412,4.036363124847412,3.9636359214782715,3.9909090995788574,2.5860393047332764,2132350
2023-03-20,BOP,4.0272722244262695,4.054544925689697,3.9818179607391357,4.0272722244262695,2.6096019744873047,2709300
2023-03-21,BOP,4.150000095367432,4.159999847412109,4.03000020980835,4.070000171661377,2.637289047241211,1909000
2023-03-22,BOP,4.150000095367432,4.150000095367432,4.050000190734863,4.059999942779541,2.6308090686798096,1299500
2023-03-23,BOP,4.059999942779541,4.059999942779541,4.059999942779541,4.059999942779541,2.6308090686798096,0
2023-03-24,BOP,4.050000190734863,4.090000152587891,4.010000228881836,4.050000190734863,2.6243295669555664,584000
2023-03-27,BOP,4.0,4.119999885559082,4.0,4.050000190734863,2.6243295669555664,666000
2023-03-28,BOP,4.050000190734863,4.079999923706055,4.019999980926514,4.039999961853027,2.617849349975586,247500
2023-03-29,BOP,4.010000228881836,4.079999923706055,4.0,4.050000190734863,2.6243295669555664,1710000
2023-03-30,BOP,4.050000190734863,4.139999866485596,4.0,4.019999980926514,2.6048898696899414,1490500
2023-03-31,BOP,4.059999942779541,4.059999942779541,4.0,4.03000020980835,2.6113698482513428,403000
2023-04-03,BOP,4.090000152587891,4.190000057220459,3.930000066757202,3.9700000286102295,2.572490692138672,3492500
2023-04-04,BOP,4.039999961853027,4.050000190734863,3.8499999046325684,3.880000114440918,2.5141725540161133,3588500
2023-04-05,BOP,3.950000047683716,3.9700000286102295,3.8499999046325684,3.880000114440918,2.5141725540161133,1047000
2023-04-06,BOP,3.950000047683716,3.9600000381469727,3.880000114440918,3.930000066757202,2.5465714931488037,1641500
2023-04-07,BOP,3.9700000286102295,3.990000009536743,3.8399999141693115,3.8499999046325684,2.4947328567504883,1571000
2023-04-10,BOP,3.8399999141693115,3.9000000953674316,3.809999942779541,3.8399999141693115,2.488252878189087,556000
2023-04-11,BOP,3.819999933242798,3.880000114440918,3.809999942779541,3.8499999046325684,2.4947328567504883,481000
2023-04-12,BOP,3.8499999046325684,3.950000047683716,3.8299999237060547,3.9100000858306885,2.53361177444458,990500
2023-04-13,BOP,3.9000000953674316,3.9700000286102295,3.559999942779541,3.950000047683716,2.5595309734344482,1965500
2023-04-14,BOP,3.950000047683716,3.950000047683716,3.950000047683716,3.950000047683716,2.5595309734344482,0
2023-04-17,BOP,3.990000009536743,4.039999961853027,3.950000047683716,3.9600000381469727,2.5660111904144287,1347000
2023-04-18,BOP,3.9600000381469727,4.0,3.700000047683716,3.950000047683716,2.5595309734344482,1498000
2023-04-19,BOP,3.809999942779541,4.039999961853027,3.809999942779541,4.010000228881836,2.598410129547119,1539500
2023-04-20,BOP,4.03000020980835,4.070000171661377,3.9800000190734863,4.050000190734863,2.6243295669555664,1200000
2023-04-21,BOP,4.050000190734863,4.050000190734863,4.050000190734863,4.050000190734863,2.6243295669555664,0
2023-04-24,BOP,4.050000190734863,4.050000190734863,4.050000190734863,4.050000190734863,2.6243295669555664,0
2023-04-25,BOP,4.050000190734863,4.050000190734863,4.050000190734863,4.050000190734863,2.6243295669555664,0
2023-04-26,BOP,3.990000009536743,4.079999923706055,3.990000009536743,4.019999980926514,2.6048898696899414,1332000
2023-04-27,BOP,4.019999980926514,4.070000171661377,3.9700000286102295,4.059999942779541,2.6308090686798096,1812500
2023-04-28,BOP,4.079999923706055,4.090000152587891,3.819999933242798,3.869999885559082,2.507692337036133,6120500
2023-05-01,BOP,3.869999885559082,3.869999885559082,3.869999885559082,3.869999885559082,2.507692337036133,0
2023-05-02,BOP,3.9000000953674316,3.9600000381469727,3.869999885559082,3.9000000953674316,2.527132034301758,1423000
2023-05-03,BOP,3.950000047683716,3.950000047683716,3.8499999046325684,3.890000104904175,2.5206520557403564,1114500
2023-05-04,BOP,3.940000057220459,3.940000057220459,3.799999952316284,3.819999933242798,2.4752933979034424,1416500
2023-05-05,BOP,3.8499999046325684,3.950000047683716,3.799999952316284,3.9200000762939453,2.5400917530059814,1577500
2023-05-08,BOP,3.8499999046325684,3.9200000762939453,3.8399999141693115,3.8399999141693115,2.488252878189087,888000
2023-05-09,BOP,3.9100000858306885,3.9100000858306885,3.75,3.7699999809265137,2.4428939819335938,2333500
2023-05-10,BOP,3.7699999809265137,3.8499999046325684,3.700000047683716,3.7100000381469727,2.404015064239502,1615000
2023-05-11,BOP,3.799999952316284,3.799999952316284,3.700000047683716,3.7200000286102295,2.4104950428009033,929500
2023-05-12,BOP,3.7699999809265137,3.8299999237060547,3.700000047683716,3.7200000286102295,2.4104950428009033,1124500
2023-05-15,BOP,3.7899999618530273,3.7899999618530273,3.690000057220459,3.759999990463257,2.4364142417907715,541000
2023-05-16,BOP,3.75,3.880000114440918,3.75,3.809999942779541,2.468813419342041,1582500
2023-05-17,BOP,3.8499999046325684,3.8499999046325684,3.75,3.7699999809265137,2.4428939819335938,356000
2023-05-18,BOP,3.799999952316284,3.8499999046325684,3.7200000286102295,3.7300000190734863,2.4169747829437256,393000
2023-05-19,BOP,3.8399999141693115,3.859999895095825,3.690000057220459,3.7799999713897705,2.449373960494995,1430000
2023-05-22,BOP,3.7300000190734863,3.7699999809265137,3.700000047683716,3.7100000381469727,2.404015064239502,421500
2023-05-23,BOP,3.7100000381469727,3.7699999809265137,3.700000047683716,3.7300000190734863,2.4169747829437256,996000
2023-05-24,BOP,3.75,3.7699999809265137,3.700000047683716,3.75,2.42993426322937,1092000
2023-05-25,BOP,3.75,3.819999933242798,3.7100000381469727,3.7300000190734863,2.4169747829437256,959000
2023-05-26,BOP,3.7300000190734863,3.75,3.6500000953674316,3.680000066757202,2.384575843811035,426000
2023-05-29,BOP,3.7200000286102295,3.75,3.6600000858306885,3.6700000762939453,2.3780956268310547,407000
2023-05-30,BOP,3.6600000858306885,3.700000047683716,3.6500000953674316,3.690000057220459,2.3910553455352783,870500
2023-05-31,BOP,3.740000009536743,3.740000009536743,3.609999895095825,3.619999885559082,2.3456966876983643,830000
2023-06-01,BOP,3.700000047683716,3.7100000381469727,3.5899999141693115,3.6500000953674316,2.36513614654541,329000
2023-06-02,BOP,3.6500000953674316,3.799999952316284,3.640000104904175,3.700000047683716,2.3975353240966797,1840500
2023-06-05,BOP,3.6600000858306885,3.7799999713897705,3.6600000858306885,3.759999990463257,2.4364142417907715,685000
2023-06-06,BOP,3.7899999618530273,3.799999952316284,3.700000047683716,3.759999990463257,2.4364142417907715,701500
2023-06-07,BOP,3.7899999618530273,3.7899999618530273,3.690000057220459,3.7100000381469727,2.404015064239502,2256000
2023-06-08,BOP,3.7300000190734863,3.7300000190734863,3.5999999046325684,3.640000104904175,2.358656406402588,1517500
2023-06-09,BOP,3.7300000190734863,3.7300000190734863,3.569999933242798,3.5999999046325684,2.3327369689941406,1224000
2023-06-12,BOP,3.559999942779541,3.7300000190734863,3.549999952316284,3.5999999046325684,2.3327369689941406,8519000
2023-06-13,BOP,3.549999952316284,3.6700000762939453,3.549999952316284,3.6500000953674316,2.36513614654541,8166500
2023-06-14,BOP,3.5799999237060547,3.680000066757202,3.5799999237060547,3.5999999046325684,2.3327369689941406,795000
2023-06-15,BOP,3.5399999618530273,3.640000104904175,3.5399999618530273,3.5799999237060547,2.319777250289917,281000
2023-06-16,BOP,3.5999999046325684,3.5999999046325684,3.509999990463257,3.569999933242798,2.3132975101470947,564000
2023-06-19,BOP,3.640000104904175,3.640000104904175,3.4200000762939453,3.450000047683716,2.235539674758911,977000
2023-06-20,BOP,3.3499999046325684,3.450000047683716,3.3499999046325684,3.380000114440918,2.190181016921997,1212500
2023-06-21,BOP,3.450000047683716,3.450000047683716,3.2799999713897705,3.299999952316284,2.1383423805236816,4434500
2023-06-22,BOP,3.390000104904175,3.390000104904175,3.2200000286102295,3.299999952316284,2.1383423805236816,3297500
2023-06-23,BOP,3.299999952316284,3.369999885559082,3.1700000762939453,3.190000057220459,2.0670642852783203,2647000
2023-06-26,BOP,3.2899999618530273,3.450000047683716,3.259999990463257,3.430000066757202,2.2225799560546875,940500
2023-06-27,BOP,3.430000066757202,3.609999895095825,3.319999933242798,3.4700000286102295,2.2484991550445557,2191500
2023-06-28,BOP,3.4700000286102295,3.4700000286102295,3.4700000286102295,3.4700000286102295,2.2484991550445557,0
2023-06-29,BOP,3.4700000286102295,3.4700000286102295,3.4700000286102295,3.4700000286102295,2.2484991550445557,0
2023-06-30,BOP,3.4700000286102295,3.4700000286102295,3.4700000286102295,3.4700000286102295,2.2484991550445557,0
2023-07-03,BOP,3.7200000286102295,3.7899999618530273,3.5999999046325684,3.75,2.42993426322937,8151500
2023-07-04,BOP,3.75,3.7699999809265137,3.619999885559082,3.6500000953674316,2.36513614654541,2466000
2023-07-05,BOP,3.619999885559082,3.690000057220459,3.619999885559082,3.640000104904175,2.358656406402588,900000
2023-07-06,BOP,3.6500000953674316,3.6700000762939453,3.5999999046325684,3.609999895095825,2.339216709136963,420000
2023-07-07,BOP,3.740000009536743,3.740000009536743,3.5999999046325684,3.630000114440918,2.3521766662597656,573000
2023-07-10,BOP,3.5999999046325684,3.690000057220459,3.549999952316284,3.5799999237060547,2.319777250289917,3670500
2023-07-11,BOP,3.5999999046325684,3.6500000953674316,3.559999942779541,3.5999999046325684,2.3327369689941406,3730000
2023-07-12,BOP,3.5999999046325684,3.799999952316284,3.5999999046325684,3.740000009536743,2.423454761505127,16254500
2023-07-13,BOP,3.75,3.859999895095825,3.740000009536743,3.7899999618530273,2.4558537006378174,11694500
2023-07-14,BOP,3.799999952316284,3.8499999046325684,3.5799999237060547,3.619999885559082,2.3456966876983643,3441000
2023-07-17,BOP,3.630000114440918,4.349999904632568,3.569999933242798,4.269999980926514,2.76688551902771,49139000
2023-07-18,BOP,4.25,4.340000152587891,3.9000000953674316,4.050000190734863,2.6243295669555664,29935500
2023-07-19,BOP,4.070000171661377,4.179999828338623,3.930000066757202,3.9700000286102295,2.572490692138672,5859000
2023-07-20,BOP,3.940000057220459,4.230000019073486,3.940000057220459,4.199999809265137,2.721526622772217,19500000
2023-07-21,BOP,4.28000020980835,4.409999847412109,4.150000095367432,4.260000228881836,2.7604057788848877,17057500
2023-07-24,BOP,4.300000190734863,4.309999942779541,4.150000095367432,4.170000076293945,2.702087163925171,2733000
2023-07-25,BOP,4.099999904632568,4.210000038146973,4.099999904632568,4.130000114440918,2.6761679649353027,3565500
2023-07-26,BOP,4.199999809265137,4.199999809265137,4.099999904632568,4.150000095367432,2.6891274452209473,2894500
2023-07-27,BOP,4.150000095367432,4.150000095367432,4.150000095367432,4.150000095367432,2.6891274452209473,0
2023-07-28,BOP,4.150000095367432,4.150000095367432,4.150000095367432,4.150000095367432,2.6891274452209473,0
2023-07-31,BOP,4.21999979019165,4.489999771118164,4.21999979019165,4.329999923706055,2.8057641983032227,18254500
2023-08-01,BOP,4.349999904632568,4.610000133514404,4.289999961853027,4.559999942779541,2.9548003673553467,22545000
2023-08-02,BOP,4.610000133514404,4.900000095367432,4.610000133514404,4.820000171661377,3.1232757568359375,46991000
2023-08-03,BOP,4.849999904632568,4.900000095367432,4.519999980926514,4.559999942779541,2.9548003673553467,11135500
2023-08-04,BOP,4.579999923706055,4.610000133514404,4.449999809265137,4.539999961853027,2.941840410232544,5100000
2023-08-07,BOP,4.460000038146973,4.730000019073486,4.360000133514404,4.400000095367432,2.851123094558716,3942500
2023-08-08,BOP,4.400000095367432,4.449999809265137,4.190000057220459,4.210000038146973,2.728006362915039,5495000
2023-08-09,BOP,4.210000038146973,4.309999942779541,4.179999828338623,4.210000038146973,2.728006362915039,2347000
2023-08-10,BOP,4.239999771118164,4.349999904632568,4.050000190734863,4.079999923706055,2.643768787384033,3632000
2023-08-11,BOP,4.179999828338623,4.300000190734863,4.070000171661377,4.269999980926514,2.76688551902771,10250500
2023-08-14,BOP,4.269999980926514,4.269999980926514,4.269999980926514,4.269999980926514,2.76688551902771,0
2023-08-15,BOP,4.300000190734863,4.340000152587891,4.21999979019165,4.239999771118164,2.747445821762085,1369500
2023-08-16,BOP,4.25,4.300000190734863,4.070000171661377,4.150000095367432,2.6891274452209473,2598000
2023-08-17,BOP,4.099999904632568,4.170000076293945,4.039999961853027,4.119999885559082,2.6696879863739014,2311500
2023-08-18,BOP,4.159999847412109,4.190000057220459,4.039999961853027,4.059999942779541,2.6308090686798096,1163000
2023-08-21,BOP,4.070000171661377,4.139999866485596,3.890000104904175,3.9100000858306885,2.53361177444458,3208000
2023-08-22,BOP,4.0,4.0,3.799999952316284,3.9200000762939453,2.5400917530059814,2669000
2023-08-23,BOP,3.990000009536743,3.990000009536743,3.8299999237060547,3.859999895095825,2.5012125968933105,1651500
2023-08-24,BOP,3.8299999237060547,4.050000190734863,3.8299999237060547,3.9700000286102295,2.572490692138672,1807000
2023-08-25,BOP,3.869999885559082,3.880000114440918,3.700000047683716,3.759999990463257,2.4364142417907715,9941500
2023-08-28,BOP,3.75,3.8299999237060547,3.700000047683716,3.7200000286102295,2.4104950428009033,3737000
2023-08-29,BOP,3.75,3.75,3.6500000953674316,3.6600000858306885,2.3716161251068115,3769000
2023-08-30,BOP,3.6600000858306885,3.7699999809265137,3.549999952316284,3.569999933242798,2.3132975101470947,2820000
2023-08-31,BOP,3.559999942779541,3.5899999141693115,3.390000104904175,3.4200000762939453,2.2161004543304443,4880000
2023-09-01,BOP,3.490000009536743,3.569999933242798,3.390000104904175,3.450000047683716,2.235539674758911,2845500
2023-09-04,BOP,3.4600000381469727,3.5299999713897705,3.450000047683716,3.4800000190734863,2.254979372024536,911500
2023-09-05,BOP,3.5,3.549999952316284,3.450000047683716,3.5299999713897705,2.2873783111572266,1133000
2023-09-06,BOP,3.5299999713897705,3.740000009536743,3.490000009536743,3.640000104904175,2.358656406402588,2744500
2023-09-07,BOP,3.619999885559082,3.6700000762939453,3.5399999618530273,3.549999952316284,2.300337791442871,755000
2023-09-08,BOP,3.619999885559082,3.6600000858306885,3.5399999618530273,3.609999895095825,2.339216709136963,599000
2023-09-11,BOP,3.700000047683716,3.7300000190734863,3.5999999046325684,3.619999885559082,2.3456966876983643,743105
2023-09-12,BOP,3.6500000953674316,3.700000047683716,3.5399999618530273,3.549999952316284,2.300337791442871,1017250
2023-09-13,BOP,3.5999999046325684,3.619999885559082,3.5299999713897705,3.549999952316284,2.300337791442871,566085
2023-09-14,BOP,3.690000057220459,3.690000057220459,3.569999933242798,3.609999895095825,2.339216709136963,1159529
2023-09-15,BOP,3.549999952316284,3.680000066757202,3.549999952316284,3.569999933242798,2.3132975101470947,1002487
2023-09-18,BOP,3.559999942779541,3.6600000858306885,3.509999990463257,3.640000104904175,2.358656406402588,991268
2023-09-19,BOP,3.6500000953674316,3.690000057220459,3.5999999046325684,3.619999885559082,2.3456966876983643,845669
2023-09-20,BOP,3.680000066757202,3.690000057220459,3.5999999046325684,3.630000114440918,2.3521766662597656,819284
2023-09-21,BOP,3.640000104904175,3.759999990463257,3.630000114440918,3.7100000381469727,2.404015064239502,2054886
2023-09-22,BOP,3.7799999713897705,3.8499999046325684,3.6600000858306885,3.799999952316284,2.4623336791992188,2032297
2023-09-25,BOP,3.799999952316284,3.990000009536743,3.7799999713897705,3.940000057220459,2.553051471710205,3404560
2023-09-26,BOP,3.9100000858306885,3.9700000286102295,3.9000000953674316,3.940000057220459,2.553051471710205,1806109
2023-09-27,BOP,3.930000066757202,4.090000152587891,3.930000066757202,4.059999942779541,2.6308090686798096,6308530
2023-09-28,BOP,4.059999942779541,4.059999942779541,4.059999942779541,4.059999942779541,2.6308090686798096,0
2023-09-29,BOP,4.059999942779541,4.059999942779541,4.059999942779541,4.059999942779541,2.6308090686798096,0
2023-10-02,BOP,4.019999980926514,4.019999980926514,3.9000000953674316,3.950000047683716,2.5595309734344482,1241812
2023-10-03,BOP,3.990000009536743,3.990000009536743,3.9000000953674316,3.950000047683716,2.5595309734344482,620434
2023-10-04,BOP,3.9200000762939453,4.010000228881836,3.9200000762939453,4.0,2.5919301509857178,1976659
2023-10-05,BOP,4.0,4.039999961853027,3.9600000381469727,4.0,2.5919301509857178,2136592
2023-10-06,BOP,4.0,4.0,3.930000066757202,3.950000047683716,2.5595309734344482,938850
2023-10-09,BOP,3.930000066757202,3.9600000381469727,3.9000000953674316,3.9200000762939453,2.5400917530059814,1793766
2023-10-10,BOP,3.9600000381469727,4.0,3.9200000762939453,3.950000047683716,2.5595309734344482,1865544
2023-10-11,BOP,3.990000009536743,4.0,3.9100000858306885,3.990000009536743,2.5854504108428955,3039713
2023-10-12,BOP,3.990000009536743,4.019999980926514,3.9200000762939453,3.940000057220459,2.553051471710205,1368047
2023-10-13,BOP,3.990000009536743,4.070000171661377,3.940000057220459,4.010000228881836,2.598410129547119,4394176
2023-10-16,BOP,4.010000228881836,4.119999885559082,3.9800000190734863,4.090000152587891,2.6502485275268555,4515568
2023-10-17,BOP,4.150000095367432,4.150000095367432,4.019999980926514,4.03000020980835,2.6113698482513428,2761677
2023-10-18,BOP,4.050000190734863,4.090000152587891,4.0,4.010000228881836,2.598410129547119,902245
2023-10-19,BOP,4.0,4.050000190734863,3.9800000190734863,4.03000020980835,2.6113698482513428,2749007
2023-10-20,BOP,4.010000228881836,4.349999904632568,4.010000228881836,4.260000228881836,2.7604057788848877,12806109
2023-10-23,BOP,4.269999980926514,4.349999904632568,4.150000095367432,4.170000076293945,2.702087163925171,3623240
2023-10-24,BOP,4.269999980926514,4.269999980926514,4.099999904632568,4.150000095367432,2.6891274452209473,2051964
2023-10-25,BOP,4.190000057220459,4.550000190734863,4.119999885559082,4.360000133514404,2.8252036571502686,22478548
2023-10-26,BOP,4.360000133514404,4.949999809265137,4.360000133514404,4.829999923706055,3.129755735397339,46166578
2023-10-27,BOP,4.849999904632568,4.900000095367432,4.550000190734863,4.619999885559082,2.9936792850494385,17040457
2023-10-30,BOP,4.300000190734863,4.300000190734863,4.050000190734863,4.139999866485596,2.682647705078125,20348145
2023-10-31,BOP,4.21999979019165,4.269999980926514,4.179999828338623,4.210000038146973,2.728006362915039,7024622
2023-11-01,BOP,4.239999771118164,4.349999904632568,4.199999809265137,4.320000171661377,2.7992846965789795,8710346
2023-11-02,BOP,4.320000171661377,4.369999885559082,4.239999771118164,4.25,2.7539255619049072,3145740
2023-11-03,BOP,4.260000228881836,4.449999809265137,4.25,4.320000171661377,2.7992846965789795,4603989
2023-11-06,BOP,4.369999885559082,4.440000057220459,4.329999923706055,4.409999847412109,2.857602834701538,2720562
2023-11-07,BOP,4.460000038146973,4.539999961853027,4.349999904632568,4.369999885559082,2.831683397293091,4587937
2023-11-08,BOP,4.369999885559082,4.400000095367432,4.269999980926514,4.369999885559082,2.831683397293091,4032355
2023-11-09,BOP,4.369999885559082,4.369999885559082,4.369999885559082,4.369999885559082,2.831683397293091,0
2023-11-10,BOP,4.380000114440918,4.53000020980835,4.300000190734863,4.449999809265137,2.8835222721099854,5549163
2023-11-13,BOP,4.449999809265137,4.550000190734863,4.440000057220459,4.460000038146973,2.8900020122528076,3820262
2023-11-14,BOP,4.5,4.5,4.300000190734863,4.440000057220459,2.877042293548584,2789812
2023-11-15,BOP,4.449999809265137,4.449999809265137,4.320000171661377,4.360000133514404,2.8252036571502686,5798539
2023-11-16,BOP,4.400000095367432,4.440000057220459,4.28000020980835,4.369999885559082,2.831683397293091,13726785
2023-11-17,BOP,4.429999828338623,4.449999809265137,4.309999942779541,4.340000152587891,2.812244176864624,6190549
2023-11-20,BOP,4.400000095367432,4.559999942779541,4.320000171661377,4.489999771118164,2.9094414710998535,12369382
2023-11-21,BOP,4.510000228881836,4.840000152587891,4.480000019073486,4.690000057220459,3.0390381813049316,30505048
2023-11-22,BOP,4.789999961853027,4.800000190734863,4.699999809265137,4.730000019073486,3.064957618713379,8665984
2023-11-23,BOP,4.710000038146973,4.900000095367432,4.690000057220459,4.849999904632568,3.1427152156829834,11726042
2023-11-24,BOP,4.800000190734863,5.050000190734863,4.800000190734863,4.920000076293945,3.1880738735198975,13552909
2023-11-27,BOP,5.0,5.119999885559082,4.920000076293945,5.039999961853027,3.265831708908081,13103901
2023-11-28,BOP,5.039999961853027,5.489999771118164,4.980000019073486,5.449999809265137,3.5315043926239014,44327667
2023-11-29,BOP,5.610000133514404,5.96999979019165,5.559999942779541,5.610000133514404,3.6351821422576904,50052966
2023-11-30,BOP,5.690000057220459,5.75,5.389999866485596,5.420000076293945,3.5120656490325928,16209942
2023-12-01,BOP,5.210000038146973,5.409999847412109,5.210000038146973,5.340000152587891,3.4602267742156982,9549412
2023-12-04,BOP,5.420000076293945,5.460000038146973,5.28000020980835,5.300000190734863,3.43430757522583,10402614
2023-12-05,BOP,5.309999942779541,5.400000095367432,5.28000020980835,5.360000133514404,3.473186492919922,8451891
2023-12-06,BOP,5.400000095367432,5.630000114440918,5.300000190734863,5.539999961853027,3.589823007583618,14036658
2023-12-07,BOP,5.599999904632568,5.679999828338623,5.400000095367432,5.429999828338623,3.518545150756836,28099179
2023-12-08,BOP,5.489999771118164,5.78000020980835,5.460000038146973,5.670000076293945,3.674060821533203,32876325
2023-12-11,BOP,5.699999809265137,5.800000190734863,5.599999904632568,5.630000114440918,3.648141860961914,16095264
2023-12-12,BOP,5.730000019073486,6.199999809265137,5.650000095367432,6.050000190734863,3.9202945232391357,55376434
2023-12-13,BOP,6.179999828338623,6.699999809265137,6.019999980926514,6.289999961853027,4.075809955596924,106283289
2023-12-14,BOP,6.230000019073486,7.079999923706055,6.230000019073486,6.96999979019165,4.5164384841918945,89773616
2023-12-15,BOP,7.190000057220459,7.650000095367432,7.039999961853027,7.519999980926514,4.872828483581543,112610953
2023-12-18,BOP,7.989999771118164,8.199999809265137,7.360000133514404,7.570000171661377,4.9052276611328125,91711580
2023-12-19,BOP,7.550000190734863,7.550000190734863,6.570000171661377,6.71999979019165,4.354442596435547,118013188
2023-12-20,BOP,6.550000190734863,6.900000095367432,5.809999942779541,6.539999961853027,4.237805366516113,53704668
2023-12-21,BOP,6.599999904632568,7.0,6.510000228881836,6.949999809265137,4.503478527069092,32840152
2023-12-22,BOP,7.090000152587891,7.159999847412109,6.570000171661377,6.630000114440918,4.29612398147583,18932017
2023-12-25,BOP,6.630000114440918,6.630000114440918,6.630000114440918,6.630000114440918,4.29612398147583,0
2023-12-26,BOP,6.590000152587891,6.599999904632568,5.630000114440918,5.71999979019165,3.7064599990844727,41014387
2023-12-27,BOP,5.539999961853027,6.369999885559082,5.539999961853027,6.309999942779541,4.088769435882568,36146700
2023-12-28,BOP,6.389999866485596,6.639999866485596,6.320000171661377,6.389999866485596,4.140608310699463,22478844
2023-12-29,BOP,6.400000095367432,6.53000020980835,6.25,6.480000019073486,4.19892692565918,13593767
2024-01-01,BOP,6.480000019073486,6.989999771118164,6.480000019073486,6.940000057220459,4.496998310089111,32263113
2024-01-02,BOP,6.949999809265137,7.309999942779541,6.659999847412109,6.880000114440918,4.458119869232178,34951735
2024-01-03,BOP,6.889999866485596,7.179999828338623,6.809999942779541,6.96999979019165,4.5164384841918945,29654166
2024-01-04,BOP,6.929999828338623,7.079999923706055,6.849999904632568,6.989999771118164,4.529397964477539,19261224
2024-01-05,BOP,7.010000228881836,7.190000057220459,6.599999904632568,6.920000076293945,4.484039306640625,28423802
2024-01-08,BOP,6.949999809265137,7.03000020980835,6.699999809265137,6.75,4.373881816864014,10728003
2024-01-09,BOP,6.989999771118164,6.989999771118164,6.400000095367432,6.53000020980835,4.231326103210449,16830685
2024-01-10,BOP,6.579999923706055,6.650000095367432,6.400000095367432,6.510000228881836,4.2183661460876465,10299362
2024-01-11,BOP,6.480000019073486,6.690000057220459,6.480000019073486,6.619999885559082,4.289644241333008,6248487
2024-01-12,BOP,6.650000095367432,6.789999961853027,6.460000038146973,6.539999961853027,4.237805366516113,11128476
2024-01-15,BOP,6.579999923706055,6.679999828338623,6.460000038146973,6.480000019073486,4.19892692565918,10068627
2024-01-16,BOP,6.420000076293945,6.550000190734863,6.21999979019165,6.449999809265137,4.179487228393555,8838046
2024-01-17,BOP,6.360000133514404,6.5,6.320000171661377,6.400000095367432,4.147088527679443,6534948
2024-01-18,BOP,6.300000190734863,6.429999828338623,5.949999809265137,6.21999979019165,4.03045129776001,18468448
2024-01-19,BOP,6.21999979019165,6.389999866485596,6.199999809265137,6.269999980926514,4.062850475311279,3123509
2024-01-22,BOP,6.269999980926514,6.329999923706055,6.199999809265137,6.260000228881836,4.056370735168457,3684324
2024-01-23,BOP,6.269999980926514,6.460000038146973,6.21999979019165,6.440000057220459,4.173007965087891,3261417
2024-01-24,BOP,6.5,6.570000171661377,6.360000133514404,6.409999847412109,4.153567790985107,10471711
2024-01-25,BOP,6.420000076293945,6.5,6.269999980926514,6.300000190734863,4.082289695739746,7930191
2024-01-26,BOP,6.300000190734863,6.349999904632568,6.119999885559082,6.170000076293945,3.9980523586273193,6924189
2024-01-29,BOP,6.199999809265137,6.25,6.010000228881836,6.03000020980835,3.907334804534912,5029530
2024-01-30,BOP,6.090000152587891,6.099999904632568,5.699999809265137,5.800000190734863,3.758298635482788,15921977
2024-01-31,BOP,5.800000190734863,6.260000228881836,5.71999979019165,6.199999809265137,4.017491817474365,20853316
2024-02-01,BOP,6.230000019073486,6.389999866485596,6.070000171661377,6.230000019073486,4.036931037902832,11856210
2024-02-02,BOP,6.199999809265137,6.389999866485596,6.190000057220459,6.21999979019165,4.03045129776001,4203295
2024-02-06,BOP,6.269999980926514,6.369999885559082,6.269999980926514,6.349999904632568,4.114688873291016,5861770
2024-02-07,BOP,6.409999847412109,6.480000019073486,6.289999961853027,6.409999847412109,4.153567790985107,5658230
2024-02-08,BOP,6.409999847412109,6.409999847412109,6.409999847412109,6.409999847412109,4.153567790985107,0
2024-02-09,BOP,6.25,6.25,5.800000190734863,6.039999961853027,3.9138145446777344,5904364
2024-02-12,BOP,6.0,6.170000076293945,5.800000190734863,6.079999923706055,3.9397335052490234,11127312
2024-02-13,BOP,6.0,6.429999828338623,5.920000076293945,6.179999828338623,4.0045318603515625,12529415
2024-02-14,BOP,6.340000152587891,6.420000076293945,6.260000228881836,6.369999885559082,4.12764835357666,8564843
2024-02-15,BOP,6.389999866485596,6.449999809265137,5.989999771118164,6.03000020980835,3.907334804534912,14408647
2024-02-16,BOP,6.010000228881836,6.059999942779541,5.840000152587891,5.880000114440918,3.8101372718811035,11684920
2024-02-19,BOP,5.989999771118164,6.059999942779541,5.820000171661377,6.019999980926514,3.9008543491363525,7445620
2024-02-20,BOP,6.099999904632568,6.75,5.860000133514404,6.269999980926514,4.062850475311279,117022297
2024-02-21,BOP,6.440000057220459,6.5,6.090000152587891,6.239999771118164,4.043410778045654,35437903
2024-02-22,BOP,6.289999961853027,6.289999961853027,6.159999847412109,6.199999809265137,4.017491817474365,7235137
2024-02-23,BOP,6.179999828338623,6.320000171661377,6.119999885559082,6.239999771118164,4.043410778045654,12235161
2024-02-26,BOP,6.239999771118164,6.329999923706055,6.21999979019165,6.25,4.049890995025635,5948354
2024-02-27,BOP,6.25,6.46999979019165,6.190000057220459,6.269999980926514,4.062850475311279,47571335
2024-02-28,BOP,6.28000020980835,6.380000114440918,6.239999771118164,6.269999980926514,4.062850475311279,8362283
2024-02-29,BOP,6.28000020980835,6.349999904632568,6.25,6.269999980926514,4.062850475311279,6121004
2024-03-01,BOP,6.309999942779541,6.360000133514404,6.230000019073486,6.320000171661377,4.095249652862549,8336479
2024-03-04,BOP,6.360000133514404,6.449999809265137,6.260000228881836,6.320000171661377,4.095249652862549,12040373
2024-03-05,BOP,6.380000114440918,6.380000114440918,6.179999828338623,6.199999809265137,4.017491817474365,8576025
2024-03-06,BOP,6.210000038146973,6.28000020980835,6.150000095367432,6.159999847412109,3.991572380065918,10161968
2024-03-07,BOP,6.199999809265137,6.25,6.090000152587891,6.150000095367432,3.9850926399230957,11080427
2024-03-08,BOP,6.119999885559082,6.269999980926514,6.119999885559082,6.190000057220459,4.011011600494385,6160551
2024-03-11,BOP,6.130000114440918,6.380000114440918,6.130000114440918,6.21999979019165,4.03045129776001,9495698
2024-03-12,BOP,6.289999961853027,6.300000190734863,6.150000095367432,6.170000076293945,3.9980523586273193,5020932
2024-03-13,BOP,6.199999809265137,6.269999980926514,5.96999979019165,6.019999980926514,3.9008543491363525,18744663
2024-03-14,BOP,6.039999961853027,6.210000038146973,6.039999961853027,6.179999828338623,4.0045318603515625,9734917
2024-03-15,BOP,6.199999809265137,6.269999980926514,6.130000114440918,6.21999979019165,4.03045129776001,9033178
2024-03-18,BOP,6.21999979019165,6.260000228881836,6.150000095367432,6.230000019073486,4.036931037902832,7545903
2024-03-19,BOP,6.190000057220459,6.230000019073486,6.050000190734863,6.139999866485596,3.9786126613616943,17912724
2024-03-20,BOP,5.360000133514404,5.360000133514404,5.190000057220459,5.28000020980835,4.086979389190674,45010786
2024-03-21,BOP,5.400000095367432,5.619999885559082,5.349999904632568,5.440000057220459,4.210827350616455,29102209
2024-03-22,BOP,5.489999771118164,5.550000190734863,5.190000057220459,5.429999828338623,4.203086853027344,8281048
2024-03-26,BOP,5.340000152587891,5.449999809265137,5.300000190734863,5.349999904632568,4.141163349151611,3425397
2024-03-27,BOP,5.349999904632568,5.5,5.199999809265137,5.360000133514404,4.148903846740723,6268578
2024-03-28,BOP,5.320000171661377,5.420000076293945,5.309999942779541,5.340000152587891,4.1334228515625,5000978
2024-03-29,BOP,5.400000095367432,5.400000095367432,5.309999942779541,5.340000152587891,4.1334228515625,3056257
2024-04-01,BOP,5.349999904632568,5.440000057220459,5.289999961853027,5.309999942779541,4.110201358795166,2340701
2024-04-02,BOP,5.349999904632568,5.349999904632568,5.190000057220459,5.239999771118164,4.056017875671387,5487193
2024-04-03,BOP,5.260000228881836,5.329999923706055,5.239999771118164,5.28000020980835,4.086979389190674,4565990
2024-04-04,BOP,5.300000190734863,5.440000057220459,5.289999961853027,5.349999904632568,4.141163349151611,8316403
2024-04-08,BOP,5.349999904632568,5.409999847412109,5.300000190734863,5.400000095367432,4.17986536026001,3207757
2024-04-09,BOP,5.360000133514404,5.53000020980835,5.360000133514404,5.46999979019165,4.234049320220947,8207555
2024-04-15,BOP,5.5,5.679999828338623,5.369999885559082,5.590000152587891,4.326934814453125,14072774
2024-04-16,BOP,5.71999979019165,5.769999980926514,5.650000095367432,5.670000076293945,4.388858795166016,11557018
2024-04-17,BOP,5.599999904632568,5.789999961853027,5.5,5.690000057220459,4.4043402671813965,9423506
2024-04-18,BOP,5.699999809265137,5.769999980926514,5.559999942779541,5.590000152587891,4.326934814453125,11267977
2024-04-19,BOP,5.650000095367432,5.730000019073486,5.389999866485596,5.460000038146973,4.226308345794678,21408159
2024-04-22,BOP,5.53000020980835,5.650000095367432,5.380000114440918,5.440000057220459,4.210827350616455,20540084
2024-04-23,BOP,5.5,5.510000228881836,5.349999904632568,5.360000133514404,4.148903846740723,5611939
2024-04-24,BOP,5.440000057220459,5.480000019073486,5.25,5.300000190734863,4.102460861206055,11249579
2024-04-25,BOP,5.380000114440918,5.380000114440918,5.239999771118164,5.289999961853027,4.094720363616943,10396140
2024-04-26,BOP,5.309999942779541,5.5,5.25,5.269999980926514,4.0792388916015625,13428775
2024-04-29,BOP,5.28000020980835,5.309999942779541,5.150000095367432,5.179999828338623,4.009574890136719,8563701
2024-04-30,BOP,5.380000114440918,5.380000114440918,5.059999942779541,5.099999904632568,3.94765043258667,7936919
2024-05-02,BOP,5.0,5.119999885559082,4.869999885559082,4.900000095367432,3.7928411960601807,20168992
2024-05-03,BOP,4.949999809265137,5.070000171661377,4.940000057220459,5.010000228881836,3.8779866695404053,6231873
2024-05-06,BOP,5.050000190734863,5.050000190734863,4.980000019073486,5.0,3.870246171951294,4848114
2024-05-07,BOP,5.110000133514404,5.110000133514404,4.96999979019165,4.989999771118164,3.8625051975250244,3243941
2024-05-08,BOP,5.0,5.050000190734863,4.909999847412109,4.929999828338623,3.8160624504089355,4340483
2024-05-09,BOP,4.980000019073486,5.079999923706055,4.940000057220459,5.010000228881836,3.8779866695404053,5777825
2024-05-10,BOP,5.0,5.059999942779541,4.960000038146973,4.989999771118164,3.8625051975250244,2937556
2024-05-13,BOP,5.0,5.110000133514404,4.96999979019165,5.050000190734863,3.9089484214782715,6953515
2024-05-14,BOP,5.079999923706055,5.239999771118164,5.059999942779541,5.110000133514404,3.9553914070129395,4422084
2024-05-15,BOP,5.170000076293945,5.170000076293945,5.059999942779541,5.130000114440918,3.970872640609741,3799100
2024-05-16,BOP,5.130000114440918,5.150000095367432,5.050000190734863,5.070000171661377,3.9244298934936523,1718749
2024-05-17,BOP,5.099999904632568,5.21999979019165,5.0,5.159999847412109,3.994093656539917,5272771
2024-05-20,BOP,5.150000095367432,5.199999809265137,5.019999980926514,5.059999942779541,3.916688919067383,3419162
2024-05-21,BOP,5.059999942779541,5.079999923706055,4.989999771118164,5.0,3.870246171951294,3855589
2024-05-22,BOP,5.010000228881836,5.079999923706055,4.920000076293945,4.949999809265137,3.831543445587158,7828131
2024-05-23,BOP,5.0,5.0,4.920000076293945,4.980000019073486,3.8547651767730713,5508421
2024-05-24,BOP,4.920000076293945,5.050000190734863,4.920000076293945,5.010000228881836,3.8779866695404053,3906368
2024-05-27,BOP,5.019999980926514,5.079999923706055,4.860000133514404,4.909999847412109,3.800581455230713,8008934
2024-05-28,BOP,4.909999847412109,4.909999847412109,4.909999847412109,4.909999847412109,3.800581455230713,0
2024-05-29,BOP,4.96999979019165,4.96999979019165,4.869999885559082,4.909999847412109,3.800581455230713,6466817
2024-05-30,BOP,4.989999771118164,4.989999771118164,4.869999885559082,4.909999847412109,3.800581455230713,2593579
2024-05-31,BOP,4.920000076293945,4.96999979019165,4.849999904632568,4.880000114440918,3.777359962463379,4778029
2024-06-03,BOP,4.940000057220459,4.96999979019165,4.880000114440918,4.920000076293945,3.808321952819824,1386929
2024-06-04,BOP,4.909999847412109,4.920000076293945,4.829999923706055,4.869999885559082,3.7696192264556885,3295795
2024-06-05,BOP,4.920000076293945,4.920000076293945,4.829999923706055,4.840000152587891,3.746398448944092,1322065
2024-06-06,BOP,4.849999904632568,4.889999866485596,4.730000019073486,4.75,3.6767337322235107,5353917
2024-06-07,BOP,4.75,4.800000190734863,4.590000152587891,4.690000057220459,3.6302907466888428,10547974
2024-06-10,BOP,4.699999809265137,4.789999961853027,4.679999828338623,4.71999979019165,3.6535120010375977,741139
2024-06-11,BOP,4.730000019073486,4.78000020980835,4.599999904632568,4.630000114440918,3.583847761154175,2354681
2024-06-12,BOP,4.610000133514404,4.679999828338623,4.590000152587891,4.639999866485596,3.591588020324707,1382998
2024-06-13,BOP,4.650000095367432,4.849999904632568,4.650000095367432,4.78000020980835,3.699955463409424,3532671
2024-06-14,BOP,4.849999904632568,4.849999904632568,4.710000038146973,4.829999923706055,3.7386577129364014,1981190
2024-06-20,BOP,4.880000114440918,5.090000152587891,4.829999923706055,5.019999980926514,3.8857266902923584,20657396
2024-06-21,BOP,5.059999942779541,5.139999866485596,4.920000076293945,4.96999979019165,3.8470242023468018,7768926
2024-06-24,BOP,4.949999809265137,5.0,4.880000114440918,4.929999828338623,3.8160624504089355,10443245
2024-06-25,BOP,4.960000038146973,4.960000038146973,4.820000171661377,4.840000152587891,3.746398448944092,2281918
2024-06-26,BOP,4.829999923706055,4.880000114440918,4.71999979019165,4.730000019073486,3.661252737045288,7351307
2024-06-27,BOP,4.730000019073486,4.78000020980835,4.71999979019165,4.730000019073486,3.661252737045288,3880923
2024-06-28,BOP,4.769999980926514,4.989999771118164,4.75,4.869999885559082,3.7696192264556885,5797301
2024-07-01,BOP,4.929999828338623,4.929999828338623,4.840000152587891,4.869999885559082,3.7696192264556885,1956302
2024-07-02,BOP,4.869999885559082,5.090000152587891,4.829999923706055,5.03000020980835,3.893467664718628,11064446
2024-07-03,BOP,5.059999942779541,5.440000057220459,5.059999942779541,5.400000095367432,4.17986536026001,31468760
2024-07-04,BOP,5.510000228881836,5.650000095367432,5.329999923706055,5.53000020980835,4.280492305755615,29276220
2024-07-05,BOP,5.659999847412109,5.769999980926514,5.5,5.699999809265137,4.41208028793335,34409587
2024-07-08,BOP,5.699999809265137,5.849999904632568,5.590000152587891,5.789999961853027,4.481744766235352,17587329
2024-07-09,BOP,5.849999904632568,6.099999904632568,5.710000038146973,5.929999828338623,4.59011173248291,43339979
2024-07-10,BOP,6.0,6.0,5.710000038146973,5.739999771118164,4.443041801452637,16102902
2024-07-11,BOP,5.710000038146973,5.829999923706055,5.610000133514404,5.690000057220459,4.4043402671813965,7219643
2024-07-12,BOP,5.75,5.760000228881836,5.429999828338623,5.610000133514404,4.342415809631348,7095310
2024-07-15,BOP,5.690000057220459,5.75,5.519999980926514,5.630000114440918,4.3578972816467285,7402428
2024-07-16,BOP,5.630000114440918,5.630000114440918,5.630000114440918,5.630000114440918,4.3578972816467285,0
2024-07-17,BOP,5.630000114440918,5.630000114440918,5.630000114440918,5.630000114440918,4.3578972816467285,0
2024-07-18,BOP,5.630000114440918,5.670000076293945,5.5,5.53000020980835,4.280492305755615,4229979
2024-07-19,BOP,5.5,5.559999942779541,5.349999904632568,5.380000114440918,4.164384841918945,3859518
2024-07-22,BOP,5.550000190734863,5.550000190734863,5.139999866485596,5.179999828338623,4.009574890136719,5385243
2024-07-23,BOP,5.210000038146973,5.389999866485596,5.150000095367432,5.25,4.063758373260498,3053493
2024-07-24,BOP,5.269999980926514,5.389999866485596,5.210000038146973,5.300000190734863,4.102460861206055,4074818
2024-07-25,BOP,5.340000152587891,5.369999885559082,5.150000095367432,5.179999828338623,4.009574890136719,3335884
2024-07-26,BOP,5.179999828338623,5.199999809265137,5.099999904632568,5.119999885559082,3.96313214302063,3799117
2024-07-29,BOP,5.199999809265137,5.199999809265137,5.119999885559082,5.150000095367432,3.9863531589508057,1644574
2024-07-30,BOP,5.159999847412109,5.239999771118164,5.139999866485596,5.170000076293945,4.001834392547607,1277380
2024-07-31,BOP,5.210000038146973,5.210000038146973,5.070000171661377,5.110000133514404,3.9553914070129395,1438500
2024-08-01,BOP,5.110000133514404,5.150000095367432,5.059999942779541,5.110000133514404,3.9553914070129395,1619389
2024-08-02,BOP,5.099999904632568,5.179999828338623,5.070000171661377,5.110000133514404,3.9553914070129395,2224366
2024-08-05,BOP,5.099999904632568,5.150000095367432,5.010000228881836,5.059999942779541,3.916688919067383,2843925
2024-08-06,BOP,5.159999847412109,5.159999847412109,5.0,5.010000228881836,3.8779866695404053,3459201
2024-08-07,BOP,5.079999923706055,5.079999923706055,5.0,5.010000228881836,3.8779866695404053,2975191
2024-08-08,BOP,5.03000020980835,5.059999942779541,4.96999979019165,5.010000228881836,3.8779866695404053,2875842
2024-08-09,BOP,5.019999980926514,5.059999942779541,4.980000019073486,5.03000020980835,3.893467664718628,1004372
2024-08-12,BOP,5.03000020980835,5.199999809265137,4.980000019073486,5.099999904632568,3.94765043258667,3992201
2024-08-13,BOP,5.179999828338623,5.190000057220459,5.059999942779541,5.130000114440918,3.970872640609741,1577106
2024-08-15,BOP,5.190000057220459,5.190000057220459,5.019999980926514,5.110000133514404,3.9553914070129395,1666565
2024-08-16,BOP,5.03000020980835,5.199999809265137,5.0,5.019999980926514,3.8857266902923584,3832555
2024-08-19,BOP,5.050000190734863,5.150000095367432,5.010000228881836,5.019999980926514,3.8857266902923584,2087153
2024-08-20,BOP,5.150000095367432,5.150000095367432,5.010000228881836,5.099999904632568,3.94765043258667,1595497
2024-08-21,BOP,5.150000095367432,5.260000228881836,5.130000114440918,5.230000019073486,4.048277378082275,4028535
2024-08-22,BOP,5.289999961853027,5.349999904632568,5.150000095367432,5.320000171661377,4.117941856384277,3133500
2024-08-23,BOP,5.349999904632568,5.550000190734863,5.349999904632568,5.460000038146973,4.226308345794678,10495033
2024-08-26,BOP,5.599999904632568,5.599999904632568,5.25,5.289999961853027,4.094720363616943,4214902
2024-08-27,BOP,5.340000152587891,5.369999885559082,5.260000228881836,5.289999961853027,4.094720363616943,3982123
2024-08-28,BOP,5.309999942779541,5.349999904632568,5.269999980926514,5.340000152587891,4.1334228515625,3733701
2024-08-29,BOP,5.369999885559082,5.369999885559082,5.050000190734863,5.139999866485596,3.9786126613616943,11903975
2024-08-30,BOP,5.190000057220459,5.239999771118164,5.079999923706055,5.099999904632568,3.94765043258667,4956876
2024-09-02,BOP,5.110000133514404,5.139999866485596,5.059999942779541,5.070000171661377,3.9244298934936523,3342399
2024-09-03,BOP,5.070000171661377,5.119999885559082,5.050000190734863,5.099999904632568,3.94765043258667,962842
2024-09-04,BOP,5.150000095367432,5.150000095367432,5.03000020980835,5.119999885559082,3.96313214302063,2085919
2024-09-05,BOP,5.130000114440918,5.239999771118164,5.059999942779541,5.070000171661377,3.9244298934936523,3871838
2024-09-06,BOP,5.130000114440918,5.179999828338623,5.070000171661377,5.099999904632568,3.94765043258667,4816352
2024-09-09,BOP,5.099999904632568,5.139999866485596,5.070000171661377,5.099999904632568,3.94765043258667,2905448
2024-09-10,BOP,5.070000171661377,5.210000038146973,5.03000020980835,5.090000152587891,3.939910411834717,1798519
2024-09-11,BOP,5.070000171661377,5.099999904632568,5.010000228881836,5.039999961853027,3.90120792388916,5750794
2024-09-12,BOP,5.070000171661377,5.099999904632568,5.019999980926514,5.059999942779541,3.916688919067383,4791938
2024-09-13,BOP,5.090000152587891,5.170000076293945,5.019999980926514,5.039999961853027,3.90120792388916,3171749
2024-09-16,BOP,5.03000020980835,5.099999904632568,5.010000228881836,5.03000020980835,3.893467664718628,1540942
2024-09-17,BOP,5.03000020980835,5.03000020980835,5.03000020980835,5.03000020980835,3.893467664718628,0
2024-09-18,BOP,5.079999923706055,5.119999885559082,4.900000095367432,4.980000019073486,3.8547651767730713,9432536
2024-09-19,BOP,4.980000019073486,5.050000190734863,4.96999979019165,5.03000020980835,3.893467664718628,2360363
2024-09-20,BOP,5.0,5.199999809265137,4.96999979019165,5.150000095367432,3.9863531589508057,6625110
2024-09-23,BOP,5.190000057220459,5.190000057220459,5.0,5.050000190734863,3.9089484214782715,2672155
2024-09-24,BOP,5.050000190734863,5.139999866485596,4.920000076293945,4.980000019073486,3.8547651767730713,4033903
2024-09-25,BOP,5.070000171661377,5.150000095367432,5.010000228881836,5.03000020980835,3.893467664718628,2058857
2024-09-26,BOP,5.130000114440918,5.139999866485596,5.03000020980835,5.039999961853027,3.90120792388916,3090993
2024-09-27,BOP,5.110000133514404,5.139999866485596,5.010000228881836,5.03000020980835,3.893467664718628,3257056
2024-09-30,BOP,5.050000190734863,5.119999885559082,5.0,5.050000190734863,3.9089484214782715,2396215
2024-10-01,BOP,5.050000190734863,5.130000114440918,5.010000228881836,5.099999904632568,3.94765043258667,3632240
2024-10-02,BOP,5.099999904632568,5.139999866485596,5.03000020980835,5.050000190734863,3.9089484214782715,1877281
2024-10-03,BOP,5.059999942779541,5.099999904632568,5.03000020980835,5.059999942779541,3.916688919067383,1331313
2024-10-04,BOP,5.059999942779541,5.099999904632568,5.039999961853027,5.059999942779541,3.916688919067383,2010551
2024-10-07,BOP,5.099999904632568,5.239999771118164,5.019999980926514,5.199999809265137,4.025055885314941,4824057
2024-10-08,BOP,5.239999771118164,5.25,5.150000095367432,5.230000019073486,4.048277378082275,4124496
2024-10-09,BOP,5.230000019073486,5.230000019073486,5.230000019073486,5.230000019073486,4.048277378082275,0
2024-10-10,BOP,5.690000057220459,5.78000020980835,5.409999847412109,5.449999809265137,4.218567371368408,9397921
2024-10-11,BOP,5.449999809265137,5.519999980926514,5.329999923706055,5.480000019073486,4.241789817810059,4957275
2024-10-14,BOP,5.489999771118164,5.579999923706055,5.400000095367432,5.460000038146973,4.226308345794678,3645771
2024-10-15,BOP,5.550000190734863,5.550000190734863,5.400000095367432,5.440000057220459,4.210827350616455,2289102
2024-10-16,BOP,5.460000038146973,5.489999771118164,5.349999904632568,5.449999809265137,4.218567371368408,3383183
2024-10-17,BOP,5.380000114440918,5.5,5.380000114440918,5.420000076293945,4.195346832275391,8302255
2024-10-18,BOP,5.420000076293945,5.480000019073486,5.349999904632568,5.389999866485596,4.172124862670898,4479876
2024-10-21,BOP,5.380000114440918,5.5,5.380000114440918,5.409999847412109,4.187605857849121,8439608
2024-10-22,BOP,5.460000038146973,5.480000019073486,5.389999866485596,5.420000076293945,4.195346832275391,6549626
2024-10-23,BOP,5.400000095367432,5.5,5.369999885559082,5.389999866485596,4.172124862670898,2903203
2024-10-24,BOP,5.400000095367432,5.860000133514404,5.360000133514404,5.619999885559082,4.350156307220459,19980833
2024-10-25,BOP,5.699999809265137,5.760000228881836,5.5,5.53000020980835,4.280492305755615,9956410
2024-10-28,BOP,5.510000228881836,5.590000152587891,5.449999809265137,5.5,4.257270336151123,6118682
2024-10-29,BOP,5.510000228881836,5.610000133514404,5.510000228881836,5.53000020980835,4.280492305755615,10111221
2024-10-30,BOP,5.53000020980835,5.679999828338623,5.429999828338623,5.53000020980835,4.280492305755615,14016589
2024-10-31,BOP,5.599999904632568,5.949999809265137,5.599999904632568,5.820000171661377,4.504966735839844,42667349
2024-11-01,BOP,5.849999904632568,5.920000076293945,5.639999866485596,5.690000057220459,4.4043402671813965,10818766
2024-11-04,BOP,5.610000133514404,5.75,5.610000133514404,5.639999866485596,4.36563777923584,13582065
2024-11-05,BOP,5.610000133514404,5.71999979019165,5.559999942779541,5.639999866485596,4.36563777923584,15008895
2024-11-06,BOP,5.699999809265137,6.409999847412109,5.670000076293945,6.210000038146973,4.806845664978027,88684180
2024-11-07,BOP,6.300000190734863,6.679999828338623,6.300000190734863,6.570000171661377,5.085503578186035,62920538
2024-11-08,BOP,6.590000152587891,6.829999923706055,6.21999979019165,6.760000228881836,5.232572555541992,66481469
2024-11-11,BOP,6.980000019073486,6.980000019073486,6.639999866485596,6.699999809265137,5.186129570007324,30732112
2024-11-12,BOP,6.699999809265137,6.800000190734863,6.480000019073486,6.599999904632568,5.108724594116211,18433912
2024-11-13,BOP,6.510000228881836,6.71999979019165,6.510000228881836,6.670000076293945,5.16290807723999,11328169
2024-11-14,BOP,6.690000057220459,6.71999979019165,6.550000190734863,6.610000133514404,5.1164655685424805,9691130
2024-11-15,BOP,6.639999866485596,6.820000171661377,6.610000133514404,6.670000076293945,5.16290807723999,13863522
2024-11-18,BOP,6.670000076293945,6.769999980926514,6.599999904632568,6.690000057220459,5.178389072418213,7029839
2024-11-19,BOP,6.699999809265137,6.840000152587891,6.699999809265137,6.800000190734863,5.2635345458984375,10387663
2024-11-20,BOP,6.820000171661377,6.949999809265137,6.610000133514404,6.690000057220459,5.178389072418213,17692836
2024-11-21,BOP,6.690000057220459,6.760000228881836,6.639999866485596,6.679999828338623,5.170648097991943,9545990
2024-11-22,BOP,6.619999885559082,7.0,6.619999885559082,6.75,5.224832057952881,36573763
2024-11-25,BOP,6.75,6.989999771118164,6.630000114440918,6.809999942779541,5.271274566650391,20014784
2024-11-26,BOP,6.820000171661377,7.300000190734863,6.699999809265137,6.849999904632568,5.302237033843994,92023190
2024-11-27,BOP,7.190000057220459,7.849999904632568,7.050000190734863,7.849999904632568,6.0762858390808105,114966225
2024-11-28,BOP,8.25,8.850000381469727,8.180000305175781,8.850000381469727,6.850335597991943,179225089
2024-11-29,BOP,9.140000343322754,9.479999542236328,8.850000381469727,9.199999809265137,7.12125301361084,95056818
2024-12-02,BOP,9.390000343322754,9.399999618530273,8.800000190734863,9.010000228881836,6.974183559417725,61288845
2024-12-03,BOP,9.109999656677246,9.239999771118164,8.609999656677246,9.069999694824219,7.020625591278076,44018923
2024-12-04,BOP,9.020000457763672,9.270000457763672,8.899999618530273,9.09000015258789,7.036107540130615,32597839
2024-12-05,BOP,9.149999618530273,10.09000015258789,9.069999694824219,10.09000015258789,7.81015682220459,163462276
2024-12-06,BOP,10.34000015258789,11.029999732971191,10.140000343322754,10.84000015258789,8.390693664550781,115553351
2024-12-09,BOP,10.890000343322754,10.890000343322754,10.109999656677246,10.369999885559082,8.026890754699707,69102443
2024-12-10,BOP,10.600000381469727,10.600000381469727,9.420000076293945,9.960000038146973,7.709530353546143,50948552
2024-12-11,BOP,10.109999656677246,10.350000381469727,10.0,10.119999885559082,7.833377838134766,16697543
2024-12-12,BOP,10.149999618530273,10.399999618530273,10.079999923706055,10.34000015258789,8.003668785095215,28798668
2024-12-13,BOP,10.5,10.5,9.670000076293945,9.829999923706055,7.608903884887695,24572331
2024-12-16,BOP,9.989999771118164,9.989999771118164,9.369999885559082,9.510000228881836,7.361207962036133,30394814
2024-12-17,BOP,9.40999984741211,10.1899995803833,9.3100004196167,10.0600004196167,7.786935329437256,57202972
2024-12-18,BOP,10.050000190734863,10.600000381469727,9.84000015258789,10.170000076293945,7.872079849243164,60162802
2024-12-19,BOP,10.149999618530273,10.25,9.199999809265137,9.319999694824219,7.214138984680176,35598669
2024-12-20,BOP,9.289999961853027,9.649999618530273,8.75,9.539999961853027,7.384428977966309,29495012
2024-12-23,BOP,9.569999694824219,9.979999542236328,9.449999809265137,9.800000190734863,7.585682392120361,23134820
2024-12-24,BOP,9.890000343322754,9.989999771118164,9.40999984741211,9.479999542236328,7.337985992431641,14921808
2024-12-26,BOP,9.5,9.869999885559082,9.25,9.420000076293945,7.291543006896973,30318392
2024-12-27,BOP,9.5,9.59000015258789,9.420000076293945,9.479999542236328,7.337985992431641,18571374
2024-12-30,BOP,9.59000015258789,10.479999542236328,9.5600004196167,10.470000267028809,8.10429573059082,84182656
2024-12-31,BOP,10.489999771118164,10.9399995803833,10.289999961853027,10.8100004196167,8.367472648620605,63821141
2025-01-01,BOP,10.8100004196167,10.8100004196167,10.8100004196167,10.8100004196167,8.367472648620605,0
2025-01-02,BOP,11.079999923706055,11.180000305175781,10.75,10.819999694824219,8.375211715698242,37387280
2025-01-03,BOP,10.880000114440918,11.010000228881836,10.619999885559082,10.930000305175781,8.460357666015625,26761290
2025-01-06,BOP,10.930000305175781,11.0600004196167,10.59000015258789,10.670000076293945,8.25910472869873,15647585
2025-01-07,BOP,10.600000381469727,10.729999542236328,10.100000381469727,10.460000038146973,8.09655475616455,22768455
2025-01-08,BOP,10.520000457763672,10.6899995803833,10.180000305175781,10.25,7.934004306793213,19667050
2025-01-09,BOP,10.100000381469727,10.380000114440918,9.989999771118164,10.140000343322754,7.848859786987305,15645082
2025-01-10,BOP,10.260000228881836,10.34000015258789,9.899999618530273,10.09000015258789,7.81015682220459,10662317
2025-01-13,BOP,10.239999771118164,10.319999694824219,10.0600004196167,10.270000457763672,7.949486255645752,6522869
2025-01-14,BOP,10.4399995803833,10.6899995803833,10.180000305175781,10.489999771118164,8.119775772094727,14469918
2025-01-15,BOP,10.630000114440918,10.630000114440918,10.199999809265137,10.239999771118164,7.92626428604126,12518203
2025-01-16,BOP,10.220000267028809,10.350000381469727,10.100000381469727,10.149999618530273,7.856598854064941,7261790
2025-01-17,BOP,10.149999618530273,10.380000114440918,10.039999961853027,10.09000015258789,7.81015682220459,8266919
2025-01-20,BOP,10.199999809265137,10.220000267028809,9.949999809265137,9.970000267028809,7.717270374298096,11982340
2025-01-21,BOP,10.0,10.350000381469727,9.920000076293945,10.039999961853027,7.771453380584717,14838637
2025-01-22,BOP,10.020000457763672,10.130000114440918,9.75,9.8100004196167,7.593422889709473,11925251
2025-01-23,BOP,9.800000190734863,10.050000190734863,9.720000267028809,9.949999809265137,7.701789379119873,6936670
2025-01-24,BOP,9.949999809265137,10.350000381469727,9.949999809265137,10.210000038146973,7.903041839599609,11965191
2025-01-27,BOP,10.300000190734863,10.300000190734863,9.8100004196167,9.869999885559082,7.639864921569824,9284211
2025-01-28,BOP,9.800000190734863,9.979999542236328,9.65999984741211,9.770000457763672,7.562460899353027,6609632
2025-01-29,BOP,9.789999961853027,9.989999771118164,9.550000190734863,9.640000343322754,7.46183443069458,7281705
2025-01-30,BOP,9.75,9.960000038146973,9.649999618530273,9.869999885559082,7.639864921569824,7165472
2025-01-31,BOP,9.90999984741211,10.279999732971191,9.800000190734863,10.109999656677246,7.825636863708496,17876860
2025-02-03,BOP,10.149999618530273,10.529999732971191,10.0600004196167,10.229999542236328,7.91852331161499,24695262
2025-02-04,BOP,10.350000381469727,10.430000305175781,10.079999923706055,10.109999656677246,7.825636863708496,16293624
2025-02-06,BOP,10.100000381469727,10.239999771118164,9.829999923706055,9.930000305175781,7.686308860778809,17199644
2025-02-07,BOP,9.8100004196167,10.0,9.510000228881836,9.609999656677246,7.438612461090088,15157709
2025-02-10,BOP,9.609999656677246,10.449999809265137,9.609999656677246,10.279999732971191,7.957225322723389,55937922
2025-02-11,BOP,10.15999984741211,11.050000190734863,10.109999656677246,10.829999923706055,8.382952690124512,59148179
2025-02-12,BOP,11.0600004196167,11.90999984741211,11.029999732971191,11.90999984741211,9.218925476074219,195542381
2025-02-13,BOP,12.210000038146973,12.380000114440918,11.720000267028809,11.859999656677246,9.18022346496582,79317612
2025-02-14,BOP,11.850000381469727,11.899999618530273,10.90999984741211,11.100000381469727,8.591946601867676,70053321
2025-02-17,BOP,11.239999771118164,12.210000038146973,10.869999885559082,12.170000076293945,9.420178413391113,184433032
2025-02-18,BOP,12.510000228881836,13.390000343322754,12.420000076293945,13.229999542236328,10.240670204162598,200841500
2025-02-19,BOP,13.220000267028809,13.380000114440918,12.850000381469727,12.9399995803833,10.016196250915527,53761800
2025-02-20,BOP,12.850000381469727,13.199999809265137,12.760000228881836,12.829999923706055,9.931051254272461,33854156
2025-02-21,BOP,12.899999618530273,13.0600004196167,12.710000038146973,12.770000457763672,9.884608268737793,16328933
2025-02-24,BOP,12.850000381469727,12.850000381469727,12.529999732971191,12.699999809265137,9.830424308776855,13883910
2025-02-25,BOP,12.710000038146973,12.890000343322754,12.550000190734863,12.59000015258789,9.745279312133789,14884685
2025-02-26,BOP,12.600000381469727,12.949999809265137,12.470000267028809,12.760000228881836,9.876867294311523,14978954
2025-02-27,BOP,12.699999809265137,12.869999885559082,12.619999885559082,12.779999732971191,9.892349243164062,8445298
2025-02-28,BOP,12.720000267028809,12.850000381469727,12.600000381469727,12.6899995803833,9.822683334350586,13653131
2025-03-03,BOP,12.75,12.800000190734863,12.460000038146973,12.510000228881836,9.683355331420898,11550544
2025-03-04,BOP,12.550000190734863,12.649999618530273,12.449999809265137,12.5,9.675615310668945,7812230
2025-03-05,BOP,12.510000228881836,12.630000114440918,12.5,12.520000457763672,9.691097259521484,4069567
2025-03-06,BOP,12.579999923706055,12.899999618530273,12.550000190734863,12.8100004196167,9.915571212768555,13546949
2025-03-07,BOP,12.8100004196167,13.050000190734863,12.8100004196167,12.880000114440918,9.969754219055176,13082415
2025-03-10,BOP,12.880000114440918,13.25,12.880000114440918,13.119999885559082,10.155526161193848,19550989
2025-03-11,BOP,13.199999809265137,13.449999809265137,13.119999885559082,13.15999984741211,10.186487197875977,22122890
2025-03-12,BOP,13.239999771118164,13.289999961853027,12.989999771118164,13.09000015258789,10.132305145263672,14382419
2025-03-13,BOP,13.180000305175781,13.630000114440918,13.0,13.449999809265137,10.410962104797363,48802683
2025-03-14,BOP,13.550000190734863,13.600000381469727,13.020000457763672,13.09000015258789,10.132305145263672,36140223
2025-03-17,BOP,11.329999923706055,11.869999885559082,11.199999809265137,11.670000076293945,10.47333812713623,46581767
2025-03-18,BOP,11.800000190734863,12.039999961853027,11.670000076293945,11.819999694824219,10.607955932617188,36470727
2025-03-19,BOP,11.899999618530273,12.229999542236328,11.720000267028809,12.119999885559082,10.877193450927734,25111726
2025-03-20,BOP,12.210000038146973,12.329999923706055,11.569999694824219,11.630000114440918,10.437439918518066,45899654
2025-03-21,BOP,11.619999885559082,11.8100004196167,11.399999618530273,11.520000457763672,10.338719367980957,18341994
2025-03-24,BOP,11.5,11.600000381469727,11.300000190734863,11.350000381469727,10.186151504516602,6192531
2025-03-25,BOP,11.399999618530273,11.40999984741211,11.020000457763672,11.09000015258789,9.952812194824219,10207107
2025-03-26,BOP,11.210000038146973,11.279999732971191,10.899999618530273,10.979999542236328,9.854090690612793,16148304
2025-03-27,BOP,11.100000381469727,11.100000381469727,10.760000228881836,10.819999694824219,9.710497856140137,12408468
2025-03-28,BOP,10.819999694824219,10.819999694824219,10.819999694824219,10.819999694824219,9.710497856140137,0
2025-03-31,BOP,10.819999694824219,10.819999694824219,10.819999694824219,10.819999694824219,9.710497856140137,0
2025-04-03,BOP,10.920000076293945,11.180000305175781,10.8100004196167,11.050000190734863,9.916913986206055,14481408
2025-04-04,BOP,11.100000381469727,11.350000381469727,10.970000267028809,11.010000228881836,9.881014823913574,21774098
2025-04-07,BOP,10.869999885559082,10.869999885559082,9.90999984741211,10.390000343322754,9.324591636657715,34156511
2025-04-08,BOP,10.5,10.6899995803833,10.449999809265137,10.569999694824219,9.486133575439453,15984263
2025-04-09,BOP,10.600000381469727,10.600000381469727,10.329999923706055,10.369999885559082,9.306642532348633,11882507
2025-04-10,BOP,10.699999809265137,10.75,10.539999961853027,10.649999618530273,9.557929992675781,11517214
2025-04-11,BOP,10.649999618530273,11.359999656677246,10.510000228881836,11.180000305175781,10.033583641052246,33174212
2025-04-14,BOP,11.260000228881836,11.649999618530273,11.210000038146973,11.359999656677246,10.195124626159668,27341890
2025-04-15,BOP,11.399999618530273,11.699999809265137,11.100000381469727,11.170000076293945,10.024608612060547,20785866
2025-04-16,BOP,11.260000228881836,11.399999618530273,10.960000038146973,11.109999656677246,9.970760345458984,25483545
2025-04-17,BOP,11.149999618530273,11.449999809265137,11.09000015258789,11.260000228881836,10.105380058288574,23321095
2025-04-18,BOP,11.380000114440918,11.380000114440918,11.050000190734863,11.170000076293945,10.024608612060547,8925360
2025-04-21,BOP,11.180000305175781,11.5600004196167,11.029999732971191,11.420000076293945,10.24897289276123,42587808
2025-04-22,BOP,11.470000267028809,11.850000381469727,10.279999732971191,10.449999809265137,9.378437995910645,116690498
2025-04-23,BOP,10.0,10.4399995803833,9.90999984741211,10.039999961853027,9.010480880737305,58495594
2025-04-24,BOP,9.899999618530273,9.979999542236328,9.649999618530273,9.789999961853027,8.786116600036621,19027884
2025-04-25,BOP,9.800000190734863,9.9399995803833,9.470000267028809,9.710000038146973,8.714319229125977,19825526
2025-04-28,BOP,9.600000381469727,9.899999618530273,9.25,9.300000190734863,8.34636116027832,23705546
2025-04-29,BOP,9.25,9.539999961853027,9.050000190734863,9.479999542236328,8.507904052734375,11053553
2025-04-30,BOP,9.420000076293945,9.420000076293945,8.930000305175781,9.119999885559082,8.184819221496582,20001384
2025-05-02,BOP,9.5,9.75,9.25,9.6899995803833,8.696370124816895,20836529
2025-05-05,BOP,9.850000381469727,10.069999694824219,9.670000076293945,10.010000228881836,8.98355770111084,17036462
2025-05-06,BOP,10.069999694824219,10.069999694824219,9.75,9.789999961853027,8.786116600036621,7197925
2025-05-07,BOP,9.0,9.399999618530273,8.90999984741211,9.180000305175781,8.238666534423828,35773964
2025-05-08,BOP,9.25,9.420000076293945,8.180000305175781,8.680000305175781,7.789937973022461,26764712
2025-05-09,BOP,8.699999809265137,9.1899995803833,8.529999732971191,9.119999885559082,8.184819221496582,18310598
2025-05-12,BOP,10.119999885559082,10.119999885559082,9.930000305175781,10.119999885559082,9.082277297973633,30849662
2025-05-13,BOP,10.100000381469727,10.25,9.84000015258789,9.960000038146973,8.938684463500977,24175098
2025-05-14,BOP,10.0,10.100000381469727,9.699999809265137,9.90999984741211,8.893811225891113,16672255
2025-05-15,BOP,10.0,10.210000038146973,9.899999618530273,10.0600004196167,9.028429985046387,16957410
2025-05-16,BOP,10.0600004196167,10.149999618530273,9.930000305175781,9.970000267028809,8.94765853881836,8803557
2025-05-19,BOP,10.0,10.050000190734863,9.9399995803833,9.960000038146973,8.938684463500977,3882469
2025-05-20,BOP,10.050000190734863,10.050000190734863,9.829999923706055,9.84000015258789,8.830988883972168,7839309
2025-05-21,BOP,9.850000381469727,10.15999984741211,9.800000190734863,10.079999923706055,9.046379089355469,12589233
2025-05-22,BOP,10.119999885559082,10.199999809265137,9.970000267028809,10.0,8.97458267211914,7861070
2025-05-23,BOP,10.0600004196167,10.0600004196167,9.949999809265137,9.989999771118164,8.965607643127441,3963220
2025-05-26,BOP,9.989999771118164,10.020000457763672,9.880000114440918,9.90999984741211,8.893811225891113,5247439
2025-05-27,BOP,10.0,10.0,9.859999656677246,9.899999618530273,8.884836196899414,4900638
2025-05-28,BOP,9.899999618530273,9.899999618530273,9.899999618530273,9.899999618530273,8.884836196899414,0
2025-05-29,BOP,9.989999771118164,10.010000228881836,9.880000114440918,9.930000305175781,8.911760330200195,3867710
2025-05-30,BOP,9.979999542236328,10.100000381469727,9.890000343322754,9.949999809265137,8.929709434509277,8023025
2025-06-02,BOP,9.949999809265137,9.979999542236328,9.880000114440918,9.899999618530273,8.884836196899414,2243730
2025-06-03,BOP,9.899999618530273,10.050000190734863,9.84000015258789,9.979999542236328,8.956632614135742,8417440
2025-06-04,BOP,10.039999961853027,10.399999618530273,9.9399995803833,10.239999771118164,9.189972877502441,29339401
2025-06-05,BOP,10.399999618530273,10.5,10.229999542236328,10.260000228881836,9.207921981811523,24182352
2025-06-06,BOP,10.260000228881836,10.260000228881836,10.260000228881836,10.260000228881836,9.207921981811523,0
2025-06-09,BOP,10.260000228881836,10.260000228881836,10.260000228881836,10.260000228881836,9.207921981811523,0
2025-06-10,BOP,10.260000228881836,10.550000190734863,10.25,10.369999885559082,9.306642532348633,23691053
2025-06-11,BOP,10.399999618530273,10.59000015258789,10.279999732971191,10.34000015258789,9.279718399047852,21455217
2025-06-12,BOP,10.390000343322754,10.470000267028809,10.25,10.3100004196167,9.25279426574707,14803514
2025-06-13,BOP,10.109999656677246,10.199999809265137,9.90999984741211,10.050000190734863,9.019455909729004,27555139
2025-06-16,BOP,10.050000190734863,10.050000190734863,10.050000190734863,10.050000190734863,9.019455909729004,0
2025-06-17,BOP,9.989999771118164,10.239999771118164,9.949999809265137,10.1899995803833,9.145098686218262,8708025
2025-06-18,BOP,10.40999984741211,10.4399995803833,10.180000305175781,10.210000038146973,9.16304874420166,9133845
2025-06-19,BOP,10.220000267028809,10.470000267028809,10.109999656677246,10.199999809265137,9.154073715209961,6920787
2025-06-20,BOP,10.390000343322754,10.390000343322754,10.0600004196167,10.130000114440918,9.091252326965332,4407617
2025-06-23,BOP,9.800000190734863,10.0,9.710000038146973,9.770000457763672,8.768167495727539,13746025
2025-06-24,BOP,10.100000381469727,10.399999618530273,10.010000228881836,10.229999542236328,9.180997848510742,16176155
2025-06-25,BOP,10.289999961853027,10.390000343322754,10.119999885559082,10.34000015258789,9.279718399047852,15449535
2025-06-26,BOP,10.270000457763672,10.420000076293945,10.100000381469727,10.180000305175781,9.136125564575195,7281096
2025-06-27,BOP,10.279999732971191,10.3100004196167,10.130000114440918,10.220000267028809,9.172022819519043,12401408
2025-06-30,BOP,10.279999732971191,10.470000267028809,10.1899995803833,10.350000381469727,9.28869342803955,31166339
2025-07-01,BOP,10.449999809265137,10.989999771118164,10.390000343322754,10.920000076293945,9.800244331359863,73831173
2025-07-02,BOP,11.100000381469727,11.699999809265137,11.09000015258789,11.539999961853027,10.356668472290039,89532118
2025-07-03,BOP,11.800000190734863,11.800000190734863,11.319999694824219,11.520000457763672,10.338719367980957,35061211
2025-07-04,BOP,11.5,11.739999771118164,11.359999656677246,11.65999984741211,10.464363098144531,17547639
2025-07-07,BOP,11.819999694824219,12.119999885559082,11.65999984741211,11.869999885559082,10.65282917022705,42510708
2025-07-08,BOP,11.949999809265137,12.079999923706055,11.710000038146973,11.8100004196167,10.598981857299805,22565164
2025-07-09,BOP,11.880000114440918,11.9399995803833,11.699999809265137,11.859999656677246,10.643855094909668,13157258
2025-07-10,BOP,11.550000190734863,13.050000190734863,11.550000190734863,13.0,11.66695785522461,155383258
2025-07-11,BOP,13.100000381469727,13.59000015258789,12.75,13.079999923706055,11.738753318786621,94133007
2025-07-14,BOP,12.970000267028809,13.239999771118164,12.890000343322754,13.09000015258789,11.747729301452637,35481923
2025-07-15,BOP,13.079999923706055,13.479999542236328,13.020000457763672,13.130000114440918,11.783626556396484,61318327
2025-07-16,BOP,13.149999618530273,13.15999984741211,12.760000228881836,13.029999732971191,11.693881034851074,26665865
2025-07-17,BOP,12.949999809265137,13.119999885559082,12.75,13.0600004196167,11.720805168151855,18863027
2025-07-18,BOP,13.100000381469727,13.100000381469727,12.680000305175781,12.739999771118164,11.43361759185791,18705405
2025-07-21,BOP,12.800000190734863,12.800000190734863,12.529999732971191,12.6899995803833,11.388744354248047,14937494
2025-07-22,BOP,12.649999618530273,13.050000190734863,12.649999618530273,12.899999618530273,11.577211380004883,17527774
2025-07-23,BOP,13.0,13.15999984741211,12.850000381469727,13.0,11.66695785522461,16353450
2025-07-24,BOP,13.0,14.0,13.0,13.550000190734863,12.16055965423584,113028558
2025-07-25,BOP,13.699999809265137,14.0,13.470000267028809,13.600000381469727,12.205432891845703,50256609
2025-07-28,BOP,13.600000381469727,13.800000190734863,13.449999809265137,13.489999771118164,12.106711387634277,23774754
2025-07-29,BOP,13.600000381469727,13.899999618530273,13.350000381469727,13.470000267028809,12.088763236999512,31941017
2025-07-30,BOP,13.5,13.800000190734863,13.350000381469727,13.720000267028809,12.313127517700195,24809434
2025-07-31,BOP,13.949999809265137,14.359999656677246,13.710000038146973,14.0600004196167,12.618263244628906,82936839
2025-08-01,BOP,14.069999694824219,14.140000343322754,13.899999618530273,13.930000305175781,12.501593589782715,15744016
2025-08-04,BOP,13.850000381469727,14.199999809265137,13.65999984741211,13.899999618530273,12.474669456481934,30628274
2025-08-05,BOP,13.930000305175781,14.010000228881836,13.770000457763672,13.829999923706055,12.411847114562988,12308750
2025-08-06,BOP,13.829999923706055,14.300000190734863,13.710000038146973,14.239999771118164,12.779805183410645,67554764
2025-08-07,BOP,14.350000381469727,14.369999885559082,14.020000457763672,14.149999618530273,12.699033737182617,21887270
2025-08-08,BOP,14.210000038146973,14.210000038146973,13.800000190734863,13.920000076293945,12.492619514465332,21258633
2025-08-11,BOP,13.979999542236328,14.119999885559082,13.800000190734863,14.079999923706055,12.636211395263672,12827238
2025-08-12,BOP,14.170000076293945,14.369999885559082,14.0,14.170000076293945,12.716983795166016,33326486
2025-08-13,BOP,14.25,14.520000457763672,14.199999809265137,14.260000228881836,12.797755241394043,33751962
2025-08-15,BOP,14.270000457763672,14.550000190734863,14.25,14.319999694824219,12.851601600646973,13663632
2025-08-18,BOP,14.359999656677246,14.579999923706055,14.149999618530273,14.430000305175781,12.950322151184082,20008489
2025-08-19,BOP,14.470000267028809,14.979999542236328,14.4399995803833,14.760000228881836,13.24648380279541,46060189
2025-08-20,BOP,14.859999656677246,15.119999885559082,14.850000381469727,14.920000076293945,13.390077590942383,52299000
2025-08-21,BOP,14.979999542236328,15.0,14.25,14.619999885559082,13.12083911895752,52059518
2025-08-22,BOP,14.739999771118164,14.850000381469727,14.460000038146973,14.550000190734863,13.05801773071289,18917586
2025-08-25,BOP,14.600000381469727,14.890000343322754,14.25,14.710000038146973,13.201611518859863,21153368
2025-08-26,BOP,14.680000305175781,14.869999885559082,14.609999656677246,14.680000305175781,13.174687385559082,10217003
2025-08-27,BOP,14.699999809265137,14.699999809265137,14.199999809265137,14.229999542236328,12.770831108093262,22319350
2025-08-28,BOP,14.25,14.569999694824219,14.0,14.260000228881836,12.797755241394043,31924722
2025-08-29,BOP,14.390000343322754,15.6899995803833,13.609999656677246,15.069999694824219,13.52469539642334,128751215
2025-09-01,BOP,16.579999923706055,16.579999923706055,16.100000381469727,16.579999923706055,14.879858016967773,97697793
2025-09-02,BOP,17.239999771118164,18.200000762939453,16.90999984741211,17.579999923706055,15.777316093444824,174386202
2025-09-03,BOP,17.600000381469727,17.84000015258789,17.299999237060547,17.3700008392334,15.588850021362305,51572354
2025-09-04,BOP,17.3799991607666,18.479999542236328,17.360000610351562,18.360000610351562,16.477333068847656,99494831
2025-09-05,BOP,18.489999771118164,19.950000762939453,18.399999618530273,19.690000534057617,17.67095375061035,146093956
2025-09-08,BOP,20.0,20.059999465942383,19.559999465942383,19.649999618530273,17.635053634643555,71442268
2025-09-09,BOP,19.700000762939453,19.799999237060547,19.100000381469727,19.65999984741211,17.64402961730957,83886261
2025-09-10,BOP,18.969999313354492,19.25,18.25,18.68000030517578,17.662940979003906,72460270
2025-09-11,BOP,18.700000762939453,18.799999237060547,18.030000686645508,18.170000076293945,17.180707931518555,33724452
2025-09-12,BOP,18.299999237060547,18.299999237060547,17.600000381469727,17.809999465942383,16.840307235717773,39006257
2025-09-15,BOP,17.809999465942383,18.8799991607666,17.420000076293945,18.56999969482422,17.558929443359375,58227128
2025-09-16,BOP,18.670000076293945,19.889999389648438,18.5,19.739999771118164,18.665225982666016,112343078
2025-09-17,BOP,21.709999084472656,21.709999084472656,21.170000076293945,21.709999084472656,20.52796745300293,84069639
2025-09-18,BOP,22.5,23.8799991607666,22.5,23.8799991607666,22.579816818237305,62786413
2025-09-19,BOP,26.260000228881836,26.270000457763672,24.850000381469727,26.260000228881836,24.830236434936523,167285267
2025-09-22,BOP,26.239999771118164,28.389999389648438,25.649999618530273,25.979999542236328,24.565481185913086,126794196
2025-09-23,BOP,25.979999542236328,25.979999542236328,25.979999542236328,25.979999542236328,24.565481185913086,0
2025-09-24,BOP,25.549999237060547,25.600000381469727,24.709999084472656,24.889999389648438,23.534826278686523,32986036
2025-09-25,BOP,24.860000610351562,27.110000610351562,24.799999237060547,26.68000030517578,25.22736930847168,101942746
2025-09-26,BOP,26.850000381469727,27.5,26.520000457763672,26.81999969482422,25.359745025634766,57698699
2025-09-29,BOP,27.0,27.049999237060547,26.399999618530273,26.6200008392334,25.170635223388672,32583210
2025-09-30,BOP,26.75,27.75,26.510000228881836,27.149999618530273,25.671777725219727,94026621
2025-10-01,BOP,27.149999618530273,29.8700008392334,26.59000015258789,29.799999237060547,28.177494049072266,191997025
2025-10-02,BOP,30.049999237060547,32.779998779296875,29.899999618530273,32.779998779296875,30.995243072509766,148116348
2025-10-03,BOP,33.2400016784668,35.59000015258789,33.0,33.5,31.676044464111328,131821305
2025-10-06,BOP,33.060001373291016,34.9900016784668,31.610000610351562,34.459999084472656,32.58377456665039,131310593
2025-10-07,BOP,34.459999084472656,34.459999084472656,34.459999084472656,34.459999084472656,32.58377456665039,0
2025-10-08,BOP,35.7400016784668,35.9900016784668,33.31999969482422,33.630001068115234,31.798967361450195,88049557
2025-10-09,BOP,33.650001525878906,34.5,32.16999816894531,32.869998931884766,31.08034324645996,86407749
2025-10-10,BOP,33.150001525878906,33.650001525878906,31.850000381469727,32.06999969482422,30.323902130126953,90241087
2025-10-13,BOP,31.5,32.790000915527344,30.09000015258789,31.780000686645508,30.049692153930664,97205745
2025-10-14,BOP,32.91999816894531,34.959999084472656,32.70000076293945,34.630001068115234,32.7445182800293,100722438
2025-10-15,BOP,35.2400016784668,36.810001373291016,35.0,35.529998779296875,33.595516204833984,142130321
2025-10-16,BOP,35.68000030517578,35.9900016784668,34.59000015258789,34.779998779296875,32.8863525390625,45792377
2025-10-17,BOP,34.95000076293945,36.150001525878906,34.150001525878906,35.83000183105469,33.87918472290039,84164333
2025-10-20,BOP,37.2400016784668,39.40999984741211,37.099998474121094,39.40999984741211,37.26426315307617,184399246
2025-10-21,BOP,40.900001525878906,41.540000915527344,39.52000045776367,39.72999954223633,37.56684112548828,128917660
2025-10-22,BOP,40.22999954223633,41.29999923706055,38.75,40.59000015258789,38.38002014160156,118821990
2025-10-23,BOP,40.59000015258789,41.29999923706055,39.0,39.209999084472656,37.07515335083008,78951327
2025-10-24,BOP,39.209999084472656,39.25,36.0,37.0,34.98548126220703,62443871
2025-10-27,BOP,36.9900016784668,38.04999923706055,35.79999923706055,37.2400016784668,35.2124137878418,61772746
2025-10-28,BOP,37.38999938964844,38.95000076293945,37.02000045776367,37.15999984741211,35.13676834106445,60384844
2025-10-29,BOP,37.220001220703125,37.9900016784668,36.5,37.08000183105469,35.061126708984375,43969819
2025-10-30,BOP,37.75,37.75,33.369998931884766,33.5,31.676044464111328,84182148
2025-10-31,BOP,34.11000061035156,35.400001525878906,33.25,34.77000045776367,32.876895904541016,78458333
2025-11-03,BOP,35.88999938964844,36.900001525878906,35.0,35.5099983215332,33.576602935791016,81169325
2025-11-04,BOP,35.599998474121094,35.79999923706055,34.5099983215332,34.849998474121094,32.95254135131836,39053201
2025-11-05,BOP,34.849998474121094,35.150001525878906,34.22999954223633,34.29999923706055,32.43248748779297,24287639
2025-11-06,BOP,34.58000183105469,34.689998626708984,33.5099983215332,34.380001068115234,32.50813293457031,26424412
2025-11-07,BOP,34.47999954223633,35.400001525878906,34.11000061035156,34.95000076293945,33.047096252441406,31362671
2025-11-10,BOP,35.099998474121094,36.20000076293945,34.95000076293945,35.630001068115234,33.6900749206543,41410617
2025-11-11,BOP,36.0,36.25,34.54999923706055,34.720001220703125,32.829620361328125,45558123
2025-11-12,BOP,34.61000061035156,35.79999923706055,34.310001373291016,35.16999816894531,33.2551155090332,40531272
2025-11-13,BOP,35.5099983215332,35.939998626708984,34.790000915527344,35.29999923706055,33.3780403137207,40097096
2025-11-14,BOP,35.47999954223633,35.900001525878906,35.0,35.11000061035156,33.198387145996094,36996846
2025-11-17,BOP,35.4900016784668,35.7400016784668,34.689998626708984,34.79999923706055,32.9052619934082,22410289
2025-11-18,BOP,34.900001525878906,34.97999954223633,34.04999923706055,34.16999816894531,32.30956268310547,18527314
2025-11-19,BOP,34.209999084472656,34.29999923706055,33.5,33.689998626708984,31.855697631835938,17375582
2025-11-20,BOP,33.939998626708984,33.939998626708984,32.869998931884766,33.33000183105469,31.515300750732422,16958149
2025-11-21,BOP,33.5,34.459999084472656,33.20000076293945,33.959999084472656,32.11099624633789,28360246
2025-11-24,BOP,34.08000183105469,34.08000183105469,33.41999816894531,33.4900016784668,31.666589736938477,8271821
2025-11-25,BOP,33.54999923706055,33.70000076293945,32.72999954223633,32.869998931884766,31.08034324645996,11147100
2025-11-26,BOP,32.900001525878906,33.25,31.350000381469727,33.06999969482422,31.269454956054688,31797736
2025-11-27,BOP,33.209999084472656,33.540000915527344,32.900001525878906,33.33000183105469,31.515300750732422,15304481
2025-11-28,BOP,33.47999954223633,34.45000076293945,33.0,33.959999084472656,32.11099624633789,34171207
2025-12-01,BOP,34.0,35.099998474121094,33.619998931884766,34.41999816894531,32.54595184326172,34304208
2025-12-02,BOP,34.5099983215332,35.099998474121094,34.02000045776367,34.16999816894531,32.30956268310547,27780827
2025-12-03,BOP,34.34000015258789,34.599998474121094,33.959999084472656,34.43000030517578,32.5554084777832,22467789
2025-12-04,BOP,34.7400016784668,34.79999923706055,34.31999969482422,34.599998474121094,32.71615219116211,10149401
2025-12-05,BOP,35.0,35.0,34.099998474121094,34.189998626708984,32.32847595214844,17743556
2025-12-08,BOP,34.25,34.599998474121094,34.11000061035156,34.459999084472656,32.58377456665039,10310166
2025-12-09,BOP,34.70000076293945,35.400001525878906,34.54999923706055,34.959999084472656,33.056549072265625,36140725
2025-12-10,BOP,35.5,35.95000076293945,35.29999923706055,35.5099983215332,33.576602935791016,46885609
2025-12-11,BOP,36.040000915527344,36.04999923706055,34.709999084472656,34.959999084472656,33.056549072265625,23149959
2025-12-12,BOP,35.099998474121094,35.900001525878906,34.560001373291016,35.25,33.33076095581055,23121201
2025-12-15,BOP,35.5,35.84000015258789,34.91999816894531,35.38999938964844,33.463138580322266,26276398
2025-12-16,BOP,35.0,37.900001525878906,34.849998474121094,37.11000061035156,35.08949279785156,88665213
2025-12-17,BOP,37.75,38.75,37.54999923706055,37.86000061035156,35.79865646362305,90619311
2025-12-18,BOP,38.0,38.2400016784668,37.29999923706055,37.459999084472656,35.420433044433594,30565064
2025-12-19,BOP,37.5,37.599998474121094,36.79999923706055,37.0,34.98548126220703,15731855
2025-12-22,BOP,37.13999938964844,37.75,36.619998931884766,37.439998626708984,35.40152359008789,27293112
2025-12-23,BOP,38.0,38.29999923706055,37.529998779296875,37.880001068115234,35.817569732666016,25940132
2025-12-24,BOP,37.880001068115234,39.29999923706055,37.79999923706055,38.900001525878906,36.78203582763672,61349318
2025-12-26,BOP,39.150001525878906,41.29999923706055,39.099998474121094,40.060001373291016,37.878875732421875,78049661
2025-12-29,BOP,40.400001525878906,40.400001525878906,38.68000030517578,38.880001068115234,36.76312255859375,42299577
2025-12-30,BOP,39.0,39.90999984741211,38.54999923706055,38.709999084472656,36.60237503051758,36714253
2025-12-31,BOP,38.75,38.95000076293945,38.29999923706055,38.560001373291016,36.46054458618164,21161328
