Date,Symbol,Open,High,Low,Close,Adj Close,Volume
2015-01-01,DGKC,111.01000213623047,115.88999938964844,111.01000213623047,115.33000183105469,92.08151245117188,8489000
2015-01-02,DGKC,115.25,119.38999938964844,113.75,116.97000122070312,93.39092254638672,11593000
2015-01-05,DGKC,117.12999725341797,117.12999725341797,113.61000061035156,114.08000183105469,91.08350372314453,7258000
2015-01-06,DGKC,114.0,115.05000305175781,112.48999786376953,112.86000061035156,90.10943603515625,6386500
2015-01-07,DGKC,112.75,114.4000015258789,112.5,112.9800033569336,90.20524597167969,5257000
2015-01-08,DGKC,113.4000015258789,115.83999633789062,113.0,115.08999633789062,91.88990020751953,8429000
2015-01-09,DGKC,116.3499984741211,117.94999694824219,115.61000061035156,116.12999725341797,92.72025299072266,9196500
2015-01-12,DGKC,116.88999938964844,117.9800033569336,114.11000061035156,114.5199966430664,91.43480682373047,6156500
2015-01-13,DGKC,115.0,116.37000274658203,113.9000015258789,115.87999725341797,92.5206527709961,3979500
2015-01-14,DGKC,116.69999694824219,119.75,116.4000015258789,119.04000091552734,95.04365539550781,13040000
2015-01-15,DGKC,119.69999694824219,121.88999938964844,118.69999694824219,119.1500015258789,95.1314697265625,5285500
2015-01-16,DGKC,120.0,120.25,117.80000305175781,118.2300033569336,94.39694213867188,4892500
2015-01-19,DGKC,118.0,120.29000091552734,118.0,119.36000061035156,95.29914093017578,3152500
2015-01-20,DGKC,120.01000213623047,124.25,120.01000213623047,123.81999969482422,98.86007690429688,10286500
2015-01-21,DGKC,124.0,126.25,123.75,125.37999725341797,100.1056137084961,9955500
2015-01-22,DGKC,124.80000305175781,124.80000305175781,121.80000305175781,122.69999694824219,97.96586608886719,2799500
2015-01-23,DGKC,123.0,124.4800033569336,121.1500015258789,122.0,97.40696716308594,3462000
2015-01-26,DGKC,126.30000305175781,127.25,125.0999984741211,125.45999908447266,100.16950225830078,6565000
2015-01-27,DGKC,125.63999938964844,127.1500015258789,124.5999984741211,125.73999786376953,100.3930435180664,4221000
2015-01-28,DGKC,125.0999984741211,128.4499969482422,125.01000213623047,125.3499984741211,100.08165740966797,5849000
2015-01-29,DGKC,125.0999984741211,127.94999694824219,125.0999984741211,126.55000305175781,101.0397720336914,4377000
2015-01-30,DGKC,127.0,132.1999969482422,127.0,131.30999755859375,104.8402328491211,11320500
2015-02-02,DGKC,131.99000549316406,134.75,131.6999969482422,133.13999938964844,106.30134582519531,8342000
2015-02-03,DGKC,133.3000030517578,133.49000549316406,129.5,130.83999633789062,104.4649887084961,3124000
2015-02-04,DGKC,130.9600067138672,131.69000244140625,128.00999450683594,128.47000122070312,102.57273864746094,3031000
2015-02-05,DGKC,128.47000122070312,128.47000122070312,128.47000122070312,128.47000122070312,102.57273864746094,0
2015-02-06,DGKC,128.97999572753906,131.58999633789062,128.8000030517578,129.47999572753906,103.3791275024414,5610000
2015-02-09,DGKC,130.35000610351562,131.49000549316406,129.2100067138672,129.49000549316406,103.38712310791016,4483500
2015-02-10,DGKC,130.0,130.5,127.5,129.39999389648438,103.31524658203125,2450000
2015-02-11,DGKC,129.85000610351562,132.1999969482422,129.2100067138672,130.3300018310547,104.05779266357422,5399500
2015-02-12,DGKC,130.49000549316406,132.35000610351562,123.81999969482422,128.14999389648438,102.31722259521484,9732500
2015-02-13,DGKC,129.0500030517578,129.88999938964844,127.6500015258789,128.41000366210938,102.52483367919922,4448000
2015-02-16,DGKC,128.6999969482422,128.85000610351562,123.51000213623047,126.30999755859375,100.84813690185547,4893500
2015-02-17,DGKC,126.01000213623047,131.75,124.0,126.33000183105469,100.86412048339844,16220500
2015-02-18,DGKC,126.9000015258789,127.3499984741211,124.5,125.05999755859375,99.8501205444336,3165000
2015-02-19,DGKC,125.80000305175781,129.64999389648438,124.5,128.6300048828125,102.70047760009766,7390000
2015-02-20,DGKC,129.99000549316406,130.38999938964844,123.19999694824219,123.87000274658203,98.90000915527344,12865000
2015-02-23,DGKC,124.48999786376953,125.88999938964844,123.0999984741211,125.04000091552734,99.83415985107422,2365500
2015-02-24,DGKC,125.61000061035156,126.44000244140625,124.5,124.83000183105469,99.66648864746094,2357500
2015-02-25,DGKC,124.55000305175781,125.7699966430664,124.11000061035156,124.79000091552734,99.63455963134766,1050000
2015-02-26,DGKC,125.0,125.69000244140625,123.30000305175781,123.86000061035156,98.89203643798828,1858500
2015-02-27,DGKC,124.5,125.80000305175781,121.61000061035156,122.69000244140625,97.95787048339844,4909000
2015-03-02,DGKC,122.0,122.9000015258789,119.0,120.3499984741211,96.0895767211914,3256500
2015-03-03,DGKC,120.94999694824219,125.5,119.5,125.19999694824219,99.96189880371094,6396000
2015-03-04,DGKC,125.5,127.0,124.69999694824219,125.87999725341797,100.50482940673828,5475000
2015-03-05,DGKC,126.4000015258789,127.9000015258789,125.80000305175781,127.48999786376953,101.79026794433594,3363500
2015-03-06,DGKC,128.0,130.89999389648438,127.0999984741211,130.19000244140625,103.94600677490234,3425500
2015-03-09,DGKC,130.85000610351562,131.25,127.5,127.81999969482422,102.05375671386719,1798000
2015-03-10,DGKC,127.0199966430664,127.44999694824219,125.0,125.68000030517578,100.34513854980469,2427500
2015-03-11,DGKC,124.0999984741211,128.39999389648438,122.5999984741211,127.3499984741211,101.67849731445312,2770000
2015-03-12,DGKC,128.0,129.3000030517578,127.4000015258789,128.1999969482422,102.35716247558594,1973000
2015-03-13,DGKC,129.25,131.25,129.25,130.32000732421875,104.04981231689453,4301000
2015-03-16,DGKC,130.49000549316406,131.0,126.5,127.05000305175781,101.43898010253906,1686500
2015-03-17,DGKC,127.30000305175781,127.5999984741211,123.69999694824219,126.63999938964844,101.11161804199219,2969500
2015-03-18,DGKC,126.5999984741211,127.0,121.75,123.18000030517578,98.3490982055664,2886000
2015-03-19,DGKC,123.98999786376953,126.4000015258789,123.80000305175781,124.58999633789062,99.47486877441406,2197500
2015-03-20,DGKC,125.80000305175781,129.74000549316406,125.5,128.5399932861328,102.62860870361328,3262500
2015-03-23,DGKC,128.5399932861328,128.5399932861328,128.5399932861328,128.5399932861328,102.62860870361328,0
2015-03-24,DGKC,130.1999969482422,130.8800048828125,124.5999984741211,125.43000030517578,100.14553833007812,2437000
2015-03-25,DGKC,126.23999786376953,126.5,123.1500015258789,123.75,98.80420684814453,1802000
2015-03-26,DGKC,124.19999694824219,125.0,117.56999969482422,117.9000015258789,94.13346099853516,5971500
2015-03-27,DGKC,118.0,119.4000015258789,112.01000213623047,112.19999694824219,89.58247375488281,3854500
2015-03-30,DGKC,110.80000305175781,111.01000213623047,106.58999633789062,106.58999633789062,85.10334777832031,3925000
2015-03-31,DGKC,106.69999694824219,111.91000366210938,106.69999694824219,111.80000305175781,89.26311492919922,7654000
2015-04-01,DGKC,111.0,116.38999938964844,109.0,113.0999984741211,90.3010482788086,9014500
2015-04-02,DGKC,113.5,118.75,113.5,118.05000305175781,94.25321960449219,6865000
2015-04-03,DGKC,119.5,123.94999694824219,118.55000305175781,123.58999633789062,98.67644500732422,10258500
2015-04-06,DGKC,123.5,126.19000244140625,123.19999694824219,124.62999725341797,99.50680541992188,6886000
2015-04-07,DGKC,124.44999694824219,124.5,122.19999694824219,122.83999633789062,98.07763671875,4862500
2015-04-08,DGKC,122.80000305175781,125.30000305175781,122.41000366210938,123.91000366210938,98.93194580078125,5352000
2015-04-09,DGKC,124.5999984741211,126.0999984741211,123.0,125.55999755859375,100.24933624267578,4385500
2015-04-10,DGKC,125.5999984741211,129.64999389648438,125.3499984741211,128.6199951171875,102.6924819946289,7914500
2015-04-13,DGKC,129.49000549316406,129.89999389648438,126.30999755859375,127.16999816894531,101.53479766845703,5343000
2015-04-14,DGKC,127.4000015258789,127.6500015258789,122.0,123.51000213623047,98.61258697509766,5627000
2015-04-15,DGKC,124.9000015258789,124.97000122070312,119.6500015258789,121.69000244140625,97.15946197509766,6416500
2015-04-16,DGKC,122.1500015258789,124.1500015258789,121.69999694824219,123.63999938964844,98.71637725830078,3434500
2015-04-17,DGKC,123.9000015258789,129.19000244140625,123.9000015258789,128.63999938964844,102.70845794677734,9563500
2015-04-20,DGKC,129.75,131.8000030517578,125.5999984741211,126.72000122070312,101.17549896240234,7690500
2015-04-21,DGKC,126.9000015258789,126.94999694824219,123.0999984741211,124.5999984741211,99.48284912109375,3253500
2015-04-22,DGKC,126.0,128.0,125.48999786376953,127.51000213623047,101.8062515258789,3920000
2015-04-23,DGKC,129.89999389648438,131.63999938964844,128.00999450683594,129.4600067138672,103.3631820678711,18143000
2015-04-24,DGKC,129.97999572753906,135.0,129.75,134.38999938964844,107.29937744140625,13373500
2015-04-27,DGKC,135.1999969482422,139.39999389648438,134.60000610351562,137.6199951171875,109.87825012207031,17065500
2015-04-28,DGKC,137.6999969482422,138.14999389648438,134.6999969482422,135.17999267578125,107.93011474609375,2263000
2015-04-29,DGKC,135.52000427246094,138.14999389648438,135.52000427246094,136.00999450683594,108.5927963256836,2391000
2015-04-30,DGKC,136.5,137.97999572753906,135.5399932861328,137.36000061035156,109.67066955566406,3202500
2015-05-01,DGKC,137.36000061035156,137.36000061035156,137.36000061035156,137.36000061035156,109.67066955566406,0
2015-05-04,DGKC,137.88999938964844,139.25,135.5,136.7899932861328,109.21556854248047,4935500
2015-05-05,DGKC,137.10000610351562,137.5399932861328,131.6999969482422,133.07000732421875,106.24545288085938,8622500
2015-05-06,DGKC,133.50999450683594,134.85000610351562,131.39999389648438,132.02999877929688,105.41508483886719,4018500
2015-05-07,DGKC,131.5,132.5,130.1999969482422,130.52999877929688,104.21746826171875,1324500
2015-05-08,DGKC,131.0,132.5,130.3000030517578,130.7100067138672,104.36119079589844,2275000
2015-05-11,DGKC,130.4499969482422,130.4499969482422,124.18000030517578,124.19999694824219,99.16348266601562,4927000
2015-05-12,DGKC,123.5999984741211,129.6999969482422,122.80999755859375,128.9600067138672,102.96395874023438,4047500
2015-05-13,DGKC,129.60000610351562,129.75,125.69999694824219,126.13999938964844,100.71241760253906,3388000
2015-05-14,DGKC,126.0999984741211,128.25,126.0999984741211,127.4800033569336,101.78229522705078,2771500
2015-05-15,DGKC,126.5,126.5999984741211,123.25,125.37000274658203,100.09764862060547,5700500
2015-05-18,DGKC,125.25,126.0199966430664,123.4000015258789,123.55999755859375,98.65249633789062,3640500
2015-05-19,DGKC,124.0,125.30000305175781,122.0999984741211,122.48999786376953,97.79818725585938,2256500
2015-05-20,DGKC,122.80000305175781,124.37999725341797,121.69999694824219,123.72000122070312,98.7802505493164,2331000
2015-05-21,DGKC,124.0,124.9000015258789,123.5,123.63999938964844,98.71637725830078,807500
2015-05-22,DGKC,124.44999694824219,124.47000122070312,123.1500015258789,123.56999969482422,98.66047668457031,1025500
2015-05-25,DGKC,128.5,128.5,125.80000305175781,127.4000015258789,101.71841430664062,5076500
2015-05-26,DGKC,127.47000122070312,127.47000122070312,125.6500015258789,126.91000366210938,101.32720184326172,1226000
2015-05-27,DGKC,126.98999786376953,130.9499969482422,126.98999786376953,129.52999877929688,103.4190444946289,7201500
2015-05-28,DGKC,129.0,129.22999572753906,127.5999984741211,128.27000427246094,102.41304779052734,2487500
2015-05-29,DGKC,128.88999938964844,131.5,128.0,129.08999633789062,103.0677490234375,7983000
2015-06-01,DGKC,129.0,132.08999633789062,128.36000061035156,131.36000061035156,104.88015747070312,4826000
2015-06-02,DGKC,131.64999389648438,134.8000030517578,131.64999389648438,133.0800018310547,106.25343322753906,5920500
2015-06-03,DGKC,132.6999969482422,134.49000549316406,132.0,132.50999450683594,105.79833221435547,4203500
2015-06-04,DGKC,132.75,134.75,132.10000610351562,133.0800018310547,106.25343322753906,4721500
2015-06-05,DGKC,133.0800018310547,133.0800018310547,133.0800018310547,133.0800018310547,106.25343322753906,0
2015-06-08,DGKC,133.0800018310547,133.0800018310547,133.0800018310547,133.0800018310547,106.25343322753906,0
2015-06-09,DGKC,143.0500030517578,145.0,141.6999969482422,142.13999938964844,113.4870834350586,5929500
2015-06-10,DGKC,143.0,143.5,141.25,141.77000427246094,113.19168090820312,4641500
2015-06-11,DGKC,142.42999267578125,143.85000610351562,139.25,140.4600067138672,112.14578247070312,4297500
2015-06-12,DGKC,141.10000610351562,143.0,139.32000732421875,141.97000122070312,113.35137939453125,5403500
2015-06-15,DGKC,143.89999389648438,145.5,142.11000061035156,142.69000244140625,113.92625427246094,7982500
2015-06-16,DGKC,142.55999755859375,143.0,140.35000610351562,141.52999877929688,113.00006103515625,2226500
2015-06-17,DGKC,141.5,143.25,140.52000427246094,141.5,112.97610473632812,3100500
2015-06-18,DGKC,141.8000030517578,143.9499969482422,141.8000030517578,143.3699951171875,114.46916198730469,2925000
2015-06-19,DGKC,144.1999969482422,145.25,142.11000061035156,142.64999389648438,113.89429473876953,2181000
2015-06-22,DGKC,143.0,143.25,139.5,139.82000732421875,111.63478088378906,1968500
2015-06-23,DGKC,140.10000610351562,141.5399932861328,139.39999389648438,140.64999389648438,112.2974624633789,1773500
2015-06-24,DGKC,141.0,142.5,140.7100067138672,141.3800048828125,112.88031768798828,2307500
2015-06-25,DGKC,141.3300018310547,141.89999389648438,139.5,139.9499969482422,111.73856353759766,1823000
2015-06-26,DGKC,139.50999450683594,141.0,138.0500030517578,138.6199951171875,110.67666625976562,5196500
2015-06-29,DGKC,138.0,141.39999389648438,138.0,140.97000122070312,112.55294799804688,1156000
2015-06-30,DGKC,141.1999969482422,143.49000549316406,141.0,142.77000427246094,113.99011993408203,2095000
2015-07-01,DGKC,143.0,145.5,140.52000427246094,144.92999267578125,115.71469116210938,4135900
2015-07-02,DGKC,145.49000549316406,150.0,145.49000549316406,149.2899932861328,119.1957778930664,6646900
2015-07-03,DGKC,150.5,154.88999938964844,150.5,152.9199981689453,122.09405517578125,6554200
2015-07-06,DGKC,153.60000610351562,155.1999969482422,151.6199951171875,153.1999969482422,122.31758880615234,7425700
2015-07-07,DGKC,153.50999450683594,160.86000061035156,152.10000610351562,159.9499969482422,127.70692443847656,10034700
2015-07-08,DGKC,162.0,162.25,156.8000030517578,157.5399932861328,125.7827377319336,7748700
2015-07-09,DGKC,157.89999389648438,159.39999389648438,154.3699951171875,155.55999755859375,124.20187377929688,4701900
2015-07-10,DGKC,155.99000549316406,158.5,155.35000610351562,156.7100067138672,125.12005615234375,5286600
2015-07-13,DGKC,157.39999389648438,163.8800048828125,157.10000610351562,162.22999572753906,129.52731323242188,6069600
2015-07-14,DGKC,163.5,164.25,160.3300018310547,161.1999969482422,128.70494079589844,3538400
2015-07-15,DGKC,161.0,161.6999969482422,158.0500030517578,160.00999450683594,127.75484466552734,3970500
2015-07-16,DGKC,160.5,162.5,159.89999389648438,160.2899932861328,127.9783706665039,1990800
2015-07-17,DGKC,160.2899932861328,160.2899932861328,160.2899932861328,160.2899932861328,127.9783706665039,0
2015-07-20,DGKC,160.2899932861328,160.2899932861328,160.2899932861328,160.2899932861328,127.9783706665039,0
2015-07-21,DGKC,160.2899932861328,160.2899932861328,160.2899932861328,160.2899932861328,127.9783706665039,0
2015-07-22,DGKC,160.0,160.85000610351562,157.1999969482422,158.17999267578125,126.29371643066406,2486300
2015-07-23,DGKC,158.5,159.44000244140625,153.41000366210938,154.67999267578125,123.49925994873047,4740700
2015-07-24,DGKC,155.74000549316406,156.8000030517578,153.6999969482422,154.60000610351562,123.43537139892578,2744600
2015-07-27,DGKC,154.85000610351562,154.85000610351562,148.11000061035156,148.89999389648438,118.8843994140625,2864200
2015-07-28,DGKC,149.0,151.85000610351562,148.0,151.19000244140625,120.71277618408203,4330300
2015-07-29,DGKC,152.4499969482422,155.47999572753906,152.10000610351562,154.0800018310547,123.02021026611328,2801400
2015-07-30,DGKC,154.5,156.0,151.0500030517578,153.55999755859375,122.60504913330078,2913400
2015-07-31,DGKC,154.1999969482422,154.5,151.52000427246094,152.22999572753906,121.54312896728516,2601200
2015-08-03,DGKC,153.25,153.25,149.64999389648438,150.47999572753906,120.1458969116211,3950000
2015-08-04,DGKC,150.5,155.8000030517578,150.39999389648438,154.24000549316406,123.14795684814453,8177400
2015-08-05,DGKC,155.24000549316406,157.19000244140625,154.5,155.63999938964844,124.2657241821289,4879600
2015-08-06,DGKC,156.0,158.8000030517578,154.60000610351562,155.27999877929688,123.97831726074219,5161100
2015-08-07,DGKC,154.89999389648438,155.99000549316406,153.10000610351562,154.80999755859375,123.6030502319336,1599300
2015-08-10,DGKC,155.5,157.0,155.0500030517578,155.77999877929688,124.37753295898438,1656800
2015-08-11,DGKC,156.4499969482422,157.5,155.85000610351562,156.39999389648438,124.87254333496094,1501500
2015-08-12,DGKC,157.0,157.5500030517578,153.02000427246094,154.6199951171875,123.45136260986328,1531100
2015-08-13,DGKC,155.0,155.60000610351562,152.2100067138672,152.91000366210938,122.0860595703125,1651700
2015-08-14,DGKC,152.91000366210938,152.91000366210938,152.91000366210938,152.91000366210938,122.0860595703125,0
2015-08-17,DGKC,153.5,153.5,150.6199951171875,151.0500030517578,120.60100555419922,1100400
2015-08-18,DGKC,152.25,153.49000549316406,150.6999969482422,151.89999389648438,121.27965545654297,1450800
2015-08-19,DGKC,152.25,153.25,151.0,151.25,120.76069641113281,1176500
2015-08-20,DGKC,150.5,150.60000610351562,147.8000030517578,148.67999267578125,118.70874786376953,3850000
2015-08-21,DGKC,148.0500030517578,148.75,141.25,141.32000732421875,112.83240509033203,8178100
2015-08-24,DGKC,137.0,139.1999969482422,134.25999450683594,134.25999450683594,107.19556427001953,4462500
2015-08-25,DGKC,135.5,140.97000122070312,134.0,140.97000122070312,112.55294799804688,5947400
2015-08-26,DGKC,140.5500030517578,143.35000610351562,135.00999450683594,136.10000610351562,108.6646499633789,6568900
2015-08-27,DGKC,137.75,140.99000549316406,137.75,139.24000549316406,111.17169189453125,3891400
2015-08-28,DGKC,140.97999572753906,146.1999969482422,140.5,145.75999450683594,116.37737274169922,4697700
2015-08-31,DGKC,146.5,146.60000610351562,143.1999969482422,144.97999572753906,115.75460052490234,3325800
2015-09-01,DGKC,143.8000030517578,147.19000244140625,142.5,144.58999633789062,115.4432144165039,4307800
2015-09-02,DGKC,143.5,145.6999969482422,143.0,143.83999633789062,114.84440612792969,1854400
2015-09-03,DGKC,144.60000610351562,145.49000549316406,142.35000610351562,142.7899932861328,114.00606536865234,1430000
2015-09-04,DGKC,142.60000610351562,145.0,135.6999969482422,136.39999389648438,108.9041748046875,6313800
2015-09-07,DGKC,136.3000030517578,136.5,129.5800018310547,129.74000549316406,103.58672332763672,5155300
2015-09-08,DGKC,131.25,136.22000122070312,125.5,135.89999389648438,108.50497436523438,9462700
2015-09-09,DGKC,138.0,138.4499969482422,135.50999450683594,136.8800048828125,109.28742218017578,3484400
2015-09-10,DGKC,135.0,136.88999938964844,133.1300048828125,136.32000732421875,108.84032440185547,2139600
2015-09-11,DGKC,136.0,137.39999389648438,134.5,135.1699981689453,107.92213439941406,2500100
2015-09-14,DGKC,137.0,139.85000610351562,135.0,135.1999969482422,107.94607543945312,2493800
2015-09-15,DGKC,135.0,135.4499969482422,132.0,133.4600067138672,106.55683898925781,2780800
2015-09-16,DGKC,133.61000061035156,136.89999389648438,133.61000061035156,135.50999450683594,108.19357299804688,2034200
2015-09-17,DGKC,136.5,138.5,134.6999969482422,135.33999633789062,108.057861328125,3392200
2015-09-18,DGKC,135.64999389648438,136.75,133.0,135.47999572753906,108.16962432861328,2570400
2015-09-21,DGKC,136.14999389648438,138.35000610351562,133.85000610351562,137.14999389648438,109.50299072265625,2758500
2015-09-22,DGKC,138.5,141.85000610351562,138.35000610351562,138.77000427246094,110.79642486572266,6932700
2015-09-23,DGKC,138.0500030517578,139.5,137.2899932861328,138.13999938964844,110.29344177246094,2449600
2015-09-24,DGKC,138.13999938964844,138.13999938964844,138.13999938964844,138.13999938964844,110.29344177246094,0
2015-09-25,DGKC,138.13999938964844,138.13999938964844,138.13999938964844,138.13999938964844,110.29344177246094,0
2015-09-28,DGKC,139.39999389648438,140.1999969482422,135.52000427246094,136.39999389648438,108.9041748046875,1782900
2015-09-29,DGKC,135.0,135.0,131.89999389648438,133.6300048828125,106.69255065917969,3037100
2015-09-30,DGKC,135.1999969482422,137.6999969482422,133.1999969482422,137.02000427246094,109.3991928100586,3891100
2015-10-01,DGKC,137.33999633789062,141.5,137.11000061035156,140.75,112.37730407714844,4738000
2015-10-02,DGKC,141.39999389648438,143.35000610351562,140.5,141.67999267578125,113.11982727050781,5076600
2015-10-05,DGKC,142.89999389648438,143.0,139.00999450683594,139.77000427246094,111.5948486328125,2378500
2015-10-06,DGKC,141.10000610351562,142.4499969482422,140.00999450683594,141.50999450683594,112.9841079711914,2336200
2015-10-07,DGKC,141.5,142.3699951171875,140.0,141.4499969482422,112.93619537353516,1484300
2015-10-08,DGKC,141.5,147.25,140.64999389648438,145.85000610351562,116.44923400878906,5914500
2015-10-09,DGKC,145.8000030517578,148.0,144.35000610351562,146.19000244140625,116.72069549560547,5211500
2015-10-12,DGKC,146.5,147.1999969482422,144.02000427246094,144.41000366210938,115.29951477050781,3291200
2015-10-13,DGKC,144.6999969482422,147.25,143.9199981689453,144.92999267578125,115.71469116210938,4760300
2015-10-14,DGKC,145.0500030517578,146.1300048828125,144.60000610351562,144.9499969482422,115.73065185546875,1888400
2015-10-15,DGKC,145.5500030517578,146.47999572753906,144.55999755859375,144.9499969482422,115.73065185546875,932800
2015-10-16,DGKC,145.47000122070312,146.5,143.75,146.0,116.56900024414062,1258500
2015-10-19,DGKC,146.1999969482422,146.64999389648438,145.3000030517578,146.05999755859375,116.61690521240234,1174000
2015-10-20,DGKC,146.25,147.52999877929688,145.5,146.1300048828125,116.67279052734375,1892300
2015-10-21,DGKC,142.6199951171875,142.6199951171875,139.60000610351562,141.11000061035156,116.65624237060547,1261600
2015-10-22,DGKC,141.11000061035156,141.9499969482422,140.0,140.25,115.94527435302734,648700
2015-10-23,DGKC,140.25,140.25,140.25,140.25,115.94527435302734,0
2015-10-26,DGKC,140.3000030517578,142.5,138.49000549316406,139.00999450683594,114.920166015625,1239200
2015-10-27,DGKC,140.24000549316406,140.24000549316406,138.50999450683594,139.49000549316406,115.3169937133789,1029100
2015-10-28,DGKC,139.9199981689453,142.8800048828125,139.8000030517578,141.55999755859375,117.02827453613281,2726100
2015-10-29,DGKC,142.0,143.64999389648438,140.50999450683594,141.02999877929688,116.5901107788086,2407600
2015-10-30,DGKC,141.5,141.8000030517578,140.1999969482422,140.72999572753906,116.34208679199219,759500
2015-11-02,DGKC,141.5,141.5,139.75,140.02000427246094,115.7551498413086,445700
2015-11-03,DGKC,140.7899932861328,140.97999572753906,139.5500030517578,139.8000030517578,115.57328033447266,281300
2015-11-04,DGKC,140.99000549316406,142.4499969482422,140.39999389648438,142.27999877929688,117.62350463867188,1509600
2015-11-05,DGKC,142.60000610351562,143.75,140.89999389648438,141.07000732421875,116.62319946289062,2417900
2015-11-06,DGKC,141.49000549316406,141.9499969482422,138.5,139.1999969482422,115.0772476196289,2553300
2015-11-09,DGKC,139.1999969482422,139.1999969482422,139.1999969482422,139.1999969482422,115.0772476196289,0
2015-11-10,DGKC,138.00999450683594,138.97999572753906,135.00999450683594,135.32000732421875,111.86962890625,1187600
2015-11-11,DGKC,134.50999450683594,137.3000030517578,133.5,137.0,113.25849151611328,1742900
2015-11-12,DGKC,137.5,139.89999389648438,137.25999450683594,139.24000549316406,115.11032104492188,2011800
2015-11-13,DGKC,139.0,139.1999969482422,137.5,137.8699951171875,113.97772216796875,715200
2015-11-16,DGKC,136.39999389648438,137.5,136.0,136.9199981689453,113.19236755371094,921900
2015-11-17,DGKC,137.5500030517578,139.60000610351562,137.5500030517578,138.32000732421875,114.3497543334961,1617100
2015-11-18,DGKC,138.75,140.0,137.25999450683594,138.5500030517578,114.5398941040039,1269800
2015-11-19,DGKC,138.8000030517578,139.25,137.5500030517578,138.14999389648438,114.20919799804688,630400
2015-11-20,DGKC,138.47000122070312,138.6999969482422,137.3699951171875,138.4199981689453,114.43241882324219,606400
2015-11-23,DGKC,138.0,138.0500030517578,136.32000732421875,136.4600067138672,112.81207275390625,621800
2015-11-24,DGKC,136.5,137.75,135.02999877929688,135.27000427246094,111.82829284667969,512200
2015-11-25,DGKC,135.16000366210938,135.6999969482422,132.0,132.99000549316406,109.94341278076172,2300900
2015-11-26,DGKC,133.88999938964844,134.88999938964844,132.8000030517578,133.02000427246094,109.96822357177734,833600
2015-11-27,DGKC,132.61000061035156,133.5,132.0,132.33999633789062,109.40605926513672,1188100
2015-11-30,DGKC,132.75,132.75,126.30000305175781,127.80000305175781,105.65281677246094,2132400
2015-12-01,DGKC,128.0,130.0,125.25,125.76000213623047,103.96634674072266,2019600
2015-12-02,DGKC,127.0,132.0399932861328,125.55000305175781,131.94000244140625,109.07537841796875,2615700
2015-12-03,DGKC,131.89999389648438,135.0,131.0,133.72999572753906,110.55516815185547,2695700
2015-12-04,DGKC,134.4499969482422,134.64999389648438,130.5,133.55999755859375,110.41464233398438,496400
2015-12-07,DGKC,133.5,136.89999389648438,133.5,135.4199981689453,111.95231628417969,1762000
2015-12-08,DGKC,136.0,137.75,133.0,136.57000732421875,112.90303039550781,1621700
2015-12-09,DGKC,136.60000610351562,142.74000549316406,136.60000610351562,140.32000732421875,116.00316619873047,7637000
2015-12-10,DGKC,140.5,141.1999969482422,139.0500030517578,139.47999572753906,115.3087158203125,1659200
2015-12-11,DGKC,139.5,140.8000030517578,138.0,138.35000610351562,114.37455749511719,1672900
2015-12-14,DGKC,138.3800048828125,139.4499969482422,135.8000030517578,139.11000061035156,115.00284576416016,1617900
2015-12-15,DGKC,138.91000366210938,140.5,135.9499969482422,136.97999572753906,113.24195861816406,2010800
2015-12-16,DGKC,137.99000549316406,139.6999969482422,137.00999450683594,139.11000061035156,115.00284576416016,838100
2015-12-17,DGKC,139.00999450683594,142.25,139.00999450683594,141.14999389648438,116.6893081665039,3654800
2015-12-18,DGKC,140.99000549316406,142.99000549316406,140.25,141.89999389648438,117.3093490600586,3732100
2015-12-21,DGKC,142.00999450683594,143.3000030517578,141.3000030517578,141.99000549316406,117.38377380371094,2225000
2015-12-22,DGKC,142.6999969482422,142.97999572753906,141.60000610351562,142.41000366210938,117.7309799194336,1653200
2015-12-23,DGKC,142.8000030517578,144.35000610351562,142.0,143.88999938964844,118.95448303222656,1834100
2015-12-24,DGKC,143.88999938964844,143.88999938964844,143.88999938964844,143.88999938964844,118.95448303222656,0
2015-12-25,DGKC,143.88999938964844,143.88999938964844,143.88999938964844,143.88999938964844,118.95448303222656,0
2015-12-28,DGKC,145.0,145.86000061035156,144.0,144.82000732421875,119.72332763671875,2539500
2015-12-29,DGKC,145.0,147.5,144.85000610351562,146.13999938964844,120.8145751953125,3775000
2015-12-30,DGKC,146.5,147.5,143.0,147.07000732421875,121.58340454101562,1749200
2015-12-31,DGKC,147.0,149.19000244140625,146.50999450683594,147.58999633789062,122.01329040527344,2965100
2016-01-01,DGKC,150.8000030517578,154.94000244140625,148.14999389648438,154.6699981689453,127.86637878417969,5557200
2016-01-04,DGKC,154.6999969482422,155.25,151.61000061035156,152.02000427246094,125.67559814453125,3196000
2016-01-05,DGKC,149.5500030517578,154.38999938964844,146.10000610351562,153.58999633789062,126.97354888916016,5010800
2016-01-06,DGKC,153.74000549316406,154.6999969482422,152.6999969482422,153.63999938964844,127.0148696899414,3879900
2016-01-07,DGKC,152.5500030517578,153.64999389648438,151.10000610351562,151.74000549316406,125.44412231445312,3961800
2016-01-08,DGKC,152.0500030517578,152.8000030517578,148.52000427246094,149.47999572753906,123.57575225830078,3835400
2016-01-11,DGKC,148.5,152.8800048828125,147.6199951171875,152.30999755859375,125.91535186767578,2735500
2016-01-12,DGKC,152.7899932861328,154.6999969482422,151.3000030517578,153.5399932861328,126.93218231201172,4923400
2016-01-13,DGKC,154.8800048828125,156.4499969482422,153.75,154.4199981689453,127.65968322753906,3484000
2016-01-14,DGKC,155.11000061035156,155.11000061035156,149.61000061035156,150.08999633789062,124.08007049560547,4522700
2016-01-15,DGKC,151.89999389648438,152.25,148.0,149.1199951171875,123.27814483642578,1840800
2016-01-18,DGKC,149.49000549316406,149.49000549316406,141.6699981689453,145.19000244140625,120.0291976928711,10566700
2016-01-19,DGKC,146.3000030517578,147.75,144.39999389648438,146.41000366210938,121.03778076171875,3137000
2016-01-20,DGKC,145.0,147.0,142.05999755859375,145.6199951171875,120.38467407226562,2843000
2016-01-21,DGKC,146.3000030517578,147.89999389648438,143.3000030517578,143.77000427246094,118.85529327392578,3104100
2016-01-22,DGKC,143.00999450683594,145.0,143.0,144.64999389648438,119.58277893066406,963800
2016-01-25,DGKC,145.0,145.7899932861328,143.5500030517578,144.67999267578125,119.60758209228516,442300
2016-01-26,DGKC,144.0,150.25,144.0,149.7899932861328,123.83204650878906,6835400
2016-01-27,DGKC,150.52000427246094,153.10000610351562,150.5,151.13999938964844,124.9480972290039,4158200
2016-01-28,DGKC,151.25,154.0,149.6999969482422,153.10000610351562,126.56844329833984,3126600
2016-01-29,DGKC,155.00999450683594,159.39999389648438,154.14999389648438,158.57000732421875,131.09051513671875,7739200
2016-02-01,DGKC,158.0,159.8000030517578,157.32000732421875,157.6199951171875,130.30514526367188,4035400
2016-02-02,DGKC,157.50999450683594,160.8000030517578,157.39999389648438,159.25,131.6526641845703,6428600
2016-02-03,DGKC,158.89999389648438,160.39999389648438,158.25,159.2100067138672,131.61959838867188,3468800
2016-02-04,DGKC,159.6999969482422,161.5,157.89999389648438,158.08999633789062,130.6936798095703,4077300
2016-02-05,DGKC,158.08999633789062,158.08999633789062,158.08999633789062,158.08999633789062,130.6936798095703,0
2016-02-08,DGKC,158.10000610351562,159.9499969482422,157.25,157.75,130.41261291503906,2640500
2016-02-09,DGKC,157.0,158.3000030517578,156.60000610351562,157.38999938964844,130.114990234375,4030200
2016-02-10,DGKC,157.10000610351562,159.1999969482422,154.39999389648438,155.25,128.34585571289062,7807900
2016-02-11,DGKC,155.3000030517578,156.5,154.10000610351562,154.86000061035156,128.02345275878906,1628800
2016-02-12,DGKC,154.6999969482422,156.1999969482422,151.0500030517578,152.6699981689453,126.21295166015625,4735700
2016-02-15,DGKC,154.25999450683594,158.9499969482422,154.25999450683594,158.38999938964844,130.94171142578125,2775500
2016-02-16,DGKC,160.0,160.74000549316406,153.75,154.25,127.5191421508789,7065800
2016-02-17,DGKC,153.8000030517578,154.89999389648438,152.64999389648438,154.14999389648438,127.43646240234375,2340000
2016-02-18,DGKC,155.3000030517578,155.89999389648438,152.7100067138672,153.72999572753906,127.08924102783203,2355400
2016-02-19,DGKC,153.0,153.05999755859375,150.0500030517578,150.75,124.62568664550781,1958800
2016-02-22,DGKC,151.0,151.49000549316406,147.75,149.02000427246094,123.19549560546875,2538900
2016-02-23,DGKC,149.4499969482422,150.4600067138672,146.66000366210938,148.52999877929688,122.7904052734375,2527300
2016-02-24,DGKC,148.9499969482422,152.25,147.5,151.4199981689453,125.17957305908203,2860000
2016-02-25,DGKC,152.89999389648438,155.6999969482422,152.0,154.5500030517578,127.76716613769531,2668500
2016-02-26,DGKC,155.5,156.8000030517578,153.75,156.17999267578125,129.11468505859375,2288100
2016-02-29,DGKC,155.97999572753906,157.8000030517578,154.6999969482422,156.38999938964844,129.28829956054688,1495600
2016-03-01,DGKC,156.5,157.89999389648438,156.1999969482422,157.57000732421875,130.26380920410156,1189600
2016-03-02,DGKC,158.60000610351562,165.44000244140625,158.60000610351562,165.22999572753906,136.5963592529297,8951400
2016-03-03,DGKC,165.89999389648438,167.10000610351562,163.3699951171875,164.25999450683594,135.79446411132812,4030900
2016-03-04,DGKC,164.49000549316406,165.60000610351562,162.8000030517578,163.66000366210938,135.29843139648438,1997000
2016-03-07,DGKC,164.69000244140625,167.85000610351562,164.5500030517578,166.38999938964844,137.5553436279297,3829800
2016-03-08,DGKC,167.1999969482422,167.1999969482422,164.49000549316406,164.77999877929688,136.224365234375,1347500
2016-03-09,DGKC,165.5,168.75,164.10000610351562,165.11000061035156,136.49716186523438,4104600
2016-03-10,DGKC,165.5,167.25,163.5500030517578,166.55999755859375,137.6958770751953,3038300
2016-03-11,DGKC,167.0,167.0,164.5,165.44000244140625,136.76998901367188,1925100
2016-03-14,DGKC,166.39999389648438,167.3000030517578,165.05999755859375,165.25,136.61289978027344,1030800
2016-03-15,DGKC,165.88999938964844,167.60000610351562,164.05999755859375,167.33999633789062,138.3406982421875,2851600
2016-03-16,DGKC,167.4499969482422,168.75,166.50999450683594,167.1699981689453,138.20018005371094,3296200
2016-03-17,DGKC,167.6999969482422,169.64999389648438,166.66000366210938,166.9600067138672,138.02655029296875,2000200
2016-03-18,DGKC,166.89999389648438,167.8000030517578,166.10000610351562,167.0,138.05963134765625,518500
2016-03-21,DGKC,167.69000244140625,168.39999389648438,166.50999450683594,166.6300048828125,137.75376892089844,543500
2016-03-22,DGKC,166.89999389648438,168.0,166.0,167.3000030517578,138.30764770507812,889100
2016-03-23,DGKC,167.3000030517578,167.3000030517578,167.3000030517578,167.3000030517578,138.30764770507812,0
2016-03-24,DGKC,167.10000610351562,168.1999969482422,166.5,167.4199981689453,138.40684509277344,398200
2016-03-25,DGKC,168.0,173.3000030517578,166.6999969482422,172.55999755859375,142.6560821533203,3569400
2016-03-28,DGKC,171.49000549316406,172.35000610351562,170.10000610351562,171.38999938964844,141.68885803222656,1756500
2016-03-29,DGKC,171.99000549316406,174.10000610351562,170.5500030517578,171.86000061035156,142.07740783691406,2831700
2016-03-30,DGKC,172.0,172.39999389648438,170.55999755859375,171.6199951171875,141.87901306152344,629000
2016-03-31,DGKC,172.0,174.5,172.0,173.82000732421875,143.69775390625,1532800
2016-04-01,DGKC,174.0,176.6999969482422,173.25,175.85000610351562,145.3759765625,1922700
2016-04-04,DGKC,176.5,182.14999389648438,175.3000030517578,180.52000427246094,149.23666381835938,2159700
2016-04-05,DGKC,182.0,183.49000549316406,179.0,179.57000732421875,148.45130920410156,2353900
2016-04-06,DGKC,180.50999450683594,183.8000030517578,180.35000610351562,181.63999938964844,150.16258239746094,2172400
2016-04-07,DGKC,182.8000030517578,184.58999633789062,181.0,183.3000030517578,151.534912109375,1002100
2016-04-08,DGKC,184.85000610351562,185.00999450683594,183.1999969482422,184.02000427246094,152.13015747070312,1394900
2016-04-11,DGKC,184.0,184.1999969482422,178.30999755859375,178.94000244140625,147.9304962158203,2542100
2016-04-12,DGKC,179.0,181.10000610351562,178.2100067138672,180.82000732421875,149.4846954345703,1060900
2016-04-13,DGKC,181.75,182.33999633789062,178.3000030517578,179.5800018310547,148.45957946777344,769100
2016-04-14,DGKC,180.75,181.33999633789062,178.02000427246094,180.77000427246094,149.443359375,1104200
2016-04-15,DGKC,181.0,182.74000549316406,179.25,179.69000244140625,148.55050659179688,2067900
2016-04-18,DGKC,178.75,180.75,178.11000061035156,179.3699951171875,148.2859344482422,1107200
2016-04-19,DGKC,179.60000610351562,180.5,177.0500030517578,178.24000549316406,147.351806640625,1566200
2016-04-20,DGKC,177.50999450683594,178.5,174.00999450683594,174.39999389648438,144.17724609375,1696700
2016-04-21,DGKC,175.11000061035156,176.4499969482422,171.5500030517578,172.47000122070312,142.5817108154297,3985700
2016-04-22,DGKC,173.0,174.5,170.3000030517578,170.9600067138672,141.33338928222656,2259400
2016-04-25,DGKC,171.47999572753906,172.00999450683594,169.5500030517578,170.25999450683594,140.75469970703125,1246900
2016-04-26,DGKC,170.49000549316406,174.38999938964844,170.2100067138672,172.52000427246094,142.623046875,4184100
2016-04-27,DGKC,173.14999389648438,175.97999572753906,172.6999969482422,175.39999389648438,145.0039520263672,1968200
2016-04-28,DGKC,176.0,177.60000610351562,175.10000610351562,175.64999389648438,145.21060180664062,1773900
2016-04-29,DGKC,176.0,176.49000549316406,172.0500030517578,174.64999389648438,144.3839111328125,938300
2016-05-02,DGKC,173.11000061035156,175.99000549316406,173.11000061035156,174.61000061035156,144.35086059570312,541600
2016-05-03,DGKC,174.05999755859375,178.25,173.5500030517578,177.52999877929688,146.76483154296875,2320400
2016-05-04,DGKC,176.94000244140625,181.6999969482422,176.9199981689453,180.77000427246094,149.443359375,3548900
2016-05-05,DGKC,180.60000610351562,183.1999969482422,180.5,182.00999450683594,150.46844482421875,2225400
2016-05-06,DGKC,183.0,183.99000549316406,179.50999450683594,180.02000427246094,148.82333374023438,1491200
2016-05-09,DGKC,181.5,183.38999938964844,180.5,181.66000366210938,150.17910766601562,1887100
2016-05-10,DGKC,181.00999450683594,183.47999572753906,181.00999450683594,182.11000061035156,150.55113220214844,1512800
2016-05-11,DGKC,183.0,183.69000244140625,180.5,181.57000732421875,150.10472106933594,993200
2016-05-12,DGKC,182.0,182.39999389648438,179.3000030517578,179.88999938964844,148.71583557128906,709800
2016-05-13,DGKC,179.35000610351562,182.19000244140625,179.35000610351562,180.4600067138672,149.18707275390625,1122200
2016-05-16,DGKC,180.97999572753906,181.1999969482422,179.3000030517578,179.9600067138672,148.7737274169922,568500
2016-05-17,DGKC,181.3000030517578,181.3000030517578,178.11000061035156,178.8800048828125,147.88088989257812,535900
2016-05-18,DGKC,179.2899932861328,180.94000244140625,177.85000610351562,179.08999633789062,148.05447387695312,1761600
2016-05-19,DGKC,179.10000610351562,181.85000610351562,178.99000549316406,179.6699981689453,148.5339813232422,3161000
2016-05-20,DGKC,179.99000549316406,180.6999969482422,178.5,178.99000549316406,147.97181701660156,675600
2016-05-23,DGKC,180.1199951171875,181.3000030517578,179.61000061035156,180.1999969482422,148.97210693359375,1453100
2016-05-24,DGKC,180.1999969482422,180.8000030517578,179.02000427246094,179.4600067138672,148.36036682128906,662100
2016-05-25,DGKC,179.99000549316406,180.0,178.10000610351562,178.32000732421875,147.4179229736328,383900
2016-05-26,DGKC,178.5,178.85000610351562,177.5,178.0399932861328,147.1864471435547,569800
2016-05-27,DGKC,178.0500030517578,178.75,177.36000061035156,177.8699951171875,147.04591369628906,863600
2016-05-30,DGKC,178.0,182.0,175.60000610351562,179.36000061035156,148.27769470214844,3220400
2016-05-31,DGKC,179.6999969482422,181.3000030517578,177.3000030517578,178.3800048828125,147.467529296875,1356800
2016-06-01,DGKC,179.02999877929688,180.85000610351562,178.30999755859375,180.42999267578125,149.1622772216797,713900
2016-06-02,DGKC,181.0500030517578,182.75,181.0,181.63999938964844,150.16258239746094,2564200
2016-06-03,DGKC,181.89999389648438,184.5500030517578,179.86000061035156,181.07000732421875,149.69137573242188,2896400
2016-06-06,DGKC,181.6999969482422,181.97000122070312,178.5,179.0500030517578,148.02142333984375,1144100
2016-06-07,DGKC,178.99000549316406,180.5,178.00999450683594,178.52000427246094,147.58328247070312,1322100
2016-06-08,DGKC,178.60000610351562,180.25,178.60000610351562,179.66000366210938,148.52569580078125,1187500
2016-06-09,DGKC,180.0,180.5,178.7100067138672,179.0399932861328,148.01315307617188,702200
2016-06-10,DGKC,179.0,179.1999969482422,175.0,175.55999755859375,145.13619995117188,1349200
2016-06-13,DGKC,176.58999633789062,176.89999389648438,173.75,175.8699951171875,145.39248657226562,970100
2016-06-14,DGKC,176.60000610351562,179.5,176.60000610351562,177.5800018310547,146.80616760253906,1497400
2016-06-15,DGKC,181.75,184.5,179.0,183.94000244140625,152.0640106201172,7242000
2016-06-16,DGKC,182.99000549316406,193.1300048828125,182.99000549316406,190.3699951171875,157.37969970703125,10015100
2016-06-17,DGKC,190.0,191.75,188.39999389648438,189.3699951171875,156.55299377441406,1441600
2016-06-20,DGKC,189.3699951171875,189.5,186.3000030517578,187.25999450683594,154.80865478515625,508200
2016-06-21,DGKC,187.0,187.9499969482422,185.0,185.1300048828125,153.04776000976562,611700
2016-06-22,DGKC,186.38999938964844,187.97000122070312,184.5,185.9600067138672,153.7339630126953,2311700
2016-06-23,DGKC,186.00999450683594,187.14999389648438,185.5,186.5,154.1803741455078,1007300
2016-06-24,DGKC,185.89999389648438,185.89999389648438,177.25,182.57000732421875,150.93142700195312,4954300
2016-06-27,DGKC,184.0,185.5,182.25,183.80999755859375,151.95652770996094,1429300
2016-06-28,DGKC,184.10000610351562,185.41000366210938,183.10000610351562,184.6999969482422,152.69229125976562,988000
2016-06-29,DGKC,186.0,191.25,186.0,190.69000244140625,157.64425659179688,2975800
2016-06-30,DGKC,191.39999389648438,192.5,189.5500030517578,190.49000549316406,157.4789276123047,2142400
2016-07-01,DGKC,190.49000549316406,190.49000549316406,190.49000549316406,190.49000549316406,157.4789276123047,0
2016-07-04,DGKC,189.00999450683594,192.49000549316406,188.02000427246094,191.0500030517578,157.94187927246094,1383900
2016-07-05,DGKC,191.0500030517578,191.0500030517578,191.0500030517578,191.0500030517578,157.94187927246094,0
2016-07-06,DGKC,191.0500030517578,191.0500030517578,191.0500030517578,191.0500030517578,157.94187927246094,0
2016-07-07,DGKC,191.0500030517578,191.0500030517578,191.0500030517578,191.0500030517578,157.94187927246094,0
2016-07-08,DGKC,191.0500030517578,191.0500030517578,191.0500030517578,191.0500030517578,157.94187927246094,0
2016-07-11,DGKC,190.02000427246094,196.75,190.02000427246094,195.49000549316406,161.61245727539062,3047800
2016-07-12,DGKC,196.25,200.75,196.25,199.91000366210938,165.2664794921875,3798300
2016-07-13,DGKC,199.99000549316406,204.3000030517578,199.60000610351562,200.17999267578125,165.4896697998047,2804500
2016-07-14,DGKC,199.88999938964844,203.6999969482422,198.75999450683594,202.30999755859375,167.25054931640625,1460000
2016-07-15,DGKC,203.85000610351562,207.5,202.0,203.30999755859375,168.0772705078125,3133300
2016-07-18,DGKC,204.5,206.8000030517578,200.5,205.36000061035156,169.77200317382812,3321900
2016-07-19,DGKC,205.25,207.0,204.11000061035156,204.49000549316406,169.0527801513672,1358000
2016-07-20,DGKC,205.8000030517578,206.4499969482422,203.0500030517578,204.75,169.2677001953125,1560500
2016-07-21,DGKC,205.0500030517578,207.75,204.6999969482422,206.39999389648438,170.63177490234375,1521600
2016-07-22,DGKC,206.8000030517578,208.75,205.5500030517578,206.75999450683594,170.92941284179688,1645000
2016-07-25,DGKC,206.10000610351562,208.52000427246094,206.10000610351562,206.6999969482422,170.8798065185547,1017200
2016-07-26,DGKC,206.75,208.0,206.00999450683594,206.50999450683594,170.72271728515625,767400
2016-07-27,DGKC,206.8000030517578,209.88999938964844,206.8000030517578,208.8000030517578,172.61587524414062,2213400
2016-07-28,DGKC,209.0,210.55999755859375,208.0500030517578,208.47999572753906,172.35133361816406,1211400
2016-07-29,DGKC,208.5,210.60000610351562,208.00999450683594,210.02999877929688,173.63270568847656,798400
2016-08-01,DGKC,210.02999877929688,210.02999877929688,210.02999877929688,210.02999877929688,173.63270568847656,0
2016-08-02,DGKC,212.3000030517578,213.25,210.5,211.8800048828125,175.16212463378906,1844600
2016-08-03,DGKC,212.10000610351562,212.89999389648438,211.25,211.83999633789062,175.12904357910156,477400
2016-08-04,DGKC,212.10000610351562,212.5,207.0,207.5500030517578,171.58248901367188,1661300
2016-08-05,DGKC,207.50999450683594,208.0,204.5,205.6199951171875,169.98696899414062,1372200
2016-08-08,DGKC,206.0,207.0,205.1199951171875,206.36000061035156,170.5987091064453,1138000
2016-08-09,DGKC,206.5,207.14999389648438,206.10000610351562,206.44000244140625,170.6648712158203,535000
2016-08-10,DGKC,207.39999389648438,208.97999572753906,206.75,207.77000427246094,171.76438903808594,1441700
2016-08-11,DGKC,209.39999389648438,209.39999389648438,205.25,206.27999877929688,170.53257751464844,1221000
2016-08-12,DGKC,206.99000549316406,207.0,204.50999450683594,205.3000030517578,169.72242736816406,602100
2016-08-15,DGKC,206.0,207.8000030517578,205.52000427246094,206.97000122070312,171.10299682617188,1529800
2016-08-16,DGKC,207.5,208.8000030517578,206.0,206.36000061035156,170.5987091064453,2052800
2016-08-17,DGKC,206.5,209.4499969482422,206.5,208.72999572753906,172.55799865722656,1670900
2016-08-18,DGKC,209.75,209.75,204.8000030517578,205.44000244140625,169.83815002441406,662800
2016-08-19,DGKC,205.50999450683594,205.50999450683594,198.10000610351562,200.4499969482422,165.712890625,3208000
2016-08-22,DGKC,198.0,198.0,198.0,198.0,163.6874542236328,1380700
2016-08-23,DGKC,199.5,200.97999572753906,196.10000610351562,196.60000610351562,162.5300750732422,1731800
2016-08-24,DGKC,197.00999450683594,198.00999450683594,194.25999450683594,195.27000427246094,161.43055725097656,1734700
2016-08-25,DGKC,196.19000244140625,201.99000549316406,195.5500030517578,199.7100067138672,165.10113525390625,4789900
2016-08-26,DGKC,200.0,201.5,198.1999969482422,198.6199951171875,164.20004272460938,1697100
2016-08-29,DGKC,198.50999450683594,200.0,197.14999389648438,197.77000427246094,163.49732971191406,829800
2016-08-30,DGKC,197.7100067138672,199.88999938964844,196.80999755859375,199.41000366210938,164.85311889648438,822400
2016-08-31,DGKC,199.8000030517578,201.10000610351562,197.14999389648438,197.5,163.27410888671875,2215800
2016-09-01,DGKC,198.17999267578125,198.49000549316406,196.3000030517578,197.60000610351562,163.35678100585938,1107900
2016-09-02,DGKC,197.1999969482422,197.1999969482422,189.5,191.9600067138672,158.69418334960938,2406400
2016-09-05,DGKC,192.0,192.5,183.11000061035156,184.27999877929688,152.34507751464844,5082900
2016-09-06,DGKC,184.47000122070312,190.1999969482422,183.25,188.72000122070312,156.01565551757812,9902800
2016-09-07,DGKC,191.3000030517578,192.24000549316406,189.0,189.8000030517578,156.90847778320312,3752500
2016-09-08,DGKC,190.3000030517578,190.5,187.8000030517578,188.57000732421875,155.89166259765625,1133200
2016-09-09,DGKC,189.49000549316406,191.5,188.25,191.1199951171875,157.99972534179688,1846400
2016-09-12,DGKC,191.1199951171875,191.1199951171875,191.1199951171875,191.1199951171875,157.99972534179688,0
2016-09-13,DGKC,191.1199951171875,191.1199951171875,191.1199951171875,191.1199951171875,157.99972534179688,0
2016-09-14,DGKC,191.1199951171875,191.1199951171875,191.1199951171875,191.1199951171875,157.99972534179688,0
2016-09-15,DGKC,191.39999389648438,191.39999389648438,189.0,189.1999969482422,156.41246032714844,431700
2016-09-16,DGKC,190.0,191.05999755859375,187.25,187.97999572753906,155.40386962890625,1674400
2016-09-19,DGKC,188.5,189.0,187.0,187.08999633789062,154.66810607910156,911100
2016-09-20,DGKC,187.0,188.0,186.5,187.24000549316406,154.79212951660156,722900
2016-09-21,DGKC,187.47000122070312,191.89999389648438,183.39999389648438,185.6199951171875,153.45285034179688,3553100
2016-09-22,DGKC,187.5,190.0,187.5,188.07000732421875,155.47828674316406,726600
2016-09-23,DGKC,188.49000549316406,188.85000610351562,186.00999450683594,186.97000122070312,154.5689239501953,2109500
2016-09-26,DGKC,188.0,191.89999389648438,188.0,190.69000244140625,157.64425659179688,1446500
2016-09-27,DGKC,192.0,192.5,189.60000610351562,190.36000061035156,157.37144470214844,816200
2016-09-28,DGKC,190.49000549316406,191.39999389648438,188.50999450683594,190.08999633789062,157.14820861816406,798100
2016-09-29,DGKC,190.08999633789062,191.27999877929688,187.02000427246094,187.8800048828125,155.32122802734375,1223900
2016-09-30,DGKC,188.0,189.0,185.5,185.8800048828125,153.66781616210938,1829200
2016-10-03,DGKC,186.30999755859375,191.8800048828125,185.5500030517578,190.10000610351562,157.15652465820312,4231500
2016-10-04,DGKC,191.0,191.0,186.1199951171875,187.4600067138672,154.97401428222656,2916500
2016-10-05,DGKC,188.47999572753906,189.89999389648438,187.64999389648438,188.52999877929688,155.85858154296875,1715600
2016-10-06,DGKC,188.92999267578125,191.75,188.8000030517578,191.14999389648438,158.0245361328125,2707900
2016-10-07,DGKC,191.5,193.0,189.61000061035156,191.63999938964844,158.42962646484375,1160700
2016-10-10,DGKC,191.89999389648438,192.33999633789062,190.10000610351562,190.4600067138672,157.45411682128906,955300
2016-10-11,DGKC,190.4600067138672,190.4600067138672,190.4600067138672,190.4600067138672,157.45411682128906,0
2016-10-12,DGKC,190.4600067138672,190.4600067138672,190.4600067138672,190.4600067138672,157.45411682128906,0
2016-10-13,DGKC,191.99000549316406,194.8800048828125,191.11000061035156,192.97000122070312,159.52915954589844,1948800
2016-10-14,DGKC,187.0,188.0,184.0,185.13999938964844,157.9677276611328,2257700
2016-10-17,DGKC,185.1999969482422,186.0,181.25,182.19000244140625,155.45069885253906,1189600
2016-10-18,DGKC,181.99000549316406,182.49000549316406,175.32000732421875,176.27999877929688,150.40806579589844,3052100
2016-10-19,DGKC,176.02000427246094,177.99000549316406,174.77000427246094,176.91000366210938,150.9456024169922,1724900
2016-10-20,DGKC,178.88999938964844,181.39999389648438,178.10000610351562,178.6199951171875,152.40463256835938,2147000
2016-10-21,DGKC,179.1999969482422,179.2899932861328,175.5,175.8800048828125,150.06678771972656,825700
2016-10-24,DGKC,176.10000610351562,176.88999938964844,173.0,175.22999572753906,149.51217651367188,524500
2016-10-25,DGKC,175.0,176.5,170.0,175.94000244140625,150.1179656982422,2556900
2016-10-26,DGKC,175.47999572753906,177.39999389648438,174.74000549316406,175.88999938964844,150.0753173828125,703000
2016-10-27,DGKC,175.88999938964844,177.0,172.02999877929688,173.0,147.60946655273438,492200
2016-10-28,DGKC,170.50999450683594,174.0,170.11000061035156,171.8000030517578,146.58560180664062,1235500
2016-10-31,DGKC,170.5,172.9499969482422,169.8000030517578,171.66000366210938,146.4661407470703,298500
2016-11-01,DGKC,171.66000366210938,180.24000549316406,171.5,179.8699951171875,153.47119140625,3566000
2016-11-02,DGKC,181.0,184.0,180.1300048828125,181.16000366210938,154.5718536376953,2951700
2016-11-03,DGKC,180.25,182.0,178.85000610351562,179.16000366210938,152.86537170410156,1464600
2016-11-04,DGKC,179.02000427246094,180.24000549316406,177.8000030517578,178.1699981689453,152.02069091796875,889300
2016-11-07,DGKC,178.99000549316406,181.1999969482422,178.39999389648438,180.52000427246094,154.0258026123047,805200
2016-11-08,DGKC,181.0,185.00999450683594,181.0,184.1300048828125,157.10597229003906,3777800
2016-11-09,DGKC,184.1300048828125,184.1300048828125,184.1300048828125,184.1300048828125,157.10597229003906,0
2016-11-10,DGKC,183.39999389648438,189.24000549316406,183.39999389648438,186.5500030517578,159.17079162597656,5337900
2016-11-11,DGKC,186.6999969482422,192.0,186.14999389648438,189.9199981689453,162.04617309570312,5658800
2016-11-14,DGKC,191.1999969482422,192.8800048828125,185.5,186.13999938964844,158.8209686279297,5339600
2016-11-15,DGKC,186.89999389648438,187.5,184.0,185.75999450683594,158.49673461914062,2488500
2016-11-16,DGKC,185.5,187.10000610351562,184.75,186.3300018310547,158.9830780029297,1139900
2016-11-17,DGKC,186.0,188.0,185.11000061035156,186.27999877929688,158.94041442871094,2214700
2016-11-18,DGKC,186.99000549316406,189.5,186.0500030517578,186.94000244140625,159.50355529785156,3168600
2016-11-21,DGKC,186.94000244140625,187.0,185.35000610351562,186.0,158.70152282714844,525800
2016-11-22,DGKC,186.14999389648438,187.39999389648438,185.61000061035156,186.57000732421875,159.1878662109375,1017000
2016-11-23,DGKC,186.58999633789062,188.69000244140625,185.75,188.25,160.62127685546875,1904400
2016-11-24,DGKC,188.5,191.75,188.10000610351562,191.17999267578125,163.12124633789062,3393400
2016-11-25,DGKC,191.10000610351562,193.39999389648438,190.0,190.77999877929688,162.77996826171875,3125800
2016-11-28,DGKC,191.8000030517578,194.00999450683594,191.5,193.30999755859375,164.9386444091797,2262200
2016-11-29,DGKC,194.1999969482422,194.35000610351562,192.0,192.83999633789062,164.53762817382812,1386800
2016-11-30,DGKC,193.1999969482422,193.1999969482422,190.5,190.86000061035156,162.84823608398438,614600
2016-12-01,DGKC,191.0,194.75,191.0,192.63999938964844,164.36697387695312,2736100
2016-12-02,DGKC,193.0,196.10000610351562,192.50999450683594,195.17999267578125,166.53416442871094,2419300
2016-12-05,DGKC,196.0,199.39999389648438,196.0,196.99000549316406,168.07855224609375,2594200
2016-12-06,DGKC,197.8800048828125,206.8300018310547,197.0,206.6199951171875,176.29518127441406,7273900
2016-12-07,DGKC,208.88999938964844,215.5,208.25,210.5399932861328,179.63987731933594,5869400
2016-12-08,DGKC,212.0,213.25,207.11000061035156,208.5800018310547,177.967529296875,3422000
2016-12-09,DGKC,209.0800018310547,219.0,208.10000610351562,214.74000549316406,183.2234649658203,10464100
2016-12-12,DGKC,214.74000549316406,214.74000549316406,214.74000549316406,214.74000549316406,183.2234649658203,0
2016-12-13,DGKC,216.0,218.02999877929688,213.14999389648438,214.75999450683594,183.24049377441406,2701300
2016-12-14,DGKC,214.6199951171875,221.47999572753906,212.25999450683594,219.6199951171875,187.38723754882812,6052400
2016-12-15,DGKC,219.97999572753906,220.75,214.5,215.63999938964844,183.99136352539062,3330500
2016-12-16,DGKC,216.24000549316406,217.0,214.02000427246094,214.4600067138672,182.98455810546875,2422100
2016-12-19,DGKC,215.02000427246094,215.6999969482422,213.13999938964844,213.83999633789062,182.45553588867188,2674100
2016-12-20,DGKC,214.0,217.3000030517578,212.5,213.75,182.37876892089844,3801200
2016-12-21,DGKC,214.0,215.3000030517578,208.5,213.9499969482422,182.54937744140625,4560100
2016-12-22,DGKC,214.5500030517578,216.0,211.25,212.0399932861328,180.91970825195312,2036100
2016-12-23,DGKC,212.88999938964844,214.0,211.10000610351562,212.33999633789062,181.1757049560547,866000
2016-12-26,DGKC,213.0,214.0,210.0,210.47999572753906,179.5886688232422,883700
2016-12-27,DGKC,211.5,214.25,211.10000610351562,213.69000244140625,182.3275604248047,1241100
2016-12-28,DGKC,214.0,219.38999938964844,214.0,218.35000610351562,186.30361938476562,4877100
2016-12-29,DGKC,219.99000549316406,222.0,217.5,220.94000244140625,188.5135040283203,4472700
2016-12-30,DGKC,221.99000549316406,224.3000030517578,219.94000244140625,221.72999572753906,189.18756103515625,4055400
2017-01-02,DGKC,222.6999969482422,225.47999572753906,222.0,222.6199951171875,189.94691467285156,2567800
2017-01-03,DGKC,223.30999755859375,233.75,219.8000030517578,232.63999938964844,198.49632263183594,7849200
2017-01-04,DGKC,233.0500030517578,238.39999389648438,229.1199951171875,230.39999389648438,196.58509826660156,4444500
2017-01-05,DGKC,231.0,231.4499969482422,227.00999450683594,227.97999572753906,194.52024841308594,2988300
2017-01-06,DGKC,228.10000610351562,229.49000549316406,226.0,226.5399932861328,193.2916259765625,2749300
2017-01-09,DGKC,228.0,229.39999389648438,223.6999969482422,224.58999633789062,191.62779235839844,2921700
2017-01-10,DGKC,225.5,227.5,224.10000610351562,225.75,192.6175537109375,1663600
2017-01-11,DGKC,227.0,230.3800048828125,225.5,228.47999572753906,194.9468994140625,4440300
2017-01-12,DGKC,229.1999969482422,232.0,227.6999969482422,228.2899932861328,194.78475952148438,2499000
2017-01-13,DGKC,228.0,229.25,222.5,224.5,191.551025390625,3047400
2017-01-16,DGKC,225.30999755859375,226.5,220.67999267578125,222.8300018310547,190.1260986328125,2368000
2017-01-17,DGKC,223.8300018310547,224.75,218.0,222.22000122070312,189.6056365966797,2636500
2017-01-18,DGKC,223.22000122070312,224.69000244140625,221.60000610351562,222.22999572753906,189.61416625976562,1327900
2017-01-19,DGKC,223.0,226.0,222.0,225.0500030517578,192.02029418945312,2907200
2017-01-20,DGKC,226.35000610351562,227.24000549316406,224.13999938964844,224.9199981689453,191.90936279296875,2285700
2017-01-23,DGKC,225.14999389648438,227.64999389648438,225.10000610351562,227.02999877929688,193.70968627929688,1487100
2017-01-24,DGKC,228.6999969482422,233.89999389648438,227.0,231.82000732421875,197.79669189453125,4656200
2017-01-25,DGKC,232.97999572753906,234.0,228.39999389648438,229.33999633789062,195.6806640625,2625500
2017-01-26,DGKC,229.0,237.77999877929688,227.6999969482422,235.36000061035156,200.817138671875,4141200
2017-01-27,DGKC,238.0,240.3000030517578,232.07000732421875,233.8300018310547,199.5116729736328,3805100
2017-01-30,DGKC,233.8300018310547,234.5,226.1199951171875,227.1699981689453,193.8291473388672,3143900
2017-01-31,DGKC,227.25,231.38999938964844,225.0500030517578,230.0399932861328,196.27792358398438,2753200
2017-02-01,DGKC,232.25999450683594,234.7899932861328,231.0,233.2899932861328,199.0509490966797,2930800
2017-02-02,DGKC,234.24000549316406,235.5,228.5,230.60000610351562,196.75575256347656,3469500
2017-02-03,DGKC,230.99000549316406,233.5,228.5,230.6300048828125,196.78134155273438,2133100
2017-02-06,DGKC,231.99000549316406,233.3300018310547,231.0,231.58999633789062,197.60043334960938,576500
2017-02-07,DGKC,232.75,233.97999572753906,231.0,232.22000122070312,198.13800048828125,1201800
2017-02-08,DGKC,232.5500030517578,235.0,232.3000030517578,233.69000244140625,199.39222717285156,2442900
2017-02-09,DGKC,234.0,245.3699951171875,233.60000610351562,245.3699951171875,209.35800170898438,6047000
2017-02-10,DGKC,247.99000549316406,250.39999389648438,243.60000610351562,244.94000244140625,208.9911346435547,4334600
2017-02-13,DGKC,245.3000030517578,246.99000549316406,240.0,241.9199981689453,206.4143524169922,1770800
2017-02-14,DGKC,240.60000610351562,242.0500030517578,238.0,241.61000061035156,206.1498565673828,1862700
2017-02-15,DGKC,241.61000061035156,243.39999389648438,237.6999969482422,238.5399932861328,203.53042602539062,2001700
2017-02-16,DGKC,239.0,243.0,234.10000610351562,236.25,201.57652282714844,2943100
2017-02-17,DGKC,235.0,240.39999389648438,235.0,236.8800048828125,202.1140594482422,768100
2017-02-20,DGKC,238.0,238.0,230.0,232.22000122070312,198.13800048828125,709200
2017-02-21,DGKC,232.0,234.39999389648438,230.0500030517578,233.89999389648438,199.57142639160156,1175200
2017-02-22,DGKC,233.6999969482422,238.5,233.6999969482422,237.3699951171875,202.5321502685547,838900
2017-02-23,DGKC,235.52000427246094,239.8000030517578,234.4499969482422,238.67999267578125,203.64987182617188,1483400
2017-02-24,DGKC,238.00999450683594,244.1999969482422,238.00999450683594,240.27000427246094,205.00653076171875,2520000
2017-02-27,DGKC,240.97999572753906,241.5,234.0,235.11000061035156,200.60385131835938,935200
2017-02-28,DGKC,235.0,236.89999389648438,231.88999938964844,235.4199981689453,200.86831665039062,484400
2017-03-01,DGKC,235.5,240.25,235.10000610351562,238.97999572753906,203.9058380126953,1424900
2017-03-02,DGKC,241.5,243.8000030517578,240.0,242.75,207.1225128173828,1922500
2017-03-03,DGKC,243.47000122070312,243.99000549316406,238.7100067138672,239.32000732421875,204.19595336914062,1241100
2017-03-06,DGKC,239.24000549316406,241.6999969482422,236.0,236.6300048828125,201.90074157714844,535600
2017-03-07,DGKC,236.0,237.32000732421875,234.0,235.80999755859375,201.20108032226562,552900
2017-03-08,DGKC,235.85000610351562,238.8000030517578,235.6999969482422,236.7899932861328,202.03726196289062,520300
2017-03-09,DGKC,237.00999450683594,238.9499969482422,234.0,234.88999938964844,200.41612243652344,830900
2017-03-10,DGKC,234.25,236.0,231.64999389648438,234.52000427246094,200.10040283203125,1176700
2017-03-13,DGKC,235.0,235.49000549316406,230.0,230.89999389648438,197.01168823242188,486100
2017-03-14,DGKC,231.49000549316406,236.0,228.8000030517578,234.19000244140625,199.81884765625,2564100
2017-03-15,DGKC,235.5,237.8699951171875,232.89999389648438,234.6300048828125,200.19427490234375,1806000
2017-03-16,DGKC,235.49000549316406,235.49000549316406,230.0,233.16000366210938,198.94000244140625,1598700
2017-03-17,DGKC,233.8000030517578,237.4499969482422,233.3000030517578,235.85000610351562,201.23521423339844,1724100
2017-03-20,DGKC,236.5,238.88999938964844,235.5,236.17999267578125,201.51678466796875,1441900
2017-03-21,DGKC,237.0,239.39999389648438,235.6999969482422,238.8699951171875,203.81198120117188,1561300
2017-03-22,DGKC,239.64999389648438,240.88999938964844,237.25,237.8000030517578,202.89903259277344,2062800
2017-03-23,DGKC,237.8000030517578,237.8000030517578,237.8000030517578,237.8000030517578,202.89903259277344,0
2017-03-24,DGKC,238.0,238.49000549316406,236.0,236.13999938964844,201.48265075683594,623100
2017-03-27,DGKC,236.10000610351562,236.5,233.25,233.67999267578125,199.38369750976562,822400
2017-03-28,DGKC,233.5,236.5,231.5,232.8000030517578,198.6328582763672,1474900
2017-03-29,DGKC,234.0500030517578,235.6999969482422,231.82000732421875,232.5800018310547,198.44512939453125,1384000
2017-03-30,DGKC,233.0,233.24000549316406,230.3000030517578,231.97999572753906,197.93321228027344,1693000
2017-03-31,DGKC,232.97999572753906,233.0,228.5,232.39999389648438,198.29156494140625,1488700
2017-04-03,DGKC,234.0,234.00999450683594,230.1199951171875,230.8699951171875,196.98609924316406,517500
2017-04-04,DGKC,231.5,233.39999389648438,231.0,232.66000366210938,198.51339721679688,425800
2017-04-05,DGKC,232.66000366210938,232.66000366210938,232.66000366210938,232.66000366210938,198.51339721679688,0
2017-04-06,DGKC,230.00999450683594,231.25,225.99000549316406,226.94000244140625,193.63291931152344,710900
2017-04-07,DGKC,228.85000610351562,231.0,227.25,230.25,196.45709228515625,243500
2017-04-10,DGKC,230.30999755859375,232.10000610351562,228.00999450683594,231.6300048828125,197.63458251953125,694400
2017-04-11,DGKC,230.1999969482422,233.58999633789062,230.1999969482422,233.1199951171875,198.90589904785156,362600
2017-04-12,DGKC,233.39999389648438,233.8000030517578,231.5,231.9499969482422,197.90760803222656,201900
2017-04-13,DGKC,232.00999450683594,233.0,229.8000030517578,230.8000030517578,196.9263916015625,256000
2017-04-14,DGKC,230.94000244140625,230.94000244140625,228.0,228.55999755859375,195.01515197753906,240400
2017-04-17,DGKC,228.82000732421875,229.00999450683594,220.5500030517578,226.99000549316406,193.67556762695312,763900
2017-04-18,DGKC,227.0,228.5,224.00999450683594,224.99000549316406,191.9691162109375,583400
2017-04-19,DGKC,220.0,230.0,219.0,228.38999938964844,194.87008666992188,2200600
2017-04-20,DGKC,229.0,239.8000030517578,225.0,236.99000549316406,202.20791625976562,4541300
2017-04-21,DGKC,237.5,243.1999969482422,237.0,242.02000427246094,206.4996795654297,4044100
2017-04-24,DGKC,242.80999755859375,243.0,239.5,240.05999755859375,204.82733154296875,2405300
2017-04-25,DGKC,240.60000610351562,241.6999969482422,237.0,237.75,202.85635375976562,1237200
2017-04-26,DGKC,238.0,241.39999389648438,234.10000610351562,240.5399932861328,205.23687744140625,728200
2017-04-27,DGKC,242.0,242.0,238.11000061035156,240.11000061035156,204.87001037597656,580200
2017-04-28,DGKC,240.0,240.0500030517578,237.5,239.0,203.92291259765625,1051800
2017-05-01,DGKC,239.0,239.0,239.0,239.0,203.92291259765625,0
2017-05-02,DGKC,236.5500030517578,238.85000610351562,233.5,234.13999938964844,199.77621459960938,1076500
2017-05-03,DGKC,235.0,236.10000610351562,231.5,232.4199981689453,198.3086395263672,2272800
2017-05-04,DGKC,232.16000366210938,239.8000030517578,232.14999389648438,237.80999755859375,202.9075469970703,1057400
2017-05-05,DGKC,238.0,242.0,238.0,238.67999267578125,203.64987182617188,1527100
2017-05-08,DGKC,239.9600067138672,242.0,238.75,240.4499969482422,205.16009521484375,1164800
2017-05-09,DGKC,241.49000549316406,243.10000610351562,237.8000030517578,239.1300048828125,204.0338134765625,2644000
2017-05-10,DGKC,239.99000549316406,239.99000549316406,234.02000427246094,235.82000732421875,201.20962524414062,2198000
2017-05-11,DGKC,236.11000061035156,238.5,236.02000427246094,236.44000244140625,201.73861694335938,848000
2017-05-12,DGKC,237.0,240.3000030517578,236.5,239.25999450683594,204.14476013183594,1396200
2017-05-15,DGKC,242.0,245.0,241.9499969482422,242.74000549316406,207.114013671875,2061100
2017-05-16,DGKC,249.0,249.0,243.60000610351562,244.38999938964844,208.52182006835938,2589000
2017-05-17,DGKC,244.9499969482422,246.60000610351562,241.38999938964844,241.86000061035156,206.36314392089844,1163400
2017-05-18,DGKC,242.5,243.0,239.0,239.39999389648438,204.26419067382812,557100
2017-05-19,DGKC,239.0,240.99000549316406,234.75,235.36000061035156,200.817138671875,1536700
2017-05-22,DGKC,235.5,240.75,235.0,239.39999389648438,204.26419067382812,713500
2017-05-23,DGKC,240.5,241.6999969482422,239.6999969482422,240.94000244140625,205.5782012939453,1391800
2017-05-24,DGKC,242.0,244.69000244140625,242.0,243.0399932861328,207.36996459960938,1310300
2017-05-25,DGKC,243.9499969482422,247.35000610351562,242.50999450683594,244.74000549316406,208.82046508789062,1848600
2017-05-26,DGKC,244.75,245.89999389648438,241.5,242.8800048828125,207.2334747314453,773900
2017-05-29,DGKC,240.0,241.0,238.0,239.17999267578125,204.0764617919922,1540800
2017-05-30,DGKC,240.0,241.0,236.0,237.44000244140625,202.59185791015625,979400
2017-05-31,DGKC,238.5,242.0,234.0,238.32000732421875,203.34271240234375,5087200
2017-06-01,DGKC,238.0500030517578,239.25,226.41000366210938,227.27999877929688,193.92298889160156,2811100
2017-06-02,DGKC,226.14999389648438,226.88999938964844,219.0,222.9199981689453,190.20291137695312,2044200
2017-06-05,DGKC,223.99000549316406,234.05999755859375,223.99000549316406,233.94000244140625,199.6055450439453,2076100
2017-06-06,DGKC,237.0,239.8000030517578,235.0,237.61000061035156,202.73692321777344,1728300
2017-06-07,DGKC,238.0,239.49000549316406,235.52000427246094,236.32000732421875,201.63624572753906,571400
2017-06-08,DGKC,237.60000610351562,237.60000610351562,230.11000061035156,231.3699951171875,197.41273498535156,818300
2017-06-09,DGKC,232.0,232.5,228.64999389648438,229.44000244140625,195.7659912109375,382100
2017-06-12,DGKC,223.99000549316406,225.5,218.0399932861328,220.13999938964844,187.83091735839844,1810500
2017-06-13,DGKC,222.0,226.25,215.0,219.50999450683594,187.29336547851562,2456600
2017-06-14,DGKC,220.74000549316406,227.75,220.74000549316406,224.3300018310547,191.40599060058594,2707800
2017-06-15,DGKC,221.0,226.0,220.0,220.74000549316406,188.34286499023438,1325400
2017-06-16,DGKC,222.89999389648438,222.89999389648438,216.2100067138672,216.8300018310547,185.00672912597656,667700
2017-06-19,DGKC,217.9499969482422,218.5,209.52000427246094,211.22999572753906,180.22860717773438,1947000
2017-06-20,DGKC,211.5500030517578,214.6999969482422,200.8000030517578,202.0800018310547,172.4215087890625,2568400
2017-06-21,DGKC,202.0,212.17999267578125,197.0500030517578,211.3000030517578,180.28831481933594,2355900
2017-06-22,DGKC,213.0,219.5,212.5,215.0800018310547,183.51356506347656,2661600
2017-06-23,DGKC,215.0800018310547,215.0800018310547,215.0800018310547,215.0800018310547,183.51356506347656,0
2017-06-26,DGKC,215.0800018310547,215.0800018310547,215.0800018310547,215.0800018310547,183.51356506347656,0
2017-06-27,DGKC,215.0800018310547,215.0800018310547,215.0800018310547,215.0800018310547,183.51356506347656,0
2017-06-28,DGKC,215.0800018310547,215.0800018310547,215.0800018310547,215.0800018310547,183.51356506347656,0
2017-06-29,DGKC,210.02000427246094,219.39999389648438,209.0,211.89999389648438,180.80026245117188,3316400
2017-06-30,DGKC,211.0500030517578,214.64999389648438,210.0,213.16000366210938,181.87533569335938,1239700
2017-07-03,DGKC,210.0,212.0,202.50999450683594,202.60000610351562,172.8651885986328,1586400
2017-07-04,DGKC,201.5,212.72999572753906,200.00999450683594,210.08999633789062,179.25592041015625,1499800
2017-07-05,DGKC,207.10000610351562,215.50999450683594,199.60000610351562,208.1199951171875,177.5750274658203,1710500
2017-07-06,DGKC,206.11000061035156,211.49000549316406,202.0,204.66000366210938,174.62286376953125,719700
2017-07-07,DGKC,207.0,208.3000030517578,204.05999755859375,207.3699951171875,176.93511962890625,1044800
2017-07-10,DGKC,205.02000427246094,216.8000030517578,203.14999389648438,215.22999572753906,183.64154052734375,2103800
2017-07-11,DGKC,208.0,208.0,204.47000122070312,204.47000122070312,174.46075439453125,1140700
2017-07-12,DGKC,200.13999938964844,202.89999389648438,194.25,194.27000427246094,165.75775146484375,6170400
2017-07-13,DGKC,195.10000610351562,195.9499969482422,185.0,188.4499969482422,160.7919464111328,1602400
2017-07-14,DGKC,188.41000366210938,194.8000030517578,186.6999969482422,193.38999938964844,165.00689697265625,2651400
2017-07-17,DGKC,191.97999572753906,195.0,190.00999450683594,194.11000061035156,165.62123107910156,486100
2017-07-18,DGKC,195.5,200.89999389648438,195.0,199.77999877929688,170.4590606689453,2360600
2017-07-19,DGKC,199.97999572753906,200.89999389648438,195.5,196.35000610351562,167.532470703125,1306200
2017-07-20,DGKC,199.75999450683594,201.0,192.3000030517578,193.39999389648438,165.01544189453125,1170400
2017-07-21,DGKC,191.0,194.97000122070312,189.10000610351562,193.0500030517578,164.716796875,2107900
2017-07-24,DGKC,193.60000610351562,195.5,193.14999389648438,194.91000366210938,166.30381774902344,825000
2017-07-25,DGKC,195.10000610351562,197.0,195.10000610351562,196.80999755859375,167.92495727539062,1100600
2017-07-26,DGKC,197.39999389648438,197.85000610351562,195.0,195.5399932861328,166.84133911132812,540700
2017-07-27,DGKC,197.25,197.4499969482422,193.5,196.6199951171875,167.76284790039062,1088500
2017-07-28,DGKC,195.0,195.0,186.7899932861328,189.38999938964844,161.59397888183594,6453400
2017-07-31,DGKC,191.0,194.97999572753906,191.0,193.6999969482422,165.27139282226562,3759700
2017-08-01,DGKC,194.97999572753906,198.5,194.25,197.6999969482422,168.68434143066406,1703100
2017-08-02,DGKC,198.5,202.49000549316406,198.5,200.89999389648438,171.4146728515625,1943100
2017-08-03,DGKC,201.75,203.0,200.11000061035156,201.02000427246094,171.51707458496094,1374800
2017-08-04,DGKC,202.0,202.39999389648438,198.5,198.8699951171875,169.68263244628906,696100
2017-08-07,DGKC,198.25,199.69000244140625,196.35000610351562,196.8699951171875,167.9761505126953,520200
2017-08-08,DGKC,196.89999389648438,197.4499969482422,191.0,191.6199951171875,163.49667358398438,520000
2017-08-09,DGKC,191.0,193.9499969482422,189.0,192.4499969482422,164.20486450195312,500200
2017-08-10,DGKC,193.5,197.0,190.1999969482422,191.89999389648438,163.73558044433594,591800
2017-08-11,DGKC,192.88999938964844,192.88999938964844,189.6999969482422,190.85000610351562,162.83969116210938,260000
2017-08-14,DGKC,190.85000610351562,190.85000610351562,190.85000610351562,190.85000610351562,162.83969116210938,0
2017-08-15,DGKC,190.14999389648438,191.1999969482422,181.30999755859375,181.35000610351562,154.73399353027344,1477900
2017-08-16,DGKC,181.0,185.3000030517578,176.10000610351562,182.92999267578125,156.0820770263672,2162700
2017-08-17,DGKC,183.22999572753906,183.22999572753906,175.52000427246094,176.85000610351562,150.89442443847656,917000
2017-08-18,DGKC,176.02000427246094,176.0500030517578,170.52000427246094,171.75999450683594,146.5514678955078,3571000
2017-08-21,DGKC,171.0,171.0,163.17999267578125,163.17999267578125,139.230712890625,3981300
2017-08-22,DGKC,161.39999389648438,163.17999267578125,155.02999877929688,155.3000030517578,132.50723266601562,7526900
2017-08-23,DGKC,155.3000030517578,160.5,152.0,159.9600067138672,136.48330688476562,4533500
2017-08-24,DGKC,160.5,161.6699981689453,151.97000122070312,151.97000122070312,129.66595458984375,3548800
2017-08-25,DGKC,149.5,159.3000030517578,147.5,157.17999267578125,134.11131286621094,4470800
2017-08-28,DGKC,157.4499969482422,161.77999877929688,151.0,152.4600067138672,130.0840301513672,3104200
2017-08-29,DGKC,151.89999389648438,153.25,146.5,149.27000427246094,127.36224365234375,2420200
2017-08-30,DGKC,149.39999389648438,156.72999572753906,149.0,156.66000366210938,133.66761779785156,4370500
2017-08-31,DGKC,156.0,157.0,152.5,155.47999572753906,132.66082763671875,1142900
2017-09-01,DGKC,155.47999572753906,155.47999572753906,155.47999572753906,155.47999572753906,132.66082763671875,0
2017-09-04,DGKC,155.47999572753906,155.47999572753906,155.47999572753906,155.47999572753906,132.66082763671875,0
2017-09-05,DGKC,157.89999389648438,160.5,155.5500030517578,159.16000366210938,135.8007049560547,1698000
2017-09-06,DGKC,159.50999450683594,160.49000549316406,151.3000030517578,151.8300018310547,129.5465087890625,2140400
2017-09-07,DGKC,151.5500030517578,153.85000610351562,148.3000030517578,152.24000549316406,129.89633178710938,1619100
2017-09-08,DGKC,154.10000610351562,157.0,153.5,155.8300018310547,132.9594268798828,2177800
2017-09-11,DGKC,156.1999969482422,157.8300018310547,152.00999450683594,152.86000061035156,130.42535400390625,604100
2017-09-12,DGKC,153.0,154.39999389648438,148.60000610351562,150.42999267578125,128.3519744873047,1110300
2017-09-13,DGKC,151.0,155.97999572753906,151.0,154.9600067138672,132.21713256835938,2183500
2017-09-14,DGKC,155.0,155.33999633789062,152.10000610351562,153.25999450683594,130.76661682128906,1134100
2017-09-15,DGKC,154.0,155.8000030517578,152.8000030517578,155.0500030517578,132.29393005371094,2782500
2017-09-18,DGKC,155.8000030517578,156.6999969482422,151.6199951171875,152.13999938964844,129.81101989746094,1400100
2017-09-19,DGKC,152.5,154.5,148.5,152.86000061035156,130.42535400390625,5347400
2017-09-20,DGKC,154.0,155.2899932861328,152.0,153.72999572753906,131.1676483154297,3353700
2017-09-21,DGKC,154.89999389648438,154.89999389648438,151.4499969482422,151.9600067138672,129.6574249267578,1010600
2017-09-22,DGKC,152.0,153.99000549316406,151.5,152.0500030517578,129.7342071533203,897000
2017-09-25,DGKC,151.99000549316406,153.16000366210938,151.0,151.49000549316406,129.2563934326172,906200
2017-09-26,DGKC,151.5,151.9499969482422,149.5,150.19000244140625,128.14720153808594,1842800
2017-09-27,DGKC,150.19000244140625,150.2899932861328,147.4199981689453,148.8300018310547,126.98680114746094,674600
2017-09-28,DGKC,148.2100067138672,149.50999450683594,148.0,148.8699951171875,127.02091979980469,701900
2017-09-29,DGKC,149.0,149.4499969482422,146.10000610351562,146.86000061035156,125.3059310913086,1434500
2017-10-02,DGKC,147.5,149.99000549316406,146.5,147.07000732421875,125.48511505126953,1332600
2017-10-03,DGKC,146.88999938964844,146.89999389648438,139.72000122070312,139.72999572753906,119.22237396240234,3285200
2017-10-04,DGKC,140.00999450683594,141.0,132.8000030517578,135.52000427246094,115.63026428222656,1870500
2017-10-05,DGKC,136.9499969482422,140.88999938964844,135.41000366210938,139.9600067138672,119.41862487792969,2678400
2017-10-06,DGKC,141.39999389648438,146.9499969482422,140.5,146.64999389648438,125.12674713134766,3945600
2017-10-09,DGKC,146.5,147.4499969482422,143.00999450683594,144.3000030517578,123.12165832519531,1770800
2017-10-10,DGKC,143.75,143.99000549316406,138.5,140.89999389648438,120.22065734863281,851900
2017-10-11,DGKC,141.25,144.5,139.75999450683594,141.33999633789062,120.59607696533203,1311400
2017-10-12,DGKC,141.0,142.3000030517578,136.0,137.8800048828125,117.64390563964844,2403700
2017-10-13,DGKC,135.11000061035156,137.5,133.0,136.75999450683594,116.68826293945312,2570300
2017-10-16,DGKC,138.0,143.0,138.0,142.60000610351562,121.67115783691406,2047900
2017-10-17,DGKC,142.8800048828125,146.8800048828125,140.5,145.8699951171875,124.46122741699219,2939600
2017-10-18,DGKC,145.27000427246094,153.16000366210938,143.3000030517578,150.89999389648438,128.75299072265625,4021300
2017-10-19,DGKC,148.5,150.57000732421875,145.64999389648438,150.3000030517578,134.94822692871094,3280100
2017-10-20,DGKC,150.8000030517578,156.0,149.0,154.74000549316406,138.93472290039062,2563800
2017-10-23,DGKC,154.9499969482422,154.9499969482422,147.00999450683594,147.02000427246094,132.0032501220703,2132200
2017-10-24,DGKC,145.10000610351562,147.75,141.0,144.5399932861328,129.7765655517578,1095600
2017-10-25,DGKC,143.5,148.5,143.0,147.35000610351562,132.299560546875,356800
2017-10-26,DGKC,147.10000610351562,149.39999389648438,145.02000427246094,146.50999450683594,131.54531860351562,639300
2017-10-27,DGKC,146.0,146.24000549316406,142.39999389648438,142.94000244140625,128.33998107910156,734900
2017-10-30,DGKC,142.94000244140625,142.94000244140625,136.0,136.47999572753906,122.53981018066406,945900
2017-10-31,DGKC,136.89999389648438,140.49000549316406,135.0,136.36000061035156,122.43206787109375,2073300
2017-11-01,DGKC,138.0,139.97999572753906,136.00999450683594,138.44000244140625,124.29962158203125,1305900
2017-11-02,DGKC,138.3000030517578,140.69000244140625,137.25,138.77000427246094,124.59590911865234,1345900
2017-11-03,DGKC,139.89999389648438,143.24000549316406,138.0,142.0800018310547,127.56782531738281,1047100
2017-11-06,DGKC,144.60000610351562,144.60000610351562,141.0,142.02000427246094,127.51395416259766,971900
2017-11-07,DGKC,142.0,143.0,140.33999633789062,140.66000366210938,126.29287719726562,302000
2017-11-08,DGKC,140.89999389648438,143.39999389648438,140.1999969482422,142.75999450683594,128.17837524414062,902800
2017-11-09,DGKC,143.5,147.3000030517578,143.5,145.9199981689453,131.01560974121094,1578300
2017-11-10,DGKC,146.24000549316406,146.24000549316406,142.0,142.50999450683594,127.95390319824219,428900
2017-11-13,DGKC,142.0,142.47000122070312,141.0500030517578,141.30999755859375,126.87647247314453,185400
2017-11-14,DGKC,142.0,142.8000030517578,139.77000427246094,140.9199981689453,126.52631378173828,158000
2017-11-15,DGKC,140.99000549316406,142.7100067138672,139.75,140.24000549316406,125.91577911376953,594700
2017-11-16,DGKC,141.5,141.67999267578125,138.6699981689453,139.6699981689453,125.40398406982422,841100
2017-11-17,DGKC,139.6999969482422,140.0,137.60000610351562,138.22000122070312,124.10209655761719,1734700
2017-11-20,DGKC,138.0,138.5,133.55999755859375,134.91000366210938,121.13018035888672,540500
2017-11-21,DGKC,134.9199981689453,137.5,134.3000030517578,136.4199981689453,122.48593139648438,1794700
2017-11-22,DGKC,136.50999450683594,137.0,134.75,136.08999633789062,122.18964385986328,1055000
2017-11-23,DGKC,135.6300048828125,136.50999450683594,134.9499969482422,135.5800018310547,121.73174285888672,1166400
2017-11-24,DGKC,135.5,136.0,134.5,134.7899932861328,121.0224380493164,871200
2017-11-27,DGKC,133.1999969482422,135.0,133.07000732421875,134.8699951171875,121.0942611694336,159200
2017-11-28,DGKC,135.0,135.0,132.49000549316406,134.0800018310547,120.38495635986328,307900
2017-11-29,DGKC,134.25,135.0,132.41000366210938,132.5800018310547,119.03816986083984,670300
2017-11-30,DGKC,133.25,135.0,132.6999969482422,134.3800048828125,120.6543197631836,674700
2017-12-01,DGKC,134.3800048828125,134.3800048828125,134.3800048828125,134.3800048828125,120.6543197631836,0
2017-12-04,DGKC,133.9499969482422,137.0,133.9499969482422,136.8699951171875,122.88996887207031,328800
2017-12-05,DGKC,136.99000549316406,137.49000549316406,135.02999877929688,135.47999572753906,121.64195251464844,425700
2017-12-06,DGKC,135.47999572753906,135.47999572753906,135.47999572753906,135.47999572753906,121.64195251464844,0
2017-12-07,DGKC,135.0,135.00999450683594,130.60000610351562,130.8699951171875,117.5028305053711,597800
2017-12-08,DGKC,130.0,134.0,129.75,131.77000427246094,118.31090545654297,788600
2017-12-11,DGKC,131.5,132.8000030517578,125.31999969482422,126.8499984741211,113.89342498779297,1300500
2017-12-12,DGKC,126.0199966430664,127.01000213623047,122.0,124.05000305175781,111.37943267822266,1804900
2017-12-13,DGKC,124.25,126.8499984741211,121.01000213623047,124.30000305175781,111.60388946533203,1800200
2017-12-14,DGKC,123.5,123.5,118.08999633789062,118.08999633789062,106.02819061279297,1463700
2017-12-15,DGKC,117.80000305175781,123.9000015258789,116.0,123.16999816894531,110.58930969238281,1717800
2017-12-18,DGKC,123.44999694824219,123.48999786376953,120.5,120.7300033569336,108.39852905273438,902200
2017-12-19,DGKC,120.98999786376953,121.5,116.19999694824219,117.4800033569336,105.4804916381836,1586000
2017-12-20,DGKC,117.80000305175781,120.0199966430664,112.16000366210938,112.73999786376953,101.22463989257812,1818800
2017-12-21,DGKC,112.73999786376953,117.0,110.0,115.4000015258789,103.61294555664062,8807800
2017-12-22,DGKC,116.5,121.16999816894531,112.11000061035156,121.16999816894531,108.79358673095703,4333200
2017-12-25,DGKC,121.16999816894531,121.16999816894531,121.16999816894531,121.16999816894531,108.79358673095703,0
2017-12-26,DGKC,121.4800033569336,127.22000122070312,119.5,123.36000061035156,110.7599105834961,3649600
2017-12-27,DGKC,124.0,129.52000427246094,124.0,129.52000427246094,116.29072570800781,3247300
2017-12-28,DGKC,131.2899932861328,134.75,130.0,133.17999267578125,119.57687377929688,4345500
2017-12-29,DGKC,132.00999450683594,135.5,132.0,133.72000122070312,120.06172180175781,3578000
2018-01-01,DGKC,133.72000122070312,137.99000549316406,131.0500030517578,136.33999633789062,122.41411590576172,1236500
2018-01-02,DGKC,136.14999389648438,142.8000030517578,134.60000610351562,141.72000122070312,127.24459838867188,4506300
2018-01-03,DGKC,141.10000610351562,144.35000610351562,140.00999450683594,143.19000244140625,128.564453125,3875100
2018-01-04,DGKC,142.50999450683594,143.5,140.50999450683594,141.8699951171875,127.37926483154297,1851200
2018-01-05,DGKC,141.39999389648438,145.85000610351562,141.39999389648438,143.58999633789062,128.923583984375,1280700
2018-01-08,DGKC,144.0,145.49000549316406,141.75,142.85000610351562,128.25917053222656,2998400
2018-01-09,DGKC,142.5,143.89999389648438,139.5500030517578,141.13999938964844,126.72384643554688,1421200
2018-01-10,DGKC,141.9499969482422,145.1999969482422,140.6699981689453,144.77999877929688,129.99205017089844,4760200
2018-01-11,DGKC,144.89999389648438,147.6999969482422,143.11000061035156,144.33999633789062,129.59698486328125,5387600
2018-01-12,DGKC,144.0500030517578,144.0500030517578,137.1300048828125,137.22999572753906,123.21321868896484,3185400
2018-01-15,DGKC,137.0,139.75,134.8000030517578,137.47999572753906,123.43766784667969,1985000
2018-01-16,DGKC,138.5,143.4499969482422,138.5,139.94000244140625,125.64641571044922,2845200
2018-01-17,DGKC,140.0,142.6199951171875,138.50999450683594,142.07000732421875,127.5588607788086,1279400
2018-01-18,DGKC,142.07000732421875,142.07000732421875,142.07000732421875,142.07000732421875,127.5588607788086,0
2018-01-19,DGKC,145.39999389648438,150.85000610351562,145.39999389648438,149.75999450683594,134.46339416503906,5823200
2018-01-22,DGKC,151.0,157.24000549316406,150.0,157.24000549316406,141.1793670654297,4365200
2018-01-23,DGKC,158.61000061035156,162.5,156.5,159.32000732421875,143.0469207763672,6654800
2018-01-24,DGKC,161.5,167.27999877929688,161.5,167.1300048828125,150.0592041015625,7004100
2018-01-25,DGKC,167.1300048828125,167.1300048828125,167.1300048828125,167.1300048828125,150.0592041015625,0
2018-01-26,DGKC,166.1300048828125,167.0,162.39999389648438,166.3300018310547,149.34091186523438,1671900
2018-01-29,DGKC,165.0,165.5500030517578,161.5,162.63999938964844,146.02780151367188,2089700
2018-01-30,DGKC,163.39999389648438,164.5,158.1999969482422,159.1999969482422,142.93917846679688,2304500
2018-01-31,DGKC,159.3000030517578,161.25,157.2100067138672,159.74000549316406,143.4240264892578,1750300
2018-02-01,DGKC,159.97000122070312,165.49000549316406,159.7100067138672,164.6699981689453,147.85044860839844,3313800
2018-02-02,DGKC,164.6699981689453,164.6699981689453,164.6699981689453,164.6699981689453,147.85044860839844,0
2018-02-05,DGKC,164.6699981689453,164.6699981689453,164.6699981689453,164.6699981689453,147.85044860839844,0
2018-02-06,DGKC,164.6699981689453,164.6699981689453,164.6699981689453,164.6699981689453,147.85044860839844,0
2018-02-07,DGKC,159.5,161.85000610351562,158.0,158.5399932861328,142.34658813476562,1435300
2018-02-08,DGKC,159.10000610351562,159.5,150.6199951171875,151.25,135.8011932373047,4134200
2018-02-09,DGKC,151.25,151.25,151.25,151.25,135.8011932373047,0
2018-02-12,DGKC,153.0399932861328,153.5,149.3000030517578,150.8000030517578,135.3971710205078,2169100
2018-02-13,DGKC,152.99000549316406,152.99000549316406,146.05999755859375,147.75999450683594,132.6676788330078,2697800
2018-02-14,DGKC,148.0,148.44000244140625,141.0,141.57000732421875,127.10993194580078,1449500
2018-02-15,DGKC,141.5,143.97999572753906,138.4499969482422,139.27000427246094,125.04485321044922,1564400
2018-02-16,DGKC,140.5,142.0,139.6199951171875,141.42999267578125,126.98422241210938,784300
2018-02-19,DGKC,141.00999450683594,144.0,139.7100067138672,140.07000732421875,125.76313018798828,1809300
2018-02-20,DGKC,140.0,142.0,135.0,140.25,125.92473602294922,4341600
2018-02-21,DGKC,143.5,143.8000030517578,140.75,141.1199951171875,126.70586395263672,2406200
2018-02-22,DGKC,137.0,143.8800048828125,137.0,143.1999969482422,128.5734100341797,1332900
2018-02-23,DGKC,143.5,144.0,137.25,138.83999633789062,124.65876007080078,1992700
2018-02-26,DGKC,140.35000610351562,140.35000610351562,135.10000610351562,136.85000610351562,122.87202453613281,1362100
2018-02-27,DGKC,137.0,142.6999969482422,134.86000061035156,141.7100067138672,127.23563385009766,2328500
2018-02-28,DGKC,141.5,144.25,140.14999389648438,143.7100067138672,129.03134155273438,2057200
2018-03-01,DGKC,143.75,150.88999938964844,142.52999877929688,149.50999450683594,134.23892211914062,10856700
2018-03-02,DGKC,150.10000610351562,153.92999267578125,149.8000030517578,153.08999633789062,137.45326232910156,6207600
2018-03-05,DGKC,154.5500030517578,154.9499969482422,149.64999389648438,152.02999877929688,136.5015106201172,2695800
2018-03-06,DGKC,154.88999938964844,157.99000549316406,154.3000030517578,155.77999877929688,139.86851501464844,6228300
2018-03-07,DGKC,156.39999389648438,156.39999389648438,152.8000030517578,154.33999633789062,138.57557678222656,1514600
2018-03-08,DGKC,153.5,154.25,148.5,150.91000366210938,135.49591064453125,3614700
2018-03-09,DGKC,151.0,152.0,145.1999969482422,146.64999389648438,131.67103576660156,2256200
2018-03-12,DGKC,147.22000122070312,153.5,147.22000122070312,152.97000122070312,137.3455047607422,2059000
2018-03-13,DGKC,153.5,155.5,151.30999755859375,153.3699951171875,137.70468139648438,2604300
2018-03-14,DGKC,153.49000549316406,153.49000549316406,151.6999969482422,152.49000549316406,136.91455078125,633800
2018-03-15,DGKC,153.0,153.19000244140625,151.0500030517578,152.64999389648438,137.05821228027344,407700
2018-03-16,DGKC,152.39999389648438,153.25,150.0,150.58999633789062,135.20860290527344,773400
2018-03-19,DGKC,150.80999755859375,151.88999938964844,149.10000610351562,151.3300018310547,135.87301635742188,1113200
2018-03-20,DGKC,152.0,154.88999938964844,151.60000610351562,153.11000061035156,137.47120666503906,2405400
2018-03-21,DGKC,153.5,154.10000610351562,151.0,151.60000610351562,136.11544799804688,981600
2018-03-22,DGKC,152.49000549316406,158.99000549316406,152.02000427246094,156.25999450683594,140.29946899414062,4876100
2018-03-23,DGKC,156.25999450683594,156.25999450683594,156.25999450683594,156.25999450683594,140.29946899414062,0
2018-03-26,DGKC,156.25,158.8000030517578,153.25999450683594,157.35000610351562,141.27813720703125,1945400
2018-03-27,DGKC,157.35000610351562,161.89999389648438,157.35000610351562,157.89999389648438,141.7719268798828,2651100
2018-03-28,DGKC,158.11000061035156,162.6999969482422,157.0,160.75,144.33087158203125,3187300
2018-03-29,DGKC,161.0,164.75,161.0,163.83999633789062,147.10525512695312,3654700
2018-03-30,DGKC,164.22000122070312,164.6999969482422,160.69000244140625,163.11000061035156,146.44979858398438,1047300
2018-04-02,DGKC,165.99000549316406,171.25999450683594,165.99000549316406,171.19000244140625,153.7045135498047,3980800
2018-04-03,DGKC,171.97999572753906,173.0,169.10000610351562,171.5800018310547,154.0546875,2528700
2018-04-04,DGKC,170.6999969482422,173.99000549316406,164.1300048828125,165.4499969482422,148.55079650878906,3964200
2018-04-05,DGKC,167.25,170.49000549316406,166.32000732421875,167.8000030517578,150.66078186035156,1798700
2018-04-06,DGKC,168.10000610351562,170.99000549316406,166.25,167.41000366210938,150.3105926513672,1421700
2018-04-09,DGKC,167.80999755859375,169.6999969482422,166.8000030517578,167.08999633789062,150.02328491210938,847900
2018-04-10,DGKC,167.3000030517578,167.5500030517578,165.60000610351562,166.72000122070312,149.6910858154297,726100
2018-04-11,DGKC,166.80999755859375,167.39999389648438,164.14999389648438,164.67999267578125,147.85943603515625,771100
2018-04-12,DGKC,164.11000061035156,165.99000549316406,163.02999877929688,165.00999450683594,148.15573120117188,614900
2018-04-13,DGKC,164.80999755859375,164.9499969482422,158.5,159.6300048828125,143.32525634765625,3586500
2018-04-16,DGKC,159.8800048828125,159.8800048828125,154.55999755859375,155.19000244140625,139.33876037597656,2251500
2018-04-17,DGKC,155.00999450683594,157.99000549316406,152.89999389648438,156.4199981689453,140.443115234375,2359300
2018-04-18,DGKC,157.39999389648438,159.58999633789062,151.10000610351562,152.1999969482422,136.65415954589844,2852900
2018-04-19,DGKC,152.0,152.0,147.75,149.13999938964844,133.90672302246094,3655800
2018-04-20,DGKC,150.97000122070312,152.4499969482422,145.16000366210938,146.25,131.31190490722656,1713000
2018-04-23,DGKC,146.10000610351562,148.25,143.3000030517578,145.74000549316406,130.85398864746094,2680600
2018-04-24,DGKC,146.49000549316406,149.69000244140625,144.0,145.4499969482422,130.59361267089844,5568400
2018-04-25,DGKC,145.50999450683594,146.00999450683594,141.5,142.2100067138672,127.68456268310547,4150200
2018-04-26,DGKC,142.25,143.99000549316406,141.8300018310547,142.85000610351562,128.25917053222656,1994700
2018-04-27,DGKC,142.8000030517578,143.75,140.25,140.82000732421875,126.43653869628906,1804000
2018-04-30,DGKC,141.5,145.64999389648438,140.00999450683594,145.22999572753906,130.3960723876953,2203200
2018-05-01,DGKC,145.22999572753906,145.22999572753906,145.22999572753906,145.22999572753906,130.3960723876953,0
2018-05-02,DGKC,145.60000610351562,145.83999633789062,143.50999450683594,144.0399932861328,129.32760620117188,2213300
2018-05-03,DGKC,144.11000061035156,144.9499969482422,142.10000610351562,143.58999633789062,128.923583984375,1847900
2018-05-04,DGKC,143.02000427246094,144.25,142.1999969482422,142.77000427246094,128.18734741210938,1994200
2018-05-07,DGKC,142.9499969482422,143.8000030517578,140.85000610351562,141.24000549316406,126.8136215209961,1163900
2018-05-08,DGKC,141.0399932861328,141.0399932861328,136.63999938964844,137.4199981689453,123.38380432128906,2794600
2018-05-09,DGKC,138.22000122070312,138.8800048828125,132.5,135.49000549316406,121.65093231201172,3374200
2018-05-10,DGKC,135.07000732421875,141.4499969482422,133.5500030517578,138.63999938964844,124.47919464111328,2853600
2018-05-11,DGKC,139.5,143.1999969482422,136.2100067138672,137.52999877929688,123.4825668334961,5384200
2018-05-14,DGKC,135.5,135.99000549316406,130.66000366210938,130.66000366210938,117.31427764892578,3409600
2018-05-15,DGKC,130.89999389648438,133.75,125.05000305175781,131.52000427246094,118.08643341064453,6807400
2018-05-16,DGKC,132.0,132.44000244140625,129.5,130.02999877929688,116.74861907958984,1013600
2018-05-17,DGKC,130.0500030517578,130.0500030517578,126.62000274658203,127.30999755859375,114.30644989013672,1258100
2018-05-18,DGKC,127.0199966430664,128.49000549316406,125.0999984741211,126.31999969482422,113.41757202148438,2110200
2018-05-21,DGKC,128.16000366210938,129.0,127.0,127.44999694824219,114.4321517944336,1192300
2018-05-22,DGKC,127.5999984741211,131.9499969482422,127.5999984741211,131.38999938964844,117.96971130371094,3125800
2018-05-23,DGKC,131.88999938964844,132.19000244140625,129.0,130.08999633789062,116.80249786376953,1432900
2018-05-24,DGKC,130.25,130.5,127.0999984741211,127.44999694824219,114.4321517944336,810600
2018-05-25,DGKC,127.44999694824219,127.81999969482422,125.0,125.6500015258789,112.81600189208984,1614200
2018-05-28,DGKC,125.0999984741211,128.50999450683594,122.0999984741211,123.83000183105469,111.18190002441406,2899600
2018-05-29,DGKC,124.0,128.25,123.0199966430664,127.3499984741211,114.34236145019531,2340200
2018-05-30,DGKC,127.9000015258789,128.25,125.0,126.69000244140625,113.7497787475586,1509800
2018-05-31,DGKC,126.5,128.39999389648438,125.61000061035156,126.45999908447266,113.54326629638672,3109200
2018-06-01,DGKC,126.22000122070312,126.48999786376953,125.0999984741211,125.87999725341797,113.02250671386719,592600
2018-06-04,DGKC,126.0,128.50999450683594,125.69999694824219,127.29000091552734,114.28849792480469,2487900
2018-06-05,DGKC,127.19999694824219,132.8000030517578,127.02999877929688,131.8699951171875,118.40068817138672,9515800
2018-06-06,DGKC,131.94000244140625,133.0,129.25999450683594,129.80999755859375,116.55109405517578,3059200
2018-06-07,DGKC,129.88999938964844,133.39999389648438,129.82000732421875,131.3000030517578,117.88890075683594,3599000
2018-06-08,DGKC,131.3000030517578,131.3000030517578,131.3000030517578,131.3000030517578,117.88890075683594,0
2018-06-11,DGKC,132.0,132.0,124.76000213623047,125.61000061035156,112.78008270263672,5277500
2018-06-12,DGKC,124.9000015258789,124.9000015258789,119.33000183105469,119.44000244140625,107.24029541015625,5546800
2018-06-13,DGKC,118.0999984741211,122.30000305175781,115.0999984741211,117.77999877929688,105.74984741210938,5106200
2018-06-14,DGKC,118.51000213623047,121.75,118.51000213623047,120.33000183105469,108.03938293457031,2676800
2018-06-15,DGKC,120.33000183105469,120.33000183105469,120.33000183105469,120.33000183105469,108.03938293457031,0
2018-06-19,DGKC,121.19999694824219,122.22000122070312,120.0,121.29000091552734,108.90133666992188,1519500
2018-06-20,DGKC,121.22000122070312,121.3499984741211,117.5999984741211,118.33999633789062,106.25264739990234,1140600
2018-06-21,DGKC,118.0,118.0,114.1500015258789,116.04000091552734,104.18757629394531,2721700
2018-06-22,DGKC,117.01000213623047,118.0,112.44999694824219,113.08000183105469,101.52991485595703,2380400
2018-06-25,DGKC,112.01000213623047,113.80000305175781,108.9000015258789,109.33000183105469,98.1629409790039,2631400
2018-06-26,DGKC,110.4800033569336,113.5,109.5,110.76000213623047,99.44688415527344,2854100
2018-06-27,DGKC,110.5,114.80000305175781,110.5,114.29000091552734,102.61631774902344,5204800
2018-06-28,DGKC,114.5,118.0,112.51000213623047,116.19999694824219,104.33123779296875,4548500
2018-06-29,DGKC,116.5,117.0,113.75,114.48999786376953,102.79589080810547,2354800
2018-07-02,DGKC,115.4000015258789,115.9000015258789,110.5,112.16000366210938,100.70388793945312,1774000
2018-07-03,DGKC,111.95999908447266,114.0,110.5,112.62999725341797,101.1258773803711,2412100
2018-07-04,DGKC,112.01000213623047,112.01000213623047,107.0,107.0,96.07093048095703,3680500
2018-07-05,DGKC,108.25,109.88999938964844,106.55000305175781,108.26000213623047,97.20223236083984,4497900
2018-07-06,DGKC,107.01000213623047,109.9000015258789,106.88999938964844,108.62000274658203,97.52546691894531,3222600
2018-07-09,DGKC,109.0,109.58999633789062,103.19000244140625,103.19000244140625,92.65008544921875,3489000
2018-07-10,DGKC,101.5999984741211,103.8499984741211,98.5,100.95999908447266,90.64785766601562,10068000
2018-07-11,DGKC,101.0999984741211,102.3499984741211,97.0999984741211,98.41000366210938,88.35832214355469,4419800
2018-07-12,DGKC,97.0999984741211,97.88999938964844,95.6500015258789,97.44999694824219,87.49636840820312,3209100
2018-07-13,DGKC,97.75,98.9800033569336,95.68000030517578,96.25,86.4189453125,2122800
2018-07-16,DGKC,96.19999694824219,96.19999694824219,91.44000244140625,91.54000091552734,82.19001770019531,3442600
2018-07-17,DGKC,90.51000213623047,96.11000061035156,90.5,96.02999877929688,86.22140502929688,4690800
2018-07-18,DGKC,97.0,100.83000183105469,96.5,100.79000091552734,90.49523162841797,5350600
2018-07-19,DGKC,102.5,105.81999969482422,102.48999786376953,105.81999969482422,95.0114517211914,5684400
2018-07-20,DGKC,104.9000015258789,104.98999786376953,102.3499984741211,102.83000183105469,92.32685089111328,5063400
2018-07-23,DGKC,102.0,102.4000015258789,98.1500015258789,99.11000061035156,88.98681640625,4504400
2018-07-24,DGKC,98.5,104.05999755859375,98.5,104.04000091552734,93.41326141357422,4972600
2018-07-25,DGKC,104.04000091552734,104.04000091552734,104.04000091552734,104.04000091552734,93.41326141357422,0
2018-07-26,DGKC,106.9000015258789,109.23999786376953,105.4000015258789,109.2300033569336,98.07315826416016,4327500
2018-07-27,DGKC,110.30000305175781,114.69000244140625,109.30999755859375,114.69000244140625,102.97547149658203,6268600
2018-07-30,DGKC,117.5,120.41999816894531,117.5,120.41999816894531,108.12019348144531,3541600
2018-07-31,DGKC,121.98999786376953,122.5,114.4000015258789,115.08999633789062,103.33460235595703,13081700
2018-08-01,DGKC,115.88999938964844,120.83999633789062,114.80000305175781,119.72000122070312,107.49169921875,7985000
2018-08-02,DGKC,122.0,122.25,116.5,118.13999938964844,106.07308197021484,6375800
2018-08-03,DGKC,118.98999786376953,119.51000213623047,117.25,117.61000061035156,105.59721374511719,1946400
2018-08-06,DGKC,118.5,121.5999984741211,117.11000061035156,120.91999816894531,108.56912994384766,4015600
2018-08-07,DGKC,121.5,126.5999984741211,120.75,125.30999755859375,112.51073455810547,10894400
2018-08-08,DGKC,125.44999694824219,125.5,122.75,123.11000061035156,110.53543853759766,5191700
2018-08-09,DGKC,123.48999786376953,127.4000015258789,123.30000305175781,126.73999786376953,113.79467010498047,7104200
2018-08-10,DGKC,127.4000015258789,127.5,124.01000213623047,124.33000183105469,111.6308364868164,4730900
2018-08-13,DGKC,120.0,121.5,118.12000274658203,118.31999969482422,106.23470306396484,7202500
2018-08-14,DGKC,118.31999969482422,118.31999969482422,118.31999969482422,118.31999969482422,106.23470306396484,0
2018-08-15,DGKC,119.0,119.30000305175781,116.25,117.41999816894531,105.42662048339844,3666500
2018-08-16,DGKC,117.44999694824219,117.44999694824219,111.5999984741211,112.1500015258789,100.69490814208984,5203500
2018-08-17,DGKC,112.48999786376953,117.75,112.48999786376953,117.75,105.72291564941406,4355800
2018-08-20,DGKC,119.98999786376953,121.5999984741211,118.11000061035156,120.63999938964844,108.3177261352539,4266900
2018-08-21,DGKC,120.63999938964844,120.63999938964844,120.63999938964844,120.63999938964844,108.3177261352539,0
2018-08-22,DGKC,120.63999938964844,120.63999938964844,120.63999938964844,120.63999938964844,108.3177261352539,0
2018-08-23,DGKC,120.63999938964844,120.63999938964844,120.63999938964844,120.63999938964844,108.3177261352539,0
2018-08-24,DGKC,119.36000061035156,121.19000244140625,117.91000366210938,119.77999877929688,107.54557037353516,1484300
2018-08-27,DGKC,119.98999786376953,120.75,118.66000366210938,119.6500015258789,107.42884063720703,1886600
2018-08-28,DGKC,119.69999694824219,121.0,118.19999694824219,118.7300033569336,106.60281372070312,1578900
2018-08-29,DGKC,119.0,119.44999694824219,115.12000274658203,116.44999694824219,104.55570220947266,1646000
2018-08-30,DGKC,116.9000015258789,117.75,115.25,115.95999908447266,104.1157455444336,1891500
2018-08-31,DGKC,116.5,117.19999694824219,112.02999877929688,112.76000213623047,101.24259948730469,2677500
2018-09-03,DGKC,112.20999908447266,112.3499984741211,108.0999984741211,111.70999908447266,100.29984283447266,2257500
2018-09-04,DGKC,112.3499984741211,114.44999694824219,111.5,113.95999908447266,102.32003021240234,2389300
2018-09-05,DGKC,114.25,114.5,111.5999984741211,112.52999877929688,101.03609466552734,1234900
2018-09-06,DGKC,111.30000305175781,112.4000015258789,106.91000366210938,107.08999633789062,96.15174102783203,3337500
2018-09-07,DGKC,106.0,108.4000015258789,101.75,102.26000213623047,91.81507873535156,3145100
2018-09-10,DGKC,102.0,104.83000183105469,99.0999984741211,103.05000305175781,92.5243911743164,2098100
2018-09-11,DGKC,104.0,105.4800033569336,102.01000213623047,103.7699966430664,93.17084503173828,1643300
2018-09-12,DGKC,104.22000122070312,104.52999877929688,98.80000305175781,99.86000061035156,89.66021728515625,2446500
2018-09-13,DGKC,99.05000305175781,104.8499984741211,97.19999694824219,103.73999786376953,93.14391326904297,4317200
2018-09-14,DGKC,105.4000015258789,107.19999694824219,103.11000061035156,104.62999725341797,93.94300079345703,4193300
2018-09-17,DGKC,104.0,104.0,99.41000366210938,100.33999633789062,90.09117889404297,3134200
2018-09-18,DGKC,100.0,105.3499984741211,98.55000305175781,105.3499984741211,94.58946228027344,2931300
2018-09-19,DGKC,106.25,108.5,105.4000015258789,107.06999969482422,96.13378143310547,4724500
2018-09-20,DGKC,107.06999969482422,107.06999969482422,107.06999969482422,107.06999969482422,96.13378143310547,0
2018-09-21,DGKC,107.06999969482422,107.06999969482422,107.06999969482422,107.06999969482422,96.13378143310547,0
2018-09-24,DGKC,107.75,107.75,101.72000122070312,101.91999816894531,91.50980377197266,3772100
2018-09-25,DGKC,101.80000305175781,104.98999786376953,99.91000366210938,103.2699966430664,92.72190856933594,4372100
2018-09-26,DGKC,104.5,104.87999725341797,102.4000015258789,103.30000305175781,92.74885559082031,2269700
2018-09-27,DGKC,103.01000213623047,104.0,100.51000213623047,103.26000213623047,92.71293640136719,2430100
2018-09-28,DGKC,103.98999786376953,104.5,102.0,102.41000366210938,91.94975280761719,2647800
2018-10-01,DGKC,101.4000015258789,102.2699966430664,100.05000305175781,100.62000274658203,90.34259033203125,1369200
2018-10-02,DGKC,100.77999877929688,101.8499984741211,97.5999984741211,98.0999984741211,88.07998657226562,1891000
2018-10-03,DGKC,98.5,98.77999877929688,97.01000213623047,97.47000122070312,87.51432800292969,983400
2018-10-04,DGKC,97.55999755859375,97.98999786376953,92.5999984741211,93.5199966430664,83.96778869628906,1692000
2018-10-05,DGKC,93.22000122070312,93.38999938964844,88.8499984741211,90.45999908447266,81.2203369140625,3099800
2018-10-08,DGKC,91.5,92.01000213623047,85.94000244140625,85.97000122070312,77.18894958496094,3135800
2018-10-09,DGKC,87.0,89.5,81.68000030517578,81.93000030517578,73.56160736083984,3708500
2018-10-10,DGKC,81.87999725341797,86.0199966430664,79.0,86.0199966430664,77.23384094238281,3666200
2018-10-11,DGKC,85.25,89.69999694824219,84.80000305175781,85.41000366210938,76.68614959716797,4077500
2018-10-12,DGKC,85.0,85.41000366210938,81.13999938964844,81.44999694824219,73.130615234375,3553200
2018-10-15,DGKC,81.0,83.73999786376953,77.4000015258789,82.08999633789062,73.70526123046875,3502100
2018-10-16,DGKC,83.0,85.13999938964844,81.55000305175781,82.25,73.84890747070312,3369800
2018-10-17,DGKC,79.5,81.9000015258789,78.44999694824219,81.9000015258789,77.5413589477539,2434700
2018-10-18,DGKC,83.48999786376953,85.5,82.5,84.19999694824219,79.71895599365234,3641900
2018-10-19,DGKC,83.98999786376953,88.41000366210938,82.69999694824219,88.41000366210938,83.70491027832031,3294800
2018-10-22,DGKC,89.5,92.4000015258789,86.5999984741211,87.86000061035156,83.18417358398438,4608000
2018-10-23,DGKC,86.7699966430664,87.0,83.47000122070312,83.66000366210938,79.20768737792969,3994100
2018-10-24,DGKC,87.83999633789062,87.83999633789062,87.83999633789062,87.83999633789062,83.16522979736328,402400
2018-10-25,DGKC,92.2300033569336,92.2300033569336,87.55000305175781,90.43000030517578,85.6174087524414,8938800
2018-10-26,DGKC,87.0,94.94999694824219,85.91000366210938,94.87000274658203,89.82111358642578,11237500
2018-10-29,DGKC,98.0,99.61000061035156,97.0999984741211,99.61000061035156,94.30884552001953,1668000
2018-10-30,DGKC,101.48999786376953,104.58999633789062,101.1500015258789,104.58999633789062,99.02381896972656,6875300
2018-10-31,DGKC,104.5,109.80999755859375,101.93000030517578,105.56999969482422,99.95166778564453,11821500
2018-11-01,DGKC,104.25,108.0,103.06999969482422,106.27999877929688,100.6238784790039,4371100
2018-11-02,DGKC,107.0,111.58999633789062,106.5999984741211,111.06999969482422,105.1589584350586,8979300
2018-11-05,DGKC,109.0,109.0,105.5199966430664,105.5199966430664,99.90432739257812,3814600
2018-11-06,DGKC,103.5,105.25,100.25,100.47000122070312,95.12308502197266,5982200
2018-11-07,DGKC,104.0,105.48999786376953,102.9800033569336,105.48999786376953,99.87592315673828,5807200
2018-11-08,DGKC,108.25,108.69999694824219,104.5999984741211,106.12999725341797,100.48185729980469,4848100
2018-11-09,DGKC,106.0,110.48999786376953,105.1500015258789,108.51000213623047,102.7352066040039,5429300
2018-11-12,DGKC,107.94999694824219,109.80000305175781,104.80000305175781,105.58000183105469,99.96114349365234,3540700
2018-11-13,DGKC,104.5999984741211,106.5,102.01000213623047,105.55000305175781,99.9327392578125,2691800
2018-11-14,DGKC,105.80000305175781,110.81999969482422,104.0,110.19999694824219,104.33525848388672,6975300
2018-11-15,DGKC,111.25,112.75,110.0999984741211,110.83999633789062,104.94120788574219,5066500
2018-11-16,DGKC,111.75,113.25,110.01000213623047,110.61000061035156,104.72344207763672,3934800
2018-11-19,DGKC,110.58000183105469,110.58000183105469,106.75,107.5199966430664,101.79788970947266,2431700
2018-11-20,DGKC,107.11000061035156,108.0,105.5,106.01000213623047,100.36824798583984,3043600
2018-11-21,DGKC,106.01000213623047,106.01000213623047,106.01000213623047,106.01000213623047,100.36824798583984,0
2018-11-22,DGKC,106.0,108.0,100.75,101.1500015258789,95.76689147949219,5455600
2018-11-23,DGKC,100.5999984741211,105.5,100.5199966430664,104.68000030517578,99.1090316772461,5975700
2018-11-26,DGKC,105.73999786376953,106.80000305175781,103.0199966430664,103.80999755859375,98.28532409667969,2850100
2018-11-27,DGKC,104.0,104.80000305175781,101.0,102.13999938964844,96.70420837402344,1754500
2018-11-28,DGKC,102.5999984741211,103.75,100.69999694824219,101.33000183105469,95.93731689453125,1987500
2018-11-29,DGKC,102.30000305175781,102.5,100.44999694824219,102.04000091552734,96.60953521728516,1405900
2018-11-30,DGKC,102.0,103.5,96.94000244140625,97.19000244140625,92.01764678955078,7062600
2018-12-03,DGKC,92.33999633789062,92.33999633789062,92.33999633789062,92.33999633789062,87.42575073242188,412600
2018-12-04,DGKC,87.7300033569336,91.0,87.7300033569336,89.79000091552734,85.01145935058594,7636200
2018-12-05,DGKC,90.80000305175781,90.80000305175781,85.5999984741211,87.73999786376953,83.07056427001953,3069600
2018-12-06,DGKC,88.11000061035156,89.38999938964844,84.5,85.4800033569336,80.93084716796875,4870400
2018-12-07,DGKC,85.0999984741211,89.75,83.4000015258789,89.72000122070312,84.94518280029297,5636100
2018-12-10,DGKC,91.5,92.48999786376953,88.5,89.77999877929688,85.00199127197266,3873000
2018-12-11,DGKC,88.98999786376953,92.5,87.30000305175781,89.22000122070312,84.47179412841797,4687200
2018-12-12,DGKC,88.38999938964844,89.19999694824219,86.75,87.66000366210938,82.99482727050781,2154100
2018-12-13,DGKC,88.25,88.9000015258789,85.55000305175781,87.66999816894531,83.00428771972656,1969800
2018-12-14,DGKC,88.5999984741211,89.94999694824219,88.0999984741211,88.54000091552734,83.82798767089844,1971400
2018-12-17,DGKC,88.51000213623047,89.5,87.2699966430664,87.56999969482422,82.90960693359375,1087000
2018-12-18,DGKC,87.0,88.9000015258789,86.8499984741211,87.91000366210938,83.23151397705078,1893400
2018-12-19,DGKC,87.80999755859375,88.75,87.4000015258789,87.66999816894531,83.00428771972656,1643800
2018-12-20,DGKC,88.0,89.75,87.2699966430664,88.38999938964844,83.68596649169922,2611700
2018-12-21,DGKC,88.30000305175781,91.05000305175781,87.5,88.1500015258789,83.458740234375,2103500
2018-12-24,DGKC,87.1500015258789,88.69999694824219,86.75,87.93000030517578,83.25045013427734,1439400
2018-12-25,DGKC,87.93000030517578,87.93000030517578,87.93000030517578,87.93000030517578,83.25045013427734,0
2018-12-26,DGKC,88.4000015258789,88.75,87.61000061035156,87.8499984741211,83.17469787597656,1428500
2018-12-27,DGKC,88.66999816894531,88.8499984741211,85.80000305175781,86.06999969482422,81.48943328857422,1050400
2018-12-28,DGKC,86.06999969482422,86.06999969482422,81.7699966430664,81.7699966430664,77.41827392578125,3322800
2018-12-31,DGKC,80.0199966430664,82.4000015258789,78.01000213623047,80.1500015258789,75.88450622558594,9153200
2019-01-01,DGKC,80.04000091552734,84.1500015258789,80.04000091552734,83.9800033569336,79.51066589355469,2521000
2019-01-02,DGKC,83.5999984741211,85.98999786376953,82.05000305175781,82.66999816894531,78.27037811279297,3351500
2019-01-03,DGKC,82.4000015258789,83.5,81.5999984741211,82.30999755859375,77.92953491210938,1422500
2019-01-04,DGKC,82.0,83.5,81.69999694824219,82.19999694824219,77.82538604736328,1140000
2019-01-07,DGKC,82.55000305175781,85.69999694824219,82.55000305175781,85.1500015258789,80.61840057373047,3630000
2019-01-08,DGKC,85.73999786376953,87.1500015258789,85.30000305175781,86.61000061035156,82.00070190429688,3723000
2019-01-09,DGKC,87.19999694824219,88.44999694824219,85.5,85.7300033569336,81.16754150390625,3267500
2019-01-10,DGKC,86.25,86.88999938964844,84.5999984741211,84.80999755859375,80.2964859008789,1224000
2019-01-11,DGKC,84.69999694824219,85.25,83.45999908447266,83.88999938964844,79.42545318603516,1301000
2019-01-14,DGKC,85.44000244140625,86.87999725341797,84.55000305175781,85.97000122070312,81.3947525024414,1502500
2019-01-15,DGKC,86.0,86.48999786376953,84.25,84.77999877929688,80.2680892944336,1569000
2019-01-16,DGKC,84.69999694824219,84.88999938964844,82.5,82.72000122070312,78.31771850585938,1252000
2019-01-17,DGKC,82.72000122070312,83.30000305175781,80.7699966430664,82.77999877929688,78.3745346069336,1869000
2019-01-18,DGKC,82.77999877929688,83.19000244140625,81.55999755859375,82.11000061035156,77.74018859863281,1236500
2019-01-21,DGKC,82.11000061035156,82.98999786376953,79.19999694824219,79.73999786376953,75.4963150024414,1733000
2019-01-22,DGKC,80.0,82.87999725341797,79.0999984741211,81.9000015258789,77.5413589477539,2478500
2019-01-23,DGKC,82.9800033569336,83.80000305175781,81.77999877929688,82.29000091552734,77.91059875488281,1335500
2019-01-24,DGKC,86.0,86.4000015258789,83.0999984741211,84.19999694824219,79.71895599365234,4436500
2019-01-25,DGKC,84.2300033569336,84.2300033569336,82.5,83.31999969482422,78.88578796386719,1131000
2019-01-28,DGKC,84.5,84.80999755859375,83.5,84.36000061035156,79.87044525146484,2244500
2019-01-29,DGKC,84.19999694824219,85.72000122070312,83.94999694824219,84.5199966430664,80.02191925048828,2613500
2019-01-30,DGKC,84.94999694824219,84.94999694824219,83.69999694824219,83.98999786376953,79.52013397216797,1059000
2019-01-31,DGKC,84.0,86.0,84.0,85.69999694824219,81.13912963867188,2530500
2019-02-01,DGKC,85.4000015258789,87.75,85.3499984741211,87.19999694824219,82.55929565429688,4031000
2019-02-04,DGKC,88.4000015258789,91.55999755859375,88.25,91.55999755859375,86.68727111816406,3409000
2019-02-05,DGKC,91.55999755859375,91.55999755859375,91.55999755859375,91.55999755859375,86.68727111816406,0
2019-02-06,DGKC,94.73999786376953,96.12999725341797,93.25,93.68000030517578,88.69444274902344,8772000
2019-02-07,DGKC,93.69999694824219,93.69999694824219,92.0,92.44000244140625,87.52042388916016,2148000
2019-02-08,DGKC,93.1500015258789,96.19999694824219,92.51000213623047,92.94000244140625,87.99382781982422,4430000
2019-02-11,DGKC,94.2300033569336,94.80000305175781,91.01000213623047,91.56999969482422,86.69673919677734,2605500
2019-02-12,DGKC,91.69999694824219,96.13999938964844,91.6500015258789,96.0999984741211,90.98564910888672,6825500
2019-02-13,DGKC,98.0,100.9000015258789,98.0,100.81999969482422,95.45445251464844,7207000
2019-02-14,DGKC,101.5199966430664,101.5199966430664,95.77999877929688,96.2300033569336,91.10873413085938,8779000
2019-02-15,DGKC,96.30000305175781,98.4000015258789,96.0,97.5999984741211,92.40582275390625,2655000
2019-02-18,DGKC,98.02999877929688,98.30000305175781,92.83000183105469,93.44000244140625,88.46721649169922,3394000
2019-02-19,DGKC,94.4000015258789,95.0,93.02999877929688,93.94999694824219,88.95006561279297,1788000
2019-02-20,DGKC,93.80000305175781,95.30000305175781,92.5,94.6500015258789,89.6128158569336,3259000
2019-02-21,DGKC,94.5999984741211,95.58999633789062,93.80000305175781,94.13999938964844,89.12996673583984,1352000
2019-02-22,DGKC,94.0,95.25,93.5,94.95999908447266,89.90631866455078,1018500
2019-02-25,DGKC,95.80000305175781,95.80000305175781,92.5,92.7699966430664,87.83285522460938,578000
2019-02-26,DGKC,91.3499984741211,94.9000015258789,89.0,89.22000122070312,84.47179412841797,3798000
2019-02-27,DGKC,88.0999984741211,90.4000015258789,84.76000213623047,89.3499984741211,84.59487915039062,3746000
2019-02-28,DGKC,91.0,92.9000015258789,88.9000015258789,92.2699966430664,87.35948181152344,2086500
2019-03-01,DGKC,92.11000061035156,94.0,92.11000061035156,92.38999938964844,87.47309112548828,1479500
2019-03-04,DGKC,92.5,92.5,91.11000061035156,91.7699966430664,86.8860855102539,874000
2019-03-05,DGKC,91.7699966430664,92.80000305175781,90.55999755859375,91.0999984741211,86.25173950195312,765000
2019-03-06,DGKC,91.69999694824219,93.0999984741211,91.30000305175781,91.4800033569336,86.61152648925781,1894500
2019-03-07,DGKC,93.25,93.5999984741211,90.69999694824219,90.94999694824219,86.10972595214844,1143000
2019-03-08,DGKC,90.4000015258789,90.98999786376953,89.3499984741211,89.66999816894531,84.8978500366211,958500
2019-03-11,DGKC,91.0,91.69999694824219,89.80000305175781,90.0,85.21028900146484,772000
2019-03-12,DGKC,90.79000091552734,91.75,89.51000213623047,91.38999938964844,86.52630615234375,970500
2019-03-13,DGKC,91.5999984741211,92.4000015258789,90.61000061035156,90.81999969482422,85.98664855957031,772500
2019-03-14,DGKC,90.1500015258789,90.69999694824219,88.69999694824219,89.0,84.26350402832031,919000
2019-03-15,DGKC,89.0,89.25,84.55000305175781,84.7699966430664,80.25862121582031,1699000
2019-03-18,DGKC,85.11000061035156,88.5,83.01000213623047,87.83999633789062,83.16522979736328,1751000
2019-03-19,DGKC,87.83999633789062,88.4000015258789,85.5,85.69999694824219,81.13912963867188,1099500
2019-03-20,DGKC,86.0,86.66999816894531,85.0,85.87999725341797,81.3095474243164,1227500
2019-03-21,DGKC,85.87999725341797,87.01000213623047,84.05999755859375,85.30999755859375,80.76988220214844,1243000
2019-03-22,DGKC,85.31999969482422,86.48999786376953,85.0999984741211,85.36000061035156,80.81723022460938,803500
2019-03-25,DGKC,86.0,86.0,82.0,82.3499984741211,77.9674072265625,1013500
2019-03-26,DGKC,82.80000305175781,83.94000244140625,81.30999755859375,83.08999633789062,78.66802978515625,871000
2019-03-27,DGKC,82.94999694824219,87.23999786376953,82.94999694824219,87.23999786376953,82.59716796875,2180000
2019-03-28,DGKC,87.0199966430664,87.5,84.0,84.30000305175781,79.81363677978516,1887500
2019-03-29,DGKC,84.4000015258789,87.30000305175781,83.8499984741211,85.41000366210938,80.86457061767578,2824000
2019-04-01,DGKC,84.69999694824219,84.98999786376953,83.4000015258789,83.88999938964844,79.42545318603516,423000
2019-04-02,DGKC,84.0,85.19999694824219,82.5999984741211,83.25,78.81951904296875,1629500
2019-04-03,DGKC,83.94999694824219,85.0999984741211,83.3499984741211,84.55999755859375,80.05979919433594,1767500
2019-04-04,DGKC,85.0,85.0,82.61000061035156,83.02999877929688,78.61121368408203,993000
2019-04-05,DGKC,83.0,84.0,82.30000305175781,83.02999877929688,78.61121368408203,541500
2019-04-08,DGKC,82.05999755859375,82.88999938964844,78.87999725341797,78.87999725341797,74.68208312988281,2312000
2019-04-09,DGKC,78.30999755859375,79.94999694824219,75.1500015258789,78.51000213623047,74.33177185058594,3148000
2019-04-10,DGKC,78.51000213623047,79.3499984741211,74.58999633789062,74.58999633789062,70.6203842163086,2391000
2019-04-11,DGKC,73.0,74.0,71.05999755859375,71.79000091552734,67.96941375732422,4420500
2019-04-12,DGKC,72.3499984741211,75.37000274658203,71.69999694824219,75.37000274658203,71.35888671875,3199500
2019-04-15,DGKC,76.0,77.55000305175781,74.55000305175781,76.41000366210938,72.34354400634766,3492500
2019-04-16,DGKC,76.29000091552734,77.38999938964844,75.5,76.04000091552734,71.99322509765625,2067500
2019-04-17,DGKC,76.02999877929688,76.02999877929688,74.0999984741211,74.86000061035156,70.87602233886719,1722000
2019-04-18,DGKC,74.91000366210938,75.80000305175781,71.3499984741211,73.23999786376953,69.34223175048828,1650500
2019-04-19,DGKC,73.88999938964844,75.73999786376953,72.5,73.79000091552734,69.86296844482422,1354500
2019-04-22,DGKC,73.80000305175781,74.88999938964844,72.0999984741211,72.75,68.8783187866211,1183500
2019-04-23,DGKC,73.0,73.0,69.58999633789062,70.69999694824219,66.93740844726562,1519500
2019-04-24,DGKC,69.9000015258789,73.0,68.5999984741211,70.29000091552734,66.54923248291016,3076000
2019-04-25,DGKC,70.5,71.80000305175781,69.8499984741211,71.16000366210938,67.37294006347656,1566000
2019-04-26,DGKC,71.2699966430664,74.70999908447266,71.2699966430664,74.70999908447266,70.7340087890625,2085500
2019-04-29,DGKC,76.5,78.44000244140625,74.11000061035156,74.73999786376953,70.76241302490234,3477000
2019-04-30,DGKC,74.30000305175781,74.30000305175781,72.44999694824219,73.2699966430664,69.37063598632812,1934500
2019-05-01,DGKC,73.2699966430664,73.2699966430664,73.2699966430664,73.2699966430664,69.37063598632812,0
2019-05-02,DGKC,73.25,74.4000015258789,72.62000274658203,72.91999816894531,69.03926849365234,1196500
2019-05-03,DGKC,72.91999816894531,72.91999816894531,72.91999816894531,72.91999816894531,69.03926849365234,0
2019-05-06,DGKC,72.29000091552734,72.5,69.61000061035156,70.06999969482422,66.3409423828125,854000
2019-05-07,DGKC,69.0,70.75,68.0,68.62000274658203,64.96810913085938,790000
2019-05-08,DGKC,68.94999694824219,69.0,66.20999908447266,68.0199966430664,64.40003967285156,940000
2019-05-09,DGKC,67.75,71.41999816894531,67.5,69.9800033569336,66.25572967529297,1388000
2019-05-10,DGKC,70.0,70.25,67.26000213623047,68.01000213623047,64.39057922363281,564500
2019-05-13,DGKC,69.9000015258789,70.33999633789062,64.61000061035156,64.61000061035156,61.171512603759766,1573500
2019-05-14,DGKC,63.29999923706055,64.5999984741211,61.380001068115234,61.380001068115234,58.11341857910156,2847500
2019-05-15,DGKC,59.04999923706055,63.349998474121094,58.52000045776367,59.20000076293945,56.04943084716797,2566000
2019-05-16,DGKC,58.599998474121094,58.75,56.2400016784668,56.2400016784668,53.24696350097656,2015000
2019-05-17,DGKC,54.25,54.29999923706055,53.43000030517578,53.43000030517578,50.586509704589844,1111000
2019-05-20,DGKC,52.0099983215332,56.04999923706055,50.7599983215332,53.83000183105469,50.9652214050293,4270500
2019-05-21,DGKC,53.0,56.400001525878906,51.4900016784668,55.47999954223633,52.52740478515625,2652500
2019-05-22,DGKC,56.0,58.25,56.0,58.25,55.14999008178711,1763000
2019-05-23,DGKC,59.0,61.15999984741211,57.97999954223633,61.15999984741211,57.905120849609375,3387500
2019-05-24,DGKC,61.5,63.25,59.209999084472656,62.040000915527344,58.7382926940918,3896500
2019-05-27,DGKC,62.5,63.20000076293945,61.0,62.04999923706055,58.74776077270508,1659500
2019-05-28,DGKC,61.02000045776367,62.099998474121094,58.95000076293945,59.0,55.860076904296875,3023000
2019-05-29,DGKC,59.0,59.0,59.0,59.0,55.860076904296875,0
2019-05-30,DGKC,65.04000091552734,65.04000091552734,58.880001068115234,60.2400016784668,57.03408432006836,4335500
2019-05-31,DGKC,60.2400016784668,60.2400016784668,60.2400016784668,60.2400016784668,57.03408432006836,0
2019-06-03,DGKC,60.79999923706055,61.189998626708984,57.22999954223633,57.47999954223633,54.42097091674805,2332500
2019-06-04,DGKC,57.47999954223633,57.47999954223633,57.47999954223633,57.47999954223633,54.42097091674805,0
2019-06-05,DGKC,57.47999954223633,57.47999954223633,57.47999954223633,57.47999954223633,54.42097091674805,0
2019-06-06,DGKC,57.47999954223633,57.47999954223633,57.47999954223633,57.47999954223633,54.42097091674805,0
2019-06-07,DGKC,57.47999954223633,57.47999954223633,57.47999954223633,57.47999954223633,54.42097091674805,0
2019-06-10,DGKC,56.5,56.5,54.61000061035156,54.61000061035156,51.70370864868164,525000
2019-06-11,DGKC,52.5099983215332,54.599998474121094,52.0,53.380001068115234,50.53916931152344,1863500
2019-06-12,DGKC,52.70000076293945,56.040000915527344,52.5,55.599998474121094,52.641021728515625,3210500
2019-06-13,DGKC,55.900001525878906,58.380001068115234,54.900001525878906,58.06999969482422,54.97957229614258,3656500
2019-06-14,DGKC,58.790000915527344,60.970001220703125,58.4900016784668,60.970001220703125,57.72523498535156,5745000
2019-06-17,DGKC,61.75,64.01000213623047,60.5099983215332,61.470001220703125,58.19862747192383,3907000
2019-06-18,DGKC,60.900001525878906,63.400001525878906,58.400001525878906,58.9900016784668,55.850608825683594,3152500
2019-06-19,DGKC,58.099998474121094,60.599998474121094,58.099998474121094,58.900001525878906,55.76539611816406,1684000
2019-06-20,DGKC,58.97999954223633,61.84000015258789,58.97999954223633,61.310001373291016,58.047142028808594,2483000
2019-06-21,DGKC,61.599998474121094,61.900001525878906,59.5,60.47999954223633,57.261314392089844,3274000
2019-06-24,DGKC,59.65999984741211,60.0,57.459999084472656,57.459999084472656,54.402034759521484,2520000
2019-06-25,DGKC,55.5,57.20000076293945,54.75,56.90999984741211,53.88130569458008,3103500
2019-06-26,DGKC,57.5,57.5,54.5,55.43000030517578,52.48006820678711,3613500
2019-06-27,DGKC,55.70000076293945,56.38999938964844,54.75,55.130001068115234,52.1960334777832,2446500
2019-06-28,DGKC,55.0,57.880001068115234,53.79999923706055,56.540000915527344,53.53099822998047,4460500
2019-07-01,DGKC,56.5,56.5099983215332,55.5,55.650001525878906,52.68836212158203,554500
2019-07-02,DGKC,55.79999923706055,57.599998474121094,54.849998474121094,57.2599983215332,54.21267318725586,1683500
2019-07-03,DGKC,57.650001525878906,60.119998931884766,57.650001525878906,60.119998931884766,56.92047119140625,3563500
2019-07-04,DGKC,61.29999923706055,61.88999938964844,57.119998931884766,57.2599983215332,54.21267318725586,4488000
2019-07-05,DGKC,56.349998474121094,56.54999923706055,54.79999923706055,55.189998626708984,52.25284194946289,1547500
2019-07-08,DGKC,55.5,55.79999923706055,52.75,53.0099983215332,50.18885803222656,2982500
2019-07-09,DGKC,53.47999954223633,54.290000915527344,51.099998474121094,52.0099983215332,49.2420768737793,3536500
2019-07-10,DGKC,52.45000076293945,53.0099983215332,51.25,52.18000030517578,49.40303421020508,1102500
2019-07-11,DGKC,52.70000076293945,52.970001220703125,51.54999923706055,52.4900016784668,49.696537017822266,773500
2019-07-12,DGKC,52.4900016784668,52.599998474121094,49.900001525878906,50.13999938964844,47.47159957885742,1843000
2019-07-15,DGKC,50.0,50.0,47.63999938964844,47.63999938964844,45.104644775390625,1659500
2019-07-16,DGKC,47.0,48.18000030517578,45.400001525878906,46.939998626708984,44.441898345947266,4884500
2019-07-17,DGKC,47.63999938964844,49.279998779296875,45.790000915527344,46.5,44.02531433105469,4795500
2019-07-18,DGKC,46.220001220703125,46.54999923706055,44.18000030517578,44.220001220703125,41.86665725708008,2416000
2019-07-19,DGKC,43.15999984741211,45.220001220703125,42.20000076293945,44.939998626708984,42.54833221435547,4513000
2019-07-22,DGKC,45.220001220703125,45.5,43.5,44.119998931884766,41.77197265625,1952000
2019-07-23,DGKC,44.400001525878906,46.31999969482422,42.720001220703125,46.290000915527344,43.82649230957031,5298000
2019-07-24,DGKC,47.0,48.599998474121094,46.400001525878906,47.81999969482422,45.27506637573242,4712000
2019-07-25,DGKC,47.5,47.689998626708984,45.79999923706055,46.7599983215332,44.27147674560547,1462500
2019-07-26,DGKC,46.11000061035156,46.150001525878906,44.43000030517578,44.43000030517578,42.06547927856445,1439500
2019-07-29,DGKC,43.560001373291016,43.79999923706055,42.209999084472656,42.310001373291016,40.05830383300781,1336000
2019-07-30,DGKC,42.25,43.599998474121094,41.20000076293945,42.65999984741211,40.38967514038086,2165500
2019-07-31,DGKC,42.70000076293945,44.70000076293945,42.0099983215332,44.29999923706055,41.9423942565918,1688500
2019-08-01,DGKC,44.400001525878906,45.88999938964844,43.5099983215332,43.84000015258789,41.50687789916992,1920500
2019-08-02,DGKC,43.5,44.150001525878906,42.5099983215332,43.720001220703125,41.39326095581055,974000
2019-08-05,DGKC,43.4900016784668,44.0,42.29999923706055,43.33000183105469,41.02402114868164,952000
2019-08-06,DGKC,43.400001525878906,44.70000076293945,43.400001525878906,43.86000061035156,41.52581787109375,1196000
2019-08-07,DGKC,43.97999954223633,45.38999938964844,43.31999969482422,43.77000045776367,41.44060134887695,1257000
2019-08-08,DGKC,43.5,45.20000076293945,42.650001525878906,44.060001373291016,41.715171813964844,2640500
2019-08-09,DGKC,44.29999923706055,46.2599983215332,44.29999923706055,46.09000015258789,43.63713836669922,2335000
2019-08-12,DGKC,46.09000015258789,46.09000015258789,46.09000015258789,46.09000015258789,43.63713836669922,0
2019-08-13,DGKC,46.09000015258789,46.09000015258789,46.09000015258789,46.09000015258789,43.63713836669922,0
2019-08-14,DGKC,46.09000015258789,46.09000015258789,46.09000015258789,46.09000015258789,43.63713836669922,0
2019-08-15,DGKC,46.09000015258789,46.09000015258789,46.09000015258789,46.09000015258789,43.63713836669922,0
2019-08-16,DGKC,46.0099983215332,46.599998474121094,45.5,46.220001220703125,43.76021194458008,1255500
2019-08-19,DGKC,45.79999923706055,48.529998779296875,45.790000915527344,48.310001373291016,45.73898696899414,1543500
2019-08-20,DGKC,48.630001068115234,49.59000015258789,48.25,48.5099983215332,45.928340911865234,3007500
2019-08-21,DGKC,48.599998474121094,50.93000030517578,47.630001068115234,50.59000015258789,47.897647857666016,3275500
2019-08-22,DGKC,51.599998474121094,53.11000061035156,51.599998474121094,53.11000061035156,50.283538818359375,2617500
2019-08-23,DGKC,54.0,55.7599983215332,53.29999923706055,54.310001373291016,51.419677734375,4573500
2019-08-26,DGKC,54.5,54.5,51.599998474121094,51.599998474121094,48.85389709472656,1951500
2019-08-27,DGKC,51.400001525878906,54.18000030517578,50.5,53.97999954223633,51.107234954833984,4608500
2019-08-28,DGKC,53.63999938964844,55.650001525878906,53.0,53.560001373291016,50.709590911865234,4067500
2019-08-29,DGKC,53.099998474121094,53.5,50.88999938964844,51.029998779296875,48.31423568725586,1711000
2019-08-30,DGKC,51.0099983215332,51.0099983215332,48.47999954223633,48.529998779296875,45.94728088378906,2150500
2019-09-02,DGKC,49.0,50.5,48.20000076293945,48.77000045776367,46.17451095581055,1399500
2019-09-03,DGKC,48.75,49.349998474121094,46.650001525878906,46.900001525878906,44.404029846191406,2308000
2019-09-04,DGKC,47.20000076293945,49.2400016784668,46.70000076293945,49.2400016784668,46.6194953918457,2701000
2019-09-05,DGKC,50.29999923706055,51.70000076293945,46.790000915527344,47.459999084472656,44.934226989746094,6400000
2019-09-06,DGKC,46.79999923706055,47.5,45.7599983215332,46.900001525878906,44.404029846191406,2656500
2019-09-09,DGKC,46.900001525878906,46.900001525878906,46.900001525878906,46.900001525878906,44.404029846191406,0
2019-09-10,DGKC,46.900001525878906,46.900001525878906,46.900001525878906,46.900001525878906,44.404029846191406,0
2019-09-11,DGKC,46.900001525878906,47.400001525878906,44.70000076293945,45.47999954223633,43.059600830078125,1639000
2019-09-12,DGKC,45.5,47.75,45.209999084472656,47.689998626708984,45.151981353759766,3491500
2019-09-13,DGKC,47.689998626708984,48.2400016784668,46.5099983215332,47.810001373291016,45.26559829711914,4018000
2019-09-16,DGKC,47.650001525878906,48.099998474121094,46.599998474121094,47.130001068115234,44.621788024902344,6719000
2019-09-17,DGKC,46.529998779296875,48.47999954223633,46.0,47.97999954223633,45.426551818847656,7316000
2019-09-18,DGKC,48.02000045776367,49.099998474121094,47.29999923706055,47.560001373291016,45.02890396118164,2472500
2019-09-19,DGKC,47.75,49.0,47.20000076293945,48.619998931884766,46.032493591308594,2136000
2019-09-20,DGKC,48.900001525878906,48.95000076293945,46.83000183105469,47.119998931884766,44.61231994628906,2178500
2019-09-23,DGKC,46.720001220703125,47.150001525878906,44.77000045776367,44.849998474121094,42.46312713623047,2907000
2019-09-24,DGKC,44.400001525878906,45.25,43.79999923706055,44.45000076293945,42.08441162109375,2426000
2019-09-25,DGKC,44.599998474121094,45.29999923706055,44.0,44.290000915527344,41.932926177978516,1808000
2019-09-26,DGKC,44.5,45.599998474121094,44.0,45.34000015258789,42.92704772949219,2236500
2019-09-27,DGKC,45.5,47.599998474121094,45.16999816894531,47.5099983215332,44.98155975341797,3455000
2019-09-30,DGKC,48.13999938964844,49.599998474121094,47.849998474121094,48.34000015258789,45.767391204833984,4082000
2019-10-01,DGKC,48.5,50.75,48.0,50.75,48.04913330078125,3397000
2019-10-02,DGKC,51.400001525878906,53.279998779296875,51.099998474121094,53.279998779296875,50.444488525390625,6016000
2019-10-03,DGKC,53.959999084472656,55.939998626708984,53.959999084472656,55.939998626708984,52.96292495727539,1479000
2019-10-04,DGKC,58.45000076293945,58.72999954223633,56.61000061035156,57.900001525878906,54.81861877441406,3815500
2019-10-07,DGKC,57.75,60.790000915527344,57.25,60.439998626708984,57.22344207763672,4877500
2019-10-08,DGKC,61.900001525878906,62.75,58.79999923706055,60.220001220703125,57.0151481628418,5556500
2019-10-09,DGKC,60.0,60.54999923706055,57.209999084472656,57.34000015258789,54.28842544555664,4633500
2019-10-10,DGKC,56.20000076293945,58.650001525878906,55.0,58.040000915527344,55.926517486572266,5451000
2019-10-11,DGKC,58.43000030517578,59.95000076293945,57.79999923706055,58.2599983215332,56.13850021362305,5569500
2019-10-14,DGKC,58.38999938964844,58.9900016784668,56.77000045776367,57.119998931884766,55.040016174316406,2698500
2019-10-15,DGKC,57.790000915527344,59.2400016784668,57.099998474121094,57.720001220703125,55.61817169189453,3490000
2019-10-16,DGKC,58.25,58.75,57.369998931884766,57.59000015258789,55.49290084838867,1262500
2019-10-17,DGKC,57.630001068115234,58.150001525878906,56.20000076293945,56.45000076293945,54.39441680908203,951500
2019-10-18,DGKC,56.36000061035156,58.400001525878906,55.849998474121094,56.61000061035156,54.548587799072266,3871500
2019-10-21,DGKC,56.25,56.25,53.779998779296875,53.779998779296875,51.82164001464844,2446500
2019-10-22,DGKC,52.70000076293945,53.75,51.25,52.45000076293945,50.54007339477539,2813000
2019-10-23,DGKC,52.7400016784668,53.25,51.20000076293945,51.56999969482422,49.692115783691406,1508000
2019-10-24,DGKC,51.290000915527344,52.91999816894531,50.25,51.70000076293945,49.817386627197266,1810000
2019-10-25,DGKC,51.400001525878906,53.70000076293945,51.0,52.86000061035156,50.93514633178711,4263500
2019-10-28,DGKC,52.9900016784668,55.5,52.75,55.5,53.479007720947266,2108000
2019-10-29,DGKC,56.5,58.27000045776367,56.220001220703125,56.630001068115234,54.5678596496582,5518500
2019-10-30,DGKC,56.060001373291016,58.0,56.060001373291016,56.70000076293945,54.63531494140625,1622000
2019-10-31,DGKC,57.0099983215332,59.529998779296875,57.0099983215332,59.529998779296875,57.36225891113281,2882000
2019-11-01,DGKC,60.5,62.5,60.0,62.38999938964844,60.11811447143555,5125500
2019-11-04,DGKC,63.54999923706055,65.5,63.5,65.5,63.11486053466797,833000
2019-11-05,DGKC,67.30000305175781,68.5,66.5,66.9800033569336,64.54097747802734,3307000
2019-11-06,DGKC,68.5999984741211,70.31999969482422,68.0999984741211,68.61000061035156,66.11161804199219,3757500
2019-11-07,DGKC,69.25,69.3499984741211,65.18000030517578,65.47000122070312,63.08595275878906,1866500
2019-11-08,DGKC,65.11000061035156,65.3499984741211,63.20000076293945,63.41999816894531,61.1106071472168,4422500
2019-11-11,DGKC,63.70000076293945,66.58999633789062,63.70000076293945,66.58999633789062,64.16517639160156,2554500
2019-11-12,DGKC,68.1500015258789,69.91000366210938,67.9000015258789,69.0,66.48741149902344,6448500
2019-11-13,DGKC,68.69999694824219,69.5,66.94999694824219,67.88999938964844,65.41783905029297,4437000
2019-11-14,DGKC,68.51000213623047,71.27999877929688,68.4000015258789,70.37000274658203,67.80752563476562,11589500
2019-11-15,DGKC,71.5,71.75,69.4000015258789,70.97000122070312,68.38568115234375,6638000
2019-11-18,DGKC,71.75,73.30000305175781,71.5,72.5999984741211,69.9563217163086,6878000
2019-11-19,DGKC,73.19999694824219,74.0999984741211,71.52999877929688,72.33999633789062,69.70579528808594,8184500
2019-11-20,DGKC,72.4800033569336,72.9000015258789,70.30000305175781,70.83999633789062,68.26041412353516,5247000
2019-11-21,DGKC,70.8499984741211,71.79000091552734,67.30000305175781,67.30000305175781,64.84932708740234,6503500
2019-11-22,DGKC,66.9000015258789,70.66000366210938,66.0,70.45999908447266,67.89425659179688,4530000
2019-11-25,DGKC,70.5999984741211,72.80000305175781,69.30000305175781,72.36000061035156,69.72506713867188,8161500
2019-11-26,DGKC,72.88999938964844,74.94999694824219,69.1500015258789,69.86000061035156,67.31610107421875,19789000
2019-11-27,DGKC,70.5,71.30000305175781,69.41000366210938,70.44999694824219,67.8846206665039,4393500
2019-11-28,DGKC,70.5,73.30000305175781,70.5,72.63999938964844,69.99486541748047,5671500
2019-11-29,DGKC,73.5,74.25,72.5,73.04000091552734,70.38031005859375,4021000
2019-12-02,DGKC,73.4000015258789,76.69000244140625,72.94999694824219,75.93000030517578,73.16506958007812,6996000
2019-12-03,DGKC,77.5,77.6500015258789,72.66000366210938,73.18000030517578,70.51520538330078,5809000
2019-12-04,DGKC,73.0,76.83000183105469,71.75,76.76000213623047,73.96484375,9708500
2019-12-05,DGKC,77.3499984741211,80.58999633789062,75.61000061035156,79.80999755859375,76.90377044677734,9744500
2019-12-06,DGKC,78.55000305175781,79.9800033569336,77.31999969482422,77.87000274658203,75.03443145751953,6265000
2019-12-09,DGKC,77.80000305175781,79.0,74.76000213623047,75.61000061035156,72.85671997070312,3844500
2019-12-10,DGKC,75.75,78.0,75.4000015258789,77.16000366210938,74.35027313232422,3644500
2019-12-11,DGKC,77.5,78.5,75.80999755859375,76.13999938964844,73.36741638183594,3838000
2019-12-12,DGKC,76.0199966430664,76.80000305175781,74.62000274658203,75.19000244140625,72.45201110839844,1890000
2019-12-13,DGKC,75.69999694824219,77.23999786376953,75.01000213623047,75.51000213623047,72.76036071777344,1807500
2019-12-16,DGKC,76.0,78.48999786376953,76.0,77.58999633789062,74.76461791992188,4292500
2019-12-17,DGKC,78.0,78.3499984741211,75.30000305175781,76.58000183105469,73.7914047241211,3485500
2019-12-18,DGKC,76.0,78.6500015258789,75.43000030517578,77.44999694824219,74.62971496582031,3237000
2019-12-19,DGKC,77.94999694824219,78.25,73.58000183105469,74.37000274658203,71.66187286376953,2525000
2019-12-20,DGKC,75.0,76.0,72.5999984741211,73.18000030517578,70.51520538330078,2135000
2019-12-23,DGKC,72.80000305175781,76.5,72.16000366210938,73.83000183105469,71.14153289794922,5222000
2019-12-24,DGKC,74.0999984741211,74.80000305175781,72.4000015258789,73.98999786376953,71.29571533203125,3316500
2019-12-25,DGKC,73.98999786376953,73.98999786376953,73.98999786376953,73.98999786376953,71.29571533203125,0
2019-12-26,DGKC,74.19999694824219,75.88999938964844,74.0199966430664,75.2699966430664,72.52910614013672,1556000
2019-12-27,DGKC,75.6500015258789,77.0,73.30000305175781,73.86000061035156,71.17044067382812,4532000
2019-12-30,DGKC,74.5,75.25,73.9000015258789,74.05999755859375,71.3631591796875,2149500
2019-12-31,DGKC,74.0,75.4000015258789,73.5999984741211,74.2699966430664,71.56550598144531,3052000
2020-01-01,DGKC,74.44000244140625,75.5999984741211,73.5999984741211,75.2300033569336,72.49055480957031,1501000
2020-01-02,DGKC,75.0,78.8499984741211,75.0,78.38999938964844,75.53548431396484,5511500
2020-01-03,DGKC,79.30999755859375,80.01000213623047,76.80000305175781,77.62999725341797,74.80316162109375,6771000
2020-01-06,DGKC,76.69999694824219,76.69999694824219,73.75,73.75,71.064453125,3836000
2020-01-07,DGKC,74.5,75.5999984741211,74.19999694824219,75.2300033569336,72.49055480957031,2105500
2020-01-08,DGKC,74.0,75.0999984741211,71.5,72.05999755859375,69.43598937988281,4406000
2020-01-09,DGKC,74.94999694824219,75.66000366210938,74.4000015258789,75.66000366210938,72.9049072265625,3369000
2020-01-10,DGKC,76.30000305175781,77.6500015258789,75.5999984741211,76.66999816894531,73.87812042236328,3612500
2020-01-13,DGKC,76.30000305175781,77.8499984741211,75.5999984741211,76.69000244140625,73.89739227294922,3269500
2020-01-14,DGKC,77.0,77.30000305175781,75.19999694824219,75.44999694824219,72.70254516601562,1955500
2020-01-15,DGKC,75.5,77.88999938964844,75.44999694824219,76.86000061035156,74.06119537353516,4281000
2020-01-16,DGKC,76.80000305175781,78.8499984741211,76.5,78.43000030517578,75.57402801513672,4138500
2020-01-17,DGKC,78.9800033569336,79.5,78.22000122070312,78.3499984741211,75.49694061279297,2552000
2020-01-20,DGKC,78.37000274658203,78.48999786376953,75.5,76.13999938964844,73.36741638183594,2148500
2020-01-21,DGKC,76.0,76.48999786376953,75.01000213623047,75.81999969482422,73.05906677246094,1177000
2020-01-22,DGKC,76.1500015258789,77.25,74.55000305175781,76.5999984741211,73.8106689453125,2966500
2020-01-23,DGKC,77.33000183105469,79.80000305175781,76.30000305175781,76.69000244140625,73.89739227294922,12823000
2020-01-24,DGKC,76.05999755859375,77.87999725341797,75.9000015258789,77.56999969482422,74.74535369873047,4633500
2020-01-27,DGKC,77.9800033569336,79.79000091552734,77.69999694824219,78.1500015258789,75.3042221069336,9081000
2020-01-28,DGKC,78.0,79.4000015258789,77.5999984741211,78.45999908447266,75.60293579101562,7014500
2020-01-29,DGKC,78.5,78.5,75.8499984741211,76.31999969482422,73.5408706665039,4779500
2020-01-30,DGKC,75.9800033569336,76.73999786376953,75.36000061035156,76.43000030517578,73.64685821533203,4328500
2020-01-31,DGKC,76.9000015258789,77.0999984741211,74.0999984741211,74.66000366210938,71.94131469726562,3959000
2020-02-03,DGKC,73.0,73.0,70.4000015258789,71.1500015258789,68.55912780761719,4015000
2020-02-04,DGKC,71.1500015258789,71.1500015258789,71.1500015258789,71.1500015258789,68.55912780761719,0
2020-02-05,DGKC,71.1500015258789,71.1500015258789,71.1500015258789,71.1500015258789,68.55912780761719,0
2020-02-06,DGKC,71.98999786376953,72.3499984741211,70.37000274658203,70.55999755859375,67.99060821533203,2378500
2020-02-07,DGKC,71.30000305175781,71.5,66.33000183105469,66.47000122070312,64.04954528808594,6835000
2020-02-10,DGKC,65.69999694824219,66.68000030517578,62.4900016784668,62.650001525878906,60.36864471435547,4764500
2020-02-11,DGKC,62.900001525878906,65.77999877929688,61.70000076293945,64.55000305175781,62.199459075927734,5087500
2020-02-12,DGKC,65.3499984741211,67.5,63.31999969482422,66.61000061035156,64.1844482421875,8070000
2020-02-13,DGKC,67.0,70.55000305175781,65.80999755859375,69.62000274658203,67.08484649658203,18247500
2020-02-14,DGKC,70.0,70.0,67.86000061035156,68.11000061035156,65.62982177734375,3684000
2020-02-17,DGKC,68.0999984741211,68.25,64.75,66.58999633789062,64.16517639160156,9133500
2020-02-18,DGKC,66.5,67.13999938964844,65.0999984741211,66.5199966430664,64.09772491455078,4046500
2020-02-19,DGKC,66.98999786376953,69.87999725341797,66.98999786376953,69.45999908447266,66.9306640625,9509000
2020-02-20,DGKC,69.79000091552734,70.0,68.01000213623047,68.29000091552734,65.80326843261719,8146000
2020-02-21,DGKC,68.4000015258789,69.75,67.66000366210938,68.54000091552734,66.04417419433594,4260000
2020-02-24,DGKC,68.5,69.48999786376953,64.69999694824219,65.16999816894531,62.796878814697266,4670000
2020-02-25,DGKC,65.0,66.44999694824219,64.66000366210938,65.9800033569336,63.577396392822266,5170500
2020-02-26,DGKC,66.0,66.44000244140625,64.9000015258789,65.79000091552734,63.39430236816406,3643000
2020-02-27,DGKC,64.80000305175781,68.3499984741211,63.5,67.86000061035156,65.38893127441406,7408500
2020-02-28,DGKC,67.5,71.0,67.30999755859375,69.19999694824219,66.68013763427734,9476500
2020-03-02,DGKC,70.80000305175781,74.04000091552734,70.05000305175781,74.04000091552734,71.34388732910156,7529500
2020-03-03,DGKC,76.05000305175781,77.79000091552734,75.4000015258789,75.68000030517578,72.9241714477539,7940500
2020-03-04,DGKC,76.01000213623047,77.6500015258789,74.80000305175781,76.37999725341797,73.59867858886719,7196000
2020-03-05,DGKC,78.05000305175781,81.72000122070312,78.05000305175781,80.66999816894531,77.73246002197266,13119000
2020-03-06,DGKC,79.0,84.19999694824219,78.51000213623047,79.94999694824219,77.03868103027344,14593000
2020-03-09,DGKC,77.5,85.54000091552734,74.66000366210938,85.54000091552734,82.42512512207031,9421000
2020-03-10,DGKC,89.48999786376953,90.0999984741211,84.0999984741211,87.9000015258789,84.69918823242188,8904000
2020-03-11,DGKC,87.19999694824219,89.5,85.4000015258789,85.91999816894531,82.7912826538086,7755500
2020-03-12,DGKC,84.0,87.5,79.91000366210938,80.62999725341797,77.69391632080078,8048500
2020-03-13,DGKC,77.98999786376953,83.69999694824219,74.98999786376953,81.36000061035156,78.39733123779297,12791500
2020-03-16,DGKC,79.0,79.0,75.26000213623047,75.26000213623047,72.51946258544922,5315500
2020-03-17,DGKC,75.0,79.0,73.0,76.48999786376953,73.70467376708984,5872500
2020-03-18,DGKC,75.0,75.0,70.76000213623047,70.76000213623047,68.18333435058594,2909500
2020-03-19,DGKC,65.45999908447266,67.9000015258789,65.45999908447266,65.45999908447266,63.07632064819336,5046500
2020-03-20,DGKC,67.0,67.5999984741211,60.560001373291016,63.06999969482422,60.773353576660156,8734500
2020-03-23,DGKC,63.06999969482422,63.06999969482422,63.06999969482422,63.06999969482422,60.773353576660156,0
2020-03-24,DGKC,58.34000015258789,65.0,58.34000015258789,58.34000015258789,56.21559524536133,1178000
2020-03-25,DGKC,60.709999084472656,61.900001525878906,53.970001220703125,54.02000045776367,52.05289840698242,4216500
2020-03-26,DGKC,53.0,56.400001525878906,49.970001220703125,50.04999923706055,48.22746658325195,2949000
2020-03-27,DGKC,49.0,53.79999923706055,47.02000045776367,53.4900016784668,51.54220199584961,3209000
2020-03-30,DGKC,53.4900016784668,57.349998474121094,51.0,57.119998931884766,55.040016174316406,4506500
2020-03-31,DGKC,57.0,60.25,55.599998474121094,59.25,57.09245300292969,5752500
2020-04-01,DGKC,60.099998474121094,60.279998779296875,57.79999923706055,58.72999954223633,56.59138870239258,4670500
2020-04-02,DGKC,58.5,63.130001068115234,57.119998931884766,63.130001068115234,60.83116912841797,6908000
2020-04-03,DGKC,67.86000061035156,67.86000061035156,67.0,67.81999969482422,65.35038757324219,3051000
2020-04-06,DGKC,72.7699966430664,72.7699966430664,63.349998474121094,64.69000244140625,62.3343620300293,7312000
2020-04-07,DGKC,66.0,69.54000091552734,65.5999984741211,69.27999877929688,66.75721740722656,5113000
2020-04-08,DGKC,70.0,70.94999694824219,68.3499984741211,69.25,66.72830963134766,6422000
2020-04-09,DGKC,71.0,74.44000244140625,71.0,74.44000244140625,71.72932434082031,5486000
2020-04-10,DGKC,75.5999984741211,76.80000305175781,74.44000244140625,76.04000091552734,73.27105712890625,6322500
2020-04-13,DGKC,75.25,75.3499984741211,70.33999633789062,70.72000122070312,68.14479064941406,6005500
2020-04-14,DGKC,71.12000274658203,73.36000061035156,70.69999694824219,72.88999938964844,70.23576354980469,6222500
2020-04-15,DGKC,75.6500015258789,76.9000015258789,73.5999984741211,74.16000366210938,71.45951843261719,7858000
2020-04-16,DGKC,75.0999984741211,75.19999694824219,72.30000305175781,73.87000274658203,71.18008422851562,3735000
2020-04-17,DGKC,79.41000366210938,79.41000366210938,79.41000366210938,79.41000366210938,76.51834869384766,998500
2020-04-20,DGKC,85.36000061035156,85.36000061035156,83.5999984741211,85.36000061035156,82.2516860961914,10903500
2020-04-21,DGKC,82.5,90.44000244140625,82.5,86.20999908447266,83.07072448730469,20605500
2020-04-22,DGKC,87.25,90.26000213623047,86.5,87.69999694824219,84.5064697265625,13798500
2020-04-23,DGKC,89.01000213623047,89.01000213623047,82.0,83.02999877929688,80.00651550292969,10458500
2020-04-24,DGKC,82.5999984741211,84.5,81.5999984741211,82.70999908447266,79.69817352294922,4244000
2020-04-27,DGKC,81.0,82.30000305175781,77.5,81.22000122070312,78.26243591308594,7005000
2020-04-28,DGKC,81.69999694824219,85.94999694824219,81.69999694824219,84.58999633789062,81.50971221923828,6659000
2020-04-29,DGKC,85.19999694824219,86.44999694824219,84.19999694824219,84.9800033569336,81.8855209350586,7269500
2020-04-30,DGKC,85.61000061035156,87.51000213623047,85.61000061035156,86.6500015258789,83.49471282958984,6592500
2020-05-01,DGKC,86.6500015258789,86.6500015258789,86.6500015258789,86.6500015258789,83.49471282958984,0
2020-05-04,DGKC,85.0,86.19000244140625,83.5,84.0199966430664,80.9604721069336,5415500
2020-05-05,DGKC,85.0,85.5,80.25,82.33999633789062,79.34164428710938,4982500
2020-05-06,DGKC,82.0,83.0,80.30000305175781,80.80999755859375,77.86737060546875,2870500
2020-05-07,DGKC,80.0999984741211,83.87999725341797,78.11000061035156,78.72000122070312,75.85346984863281,8190500
2020-05-08,DGKC,79.55000305175781,80.44000244140625,78.80000305175781,79.3499984741211,76.46053314208984,2165500
2020-05-11,DGKC,79.5999984741211,79.5999984741211,77.5999984741211,78.70999908447266,75.84383392333984,1105000
2020-05-12,DGKC,82.0,84.61000061035156,81.5,84.1500015258789,81.08574676513672,6572000
2020-05-13,DGKC,84.0,85.5,83.22000122070312,83.94999694824219,80.89302062988281,5404000
2020-05-14,DGKC,83.75,85.0,82.5,83.16999816894531,80.14142608642578,1638500
2020-05-15,DGKC,83.5999984741211,85.3499984741211,82.86000061035156,84.68000030517578,81.59644317626953,5280500
2020-05-18,DGKC,87.0,87.0,83.0,83.44999694824219,80.41122436523438,3563000
2020-05-19,DGKC,83.80000305175781,84.5999984741211,82.30000305175781,82.5999984741211,79.5921859741211,2537000
2020-05-20,DGKC,82.6500015258789,84.0,82.0,83.37999725341797,80.3437728881836,2010500
2020-05-21,DGKC,83.69000244140625,83.75,80.5999984741211,81.11000061035156,78.15644073486328,3602000
2020-05-22,DGKC,81.11000061035156,81.11000061035156,81.11000061035156,81.11000061035156,78.15644073486328,0
2020-05-25,DGKC,81.11000061035156,81.11000061035156,81.11000061035156,81.11000061035156,78.15644073486328,0
2020-05-26,DGKC,81.11000061035156,81.11000061035156,81.11000061035156,81.11000061035156,78.15644073486328,0
2020-05-27,DGKC,81.11000061035156,81.11000061035156,81.11000061035156,81.11000061035156,78.15644073486328,0
2020-05-28,DGKC,81.4000015258789,82.19999694824219,80.19999694824219,82.02999877929688,79.04293823242188,1552500
2020-05-29,DGKC,82.05000305175781,83.69000244140625,81.9000015258789,82.56999969482422,79.56327819824219,2419000
2020-06-01,DGKC,82.5999984741211,82.87000274658203,80.5,81.01000213623047,78.0600814819336,1779500
2020-06-02,DGKC,81.26000213623047,82.80000305175781,81.25,81.76000213623047,78.78277587890625,2465500
2020-06-03,DGKC,82.0,82.38999938964844,80.9000015258789,81.20999908447266,78.25279998779297,958500
2020-06-04,DGKC,81.4000015258789,81.69999694824219,80.4000015258789,80.76000213623047,77.81918334960938,997000
2020-06-05,DGKC,81.0,82.30000305175781,80.5,81.83000183105469,78.85022735595703,1395500
2020-06-08,DGKC,82.4000015258789,83.79000091552734,82.4000015258789,83.37000274658203,80.33414459228516,3269000
2020-06-09,DGKC,83.37000274658203,83.9000015258789,82.66000366210938,83.18000030517578,80.15106201171875,2243000
2020-06-10,DGKC,83.44999694824219,83.6500015258789,82.30000305175781,82.48999786376953,79.48619079589844,1772500
2020-06-11,DGKC,82.8499984741211,83.86000061035156,81.80000305175781,83.66000366210938,80.61357879638672,1987500
2020-06-12,DGKC,82.5999984741211,84.48999786376953,82.30000305175781,83.75,80.70030975341797,2412000
2020-06-15,DGKC,83.5,84.0,78.5999984741211,80.0999984741211,77.18321228027344,4166000
2020-06-16,DGKC,80.80000305175781,81.30000305175781,80.1500015258789,80.83999633789062,77.89627075195312,1110000
2020-06-17,DGKC,81.0999984741211,81.55000305175781,78.0,78.54000091552734,75.68002319335938,1294500
2020-06-18,DGKC,79.30000305175781,79.7699966430664,78.22000122070312,78.70999908447266,75.84383392333984,1629000
2020-06-19,DGKC,79.75,79.75,77.55999755859375,78.19999694824219,75.35240936279297,575000
2020-06-22,DGKC,78.5999984741211,79.0,75.75,78.69000244140625,75.8245620727539,2525000
2020-06-23,DGKC,79.1500015258789,80.30000305175781,78.9000015258789,79.94000244140625,77.02904510498047,1634000
2020-06-24,DGKC,80.11000061035156,80.55000305175781,78.4000015258789,78.91000366210938,76.03656005859375,3415500
2020-06-25,DGKC,78.66000366210938,79.44999694824219,77.8499984741211,78.88999938964844,76.01728057861328,2117000
2020-06-26,DGKC,82.0,84.80000305175781,80.75,84.2699966430664,81.20137023925781,12608000
2020-06-29,DGKC,84.0,87.51000213623047,82.25,85.6500015258789,82.53111267089844,8209000
2020-06-30,DGKC,86.25,87.38999938964844,85.0,85.33000183105469,82.22277069091797,4739500
2020-07-01,DGKC,85.25,91.72000122070312,85.19999694824219,91.38999938964844,88.06209564208984,14526000
2020-07-02,DGKC,92.0,92.9800033569336,90.11000061035156,90.9000015258789,87.58995056152344,9530500
2020-07-03,DGKC,91.0,91.30000305175781,89.4000015258789,90.44999694824219,87.15632629394531,2485500
2020-07-06,DGKC,91.0,93.4000015258789,90.5999984741211,92.18000030517578,88.8233413696289,5044000
2020-07-07,DGKC,93.05000305175781,94.75,92.76000213623047,93.04000091552734,89.65202331542969,4589500
2020-07-08,DGKC,94.5,96.0999984741211,93.4000015258789,95.30999755859375,91.83935546875,10167000
2020-07-09,DGKC,97.0,97.8499984741211,95.0,95.62999725341797,92.147705078125,6705000
2020-07-10,DGKC,95.6500015258789,96.3499984741211,94.20999908447266,95.97000122070312,92.47532653808594,4130500
2020-07-13,DGKC,98.0,103.16000366210938,97.5999984741211,102.98999786376953,99.23970031738281,11522500
2020-07-14,DGKC,104.0,104.38999938964844,101.0999984741211,101.33000183105469,97.64014434814453,6040500
2020-07-15,DGKC,102.0,104.0999984741211,101.05999755859375,102.75,99.00843811035156,6991500
2020-07-16,DGKC,103.0,106.5999984741211,103.0,105.4800033569336,101.63902282714844,8310000
2020-07-17,DGKC,106.0,106.5,104.26000213623047,104.9800033569336,101.15724182128906,2731500
2020-07-20,DGKC,105.5,107.73999786376953,104.75,105.41999816894531,101.5811996459961,4500500
2020-07-21,DGKC,105.8499984741211,106.9800033569336,101.98999786376953,102.41000366210938,98.68081665039062,6543000
2020-07-22,DGKC,103.0999984741211,104.30000305175781,100.80000305175781,102.62000274658203,98.88317108154297,7044000
2020-07-23,DGKC,103.5,103.5,99.37999725341797,99.69000244140625,96.05986785888672,4252000
2020-07-24,DGKC,99.0,99.19000244140625,97.4000015258789,98.22000122070312,94.64339447021484,3831000
2020-07-27,DGKC,98.5,102.0,97.83999633789062,101.55999755859375,97.86176300048828,4031500
2020-07-28,DGKC,102.9000015258789,103.8499984741211,102.1500015258789,102.87000274658203,99.12406921386719,5816000
2020-07-29,DGKC,104.25,104.5,101.5,102.66999816894531,98.93135070800781,10890000
2020-07-30,DGKC,103.19999694824219,104.4800033569336,102.25,104.0999984741211,100.30927276611328,5588000
2020-07-31,DGKC,104.0999984741211,104.0999984741211,104.0999984741211,104.0999984741211,100.30927276611328,0
2020-08-03,DGKC,106.0,108.4000015258789,105.4000015258789,106.2699966430664,102.40025329589844,17432000
2020-08-04,DGKC,105.5,107.5,101.0,102.08999633789062,98.37246704101562,11516000
2020-08-05,DGKC,102.4800033569336,108.94999694824219,101.0999984741211,107.7699966430664,103.84562683105469,21413500
2020-08-06,DGKC,109.23999786376953,110.4000015258789,106.5999984741211,107.37000274658203,103.460205078125,12026500
2020-08-07,DGKC,107.19999694824219,109.0,105.69999694824219,106.16999816894531,102.30390167236328,7098500
2020-08-10,DGKC,106.30000305175781,106.9000015258789,104.01000213623047,104.62999725341797,100.81997680664062,3495000
2020-08-11,DGKC,104.83999633789062,107.3499984741211,104.83999633789062,106.13999938964844,102.27499389648438,6498000
2020-08-12,DGKC,107.5,109.4000015258789,104.69999694824219,105.72000122070312,101.87029266357422,11012500
2020-08-13,DGKC,105.69999694824219,106.9000015258789,103.83000183105469,105.2300033569336,101.39813232421875,5151500
2020-08-14,DGKC,105.2300033569336,105.2300033569336,105.2300033569336,105.2300033569336,101.39813232421875,0
2020-08-17,DGKC,105.8499984741211,107.25,105.0,105.72000122070312,101.87029266357422,3083000
2020-08-18,DGKC,106.4000015258789,112.69999694824219,105.87000274658203,111.93000030517578,107.8541488647461,26779000
2020-08-19,DGKC,111.75,113.3499984741211,109.5,110.08000183105469,106.07152557373047,12049000
2020-08-20,DGKC,110.69000244140625,110.69000244140625,106.5999984741211,107.41999816894531,103.50837707519531,5689000
2020-08-21,DGKC,106.5,108.25,104.5,106.55000305175781,102.6700668334961,5937000
2020-08-24,DGKC,106.61000061035156,108.44000244140625,105.94999694824219,107.97000122070312,104.0383529663086,4405000
2020-08-25,DGKC,108.9000015258789,111.01000213623047,108.4000015258789,109.79000091552734,105.79208374023438,8426500
2020-08-26,DGKC,109.5,110.25,108.80000305175781,109.38999938964844,105.4066390991211,3628500
2020-08-27,DGKC,109.5,111.98999786376953,109.5,110.12999725341797,106.11969757080078,8378000
2020-08-28,DGKC,110.0,110.5,108.9000015258789,109.0999984741211,105.12720489501953,1450500
2020-08-31,DGKC,110.0999984741211,114.5999984741211,109.69999694824219,111.80000305175781,107.72888946533203,11124000
2020-09-01,DGKC,112.0,115.73999786376953,111.80000305175781,115.1500015258789,110.95689392089844,7504000
2020-09-02,DGKC,116.5,118.37000274658203,115.9000015258789,116.47000122070312,112.22883605957031,5130000
2020-09-03,DGKC,116.55000305175781,118.01000213623047,115.80999755859375,117.62999725341797,113.34659576416016,5680000
2020-09-04,DGKC,117.4000015258789,118.94999694824219,115.62999725341797,116.31999969482422,112.08429718017578,6573500
2020-09-07,DGKC,118.0,118.0,115.5,116.19999694824219,111.96865844726562,4455000
2020-09-08,DGKC,116.98999786376953,117.5,112.8499984741211,113.79000091552734,109.64642333984375,5490000
2020-09-09,DGKC,113.69999694824219,114.4000015258789,112.5,113.0999984741211,108.9815444946289,2804500
2020-09-10,DGKC,113.88999938964844,117.0,113.88999938964844,115.0,110.81236267089844,5766000
2020-09-11,DGKC,115.75,115.75,112.98999786376953,113.30999755859375,109.18390655517578,2168500
2020-09-14,DGKC,113.0999984741211,113.98999786376953,109.5,110.16000366210938,106.14861297607422,4409000
2020-09-15,DGKC,110.48999786376953,113.80000305175781,110.48999786376953,111.05000305175781,107.00621032714844,5908500
2020-09-16,DGKC,111.5999984741211,112.87999725341797,110.80999755859375,111.9800033569336,107.90233612060547,2376000
2020-09-17,DGKC,113.48999786376953,113.5199966430664,112.25,112.97000122070312,108.85627746582031,5098000
2020-09-18,DGKC,112.19999694824219,112.5,110.80000305175781,112.02999877929688,107.95051574707031,2351500
2020-09-21,DGKC,111.01000213623047,112.5,110.5,111.02999877929688,106.98693084716797,1293000
2020-09-22,DGKC,111.30000305175781,112.5999984741211,110.0,112.0999984741211,108.0179672241211,7711000
2020-09-23,DGKC,113.5,115.30000305175781,112.9000015258789,113.22000122070312,109.09717559814453,5838000
2020-09-24,DGKC,113.0,114.80000305175781,111.80000305175781,112.95999908447266,108.84664154052734,4723500
2020-09-25,DGKC,112.01000213623047,112.98999786376953,109.0999984741211,109.68000030517578,105.68608856201172,4373500
2020-09-28,DGKC,109.88999938964844,109.88999938964844,103.37000274658203,104.30999755859375,100.51162719726562,5310000
2020-09-29,DGKC,104.4000015258789,105.9000015258789,102.0,105.0,101.17649841308594,4840000
2020-09-30,DGKC,106.0999984741211,108.0,102.5,103.11000061035156,99.3553237915039,6000000
2020-10-01,DGKC,103.80000305175781,110.0,102.37000274658203,108.16999816894531,104.23107147216797,8100500
2020-10-02,DGKC,108.51000213623047,109.0,105.66000366210938,106.7699966430664,102.88204193115234,6786500
2020-10-05,DGKC,105.5,106.8499984741211,103.5,104.76000213623047,100.94524383544922,4463500
2020-10-06,DGKC,105.4000015258789,107.0,103.87000274658203,106.19000244140625,102.32317352294922,2398923
2020-10-07,DGKC,107.0,111.5,106.01000213623047,111.08000183105469,107.03511047363281,4107769
2020-10-08,DGKC,111.9000015258789,112.5,107.87000274658203,110.08000183105469,106.07152557373047,5502957
2020-10-09,DGKC,110.01000213623047,111.1500015258789,109.30000305175781,109.58000183105469,105.58972930908203,2294871
2020-10-12,DGKC,109.88999938964844,110.0999984741211,106.5,106.98999786376953,103.09403228759766,3654189
2020-10-13,DGKC,106.9000015258789,107.5,104.5199966430664,106.61000061035156,102.72787475585938,1740847
2020-10-14,DGKC,106.75,108.5,106.51000213623047,107.86000061035156,103.93235778808594,4447516
2020-10-15,DGKC,108.75,109.5,105.5,106.01000213623047,102.14972686767578,2674614
2020-10-16,DGKC,106.05000305175781,108.66999816894531,104.5,108.01000213623047,104.07689666748047,4296507
2020-10-19,DGKC,107.9000015258789,109.0,107.25,108.02999877929688,104.09616088867188,1121224
2020-10-20,DGKC,108.0,111.79000091552734,108.0,110.94000244140625,106.90020751953125,3716039
2020-10-21,DGKC,111.5999984741211,111.5999984741211,109.0999984741211,110.47000122070312,106.44731903076172,3681397
2020-10-22,DGKC,110.5,113.94999694824219,110.0,110.72000122070312,106.68821716308594,7045591
2020-10-23,DGKC,110.75,115.5,109.87000274658203,112.31999969482422,108.22994232177734,9108435
2020-10-26,DGKC,112.5,117.0,111.80000305175781,116.06999969482422,111.84339904785156,7004660
2020-10-27,DGKC,115.75,116.0,113.0,113.33999633789062,109.21281433105469,3006496
2020-10-28,DGKC,113.0,114.18000030517578,111.51000213623047,112.13999938964844,108.05650329589844,1594845
2020-10-29,DGKC,112.0,112.0,104.87000274658203,107.94000244140625,104.00944519042969,6676123
2020-10-30,DGKC,107.94000244140625,107.94000244140625,107.94000244140625,107.94000244140625,104.00944519042969,0
2020-11-02,DGKC,107.0,109.9800033569336,105.12000274658203,109.0,105.03084564208984,2260711
2020-11-03,DGKC,110.75,112.9000015258789,110.0,112.44000244140625,108.3455810546875,2620744
2020-11-04,DGKC,113.75,113.76000213623047,110.25,110.52999877929688,106.50513458251953,1592390
2020-11-05,DGKC,111.5,112.4000015258789,111.0,111.4000015258789,107.34345245361328,961950
2020-11-06,DGKC,111.19999694824219,111.5,109.80000305175781,110.0199966430664,106.0136947631836,651028
2020-11-09,DGKC,110.52999877929688,110.9800033569336,108.1500015258789,109.26000213623047,105.28137969970703,1459352
2020-11-10,DGKC,110.75,111.69999694824219,108.87000274658203,109.16000366210938,105.18502807617188,1694796
2020-11-11,DGKC,108.98999786376953,109.4000015258789,106.80000305175781,107.83999633789062,103.9130859375,1705251
2020-11-12,DGKC,108.0,108.1500015258789,105.19999694824219,105.52999877929688,101.68720245361328,2229247
2020-11-13,DGKC,105.83999633789062,108.19000244140625,105.0,107.0999984741211,103.20002746582031,1313008
2020-11-16,DGKC,107.7300033569336,108.25,106.0,106.16000366210938,102.29426574707031,566107
2020-11-17,DGKC,106.9000015258789,107.75,106.0999984741211,106.37000274658203,102.49661254882812,445845
2020-11-18,DGKC,106.69999694824219,106.69999694824219,104.02999877929688,105.69999694824219,101.85101318359375,1321419
2020-11-19,DGKC,105.5,106.9000015258789,104.4000015258789,105.02999877929688,101.20540618896484,1462006
2020-11-20,DGKC,105.01000213623047,105.4800033569336,103.41000366210938,103.66999816894531,99.89493560791016,1167527
2020-11-23,DGKC,103.0,104.19999694824219,101.55000305175781,102.97000122070312,99.22042846679688,2255885
2020-11-24,DGKC,103.4800033569336,103.9000015258789,100.33000183105469,102.04000091552734,98.32429504394531,1898903
2020-11-25,DGKC,102.5,102.98999786376953,100.25,101.06999969482422,97.38961029052734,1253067
2020-11-26,DGKC,102.1500015258789,106.37999725341797,101.1500015258789,105.69999694824219,101.85101318359375,5616065
2020-11-27,DGKC,104.98999786376953,105.77999877929688,102.9000015258789,103.83000183105469,100.04911041259766,2253484
2020-11-30,DGKC,103.05000305175781,105.4800033569336,102.9000015258789,105.01000213623047,101.18614196777344,1197449
2020-12-01,DGKC,105.0999984741211,107.80000305175781,105.0999984741211,106.12999725341797,102.26535034179688,3808662
2020-12-02,DGKC,106.79000091552734,107.3499984741211,105.4000015258789,106.73999786376953,102.85314178466797,2226668
2020-12-03,DGKC,107.25,109.3499984741211,106.56999969482422,106.98999786376953,103.09403228759766,4667390
2020-12-04,DGKC,107.0,107.69999694824219,105.8499984741211,106.08999633789062,102.226806640625,1898714
2020-12-07,DGKC,106.30000305175781,107.19999694824219,105.12000274658203,105.75,101.8991928100586,1075915
2020-12-08,DGKC,105.88999938964844,108.5,105.19999694824219,107.3499984741211,103.44092559814453,3878982
2020-12-09,DGKC,107.9000015258789,109.9000015258789,107.75,108.11000061035156,104.17326354980469,4993416
2020-12-10,DGKC,108.5999984741211,108.9000015258789,107.19999694824219,108.41000366210938,104.46233367919922,1389124
2020-12-11,DGKC,108.48999786376953,110.37999725341797,108.0,108.4000015258789,104.45269775390625,3181373
2020-12-14,DGKC,108.5999984741211,111.4000015258789,108.5999984741211,110.97000122070312,106.92910766601562,4991261
2020-12-15,DGKC,111.88999938964844,114.5,111.01000213623047,111.58999633789062,107.52652740478516,7214778
2020-12-16,DGKC,111.5,111.75,109.01000213623047,109.2699966430664,105.291015625,2384449
2020-12-17,DGKC,109.54000091552734,110.69999694824219,108.81999969482422,110.3499984741211,106.33168029785156,2080894
2020-12-18,DGKC,110.83999633789062,111.98999786376953,108.9000015258789,109.19000244140625,105.21392822265625,1856697
2020-12-21,DGKC,109.01000213623047,111.0999984741211,108.0,108.9000015258789,104.93448638916016,2858765
2020-12-22,DGKC,109.0,111.0999984741211,108.11000061035156,108.73999786376953,104.78031158447266,2088596
2020-12-23,DGKC,109.05000305175781,111.5,108.80000305175781,110.5,106.47622680664062,2510890
2020-12-24,DGKC,112.0,115.0999984741211,111.12999725341797,113.87999725341797,109.73314666748047,9076257
2020-12-25,DGKC,113.87999725341797,113.87999725341797,113.87999725341797,113.87999725341797,109.73314666748047,0
2020-12-28,DGKC,114.98999786376953,116.30000305175781,112.91999816894531,113.6500015258789,109.51152801513672,3906072
2020-12-29,DGKC,114.5,114.5,112.05999755859375,112.66999816894531,108.56720733642578,1716533
2020-12-30,DGKC,112.25,113.83999633789062,112.25,112.81999969482422,108.71174621582031,1862046
2020-12-31,DGKC,113.0,115.69999694824219,112.81999969482422,114.58000183105469,110.40765380859375,3623340
2021-01-01,DGKC,116.0,117.30000305175781,114.4000015258789,114.86000061035156,110.67745971679688,3945401
2021-01-04,DGKC,115.11000061035156,115.5,110.30000305175781,110.66000366210938,106.6303939819336,4010723
2021-01-05,DGKC,111.3499984741211,112.5999984741211,110.55000305175781,111.62999725341797,107.56507110595703,1577968
2021-01-06,DGKC,111.80000305175781,113.62999725341797,111.11000061035156,112.87999725341797,108.7695541381836,2014718
2021-01-07,DGKC,113.0,114.44999694824219,112.0,112.37999725341797,108.28776550292969,1971820
2021-01-08,DGKC,112.06999969482422,114.5,112.05000305175781,113.12000274658203,109.00082397460938,2750214
2021-01-11,DGKC,113.5,114.5999984741211,112.05999755859375,112.22000122070312,108.13359069824219,1529815
2021-01-12,DGKC,112.3499984741211,112.69999694824219,111.19999694824219,112.33999633789062,108.24922180175781,958932
2021-01-13,DGKC,113.25,115.4000015258789,113.0,114.0199966430664,109.8680419921875,4609566
2021-01-14,DGKC,114.4800033569336,115.0,112.5999984741211,113.12000274658203,109.00082397460938,1440605
2021-01-15,DGKC,113.12000274658203,114.19999694824219,110.51000213623047,111.33000183105469,107.2760009765625,1753410
2021-01-18,DGKC,111.5999984741211,112.19999694824219,110.80000305175781,110.97000122070312,106.92910766601562,964363
2021-01-19,DGKC,111.0,111.98999786376953,110.26000213623047,110.66999816894531,106.64002990722656,617137
2021-01-20,DGKC,110.70999908447266,111.23999786376953,109.51000213623047,110.12999725341797,106.11969757080078,981174
2021-01-21,DGKC,110.8499984741211,112.9800033569336,110.5,111.0,106.95801544189453,2564037
2021-01-22,DGKC,111.0,111.5,109.80000305175781,110.58000183105469,106.55331420898438,1278175
2021-01-25,DGKC,111.30000305175781,112.75,111.0,112.44000244140625,108.3455810546875,1962275
2021-01-26,DGKC,113.0,115.98999786376953,112.30000305175781,113.80999755859375,109.66568756103516,6917100
2021-01-27,DGKC,113.75,115.88999938964844,113.38999938964844,113.83000183105469,109.68496704101562,3831335
2021-01-28,DGKC,113.5,117.30000305175781,113.5,115.27999877929688,111.08216857910156,8463658
2021-01-29,DGKC,115.9800033569336,123.01000213623047,115.5,120.48999786376953,116.10244750976562,12928630
2021-02-01,DGKC,122.0,123.0,117.61000061035156,118.41000366210938,114.09819030761719,4052987
2021-02-02,DGKC,118.5,118.5,116.5999984741211,117.31999969482422,113.04788208007812,2912730
2021-02-03,DGKC,118.23999786376953,122.5,118.0,121.16000366210938,116.74805450439453,7009610
2021-02-04,DGKC,122.25,122.6500015258789,118.01000213623047,118.62000274658203,114.30054473876953,4024586
2021-02-05,DGKC,118.62000274658203,118.62000274658203,118.62000274658203,118.62000274658203,114.30054473876953,0
2021-02-08,DGKC,119.69999694824219,119.69999694824219,116.5199966430664,116.94000244140625,112.68171691894531,3897631
2021-02-09,DGKC,117.7300033569336,118.83999633789062,116.0999984741211,116.33999633789062,112.10356140136719,2063234
2021-02-10,DGKC,116.80000305175781,122.5,115.5,120.5,116.1120834350586,9972070
2021-02-11,DGKC,121.0,129.52999877929688,120.5999984741211,126.69999694824219,122.08631134033203,31789216
2021-02-12,DGKC,126.5999984741211,133.0,126.0,131.10000610351562,126.32610321044922,16503439
2021-02-15,DGKC,134.0800018310547,140.39999389648438,132.75,137.75999450683594,132.7435760498047,15584765
2021-02-16,DGKC,139.0,143.50999450683594,138.14999389648438,141.47999572753906,136.32810974121094,14356305
2021-02-17,DGKC,143.0,143.0,137.41000366210938,137.9600067138672,132.93629455566406,11039708
2021-02-18,DGKC,138.0,138.0,134.25999450683594,134.5800018310547,129.67938232421875,8091480
2021-02-19,DGKC,135.49000549316406,139.5,134.5800018310547,135.82000732421875,130.8742218017578,6744428
2021-02-22,DGKC,135.6999969482422,137.0,133.5,134.27999877929688,129.39028930664062,5067945
2021-02-23,DGKC,135.10000610351562,135.99000549316406,132.5,133.02999877929688,128.18582153320312,3851000
2021-02-24,DGKC,133.89999389648438,134.39999389648438,130.0,132.22999572753906,127.4149398803711,3248161
2021-02-25,DGKC,133.89999389648438,136.89999389648438,132.39999389648438,135.6300048828125,130.69114685058594,3399829
2021-02-26,DGKC,136.5,139.5,135.5,136.19000244140625,131.23074340820312,5497643
2021-03-01,DGKC,136.1999969482422,137.89999389648438,132.0500030517578,135.22000122070312,130.2960662841797,3306140
2021-03-02,DGKC,135.2100067138672,137.35000610351562,134.6999969482422,135.22999572753906,130.30569458007812,1480847
2021-03-03,DGKC,135.9499969482422,138.0,134.89999389648438,137.07000732421875,132.07870483398438,2262347
2021-03-04,DGKC,132.5,136.10000610351562,131.4199981689453,132.02000427246094,127.21260070800781,4239482
2021-03-05,DGKC,132.10000610351562,134.97999572753906,131.50999450683594,134.3000030517578,129.40957641601562,1866278
2021-03-08,DGKC,138.0,138.0,126.01000213623047,127.18000030517578,122.548828125,6041109
2021-03-09,DGKC,127.5,128.44000244140625,117.6500015258789,117.87999725341797,113.58748626708984,10734525
2021-03-10,DGKC,117.9000015258789,120.44999694824219,115.0,115.93000030517578,111.70850372314453,6654364
2021-03-11,DGKC,115.11000061035156,119.6500015258789,114.3499984741211,115.13999938964844,110.94725799560547,3813232
2021-03-12,DGKC,117.0,123.63999938964844,116.5,122.9800033569336,118.50177764892578,4991790
2021-03-15,DGKC,127.4000015258789,128.0800018310547,123.05000305175781,127.56999969482422,122.92463684082031,7604184
2021-03-16,DGKC,128.0,128.2899932861328,124.19999694824219,124.83999633789062,120.2940444946289,3251898
2021-03-17,DGKC,126.25,128.38999938964844,125.0999984741211,126.87999725341797,122.25975036621094,3851239
2021-03-18,DGKC,127.5,128.39999389648438,121.11000061035156,124.25,119.72552490234375,2952116
2021-03-19,DGKC,125.0,126.0,123.19999694824219,125.2699966430664,120.70838165283203,1761491
2021-03-22,DGKC,125.0,126.8499984741211,121.5199966430664,124.19999694824219,119.6773452758789,1547741
2021-03-23,DGKC,124.19999694824219,124.19999694824219,124.19999694824219,124.19999694824219,119.6773452758789,0
2021-03-24,DGKC,124.75,126.0999984741211,123.0999984741211,124.93000030517578,120.38076782226562,1360090
2021-03-25,DGKC,125.98999786376953,127.87000274658203,125.98999786376953,126.44000244140625,121.83578491210938,2064692
2021-03-26,DGKC,127.5,127.5,123.51000213623047,123.88999938964844,119.3786392211914,1521170
2021-03-29,DGKC,123.0,123.0,118.5,119.2300033569336,114.8883285522461,2525609
2021-03-30,DGKC,119.2300033569336,125.0,117.75,120.83000183105469,116.43006896972656,2057358
2021-03-31,DGKC,122.94999694824219,123.38999938964844,119.69999694824219,120.51000213623047,116.12171936035156,1654833
2021-04-01,DGKC,120.30000305175781,121.0,117.0,117.70999908447266,113.42367553710938,793632
2021-04-02,DGKC,118.4000015258789,118.80000305175781,116.1500015258789,117.5199966430664,113.24059295654297,1302450
2021-04-05,DGKC,118.5,118.80000305175781,115.0999984741211,115.43000030517578,111.2267074584961,1439979
2021-04-06,DGKC,116.0,120.69999694824219,115.0,120.05000305175781,115.67847442626953,1977843
2021-04-07,DGKC,120.5,122.4800033569336,117.51000213623047,119.86000061035156,115.49539184570312,4606410
2021-04-08,DGKC,120.5,124.9000015258789,120.5,124.5,119.96642303466797,3367453
2021-04-09,DGKC,125.30000305175781,128.0,125.0,126.4000015258789,121.7972412109375,3411988
2021-04-12,DGKC,126.19000244140625,127.0,123.5,124.26000213623047,119.73516082763672,1605214
2021-04-13,DGKC,124.9000015258789,126.5,123.0,124.55999755859375,120.02423095703125,3932352
2021-04-14,DGKC,124.55999755859375,126.4800033569336,124.05999755859375,124.88999938964844,120.34222412109375,1723398
2021-04-15,DGKC,125.8499984741211,125.8499984741211,123.51000213623047,123.81999969482422,119.31119537353516,884928
2021-04-16,DGKC,124.0,124.44999694824219,122.30000305175781,122.51000213623047,118.04889678955078,514100
2021-04-19,DGKC,122.0,124.30000305175781,118.80000305175781,122.11000061035156,117.66345977783203,1158555
2021-04-20,DGKC,123.0,123.88999938964844,121.27999877929688,121.93000030517578,117.4900131225586,1099387
2021-04-21,DGKC,122.5,122.94999694824219,119.83000183105469,120.27999877929688,115.90009307861328,763363
2021-04-22,DGKC,119.0,119.87000274658203,115.69999694824219,116.51000213623047,112.26737213134766,1347495
2021-04-23,DGKC,116.0999984741211,116.48999786376953,114.55000305175781,115.80000305175781,111.5832290649414,779464
2021-04-26,DGKC,115.80000305175781,122.0,114.0,118.44000244140625,114.1270980834961,2983618
2021-04-27,DGKC,118.48999786376953,118.5999984741211,115.5,116.02999877929688,111.80485534667969,2507904
2021-04-28,DGKC,117.0,117.5999984741211,115.0,115.44000244140625,111.23634338378906,899459
2021-04-29,DGKC,116.25,116.25,114.0,114.2300033569336,110.07039642333984,1223803
2021-04-30,DGKC,114.87999725341797,114.88999938964844,109.75,110.62999725341797,106.60148620605469,1290670
2021-05-03,DGKC,109.0,113.5,108.26000213623047,110.12000274658203,106.11006164550781,2926294
2021-05-04,DGKC,109.69999694824219,111.29000091552734,108.19999694824219,109.44999694824219,105.46446228027344,1611289
2021-05-05,DGKC,110.5999984741211,111.75,109.44999694824219,110.56999969482422,106.54367065429688,1646981
2021-05-06,DGKC,110.80000305175781,111.88999938964844,108.25,111.06999969482422,107.02546691894531,805299
2021-05-07,DGKC,111.06999969482422,111.06999969482422,111.06999969482422,111.06999969482422,107.02546691894531,0
2021-05-10,DGKC,111.06999969482422,111.06999969482422,111.06999969482422,111.06999969482422,107.02546691894531,0
2021-05-11,DGKC,111.06999969482422,111.06999969482422,111.06999969482422,111.06999969482422,107.02546691894531,0
2021-05-12,DGKC,111.06999969482422,111.06999969482422,111.06999969482422,111.06999969482422,107.02546691894531,0
2021-05-13,DGKC,111.06999969482422,111.06999969482422,111.06999969482422,111.06999969482422,107.02546691894531,0
2021-05-14,DGKC,111.06999969482422,111.06999969482422,111.06999969482422,111.06999969482422,107.02546691894531,0
2021-05-17,DGKC,112.9000015258789,116.19999694824219,112.5,115.5,111.29415130615234,3085910
2021-05-18,DGKC,115.5,116.94999694824219,114.0,115.1500015258789,110.95689392089844,2371958
2021-05-19,DGKC,114.0999984741211,114.98999786376953,111.0,111.69999694824219,107.63252258300781,2007534
2021-05-20,DGKC,110.0,112.9000015258789,109.9000015258789,112.55999755859375,108.4612045288086,784400
2021-05-21,DGKC,112.98999786376953,115.0,112.4000015258789,113.80000305175781,109.65605926513672,1354735
2021-05-24,DGKC,114.5,118.0,114.5,116.27999877929688,112.0457534790039,3149208
2021-05-25,DGKC,117.0,121.0,117.0,120.43000030517578,116.04463195800781,6626554
2021-05-26,DGKC,122.0999984741211,125.69000244140625,122.0,123.4000015258789,118.90648651123047,9278123
2021-05-27,DGKC,123.61000061035156,124.19999694824219,121.0,123.11000061035156,118.62704467773438,1874951
2021-05-28,DGKC,123.0,123.5,121.0,121.5199966430664,117.09494018554688,3073318
2021-05-31,DGKC,123.0,130.6300048828125,123.0,130.4199981689453,125.67085266113281,12848456
2021-06-01,DGKC,131.00999450683594,134.39999389648438,130.2100067138672,131.11000061035156,126.33573913574219,8357144
2021-06-02,DGKC,131.25,132.11000061035156,128.60000610351562,129.5500030517578,124.8325424194336,3163339
2021-06-03,DGKC,129.9499969482422,131.5,129.0,129.4199981689453,124.70726776123047,2665171
2021-06-04,DGKC,129.50999450683594,131.10000610351562,128.89999389648438,129.97000122070312,125.23725128173828,2858328
2021-06-07,DGKC,131.5,132.3000030517578,129.14999389648438,130.3300018310547,125.58413696289062,6027497
2021-06-08,DGKC,130.5500030517578,132.39999389648438,129.3000030517578,130.8000030517578,126.03701782226562,4997490
2021-06-09,DGKC,131.0,132.10000610351562,128.89999389648438,129.1999969482422,124.49526977539062,6923101
2021-06-10,DGKC,129.5,130.8800048828125,128.25,128.52999877929688,123.84967803955078,5015829
2021-06-11,DGKC,128.52000427246094,129.5,125.80000305175781,126.08999633789062,121.49852752685547,3567605
2021-06-14,DGKC,128.99000549316406,130.5,126.0,128.86000061035156,124.16765594482422,7023458
2021-06-15,DGKC,129.75,133.99000549316406,128.57000732421875,130.5800018310547,125.82502746582031,8627487
2021-06-16,DGKC,131.0,131.44000244140625,127.51000213623047,127.83999633789062,123.18479919433594,2993552
2021-06-17,DGKC,128.39999389648438,128.39999389648438,125.0,125.58999633789062,121.01673126220703,2609922
2021-06-18,DGKC,126.0,128.8000030517578,126.0,127.27999877929688,122.64518737792969,3256045
2021-06-21,DGKC,127.0,127.8499984741211,125.0,125.37000274658203,120.80475616455078,1622745
2021-06-22,DGKC,125.9000015258789,126.69999694824219,124.5999984741211,124.91000366210938,120.36149597167969,1507180
2021-06-23,DGKC,125.5,126.0,123.5999984741211,123.94000244140625,119.42681884765625,1300182
2021-06-24,DGKC,124.9000015258789,124.9000015258789,123.0199966430664,123.33000183105469,118.83902740478516,2769344
2021-06-25,DGKC,123.0,125.0,119.5,121.0999984741211,116.69023132324219,5998538
2021-06-28,DGKC,120.0999984741211,121.0,117.4000015258789,117.8499984741211,113.55857849121094,3515303
2021-06-29,DGKC,117.8499984741211,119.69000244140625,116.75,117.16000366210938,112.89370727539062,2195251
2021-06-30,DGKC,117.94999694824219,119.25,117.5,117.91999816894531,113.62602996826172,2384678
2021-07-01,DGKC,118.30000305175781,122.23999786376953,118.30000305175781,120.38999938964844,116.0060806274414,3066547
2021-07-02,DGKC,121.0,121.25,117.91000366210938,118.20999908447266,113.90547180175781,1898136
2021-07-05,DGKC,118.9800033569336,118.98999786376953,115.0,115.41999816894531,111.2170639038086,1450507
2021-07-06,DGKC,115.61000061035156,118.30000305175781,115.5,116.22000122070312,111.98793029785156,2340971
2021-07-07,DGKC,116.22000122070312,117.44000244140625,114.8499984741211,115.69000244140625,111.47723388671875,2404963
2021-07-08,DGKC,116.87999725341797,119.0,116.05000305175781,118.62999725341797,114.31017303466797,3434342
2021-07-09,DGKC,118.62999725341797,118.9800033569336,116.06999969482422,116.54000091552734,112.29627990722656,1100344
2021-07-12,DGKC,116.54000091552734,116.80000305175781,114.30000305175781,114.87000274658203,110.68709564208984,1754312
2021-07-13,DGKC,115.0999984741211,115.87999725341797,114.98999786376953,115.0999984741211,110.90872192382812,782930
2021-07-14,DGKC,115.9000015258789,116.4000015258789,114.30000305175781,114.73999786376953,110.56182861328125,870113
2021-07-15,DGKC,114.9800033569336,115.5,114.0999984741211,114.62999725341797,110.4558334350586,547810
2021-07-16,DGKC,115.06999969482422,116.48999786376953,114.94999694824219,115.29000091552734,111.09180450439453,944266
2021-07-19,DGKC,115.5,116.30000305175781,114.94999694824219,115.33000183105469,111.1303482055664,1140431
2021-07-20,DGKC,115.33000183105469,115.33000183105469,115.33000183105469,115.33000183105469,111.1303482055664,0
2021-07-21,DGKC,115.33000183105469,115.33000183105469,115.33000183105469,115.33000183105469,111.1303482055664,0
2021-07-22,DGKC,115.33000183105469,115.33000183105469,115.33000183105469,115.33000183105469,111.1303482055664,0
2021-07-23,DGKC,115.33000183105469,115.33000183105469,115.33000183105469,115.33000183105469,111.1303482055664,0
2021-07-26,DGKC,113.80000305175781,114.75,111.0,112.11000061035156,108.02759552001953,1378011
2021-07-27,DGKC,112.0,113.30000305175781,111.30000305175781,111.54000091552734,107.47835540771484,1046706
2021-07-28,DGKC,112.19000244140625,113.38999938964844,110.0,110.5,106.47622680664062,1107856
2021-07-29,DGKC,110.6500015258789,111.38999938964844,109.11000061035156,109.91000366210938,105.90770721435547,1219591
2021-07-30,DGKC,110.0,111.98999786376953,108.0,108.62999725341797,104.67431640625,1752361
2021-08-02,DGKC,109.0,110.88999938964844,108.75,110.04000091552734,106.03297424316406,889639
2021-08-03,DGKC,110.79000091552734,113.5999984741211,110.05000305175781,112.97000122070312,108.85627746582031,2337951
2021-08-04,DGKC,113.5,113.5,111.1500015258789,111.30000305175781,107.2470932006836,1543375
2021-08-05,DGKC,111.5,111.79000091552734,110.26000213623047,110.8499984741211,106.8134765625,1156183
2021-08-06,DGKC,111.36000061035156,111.36000061035156,109.48999786376953,109.63999938964844,105.64753723144531,738043
2021-08-09,DGKC,110.3499984741211,110.4000015258789,106.4000015258789,106.80000305175781,102.91095733642578,1989722
2021-08-10,DGKC,107.0,107.4000015258789,104.95999908447266,106.41000366210938,102.53516387939453,1617491
2021-08-11,DGKC,107.0,108.19000244140625,106.80000305175781,107.12999725341797,103.22894287109375,788122
2021-08-12,DGKC,107.80000305175781,107.83000183105469,106.05000305175781,106.41000366210938,102.53516387939453,347336
2021-08-13,DGKC,106.5,106.51000213623047,104.80999755859375,105.18000030517578,101.3499526977539,569106
2021-08-16,DGKC,105.0,105.44000244140625,103.0,103.5999984741211,99.82748413085938,840429
2021-08-17,DGKC,103.5999984741211,105.5,103.5999984741211,105.2300033569336,101.39813232421875,615509
2021-08-18,DGKC,105.2300033569336,105.2300033569336,105.2300033569336,105.2300033569336,101.39813232421875,0
2021-08-19,DGKC,105.2300033569336,105.2300033569336,105.2300033569336,105.2300033569336,101.39813232421875,0
2021-08-20,DGKC,106.47000122070312,113.12000274658203,105.51000213623047,112.87000274658203,108.75992584228516,4108518
2021-08-23,DGKC,113.5,116.25,113.19999694824219,113.98999786376953,109.8391342163086,5439750
2021-08-24,DGKC,113.75,114.76000213623047,111.01000213623047,111.41000366210938,107.35309600830078,2633006
2021-08-25,DGKC,111.41000366210938,112.0999984741211,108.0,108.55999755859375,104.60686492919922,2167682
2021-08-26,DGKC,108.48999786376953,109.4000015258789,105.0,105.1500015258789,101.32103729248047,2560331
2021-08-27,DGKC,105.4800033569336,106.48999786376953,104.0,105.93000030517578,102.07264709472656,1429748
2021-08-30,DGKC,105.88999938964844,107.5999984741211,105.75,107.22000122070312,103.31566619873047,761836
2021-08-31,DGKC,107.51000213623047,108.9000015258789,106.5,106.94000244140625,103.04586791992188,1237057
2021-09-01,DGKC,106.94000244140625,107.38999938964844,105.80000305175781,106.02999877929688,102.16899871826172,541687
2021-09-02,DGKC,106.0999984741211,106.0999984741211,103.0,103.22000122070312,99.46131896972656,3205764
2021-09-03,DGKC,103.33000183105469,104.23999786376953,102.0,102.88999938964844,99.1433334350586,1007073
2021-09-06,DGKC,103.48999786376953,104.80000305175781,102.30000305175781,102.73999786376953,98.99879455566406,943765
2021-09-07,DGKC,102.75,103.5,99.0999984741211,100.62000274658203,96.95599365234375,2209191
2021-09-08,DGKC,101.05000305175781,101.88999938964844,98.5,98.77999877929688,95.18299865722656,1448129
2021-09-09,DGKC,99.80000305175781,100.9800033569336,98.20999908447266,99.04000091552734,95.43353271484375,1298285
2021-09-10,DGKC,99.5,102.3499984741211,99.0,101.5999984741211,97.90031433105469,2185154
2021-09-13,DGKC,102.1500015258789,102.1500015258789,100.5,100.66000366210938,96.99455261230469,700691
2021-09-14,DGKC,101.0,101.0,95.5,96.91999816894531,93.39073181152344,2636876
2021-09-15,DGKC,97.4000015258789,97.5,93.0999984741211,94.05000305175781,90.62523651123047,3037208
2021-09-16,DGKC,94.05999755859375,94.25,92.5999984741211,93.5999984741211,90.19161987304688,1200642
2021-09-17,DGKC,94.75,95.9000015258789,92.61000061035156,93.80999755859375,90.39397430419922,2213272
2021-09-20,DGKC,93.80000305175781,94.1500015258789,92.01000213623047,93.58000183105469,90.17236328125,1137854
2021-09-21,DGKC,93.5,94.05000305175781,89.5,90.27999877929688,86.99252319335938,2978562
2021-09-22,DGKC,90.75,90.9000015258789,85.5,89.0,85.7591323852539,2509060
2021-09-23,DGKC,89.5999984741211,90.0,86.0,87.73999786376953,84.54501342773438,1531586
2021-09-24,DGKC,88.4800033569336,88.4800033569336,84.30000305175781,85.97000122070312,82.83946228027344,2422077
2021-09-27,DGKC,86.0,87.97000122070312,83.30000305175781,85.95999908447266,82.82982635498047,1377362
2021-09-28,DGKC,85.5,87.0,84.0,86.1500015258789,83.0129165649414,1851665
2021-09-29,DGKC,85.5999984741211,85.9000015258789,80.25,83.37999725341797,80.3437728881836,3904241
2021-09-30,DGKC,83.0,89.62999725341797,82.48999786376953,88.41999816894531,85.20024871826172,4605588
2021-10-01,DGKC,88.80000305175781,88.80000305175781,85.5,86.62000274658203,83.4657974243164,1948008
2021-10-04,DGKC,85.86000061035156,87.3499984741211,84.5,86.38999938964844,83.24417114257812,1714428
2021-10-05,DGKC,86.0999984741211,86.5999984741211,81.5,81.91999816894531,78.93694305419922,3143287
2021-10-06,DGKC,81.44000244140625,81.80000305175781,77.81999969482422,80.56999969482422,77.6361083984375,3129254
2021-10-07,DGKC,84.0,86.48999786376953,83.30000305175781,84.05000305175781,80.98939514160156,4787839
2021-10-08,DGKC,84.0999984741211,84.38999938964844,81.75,82.02999877929688,79.04293823242188,737543
2021-10-11,DGKC,82.19999694824219,82.98999786376953,78.0,79.05999755859375,76.18108367919922,949914
2021-10-12,DGKC,78.4000015258789,83.55000305175781,76.5,81.1500015258789,78.19498443603516,3653645
2021-10-13,DGKC,81.19999694824219,82.5,77.9000015258789,78.31999969482422,75.46803283691406,878102
2021-10-14,DGKC,78.5999984741211,82.44000244140625,78.0,81.80000305175781,78.82131958007812,4241560
2021-10-15,DGKC,82.0,83.4000015258789,80.55999755859375,81.41000366210938,78.44551849365234,2180238
2021-10-18,DGKC,78.80000305175781,80.44999694824219,78.19999694824219,78.95999908447266,77.03094482421875,1267935
2021-10-19,DGKC,78.95999908447266,78.95999908447266,78.95999908447266,78.95999908447266,77.03094482421875,0
2021-10-20,DGKC,80.0,84.75,80.0,83.47000122070312,81.43075561523438,3213942
2021-10-21,DGKC,84.0,84.75,81.0,81.52999877929688,79.53815460205078,1515525
2021-10-22,DGKC,83.0,85.75,81.20999908447266,81.87000274658203,79.8698501586914,2932059
2021-10-25,DGKC,80.20999908447266,81.9800033569336,80.20999908447266,81.87000274658203,79.8698501586914,528159
2021-10-26,DGKC,81.0,81.5,80.0,80.2300033569336,78.26991271972656,631924
2021-10-27,DGKC,81.23999786376953,83.75,81.23999786376953,83.1500015258789,81.11857604980469,1537749
2021-10-28,DGKC,83.5,86.5,83.5,84.5199966430664,82.4551010131836,2018858
2021-10-29,DGKC,85.0,88.75,83.44999694824219,87.97000122070312,85.82081604003906,4911064
2021-11-01,DGKC,91.0,94.55999755859375,91.0,92.93000030517578,90.6596450805664,8588224
2021-11-02,DGKC,94.5999984741211,98.69999694824219,94.41000366210938,95.83000183105469,93.4887924194336,7536424
2021-11-03,DGKC,95.51000213623047,96.73999786376953,94.5,95.30000305175781,92.97174072265625,1753605
2021-11-04,DGKC,94.80000305175781,94.88999938964844,92.55000305175781,93.52999877929688,91.24497985839844,2146158
2021-11-05,DGKC,93.0,98.37000274658203,92.6500015258789,95.22000122070312,92.8936996459961,3554627
2021-11-08,DGKC,96.0999984741211,96.48999786376953,93.0,93.55999755859375,91.27424621582031,1451549
2021-11-09,DGKC,93.79000091552734,93.79000091552734,88.30000305175781,90.4800033569336,88.26950073242188,2282718
2021-11-10,DGKC,92.0,92.0,90.0199966430664,90.81999969482422,88.60118865966797,680919
2021-11-11,DGKC,91.5,92.48999786376953,89.1500015258789,89.63999938964844,87.45001983642578,763456
2021-11-12,DGKC,89.16000366210938,89.94000244140625,85.30999755859375,86.08999633789062,83.98674774169922,1417812
2021-11-15,DGKC,86.19999694824219,88.4000015258789,85.0199966430664,85.80000305175781,83.7038345336914,582198
2021-11-16,DGKC,86.44999694824219,90.44999694824219,86.44999694824219,89.94999694824219,87.75244140625,1482540
2021-11-17,DGKC,89.69999694824219,89.69999694824219,85.9000015258789,86.33999633789062,84.23063659667969,1292862
2021-11-18,DGKC,86.5,87.75,83.5999984741211,86.62000274658203,84.5038070678711,1040976
2021-11-19,DGKC,87.20999908447266,88.30000305175781,84.3499984741211,87.98999786376953,85.84033203125,1426925
2021-11-22,DGKC,85.26000213623047,87.98999786376953,83.5999984741211,83.91000366210938,81.86001586914062,1074735
2021-11-23,DGKC,84.01000213623047,84.5999984741211,78.69999694824219,79.75,77.80164337158203,1678796
2021-11-24,DGKC,79.48999786376953,79.75,77.5999984741211,78.55000305175781,76.6309585571289,1205706
2021-11-25,DGKC,81.3499984741211,81.3499984741211,75.0999984741211,77.1500015258789,75.26516723632812,842825
2021-11-26,DGKC,77.0,78.4800033569336,73.55000305175781,75.91999816894531,74.0652084350586,1639922
2021-11-29,DGKC,75.06999969482422,80.94999694824219,73.25,79.5199966430664,77.57725524902344,1937225
2021-11-30,DGKC,81.48999786376953,82.25,78.30000305175781,80.66999816894531,78.69916534423828,2254068
2021-12-01,DGKC,81.26000213623047,85.4000015258789,81.26000213623047,84.02999877929688,81.9770736694336,2233630
2021-12-02,DGKC,83.69999694824219,83.69999694824219,77.7300033569336,77.7699966430664,75.87001037597656,2674685
2021-12-03,DGKC,75.5,78.55000305175781,72.0,73.31999969482422,71.52873229980469,2192947
2021-12-06,DGKC,76.0,77.0,72.5,73.77999877929688,71.97749328613281,565865
2021-12-07,DGKC,73.80000305175781,76.9000015258789,73.77999877929688,75.4000015258789,73.55791473388672,1483873
2021-12-08,DGKC,75.75,76.4000015258789,73.11000061035156,73.5999984741211,71.80189514160156,523882
2021-12-09,DGKC,73.0,74.0,69.0,69.94000244140625,68.23131561279297,2310285
2021-12-10,DGKC,70.88999938964844,71.5,67.1500015258789,69.83000183105469,68.1240005493164,1309738
2021-12-13,DGKC,69.0,70.5,68.01000213623047,68.41999816894531,66.7484359741211,825711
2021-12-14,DGKC,69.9000015258789,71.9000015258789,67.5199966430664,71.11000061035156,69.37272644042969,1240350
2021-12-15,DGKC,74.98999786376953,76.44000244140625,74.0999984741211,76.41999816894531,74.55299377441406,2724454
2021-12-16,DGKC,76.5999984741211,76.5999984741211,74.0999984741211,74.66000366210938,72.83599853515625,1348031
2021-12-17,DGKC,74.4800033569336,77.44999694824219,73.25,75.76000213623047,73.90911865234375,1426544
2021-12-20,DGKC,74.5,79.0,74.5,78.0199966430664,76.11389923095703,1394081
2021-12-21,DGKC,78.44999694824219,79.38999938964844,76.66000366210938,76.97000122070312,75.08956146240234,1405232
2021-12-22,DGKC,77.0,77.80000305175781,76.25,76.91999816894531,75.04077911376953,607458
2021-12-23,DGKC,76.5,78.8499984741211,76.5,77.16999816894531,75.28466796875,619848
2021-12-24,DGKC,77.48999786376953,78.0,75.9000015258789,76.7300033569336,74.85543060302734,789846
2021-12-27,DGKC,76.69999694824219,78.23999786376953,76.5,77.52999877929688,75.63587951660156,814657
2021-12-28,DGKC,76.69999694824219,80.0,76.69999694824219,79.02999877929688,77.09922790527344,1433779
2021-12-29,DGKC,79.05000305175781,81.55000305175781,78.0999984741211,80.86000061035156,78.884521484375,2628191
2021-12-30,DGKC,82.48999786376953,83.98999786376953,81.4000015258789,82.04000091552734,80.03569793701172,2458759
2021-12-31,DGKC,82.0,84.0,81.61000061035156,82.94000244140625,80.91370391845703,1606287
2022-01-03,DGKC,82.5,84.19999694824219,82.5,83.81999969482422,81.77220916748047,752995
2022-01-04,DGKC,84.5,85.48999786376953,84.19999694824219,84.88999938964844,82.81607055664062,1591233
2022-01-05,DGKC,84.51000213623047,84.51000213623047,83.11000061035156,83.6500015258789,81.60636138916016,543717
2022-01-06,DGKC,83.0999984741211,83.0999984741211,80.69999694824219,81.02999877929688,79.05036926269531,637225
2022-01-07,DGKC,80.5,81.5,80.0999984741211,80.91999816894531,78.94305419921875,216836
2022-01-10,DGKC,81.0,83.44999694824219,80.5,82.12999725341797,80.12348937988281,947613
2022-01-11,DGKC,82.9800033569336,83.0999984741211,81.1500015258789,81.98999786376953,79.98690795898438,444198
2022-01-12,DGKC,82.76000213623047,83.55000305175781,81.4000015258789,81.69000244140625,79.69424438476562,1096743
2022-01-13,DGKC,81.51000213623047,82.01000213623047,80.5999984741211,81.06999969482422,79.08938598632812,327519
2022-01-14,DGKC,82.0,82.0,79.69999694824219,79.98999786376953,78.03577423095703,518475
2022-01-17,DGKC,79.75,80.69999694824219,78.5,79.5199966430664,77.57725524902344,500071
2022-01-18,DGKC,79.5199966430664,79.6500015258789,78.51000213623047,78.62000274658203,76.69924926757812,375554
2022-01-19,DGKC,79.23999786376953,79.23999786376953,74.98999786376953,75.45999908447266,73.61644744873047,1476180
2022-01-20,DGKC,75.0999984741211,78.19999694824219,74.54000091552734,77.55000305175781,75.65538787841797,916581
2022-01-21,DGKC,77.31999969482422,77.9000015258789,76.61000061035156,77.01000213623047,75.12858581542969,321746
2022-01-24,DGKC,77.25,77.25,75.0999984741211,76.4000015258789,74.53348541259766,226962
2022-01-25,DGKC,77.0,78.5999984741211,76.91000366210938,77.2699966430664,75.3822250366211,922670
2022-01-26,DGKC,77.01000213623047,77.48999786376953,75.5,76.69999694824219,74.82615661621094,341763
2022-01-27,DGKC,76.79000091552734,77.19999694824219,76.0,76.37999725341797,74.51396942138672,265010
2022-01-28,DGKC,77.5,77.5,75.75,75.9800033569336,74.12374114990234,572078
2022-01-31,DGKC,76.9000015258789,77.25,76.19999694824219,76.91999816894531,75.04077911376953,710749
2022-02-01,DGKC,77.01000213623047,78.5,77.01000213623047,77.73999786376953,75.84074401855469,1223308
2022-02-02,DGKC,78.0,80.75,76.5199966430664,79.91000366210938,77.95773315429688,2832391
2022-02-03,DGKC,81.25,83.0,79.69999694824219,80.05999755859375,78.10406494140625,4323297
2022-02-04,DGKC,80.38999938964844,80.38999938964844,78.9000015258789,79.6500015258789,77.70408630371094,336936
2022-02-07,DGKC,79.30000305175781,80.30000305175781,77.76000213623047,77.93000030517578,76.02610778808594,707795
2022-02-08,DGKC,77.11000061035156,78.19000244140625,77.11000061035156,78.0,76.09439086914062,577866
2022-02-09,DGKC,78.13999938964844,79.0,78.0,78.20999908447266,76.29926300048828,663238
2022-02-10,DGKC,78.5,78.9800033569336,77.29000091552734,77.41000366210938,75.51880645751953,430301
2022-02-11,DGKC,77.9800033569336,78.0,76.45999908447266,76.58000183105469,74.70909118652344,430492
2022-02-14,DGKC,77.0,77.0,75.19999694824219,76.04000091552734,74.1822738647461,612488
2022-02-15,DGKC,76.01000213623047,77.43000030517578,75.41999816894531,76.5199966430664,74.65055084228516,787199
2022-02-16,DGKC,76.55000305175781,76.83000183105469,75.4000015258789,75.88999938964844,74.03594207763672,302518
2022-02-17,DGKC,75.51000213623047,76.70999908447266,74.80000305175781,75.37999725341797,73.53839874267578,515850
2022-02-18,DGKC,74.55000305175781,75.94000244140625,74.26000213623047,75.58999633789062,73.7432632446289,254890
2022-02-21,DGKC,75.19999694824219,75.94999694824219,75.0,75.19999694824219,73.36279296875,430627
2022-02-22,DGKC,74.80000305175781,75.73999786376953,73.80000305175781,74.73999786376953,72.9140396118164,798282
2022-02-23,DGKC,75.0,76.5999984741211,74.05000305175781,76.02999877929688,74.17252349853516,1472048
2022-02-24,DGKC,75.11000061035156,75.11000061035156,71.36000061035156,71.86000061035156,70.10440063476562,1877491
2022-02-25,DGKC,72.98999786376953,73.98999786376953,71.0,71.55999755859375,69.81172943115234,1032415
2022-02-28,DGKC,71.0199966430664,72.30000305175781,69.4000015258789,71.75,69.99708557128906,1169708
2022-03-01,DGKC,73.0,73.5,70.0,71.0,69.26541137695312,2223609
2022-03-02,DGKC,69.80000305175781,70.5,68.44999694824219,70.05999755859375,68.34837341308594,1503070
2022-03-03,DGKC,69.5,69.9800033569336,67.5999984741211,68.2699966430664,66.60209655761719,1894996
2022-03-04,DGKC,68.0,69.5,68.0,68.31999969482422,66.65088653564453,755979
2022-03-07,DGKC,67.0999984741211,67.0999984741211,63.25,63.72999954223633,62.17302322387695,1602132
2022-03-08,DGKC,64.01000213623047,65.25,62.5,63.33000183105469,61.78279495239258,937749
2022-03-09,DGKC,63.5099983215332,64.9000015258789,62.20000076293945,64.2300033569336,62.66080856323242,1513729
2022-03-10,DGKC,66.0,69.04000091552734,65.51000213623047,69.0199966430664,67.33378601074219,3550141
2022-03-11,DGKC,68.8499984741211,69.5,66.75,67.12000274658203,65.48020935058594,3742581
2022-03-14,DGKC,66.0,67.0999984741211,65.19999694824219,66.30000305175781,64.68023681640625,550111
2022-03-15,DGKC,67.0,67.48999786376953,66.0999984741211,67.12000274658203,65.48020935058594,726890
2022-03-16,DGKC,67.51000213623047,71.87999725341797,67.51000213623047,70.97000122070312,69.23614501953125,3742580
2022-03-17,DGKC,73.11000061035156,73.80000305175781,70.11000061035156,70.44000244140625,68.7190933227539,1532709
2022-03-18,DGKC,70.0999984741211,70.0999984741211,66.4000015258789,66.58000183105469,64.95339965820312,1643145
2022-03-21,DGKC,67.0,67.5,65.11000061035156,66.5199966430664,64.89485931396484,674803
2022-03-22,DGKC,66.6500015258789,67.01000213623047,65.4000015258789,65.5999984741211,63.997337341308594,980804
2022-03-23,DGKC,65.5999984741211,65.5999984741211,65.5999984741211,65.5999984741211,63.997337341308594,0
2022-03-24,DGKC,65.5999984741211,66.61000061035156,64.25,66.4000015258789,64.77779388427734,929067
2022-03-25,DGKC,65.58999633789062,66.68000030517578,65.31999969482422,66.0199966430664,64.40707397460938,859102
2022-03-28,DGKC,65.9800033569336,70.97000122070312,65.0999984741211,70.18000030517578,68.46544647216797,1779804
2022-03-29,DGKC,71.25,73.9000015258789,70.0999984741211,72.88999938964844,71.10923767089844,2689243
2022-03-30,DGKC,72.0,76.0,70.4000015258789,74.19000244140625,72.37747955322266,4496074
2022-03-31,DGKC,74.05000305175781,77.5,74.0,76.05000305175781,74.1920394897461,4015671
2022-04-01,DGKC,75.0,77.4000015258789,74.61000061035156,75.75,73.89936828613281,2317073
2022-04-04,DGKC,72.19999694824219,73.37999725341797,70.06999969482422,70.06999969482422,68.3581314086914,1546486
2022-04-05,DGKC,69.01000213623047,70.30000305175781,67.4800033569336,67.81999969482422,66.16310119628906,1624662
2022-04-06,DGKC,67.80000305175781,68.94000244140625,67.4000015258789,67.87999725341797,66.22162628173828,783222
2022-04-07,DGKC,68.0999984741211,68.80000305175781,65.5999984741211,66.69000244140625,65.06070709228516,537869
2022-04-08,DGKC,66.61000061035156,68.0199966430664,66.4000015258789,67.16999816894531,65.52897644042969,2090891
2022-04-11,DGKC,71.0,72.19999694824219,70.51000213623047,72.19999694824219,70.43608856201172,2537398
2022-04-12,DGKC,72.73999786376953,74.87999725341797,71.80000305175781,74.25,72.43600463867188,3163153
2022-04-13,DGKC,74.0,74.25,72.1500015258789,72.51000213623047,70.738525390625,1103189
2022-04-14,DGKC,72.98999786376953,74.80000305175781,71.19000244140625,74.06999969482422,72.26040649414062,1640928
2022-04-15,DGKC,74.97000122070312,75.38999938964844,72.69999694824219,73.08999633789062,71.3043441772461,1189306
2022-04-18,DGKC,73.19999694824219,74.9800033569336,71.98999786376953,72.29000091552734,70.52389526367188,1080497
2022-04-19,DGKC,73.19999694824219,73.3499984741211,70.55000305175781,71.05000305175781,69.31419372558594,855440
2022-04-20,DGKC,71.8499984741211,71.8499984741211,68.80000305175781,69.75,68.04594421386719,1516768
2022-04-21,DGKC,69.0,69.6500015258789,68.70999908447266,68.94999694824219,67.26548767089844,389664
2022-04-22,DGKC,69.0,69.30000305175781,68.41000366210938,68.86000061035156,67.17768859863281,476796
2022-04-25,DGKC,69.80000305175781,71.0,68.5999984741211,69.4800033569336,67.78254699707031,3208080
2022-04-26,DGKC,69.5,70.0,68.19999694824219,68.48999786376953,66.81673431396484,534263
2022-04-27,DGKC,68.04000091552734,68.8499984741211,67.5999984741211,67.87999725341797,66.22162628173828,357577
2022-04-28,DGKC,67.43000030517578,67.5,65.05000305175781,67.05000305175781,65.41191101074219,1310201
2022-04-29,DGKC,67.05000305175781,67.05000305175781,67.05000305175781,67.05000305175781,65.41191101074219,0
2022-05-02,DGKC,67.05000305175781,67.05000305175781,67.05000305175781,67.05000305175781,65.41191101074219,0
2022-05-03,DGKC,67.05000305175781,67.05000305175781,67.05000305175781,67.05000305175781,65.41191101074219,0
2022-05-04,DGKC,67.05000305175781,67.05000305175781,67.05000305175781,67.05000305175781,65.41191101074219,0
2022-05-05,DGKC,67.05000305175781,67.05000305175781,67.05000305175781,67.05000305175781,65.41191101074219,0
2022-05-06,DGKC,66.3499984741211,67.0,63.75,63.970001220703125,62.407161712646484,1208279
2022-05-09,DGKC,63.70000076293945,63.70000076293945,59.209999084472656,59.810001373291016,58.34878921508789,2125995
2022-05-10,DGKC,59.5,60.9900016784668,58.5,59.939998626708984,58.47561264038086,1012681
2022-05-11,DGKC,60.5,61.650001525878906,55.45000076293945,57.16999816894531,55.773284912109375,2261430
2022-05-12,DGKC,57.16999816894531,59.900001525878906,55.310001373291016,59.15999984741211,57.71467208862305,2023285
2022-05-13,DGKC,58.61000061035156,60.0,58.060001373291016,59.43000030517578,57.97807693481445,1833160
2022-05-16,DGKC,58.9900016784668,58.9900016784668,56.0,57.060001373291016,55.665977478027344,1071691
2022-05-17,DGKC,57.150001525878906,57.790000915527344,56.45000076293945,57.470001220703125,56.06595993041992,586525
2022-05-18,DGKC,57.599998474121094,60.20000076293945,56.0099983215332,59.18000030517578,57.73418426513672,2871021
2022-05-19,DGKC,59.0,60.08000183105469,58.5,58.58000183105469,57.148841857910156,805558
2022-05-20,DGKC,58.95000076293945,59.47999954223633,58.11000061035156,58.7599983215332,57.32444381713867,183963
2022-05-23,DGKC,57.81999969482422,58.4900016784668,56.81999969482422,57.59000015258789,56.18302536010742,422761
2022-05-24,DGKC,56.5,57.79999923706055,56.5,57.09000015258789,55.69524383544922,882564
2022-05-25,DGKC,57.0,58.79999923706055,56.0,58.310001373291016,56.885440826416016,1854358
2022-05-26,DGKC,58.0,60.349998474121094,56.11000061035156,59.88999938964844,58.42683792114258,1060357
2022-05-27,DGKC,62.0,62.4900016784668,60.02000045776367,60.720001220703125,59.2365608215332,2822139
2022-05-30,DGKC,61.25,63.93000030517578,61.25,61.90999984741211,60.39748764038086,2764583
2022-05-31,DGKC,62.0,62.70000076293945,61.04999923706055,61.59000015258789,60.085304260253906,462346
2022-06-01,DGKC,61.4900016784668,62.0,59.20000076293945,59.5099983215332,58.05611801147461,628959
2022-06-02,DGKC,59.099998474121094,60.209999084472656,58.04999923706055,59.5,58.04636764526367,1006639
2022-06-03,DGKC,59.0,59.5,55.20000076293945,55.58000183105469,54.22213363647461,3306374
2022-06-06,DGKC,56.0,58.0,54.75,57.09000015258789,55.69524383544922,2026793
2022-06-07,DGKC,57.29999923706055,58.38999938964844,56.2599983215332,56.65999984741211,55.27574920654297,1202635
2022-06-08,DGKC,56.79999923706055,57.38999938964844,55.599998474121094,56.130001068115234,54.758697509765625,9623374
2022-06-09,DGKC,56.099998474121094,56.900001525878906,55.97999954223633,56.06999969482422,54.70016098022461,1326714
2022-06-10,DGKC,56.45000076293945,56.5,56.0,56.25,54.875762939453125,538302
2022-06-13,DGKC,55.54999923706055,55.970001220703125,54.04999923706055,54.349998474121094,53.02218246459961,711077
2022-06-14,DGKC,54.97999954223633,56.4900016784668,53.70000076293945,56.119998931884766,54.74894332885742,797427
2022-06-15,DGKC,58.0,58.880001068115234,57.5,57.86000061035156,56.44643020629883,2932160
2022-06-16,DGKC,57.900001525878906,60.29999923706055,56.599998474121094,59.380001068115234,57.929298400878906,3905712
2022-06-17,DGKC,60.349998474121094,61.0,59.599998474121094,59.959999084472656,58.4951286315918,2622857
2022-06-20,DGKC,60.150001525878906,60.54999923706055,58.81999969482422,59.0099983215332,57.568336486816406,910218
2022-06-21,DGKC,59.88999938964844,61.220001220703125,59.54999923706055,60.619998931884766,59.138999938964844,3272818
2022-06-22,DGKC,61.20000076293945,61.47999954223633,59.849998474121094,60.130001068115234,58.66097640991211,1593564
2022-06-23,DGKC,60.54999923706055,61.599998474121094,60.349998474121094,60.65999984741211,59.17802810668945,2380328
2022-06-24,DGKC,61.18000030517578,61.25,56.119998931884766,56.290000915527344,54.91478729248047,3733442
2022-06-27,DGKC,56.290000915527344,60.25,56.290000915527344,59.650001525878906,58.19270324707031,3994921
2022-06-28,DGKC,60.0,63.400001525878906,59.400001525878906,61.41999816894531,59.919456481933594,5281639
2022-06-29,DGKC,60.5,61.650001525878906,59.63999938964844,61.029998779296875,59.53898239135742,2421227
2022-06-30,DGKC,60.900001525878906,64.0,60.5,62.5,60.97307205200195,5120816
2022-07-01,DGKC,62.400001525878906,62.400001525878906,60.900001525878906,61.15999984741211,59.665809631347656,684364
2022-07-04,DGKC,61.5,61.5,58.400001525878906,58.619998931884766,57.1878662109375,1969676
2022-07-05,DGKC,58.9900016784668,59.25,57.70000076293945,57.939998626708984,56.52447509765625,327591
2022-07-06,DGKC,58.75,59.20000076293945,57.2599983215332,57.58000183105469,56.173274993896484,1473456
2022-07-07,DGKC,57.40999984741211,58.2400016784668,57.060001373291016,57.689998626708984,56.280582427978516,575265
2022-07-08,DGKC,57.689998626708984,57.689998626708984,57.689998626708984,57.689998626708984,56.280582427978516,0
2022-07-11,DGKC,57.689998626708984,57.689998626708984,57.689998626708984,57.689998626708984,56.280582427978516,0
2022-07-12,DGKC,57.689998626708984,57.689998626708984,57.689998626708984,57.689998626708984,56.280582427978516,0
2022-07-13,DGKC,57.0099983215332,58.70000076293945,56.130001068115234,58.2400016784668,56.8171501159668,2610672
2022-07-14,DGKC,59.04999923706055,60.54999923706055,58.40999984741211,60.25,58.77804183959961,3329798
2022-07-15,DGKC,60.4900016784668,60.9900016784668,58.400001525878906,58.7400016784668,57.304935455322266,2369585
2022-07-18,DGKC,57.5,57.95000076293945,55.22999954223633,55.79999923706055,54.4367561340332,2222184
2022-07-19,DGKC,56.11000061035156,56.939998626708984,53.66999816894531,54.29999923706055,52.97340393066406,1577035
2022-07-20,DGKC,53.5,55.599998474121094,53.5,54.81999969482422,53.4807014465332,1091123
2022-07-21,DGKC,54.68000030517578,55.25,53.79999923706055,54.0,52.68073272705078,1123623
2022-07-22,DGKC,53.20000076293945,55.75,53.20000076293945,55.36000061035156,54.00750732421875,888748
2022-07-25,DGKC,55.130001068115234,55.130001068115234,53.900001525878906,54.560001373291016,53.227054595947266,313524
2022-07-26,DGKC,54.560001373291016,55.34000015258789,53.83000183105469,54.09000015258789,52.76853561401367,1296101
2022-07-27,DGKC,54.25,54.599998474121094,52.29999923706055,53.09000015258789,51.792964935302734,2362165
2022-07-28,DGKC,53.099998474121094,54.43000030517578,52.900001525878906,53.31999969482422,52.0173454284668,2211273
2022-07-29,DGKC,53.650001525878906,53.650001525878906,52.25,52.47999954223633,51.19786834716797,733170
2022-08-01,DGKC,52.7400016784668,53.349998474121094,52.29999923706055,52.72999954223633,51.4417610168457,611678
2022-08-02,DGKC,52.45000076293945,54.20000076293945,52.2599983215332,53.290000915527344,51.98807907104492,825004
2022-08-03,DGKC,53.75,57.0099983215332,53.29999923706055,56.66999816894531,55.28550338745117,3975213
2022-08-04,DGKC,57.099998474121094,58.779998779296875,57.02000045776367,57.880001068115234,56.465946197509766,3653073
2022-08-05,DGKC,58.31999969482422,60.97999954223633,58.04999923706055,60.400001525878906,58.92437744140625,6209551
2022-08-08,DGKC,60.400001525878906,60.400001525878906,60.400001525878906,60.400001525878906,58.92437744140625,0
2022-08-09,DGKC,60.400001525878906,60.400001525878906,60.400001525878906,60.400001525878906,58.92437744140625,0
2022-08-10,DGKC,60.790000915527344,61.5,59.5,59.959999084472656,58.4951286315918,2586251
2022-08-11,DGKC,59.939998626708984,60.79999923706055,59.310001373291016,59.5099983215332,58.05611801147461,1958549
2022-08-12,DGKC,59.400001525878906,61.0,59.209999084472656,60.79999923706055,59.314605712890625,1621960
2022-08-15,DGKC,61.599998474121094,63.900001525878906,61.189998626708984,63.47999954223633,61.92913055419922,4210797
2022-08-16,DGKC,63.5,64.55999755859375,62.5,62.849998474121094,61.31452178955078,6156818
2022-08-17,DGKC,63.0,65.44999694824219,62.2599983215332,64.9000015258789,63.31443786621094,5729009
2022-08-18,DGKC,65.69999694824219,65.69999694824219,64.0,64.13999938964844,62.573001861572266,1890670
2022-08-19,DGKC,63.9900016784668,64.1500015258789,62.900001525878906,63.13999938964844,61.597434997558594,925868
2022-08-22,DGKC,62.900001525878906,62.900001525878906,61.25,61.529998779296875,60.02676773071289,2203249
2022-08-23,DGKC,62.900001525878906,63.849998474121094,62.599998474121094,63.38999938964844,61.84132766723633,2913637
2022-08-24,DGKC,63.25,63.5099983215332,61.709999084472656,61.81999969482422,60.309688568115234,1546144
2022-08-25,DGKC,62.66999816894531,62.66999816894531,60.79999923706055,61.70000076293945,60.1926155090332,2171804
2022-08-26,DGKC,63.38999938964844,63.38999938964844,60.29999923706055,60.54999923706055,59.070709228515625,2049919
2022-08-29,DGKC,60.0,60.75,58.9900016784668,60.459999084472656,58.98291015625,1475598
2022-08-30,DGKC,61.5,61.75,58.75,59.130001068115234,57.68540573120117,2388779
2022-08-31,DGKC,59.63999938964844,60.849998474121094,58.099998474121094,60.11000061035156,58.64146423339844,2391439
2022-09-01,DGKC,60.900001525878906,62.95000076293945,60.5,61.83000183105469,60.31944274902344,7213498
2022-09-02,DGKC,62.5,62.650001525878906,61.54999923706055,61.81999969482422,60.309688568115234,2953153
2022-09-05,DGKC,62.0,62.599998474121094,59.400001525878906,60.08000183105469,58.61219787597656,3136646
2022-09-06,DGKC,59.75,59.9900016784668,58.5,58.7599983215332,57.32444381713867,2063412
2022-09-07,DGKC,59.0,59.560001373291016,58.119998931884766,58.45000076293945,57.02201843261719,768221
2022-09-08,DGKC,59.0,61.0,58.5,60.81999969482422,59.33411407470703,3762038
2022-09-09,DGKC,60.70000076293945,62.25,60.0,60.689998626708984,59.20729064941406,2831823
2022-09-12,DGKC,60.79999923706055,61.20000076293945,60.0,60.04999923706055,58.58292770385742,486171
2022-09-13,DGKC,60.5,61.189998626708984,59.5099983215332,60.93000030517578,59.441429138183594,2922648
2022-09-14,DGKC,60.5,61.20000076293945,60.25,60.560001373291016,59.08047103881836,1938932
2022-09-15,DGKC,60.880001068115234,61.099998474121094,60.20000076293945,60.34000015258789,58.865840911865234,1562003
2022-09-16,DGKC,60.34000015258789,60.70000076293945,59.0,59.29999923706055,57.85124969482422,1357002
2022-09-19,DGKC,59.25,59.900001525878906,58.75,58.86000061035156,57.422000885009766,644031
2022-09-20,DGKC,59.0,59.83000183105469,58.15999984741211,58.970001220703125,57.52931594848633,1182712
2022-09-21,DGKC,58.810001373291016,59.45000076293945,58.0,58.16999816894531,56.74885559082031,840691
2022-09-22,DGKC,58.68000030517578,58.68000030517578,55.560001373291016,57.52000045776367,56.11473846435547,2271628
2022-09-23,DGKC,58.0,61.0,55.61000061035156,58.689998626708984,57.25615310668945,1128044
2022-09-26,DGKC,58.20000076293945,61.38999938964844,58.20000076293945,60.970001220703125,59.48044967651367,3698378
2022-09-27,DGKC,61.25,62.25,60.79999923706055,61.220001220703125,59.724342346191406,2627481
2022-09-28,DGKC,61.5,62.0,60.54999923706055,60.84000015258789,59.35363006591797,2634276
2022-09-29,DGKC,61.0,61.72999954223633,60.29999923706055,60.68000030517578,59.19753646850586,1051240
2022-09-30,DGKC,60.5099983215332,61.970001220703125,59.5,60.619998931884766,59.138999938964844,1839323
2022-10-03,DGKC,60.25,60.75,59.79999923706055,60.060001373291016,58.59268569946289,675461
2022-10-04,DGKC,60.25,61.099998474121094,59.79999923706055,60.380001068115234,58.904869079589844,1464043
2022-10-05,DGKC,60.58000183105469,62.97999954223633,59.79999923706055,62.290000915527344,60.76820373535156,4690657
2022-10-06,DGKC,62.880001068115234,63.4900016784668,61.70000076293945,62.04999923706055,60.53406524658203,3562829
2022-10-07,DGKC,61.959999084472656,63.0,61.349998474121094,61.529998779296875,60.02676773071289,1821352
2022-10-10,DGKC,62.41999816894531,62.41999816894531,61.31999969482422,62.06999969482422,60.5535774230957,1397044
2022-10-11,DGKC,62.04999923706055,62.45000076293945,61.04999923706055,61.34000015258789,59.84141159057617,1050991
2022-10-12,DGKC,60.75,62.150001525878906,60.52000045776367,60.869998931884766,59.382896423339844,913956
2022-10-13,DGKC,60.189998626708984,60.84000015258789,59.650001525878906,59.86000061035156,59.37297821044922,1059285
2022-10-14,DGKC,60.25,60.70000076293945,59.70000076293945,59.95000076293945,59.46224594116211,861707
2022-10-17,DGKC,60.0,60.0,58.5,58.599998474121094,58.123226165771484,507948
2022-10-18,DGKC,58.9900016784668,59.400001525878906,58.20000076293945,58.33000183105469,57.85542678833008,717290
2022-10-19,DGKC,58.29999923706055,59.43000030517578,58.29999923706055,59.08000183105469,58.59932327270508,2539707
2022-10-20,DGKC,59.099998474121094,60.150001525878906,58.849998474121094,58.970001220703125,58.49021911621094,1274958
2022-10-21,DGKC,58.5,59.25,57.599998474121094,58.630001068115234,58.152984619140625,922787
2022-10-24,DGKC,59.5099983215332,59.79999923706055,58.5,58.630001068115234,58.152984619140625,655140
2022-10-25,DGKC,58.5099983215332,58.939998626708984,56.650001525878906,56.939998626708984,56.47673416137695,852343
2022-10-26,DGKC,56.04999923706055,56.04999923706055,52.849998474121094,53.16999816894531,52.737403869628906,2637982
2022-10-27,DGKC,53.0,53.849998474121094,52.86000061035156,53.349998474121094,52.91593933105469,1050090
2022-10-28,DGKC,53.79999923706055,53.79999923706055,51.599998474121094,51.880001068115234,51.45790481567383,892994
2022-10-31,DGKC,52.099998474121094,52.900001525878906,51.5,52.150001525878906,51.7257080078125,473556
2022-11-01,DGKC,53.220001220703125,54.70000076293945,52.599998474121094,54.41999816894531,53.97723388671875,1833401
2022-11-02,DGKC,54.400001525878906,54.619998931884766,53.59000015258789,54.099998474121094,53.65983963012695,875238
2022-11-03,DGKC,53.90999984741211,55.63999938964844,53.90999984741211,54.810001373291016,54.36406707763672,2085535
2022-11-04,DGKC,53.150001525878906,55.9900016784668,53.0,53.93000030517578,53.4912223815918,1769812
2022-11-07,DGKC,54.25,54.880001068115234,53.90999984741211,54.09000015258789,53.64992141723633,570371
2022-11-08,DGKC,54.65999984741211,55.599998474121094,54.54999923706055,55.25,54.80048370361328,1429153
2022-11-09,DGKC,55.25,55.25,55.25,55.25,54.80048370361328,0
2022-11-10,DGKC,55.5,56.400001525878906,55.5,55.880001068115234,55.425357818603516,1699803
2022-11-11,DGKC,56.25,56.29999923706055,55.599998474121094,55.810001373291016,55.35593032836914,675263
2022-11-14,DGKC,55.5,55.849998474121094,55.0,55.220001220703125,54.770729064941406,439779
2022-11-15,DGKC,55.220001220703125,55.9900016784668,54.849998474121094,55.209999084472656,54.760807037353516,494847
2022-11-16,DGKC,54.709999084472656,55.400001525878906,54.709999084472656,54.77000045776367,54.32439041137695,322841
2022-11-17,DGKC,55.0,55.849998474121094,54.70000076293945,54.77000045776367,54.32439041137695,703342
2022-11-18,DGKC,54.70000076293945,55.189998626708984,54.5,54.83000183105469,54.38390350341797,297400
2022-11-21,DGKC,54.400001525878906,55.209999084472656,54.02000045776367,54.599998474121094,54.15576934814453,554348
2022-11-22,DGKC,54.209999084472656,55.380001068115234,54.209999084472656,55.02000045776367,54.572357177734375,758998
2022-11-23,DGKC,55.439998626708984,55.79999923706055,54.599998474121094,54.709999084472656,54.26487731933594,620357
2022-11-24,DGKC,54.779998779296875,55.52000045776367,54.63999938964844,55.0099983215332,54.562435150146484,725099
2022-11-25,DGKC,55.88999938964844,55.88999938964844,53.540000915527344,53.83000183105469,53.39204025268555,998239
2022-11-28,DGKC,52.5,52.5,50.279998779296875,50.70000076293945,50.28750228881836,2845813
2022-11-29,DGKC,51.0,51.34000015258789,50.45000076293945,51.09000015258789,50.67433166503906,579016
2022-11-30,DGKC,51.25,51.349998474121094,50.2599983215332,50.849998474121094,50.436279296875,2157873
2022-12-01,DGKC,50.97999954223633,51.25,50.529998779296875,50.79999923706055,50.386688232421875,382510
2022-12-02,DGKC,51.040000915527344,51.040000915527344,49.900001525878906,50.060001373291016,49.6527099609375,666071
2022-12-05,DGKC,50.43000030517578,50.43000030517578,48.400001525878906,48.75,48.35336685180664,1477948
2022-12-06,DGKC,49.540000915527344,49.970001220703125,48.310001373291016,49.150001525878906,48.75011444091797,483413
2022-12-07,DGKC,49.150001525878906,49.86000061035156,48.900001525878906,49.0099983215332,48.61125183105469,892564
2022-12-08,DGKC,49.0,49.439998626708984,48.400001525878906,48.47999954223633,48.08556365966797,867122
2022-12-09,DGKC,48.0,48.79999923706055,48.0,48.38999938964844,47.99629592895508,421339
2022-12-12,DGKC,48.689998626708984,52.0099983215332,48.029998779296875,49.47999954223633,49.07742691040039,1693884
2022-12-13,DGKC,49.439998626708984,49.900001525878906,49.0,49.630001068115234,49.22621154785156,515896
2022-12-14,DGKC,49.27000045776367,50.939998626708984,48.849998474121094,50.150001525878906,49.74197769165039,933703
2022-12-15,DGKC,50.099998474121094,50.369998931884766,48.77000045776367,49.4900016784668,49.08734893798828,689811
2022-12-16,DGKC,49.7400016784668,50.369998931884766,49.0,49.790000915527344,49.38490676879883,400678
2022-12-19,DGKC,49.790000915527344,51.88999938964844,49.11000061035156,49.93000030517578,49.52376937866211,1039059
2022-12-20,DGKC,49.880001068115234,51.5,46.400001525878906,48.84000015258789,48.44263458251953,3802055
2022-12-21,DGKC,47.5,48.9900016784668,47.20000076293945,48.13999938964844,47.748329162597656,1246376
2022-12-22,DGKC,47.20000076293945,48.83000183105469,47.20000076293945,48.119998931884766,47.728492736816406,830727
2022-12-23,DGKC,47.70000076293945,48.5,47.099998474121094,47.619998931884766,47.23255920410156,1765832
2022-12-26,DGKC,47.900001525878906,49.869998931884766,47.630001068115234,49.09000015258789,48.69060134887695,1212176
2022-12-27,DGKC,49.150001525878906,49.900001525878906,47.880001068115234,48.5,48.105403900146484,1691937
2022-12-28,DGKC,48.79999923706055,50.75,47.349998474121094,49.33000183105469,48.92864990234375,5632062
2022-12-29,DGKC,48.349998474121094,51.77000045776367,48.20000076293945,51.060001373291016,50.64457702636719,3403600
2022-12-30,DGKC,51.0,52.5,49.5,51.63999938964844,51.21985626220703,4867553
2023-01-02,DGKC,51.5,51.5,50.29999923706055,50.56999969482422,50.15856170654297,816082
2023-01-03,DGKC,50.779998779296875,50.790000915527344,48.310001373291016,48.68000030517578,48.283939361572266,1095419
2023-01-04,DGKC,48.68000030517578,49.779998779296875,46.810001373291016,47.2400016784668,46.855655670166016,1682425
2023-01-05,DGKC,47.459999084472656,47.849998474121094,47.0099983215332,47.54999923706055,47.16313171386719,384275
2023-01-06,DGKC,47.54999923706055,48.0,47.29999923706055,47.70000076293945,47.311912536621094,631111
2023-01-09,DGKC,47.70000076293945,48.0,46.0,47.08000183105469,46.696956634521484,804158
2023-01-10,DGKC,48.0,49.04999923706055,47.04999923706055,47.560001373291016,47.17304992675781,3137748
2023-01-11,DGKC,47.560001373291016,47.68000030517578,46.25,46.459999084472656,46.082000732421875,1745969
2023-01-12,DGKC,46.099998474121094,48.20000076293945,46.0099983215332,46.959999084472656,46.57793045043945,3057013
2023-01-13,DGKC,46.2599983215332,46.77000045776367,45.75,45.86000061035156,45.486881256103516,894867
2023-01-16,DGKC,45.5,45.97999954223633,44.9900016784668,45.11000061035156,44.742984771728516,761672
2023-01-17,DGKC,45.29999923706055,45.58000183105469,42.099998474121094,42.31999969482422,41.97568130493164,3661677
2023-01-18,DGKC,42.36000061035156,42.689998626708984,41.029998779296875,42.119998931884766,41.77730941772461,1004718
2023-01-19,DGKC,42.209999084472656,43.33000183105469,42.209999084472656,42.70000076293945,42.35259246826172,819001
2023-01-20,DGKC,42.5,42.75,41.209999084472656,41.61000061035156,41.271461486816406,1167837
2023-01-23,DGKC,41.900001525878906,42.79999923706055,40.61000061035156,42.310001373291016,41.96576690673828,366798
2023-01-24,DGKC,42.310001373291016,43.900001525878906,42.150001525878906,43.36000061035156,43.00722122192383,3783832
2023-01-25,DGKC,43.349998474121094,44.79999923706055,42.599998474121094,42.90999984741211,42.560882568359375,4881581
2023-01-26,DGKC,42.959999084472656,45.88999938964844,42.79999923706055,43.97999954223633,43.62217712402344,13474736
2023-01-27,DGKC,44.08000183105469,44.29999923706055,42.0,42.150001525878906,41.80706787109375,2571629
2023-01-30,DGKC,42.68000030517578,42.9900016784668,40.25,40.63999938964844,40.30935287475586,3579269
2023-01-31,DGKC,40.70000076293945,41.79999923706055,40.52000045776367,41.34000015258789,41.003658294677734,3297609
2023-02-01,DGKC,41.599998474121094,42.29999923706055,41.34000015258789,41.689998626708984,41.350807189941406,3112543
2023-02-02,DGKC,41.599998474121094,42.349998474121094,41.470001220703125,41.650001525878906,41.311134338378906,1283521
2023-02-03,DGKC,41.61000061035156,41.880001068115234,40.20000076293945,41.060001373291016,40.72593688964844,874551
2023-02-06,DGKC,40.900001525878906,41.869998931884766,40.5099983215332,41.61000061035156,41.271461486816406,2005104
2023-02-07,DGKC,42.0,42.599998474121094,40.93000030517578,41.11000061035156,40.77552795410156,2359834
2023-02-08,DGKC,41.04999923706055,41.400001525878906,40.709999084472656,41.040000915527344,40.70609664916992,1318540
2023-02-09,DGKC,41.400001525878906,43.20000076293945,41.400001525878906,42.77000045776367,42.42202377319336,10873946
2023-02-10,DGKC,41.9900016784668,42.7400016784668,41.5,41.790000915527344,41.44999694824219,2890724
2023-02-13,DGKC,41.70000076293945,42.400001525878906,41.5,41.58000183105469,41.24170684814453,2146434
2023-02-14,DGKC,41.84000015258789,41.84000015258789,40.72999954223633,41.0099983215332,40.67633819580078,1299525
2023-02-15,DGKC,41.20000076293945,41.599998474121094,40.79999923706055,41.43000030517578,41.092926025390625,946007
2023-02-16,DGKC,41.45000076293945,41.900001525878906,40.900001525878906,41.08000183105469,40.74577331542969,2841844
2023-02-17,DGKC,41.0,41.18000030517578,40.5,40.959999084472656,40.626747131347656,757520
2023-02-20,DGKC,40.970001220703125,41.04999923706055,40.20000076293945,40.38999938964844,40.06138610839844,613544
2023-02-21,DGKC,40.400001525878906,41.25,40.400001525878906,41.08000183105469,40.74577331542969,669697
2023-02-22,DGKC,41.29999923706055,42.400001525878906,41.29999923706055,41.58000183105469,41.24170684814453,3753549
2023-02-23,DGKC,41.0,41.45000076293945,40.310001373291016,40.619998931884766,40.289512634277344,2415404
2023-02-24,DGKC,40.209999084472656,41.0,40.209999084472656,40.470001220703125,40.1407356262207,1520990
2023-02-27,DGKC,40.25,41.099998474121094,40.29999923706055,40.59000015258789,40.25975799560547,625810
2023-02-28,DGKC,40.54999923706055,40.54999923706055,40.0,40.04999923706055,39.724151611328125,896538
2023-03-01,DGKC,39.9900016784668,39.9900016784668,39.5099983215332,39.83000183105469,39.505943298339844,862357
2023-03-02,DGKC,39.810001373291016,40.189998626708984,39.29999923706055,39.439998626708984,39.11911392211914,1027054
2023-03-03,DGKC,39.099998474121094,40.79999923706055,39.0,40.540000915527344,40.210166931152344,833865
2023-03-06,DGKC,40.599998474121094,41.75,40.599998474121094,41.0099983215332,40.67633819580078,1533408
2023-03-07,DGKC,41.2400016784668,42.630001068115234,41.15999984741211,42.040000915527344,41.69796371459961,4488727
2023-03-08,DGKC,42.400001525878906,42.70000076293945,41.70000076293945,41.75,41.41032028198242,1979584
2023-03-09,DGKC,42.189998626708984,43.45000076293945,41.52000045776367,42.91999816894531,42.57080078125,6061862
2023-03-10,DGKC,43.189998626708984,43.75,42.20000076293945,43.029998779296875,42.67990493774414,4706599
2023-03-13,DGKC,43.400001525878906,44.45000076293945,43.150001525878906,43.790000915527344,43.43372344970703,5415991
2023-03-14,DGKC,43.25,43.900001525878906,42.900001525878906,43.099998474121094,42.74933624267578,1304652
2023-03-15,DGKC,43.0099983215332,46.33000183105469,42.75,46.33000183105469,45.953060150146484,8451046
2023-03-16,DGKC,47.5099983215332,48.900001525878906,46.5,46.9900016784668,46.607688903808594,6558116
2023-03-17,DGKC,46.75,47.400001525878906,45.900001525878906,46.849998474121094,46.46882629394531,4522943
2023-03-20,DGKC,47.349998474121094,48.099998474121094,45.400001525878906,45.59000015258789,45.219078063964844,3027748
2023-03-21,DGKC,45.59000015258789,46.25,44.95000076293945,45.529998779296875,45.15956497192383,1204516
2023-03-22,DGKC,45.599998474121094,45.75,43.02000045776367,43.2599983215332,42.90803527832031,2566632
2023-03-23,DGKC,43.2599983215332,43.2599983215332,43.2599983215332,43.2599983215332,42.90803527832031,0
2023-03-24,DGKC,43.900001525878906,43.900001525878906,41.599998474121094,42.029998779296875,41.68804168701172,726731
2023-03-27,DGKC,42.29999923706055,42.29999923706055,41.150001525878906,41.869998931884766,41.52934265136719,1154311
2023-03-28,DGKC,41.810001373291016,43.0,41.77000045776367,42.599998474121094,42.25340270996094,3430473
2023-03-29,DGKC,42.93000030517578,43.400001525878906,42.529998779296875,42.599998474121094,42.25340270996094,1377104
2023-03-30,DGKC,42.369998931884766,42.790000915527344,41.849998474121094,42.45000076293945,42.1046257019043,1095994
2023-03-31,DGKC,42.459999084472656,44.72999954223633,42.099998474121094,43.90999984741211,43.5527458190918,3000878
2023-04-03,DGKC,43.75,43.75,42.650001525878906,42.95000076293945,42.60055923461914,861454
2023-04-04,DGKC,42.9900016784668,43.09000015258789,42.25,42.70000076293945,42.35259246826172,620550
2023-04-05,DGKC,43.29999923706055,43.70000076293945,42.900001525878906,43.04999923706055,42.69974136352539,556720
2023-04-06,DGKC,43.099998474121094,44.400001525878906,43.099998474121094,44.16999816894531,43.810630798339844,1221141
2023-04-07,DGKC,44.79999923706055,46.099998474121094,44.20000076293945,44.58000183105469,44.2172966003418,4316454
2023-04-10,DGKC,44.599998474121094,44.900001525878906,43.5,43.68000030517578,43.32461929321289,858997
2023-04-11,DGKC,43.869998931884766,44.70000076293945,43.2599983215332,44.54999923706055,44.187538146972656,810839
2023-04-12,DGKC,44.20000076293945,45.150001525878906,44.119998931884766,45.0,44.63387680053711,1076207
2023-04-13,DGKC,45.5099983215332,45.88999938964844,44.599998474121094,45.029998779296875,44.663631439208984,1006039
2023-04-14,DGKC,45.029998779296875,45.029998779296875,45.029998779296875,45.029998779296875,44.663631439208984,0
2023-04-17,DGKC,45.099998474121094,45.790000915527344,44.599998474121094,44.720001220703125,44.35615921020508,534605
2023-04-18,DGKC,44.9900016784668,44.9900016784668,44.20000076293945,44.45000076293945,44.08835220336914,191694
2023-04-19,DGKC,44.61000061035156,44.650001525878906,43.88999938964844,44.130001068115234,43.770957946777344,1932605
2023-04-20,DGKC,44.29999923706055,44.900001525878906,43.97999954223633,44.689998626708984,44.32640075683594,2699064
2023-04-21,DGKC,44.689998626708984,44.689998626708984,44.689998626708984,44.689998626708984,44.32640075683594,0
2023-04-24,DGKC,44.689998626708984,44.689998626708984,44.689998626708984,44.689998626708984,44.32640075683594,0
2023-04-25,DGKC,44.689998626708984,44.689998626708984,44.689998626708984,44.689998626708984,44.32640075683594,0
2023-04-26,DGKC,44.54999923706055,45.20000076293945,44.54999923706055,44.66999816894531,44.30656051635742,866575
2023-04-27,DGKC,44.66999816894531,45.5,44.54999923706055,45.060001373291016,44.693389892578125,2012559
2023-04-28,DGKC,45.349998474121094,45.95000076293945,44.61000061035156,44.959999084472656,44.59420394897461,2507660
2023-05-01,DGKC,44.959999084472656,44.959999084472656,44.959999084472656,44.959999084472656,44.59420394897461,0
2023-05-02,DGKC,45.150001525878906,47.18000030517578,45.150001525878906,46.880001068115234,46.49858474731445,5802462
2023-05-03,DGKC,47.04999923706055,48.2400016784668,46.25,47.84000015258789,47.45077133178711,9087395
2023-05-04,DGKC,47.599998474121094,49.4900016784668,47.310001373291016,48.11000061035156,47.71857452392578,8237683
2023-05-05,DGKC,48.0,50.29999923706055,47.650001525878906,49.529998779296875,49.12702178955078,5149394
2023-05-08,DGKC,49.5099983215332,49.689998626708984,47.4900016784668,47.59000015258789,47.20280456542969,2005465
2023-05-09,DGKC,47.650001525878906,48.20000076293945,45.970001220703125,47.0,46.61760711669922,2605046
2023-05-10,DGKC,46.79999923706055,48.119998931884766,46.25,46.47999954223633,46.101837158203125,2007438
2023-05-11,DGKC,47.150001525878906,47.900001525878906,46.900001525878906,47.02000045776367,46.63744354248047,2024719
2023-05-12,DGKC,47.29999923706055,48.4900016784668,46.41999816894531,47.810001373291016,47.421016693115234,3244598
2023-05-15,DGKC,47.81999969482422,48.400001525878906,47.45000076293945,48.119998931884766,47.728492736816406,1583050
2023-05-16,DGKC,48.099998474121094,49.099998474121094,47.79999923706055,47.90999984741211,47.52020263671875,2130398
2023-05-17,DGKC,48.0099983215332,48.09000015258789,47.0099983215332,47.130001068115234,46.746551513671875,1148602
2023-05-18,DGKC,47.5099983215332,47.5099983215332,45.900001525878906,46.040000915527344,45.6654167175293,1768372
2023-05-19,DGKC,45.900001525878906,47.20000076293945,45.79999923706055,46.5099983215332,46.131591796875,1588801
2023-05-22,DGKC,46.29999923706055,46.58000183105469,45.970001220703125,46.25,45.87370681762695,541736
2023-05-23,DGKC,46.5,47.0,46.150001525878906,46.29999923706055,45.923301696777344,459758
2023-05-24,DGKC,46.20000076293945,46.900001525878906,45.90999984741211,46.560001373291016,46.18118667602539,932067
2023-05-25,DGKC,46.599998474121094,47.380001068115234,46.54999923706055,46.810001373291016,46.42915344238281,1306149
2023-05-26,DGKC,46.79999923706055,47.900001525878906,46.63999938964844,47.689998626708984,47.3019905090332,2560787
2023-05-29,DGKC,47.900001525878906,50.75,47.52000045776367,49.66999816894531,49.2658805847168,6432231
2023-05-30,DGKC,49.970001220703125,51.150001525878906,49.29999923706055,50.75,50.33709716796875,5006168
2023-05-31,DGKC,51.099998474121094,51.79999923706055,50.02000045776367,50.7400016784668,50.327178955078125,4086686
2023-06-01,DGKC,50.5099983215332,51.779998779296875,50.5099983215332,51.029998779296875,50.61481857299805,3146400
2023-06-02,DGKC,51.11000061035156,54.29999923706055,51.099998474121094,53.810001373291016,53.37220001220703,8134363
2023-06-05,DGKC,53.27000045776367,53.869998931884766,52.29999923706055,53.540000915527344,53.10439682006836,3508244
2023-06-06,DGKC,53.5,54.900001525878906,52.599998474121094,52.810001373291016,52.38033676147461,4380221
2023-06-07,DGKC,53.290000915527344,53.400001525878906,52.25,53.099998474121094,52.66797637939453,1794520
2023-06-08,DGKC,53.060001373291016,53.47999954223633,51.79999923706055,52.029998779296875,51.60668182373047,2007431
2023-06-09,DGKC,51.900001525878906,52.900001525878906,51.810001373291016,52.59000015258789,52.16212463378906,1340135
2023-06-12,DGKC,52.5099983215332,53.5,51.70000076293945,52.06999969482422,51.64635467529297,2821725
2023-06-13,DGKC,51.599998474121094,52.65999984741211,51.52000045776367,51.65999984741211,51.23969268798828,1340828
2023-06-14,DGKC,51.15999984741211,51.88999938964844,51.15999984741211,51.279998779296875,50.8627815246582,596561
2023-06-15,DGKC,51.2599983215332,51.29999923706055,50.40999984741211,50.79999923706055,50.386688232421875,1311634
2023-06-16,DGKC,51.0,51.599998474121094,50.79999923706055,50.95000076293945,50.53546905517578,1730796
2023-06-19,DGKC,51.15999984741211,51.25,49.619998931884766,50.040000915527344,49.63287353515625,1417576
2023-06-20,DGKC,50.0,50.79999923706055,49.5,50.310001373291016,49.90067672729492,1644069
2023-06-21,DGKC,50.45000076293945,50.599998474121094,49.5,49.689998626708984,49.28572082519531,1246437
2023-06-22,DGKC,49.650001525878906,50.0,49.15999984741211,49.36000061035156,48.958404541015625,625005
2023-06-23,DGKC,49.68000030517578,49.689998626708984,49.0,49.310001373291016,48.9088134765625,364484
2023-06-26,DGKC,50.20000076293945,52.47999954223633,50.0,52.15999984741211,51.735626220703125,2340691
2023-06-27,DGKC,52.0,52.20000076293945,50.70000076293945,51.29999923706055,50.88262176513672,1249328
2023-06-28,DGKC,51.29999923706055,51.29999923706055,51.29999923706055,51.29999923706055,50.88262176513672,0
2023-06-29,DGKC,51.29999923706055,51.29999923706055,51.29999923706055,51.29999923706055,50.88262176513672,0
2023-06-30,DGKC,51.29999923706055,51.29999923706055,51.29999923706055,51.29999923706055,50.88262176513672,0
2023-07-03,DGKC,55.150001525878906,55.150001525878906,54.02000045776367,55.150001525878906,54.701297760009766,3167677
2023-07-04,DGKC,56.0,56.150001525878906,54.119998931884766,54.88999938964844,54.44341278076172,5904990
2023-07-05,DGKC,54.900001525878906,55.650001525878906,54.0,54.91999816894531,54.473167419433594,2763194
2023-07-06,DGKC,55.0,55.47999954223633,54.58000183105469,55.18000030517578,54.73105239868164,2460211
2023-07-07,DGKC,55.939998626708984,56.20000076293945,54.900001525878906,55.79999923706055,55.34600830078125,3434278
2023-07-10,DGKC,56.099998474121094,56.70000076293945,55.400001525878906,56.08000183105469,55.62373352050781,4719622
2023-07-11,DGKC,56.75,58.439998626708984,56.75,57.400001525878906,56.9329948425293,8930238
2023-07-12,DGKC,58.0,58.20000076293945,56.900001525878906,57.9900016784668,57.518192291259766,4179010
2023-07-13,DGKC,57.0099983215332,58.900001525878906,57.0099983215332,57.290000915527344,56.82388687133789,4766966
2023-07-14,DGKC,57.20000076293945,57.38999938964844,55.83000183105469,56.119998931884766,55.66340637207031,1230571
2023-07-17,DGKC,56.189998626708984,56.45000076293945,54.900001525878906,55.09000015258789,54.64178466796875,951529
2023-07-18,DGKC,55.38999938964844,55.400001525878906,54.09000015258789,54.540000915527344,54.09626007080078,1009562
2023-07-19,DGKC,54.5,54.5,53.11000061035156,53.380001068115234,52.94569778442383,1359224
2023-07-20,DGKC,53.650001525878906,54.34000015258789,53.380001068115234,54.04999923706055,53.61024475097656,1806541
2023-07-21,DGKC,54.29999923706055,55.20000076293945,53.56999969482422,54.93000030517578,54.483089447021484,2639467
2023-07-24,DGKC,55.0,55.0,54.150001525878906,54.5099983215332,54.06650161743164,734070
2023-07-25,DGKC,54.5099983215332,55.2400016784668,54.29999923706055,54.65999984741211,54.21528244018555,1205798
2023-07-26,DGKC,54.65999984741211,56.0,54.54999923706055,55.11000061035156,54.661624908447266,2879747
2023-07-27,DGKC,55.11000061035156,55.11000061035156,55.11000061035156,55.11000061035156,54.661624908447266,0
2023-07-28,DGKC,55.11000061035156,55.11000061035156,55.11000061035156,55.11000061035156,54.661624908447266,0
2023-07-31,DGKC,54.619998931884766,56.400001525878906,54.150001525878906,55.61000061035156,55.157554626464844,4136800
2023-08-01,DGKC,58.0,58.970001220703125,57.099998474121094,57.459999084472656,56.99250411987305,6167202
2023-08-02,DGKC,57.84000015258789,57.84000015258789,56.29999923706055,56.900001525878906,56.43706130981445,2921170
2023-08-03,DGKC,56.95000076293945,58.84000015258789,56.95000076293945,57.56999969482422,57.10160827636719,7355283
2023-08-04,DGKC,57.689998626708984,58.099998474121094,56.2599983215332,56.619998931884766,56.15933609008789,1945283
2023-08-07,DGKC,56.619998931884766,57.099998474121094,55.25,55.5099983215332,55.05836868286133,1178523
2023-08-08,DGKC,55.75,56.25,52.650001525878906,53.22999954223633,52.79691696166992,2843340
2023-08-09,DGKC,53.29999923706055,54.900001525878906,53.22999954223633,54.56999969482422,54.126014709472656,1611308
2023-08-10,DGKC,55.0,55.56999969482422,52.75,53.29999923706055,52.86634826660156,2956673
2023-08-11,DGKC,53.5,54.689998626708984,52.90999984741211,53.400001525878906,52.965538024902344,2532762
2023-08-14,DGKC,53.400001525878906,53.400001525878906,53.400001525878906,53.400001525878906,52.965538024902344,0
2023-08-15,DGKC,53.689998626708984,53.900001525878906,52.81999969482422,52.959999084472656,52.52911376953125,698569
2023-08-16,DGKC,53.0,53.2400016784668,51.97999954223633,52.029998779296875,51.60668182373047,575240
2023-08-17,DGKC,52.04999923706055,52.29999923706055,51.0,52.099998474121094,51.676109313964844,899272
2023-08-18,DGKC,52.0,52.689998626708984,51.04999923706055,51.47999954223633,51.0611572265625,877091
2023-08-21,DGKC,51.9900016784668,52.29999923706055,51.150001525878906,51.470001220703125,51.051239013671875,579475
2023-08-22,DGKC,51.25,51.900001525878906,51.20000076293945,51.369998931884766,50.952049255371094,171838
2023-08-23,DGKC,51.20000076293945,51.63999938964844,50.209999084472656,50.54999923706055,50.13872146606445,808369
2023-08-24,DGKC,50.900001525878906,51.75,50.20000076293945,50.560001373291016,50.148643493652344,1400327
2023-08-25,DGKC,50.79999923706055,50.79999923706055,49.27000045776367,49.59000015258789,49.1865348815918,2431325
2023-08-28,DGKC,49.5099983215332,49.79999923706055,48.400001525878906,48.52000045776367,48.125240325927734,1307537
2023-08-29,DGKC,48.099998474121094,48.79999923706055,47.0,47.22999954223633,46.845733642578125,964112
2023-08-30,DGKC,47.400001525878906,47.650001525878906,45.70000076293945,45.959999084472656,45.58606719970703,1749005
2023-08-31,DGKC,46.369998931884766,46.369998931884766,42.5099983215332,42.5099983215332,42.16413497924805,2579314
2023-09-01,DGKC,41.25,42.11000061035156,40.29999923706055,41.7400016784668,41.4004020690918,4823991
2023-09-04,DGKC,42.25,43.02000045776367,41.95000076293945,42.66999816894531,42.32283401489258,1312201
2023-09-05,DGKC,43.0,44.29999923706055,42.810001373291016,43.56999969482422,43.215511322021484,1721142
2023-09-06,DGKC,43.56999969482422,44.099998474121094,42.86000061035156,44.0,43.64201354980469,1115466
2023-09-07,DGKC,44.0,44.0,41.75,42.5099983215332,42.16413497924805,2192438
2023-09-08,DGKC,42.75,43.290000915527344,42.400001525878906,42.65999984741211,42.31291580200195,580668
2023-09-11,DGKC,42.9900016784668,42.9900016784668,41.900001525878906,42.09000015258789,41.747554779052734,530205
2023-09-12,DGKC,42.09000015258789,42.09000015258789,40.720001220703125,41.540000915527344,41.202030181884766,1492638
2023-09-13,DGKC,41.5,42.470001220703125,41.4900016784668,41.58000183105469,41.24170684814453,783480
2023-09-14,DGKC,41.95000076293945,42.47999954223633,41.150001525878906,42.02000045776367,41.678123474121094,313260
2023-09-15,DGKC,43.599998474121094,45.16999816894531,43.4900016784668,45.16999816894531,44.802494049072266,6058895
2023-09-18,DGKC,45.61000061035156,46.20000076293945,44.349998474121094,44.52000045776367,44.15778350830078,4713321
2023-09-19,DGKC,44.349998474121094,44.54999923706055,43.689998626708984,43.75,43.394046783447266,1124518
2023-09-20,DGKC,44.209999084472656,44.25,43.25,43.349998474121094,42.9973030090332,1349795
2023-09-21,DGKC,43.54999923706055,45.290000915527344,43.0,44.630001068115234,44.26689147949219,3385271
2023-09-22,DGKC,44.9900016784668,45.0,43.79999923706055,44.08000183105469,43.72136688232422,1551864
2023-09-25,DGKC,44.400001525878906,44.54999923706055,44.0,44.34000015258789,43.979248046875,977866
2023-09-26,DGKC,44.47999954223633,44.47999954223633,43.68000030517578,43.81999969482422,43.463478088378906,932317
2023-09-27,DGKC,43.619998931884766,44.79999923706055,43.54999923706055,43.88999938964844,43.53290939331055,2640972
2023-09-28,DGKC,43.88999938964844,43.88999938964844,43.88999938964844,43.88999938964844,43.53290939331055,0
2023-09-29,DGKC,43.88999938964844,43.88999938964844,43.88999938964844,43.88999938964844,43.53290939331055,0
2023-10-02,DGKC,43.5,43.9900016784668,43.29999923706055,43.45000076293945,43.09648895263672,886355
2023-10-03,DGKC,43.59000015258789,44.400001525878906,43.5,43.7400016784668,43.384132385253906,961608
2023-10-04,DGKC,44.0,44.380001068115234,43.65999984741211,44.02000045776367,43.6618537902832,1809737
2023-10-05,DGKC,44.349998474121094,47.31999969482422,44.349998474121094,47.31999969482422,46.935001373291016,10923202
2023-10-06,DGKC,47.54999923706055,48.25,46.79999923706055,47.150001525878906,46.766387939453125,5041785
2023-10-09,DGKC,46.5,47.95000076293945,46.0,47.27000045776367,46.88541030883789,3620183
2023-10-10,DGKC,47.54999923706055,48.849998474121094,47.5099983215332,48.2599983215332,47.86735153198242,4161460
2023-10-11,DGKC,48.04999923706055,49.810001373291016,48.02000045776367,48.40999984741211,48.016136169433594,3401067
2023-10-12,DGKC,48.599998474121094,48.599998474121094,47.70000076293945,48.040000915527344,47.649147033691406,2028323
2023-10-13,DGKC,48.0,50.4900016784668,47.91999816894531,50.0,49.593196868896484,5051248
2023-10-16,DGKC,51.0,51.75,49.599998474121094,50.56999969482422,50.15856170654297,5045919
2023-10-17,DGKC,50.97999954223633,52.150001525878906,49.95000076293945,50.150001525878906,49.74197769165039,7561186
2023-10-18,DGKC,50.470001220703125,50.650001525878906,49.11000061035156,49.439998626708984,49.03775405883789,3371527
2023-10-19,DGKC,49.439998626708984,51.02000045776367,49.439998626708984,50.709999084472656,50.297420501708984,3731975
2023-10-20,DGKC,51.029998779296875,52.099998474121094,50.75,51.29999923706055,50.88262176513672,4384471
2023-10-23,DGKC,51.06999969482422,51.900001525878906,50.5099983215332,51.11000061035156,50.69416809082031,3067753
2023-10-24,DGKC,50.70000076293945,51.119998931884766,50.400001525878906,50.86000061035156,50.44620132446289,1503531
2023-10-25,DGKC,51.25,53.599998474121094,51.20000076293945,53.18000030517578,52.7473258972168,8076243
2023-10-26,DGKC,53.18000030517578,54.900001525878906,53.09000015258789,53.970001220703125,53.53089904785156,5341228
2023-10-27,DGKC,54.5,54.5,52.5,52.849998474121094,52.42000961303711,2814882
2023-10-30,DGKC,53.0,53.9900016784668,52.29999923706055,53.650001525878906,53.213504791259766,4189282
2023-10-31,DGKC,53.400001525878906,54.45000076293945,52.5099983215332,53.66999816894531,53.23333740234375,4043238
2023-11-01,DGKC,53.9900016784668,55.5,53.900001525878906,54.93000030517578,54.483089447021484,4792545
2023-11-02,DGKC,55.5,59.04999923706055,55.5,58.41999816894531,57.9446907043457,13904116
2023-11-03,DGKC,57.790000915527344,59.0,56.70000076293945,57.310001373291016,56.843727111816406,4410984
2023-11-06,DGKC,57.45000076293945,61.599998474121094,57.04999923706055,61.04999923706055,60.55329513549805,11428951
2023-11-07,DGKC,61.869998931884766,62.599998474121094,60.2599983215332,60.599998474121094,60.106956481933594,7747991
2023-11-08,DGKC,61.5,62.5,60.79999923706055,62.2400016784668,61.73361587524414,6653559
2023-11-09,DGKC,62.2400016784668,62.2400016784668,62.2400016784668,62.2400016784668,61.73361587524414,0
2023-11-10,DGKC,62.4900016784668,65.5,62.4900016784668,63.880001068115234,63.36027145385742,8584973
2023-11-13,DGKC,64.4800033569336,66.44999694824219,63.5099983215332,66.20999908447266,65.67131042480469,7840957
2023-11-14,DGKC,66.30000305175781,68.44999694824219,65.0,67.23999786376953,66.69293212890625,10035917
2023-11-15,DGKC,66.76000213623047,67.75,66.5,66.91999816894531,66.37553405761719,4339854
2023-11-16,DGKC,67.80000305175781,68.69999694824219,66.55999755859375,67.37999725341797,66.83179473876953,6213999
2023-11-17,DGKC,67.5,67.9800033569336,65.3499984741211,65.79000091552734,65.25473022460938,3071762
2023-11-20,DGKC,65.80000305175781,65.80000305175781,63.90999984741211,64.31999969482422,63.79669189453125,4004780
2023-11-21,DGKC,64.44999694824219,65.73999786376953,63.779998779296875,64.44999694824219,63.925628662109375,6877580
2023-11-22,DGKC,64.25,65.58999633789062,64.06999969482422,64.44999694824219,63.925628662109375,3473513
2023-11-23,DGKC,64.62000274658203,66.44999694824219,64.30000305175781,64.56999969482422,64.0446548461914,7514165
2023-11-24,DGKC,65.19999694824219,65.55000305175781,63.5,63.849998474121094,63.33051300048828,4979922
2023-11-27,DGKC,64.44999694824219,68.63999938964844,64.4000015258789,68.63999938964844,68.08154296875,15655201
2023-11-28,DGKC,69.87000274658203,71.83999633789062,69.5,71.04000091552734,70.4620132446289,9575726
2023-11-29,DGKC,72.0,73.9800033569336,70.0,73.44999694824219,72.85240173339844,11332917
2023-11-30,DGKC,74.0999984741211,75.0,72.19999694824219,73.19999694824219,72.60443878173828,8371218
2023-12-01,DGKC,73.19000244140625,78.69000244140625,72.56999969482422,78.62000274658203,77.9803466796875,14240764
2023-12-04,DGKC,79.88999938964844,80.19999694824219,77.80000305175781,78.05999755859375,77.42489624023438,9303543
2023-12-05,DGKC,78.0199966430664,79.8499984741211,77.0,78.55999755859375,77.92082977294922,5456117
2023-12-06,DGKC,78.98999786376953,81.9000015258789,78.98999786376953,80.5,79.84504699707031,9792108
2023-12-07,DGKC,80.75,82.37999725341797,79.75,80.18000030517578,79.52765655517578,8822266
2023-12-08,DGKC,81.0,81.30000305175781,78.80000305175781,80.54000091552734,79.88472747802734,7797953
2023-12-11,DGKC,80.55000305175781,81.23999786376953,78.5999984741211,79.66000366210938,79.01188659667969,4338172
2023-12-12,DGKC,80.25,82.9800033569336,79.75,82.43000030517578,81.75934600830078,9909340
2023-12-13,DGKC,84.0,84.55000305175781,78.16000366210938,79.94000244140625,79.28960418701172,10688263
2023-12-14,DGKC,80.0,81.30000305175781,78.8499984741211,80.30000305175781,79.64668273925781,3759723
2023-12-15,DGKC,80.5,81.30000305175781,79.30000305175781,80.73999786376953,80.08309173583984,5441376
2023-12-18,DGKC,81.68000030517578,82.9000015258789,80.5,81.06999969482422,80.41040802001953,4422825
2023-12-19,DGKC,81.44000244140625,81.5,75.25,77.2699966430664,76.64132690429688,5273775
2023-12-20,DGKC,76.55999755859375,78.77999877929688,71.5999984741211,74.55000305175781,73.9434585571289,6609662
2023-12-21,DGKC,75.0,75.8499984741211,73.12000274658203,75.23999786376953,74.62784576416016,2405528
2023-12-22,DGKC,75.69999694824219,77.4000015258789,72.5,73.0199966430664,72.4259033203125,3033610
2023-12-25,DGKC,73.0199966430664,73.0199966430664,73.0199966430664,73.0199966430664,72.4259033203125,0
2023-12-26,DGKC,72.51000213623047,72.81999969482422,67.55999755859375,67.95999908447266,67.40707397460938,2833617
2023-12-27,DGKC,67.7699966430664,73.05999755859375,67.0,73.05999755859375,72.465576171875,3325301
2023-12-28,DGKC,73.98999786376953,77.5999984741211,73.41000366210938,75.8499984741211,75.23287963867188,5302469
2023-12-29,DGKC,76.0,78.5,74.51000213623047,77.4000015258789,76.77027130126953,3390669
2024-01-01,DGKC,77.9000015258789,81.87999725341797,77.88999938964844,81.37999725341797,80.71788787841797,5944734
2024-01-02,DGKC,81.5,84.69999694824219,80.55999755859375,82.2300033569336,81.56097412109375,9130870
2024-01-03,DGKC,82.5,84.0,81.30000305175781,82.1500015258789,81.48162841796875,4694238
2024-01-04,DGKC,82.19999694824219,83.0,80.80000305175781,82.5,81.82877349853516,2087363
2024-01-05,DGKC,82.75,83.80000305175781,80.0999984741211,81.19000244140625,80.52943420410156,3585886
2024-01-08,DGKC,81.88999938964844,81.9000015258789,78.01000213623047,78.38999938964844,77.75221252441406,2423032
2024-01-09,DGKC,79.25,80.30000305175781,76.25,78.22000122070312,77.58360290527344,3868549
2024-01-10,DGKC,78.5,78.5999984741211,75.94999694824219,76.58000183105469,75.95694732666016,2407508
2024-01-11,DGKC,77.12000274658203,79.25,77.12000274658203,77.47000122070312,76.83970642089844,4384308
2024-01-12,DGKC,78.19000244140625,79.19999694824219,76.7699966430664,76.98999786376953,76.36360168457031,2718438
2024-01-15,DGKC,77.05000305175781,77.69999694824219,73.5,73.87999725341797,73.2789077758789,2946279
2024-01-16,DGKC,74.0,75.0999984741211,72.0,74.19000244140625,73.58638763427734,2626231
2024-01-17,DGKC,75.0,75.9000015258789,72.05999755859375,72.61000061035156,72.01924133300781,2495355
2024-01-18,DGKC,73.1500015258789,73.1500015258789,70.51000213623047,71.7300033569336,71.14640808105469,3965905
2024-01-19,DGKC,72.0,73.4800033569336,71.80999755859375,72.43000030517578,71.84070587158203,1424488
2024-01-22,DGKC,73.0,73.0,71.20999908447266,72.08000183105469,71.4935531616211,1164859
2024-01-23,DGKC,71.98999786376953,74.44000244140625,71.5,73.69999694824219,73.10037231445312,1467667
2024-01-24,DGKC,74.5199966430664,76.44999694824219,74.06999969482422,75.72000122070312,75.10394287109375,6202711
2024-01-25,DGKC,76.19999694824219,78.0,75.52999877929688,75.91999816894531,75.30230712890625,3188075
2024-01-26,DGKC,76.0,77.0,74.9000015258789,75.18000030517578,74.5683364868164,1482799
2024-01-29,DGKC,75.30000305175781,75.7300033569336,73.30999755859375,73.62000274658203,73.02102661132812,1070894
2024-01-30,DGKC,73.30000305175781,73.8499984741211,69.5999984741211,70.26000213623047,69.68836212158203,3346980
2024-01-31,DGKC,71.44999694824219,72.30000305175781,70.51000213623047,71.18000030517578,70.60087585449219,1322495
2024-02-01,DGKC,71.88999938964844,71.93000030517578,70.05000305175781,70.7300033569336,70.154541015625,385839
2024-02-02,DGKC,70.87999725341797,72.6500015258789,70.44999694824219,72.18000030517578,71.59274291992188,556540
2024-02-06,DGKC,71.7699966430664,74.9000015258789,71.7699966430664,74.08000183105469,73.47728729248047,1081747
2024-02-07,DGKC,74.19000244140625,74.9000015258789,72.8499984741211,73.70999908447266,73.11029052734375,3449640
2024-02-08,DGKC,73.70999908447266,73.70999908447266,73.70999908447266,73.70999908447266,73.11029052734375,0
2024-02-09,DGKC,71.69999694824219,71.69999694824219,68.9800033569336,70.69000244140625,70.1148681640625,3478775
2024-02-12,DGKC,70.0,70.83000183105469,65.41999816894531,66.61000061035156,66.06806182861328,4691568
2024-02-13,DGKC,66.0199966430664,68.38999938964844,63.20000076293945,66.94999694824219,66.40528869628906,4006264
2024-02-14,DGKC,68.4800033569336,69.5,65.3499984741211,65.93000030517578,65.39359283447266,4783377
2024-02-15,DGKC,66.4000015258789,66.4800033569336,63.5099983215332,64.55000305175781,64.02481842041016,2243058
2024-02-16,DGKC,63.9900016784668,64.94999694824219,61.79999923706055,64.0999984741211,63.5784797668457,3275092
2024-02-19,DGKC,63.4900016784668,65.75,63.4900016784668,64.76000213623047,64.23311614990234,1833420
2024-02-20,DGKC,64.94999694824219,66.0,64.44999694824219,65.5199966430664,64.98692321777344,1417464
2024-02-21,DGKC,67.0999984741211,69.0999984741211,66.83000183105469,68.48999786376953,67.9327621459961,2885072
2024-02-22,DGKC,69.4800033569336,69.4800033569336,67.01000213623047,67.4800033569336,66.93098449707031,1570542
2024-02-23,DGKC,67.4800033569336,68.62000274658203,67.01000213623047,67.61000061035156,67.05992126464844,2017124
2024-02-26,DGKC,68.0199966430664,69.5,67.0,67.47000122070312,66.92106628417969,2482645
2024-02-27,DGKC,66.98999786376953,69.44000244140625,65.75,68.72000122070312,68.16089630126953,6275419
2024-02-28,DGKC,68.05000305175781,71.77999877929688,68.0,71.25,70.6703109741211,5219493
2024-02-29,DGKC,71.51000213623047,73.47000122070312,69.0999984741211,69.52999877929688,68.96430206298828,5128966
2024-03-01,DGKC,69.8499984741211,70.4800033569336,68.51000213623047,69.12000274658203,68.5576400756836,1675224
2024-03-04,DGKC,70.9000015258789,71.0,68.51000213623047,69.01000213623047,68.44853210449219,2610180
2024-03-05,DGKC,69.23999786376953,70.9000015258789,68.75,69.93000030517578,69.36104583740234,3148559
2024-03-06,DGKC,70.29000091552734,70.76000213623047,69.19999694824219,69.4800033569336,68.91471099853516,1400592
2024-03-07,DGKC,69.33000183105469,70.79000091552734,69.30000305175781,70.37000274658203,69.79747009277344,2906146
2024-03-08,DGKC,70.98999786376953,71.69999694824219,70.25,70.93000030517578,70.35291290283203,3185881
2024-03-11,DGKC,71.5,72.5199966430664,70.80000305175781,71.0,70.4223403930664,2749883
2024-03-12,DGKC,71.0,71.30000305175781,67.9000015258789,68.08999633789062,67.5360107421875,1858944
2024-03-13,DGKC,68.0999984741211,69.0,65.12000274658203,66.0999984741211,65.56221008300781,1756950
2024-03-14,DGKC,66.8499984741211,69.44999694824219,66.5,68.62999725341797,68.07162475585938,1086514
2024-03-15,DGKC,69.98999786376953,70.0,68.26000213623047,68.47000122070312,67.91292572021484,901132
2024-03-18,DGKC,68.68000030517578,68.98999786376953,67.19999694824219,68.54000091552734,67.98236083984375,723640
2024-03-19,DGKC,68.0,68.4000015258789,66.75,66.98999786376953,66.44496154785156,1849784
2024-03-20,DGKC,67.4000015258789,67.69999694824219,64.66000366210938,65.27999877929688,64.7488784790039,1181681
2024-03-21,DGKC,65.05999755859375,65.9000015258789,63.02000045776367,63.58000183105469,63.062713623046875,1334233
2024-03-22,DGKC,63.900001525878906,64.5,63.0099983215332,64.2300033569336,63.70742416381836,730666
2024-03-26,DGKC,63.900001525878906,65.4000015258789,63.56999969482422,64.80000305175781,64.27278900146484,1302369
2024-03-27,DGKC,65.0,65.88999938964844,64.76000213623047,65.06999969482422,64.54058837890625,1317348
2024-03-28,DGKC,65.38999938964844,66.5,65.19999694824219,66.27999877929688,65.7407455444336,1260508
2024-03-29,DGKC,66.4000015258789,66.5999984741211,64.86000061035156,65.08999633789062,64.5604248046875,747529
2024-04-01,DGKC,65.2300033569336,66.0,64.0,64.25,63.72726058959961,837333
2024-04-02,DGKC,64.68000030517578,65.3499984741211,64.0,64.66000366210938,64.13392639160156,658969
2024-04-03,DGKC,64.5,69.51000213623047,64.5,69.51000213623047,68.94446563720703,3541944
2024-04-04,DGKC,71.02999877929688,71.25,68.01000213623047,68.68000030517578,68.1212158203125,2385749
2024-04-08,DGKC,69.19000244140625,69.5,68.19999694824219,68.8499984741211,68.28983306884766,1024641
2024-04-09,DGKC,69.30999755859375,71.19000244140625,69.0999984741211,70.23999786376953,69.66852569580078,2811847
2024-04-15,DGKC,70.0,72.4000015258789,69.25,71.55000305175781,70.9678726196289,6832813
2024-04-16,DGKC,72.05999755859375,72.3499984741211,69.55000305175781,69.88999938964844,69.32137298583984,3809954
2024-04-17,DGKC,69.4000015258789,71.0,69.30000305175781,70.31999969482422,69.74787139892578,2652293
2024-04-18,DGKC,70.51000213623047,71.73999786376953,69.41999816894531,69.77999877929688,69.21226501464844,3437248
2024-04-19,DGKC,69.0,71.25,68.19999694824219,69.73999786376953,69.17259216308594,4146555
2024-04-22,DGKC,70.0,73.19999694824219,69.25,71.76000213623047,71.17616271972656,6664933
2024-04-23,DGKC,72.0999984741211,77.13999938964844,71.80999755859375,73.95999908447266,73.35826110839844,13681350
2024-04-24,DGKC,74.0199966430664,79.19000244140625,74.01000213623047,78.12000274658203,77.48441314697266,12197169
2024-04-25,DGKC,78.88999938964844,79.9000015258789,76.41000366210938,76.83999633789062,76.2148208618164,5400024
2024-04-26,DGKC,77.23999786376953,79.1500015258789,75.61000061035156,78.54000091552734,77.90099334716797,5496092
2024-04-29,DGKC,79.73999786376953,81.69999694824219,76.30000305175781,76.80999755859375,76.18506622314453,17062994
2024-04-30,DGKC,75.11000061035156,78.4000015258789,75.0999984741211,75.36000061035156,74.74687194824219,7404333
2024-05-02,DGKC,76.19000244140625,78.48999786376953,75.0,77.44000244140625,76.80994415283203,9109354
2024-05-03,DGKC,77.9000015258789,81.9000015258789,77.9000015258789,80.83000183105469,80.17236328125,11161289
2024-05-06,DGKC,81.80000305175781,84.25,81.80000305175781,83.20999908447266,82.53299713134766,11946009
2024-05-07,DGKC,83.80000305175781,85.30000305175781,81.86000061035156,82.5199966430664,81.8486099243164,10701211
2024-05-08,DGKC,82.55000305175781,83.38999938964844,80.69999694824219,81.20999908447266,80.54927062988281,3637426
2024-05-09,DGKC,81.88999938964844,86.25,80.80000305175781,85.23999786376953,84.5464859008789,9890693
2024-05-10,DGKC,86.55999755859375,91.48999786376953,86.55999755859375,90.83999633789062,90.10092163085938,21018192
2024-05-13,DGKC,91.9000015258789,91.9000015258789,89.31999969482422,90.12999725341797,89.39669799804688,12806628
2024-05-14,DGKC,89.87999725341797,90.75,87.86000061035156,90.30999755859375,89.57523345947266,9985430
2024-05-15,DGKC,90.9800033569336,91.30000305175781,88.75,89.12000274658203,88.3949203491211,7865518
2024-05-16,DGKC,89.80000305175781,89.98999786376953,87.61000061035156,88.37000274658203,87.6510238647461,4191596
2024-05-17,DGKC,88.88999938964844,91.94999694824219,88.5,90.30000305175781,89.56532287597656,9600493
2024-05-20,DGKC,90.38999938964844,90.38999938964844,85.1500015258789,87.55000305175781,86.83769226074219,5844764
2024-05-21,DGKC,87.0,88.5,85.88999938964844,86.16000366210938,85.45899963378906,4873380
2024-05-22,DGKC,86.48999786376953,87.3499984741211,84.75,85.08000183105469,84.38778686523438,4161462
2024-05-23,DGKC,85.5,86.55000305175781,84.5199966430664,86.31999969482422,85.6176986694336,3247574
2024-05-24,DGKC,86.55000305175781,88.0999984741211,86.25,87.0199966430664,86.31199645996094,4211150
2024-05-27,DGKC,87.5,87.8499984741211,85.48999786376953,85.69999694824219,85.00273895263672,2029695
2024-05-28,DGKC,85.69999694824219,85.69999694824219,85.69999694824219,85.69999694824219,85.00273895263672,0
2024-05-29,DGKC,84.9000015258789,85.79000091552734,82.95999908447266,83.37000274658203,82.69170379638672,4159251
2024-05-30,DGKC,84.19000244140625,87.27999877929688,84.12000274658203,86.83000183105469,86.12355041503906,5575480
2024-05-31,DGKC,87.9000015258789,89.9000015258789,86.5,89.1500015258789,88.42467498779297,6732706
2024-06-03,DGKC,89.9000015258789,90.5999984741211,87.61000061035156,89.29000091552734,88.56353759765625,6097331
2024-06-04,DGKC,89.3499984741211,89.62999725341797,85.5,86.02999877929688,85.3300552368164,6405012
2024-06-05,DGKC,86.16000366210938,87.48999786376953,84.51000213623047,85.12000274658203,84.42745971679688,6699996
2024-06-06,DGKC,85.4000015258789,86.75,84.55000305175781,84.91999816894531,84.22908782958984,3452040
2024-06-07,DGKC,84.93000030517578,89.0999984741211,82.0999984741211,88.30000305175781,87.58158874511719,8094582
2024-06-10,DGKC,88.8499984741211,90.44999694824219,88.33999633789062,88.77999877929688,88.05767822265625,8437492
2024-06-11,DGKC,91.29000091552734,91.30000305175781,86.0999984741211,86.88999938964844,86.18305969238281,9955546
2024-06-12,DGKC,87.25,89.13999938964844,86.1500015258789,88.20999908447266,87.49231719970703,4354045
2024-06-13,DGKC,89.0,95.70999908447266,89.0,95.31999969482422,94.54447174072266,17350798
2024-06-14,DGKC,96.0,96.4000015258789,92.33000183105469,92.7300033569336,91.97554779052734,6710754
2024-06-20,DGKC,93.0,95.0,92.0,93.55999755859375,92.79878997802734,5021959
2024-06-21,DGKC,93.05000305175781,94.08999633789062,90.62999725341797,91.12999725341797,90.38855743408203,5485413
2024-06-24,DGKC,91.11000061035156,92.19000244140625,89.5,90.30999755859375,89.57523345947266,2352071
2024-06-25,DGKC,90.4000015258789,91.5999984741211,89.55000305175781,90.20999908447266,89.47604370117188,4611876
2024-06-26,DGKC,90.5999984741211,92.4000015258789,89.9000015258789,91.26000213623047,90.51750946044922,4040690
2024-06-27,DGKC,92.0,92.80000305175781,90.0,91.06999969482422,90.32904815673828,4447686
2024-06-28,DGKC,90.80000305175781,91.69999694824219,90.0,90.2699966430664,89.53556060791016,2418251
2024-07-01,DGKC,89.9000015258789,91.80999755859375,88.37000274658203,89.73999786376953,89.00987243652344,5053769
2024-07-02,DGKC,90.0,91.16999816894531,89.80999755859375,90.33999633789062,89.60498809814453,2450987
2024-07-03,DGKC,90.76000213623047,91.69000244140625,90.0,90.16999816894531,89.43637084960938,6242138
2024-07-04,DGKC,90.5,91.75,90.30000305175781,90.66999816894531,89.93230438232422,3650280
2024-07-05,DGKC,91.19999694824219,91.19999694824219,89.0999984741211,89.41000366210938,88.68256378173828,1509968
2024-07-08,DGKC,89.4000015258789,91.30000305175781,88.80000305175781,90.08000183105469,89.34710693359375,2250068
2024-07-09,DGKC,90.5,92.66999816894531,89.80000305175781,91.16999816894531,90.42823791503906,6620515
2024-07-10,DGKC,92.0,92.0999984741211,89.44999694824219,89.72000122070312,88.99003601074219,2575418
2024-07-11,DGKC,89.5,89.5,88.1500015258789,88.56999969482422,87.8493881225586,2592708
2024-07-12,DGKC,89.0,89.9000015258789,85.0,88.36000061035156,87.64109802246094,3685535
2024-07-15,DGKC,89.0999984741211,91.9000015258789,89.0999984741211,90.25,89.5157241821289,5723446
2024-07-16,DGKC,90.25,90.25,90.25,90.25,89.5157241821289,0
2024-07-17,DGKC,90.25,90.25,90.25,90.25,89.5157241821289,0
2024-07-18,DGKC,90.69999694824219,90.69999694824219,89.4000015258789,89.69000244140625,88.96028137207031,1849064
2024-07-19,DGKC,90.27999877929688,91.36000061035156,86.55000305175781,88.05999755859375,87.34353637695312,5020497
2024-07-22,DGKC,87.9800033569336,88.75,85.5199966430664,86.87999725341797,86.17314147949219,2615859
2024-07-23,DGKC,87.5999984741211,88.75,87.30000305175781,88.0,87.28402709960938,1922086
2024-07-24,DGKC,88.5,89.38999938964844,87.5,88.87999725341797,88.15686798095703,1648395
2024-07-25,DGKC,89.25,90.6500015258789,88.25,88.45999908447266,87.74028778076172,2437675
2024-07-26,DGKC,88.0,89.44999694824219,88.0,88.45999908447266,87.74028778076172,1528129
2024-07-29,DGKC,88.69999694824219,92.4800033569336,88.5999984741211,91.72000122070312,90.97376251220703,6879200
2024-07-30,DGKC,92.75,93.0,88.41000366210938,88.58999633789062,87.86922454833984,5535659
2024-07-31,DGKC,88.6500015258789,88.75,84.75,85.43000030517578,84.73493957519531,1703513
2024-08-01,DGKC,85.5,85.9800033569336,83.75,85.20999908447266,84.51673126220703,1100740
2024-08-02,DGKC,85.79000091552734,87.0,82.5999984741211,83.88999938964844,83.20746612548828,5215542
2024-08-05,DGKC,85.0,85.0,81.19999694824219,81.62000274658203,80.95594024658203,2526101
2024-08-06,DGKC,82.01000213623047,82.5999984741211,81.0,81.52999877929688,80.86666870117188,1013941
2024-08-07,DGKC,81.98999786376953,83.0999984741211,81.11000061035156,81.58000183105469,80.91626739501953,1834604
2024-08-08,DGKC,82.4000015258789,83.20999908447266,81.80000305175781,82.20999908447266,81.5411376953125,2267408
2024-08-09,DGKC,82.9000015258789,82.9000015258789,80.01000213623047,81.05999755859375,80.4004898071289,1868689
2024-08-12,DGKC,81.94999694824219,81.94999694824219,78.6500015258789,79.37999725341797,78.73416137695312,2653630
2024-08-13,DGKC,79.0,79.5999984741211,77.19999694824219,77.4800033569336,76.84962463378906,1652675
2024-08-15,DGKC,77.5,78.48999786376953,77.19999694824219,77.41000366210938,76.78018951416016,978599
2024-08-16,DGKC,77.41000366210938,81.0999984741211,77.41000366210938,78.12000274658203,77.48441314697266,4674596
2024-08-19,DGKC,78.75,79.25,76.30000305175781,76.7300033569336,76.10572814941406,1548175
2024-08-20,DGKC,77.25,77.48999786376953,76.11000061035156,76.76000213623047,76.13548278808594,768427
2024-08-21,DGKC,77.0,78.9000015258789,77.0,78.13999938964844,77.5042495727539,1983847
2024-08-22,DGKC,79.20999908447266,84.5,79.19999694824219,82.51000213623047,81.83869934082031,6333986
2024-08-23,DGKC,83.0,83.0,81.4000015258789,81.52999877929688,80.86666870117188,656789
2024-08-26,DGKC,80.75,82.37999725341797,80.19999694824219,80.44000244140625,79.78553771972656,796904
2024-08-27,DGKC,80.79000091552734,81.48999786376953,79.11000061035156,80.06999969482422,79.41854858398438,2622262
2024-08-28,DGKC,80.4000015258789,80.9800033569336,79.5,79.66000366210938,79.01188659667969,960540
2024-08-29,DGKC,80.0999984741211,80.4000015258789,78.75,79.05000305175781,78.40685272216797,794793
2024-08-30,DGKC,79.5999984741211,79.94999694824219,76.80000305175781,77.08000183105469,76.45287322998047,3298844
2024-09-02,DGKC,78.0,78.29000091552734,76.4000015258789,77.63999938964844,77.00831604003906,1532805
2024-09-03,DGKC,77.98999786376953,79.4800033569336,77.88999938964844,79.25,78.60521697998047,1994922
2024-09-04,DGKC,79.83999633789062,80.9000015258789,78.86000061035156,79.16999816894531,78.52587127685547,3810684
2024-09-05,DGKC,79.01000213623047,80.43000030517578,78.7300033569336,79.20999908447266,78.56554412841797,1467365
2024-09-06,DGKC,79.94999694824219,79.94999694824219,78.61000061035156,79.08999633789062,78.44651794433594,541007
2024-09-09,DGKC,79.5999984741211,80.9800033569336,78.9000015258789,80.5,79.84504699707031,1034666
2024-09-10,DGKC,80.93000030517578,82.6500015258789,80.80000305175781,82.2300033569336,81.56097412109375,5545308
2024-09-11,DGKC,82.5,83.0,81.01000213623047,81.41000366210938,80.74765014648438,2134781
2024-09-12,DGKC,81.94999694824219,84.1500015258789,80.76000213623047,83.19999694824219,82.52307891845703,5502981
2024-09-13,DGKC,86.0,86.5,78.80000305175781,79.66999816894531,79.02179718017578,9855447
2024-09-16,DGKC,79.48999786376953,79.80000305175781,75.6500015258789,76.04000091552734,75.42133331298828,4349911
2024-09-17,DGKC,76.04000091552734,76.04000091552734,76.04000091552734,76.04000091552734,75.42133331298828,0
2024-09-18,DGKC,76.0,76.5,74.91999816894531,75.02999877929688,74.4195556640625,2639006
2024-09-19,DGKC,75.2300033569336,75.55000305175781,73.94999694824219,74.1500015258789,73.54671478271484,2250161
2024-09-20,DGKC,74.94000244140625,76.4000015258789,73.5,75.88999938964844,75.27255249023438,3413111
2024-09-23,DGKC,76.0,76.58000183105469,74.75,74.94000244140625,74.33029174804688,1192462
2024-09-24,DGKC,75.05000305175781,75.37999725341797,74.0,74.16999816894531,73.5665512084961,971516
2024-09-25,DGKC,74.48999786376953,75.80999755859375,74.3499984741211,75.55999755859375,74.94523620605469,1759201
2024-09-26,DGKC,76.0,76.4000015258789,74.29000091552734,74.52999877929688,73.92362213134766,1227191
2024-09-27,DGKC,74.98999786376953,74.98999786376953,73.0,73.30000305175781,72.70362854003906,1720687
2024-09-30,DGKC,73.30000305175781,73.88999938964844,73.0,73.5,72.9020004272461,884859
2024-10-01,DGKC,73.25,77.30000305175781,73.25,76.48999786376953,75.86767578125,5913617
2024-10-02,DGKC,75.12000274658203,76.73999786376953,75.0,75.16999816894531,74.55841064453125,1525717
2024-10-03,DGKC,75.0,78.79000091552734,75.0,77.37999725341797,76.75042724609375,6206029
2024-10-04,DGKC,77.31999969482422,77.5999984741211,76.0999984741211,76.47000122070312,75.84783935546875,4539673
2024-10-07,DGKC,76.97000122070312,79.98999786376953,76.11000061035156,79.31999969482422,78.67465209960938,7672781
2024-10-08,DGKC,79.5,82.25,78.5199966430664,80.75,80.093017578125,5624910
2024-10-09,DGKC,80.75,80.75,80.75,80.75,80.093017578125,0
2024-10-10,DGKC,79.98999786376953,81.30000305175781,79.0999984741211,80.08000183105469,79.428466796875,1811208
2024-10-11,DGKC,80.5999984741211,81.69999694824219,78.80000305175781,80.93000030517578,80.27155303955078,3105315
2024-10-14,DGKC,80.91999816894531,81.69999694824219,77.9000015258789,78.12000274658203,77.48441314697266,4564970
2024-10-15,DGKC,78.20999908447266,78.79000091552734,77.48999786376953,77.7699966430664,77.13726043701172,2412095
2024-10-16,DGKC,77.75,79.3499984741211,77.75,78.19000244140625,77.55384826660156,2419206
2024-10-17,DGKC,78.79000091552734,79.4000015258789,77.80000305175781,78.83000183105469,78.18863677978516,3271882
2024-10-18,DGKC,79.0,79.11000061035156,77.5,77.93000030517578,77.29595947265625,1322593
2024-10-21,DGKC,78.19999694824219,80.69999694824219,78.19999694824219,80.36000061035156,79.70619201660156,4195036
2024-10-22,DGKC,80.73999786376953,81.72000122070312,80.05000305175781,80.55000305175781,79.89464569091797,3319211
2024-10-23,DGKC,80.94000244140625,83.4000015258789,80.52999877929688,83.13999938964844,82.46356964111328,7226931
2024-10-24,DGKC,83.5999984741211,86.30000305175781,83.51000213623047,85.44000244140625,84.74485778808594,7754570
2024-10-25,DGKC,86.0,89.4000015258789,85.30000305175781,87.02999877929688,86.3219223022461,11043089
2024-10-28,DGKC,87.5,89.19999694824219,85.0199966430664,86.26000213623047,85.55818939208984,4032276
2024-10-29,DGKC,86.0,89.77999877929688,86.0,87.80999755859375,87.09557342529297,9759889
2024-10-30,DGKC,88.0,88.75,85.19999694824219,85.69999694824219,85.00273895263672,6740545
2024-10-31,DGKC,85.75,86.30000305175781,84.0,84.29000091552734,83.60421752929688,2451790
2024-11-01,DGKC,84.66000366210938,87.48999786376953,84.20999908447266,87.0,86.29216766357422,2933936
2024-11-04,DGKC,87.5,91.0,87.4800033569336,89.69000244140625,88.96028137207031,12031774
2024-11-05,DGKC,90.4000015258789,90.4000015258789,86.98999786376953,88.3499984741211,87.63117980957031,8599697
2024-11-06,DGKC,88.55000305175781,90.05000305175781,86.80999755859375,87.56999969482422,86.85752868652344,4335263
2024-11-07,DGKC,88.20999908447266,88.3499984741211,86.52999877929688,86.98999786376953,86.28224182128906,2667732
2024-11-08,DGKC,87.38999938964844,88.4000015258789,86.25,88.0199966430664,87.30386352539062,2961606
2024-11-11,DGKC,89.0,89.08000183105469,86.94999694824219,87.12999725341797,86.42110443115234,3162855
2024-11-12,DGKC,87.12999725341797,87.94000244140625,86.0,86.58000183105469,85.8755874633789,1278933
2024-11-13,DGKC,86.79000091552734,87.98999786376953,86.5,86.8499984741211,86.14338684082031,1706125
2024-11-14,DGKC,86.80000305175781,87.98999786376953,85.51000213623047,85.79000091552734,85.09201049804688,3160917
2024-11-15,DGKC,86.11000061035156,88.48999786376953,85.9000015258789,86.11000061035156,85.40940856933594,3879626
2024-11-18,DGKC,86.44999694824219,86.9000015258789,85.19000244140625,85.61000061035156,84.9134750366211,1202419
2024-11-19,DGKC,85.5,86.9000015258789,85.01000213623047,85.73999786376953,85.04241180419922,1278039
2024-11-20,DGKC,85.63999938964844,86.4000015258789,83.9000015258789,84.08000183105469,83.39592742919922,1561617
2024-11-21,DGKC,84.37999725341797,85.0,83.44999694824219,83.7699966430664,83.08843994140625,1963488
2024-11-22,DGKC,84.01000213623047,84.86000061035156,78.77999877929688,80.95999908447266,80.30130767822266,7972799
2024-11-25,DGKC,81.0,83.75,80.20999908447266,82.08999633789062,81.42211151123047,3558581
2024-11-26,DGKC,82.0,82.79000091552734,76.98999786376953,77.7699966430664,77.13726043701172,4804551
2024-11-27,DGKC,80.25,82.48999786376953,79.22000122070312,81.94000244140625,81.2733383178711,3814066
2024-11-28,DGKC,82.87999725341797,86.0,82.55000305175781,85.1500015258789,84.45722198486328,10362778
2024-11-29,DGKC,85.19999694824219,86.30000305175781,84.30999755859375,85.44999694824219,84.75477600097656,4372959
2024-12-02,DGKC,86.11000061035156,89.87999725341797,86.11000061035156,89.30999755859375,88.58336639404297,14275062
2024-12-03,DGKC,90.25,94.73999786376953,88.0999984741211,92.94999694824219,92.19375610351562,20406335
2024-12-04,DGKC,94.01000213623047,95.44999694824219,90.9000015258789,93.23999786376953,92.48139190673828,13007810
2024-12-05,DGKC,94.4800033569336,99.47000122070312,92.11000061035156,98.16999816894531,97.37128448486328,14004720
2024-12-06,DGKC,99.80000305175781,100.25,94.5,96.61000061035156,95.823974609375,6318491
2024-12-09,DGKC,96.55000305175781,106.2699966430664,95.80999755859375,105.66999816894531,104.81026458740234,14452667
2024-12-10,DGKC,108.0,112.38999938964844,102.0,106.88999938964844,106.02033996582031,18218926
2024-12-11,DGKC,108.0,110.19999694824219,106.5999984741211,107.91000366210938,107.03204345703125,5929939
2024-12-12,DGKC,108.5,110.9800033569336,106.62000274658203,108.62999725341797,107.74617767333984,7485165
2024-12-13,DGKC,108.5,108.69999694824219,104.27999877929688,105.98999786376953,105.1276626586914,7238382
2024-12-16,DGKC,107.0,111.25,106.4000015258789,109.81999969482422,108.92649841308594,12819895
2024-12-17,DGKC,108.0,109.9800033569336,102.0,103.45999908447266,102.61824798583984,8414789
2024-12-18,DGKC,104.1500015258789,105.55000305175781,96.91000366210938,98.08000183105469,97.28202056884766,9334978
2024-12-19,DGKC,98.0,100.5,91.0,92.54000091552734,91.78709411621094,7524857
2024-12-20,DGKC,92.11000061035156,97.5999984741211,92.11000061035156,96.86000061035156,96.07194519042969,3749066
2024-12-23,DGKC,98.37000274658203,101.48999786376953,96.4000015258789,100.25,99.43436431884766,8815495
2024-12-24,DGKC,100.94999694824219,101.87999725341797,96.5,96.91999816894531,96.13145446777344,5036745
2024-12-26,DGKC,96.01000213623047,96.5,93.5999984741211,94.12000274658203,93.35424041748047,2337047
2024-12-27,DGKC,93.9000015258789,99.9800033569336,93.05000305175781,98.9800033569336,98.17469787597656,7561386
2024-12-30,DGKC,101.0,106.80000305175781,100.0,106.05999755859375,105.19709014892578,17425105
2024-12-31,DGKC,107.0,107.1500015258789,103.80000305175781,104.91999816894531,104.06636810302734,7983546
2025-01-01,DGKC,104.91999816894531,104.91999816894531,104.91999816894531,104.91999816894531,104.06636810302734,0
2025-01-02,DGKC,110.3499984741211,110.44000244140625,106.0,106.76000213623047,105.89139556884766,7792725
2025-01-03,DGKC,106.0,106.5,100.4000015258789,102.19999694824219,101.36849212646484,11556889
2025-01-06,DGKC,102.87999725341797,103.3499984741211,98.11000061035156,99.12000274658203,98.31356048583984,6507188
2025-01-07,DGKC,100.0,102.08999633789062,95.11000061035156,99.7699966430664,98.95826721191406,7502383
2025-01-08,DGKC,100.94999694824219,102.0,96.80000305175781,97.44999694824219,96.65714263916016,3654819
2025-01-09,DGKC,98.0999984741211,98.0999984741211,94.5,95.2300033569336,94.45520782470703,2510942
2025-01-10,DGKC,95.25,100.69000244140625,95.0,99.75,98.93843078613281,5792080
2025-01-13,DGKC,101.0,102.02999877929688,99.69999694824219,100.22000122070312,99.40460968017578,6233903
2025-01-14,DGKC,100.5,104.0,99.75,103.30000305175781,102.45954895019531,8102463
2025-01-15,DGKC,104.01000213623047,105.38999938964844,101.51000213623047,102.02999877929688,101.19988250732422,9536691
2025-01-16,DGKC,102.4800033569336,103.25,100.0,102.05000305175781,101.21971893310547,3758988
2025-01-17,DGKC,102.47000122070312,106.1500015258789,101.0999984741211,104.69000244140625,103.83824157714844,10838447
2025-01-20,DGKC,105.30999755859375,108.3499984741211,104.9000015258789,106.95999908447266,106.08976745605469,10929413
2025-01-21,DGKC,107.1500015258789,109.30000305175781,104.56999969482422,105.55999755859375,104.70115661621094,11273442
2025-01-22,DGKC,106.0999984741211,109.80000305175781,105.1500015258789,107.79000091552734,106.91301727294922,16695919
2025-01-23,DGKC,108.11000061035156,110.80000305175781,108.11000061035156,110.18000030517578,109.2835693359375,14798994
2025-01-24,DGKC,111.0,111.0999984741211,108.0,108.69000244140625,107.80569458007812,9477438
2025-01-27,DGKC,109.23999786376953,109.30000305175781,104.62999725341797,105.37000274658203,104.51271057128906,6753837
2025-01-28,DGKC,106.0999984741211,106.6500015258789,103.51000213623047,105.41000366210938,104.55238342285156,6247579
2025-01-29,DGKC,106.01000213623047,106.80000305175781,103.12999725341797,104.58000183105469,103.72913360595703,3540068
2025-01-30,DGKC,104.7300033569336,106.4000015258789,103.0,105.56999969482422,104.71107482910156,2500344
2025-01-31,DGKC,106.0999984741211,108.19999694824219,106.0,107.44999694824219,106.5757827758789,7602272
2025-02-03,DGKC,107.55000305175781,109.80000305175781,106.51000213623047,106.9800033569336,106.10961151123047,5858375
2025-02-04,DGKC,107.80000305175781,109.19999694824219,105.16000366210938,105.54000091552734,104.68132019042969,3440397
2025-02-06,DGKC,105.98999786376953,106.48999786376953,101.5,102.52999877929688,101.69580841064453,6744752
2025-02-07,DGKC,102.5,103.87999725341797,101.0,102.12999725341797,101.29906463623047,4491123
2025-02-10,DGKC,102.98999786376953,104.25,101.11000061035156,103.55999755859375,102.7174301147461,1998945
2025-02-11,DGKC,104.0,109.68000030517578,103.61000061035156,108.94999694824219,108.0635757446289,12196282
2025-02-12,DGKC,109.44999694824219,110.75,107.55000305175781,109.0,108.11317443847656,12828142
2025-02-13,DGKC,109.4800033569336,110.0,107.61000061035156,108.08000183105469,107.2006607055664,4567373
2025-02-14,DGKC,108.5999984741211,111.5999984741211,105.26000213623047,106.08999633789062,105.22684478759766,9616562
2025-02-17,DGKC,105.25,107.30000305175781,104.0,105.06999969482422,104.21514892578125,2930859
2025-02-18,DGKC,105.88999938964844,110.9000015258789,105.0,110.06999969482422,109.17446899414062,11147320
2025-02-19,DGKC,111.83999633789062,113.9000015258789,109.0,111.83999633789062,110.93006134033203,24970307
2025-02-20,DGKC,115.9000015258789,122.91999816894531,115.5,120.91000366210938,119.92627716064453,32200333
2025-02-21,DGKC,122.0,122.4000015258789,116.56999969482422,116.98999786376953,116.03816223144531,7879713
2025-02-24,DGKC,117.0,121.5,115.05999755859375,120.73999786376953,119.75765228271484,11477310
2025-02-25,DGKC,121.5,123.75,118.8499984741211,121.66000366210938,120.67017364501953,11469423
2025-02-26,DGKC,120.01000213623047,124.75,120.01000213623047,123.04000091552734,122.0389404296875,8658437
2025-02-27,DGKC,122.0,123.69999694824219,121.0,121.27999877929688,120.29325866699219,4341246
2025-02-28,DGKC,122.80000305175781,122.80000305175781,119.0999984741211,120.98999786376953,120.00562286376953,2526880
2025-03-03,DGKC,121.25,121.6500015258789,118.4000015258789,118.9000015258789,117.93262481689453,1701340
2025-03-04,DGKC,118.9000015258789,118.9000015258789,118.9000015258789,118.9000015258789,117.93262481689453,0
2025-03-05,DGKC,119.38999938964844,121.4000015258789,118.86000061035156,119.44000244140625,118.46823120117188,2591313
2025-03-06,DGKC,120.0,123.33000183105469,119.16000366210938,122.33000183105469,121.33472442626953,6160994
2025-03-07,DGKC,123.0,127.37999725341797,121.5199966430664,126.68000030517578,125.64933013916016,9721256
2025-03-10,DGKC,126.5,130.0,124.05000305175781,125.87999725341797,124.8558349609375,9171488
2025-03-11,DGKC,122.0,126.58999633789062,122.0,125.37999725341797,124.35990142822266,4307723
2025-03-12,DGKC,126.0,129.36000061035156,125.2699966430664,128.02999877929688,126.98834228515625,5626023
2025-03-13,DGKC,129.0,135.4600067138672,127.25,133.8800048828125,132.79075622558594,12175485
2025-03-14,DGKC,134.83999633789062,136.8000030517578,131.39999389648438,134.52999877929688,133.43545532226562,6494720
2025-03-17,DGKC,134.6999969482422,135.5,133.5,133.99000549316406,132.8998565673828,2468549
2025-03-18,DGKC,134.27000427246094,134.75,132.5,132.75999450683594,131.6798553466797,2760925
2025-03-19,DGKC,132.1999969482422,136.8000030517578,131.6999969482422,134.3800048828125,133.28668212890625,6377463
2025-03-20,DGKC,134.75,135.8000030517578,132.0,133.17999267578125,132.096435546875,3160253
2025-03-21,DGKC,133.8000030517578,134.60000610351562,132.4499969482422,132.6199951171875,131.54100036621094,1766910
2025-03-24,DGKC,132.8000030517578,133.64999389648438,130.6999969482422,131.77000427246094,130.6979217529297,2253956
2025-03-25,DGKC,131.75,133.13999938964844,130.25,130.99000549316406,129.9242706298828,1039386
2025-03-26,DGKC,132.0,134.5,131.00999450683594,132.99000549316406,131.90798950195312,3542374
2025-03-27,DGKC,132.99000549316406,136.89999389648438,132.10000610351562,135.3300018310547,134.2289581298828,4818120
2025-03-28,DGKC,135.3300018310547,135.3300018310547,135.3300018310547,135.3300018310547,134.2289581298828,0
2025-03-31,DGKC,135.3300018310547,135.3300018310547,135.3300018310547,135.3300018310547,134.2289581298828,0
2025-04-03,DGKC,134.52999877929688,134.6999969482422,130.5,134.0500030517578,132.95936584472656,9908599
2025-04-04,DGKC,134.0,136.5,131.6999969482422,132.10000610351562,131.02523803710938,4866645
2025-04-07,DGKC,130.0,130.0,118.88999938964844,124.91000366210938,123.89373016357422,11670563
2025-04-08,DGKC,126.0999984741211,128.74000549316406,125.76000213623047,126.0999984741211,125.07404327392578,4978269
2025-04-09,DGKC,125.01000213623047,129.5800018310547,124.0,126.83000183105469,125.79811096191406,10063297
2025-04-10,DGKC,131.39999389648438,135.0,129.1199951171875,130.89999389648438,129.83499145507812,8716529
2025-04-11,DGKC,127.93000030517578,129.00999450683594,125.75,128.00999450683594,126.96849822998047,5668795
2025-04-14,DGKC,128.89999389648438,129.94000244140625,126.70999908447266,127.0,125.96672058105469,3306656
2025-04-15,DGKC,127.5,127.88999938964844,125.3499984741211,125.72000122070312,124.69713592529297,2103439
2025-04-16,DGKC,125.98999786376953,126.98999786376953,122.76000213623047,123.26000213623047,122.25715637207031,4025505
2025-04-17,DGKC,123.26000213623047,127.25,123.0,125.87000274658203,124.84591674804688,5691617
2025-04-18,DGKC,126.87000274658203,128.0,124.55000305175781,125.0,123.98299407958984,4410173
2025-04-21,DGKC,125.0,129.60000610351562,123.80999755859375,127.47000122070312,126.43289947509766,7243662
2025-04-22,DGKC,127.2699966430664,128.0,126.30000305175781,126.48999786376953,125.46086883544922,3552896
2025-04-23,DGKC,126.79000091552734,128.3300018310547,124.0,125.19000244140625,124.17145538330078,4587039
2025-04-24,DGKC,121.0999984741211,124.38999938964844,121.0,122.62000274658203,121.62236022949219,2943424
2025-04-25,DGKC,123.0,125.1500015258789,120.5999984741211,124.6500015258789,123.6358413696289,3560574
2025-04-28,DGKC,125.62000274658203,126.77999877929688,116.5,118.80999755859375,117.84335327148438,3946648
2025-04-29,DGKC,119.01000213623047,128.49000549316406,119.0,127.75,126.71062469482422,9206064
2025-04-30,DGKC,128.25,128.25,123.0,124.45999908447266,123.4473876953125,6085018
2025-05-02,DGKC,128.5,134.1999969482422,127.19999694824219,132.7899932861328,131.70960998535156,9605968
2025-05-05,DGKC,133.99000549316406,140.10000610351562,131.0,138.7100067138672,137.58145141601562,14728440
2025-05-06,DGKC,140.0,141.5,135.5,135.99000549316406,134.8835906982422,11352512
2025-05-07,DGKC,127.0999984741211,135.9499969482422,126.94000244140625,130.75999450683594,129.6961212158203,5539591
2025-05-08,DGKC,131.5,133.74000549316406,117.68000030517578,119.55000305175781,118.57733917236328,7662050
2025-05-09,DGKC,119.55000305175781,128.89999389648438,119.5,127.62999725341797,126.59159851074219,3900173
2025-05-12,DGKC,140.38999938964844,140.38999938964844,138.0,140.38999938964844,139.24778747558594,8202285
2025-05-13,DGKC,144.8000030517578,151.8800048828125,139.25,150.74000549316406,149.51358032226562,19785523
2025-05-14,DGKC,150.00999450683594,154.4499969482422,146.39999389648438,147.47999572753906,146.28009033203125,19418708
2025-05-15,DGKC,148.5,152.44000244140625,147.39999389648438,151.3000030517578,150.0690155029297,10735623
2025-05-16,DGKC,151.5,151.5,146.25,147.3300018310547,146.13131713867188,3581156
2025-05-19,DGKC,147.3300018310547,147.88999938964844,144.25999450683594,144.97999572753906,143.80043029785156,3855199
2025-05-20,DGKC,145.0500030517578,150.36000061035156,143.89999389648438,148.05999755859375,146.85537719726562,7225038
2025-05-21,DGKC,148.99000549316406,152.64999389648438,147.5,151.86000061035156,150.6244659423828,10333183
2025-05-22,DGKC,152.11000061035156,155.6999969482422,151.0,151.91000366210938,150.67405700683594,9634556
2025-05-23,DGKC,152.0,152.8000030517578,150.00999450683594,151.14999389648438,149.92022705078125,3003238
2025-05-26,DGKC,151.0,151.7899932861328,149.82000732421875,150.1300048828125,148.90853881835938,2042676
2025-05-27,DGKC,149.5500030517578,156.39999389648438,149.0,154.97999572753906,153.7190704345703,12899792
2025-05-28,DGKC,154.97999572753906,154.97999572753906,154.97999572753906,154.97999572753906,153.7190704345703,0
2025-05-29,DGKC,155.89999389648438,160.8000030517578,155.5,159.17999267578125,157.88490295410156,10758626
2025-05-30,DGKC,159.97999572753906,162.0,158.91000366210938,160.67999267578125,159.37269592285156,5576922
2025-06-02,DGKC,160.6699981689453,161.8000030517578,155.9499969482422,156.6199951171875,155.34573364257812,3170033
2025-06-03,DGKC,156.6199951171875,159.11000061035156,156.0,157.3000030517578,156.02020263671875,3248886
2025-06-04,DGKC,158.1999969482422,159.25,155.60000610351562,156.8800048828125,155.60362243652344,2745567
2025-06-05,DGKC,156.8000030517578,158.25,154.8000030517578,157.0399932861328,155.76231384277344,2976489
2025-06-06,DGKC,157.0399932861328,157.0399932861328,157.0399932861328,157.0399932861328,155.76231384277344,0
2025-06-09,DGKC,157.0399932861328,157.0399932861328,157.0399932861328,157.0399932861328,155.76231384277344,0
2025-06-10,DGKC,157.49000549316406,157.85000610351562,155.0,155.3800048828125,154.11582946777344,1675631
2025-06-11,DGKC,159.39999389648438,163.66000366210938,157.0,162.77999877929688,161.4556121826172,11988113
2025-06-12,DGKC,163.5500030517578,179.05999755859375,163.25,168.38999938964844,167.0199737548828,23822086
2025-06-13,DGKC,165.0,168.5,161.10000610351562,165.4499969482422,164.10389709472656,11233272
2025-06-16,DGKC,165.4499969482422,165.4499969482422,165.4499969482422,165.4499969482422,164.10389709472656,0
2025-06-17,DGKC,165.5,169.8000030517578,160.25,162.4499969482422,161.1282958984375,10076009
2025-06-18,DGKC,159.5,160.99000549316406,156.0,156.41000366210938,155.137451171875,3887362
2025-06-19,DGKC,156.8000030517578,158.6999969482422,153.02000427246094,153.91000366210938,152.6577911376953,2118633
2025-06-20,DGKC,153.99000549316406,157.8000030517578,153.80999755859375,154.88999938964844,153.6298065185547,2580363
2025-06-23,DGKC,152.0,152.8000030517578,140.25,143.14999389648438,141.98532104492188,5712820
2025-06-24,DGKC,157.0,157.47000122070312,155.0,157.47000122070312,156.18882751464844,9529454
2025-06-25,DGKC,160.0500030517578,165.1999969482422,159.0,164.32000732421875,162.98309326171875,6527352
2025-06-26,DGKC,166.44000244140625,166.5,162.8000030517578,164.08999633789062,162.7549591064453,2212132
2025-06-27,DGKC,164.7899932861328,171.0,164.1699981689453,167.25999450683594,165.89915466308594,4621581
2025-06-30,DGKC,167.3000030517578,168.0,164.85000610351562,165.55999755859375,164.21299743652344,1933502
2025-07-01,DGKC,166.47000122070312,166.47000122070312,159.5500030517578,161.4600067138672,160.1463623046875,6539552
2025-07-02,DGKC,162.0,163.3000030517578,160.2100067138672,161.22999572753906,159.91822814941406,5122099
2025-07-03,DGKC,162.5,162.99000549316406,160.39999389648438,161.17999267578125,159.86862182617188,2237242
2025-07-04,DGKC,161.17999267578125,163.0,160.5,162.52000427246094,161.19773864746094,2007289
2025-07-07,DGKC,163.0,167.39999389648438,160.89999389648438,166.0,164.6494140625,9231384
2025-07-08,DGKC,166.5,171.1999969482422,164.10000610351562,168.19000244140625,166.8216094970703,6647475
2025-07-09,DGKC,167.89999389648438,169.39999389648438,167.0,168.22999572753906,166.86126708984375,3497483
2025-07-10,DGKC,168.0,170.0,167.50999450683594,168.80999755859375,167.43655395507812,1752507
2025-07-11,DGKC,169.24000549316406,176.5500030517578,168.8000030517578,170.75999450683594,169.3706817626953,9470432
2025-07-14,DGKC,170.8000030517578,174.0,168.07000732421875,170.55999755859375,169.1723175048828,2582765
2025-07-15,DGKC,170.55999755859375,171.5,167.63999938964844,170.74000549316406,169.35086059570312,3285314
2025-07-16,DGKC,171.0,173.5,170.00999450683594,171.92999267578125,170.53115844726562,2882140
2025-07-17,DGKC,172.0,173.99000549316406,170.6999969482422,173.33999633789062,171.92970275878906,4049693
2025-07-18,DGKC,173.33999633789062,174.97999572753906,169.8000030517578,171.8000030517578,170.40223693847656,2094370
2025-07-21,DGKC,171.5,172.39999389648438,170.3000030517578,171.22000122070312,169.8269500732422,696440
2025-07-22,DGKC,171.07000732421875,175.35000610351562,171.07000732421875,172.6999969482422,171.29490661621094,5685694
2025-07-23,DGKC,172.5,175.1999969482422,171.64999389648438,172.0800018310547,170.67994689941406,3129868
2025-07-24,DGKC,172.1999969482422,173.0,170.89999389648438,171.14999389648438,169.75750732421875,1656683
2025-07-25,DGKC,171.2100067138672,173.5,170.64999389648438,172.3699951171875,170.96759033203125,3094747
2025-07-28,DGKC,173.10000610351562,176.0,173.0,174.57000732421875,173.1497039794922,12307729
2025-07-29,DGKC,174.9499969482422,175.10000610351562,170.1999969482422,172.00999450683594,170.6105194091797,3681473
2025-07-30,DGKC,172.00999450683594,173.5,165.00999450683594,167.63999938964844,166.2760772705078,5353826
2025-07-31,DGKC,168.0,169.49000549316406,166.25,168.2100067138672,166.84144592285156,2840061
2025-08-01,DGKC,168.97000122070312,172.99000549316406,166.11000061035156,172.08999633789062,170.6898651123047,3020635
2025-08-04,DGKC,174.11000061035156,182.5,173.60000610351562,180.32000732421875,178.85292053222656,17378018
2025-08-05,DGKC,181.50999450683594,186.3300018310547,181.0,181.92999267578125,180.44979858398438,11908497
2025-08-06,DGKC,182.44000244140625,185.25,182.10000610351562,184.02000427246094,182.52281188964844,4520315
2025-08-07,DGKC,184.11000061035156,184.99000549316406,181.25,182.69000244140625,181.20362854003906,2154693
2025-08-08,DGKC,182.5,182.6999969482422,178.17999267578125,178.8699951171875,177.41470336914062,1968428
2025-08-11,DGKC,179.0,184.10000610351562,178.0,182.97000122070312,181.48135375976562,4082514
2025-08-12,DGKC,183.5,188.5,183.5,185.1199951171875,183.6138458251953,5908266
2025-08-13,DGKC,186.5,187.99000549316406,184.5,185.19000244140625,183.68328857421875,4642516
2025-08-15,DGKC,185.35000610351562,187.0,183.00999450683594,184.27999877929688,182.7806854248047,1507843
2025-08-18,DGKC,184.97999572753906,192.75,183.2899932861328,189.44000244140625,187.89871215820312,8147205
2025-08-19,DGKC,190.0,194.5,189.50999450683594,190.60000610351562,189.0492706298828,6630503
2025-08-20,DGKC,190.60000610351562,193.07000732421875,190.5500030517578,191.4499969482422,189.89234924316406,1739982
2025-08-21,DGKC,191.5,193.89999389648438,187.0,188.97000122070312,187.4325408935547,4622000
2025-08-22,DGKC,189.89999389648438,193.22000122070312,188.6999969482422,190.2100067138672,188.66244506835938,3017686
2025-08-25,DGKC,188.52000427246094,190.2100067138672,185.88999938964844,186.4499969482422,184.9330291748047,2101745
2025-08-26,DGKC,186.4499969482422,190.47999572753906,185.3000030517578,188.91000366210938,187.37303161621094,3057532
2025-08-27,DGKC,187.99000549316406,190.0,185.00999450683594,185.41000366210938,183.90150451660156,1975580
2025-08-28,DGKC,184.85000610351562,190.64999389648438,184.25,188.61000061035156,187.07546997070312,6110323
2025-08-29,DGKC,193.0,207.47000122070312,192.5,207.47000122070312,205.78201293945312,16112994
2025-09-01,DGKC,209.0,212.35000610351562,205.55999755859375,209.22000122070312,207.5177764892578,10329525
2025-09-02,DGKC,209.99000549316406,210.49000549316406,205.4499969482422,205.83999633789062,204.16526794433594,3903638
2025-09-03,DGKC,206.0,212.88999938964844,206.0,209.91000366210938,208.20216369628906,7326939
2025-09-04,DGKC,209.64999389648438,217.88999938964844,209.10000610351562,215.8300018310547,214.07400512695312,7394926
2025-09-05,DGKC,216.39999389648438,237.41000366210938,215.89999389648438,237.41000366210938,235.47842407226562,14974012
2025-09-08,DGKC,241.99000549316406,248.42999267578125,235.0500030517578,237.6699981689453,235.73631286621094,10727141
2025-09-09,DGKC,237.0500030517578,244.5,232.5,240.1199951171875,238.16636657714844,7190259
2025-09-10,DGKC,239.88999938964844,243.0,237.5,239.6999969482422,237.74978637695312,2556313
2025-09-11,DGKC,241.0,241.9499969482422,234.11000061035156,235.33999633789062,233.42526245117188,2066197
2025-09-12,DGKC,235.5,236.6999969482422,230.10000610351562,231.97000122070312,230.0826873779297,3165903
2025-09-15,DGKC,232.5,240.89999389648438,229.25,239.64999389648438,237.7001953125,3046277
2025-09-16,DGKC,240.99000549316406,244.24000549316406,239.66000366210938,242.14999389648438,240.1798553466797,4872143
2025-09-17,DGKC,243.0,244.25,239.64999389648438,240.47999572753906,238.5234375,1922452
2025-09-18,DGKC,241.0,248.6999969482422,240.47999572753906,246.07000732421875,244.06797790527344,4633615
2025-09-19,DGKC,247.0,248.0,241.97000122070312,244.5800018310547,242.590087890625,1667959
2025-09-22,DGKC,245.0,254.0,245.0,248.1699981689453,246.15087890625,3166548
2025-09-23,DGKC,248.1699981689453,248.1699981689453,248.1699981689453,248.1699981689453,246.15087890625,0
2025-09-24,DGKC,254.99000549316406,259.5,253.0,254.3000030517578,252.2310028076172,4227154
2025-09-25,DGKC,256.0,256.0,252.00999450683594,253.0,250.94158935546875,1741439
2025-09-26,DGKC,253.0,275.75,253.0,271.3999938964844,269.1918640136719,17196273
2025-09-29,DGKC,270.989990234375,274.0,261.75,264.55999755859375,262.40753173828125,8014282
2025-09-30,DGKC,265.79998779296875,274.0,261.9599914550781,265.4100036621094,263.2506103515625,14559255
2025-10-01,DGKC,267.0,267.5,256.0,259.8699951171875,257.75567626953125,7089151
2025-10-02,DGKC,260.0,263.3999938964844,255.5,257.3800048828125,255.28594970703125,3165812
2025-10-03,DGKC,259.3500061035156,262.70001220703125,254.6999969482422,256.1499938964844,254.06594848632812,3205607
2025-10-06,DGKC,256.010009765625,257.25,250.0,251.60000610351562,249.552978515625,2927932
2025-10-07,DGKC,251.60000610351562,251.60000610351562,251.60000610351562,251.60000610351562,249.552978515625,0
2025-10-08,DGKC,243.74000549316406,248.39999389648438,241.10000610351562,243.44000244140625,241.45936584472656,1736907
2025-10-09,DGKC,244.0,247.0,240.1699981689453,240.97999572753906,239.01937866210938,1296909
2025-10-10,DGKC,240.00999450683594,252.1199951171875,235.89999389648438,245.82000732421875,243.82000732421875,3656287
2025-10-13,DGKC,237.64999389648438,241.39999389648438,230.00999450683594,238.25,238.25,10104747
2025-10-14,DGKC,242.0,251.0,241.10000610351562,249.75,249.75,2900061
2025-10-15,DGKC,250.1300048828125,251.89999389648438,243.00999450683594,244.19000244140625,244.19000244140625,2205787
2025-10-16,DGKC,245.0,247.85000610351562,242.5,244.1699981689453,244.1699981689453,1421176
2025-10-17,DGKC,244.0,245.27999877929688,238.3000030517578,241.27000427246094,241.27000427246094,4310094
2025-10-20,DGKC,240.25999450683594,246.5,239.6999969482422,240.49000549316406,240.49000549316406,2694618
2025-10-21,DGKC,241.77000427246094,243.49000549316406,238.2100067138672,239.97999572753906,239.97999572753906,1542760
2025-10-22,DGKC,239.97999572753906,242.0,239.0,239.92999267578125,239.92999267578125,777799
2025-10-23,DGKC,239.89999389648438,239.89999389648438,236.0,236.07000732421875,236.07000732421875,1346775
2025-10-24,DGKC,237.99000549316406,237.99000549316406,233.52000427246094,234.27999877929688,234.27999877929688,608890
2025-10-27,DGKC,233.75,238.5,231.00999450683594,234.8800048828125,234.8800048828125,742569
2025-10-28,DGKC,234.0,237.5,231.6999969482422,232.19000244140625,232.19000244140625,641759
2025-10-29,DGKC,232.0,233.27000427246094,222.5500030517578,225.0500030517578,225.0500030517578,1446207
2025-10-30,DGKC,226.5,228.0,215.3000030517578,216.4199981689453,216.4199981689453,3211047
2025-10-31,DGKC,218.00999450683594,223.0,217.50999450683594,221.67999267578125,221.67999267578125,1623907
2025-11-03,DGKC,222.0,224.0,217.75,219.10000610351562,219.10000610351562,1570454
2025-11-04,DGKC,219.39999389648438,220.89999389648438,216.10000610351562,219.10000610351562,219.10000610351562,1406089
2025-11-05,DGKC,219.0,221.39999389648438,212.50999450683594,214.86000061035156,214.86000061035156,2212199
2025-11-06,DGKC,217.99000549316406,217.99000549316406,210.16000366210938,214.22000122070312,214.22000122070312,1028474
2025-11-07,DGKC,214.5,217.25,213.05999755859375,214.17999267578125,214.17999267578125,1385228
2025-11-10,DGKC,215.89999389648438,219.89999389648438,213.5,216.99000549316406,216.99000549316406,2005541
2025-11-11,DGKC,217.0,217.0,210.75,211.97999572753906,211.97999572753906,1914170
2025-11-12,DGKC,211.89999389648438,214.85000610351562,208.2899932861328,209.6699981689453,209.6699981689453,1439911
2025-11-13,DGKC,213.0,229.4499969482422,212.77000427246094,228.17999267578125,228.17999267578125,11784663
2025-11-14,DGKC,229.25,230.75,223.39999389648438,227.2899932861328,227.2899932861328,5885598
2025-11-17,DGKC,227.0,228.5,220.10000610351562,221.5500030517578,221.5500030517578,1897227
2025-11-18,DGKC,220.25,227.4499969482422,219.1199951171875,223.77000427246094,223.77000427246094,2847722
2025-11-19,DGKC,224.99000549316406,226.5,220.14999389648438,220.97000122070312,220.97000122070312,2486451
2025-11-20,DGKC,222.0,225.0,220.97000122070312,222.38999938964844,222.38999938964844,1683583
2025-11-21,DGKC,223.0,223.0,218.5800018310547,219.75,219.75,901910
2025-11-24,DGKC,219.6999969482422,221.8000030517578,217.6999969482422,218.3000030517578,218.3000030517578,595717
2025-11-25,DGKC,218.35000610351562,218.80999755859375,214.32000732421875,216.80999755859375,216.80999755859375,985924
2025-11-26,DGKC,217.74000549316406,219.89999389648438,215.00999450683594,219.17999267578125,219.17999267578125,1313748
2025-11-27,DGKC,219.39999389648438,223.0,218.0,221.8800048828125,221.8800048828125,732302
2025-11-28,DGKC,222.10000610351562,226.8000030517578,222.10000610351562,225.8300018310547,225.8300018310547,1396736
2025-12-01,DGKC,223.0,231.99000549316406,223.0,228.6699981689453,228.6699981689453,2786509
2025-12-02,DGKC,229.47000122070312,234.89999389648438,226.7100067138672,229.38999938964844,229.38999938964844,2389419
2025-12-03,DGKC,230.0,231.5,226.80999755859375,227.41000366210938,227.41000366210938,1208440
2025-12-04,DGKC,227.41000366210938,232.5,227.41000366210938,231.25,231.25,1590387
2025-12-05,DGKC,233.0,238.64999389648438,232.00999450683594,234.2100067138672,234.2100067138672,3627742
2025-12-08,DGKC,234.39999389648438,242.5800018310547,234.39999389648438,241.88999938964844,241.88999938964844,5389268
2025-12-09,DGKC,242.24000549316406,248.0,242.0,243.16000366210938,243.16000366210938,4994226
2025-12-10,DGKC,242.0,253.60000610351562,241.99000549316406,248.25,248.25,9339676
2025-12-11,DGKC,247.97999572753906,247.97999572753906,243.14999389648438,243.77000427246094,243.77000427246094,3350874
2025-12-12,DGKC,243.77000427246094,245.5,241.22000122070312,242.0399932861328,242.0399932861328,2517431
2025-12-15,DGKC,241.99000549316406,246.75999450683594,241.02000427246094,244.82000732421875,244.82000732421875,4260942
2025-12-16,DGKC,249.0,251.39999389648438,241.1999969482422,242.5800018310547,242.5800018310547,4697149
2025-12-17,DGKC,242.5,244.99000549316406,238.1199951171875,241.8300018310547,241.8300018310547,2297067
2025-12-18,DGKC,242.99000549316406,248.3000030517578,240.99000549316406,245.2100067138672,245.2100067138672,2882194
2025-12-19,DGKC,249.0,256.0,242.47999572753906,244.1300048828125,244.1300048828125,14209925
2025-12-22,DGKC,245.88999938964844,246.8000030517578,242.85000610351562,244.50999450683594,244.50999450683594,3715832
2025-12-23,DGKC,246.0,247.0500030517578,243.60000610351562,244.8800048828125,244.8800048828125,1541152
2025-12-24,DGKC,245.0,245.89999389648438,243.05999755859375,244.02999877929688,244.02999877929688,775079
2025-12-26,DGKC,243.0,249.47999572753906,243.0,248.0,248.0,1703073
2025-12-29,DGKC,248.0,250.0,244.77000427246094,245.69000244140625,245.69000244140625,1331833
2025-12-30,DGKC,246.8000030517578,246.8000030517578,237.89999389648438,238.63999938964844,238.63999938964844,5608220
2025-12-31,DGKC,240.8000030517578,240.8000030517578,229.0,229.91000366210938,229.91000366210938,10632750
