Date,Symbol,Open,High,Low,Close,Adj Close,Volume
2015-01-01,FFC,117.11000061035156,118.58000183105469,117.11000061035156,118.11000061035156,34.993831634521484,582100
2015-01-02,FFC,118.4800033569336,120.4800033569336,118.19999694824219,119.43000030517578,35.3848991394043,713000
2015-01-05,FFC,119.9000015258789,121.58000183105469,119.5,120.04000091552734,35.56565475463867,1800600
2015-01-06,FFC,120.1500015258789,120.9000015258789,118.5,119.75,35.4797248840332,1120000
2015-01-07,FFC,119.97000122070312,120.13999938964844,119.20999908447266,119.41999816894531,35.38195037841797,706000
2015-01-08,FFC,119.5,120.16999816894531,119.01000213623047,119.9800033569336,35.547874450683594,2429200
2015-01-09,FFC,119.69999694824219,120.69999694824219,119.69999694824219,120.5,35.70194625854492,1382900
2015-01-12,FFC,120.75,122.25,120.25,121.0999984741211,35.87971496582031,1721600
2015-01-13,FFC,121.25,121.94999694824219,120.75,121.44000244140625,35.98044967651367,1001400
2015-01-14,FFC,121.5,122.16999816894531,121.19999694824219,121.45999908447266,35.986366271972656,1130300
2015-01-15,FFC,121.5999984741211,122.69999694824219,121.5999984741211,122.19000244140625,36.2026481628418,1137300
2015-01-16,FFC,122.0999984741211,123.30000305175781,122.0999984741211,123.11000061035156,36.47523880004883,1048600
2015-01-19,FFC,122.80000305175781,124.9000015258789,122.80000305175781,124.08999633789062,36.76557922363281,1269500
2015-01-20,FFC,124.75,127.0,124.01000213623047,126.36000061035156,37.43815231323242,3802100
2015-01-21,FFC,126.94000244140625,132.6699981689453,126.94000244140625,131.9499969482422,39.09436798095703,18187100
2015-01-22,FFC,131.58999633789062,132.25,129.0,129.6300048828125,38.40699768066406,5003000
2015-01-23,FFC,129.25,131.60000610351562,128.8000030517578,130.10000610351562,38.54624557495117,2981900
2015-01-26,FFC,133.00999450683594,136.4499969482422,132.5,135.02000427246094,40.003944396972656,7502800
2015-01-27,FFC,135.38999938964844,137.8000030517578,133.5,135.5,40.14616012573242,5547900
2015-01-28,FFC,135.5,136.5,135.10000610351562,135.50999450683594,40.14912796020508,2475500
2015-01-29,FFC,135.75,136.5,132.39999389648438,132.94000244140625,39.3876838684082,3232600
2015-01-30,FFC,133.5,135.5500030517578,128.50999450683594,131.8699951171875,39.070655822753906,12130700
2015-02-02,FFC,132.25,133.3000030517578,131.74000549316406,132.38999938964844,39.2247314453125,4326700
2015-02-03,FFC,132.25999450683594,134.5,132.25999450683594,134.10000610351562,39.731380462646484,4612800
2015-02-04,FFC,135.0,137.75,134.60000610351562,136.1999969482422,40.35355758666992,6205100
2015-02-05,FFC,136.1999969482422,136.1999969482422,136.1999969482422,136.1999969482422,40.35355758666992,0
2015-02-06,FFC,137.0,139.99000549316406,136.99000549316406,137.9499969482422,40.872047424316406,4988900
2015-02-09,FFC,139.19000244140625,139.1999969482422,136.8000030517578,137.11000061035156,40.6231803894043,2186800
2015-02-10,FFC,137.16000366210938,138.99000549316406,135.5,137.77000427246094,40.818729400634766,2192900
2015-02-11,FFC,138.25,139.39999389648438,135.5,135.89999389648438,40.26467514038086,1640800
2015-02-12,FFC,136.75,137.0500030517578,132.9499969482422,136.5500030517578,40.4572639465332,3358200
2015-02-13,FFC,137.0,137.60000610351562,135.5,135.83999633789062,40.24690246582031,1264100
2015-02-16,FFC,136.4499969482422,136.50999450683594,135.0,135.58999633789062,40.17282485961914,815300
2015-02-17,FFC,135.75,136.69000244140625,135.5,136.32000732421875,40.389122009277344,660800
2015-02-18,FFC,136.1699981689453,136.5,135.0,135.35000610351562,40.10173797607422,427600
2015-02-19,FFC,135.1199951171875,136.5,135.0,136.17999267578125,40.34764099121094,241900
2015-02-20,FFC,135.64999389648438,138.1999969482422,135.64999389648438,136.3800048828125,40.40688705444336,896100
2015-02-23,FFC,136.99000549316406,137.88999938964844,136.5,137.57000732421875,40.75947189331055,853200
2015-02-24,FFC,137.14999389648438,138.89999389648438,137.14999389648438,138.05999755859375,40.90464401245117,1790500
2015-02-25,FFC,138.49000549316406,142.1999969482422,138.1999969482422,141.50999450683594,41.92681884765625,4893500
2015-02-26,FFC,142.47000122070312,144.2100067138672,141.89999389648438,142.1999969482422,42.13125228881836,3219300
2015-02-27,FFC,142.5,142.7899932861328,140.5500030517578,141.02999877929688,41.78459548950195,1112700
2015-03-02,FFC,141.89999389648438,142.0,135.89999389648438,137.1300048828125,40.62910842895508,2324200
2015-03-03,FFC,137.10000610351562,140.4499969482422,136.75,139.60000610351562,41.36091613769531,3094800
2015-03-04,FFC,140.6999969482422,142.85000610351562,140.3000030517578,141.44000244140625,41.906097412109375,1847600
2015-03-05,FFC,141.5,144.5,141.10000610351562,144.0,42.66456604003906,2353300
2015-03-06,FFC,144.0,147.10000610351562,144.0,144.77999877929688,42.895652770996094,2124200
2015-03-09,FFC,145.10000610351562,145.5,142.3000030517578,142.6699981689453,42.270503997802734,1308500
2015-03-10,FFC,139.1999969482422,139.1999969482422,133.0,134.99000549316406,41.00089645385742,3088900
2015-03-11,FFC,133.5,135.35000610351562,132.0,133.66000366210938,40.5969352722168,1905700
2015-03-12,FFC,134.0,134.85000610351562,130.0,133.38999938964844,40.51492691040039,2484500
2015-03-13,FFC,135.0,135.00999450683594,132.75,133.9600067138672,40.68804931640625,1194400
2015-03-16,FFC,134.0,134.5,131.5,131.9499969482422,40.07754898071289,663200
2015-03-17,FFC,132.0,134.97999572753906,131.0500030517578,133.6300048828125,40.58782958984375,1606400
2015-03-18,FFC,134.0,134.0,130.86000061035156,131.35000610351562,39.89530563354492,2815200
2015-03-19,FFC,131.4499969482422,133.5,131.0500030517578,132.61000061035156,40.27801513671875,789700
2015-03-20,FFC,133.0,139.1999969482422,133.0,138.99000549316406,42.21583938598633,2646700
2015-03-23,FFC,138.99000549316406,138.99000549316406,138.99000549316406,138.99000549316406,42.21583938598633,0
2015-03-24,FFC,139.99000549316406,145.8300018310547,139.99000549316406,142.42999267578125,43.26066970825195,3742500
2015-03-25,FFC,143.4499969482422,144.5,139.5500030517578,140.14999389648438,42.568153381347656,1767800
2015-03-26,FFC,142.0,142.10000610351562,134.0,138.0800018310547,41.9394416809082,3365000
2015-03-27,FFC,137.8000030517578,138.99000549316406,131.25,132.3000030517578,40.18385696411133,3463900
2015-03-30,FFC,131.0,133.85000610351562,125.69000244140625,126.91000366210938,38.54673767089844,3489200
2015-03-31,FFC,127.30000305175781,133.25,127.30000305175781,133.24000549316406,40.4693603515625,3451400
2015-04-01,FFC,133.89999389648438,137.0,131.50999450683594,135.1699981689453,41.0555534362793,2494900
2015-04-02,FFC,135.97999572753906,136.39999389648438,135.0,136.02000427246094,41.31373977661133,2273700
2015-04-03,FFC,136.5,136.9499969482422,134.50999450683594,135.41000366210938,41.12847137451172,921900
2015-04-06,FFC,135.8000030517578,137.10000610351562,134.75,136.30999755859375,41.401824951171875,2223700
2015-04-07,FFC,136.8800048828125,138.60000610351562,135.25,135.94000244140625,41.28944396972656,2686200
2015-04-08,FFC,137.0,138.38999938964844,136.52999877929688,136.8699951171875,41.57192611694336,1468700
2015-04-09,FFC,136.8699951171875,137.5500030517578,136.0,136.63999938964844,41.50205993652344,615200
2015-04-10,FFC,137.39999389648438,137.9499969482422,136.5,136.97000122070312,41.60228729248047,2557900
2015-04-13,FFC,136.50999450683594,136.89999389648438,135.75,136.2100067138672,41.37145233154297,931800
2015-04-14,FFC,136.5,136.5,135.25,135.52000427246094,41.16188049316406,1090700
2015-04-15,FFC,136.24000549316406,136.9499969482422,135.91000366210938,136.55999755859375,41.47775650024414,1004600
2015-04-16,FFC,137.5,141.5,137.5,140.85000610351562,42.7807731628418,3645300
2015-04-17,FFC,141.49000549316406,141.99000549316406,139.0,139.83999633789062,42.47400665283203,1856800
2015-04-20,FFC,140.5,141.4499969482422,138.0399932861328,138.38999938964844,42.03359603881836,2069900
2015-04-21,FFC,138.3000030517578,138.85000610351562,137.1999969482422,137.72000122070312,41.830101013183594,1093100
2015-04-22,FFC,137.60000610351562,138.25,136.75,137.36000061035156,41.72075271606445,2066400
2015-04-23,FFC,137.9499969482422,139.8000030517578,137.5,138.7100067138672,42.13078689575195,2150900
2015-04-24,FFC,138.89999389648438,140.17999267578125,137.85000610351562,138.17999267578125,41.96979904174805,1491800
2015-04-27,FFC,138.72999572753906,140.0,138.0,139.88999938964844,42.48918914794922,914300
2015-04-28,FFC,140.0,142.89999389648438,139.75,141.35000610351562,42.932640075683594,3649900
2015-04-29,FFC,141.14999389648438,142.0,140.5,141.27999877929688,42.911376953125,975800
2015-04-30,FFC,141.33999633789062,142.89999389648438,140.9499969482422,142.4499969482422,43.26675033569336,2571500
2015-05-01,FFC,142.4499969482422,142.4499969482422,142.4499969482422,142.4499969482422,43.26675033569336,0
2015-05-04,FFC,143.0,145.0800018310547,143.0,144.02999877929688,43.74665069580078,3920500
2015-05-05,FFC,144.75,144.85000610351562,142.11000061035156,143.7899932861328,43.673736572265625,1437100
2015-05-06,FFC,144.0,144.3000030517578,143.10000610351562,143.91000366210938,43.7101936340332,1467700
2015-05-07,FFC,144.0,144.89999389648438,142.75999450683594,142.97000122070312,43.42470169067383,1622100
2015-05-08,FFC,143.11000061035156,143.89999389648438,142.6999969482422,142.9600067138672,43.42165756225586,778600
2015-05-11,FFC,143.0,143.0,140.10000610351562,140.66000366210938,42.723060607910156,1611700
2015-05-12,FFC,141.0,143.0,140.3000030517578,142.41000366210938,43.25459289550781,1254600
2015-05-13,FFC,142.85000610351562,143.5,142.39999389648438,142.77000427246094,43.36394500732422,657000
2015-05-14,FFC,143.0,145.7899932861328,143.0,144.16000366210938,43.78612518310547,3705700
2015-05-15,FFC,141.5,141.5,139.1999969482422,139.75999450683594,43.64249801635742,528300
2015-05-18,FFC,140.0,141.64999389648438,139.6999969482422,141.4499969482422,44.170223236083984,787900
2015-05-19,FFC,141.39999389648438,141.75,138.89999389648438,140.0800018310547,43.74240493774414,1219800
2015-05-20,FFC,140.1999969482422,140.1999969482422,138.60000610351562,138.91000366210938,43.3770637512207,761800
2015-05-21,FFC,139.35000610351562,139.58999633789062,138.50999450683594,139.24000549316406,43.4801025390625,269500
2015-05-22,FFC,139.89999389648438,139.89999389648438,138.39999389648438,139.1300048828125,43.445770263671875,532300
2015-05-25,FFC,141.0,142.0,140.50999450683594,140.97000122070312,44.020328521728516,1721400
2015-05-26,FFC,140.5,141.0,139.49000549316406,140.32000732421875,43.81736755371094,566400
2015-05-27,FFC,140.89999389648438,141.49000549316406,140.5,140.91000366210938,44.00160217285156,978500
2015-05-28,FFC,141.0,141.02000427246094,139.9499969482422,140.4600067138672,43.8610725402832,676800
2015-05-29,FFC,140.1999969482422,140.60000610351562,139.5,140.47000122070312,43.86421203613281,1704700
2015-06-01,FFC,140.5,141.69000244140625,140.11000061035156,141.4600067138672,44.173336029052734,603900
2015-06-02,FFC,141.3000030517578,142.99000549316406,141.2100067138672,142.00999450683594,44.34507369995117,1676400
2015-06-03,FFC,141.89999389648438,143.0,141.89999389648438,142.22000122070312,44.410667419433594,1042700
2015-06-04,FFC,142.5,143.10000610351562,142.27999877929688,142.97000122070312,44.64487075805664,718300
2015-06-05,FFC,142.97000122070312,142.97000122070312,142.97000122070312,142.97000122070312,44.64487075805664,0
2015-06-08,FFC,142.97000122070312,142.97000122070312,142.97000122070312,142.97000122070312,44.64487075805664,0
2015-06-09,FFC,144.10000610351562,147.9499969482422,144.10000610351562,147.41000366210938,46.03133010864258,2182700
2015-06-10,FFC,147.4499969482422,150.19000244140625,147.4499969482422,149.38999938964844,46.64962387084961,2361000
2015-06-11,FFC,150.0,155.89999389648438,149.75,154.7899932861328,48.33587646484375,4975500
2015-06-12,FFC,156.25,159.8000030517578,155.1999969482422,158.8699951171875,49.60991668701172,4580200
2015-06-15,FFC,159.27000427246094,159.75,153.9499969482422,154.83999633789062,48.351497650146484,2278700
2015-06-16,FFC,154.64999389648438,154.75,149.5,151.14999389648438,47.199222564697266,4491600
2015-06-17,FFC,151.0,154.6999969482422,150.0,153.69000244140625,47.99235916137695,3137300
2015-06-18,FFC,153.89999389648438,155.77999877929688,153.85000610351562,155.30999755859375,48.498252868652344,1446200
2015-06-19,FFC,155.5,156.00999450683594,154.11000061035156,155.0,48.40143966674805,351400
2015-06-22,FFC,155.0,155.0,151.11000061035156,152.74000549316406,47.69572067260742,546800
2015-06-23,FFC,152.60000610351562,153.75,151.5,151.7899932861328,47.399070739746094,1717000
2015-06-24,FFC,151.61000061035156,152.3000030517578,150.0,150.22999572753906,46.91192626953125,1384400
2015-06-25,FFC,150.5,150.5,148.10000610351562,148.72000122070312,46.44040298461914,1154900
2015-06-26,FFC,148.00999450683594,149.0,148.0,148.57000732421875,46.3935661315918,915700
2015-06-29,FFC,149.0,150.0,148.75,149.67999267578125,46.740169525146484,554400
2015-06-30,FFC,150.0,151.14999389648438,148.5,149.4199981689453,46.65900421142578,794400
2015-07-01,FFC,150.10000610351562,151.6999969482422,150.10000610351562,150.91000366210938,47.12427520751953,633800
2015-07-02,FFC,151.5,153.99000549316406,151.25,152.97999572753906,47.77066421508789,2222600
2015-07-03,FFC,152.75,154.0,151.77000427246094,152.25999450683594,47.545833587646484,640600
2015-07-06,FFC,152.0,152.39999389648438,150.50999450683594,151.7100067138672,47.37409591674805,758700
2015-07-07,FFC,152.69000244140625,153.0,151.5,151.5500030517578,47.324119567871094,1033100
2015-07-08,FFC,151.1999969482422,152.0,150.0,150.91000366210938,47.12427520751953,613200
2015-07-09,FFC,151.0,151.5,150.5,150.67999267578125,47.05244827270508,432900
2015-07-10,FFC,151.10000610351562,151.5,150.0500030517578,150.39999389648438,46.96500778198242,338700
2015-07-13,FFC,151.10000610351562,156.47999572753906,150.39999389648438,154.83999633789062,48.351497650146484,5006800
2015-07-14,FFC,154.60000610351562,155.6999969482422,154.0,154.8000030517578,48.3390007019043,1937800
2015-07-15,FFC,154.89999389648438,155.0,153.5,153.89999389648438,48.057945251464844,940000
2015-07-16,FFC,154.5399932861328,154.5399932861328,152.1999969482422,152.94000244140625,47.758174896240234,841900
2015-07-17,FFC,152.94000244140625,152.94000244140625,152.94000244140625,152.94000244140625,47.758174896240234,0
2015-07-20,FFC,152.94000244140625,152.94000244140625,152.94000244140625,152.94000244140625,47.758174896240234,0
2015-07-21,FFC,152.94000244140625,152.94000244140625,152.94000244140625,152.94000244140625,47.758174896240234,0
2015-07-22,FFC,152.00999450683594,153.83999633789062,151.10000610351562,151.94000244140625,47.4459114074707,1732400
2015-07-23,FFC,152.10000610351562,153.39999389648438,151.85000610351562,152.1300048828125,47.50523376464844,3086200
2015-07-24,FFC,152.8000030517578,152.8000030517578,151.00999450683594,151.13999938964844,47.19610595703125,640900
2015-07-27,FFC,151.60000610351562,151.60000610351562,147.85000610351562,148.50999450683594,46.37482452392578,1279400
2015-07-28,FFC,148.75,149.9499969482422,147.89999389648438,148.22000122070312,46.284263610839844,1183200
2015-07-29,FFC,147.89999389648438,151.0,147.89999389648438,150.72999572753906,47.06805419921875,1524500
2015-07-30,FFC,151.0,152.0,143.49000549316406,144.42999267578125,45.10078048706055,4197400
2015-07-31,FFC,144.10000610351562,147.0,142.0500030517578,146.8300018310547,45.8502197265625,1094500
2015-08-03,FFC,147.47999572753906,147.47999572753906,144.10000610351562,144.47000122070312,45.11326599121094,734800
2015-08-04,FFC,144.97999572753906,146.60000610351562,144.5,145.97999572753906,45.584800720214844,931700
2015-08-05,FFC,146.94000244140625,148.0,144.8000030517578,145.69000244140625,45.49423599243164,2276200
2015-08-06,FFC,145.91000366210938,146.5,144.6999969482422,145.58999633789062,45.46302032470703,443600
2015-08-07,FFC,145.10000610351562,146.5,145.10000610351562,146.16000366210938,45.64101028442383,240700
2015-08-10,FFC,146.75,147.1999969482422,145.2100067138672,145.52999877929688,45.44426345825195,402200
2015-08-11,FFC,145.99000549316406,147.0,145.99000549316406,146.85000610351562,45.8564567565918,517900
2015-08-12,FFC,146.5,147.0,144.8000030517578,145.2100067138672,45.34434127807617,769100
2015-08-13,FFC,145.1199951171875,146.0,145.11000061035156,145.44000244140625,45.416168212890625,208000
2015-08-14,FFC,145.44000244140625,145.44000244140625,145.44000244140625,145.44000244140625,45.416168212890625,0
2015-08-17,FFC,145.5,146.1999969482422,143.02999877929688,143.8300018310547,44.913414001464844,690900
2015-08-18,FFC,143.99000549316406,143.99000549316406,140.14999389648438,141.02999877929688,44.03908157348633,2107900
2015-08-19,FFC,141.11000061035156,141.5,140.0,140.52999877929688,43.8829345703125,1296800
2015-08-20,FFC,140.60000610351562,141.0,139.39999389648438,140.00999450683594,43.72055435180664,872800
2015-08-21,FFC,139.5,140.0,137.0,137.1199951171875,42.81809997558594,2358600
2015-08-24,FFC,136.0,136.0,130.27000427246094,130.27000427246094,40.6790657043457,3137300
2015-08-25,FFC,130.25,136.77999877929688,129.5,136.17999267578125,42.52457046508789,2079000
2015-08-26,FFC,138.0,138.0,134.8000030517578,135.99000549316406,42.46523666381836,493700
2015-08-27,FFC,135.25,137.89999389648438,135.25,136.82000732421875,42.72442626953125,309900
2015-08-28,FFC,137.1999969482422,138.99000549316406,136.9199981689453,137.02999877929688,42.78999710083008,1178100
2015-08-31,FFC,137.5,138.39999389648438,136.00999450683594,137.83999633789062,43.04294204711914,1152100
2015-09-01,FFC,136.0,136.0,132.3000030517578,133.57000732421875,41.70954513549805,2025400
2015-09-02,FFC,134.8000030517578,136.0,133.64999389648438,135.5,42.312232971191406,879500
2015-09-03,FFC,135.99000549316406,136.6999969482422,135.0800018310547,135.2899932861328,42.24665451049805,536000
2015-09-04,FFC,135.39999389648438,135.97999572753906,131.0,133.97000122070312,41.83446502685547,712800
2015-09-07,FFC,134.0,134.0,129.0,130.64999389648438,40.79772186279297,1213400
2015-09-08,FFC,131.10000610351562,132.3000030517578,129.61000061035156,131.94000244140625,41.20056915283203,1109600
2015-09-09,FFC,133.0,133.8000030517578,131.6999969482422,132.47000122070312,41.366058349609375,934500
2015-09-10,FFC,132.10000610351562,132.5,131.1999969482422,131.88999938964844,41.18494415283203,371000
2015-09-11,FFC,132.89999389648438,132.89999389648438,130.89999389648438,131.02999877929688,40.91640090942383,539900
2015-09-14,FFC,132.39999389648438,133.74000549316406,132.0,132.16000366210938,41.26926040649414,710000
2015-09-15,FFC,132.0,135.10000610351562,131.5,132.08999633789062,41.24739074707031,1291500
2015-09-16,FFC,132.38999938964844,132.8000030517578,131.0,131.6699981689453,41.11623764038086,382600
2015-09-17,FFC,132.5,132.50999450683594,128.5,129.0500030517578,40.298118591308594,1865300
2015-09-18,FFC,129.9499969482422,129.9499969482422,126.9000015258789,127.43000030517578,39.79222869873047,528200
2015-09-21,FFC,127.01000213623047,128.60000610351562,127.0,127.2300033569336,39.72978591918945,866800
2015-09-22,FFC,126.9000015258789,126.9000015258789,124.5,124.87000274658203,39.53663635253906,811800
2015-09-23,FFC,124.0999984741211,125.5,124.0999984741211,125.0,39.57780075073242,566800
2015-09-24,FFC,125.0,125.0,125.0,125.0,39.57780075073242,0
2015-09-25,FFC,125.0,125.0,125.0,125.0,39.57780075073242,0
2015-09-28,FFC,125.11000061035156,125.26000213623047,121.1500015258789,121.9800033569336,38.621604919433594,2577200
2015-09-29,FFC,121.73999786376953,124.0,120.51000213623047,123.69999694824219,39.166202545166016,1511100
2015-09-30,FFC,124.5,125.5,121.04000091552734,123.44999694824219,39.087032318115234,1283000
2015-10-01,FFC,123.98999786376953,124.5999984741211,123.69999694824219,124.25,39.340335845947266,962400
2015-10-02,FFC,124.5,129.97999572753906,124.0,128.2100067138672,40.59416580200195,1205800
2015-10-05,FFC,129.0,129.00999450683594,122.61000061035156,123.3499984741211,39.05537414550781,2271700
2015-10-06,FFC,123.62000274658203,124.83999633789062,123.05999755859375,124.02999877929688,39.27068328857422,2024500
2015-10-07,FFC,124.5,125.0,123.5,123.94000244140625,39.24217987060547,875100
2015-10-08,FFC,123.80000305175781,124.5,123.51000213623047,123.80000305175781,39.19784927368164,504700
2015-10-09,FFC,124.19999694824219,126.0,124.19999694824219,125.63999938964844,39.78042221069336,1084600
2015-10-12,FFC,126.0,129.6999969482422,125.0,129.4600067138672,40.989925384521484,1509500
2015-10-13,FFC,129.0,129.5,126.69999694824219,126.8499984741211,40.163551330566406,1012000
2015-10-14,FFC,126.80000305175781,127.30000305175781,126.1500015258789,126.4000015258789,40.02107238769531,229800
2015-10-15,FFC,126.5,126.98999786376953,126.08000183105469,126.4000015258789,40.02107238769531,184100
2015-10-16,FFC,126.30999755859375,127.75,123.52999877929688,125.18000030517578,39.634796142578125,1583600
2015-10-19,FFC,125.26000213623047,125.94999694824219,124.91000366210938,125.08000183105469,39.60313415527344,408900
2015-10-20,FFC,124.6500015258789,125.94999694824219,124.12999725341797,125.18000030517578,39.634796142578125,340300
2015-10-21,FFC,125.1500015258789,126.19999694824219,124.86000061035156,125.61000061035156,39.77093505859375,311800
2015-10-22,FFC,125.75,126.4000015258789,125.11000061035156,125.7699966430664,39.821590423583984,426800
2015-10-23,FFC,125.7699966430664,125.7699966430664,125.7699966430664,125.7699966430664,39.821590423583984,0
2015-10-26,FFC,125.5,126.0,124.5,124.69000244140625,39.47964859008789,535100
2015-10-27,FFC,124.5199966430664,125.0,123.0,123.05999755859375,38.96356201171875,998500
2015-10-28,FFC,123.19999694824219,126.5,123.0,126.13999938964844,39.938751220703125,2121700
2015-10-29,FFC,126.51000213623047,127.0,125.0,126.2300033569336,39.967254638671875,2406300
2015-10-30,FFC,126.80000305175781,126.80000305175781,125.3499984741211,125.51000213623047,39.739288330078125,1346100
2015-11-02,FFC,125.9000015258789,127.11000061035156,125.80000305175781,126.4000015258789,40.02107238769531,483600
2015-11-03,FFC,126.9000015258789,127.0,125.12000274658203,125.48999786376953,39.73295211791992,1824000
2015-11-04,FFC,125.94999694824219,126.0999984741211,125.62999725341797,125.72000122070312,39.80575942993164,376600
2015-11-05,FFC,126.0,126.0,124.9000015258789,125.38999938964844,39.70127868652344,764600
2015-11-06,FFC,125.69999694824219,125.8499984741211,125.19999694824219,125.63999938964844,39.78042221069336,320900
2015-11-09,FFC,125.63999938964844,125.63999938964844,125.63999938964844,125.63999938964844,39.78042221069336,0
2015-11-10,FFC,125.4000015258789,125.4000015258789,123.25,123.55000305175781,39.11869812011719,1201800
2015-11-11,FFC,123.12000274658203,123.12000274658203,122.0,122.38999938964844,38.75141525268555,2293000
2015-11-12,FFC,122.4000015258789,124.4800033569336,122.4000015258789,123.48999786376953,39.099708557128906,931800
2015-11-13,FFC,124.0,124.0,122.25,122.54000091552734,38.798912048339844,702500
2015-11-16,FFC,122.5,122.5,121.25,121.73999786376953,38.54560470581055,1049200
2015-11-17,FFC,121.5,122.5999984741211,121.5,121.88999938964844,38.59311294555664,1142000
2015-11-18,FFC,122.01000213623047,122.01000213623047,120.12000274658203,120.5,38.15300369262695,1782000
2015-11-19,FFC,120.80000305175781,121.38999938964844,120.25,121.1500015258789,38.35879898071289,248700
2015-11-20,FFC,121.30000305175781,122.5,121.16000366210938,121.5999984741211,38.50127410888672,595100
2015-11-23,FFC,121.9800033569336,122.9000015258789,121.5999984741211,122.38999938964844,38.75141525268555,435400
2015-11-24,FFC,122.0999984741211,123.25,122.0999984741211,122.9000015258789,38.91288375854492,595100
2015-11-25,FFC,122.9000015258789,123.0,121.69999694824219,121.94999694824219,38.612098693847656,941400
2015-11-26,FFC,122.0,122.80000305175781,121.5,122.0199966430664,38.63426208496094,439200
2015-11-27,FFC,122.0,122.5,121.5,121.5999984741211,38.50127410888672,361400
2015-11-30,FFC,121.69999694824219,121.94999694824219,120.0,120.13999938964844,38.03901290893555,1089800
2015-12-01,FFC,120.5,121.3499984741211,119.19999694824219,119.58999633789062,37.864871978759766,1218200
2015-12-02,FFC,120.9000015258789,121.0,118.19999694824219,120.54000091552734,38.165672302246094,1752200
2015-12-03,FFC,118.75,119.0,116.5,117.5,38.071693420410156,1022100
2015-12-04,FFC,117.9000015258789,118.08999633789062,117.0,117.44999694824219,38.05549240112305,727200
2015-12-07,FFC,117.6500015258789,120.4000015258789,117.5,118.79000091552734,38.489681243896484,1655500
2015-12-08,FFC,118.55000305175781,119.19999694824219,117.05000305175781,117.3499984741211,38.023101806640625,2268800
2015-12-09,FFC,117.83999633789062,118.23999786376953,116.25,116.56999969482422,37.7703742980957,1014000
2015-12-10,FFC,116.75,117.25,116.5,116.69999694824219,37.81248092651367,730500
2015-12-11,FFC,116.30000305175781,116.94999694824219,115.43000030517578,115.72000122070312,37.49495315551758,606900
2015-12-14,FFC,116.25,116.25,114.76000213623047,115.25,37.342674255371094,698400
2015-12-15,FFC,115.26000213623047,115.68000030517578,113.80000305175781,114.0,36.93764877319336,873100
2015-12-16,FFC,114.88999938964844,114.94999694824219,114.02999877929688,114.4800033569336,37.093170166015625,2973200
2015-12-17,FFC,114.69000244140625,115.0,114.25,114.5,37.09965896606445,2105700
2015-12-18,FFC,114.73999786376953,115.0,113.26000213623047,113.55999755859375,36.795082092285156,1298900
2015-12-21,FFC,113.5199966430664,113.5199966430664,112.0999984741211,112.45999908447266,36.438663482666016,859300
2015-12-22,FFC,112.97000122070312,113.05000305175781,109.75,111.19000244140625,36.02717208862305,3432400
2015-12-23,FFC,111.26000213623047,111.97000122070312,109.11000061035156,109.4000015258789,35.44717788696289,2963100
2015-12-24,FFC,109.4000015258789,109.4000015258789,109.4000015258789,109.4000015258789,35.44717788696289,0
2015-12-25,FFC,109.4000015258789,109.4000015258789,109.4000015258789,109.4000015258789,35.44717788696289,0
2015-12-28,FFC,109.6500015258789,114.87000274658203,109.6500015258789,114.87000274658203,37.21953201293945,2198700
2015-12-29,FFC,116.5,120.61000061035156,116.3499984741211,119.08999633789062,38.58688735961914,4999700
2015-12-30,FFC,120.01000213623047,120.01000213623047,117.25,118.45999908447266,38.38275146484375,1045500
2015-12-31,FFC,118.0,119.30000305175781,117.55000305175781,117.9800033569336,38.227210998535156,1274300
2016-01-01,FFC,118.0,119.69999694824219,117.16999816894531,118.75,38.47671127319336,688800
2016-01-04,FFC,118.9800033569336,119.0999984741211,116.7699966430664,116.9800033569336,37.9032096862793,750200
2016-01-05,FFC,115.6500015258789,117.0999984741211,114.5,116.6500015258789,37.79627990722656,609200
2016-01-06,FFC,116.61000061035156,117.0,115.0,116.04000091552734,37.598636627197266,662800
2016-01-07,FFC,115.8499984741211,115.8499984741211,114.05000305175781,114.5999984741211,37.132057189941406,495000
2016-01-08,FFC,114.3499984741211,116.19000244140625,114.3499984741211,115.97000122070312,37.57595443725586,660700
2016-01-11,FFC,116.0,116.5,115.5,116.3499984741211,37.69907760620117,254200
2016-01-12,FFC,116.0,116.19999694824219,114.0,115.4800033569336,37.41718673706055,438500
2016-01-13,FFC,115.94999694824219,116.30000305175781,114.8499984741211,115.06999969482422,37.28434371948242,935900
2016-01-14,FFC,114.55999755859375,114.98999786376953,112.0,112.52999877929688,36.461341857910156,881400
2016-01-15,FFC,112.98999786376953,113.94000244140625,111.73999786376953,111.9800033569336,36.28313446044922,746900
2016-01-18,FFC,112.0,112.0,108.52999877929688,109.33000183105469,35.42449951171875,2284600
2016-01-19,FFC,109.61000061035156,113.25,109.5,112.73999786376953,36.52939224243164,3914700
2016-01-20,FFC,112.98999786376953,112.98999786376953,109.01000213623047,109.83999633789062,35.589744567871094,4963900
2016-01-21,FFC,110.25,111.75,110.0999984741211,110.9000015258789,35.93320846557617,1186600
2016-01-22,FFC,111.0,111.58000183105469,109.75,109.91000366210938,35.612430572509766,940600
2016-01-25,FFC,110.36000061035156,111.68000030517578,110.11000061035156,110.51000213623047,35.80683517456055,896300
2016-01-26,FFC,110.69999694824219,114.4000015258789,110.05000305175781,113.80999755859375,36.8760871887207,1518700
2016-01-27,FFC,114.75,115.44999694824219,110.44999694824219,110.79000091552734,35.8975715637207,3580000
2016-01-28,FFC,110.80999755859375,112.87999725341797,110.80999755859375,112.5999984741211,36.4840202331543,1329600
2016-01-29,FFC,112.5999984741211,112.5999984741211,111.0,111.1500015258789,36.01420593261719,709500
2016-02-01,FFC,111.5,111.9000015258789,111.19000244140625,111.68000030517578,36.185935974121094,333800
2016-02-02,FFC,111.5999984741211,112.30000305175781,110.5,111.02999877929688,35.97533416748047,1308400
2016-02-03,FFC,110.80999755859375,111.44999694824219,110.0999984741211,110.66999816894531,35.858673095703125,750300
2016-02-04,FFC,111.16000366210938,111.69999694824219,111.0,111.08000183105469,35.99153518676758,718000
2016-02-05,FFC,111.08000183105469,111.08000183105469,111.08000183105469,111.08000183105469,35.99153518676758,0
2016-02-08,FFC,111.30000305175781,111.55000305175781,110.30999755859375,110.66000366210938,35.855438232421875,680600
2016-02-09,FFC,110.5,111.0,110.19999694824219,110.41999816894531,35.77767562866211,454500
2016-02-10,FFC,110.4000015258789,110.69999694824219,109.62000274658203,109.81999969482422,35.58326721191406,672300
2016-02-11,FFC,109.80000305175781,110.0,108.19999694824219,108.33999633789062,35.103729248046875,899100
2016-02-12,FFC,108.30000305175781,109.0,106.98999786376953,108.77999877929688,35.24628448486328,1237200
2016-02-15,FFC,109.5,109.8499984741211,109.0,109.54000091552734,35.4925422668457,409200
2016-02-16,FFC,109.69999694824219,109.95999908447266,107.01000213623047,107.55000305175781,34.8477668762207,928900
2016-02-17,FFC,108.0,108.0,104.30000305175781,105.04000091552734,34.034481048583984,2040400
2016-02-18,FFC,105.48999786376953,106.1500015258789,104.75,104.98999786376953,34.018280029296875,617200
2016-02-19,FFC,105.0999984741211,106.75,104.20999908447266,105.88999938964844,34.30988693237305,1231100
2016-02-22,FFC,105.55000305175781,106.0,104.5999984741211,104.77999877929688,33.95022964477539,418400
2016-02-23,FFC,105.25,105.5,104.4000015258789,105.25,34.10251998901367,465500
2016-02-24,FFC,105.05000305175781,107.25,105.0199966430664,107.05000305175781,34.685752868652344,667000
2016-02-25,FFC,107.0,107.25,105.19999694824219,105.80000305175781,34.28071594238281,669800
2016-02-26,FFC,105.5999984741211,107.69000244140625,105.5999984741211,107.16000366210938,34.72138595581055,1647500
2016-02-29,FFC,107.0999984741211,109.75,106.19999694824219,109.16999816894531,35.372657775878906,1746100
2016-03-01,FFC,109.4000015258789,110.05000305175781,108.37000274658203,109.33999633789062,35.4277458190918,2806700
2016-03-02,FFC,109.4000015258789,110.30000305175781,107.01000213623047,107.70999908447266,34.899600982666016,1661300
2016-03-03,FFC,107.6500015258789,109.19999694824219,107.6500015258789,108.05000305175781,35.00975799560547,3999600
2016-03-04,FFC,108.30000305175781,110.9800033569336,107.5,110.27999877929688,35.73231506347656,1279900
2016-03-07,FFC,110.75,115.0,110.75,114.08000183105469,36.963558197021484,2311000
2016-03-08,FFC,115.0,117.0,114.4000015258789,116.26000213623047,37.669918060302734,2197800
2016-03-09,FFC,115.5199966430664,117.87999725341797,115.5,116.86000061035156,37.86433029174805,1883900
2016-03-10,FFC,113.48999786376953,113.48999786376953,109.5199966430664,109.66000366210938,36.60263442993164,2371100
2016-03-11,FFC,109.5,110.19999694824219,108.19999694824219,109.62999725341797,36.59260177612305,692800
2016-03-14,FFC,109.9800033569336,109.9800033569336,108.75,108.93000030517578,36.35896682739258,551100
2016-03-15,FFC,109.0,109.0,106.0,106.94000244140625,35.69474792480469,2226800
2016-03-16,FFC,107.0,108.8499984741211,106.61000061035156,108.51000213623047,36.218772888183594,808100
2016-03-17,FFC,108.9000015258789,109.0,106.5,107.08000183105469,35.741458892822266,905200
2016-03-18,FFC,107.3499984741211,110.0,106.75,108.69000244140625,36.27886962890625,1670600
2016-03-21,FFC,108.5999984741211,109.0,107.80999755859375,108.0,36.04854965209961,457100
2016-03-22,FFC,108.0,108.0999984741211,106.26000213623047,106.61000061035156,35.584590911865234,1533200
2016-03-23,FFC,106.61000061035156,106.61000061035156,106.61000061035156,106.61000061035156,35.584590911865234,0
2016-03-24,FFC,107.0,107.0,106.04000091552734,106.73999786376953,35.62797546386719,365600
2016-03-25,FFC,106.8499984741211,107.19999694824219,105.98999786376953,106.12999725341797,35.424381256103516,1131200
2016-03-28,FFC,105.9000015258789,106.80000305175781,105.26000213623047,106.38999938964844,35.51116943359375,409100
2016-03-29,FFC,106.51000213623047,106.75,105.80000305175781,106.13999938964844,35.42771911621094,1316300
2016-03-30,FFC,106.48999786376953,106.5,105.94999694824219,106.08999633789062,35.41102600097656,2326400
2016-03-31,FFC,106.38999938964844,107.98999786376953,106.05000305175781,106.62000274658203,35.58793640136719,2645600
2016-04-01,FFC,106.05000305175781,107.54000091552734,106.05000305175781,107.41999816894531,35.854949951171875,459000
2016-04-04,FFC,107.30000305175781,110.7699966430664,107.30000305175781,109.73999786376953,36.62932586669922,1274200
2016-04-05,FFC,109.5,111.0,109.5,109.98999786376953,36.71278762817383,1624600
2016-04-06,FFC,110.05000305175781,110.9000015258789,109.4000015258789,109.7300033569336,36.6259880065918,907100
2016-04-07,FFC,109.55000305175781,109.9000015258789,108.75,109.4800033569336,36.542545318603516,811600
2016-04-08,FFC,109.30000305175781,109.69999694824219,109.01000213623047,109.54000091552734,36.56257629394531,270600
2016-04-11,FFC,109.44999694824219,109.8499984741211,108.9000015258789,109.26000213623047,36.4691162109375,599500
2016-04-12,FFC,109.0,109.38999938964844,108.4000015258789,109.18000030517578,36.442413330078125,917900
2016-04-13,FFC,109.1500015258789,109.4000015258789,108.52999877929688,108.91999816894531,36.35563278198242,1013700
2016-04-14,FFC,108.5999984741211,109.0,108.51000213623047,108.72000122070312,36.28887939453125,760500
2016-04-15,FFC,108.76000213623047,111.44999694824219,108.76000213623047,110.79000091552734,36.97980880737305,1649300
2016-04-18,FFC,110.5199966430664,111.48999786376953,109.9000015258789,110.55999755859375,36.903018951416016,406600
2016-04-19,FFC,110.79000091552734,110.9800033569336,109.75,109.91000366210938,36.68606948852539,448300
2016-04-20,FFC,110.0,110.75,109.70999908447266,110.38999938964844,36.846282958984375,449600
2016-04-21,FFC,110.69999694824219,110.73999786376953,108.69999694824219,108.93000030517578,36.35896682739258,584200
2016-04-22,FFC,109.0,109.19999694824219,108.41000366210938,108.55000305175781,36.23212814331055,372200
2016-04-25,FFC,108.91999816894531,109.19000244140625,107.0,107.5,35.88166046142578,525400
2016-04-26,FFC,107.97000122070312,108.0999984741211,105.44999694824219,105.5999984741211,35.24747085571289,2282900
2016-04-27,FFC,106.0999984741211,106.98999786376953,106.0,106.56999969482422,35.57123565673828,1443300
2016-04-28,FFC,106.70999908447266,107.4000015258789,105.30999755859375,105.66999816894531,35.27082824707031,1414700
2016-04-29,FFC,106.0999984741211,108.44999694824219,105.75,107.20999908447266,35.78486633300781,2315400
2016-05-02,FFC,107.75,108.0,106.30000305175781,106.4000015258789,35.514495849609375,650600
2016-05-03,FFC,106.38999938964844,106.75,106.1500015258789,106.4000015258789,35.514495849609375,351800
2016-05-04,FFC,106.30000305175781,107.69999694824219,106.30000305175781,107.44000244140625,35.86162185668945,1052400
2016-05-05,FFC,107.0999984741211,109.83999633789062,107.01000213623047,109.0,36.38233184814453,5336100
2016-05-06,FFC,109.0,114.0,109.0,112.11000061035156,37.42040252685547,6565000
2016-05-09,FFC,113.0,114.72000122070312,112.62999725341797,114.12000274658203,38.0912971496582,2774200
2016-05-10,FFC,114.19999694824219,115.88999938964844,113.51000213623047,114.97000122070312,38.37502670288086,2183500
2016-05-11,FFC,115.0,115.80000305175781,114.5,114.86000061035156,38.33830261230469,1091300
2016-05-12,FFC,115.0999984741211,115.51000213623047,113.12000274658203,113.58999633789062,37.914390563964844,1279500
2016-05-13,FFC,113.02999877929688,113.8499984741211,113.02999877929688,113.54000091552734,37.897705078125,700400
2016-05-16,FFC,113.5,113.5199966430664,112.44999694824219,112.69000244140625,37.613990783691406,548200
2016-05-17,FFC,113.0,113.3499984741211,112.5,112.56999969482422,37.57393264770508,584700
2016-05-18,FFC,112.55000305175781,114.94999694824219,112.55000305175781,114.04000091552734,38.064613342285156,782900
2016-05-19,FFC,114.55999755859375,116.87000274658203,114.5,116.33999633789062,38.83230209350586,3156300
2016-05-20,FFC,116.4800033569336,116.4800033569336,115.25,115.51000213623047,38.55525588989258,951000
2016-05-23,FFC,115.02999877929688,118.4800033569336,114.83999633789062,117.22000122070312,39.12602233886719,1262000
2016-05-24,FFC,117.5,118.0,116.5,116.97000122070312,39.04258346557617,1169100
2016-05-25,FFC,116.98999786376953,117.30000305175781,116.33999633789062,117.12999725341797,39.09598922729492,1247500
2016-05-26,FFC,116.5199966430664,118.5,116.5199966430664,117.26000213623047,39.139381408691406,1252100
2016-05-27,FFC,117.25,117.9000015258789,117.0,117.47000122070312,39.209476470947266,1370700
2016-05-30,FFC,117.5,117.79000091552734,116.0999984741211,116.22000122070312,38.792236328125,860900
2016-05-31,FFC,115.55000305175781,116.19999694824219,112.75,113.26000213623047,37.80424880981445,2446100
2016-06-01,FFC,113.5999984741211,114.9000015258789,113.5,114.48999786376953,38.21479415893555,428800
2016-06-02,FFC,114.9000015258789,117.25,114.5,117.0199966430664,39.059268951416016,1264400
2016-06-03,FFC,114.5,118.0999984741211,114.5,117.0,39.67989730834961,1728200
2016-06-06,FFC,118.9000015258789,122.73999786376953,118.5,121.44999694824219,41.18910217285156,3259100
2016-06-07,FFC,121.0,121.69999694824219,119.0,119.26000213623047,40.44636535644531,1113400
2016-06-08,FFC,119.5,119.94999694824219,117.51000213623047,117.98999786376953,40.01565933227539,1322100
2016-06-09,FFC,117.75,118.48999786376953,116.0,116.45999908447266,39.496761322021484,819200
2016-06-10,FFC,116.02999877929688,116.08999633789062,114.9000015258789,115.12000274658203,39.04231262207031,454700
2016-06-13,FFC,115.01000213623047,116.0,113.80000305175781,115.4800033569336,39.16440963745117,508600
2016-06-14,FFC,115.47000122070312,118.69999694824219,115.47000122070312,118.18000030517578,40.08008575439453,748600
2016-06-15,FFC,122.88999938964844,122.88999938964844,119.5,120.58999633789062,40.89743423461914,3044900
2016-06-16,FFC,120.48999786376953,121.94999694824219,120.05999755859375,120.38999938964844,40.82960510253906,2062000
2016-06-17,FFC,120.1500015258789,120.1500015258789,118.05000305175781,118.5999984741211,40.2225227355957,526200
2016-06-20,FFC,118.83999633789062,119.0,117.19999694824219,117.94000244140625,39.99869155883789,419000
2016-06-21,FFC,117.94000244140625,118.5,117.0,117.62000274658203,39.890174865722656,406900
2016-06-22,FFC,117.5,117.5999984741211,116.5999984741211,117.08000183105469,39.70703887939453,311500
2016-06-23,FFC,116.9000015258789,117.9000015258789,116.6500015258789,117.54000091552734,39.863040924072266,327200
2016-06-24,FFC,117.02999877929688,117.02999877929688,113.5,115.83999633789062,39.28648376464844,1718600
2016-06-27,FFC,115.83999633789062,116.0,113.3499984741211,113.55000305175781,38.509857177734375,2108500
2016-06-28,FFC,113.9000015258789,113.94000244140625,112.6500015258789,112.98999786376953,38.319923400878906,1716200
2016-06-29,FFC,113.48999786376953,114.44000244140625,113.4800033569336,114.08999633789062,38.692989349365234,659600
2016-06-30,FFC,114.87999725341797,115.19999694824219,114.0999984741211,114.72000122070312,38.90665817260742,451700
2016-07-01,FFC,114.72000122070312,114.72000122070312,114.72000122070312,114.72000122070312,38.90665817260742,0
2016-07-04,FFC,115.0999984741211,115.0999984741211,114.0,114.55999755859375,38.852394104003906,443300
2016-07-05,FFC,114.55999755859375,114.55999755859375,114.55999755859375,114.55999755859375,38.852394104003906,0
2016-07-06,FFC,114.55999755859375,114.55999755859375,114.55999755859375,114.55999755859375,38.852394104003906,0
2016-07-07,FFC,114.55999755859375,114.55999755859375,114.55999755859375,114.55999755859375,38.852394104003906,0
2016-07-08,FFC,114.55999755859375,114.55999755859375,114.55999755859375,114.55999755859375,38.852394104003906,0
2016-07-11,FFC,114.94000244140625,117.0999984741211,114.0,116.93000030517578,39.656166076660156,1105900
2016-07-12,FFC,116.73999786376953,118.5,116.19999694824219,118.29000091552734,40.11738586425781,1100700
2016-07-13,FFC,118.16000366210938,118.5999984741211,116.94999694824219,117.16000366210938,39.734169006347656,1381300
2016-07-14,FFC,117.47000122070312,117.52999877929688,116.9000015258789,117.13999938964844,39.727386474609375,361800
2016-07-15,FFC,117.0999984741211,117.98999786376953,116.5,116.95999908447266,39.66633605957031,616900
2016-07-18,FFC,117.30000305175781,117.30000305175781,116.4000015258789,116.73999786376953,39.59172058105469,292300
2016-07-19,FFC,116.69999694824219,117.0,115.44999694824219,116.2699966430664,39.43232727050781,647900
2016-07-20,FFC,116.4800033569336,116.5,115.0,116.08000183105469,39.36789321899414,572100
2016-07-21,FFC,116.5,116.94999694824219,116.0,116.31999969482422,39.44929122924805,874400
2016-07-22,FFC,116.30000305175781,116.69999694824219,115.4000015258789,115.51000213623047,39.174591064453125,441800
2016-07-25,FFC,115.55000305175781,115.55000305175781,114.0999984741211,114.38999938964844,38.79473876953125,604800
2016-07-26,FFC,114.01000213623047,114.4000015258789,113.4000015258789,113.80000305175781,38.594642639160156,1030600
2016-07-27,FFC,114.0,114.9000015258789,113.75,114.37999725341797,38.791351318359375,5524800
2016-07-28,FFC,114.5,114.5,113.55000305175781,113.72000122070312,38.5675048828125,503600
2016-07-29,FFC,114.0,114.0,113.12000274658203,113.68000030517578,38.5539436340332,397800
2016-08-01,FFC,113.68000030517578,113.68000030517578,113.68000030517578,113.68000030517578,38.5539436340332,0
2016-08-02,FFC,113.76000213623047,113.94000244140625,113.30000305175781,113.87000274658203,38.61837387084961,324800
2016-08-03,FFC,113.9000015258789,114.0,113.19999694824219,113.31999969482422,38.431861877441406,239600
2016-08-04,FFC,113.41000366210938,113.80000305175781,113.01000213623047,113.20999908447266,38.39454650878906,264100
2016-08-05,FFC,113.4000015258789,113.4000015258789,113.0,113.05000305175781,38.34028625488281,101300
2016-08-08,FFC,113.11000061035156,113.4000015258789,112.55000305175781,113.2699966430664,38.41489028930664,195800
2016-08-09,FFC,113.0999984741211,113.5,112.5,112.86000061035156,38.27585220336914,536700
2016-08-10,FFC,112.55000305175781,113.0,112.19999694824219,112.37000274658203,38.10966491699219,332800
2016-08-11,FFC,112.37000274658203,112.73999786376953,111.5999984741211,111.68000030517578,37.87565231323242,298400
2016-08-12,FFC,112.0,112.12999725341797,111.4000015258789,112.02999877929688,37.994354248046875,519600
2016-08-15,FFC,112.33999633789062,112.5,112.0,112.0999984741211,38.01809310913086,329400
2016-08-16,FFC,112.19999694824219,113.0,111.95999908447266,112.5199966430664,38.16054153442383,309500
2016-08-17,FFC,112.5,115.0,112.5,113.54000091552734,38.50646209716797,971200
2016-08-18,FFC,113.5,114.25,113.05000305175781,113.80000305175781,38.594642639160156,724800
2016-08-19,FFC,113.26000213623047,113.66000366210938,112.11000061035156,112.69000244140625,38.21818923950195,489500
2016-08-22,FFC,112.5,112.5,112.5,112.5,38.15376281738281,310700
2016-08-23,FFC,112.05000305175781,112.69999694824219,112.0,112.12999725341797,38.02825927734375,497200
2016-08-24,FFC,112.0999984741211,112.4800033569336,111.69999694824219,111.9000015258789,37.95026397705078,328200
2016-08-25,FFC,112.0,113.29000091552734,111.8499984741211,112.86000061035156,38.27585220336914,810500
2016-08-26,FFC,113.25,113.55000305175781,111.98999786376953,112.31999969482422,38.09271240234375,975900
2016-08-29,FFC,112.4800033569336,112.4800033569336,111.80000305175781,112.0,37.98418045043945,717300
2016-08-30,FFC,112.0,112.4000015258789,110.5999984741211,111.18000030517578,37.70608901977539,1012700
2016-08-31,FFC,111.30000305175781,111.55000305175781,110.5,110.95999908447266,37.631473541259766,691200
2016-09-01,FFC,111.0,111.0,110.44999694824219,110.54000091552734,37.489036560058594,457900
2016-09-02,FFC,110.25,110.69000244140625,109.8499984741211,110.51000213623047,37.478851318359375,348600
2016-09-05,FFC,110.5,110.8499984741211,110.0,110.06999969482422,37.32963562011719,341900
2016-09-06,FFC,110.01000213623047,112.0999984741211,110.0,111.97000122070312,37.9740104675293,1186100
2016-09-07,FFC,111.6500015258789,112.75,111.41000366210938,112.4800033569336,38.14697265625,541500
2016-09-08,FFC,113.0,113.0,112.0,112.94000244140625,38.302974700927734,713100
2016-09-09,FFC,113.0,113.1500015258789,112.0,112.16000366210938,38.0384521484375,388000
2016-09-12,FFC,112.16000366210938,112.16000366210938,112.16000366210938,112.16000366210938,38.0384521484375,0
2016-09-13,FFC,112.16000366210938,112.16000366210938,112.16000366210938,112.16000366210938,38.0384521484375,0
2016-09-14,FFC,112.16000366210938,112.16000366210938,112.16000366210938,112.16000366210938,38.0384521484375,0
2016-09-15,FFC,111.0,111.44999694824219,110.55000305175781,110.83999633789062,38.11753845214844,308800
2016-09-16,FFC,111.0,111.08999633789062,109.98999786376953,110.08000183105469,37.85617446899414,1148600
2016-09-19,FFC,110.30000305175781,110.5,108.4000015258789,108.56999969482422,37.33689498901367,1092900
2016-09-20,FFC,108.94999694824219,108.94999694824219,107.5,107.97000122070312,37.13055419921875,889800
2016-09-21,FFC,108.0,108.0,105.94000244140625,106.08000183105469,36.4805908203125,1243700
2016-09-22,FFC,106.5999984741211,107.3499984741211,105.9000015258789,106.13999938964844,36.501216888427734,2026200
2016-09-23,FFC,105.8499984741211,106.4800033569336,102.94999694824219,103.33000183105469,35.534873962402344,1720300
2016-09-26,FFC,103.58000183105469,105.27999877929688,103.58000183105469,104.98999786376953,36.105743408203125,2324500
2016-09-27,FFC,104.9000015258789,108.0,104.4000015258789,104.58999633789062,35.96818542480469,1439200
2016-09-28,FFC,104.0999984741211,106.5,104.0,105.75,36.36710739135742,742400
2016-09-29,FFC,105.94999694824219,106.25,104.0,104.4800033569336,35.93035125732422,779300
2016-09-30,FFC,104.3499984741211,105.0,103.0,103.9800033569336,35.75840377807617,2246000
2016-10-03,FFC,104.5999984741211,105.0,103.25,104.33999633789062,35.88220977783203,1036900
2016-10-04,FFC,104.6500015258789,105.4000015258789,104.1500015258789,104.77999877929688,36.03351974487305,523900
2016-10-05,FFC,104.8499984741211,105.5,104.5,104.91999816894531,36.08165740966797,477600
2016-10-06,FFC,105.4000015258789,105.4000015258789,103.93000030517578,104.08000183105469,35.79279327392578,699100
2016-10-07,FFC,104.12999725341797,104.6500015258789,103.9000015258789,104.02999877929688,35.77559280395508,726500
2016-10-10,FFC,104.30000305175781,104.30000305175781,103.9000015258789,104.08000183105469,35.79279327392578,517700
2016-10-11,FFC,104.08000183105469,104.08000183105469,104.08000183105469,104.08000183105469,35.79279327392578,0
2016-10-12,FFC,104.08000183105469,104.08000183105469,104.08000183105469,104.08000183105469,35.79279327392578,0
2016-10-13,FFC,104.5,104.6500015258789,104.0,104.44999694824219,35.920040130615234,1196200
2016-10-14,FFC,104.44999694824219,104.5,103.9000015258789,103.95999908447266,35.751529693603516,520400
2016-10-17,FFC,104.05999755859375,104.5999984741211,103.91000366210938,104.04000091552734,35.77903366088867,605600
2016-10-18,FFC,104.2300033569336,104.2300033569336,103.5,103.79000091552734,35.69306564331055,296100
2016-10-19,FFC,103.62999725341797,104.0,102.0,102.70999908447266,35.321651458740234,757400
2016-10-20,FFC,102.69999694824219,105.9000015258789,102.69999694824219,105.01000213623047,36.112613677978516,2345300
2016-10-21,FFC,105.23999786376953,105.23999786376953,103.70999908447266,104.55000305175781,35.95442581176758,857400
2016-10-24,FFC,104.0999984741211,104.16000366210938,103.44999694824219,103.62000274658203,35.63459014892578,528300
2016-10-25,FFC,103.16999816894531,103.30000305175781,102.25,103.13999938964844,35.46952819824219,575500
2016-10-26,FFC,103.8499984741211,108.23999786376953,103.11000061035156,105.43000030517578,36.257057189941406,4203800
2016-10-27,FFC,105.0,106.5999984741211,104.54000091552734,105.36000061035156,36.23299026489258,1601600
2016-10-28,FFC,104.0,105.25,103.5,104.56999969482422,35.96129608154297,811900
2016-10-31,FFC,104.0,104.5,103.4000015258789,103.7699966430664,35.686187744140625,1142600
2016-11-01,FFC,104.0,106.55000305175781,103.5,106.12000274658203,36.494354248046875,1149500
2016-11-02,FFC,106.27999877929688,107.0,105.44999694824219,105.55999755859375,36.301753997802734,1204100
2016-11-03,FFC,105.31999969482422,105.69999694824219,104.80000305175781,105.52999877929688,36.29145050048828,818400
2016-11-04,FFC,105.75,107.37999725341797,104.9000015258789,106.06999969482422,36.477142333984375,1315600
2016-11-07,FFC,106.0,106.0,105.51000213623047,105.91000366210938,36.42212677001953,530500
2016-11-08,FFC,106.0,107.33000183105469,106.0,106.13999938964844,36.501216888427734,1502000
2016-11-09,FFC,106.13999938964844,106.13999938964844,106.13999938964844,106.13999938964844,36.501216888427734,0
2016-11-10,FFC,106.23999786376953,106.69999694824219,106.0,106.0199966430664,36.459957122802734,794200
2016-11-11,FFC,105.9000015258789,106.3499984741211,105.70999908447266,106.06999969482422,36.477142333984375,545300
2016-11-14,FFC,106.48999786376953,106.48999786376953,105.0199966430664,105.7300033569336,36.360225677490234,426900
2016-11-15,FFC,105.55999755859375,105.91999816894531,105.01000213623047,105.12000274658203,36.15044021606445,687300
2016-11-16,FFC,105.05999755859375,105.5,104.80999755859375,105.05999755859375,36.12980270385742,577500
2016-11-17,FFC,105.0,105.55000305175781,104.95999908447266,105.01000213623047,36.112613677978516,690300
2016-11-18,FFC,105.01000213623047,105.22000122070312,104.5,104.7300033569336,36.016334533691406,598100
2016-11-21,FFC,104.80000305175781,104.9000015258789,103.81999969482422,104.45999908447266,35.92347717285156,684500
2016-11-22,FFC,104.6500015258789,105.4000015258789,104.30000305175781,105.01000213623047,36.112613677978516,1757600
2016-11-23,FFC,105.0999984741211,105.80000305175781,104.80000305175781,105.23999786376953,36.191715240478516,544300
2016-11-24,FFC,105.44999694824219,105.4800033569336,104.5,104.95999908447266,36.095420837402344,297900
2016-11-25,FFC,105.23999786376953,107.19999694824219,104.83000183105469,105.70999908447266,36.35335159301758,1288500
2016-11-28,FFC,106.25,106.9800033569336,106.0,106.19999694824219,36.521854400634766,1318500
2016-11-29,FFC,106.5999984741211,106.5999984741211,104.9000015258789,105.08000183105469,36.13669204711914,954200
2016-11-30,FFC,105.0999984741211,105.4000015258789,104.95999908447266,105.20999908447266,36.181400299072266,503000
2016-12-01,FFC,104.9000015258789,105.0999984741211,104.0,104.38999938964844,36.506629943847656,667300
2016-12-02,FFC,104.9000015258789,104.9000015258789,104.25,104.72000122070312,36.62204360961914,332700
2016-12-05,FFC,104.94999694824219,105.5,104.5,104.93000030517578,36.695472717285156,864200
2016-12-06,FFC,105.0,106.69999694824219,105.0,106.31999969482422,37.18158721923828,2013700
2016-12-07,FFC,106.62999725341797,107.23999786376953,106.25,106.66999816894531,37.30398178100586,1112200
2016-12-08,FFC,106.61000061035156,107.0,105.20999908447266,105.45999908447266,36.88082504272461,562700
2016-12-09,FFC,105.94999694824219,105.94999694824219,105.25,105.4000015258789,36.85984802246094,564800
2016-12-12,FFC,105.4000015258789,105.4000015258789,105.4000015258789,105.4000015258789,36.85984802246094,0
2016-12-13,FFC,105.80000305175781,106.0,104.5,104.6500015258789,36.59755325317383,1042900
2016-12-14,FFC,104.94999694824219,105.0,103.9000015258789,104.25,36.45767593383789,976000
2016-12-15,FFC,104.30000305175781,105.0999984741211,103.9000015258789,103.9800033569336,36.363250732421875,1631800
2016-12-16,FFC,104.05000305175781,104.38999938964844,103.76000213623047,103.88999938964844,36.33177185058594,1024500
2016-12-19,FFC,104.12000274658203,104.5,103.5,104.04000091552734,36.38422775268555,2555700
2016-12-20,FFC,104.25,105.08999633789062,104.0,104.30000305175781,36.475154876708984,2814200
2016-12-21,FFC,104.22000122070312,104.80000305175781,103.5999984741211,103.95999908447266,36.356258392333984,2096200
2016-12-22,FFC,104.19999694824219,104.25,103.5,103.66999816894531,36.25483322143555,1079900
2016-12-23,FFC,103.72000122070312,104.0,103.0,103.33999633789062,36.139434814453125,508800
2016-12-26,FFC,103.94999694824219,103.94999694824219,103.11000061035156,103.19999694824219,36.090476989746094,531500
2016-12-27,FFC,103.4000015258789,103.44999694824219,103.0,103.12999725341797,36.06599426269531,518600
2016-12-28,FFC,103.30000305175781,104.1500015258789,103.30000305175781,103.7300033569336,36.27582550048828,1919300
2016-12-29,FFC,104.0999984741211,105.26000213623047,104.0,104.69999694824219,36.61503982543945,2603400
2016-12-30,FFC,105.0,105.0,104.13999938964844,104.37000274658203,36.49964141845703,992200
2017-01-02,FFC,104.80000305175781,109.0999984741211,104.80000305175781,107.54000091552734,37.60822677612305,5515800
2017-01-03,FFC,107.69999694824219,111.48999786376953,106.5199966430664,110.79000091552734,38.74480056762695,6670900
2017-01-04,FFC,110.5199966430664,111.9000015258789,109.0,109.45999908447266,38.27968215942383,5991900
2017-01-05,FFC,109.69999694824219,112.48999786376953,109.5999984741211,111.3499984741211,38.940643310546875,6029500
2017-01-06,FFC,111.30000305175781,114.4000015258789,111.30000305175781,114.0199966430664,39.87437057495117,5589800
2017-01-09,FFC,114.75,117.75,114.75,115.27999877929688,40.31501388549805,4284700
2017-01-10,FFC,113.0,113.5,110.05000305175781,112.04000091552734,39.18194580078125,6974400
2017-01-11,FFC,113.25,116.77999877929688,112.76000213623047,116.11000061035156,40.605281829833984,8400900
2017-01-12,FFC,117.0999984741211,118.4000015258789,115.1500015258789,116.69999694824219,40.81161117553711,8331600
2017-01-13,FFC,116.5999984741211,117.80000305175781,115.75,116.36000061035156,40.692718505859375,4387200
2017-01-16,FFC,118.44999694824219,119.0,116.51000213623047,116.94000244140625,40.89554214477539,4973500
2017-01-17,FFC,117.0,118.47000122070312,115.26000213623047,117.68000030517578,41.15432357788086,5093600
2017-01-18,FFC,118.25,118.4000015258789,116.25,116.5999984741211,40.776641845703125,2630300
2017-01-19,FFC,116.5199966430664,118.0,115.5999984741211,117.76000213623047,41.182308197021484,4715600
2017-01-20,FFC,118.0,119.6500015258789,117.25,117.81999969482422,41.20329666137695,6210700
2017-01-23,FFC,118.5,119.69999694824219,117.8499984741211,118.95999908447266,41.60196304321289,5844400
2017-01-24,FFC,119.44999694824219,119.9000015258789,118.0,118.54000091552734,41.455081939697266,3188700
2017-01-25,FFC,118.4000015258789,118.94999694824219,117.0999984741211,117.29000091552734,41.017940521240234,1444100
2017-01-26,FFC,117.0,118.25,116.30000305175781,118.05000305175781,41.283729553222656,3945100
2017-01-27,FFC,118.0999984741211,118.48999786376953,116.30000305175781,116.5,40.741668701171875,1839800
2017-01-30,FFC,117.0,117.0,114.5,114.88999938964844,40.17862319946289,1135300
2017-01-31,FFC,114.80999755859375,117.69999694824219,114.0,115.80000305175781,40.49687576293945,4714800
2017-02-01,FFC,116.05000305175781,116.80000305175781,114.5,115.11000061035156,40.255558013916016,1278900
2017-02-02,FFC,115.19999694824219,115.69999694824219,113.5,113.75,39.77995681762695,1320400
2017-02-03,FFC,113.76000213623047,113.88999938964844,112.0,112.20999908447266,39.24138641357422,1027900
2017-02-06,FFC,112.5999984741211,113.23999786376953,112.25,112.83000183105469,39.458229064941406,942100
2017-02-07,FFC,113.0,113.69999694824219,112.69999694824219,113.04000091552734,39.53166580200195,853500
2017-02-08,FFC,113.11000061035156,113.44999694824219,112.25,112.45999908447266,39.328826904296875,940900
2017-02-09,FFC,112.25,112.5,111.9000015258789,112.16000366210938,39.22390365600586,1164700
2017-02-10,FFC,112.48999786376953,114.0,112.19999694824219,112.83000183105469,39.458229064941406,2556500
2017-02-13,FFC,113.19999694824219,114.44999694824219,112.5,113.12999725341797,39.563133239746094,1610800
2017-02-14,FFC,112.6500015258789,113.0999984741211,111.6500015258789,111.80999755859375,39.101505279541016,884200
2017-02-15,FFC,112.0,112.30000305175781,110.75,110.97000122070312,38.807743072509766,885600
2017-02-16,FFC,111.0,111.9000015258789,111.0,111.58000183105469,39.02106857299805,446400
2017-02-17,FFC,111.4000015258789,112.48999786376953,111.19999694824219,111.55999755859375,39.01408386230469,472100
2017-02-20,FFC,111.55999755859375,111.94000244140625,109.5,110.36000061035156,38.59442901611328,553800
2017-02-21,FFC,110.11000061035156,110.31999969482422,109.51000213623047,109.75,38.381103515625,246600
2017-02-22,FFC,109.75,110.69999694824219,109.05000305175781,109.58999633789062,38.32514190673828,988700
2017-02-23,FFC,109.5,109.5999984741211,108.5,109.12000274658203,38.16078567504883,815400
2017-02-24,FFC,109.0999984741211,109.38999938964844,108.4000015258789,108.66999816894531,38.00341033935547,893700
2017-02-27,FFC,109.0,109.5,108.0999984741211,108.66000366210938,37.99992370605469,568200
2017-02-28,FFC,108.55000305175781,108.55000305175781,107.9000015258789,108.0999984741211,37.80406188964844,368000
2017-03-01,FFC,108.3499984741211,109.25,108.30000305175781,108.86000061035156,38.06985092163086,730800
2017-03-02,FFC,108.97000122070312,110.5,108.97000122070312,109.94999694824219,38.4510383605957,886800
2017-03-03,FFC,110.01000213623047,111.87000274658203,110.01000213623047,110.62999725341797,38.688846588134766,592200
2017-03-06,FFC,111.5999984741211,111.95999908447266,110.25,110.6500015258789,38.69584655761719,825500
2017-03-07,FFC,108.5999984741211,109.19999694824219,108.0,108.81999969482422,39.02577590942383,822600
2017-03-08,FFC,109.0,110.08999633789062,108.91000366210938,109.98999786376953,39.44537353515625,1008600
2017-03-09,FFC,109.75,110.0,107.12000274658203,108.3499984741211,38.85722351074219,506500
2017-03-10,FFC,108.0999984741211,108.69999694824219,107.75,108.41000366210938,38.87873458862305,377700
2017-03-13,FFC,108.01000213623047,108.30000305175781,107.69999694824219,107.88999938964844,38.6922492980957,371300
2017-03-14,FFC,108.19999694824219,108.19999694824219,107.25,107.81999969482422,38.66715621948242,760100
2017-03-15,FFC,108.0,109.0,106.4000015258789,108.56999969482422,38.936126708984375,1091100
2017-03-16,FFC,108.0999984741211,108.23999786376953,107.0,107.43000030517578,38.52729034423828,502900
2017-03-17,FFC,107.5,108.9000015258789,105.05000305175781,105.62000274658203,37.878170013427734,3952200
2017-03-20,FFC,105.9800033569336,106.01000213623047,105.11000061035156,105.70999908447266,37.91044998168945,333600
2017-03-21,FFC,105.9800033569336,105.98999786376953,104.9800033569336,105.30999755859375,37.76700210571289,718700
2017-03-22,FFC,105.79000091552734,105.88999938964844,105.30000305175781,105.43000030517578,37.81002426147461,507700
2017-03-23,FFC,105.43000030517578,105.43000030517578,105.43000030517578,105.43000030517578,37.81002426147461,0
2017-03-24,FFC,105.69999694824219,105.69999694824219,104.69999694824219,104.9000015258789,37.619964599609375,862900
2017-03-27,FFC,104.9000015258789,105.0,104.25,104.47000122070312,37.46575927734375,321700
2017-03-28,FFC,104.26000213623047,104.69999694824219,104.26000213623047,104.62000274658203,37.51955032348633,329300
2017-03-29,FFC,104.80000305175781,105.19000244140625,104.5,104.62000274658203,37.51955032348633,752300
2017-03-30,FFC,104.11000061035156,104.69999694824219,103.93000030517578,104.16999816894531,37.3581657409668,528900
2017-03-31,FFC,104.25,104.5,103.26000213623047,103.5999984741211,37.15374755859375,1007900
2017-04-03,FFC,103.80000305175781,104.0999984741211,103.25,103.33000183105469,37.056915283203125,1155700
2017-04-04,FFC,103.4000015258789,103.47000122070312,101.3499984741211,101.58999633789062,36.43291473388672,4682700
2017-04-05,FFC,101.58999633789062,101.58999633789062,101.58999633789062,101.58999633789062,36.43291473388672,0
2017-04-06,FFC,100.8499984741211,100.91999816894531,98.5,98.88999938964844,35.46460723876953,3153100
2017-04-07,FFC,99.0,100.97000122070312,99.0,100.5199966430664,36.04917907714844,1074100
2017-04-10,FFC,100.91999816894531,101.44999694824219,99.9000015258789,101.04000091552734,36.235660552978516,601500
2017-04-11,FFC,100.75,101.25,99.69999694824219,99.87000274658203,35.816078186035156,1449600
2017-04-12,FFC,99.62000274658203,101.0,99.62000274658203,100.31999969482422,35.977455139160156,1354700
2017-04-13,FFC,101.0999984741211,101.0999984741211,99.5,99.5999984741211,35.719234466552734,877000
2017-04-14,FFC,99.5999984741211,99.83000183105469,97.5,97.81999969482422,35.08088302612305,1628300
2017-04-17,FFC,98.01000213623047,98.5,93.80000305175781,94.1500015258789,33.76472854614258,2363300
2017-04-18,FFC,94.11000061035156,95.5,94.11000061035156,94.69000244140625,33.9583854675293,2117200
2017-04-19,FFC,93.0,96.2300033569336,92.38999938964844,95.93000030517578,34.403079986572266,1903900
2017-04-20,FFC,96.0999984741211,100.72000122070312,95.75,99.30999755859375,35.615238189697266,2629400
2017-04-21,FFC,99.83999633789062,102.0,99.16000366210938,101.16000366210938,36.27870559692383,1479800
2017-04-24,FFC,101.4000015258789,102.5,101.12999725341797,102.30999755859375,36.69112014770508,1276600
2017-04-25,FFC,102.38999938964844,102.38999938964844,100.8499984741211,101.19999694824219,36.29304122924805,726200
2017-04-26,FFC,101.08999633789062,101.08999633789062,98.0,98.52999877929688,35.33550262451172,3384400
2017-04-27,FFC,98.5,98.87000274658203,97.20999908447266,97.44000244140625,34.94459533691406,876700
2017-04-28,FFC,97.69999694824219,98.0,95.8499984741211,96.05000305175781,34.44611740112305,1017700
2017-05-01,FFC,96.05000305175781,96.05000305175781,96.05000305175781,96.05000305175781,34.44611740112305,0
2017-05-02,FFC,96.05000305175781,96.05000305175781,94.4000015258789,94.62999725341797,33.93685531616211,744700
2017-05-03,FFC,94.5,94.9000015258789,93.9000015258789,94.11000061035156,33.7503776550293,1024200
2017-05-04,FFC,94.30000305175781,95.76000213623047,94.30000305175781,95.55999755859375,34.270389556884766,1102500
2017-05-05,FFC,95.98999786376953,98.69999694824219,95.75,98.22000122070312,35.224334716796875,2297200
2017-05-08,FFC,98.5,99.9000015258789,97.0,97.58000183105469,34.99481201171875,2370700
2017-05-09,FFC,98.19999694824219,98.38999938964844,96.0,96.19000244140625,34.49631881713867,2316800
2017-05-10,FFC,96.69999694824219,97.0,96.0,96.5,34.607486724853516,905400
2017-05-11,FFC,97.48999786376953,98.19999694824219,96.80000305175781,97.93000030517578,35.120338439941406,1352700
2017-05-12,FFC,98.0,98.48999786376953,97.0,97.44999694824219,34.94818878173828,1325000
2017-05-15,FFC,98.25,101.5,98.25,100.66000366210938,36.09937286376953,5067100
2017-05-16,FFC,100.1500015258789,100.1500015258789,97.0,97.36000061035156,34.91590881347656,4155200
2017-05-17,FFC,97.80000305175781,97.97000122070312,96.12999725341797,96.51000213623047,34.61109161376953,1063200
2017-05-18,FFC,96.87999725341797,96.87999725341797,96.01000213623047,96.08000183105469,34.45687484741211,1019000
2017-05-19,FFC,96.4800033569336,96.51000213623047,95.0,95.19000244140625,34.137691497802734,937900
2017-05-22,FFC,95.11000061035156,96.0,95.11000061035156,95.62000274658203,34.29191207885742,1337500
2017-05-23,FFC,95.6500015258789,98.0,95.5199966430664,96.97000122070312,34.77605438232422,1995100
2017-05-24,FFC,97.4800033569336,98.9800033569336,97.0,98.38999938964844,35.285301208496094,2142400
2017-05-25,FFC,98.05999755859375,98.5999984741211,97.01000213623047,97.44000244140625,34.94459533691406,1979200
2017-05-26,FFC,97.30000305175781,97.75,96.5,96.77999877929688,34.707916259765625,1480700
2017-05-29,FFC,96.97000122070312,96.98999786376953,96.25,96.77999877929688,34.707916259765625,259900
2017-05-30,FFC,96.55000305175781,96.94999694824219,94.69999694824219,94.94000244140625,34.048030853271484,1143700
2017-05-31,FFC,95.19999694824219,98.69999694824219,92.9000015258789,96.27999877929688,34.528594970703125,8298100
2017-06-01,FFC,96.0999984741211,96.0999984741211,91.91999816894531,93.02999877929688,33.89105987548828,1264800
2017-06-02,FFC,92.11000061035156,94.5,91.5,93.66000366210938,34.12057876586914,600200
2017-06-05,FFC,94.83000183105469,94.98999786376953,93.9000015258789,94.19000244140625,34.313655853271484,1209800
2017-06-06,FFC,94.73999786376953,94.73999786376953,93.5,93.70999908447266,34.138797760009766,354300
2017-06-07,FFC,94.0,94.25,93.44999694824219,93.58999633789062,34.09508514404297,532300
2017-06-08,FFC,93.5999984741211,93.98999786376953,93.11000061035156,93.47000122070312,34.051368713378906,653900
2017-06-09,FFC,93.5999984741211,94.19999694824219,93.5,93.95999908447266,34.22986602783203,783400
2017-06-12,FFC,93.45999908447266,93.45999908447266,89.75,91.11000061035156,33.19160461425781,915500
2017-06-13,FFC,92.0,92.5,90.0,91.41999816894531,33.30454635620117,635500
2017-06-14,FFC,92.0,92.8499984741211,91.0,91.16999816894531,33.213470458984375,427400
2017-06-15,FFC,91.48999786376953,91.48999786376953,90.0,90.04000091552734,32.80179214477539,571900
2017-06-16,FFC,90.0,90.0,86.0199966430664,86.93000030517578,31.668821334838867,3290400
2017-06-19,FFC,87.0,87.25,83.3499984741211,83.9800033569336,30.59412956237793,1501900
2017-06-20,FFC,84.29000091552734,84.4800033569336,79.79000091552734,79.80999755859375,29.074983596801758,2217600
2017-06-21,FFC,79.98999786376953,80.5,77.0,79.80999755859375,29.074983596801758,4199800
2017-06-22,FFC,80.25,83.80000305175781,80.25,83.79000091552734,30.52490997314453,1518100
2017-06-23,FFC,83.79000091552734,83.79000091552734,83.79000091552734,83.79000091552734,30.52490997314453,0
2017-06-26,FFC,83.79000091552734,83.79000091552734,83.79000091552734,83.79000091552734,30.52490997314453,0
2017-06-27,FFC,83.79000091552734,83.79000091552734,83.79000091552734,83.79000091552734,30.52490997314453,0
2017-06-28,FFC,83.79000091552734,83.79000091552734,83.79000091552734,83.79000091552734,30.52490997314453,0
2017-06-29,FFC,84.38999938964844,84.98999786376953,82.5,84.55999755859375,30.805418014526367,1659300
2017-06-30,FFC,85.5,85.75,82.41000366210938,82.63999938964844,30.105966567993164,1440900
2017-07-03,FFC,82.1500015258789,82.1500015258789,78.5999984741211,79.2300033569336,28.863697052001953,1350500
2017-07-04,FFC,79.2300033569336,82.4000015258789,78.69999694824219,82.08000183105469,29.901962280273438,1172000
2017-07-05,FFC,82.4800033569336,84.75,81.0,83.43000030517578,30.393760681152344,1325000
2017-07-06,FFC,83.5999984741211,85.0,80.30000305175781,80.62999725341797,29.373714447021484,1502000
2017-07-07,FFC,80.94999694824219,81.23999786376953,79.80000305175781,80.05999755859375,29.166067123413086,1818500
2017-07-10,FFC,79.9800033569336,81.98999786376953,79.0999984741211,81.27999877929688,29.610515594482422,3308500
2017-07-11,FFC,79.0,79.5,77.25,77.3499984741211,28.178800582885742,1873000
2017-07-12,FFC,77.5999984741211,81.20999908447266,77.5,80.81999969482422,29.442935943603516,1398000
2017-07-13,FFC,81.4000015258789,82.3499984741211,80.5999984741211,81.37999725341797,29.646942138671875,993000
2017-07-14,FFC,81.23999786376953,82.48999786376953,80.9000015258789,82.04000091552734,29.887374877929688,1108500
2017-07-17,FFC,81.05999755859375,83.0,81.0,82.55000305175781,30.073177337646484,910000
2017-07-18,FFC,83.37999725341797,84.4800033569336,82.94000244140625,83.75,30.510334014892578,1055000
2017-07-19,FFC,83.55999755859375,83.98999786376953,82.5,82.73999786376953,30.14238739013672,888500
2017-07-20,FFC,83.25,83.87999725341797,82.0999984741211,82.29000091552734,29.978456497192383,418500
2017-07-21,FFC,81.75,82.9000015258789,81.0,82.56999969482422,30.080459594726562,797000
2017-07-24,FFC,82.69999694824219,83.44999694824219,82.55000305175781,83.12999725341797,30.284465789794922,340500
2017-07-25,FFC,83.37999725341797,84.19000244140625,83.1500015258789,83.6500015258789,30.473913192749023,562000
2017-07-26,FFC,84.0,84.44999694824219,82.70999908447266,84.06999969482422,30.626920700073242,999500
2017-07-27,FFC,84.0999984741211,84.25,83.25,83.9000015258789,30.56498908996582,468000
2017-07-28,FFC,82.25,84.3499984741211,81.0,84.05000305175781,30.619626998901367,1765000
2017-07-31,FFC,84.5999984741211,88.19999694824219,80.0,80.2699966430664,29.242565155029297,5467000
2017-08-01,FFC,80.51000213623047,82.0,80.5,81.26000213623047,29.603219985961914,1127000
2017-08-02,FFC,81.69999694824219,82.5,81.25,82.13999938964844,29.92380714416504,1013500
2017-08-03,FFC,82.4000015258789,82.4000015258789,81.52999877929688,81.91999816894531,29.84366226196289,578500
2017-08-04,FFC,82.22000122070312,82.22000122070312,81.4000015258789,81.54000091552734,29.705230712890625,372000
2017-08-07,FFC,81.80000305175781,82.0999984741211,80.75,81.13999938964844,29.559513092041016,461000
2017-08-08,FFC,81.0,81.01000213623047,78.80999755859375,79.08999633789062,28.81268882751465,578000
2017-08-09,FFC,79.48999786376953,80.0,78.80000305175781,79.44999694824219,28.943836212158203,557500
2017-08-10,FFC,79.94999694824219,80.0,78.83999633789062,78.98999786376953,28.776262283325195,257000
2017-08-11,FFC,79.0,79.25,78.44999694824219,78.80999755859375,28.71068572998047,258500
2017-08-14,FFC,78.80999755859375,78.80999755859375,78.80999755859375,78.80999755859375,28.71068572998047,0
2017-08-15,FFC,78.8499984741211,79.0999984741211,77.5,78.01000213623047,28.419248580932617,784000
2017-08-16,FFC,77.5,79.5,77.5,78.97000122070312,28.768970489501953,1172000
2017-08-17,FFC,78.75,78.86000061035156,77.7699966430664,78.0199966430664,28.422887802124023,364500
2017-08-18,FFC,77.51000213623047,78.0,77.19999694824219,77.61000061035156,28.27352523803711,239500
2017-08-21,FFC,77.9800033569336,78.0,75.0,75.11000061035156,27.362764358520508,913500
2017-08-22,FFC,75.0,75.0,71.6500015258789,72.68000030517578,26.47751235961914,1620000
2017-08-23,FFC,72.2300033569336,74.0,72.0,73.51000213623047,26.779888153076172,3535500
2017-08-24,FFC,73.55999755859375,75.1500015258789,73.5,73.69000244140625,26.845457077026367,2943000
2017-08-25,FFC,73.5999984741211,74.75,72.97000122070312,73.13999938964844,26.645092010498047,1950500
2017-08-28,FFC,73.05000305175781,73.5,72.48999786376953,72.63999938964844,26.46294403076172,565000
2017-08-29,FFC,72.9000015258789,73.0,70.0,70.25,25.592256546020508,702000
2017-08-30,FFC,70.79000091552734,71.30000305175781,70.0,70.06999969482422,25.52668571472168,366500
2017-08-31,FFC,70.66000366210938,71.5,69.80000305175781,70.86000061035156,25.814477920532227,1943500
2017-09-01,FFC,70.86000061035156,70.86000061035156,70.86000061035156,70.86000061035156,25.814477920532227,0
2017-09-04,FFC,70.86000061035156,70.86000061035156,70.86000061035156,70.86000061035156,25.814477920532227,0
2017-09-05,FFC,71.23999786376953,72.98999786376953,71.23999786376953,72.76000213623047,26.50665283203125,1002000
2017-09-06,FFC,73.0,74.5,72.11000061035156,72.62000274658203,26.45564842224121,1361500
2017-09-07,FFC,72.0,74.0,70.5999984741211,70.88999938964844,25.825407028198242,1911000
2017-09-08,FFC,71.77999877929688,73.0,71.16000366210938,71.63999938964844,26.098634719848633,802500
2017-09-11,FFC,72.0,72.0,71.01000213623047,71.4000015258789,26.011201858520508,254500
2017-09-12,FFC,71.38999938964844,71.75,70.5,71.52999877929688,26.058563232421875,362500
2017-09-13,FFC,71.75,73.5999984741211,71.4000015258789,73.44999694824219,26.758018493652344,1233000
2017-09-14,FFC,73.9000015258789,74.01000213623047,73.01000213623047,73.93000030517578,26.93288803100586,1169500
2017-09-15,FFC,73.4000015258789,75.0,72.5,74.27999877929688,27.431438446044922,3255000
2017-09-18,FFC,74.9000015258789,77.98999786376953,74.1500015258789,77.98999786376953,28.801538467407227,4075500
2017-09-19,FFC,79.0,81.87999725341797,78.51000213623047,81.87999725341797,30.238100051879883,3193000
2017-09-20,FFC,82.58999633789062,82.98999786376953,81.1500015258789,81.5999984741211,30.13470458984375,2359500
2017-09-21,FFC,81.5999984741211,84.7300033569336,80.0,81.25,30.005451202392578,3309000
2017-09-22,FFC,81.0,81.0,78.30000305175781,78.5,28.989879608154297,3313000
2017-09-25,FFC,80.11000061035156,82.41999816894531,80.11000061035156,82.4000015258789,30.430139541625977,6365000
2017-09-26,FFC,82.4000015258789,82.9800033569336,81.44999694824219,82.05999755859375,30.304580688476562,1036000
2017-09-27,FFC,81.70999908447266,84.5999984741211,81.5,84.02999877929688,31.0321044921875,2067000
2017-09-28,FFC,84.30000305175781,84.4000015258789,83.31999969482422,83.54000091552734,30.85113525390625,550000
2017-09-29,FFC,83.9000015258789,84.0,82.86000061035156,83.13999938964844,30.70342445373535,680000
2017-10-02,FFC,83.54000091552734,84.25,82.69999694824219,83.45999908447266,30.821598052978516,983500
2017-10-03,FFC,83.01000213623047,83.25,80.6500015258789,81.44999694824219,30.079299926757812,1695500
2017-10-04,FFC,81.30999755859375,81.69999694824219,77.5,80.16000366210938,29.60291290283203,952000
2017-10-05,FFC,80.23999786376953,81.25,79.5,80.2300033569336,29.628772735595703,704000
2017-10-06,FFC,80.0999984741211,81.5,80.0999984741211,81.26000213623047,30.00913429260254,734500
2017-10-09,FFC,81.44000244140625,81.44000244140625,79.44999694824219,79.76000213623047,29.455190658569336,760000
2017-10-10,FFC,79.80000305175781,79.80000305175781,78.0,79.38999938964844,29.31855010986328,882500
2017-10-11,FFC,79.4000015258789,81.5999984741211,78.5,80.69999694824219,29.802337646484375,1085500
2017-10-12,FFC,81.0,81.0,79.69999694824219,80.05000305175781,29.562292098999023,1023500
2017-10-13,FFC,80.0,80.0,79.0,79.41999816894531,29.329633712768555,718000
2017-10-16,FFC,79.5,81.48999786376953,79.19999694824219,80.87000274658203,29.865110397338867,972000
2017-10-17,FFC,80.55999755859375,81.5999984741211,79.9000015258789,79.9800033569336,29.536441802978516,1236500
2017-10-18,FFC,80.38999938964844,80.38999938964844,78.75,79.66999816894531,29.42195701599121,310000
2017-10-19,FFC,79.5199966430664,81.5,79.5199966430664,81.27999877929688,30.016529083251953,966500
2017-10-20,FFC,81.5,82.9000015258789,81.0,82.31999969482422,30.400592803955078,3249500
2017-10-23,FFC,82.11000061035156,83.0,81.55000305175781,82.0,30.28242301940918,705000
2017-10-24,FFC,81.98999786376953,82.0999984741211,81.3499984741211,81.80000305175781,30.208572387695312,439500
2017-10-25,FFC,81.69999694824219,82.5,81.69999694824219,82.19000244140625,30.352588653564453,282500
2017-10-26,FFC,82.22000122070312,84.25,82.22000122070312,83.91000366210938,30.987773895263672,1435500
2017-10-27,FFC,83.61000061035156,84.25,83.0,83.98999786376953,31.01732635498047,762500
2017-10-30,FFC,83.62000274658203,83.9000015258789,81.6500015258789,81.93000030517578,30.256567001342773,1108000
2017-10-31,FFC,81.55000305175781,81.55000305175781,79.11000061035156,80.08000183105469,29.5733642578125,1883500
2017-11-01,FFC,80.2300033569336,81.75,80.2300033569336,81.37999725341797,30.05345344543457,607500
2017-11-02,FFC,81.48999786376953,82.5,81.0,81.2699966430664,30.01283073425293,667000
2017-11-03,FFC,81.30000305175781,83.05000305175781,81.05000305175781,82.95999908447266,30.63694190979004,657500
2017-11-06,FFC,82.75,83.5,82.30000305175781,82.83000183105469,30.588939666748047,434500
2017-11-07,FFC,82.75,83.0999984741211,82.30000305175781,82.41000366210938,30.43383026123047,246500
2017-11-08,FFC,82.41000366210938,83.0,81.9000015258789,82.94000244140625,30.629562377929688,257500
2017-11-09,FFC,82.80000305175781,83.5,82.80000305175781,83.12999725341797,30.69972038269043,302500
2017-11-10,FFC,83.0,83.0,82.2699966430664,82.51000213623047,30.47076988220215,84000
2017-11-13,FFC,82.30999755859375,82.4000015258789,81.80000305175781,81.95999908447266,30.267648696899414,192000
2017-11-14,FFC,82.0,82.48999786376953,81.3499984741211,81.98999786376953,30.278728485107422,358500
2017-11-15,FFC,82.0199966430664,82.30000305175781,81.9000015258789,82.02999877929688,30.29349708557129,135500
2017-11-16,FFC,82.0,82.75,81.80000305175781,82.33000183105469,30.40428924560547,192500
2017-11-17,FFC,82.5,83.6500015258789,82.19999694824219,82.62000274658203,30.511388778686523,703500
2017-11-20,FFC,82.25,82.4000015258789,81.8499984741211,82.05999755859375,30.304580688476562,476000
2017-11-21,FFC,82.0,83.55000305175781,82.0,82.98999786376953,30.648027420043945,949000
2017-11-22,FFC,83.0999984741211,83.69999694824219,82.69999694824219,83.31999969482422,30.76988983154297,475000
2017-11-23,FFC,83.5,84.0,82.5199966430664,82.88999938964844,30.61109161376953,617000
2017-11-24,FFC,82.5,82.80000305175781,82.12000274658203,82.52999877929688,30.4781436920166,1425000
2017-11-27,FFC,82.30000305175781,82.87999725341797,82.0999984741211,82.27999877929688,30.385820388793945,572500
2017-11-28,FFC,82.30000305175781,82.44999694824219,81.1500015258789,81.51000213623047,30.101470947265625,661000
2017-11-29,FFC,81.5,82.5,81.5,81.73999786376953,30.1863956451416,1078000
2017-11-30,FFC,80.98999786376953,81.38999938964844,80.0,81.06999969482422,30.49864959716797,794500
2017-12-01,FFC,81.06999969482422,81.06999969482422,81.06999969482422,81.06999969482422,30.49864959716797,0
2017-12-04,FFC,81.4000015258789,81.68000030517578,80.0199966430664,80.11000061035156,30.13749885559082,378000
2017-12-05,FFC,80.25,80.98999786376953,79.01000213623047,79.44000244140625,29.88544273376465,442500
2017-12-06,FFC,79.44000244140625,79.44000244140625,79.44000244140625,79.44000244140625,29.88544273376465,0
2017-12-07,FFC,79.80000305175781,79.8499984741211,76.5,76.55999755859375,28.80197525024414,735000
2017-12-08,FFC,76.25,77.97000122070312,75.0,76.55999755859375,28.80197525024414,1566500
2017-12-11,FFC,76.5,77.4000015258789,75.25,75.3499984741211,28.346782684326172,860000
2017-12-12,FFC,75.5,75.79000091552734,73.5,74.56999969482422,28.0533390045166,1681000
2017-12-13,FFC,74.98999786376953,76.0,74.5999984741211,75.62999725341797,28.452112197875977,404500
2017-12-14,FFC,75.5199966430664,75.80000305175781,74.05000305175781,74.33999633789062,27.966798782348633,346500
2017-12-15,FFC,74.5,75.80000305175781,74.4000015258789,75.45999908447266,28.388154983520508,1071000
2017-12-18,FFC,75.5,75.5999984741211,74.25,74.41999816894531,27.996910095214844,159500
2017-12-19,FFC,75.0,75.0,73.51000213623047,73.87000274658203,27.790000915527344,522500
2017-12-20,FFC,74.5,74.73999786376953,73.5,73.7300033569336,27.737329483032227,345000
2017-12-21,FFC,73.7300033569336,74.69999694824219,73.25,74.23999786376953,27.929189682006836,498000
2017-12-22,FFC,75.0,77.33999633789062,74.80000305175781,76.87999725341797,28.9223575592041,901500
2017-12-25,FFC,76.87999725341797,76.87999725341797,76.87999725341797,76.87999725341797,28.9223575592041,0
2017-12-26,FFC,76.76000213623047,77.13999938964844,76.25,76.54000091552734,28.794458389282227,2285500
2017-12-27,FFC,76.9000015258789,78.0999984741211,76.5999984741211,78.0,29.343700408935547,3928500
2017-12-28,FFC,77.76000213623047,78.0,77.05000305175781,77.31999969482422,29.08789825439453,3127500
2017-12-29,FFC,77.3499984741211,80.0999984741211,77.27999877929688,79.11000061035156,29.76129722595215,4534000
2018-01-01,FFC,79.19999694824219,79.4000015258789,78.4000015258789,79.05000305175781,29.738727569580078,476000
2018-01-02,FFC,79.25,81.25,78.80000305175781,80.62999725341797,30.333120346069336,2578000
2018-01-03,FFC,80.61000061035156,80.9000015258789,80.0,80.45999908447266,30.2691650390625,2501500
2018-01-04,FFC,80.5999984741211,82.19000244140625,80.5999984741211,81.61000061035156,30.701805114746094,3450000
2018-01-05,FFC,81.5,85.0999984741211,81.0999984741211,84.58000183105469,31.819120407104492,1815500
2018-01-08,FFC,84.55000305175781,88.80000305175781,84.5,88.80000305175781,33.40668487548828,3963500
2018-01-09,FFC,90.01000213623047,93.23999786376953,89.0,90.22000122070312,33.940895080566406,6602500
2018-01-10,FFC,90.04000091552734,92.19999694824219,89.75,91.94999694824219,34.59172058105469,2537000
2018-01-11,FFC,91.9000015258789,91.9000015258789,89.8499984741211,90.26000213623047,33.95594024658203,1145500
2018-01-12,FFC,90.0,91.0,89.0,90.5199966430664,34.053741455078125,931500
2018-01-15,FFC,90.25,90.25,87.0,87.51000213623047,32.92138671875,1548000
2018-01-16,FFC,87.55000305175781,90.4000015258789,87.5,89.05999755859375,33.50450134277344,967500
2018-01-17,FFC,89.0,90.0,87.75,89.83000183105469,33.79417037963867,890000
2018-01-18,FFC,90.19999694824219,91.19999694824219,89.36000061035156,90.30000305175781,33.970977783203125,1337000
2018-01-19,FFC,90.5,91.5,89.75,90.70999908447266,34.12523651123047,1043000
2018-01-22,FFC,90.94999694824219,92.0,89.80000305175781,91.87999725341797,34.56538772583008,1389000
2018-01-23,FFC,92.0,92.19999694824219,90.5999984741211,91.25,34.32838439941406,1398500
2018-01-24,FFC,91.25,91.75,88.80000305175781,89.06999969482422,33.50825500488281,1698000
2018-01-25,FFC,89.06999969482422,89.06999969482422,89.06999969482422,89.06999969482422,33.50825500488281,0
2018-01-26,FFC,88.25,88.62000274658203,86.91000366210938,87.7300033569336,33.004146575927734,892500
2018-01-29,FFC,87.97000122070312,87.97000122070312,85.5,85.66000366210938,32.22541809082031,981000
2018-01-30,FFC,85.94999694824219,89.4800033569336,85.94999694824219,87.69000244140625,32.98910140991211,1820000
2018-01-31,FFC,88.8499984741211,92.06999969482422,88.5,90.41999816894531,34.016136169433594,3003000
2018-02-01,FFC,90.69999694824219,90.69999694824219,89.56999969482422,89.7300033569336,33.75655746459961,597500
2018-02-02,FFC,89.9000015258789,90.0,89.01000213623047,89.12000274658203,33.52708053588867,1074500
2018-02-05,FFC,89.12000274658203,89.12000274658203,89.12000274658203,89.12000274658203,33.52708053588867,0
2018-02-06,FFC,89.12000274658203,89.3499984741211,87.69999694824219,89.12000274658203,33.52708053588867,423000
2018-02-07,FFC,89.12000274658203,89.12000274658203,89.12000274658203,89.12000274658203,33.52708053588867,0
2018-02-08,FFC,89.52999877929688,90.0,88.3499984741211,88.72000122070312,33.376590728759766,374500
2018-02-09,FFC,88.72000122070312,88.72000122070312,88.72000122070312,88.72000122070312,33.376590728759766,0
2018-02-12,FFC,88.73999786376953,88.8499984741211,87.5,87.73999786376953,33.00791931152344,428000
2018-02-13,FFC,88.30000305175781,88.80000305175781,88.0,88.72000122070312,33.376590728759766,342000
2018-02-14,FFC,88.72000122070312,88.72000122070312,88.72000122070312,88.72000122070312,33.376590728759766,0
2018-02-15,FFC,88.0,88.0,86.30000305175781,86.41999816894531,32.511322021484375,364000
2018-02-16,FFC,86.30000305175781,87.25,86.1500015258789,86.7699966430664,32.64299774169922,316000
2018-02-19,FFC,86.7699966430664,87.0,86.19999694824219,86.45999908447266,32.526363372802734,318500
2018-02-20,FFC,86.5,86.95999908447266,85.0,85.77999877929688,32.27056121826172,908500
2018-02-21,FFC,86.5,87.05000305175781,85.25,85.9000015258789,32.315711975097656,471000
2018-02-22,FFC,86.01000213623047,87.25,85.01000213623047,87.05000305175781,32.74834442138672,335000
2018-02-23,FFC,87.0,87.98999786376953,86.5,86.91000366210938,32.69567108154297,374000
2018-02-26,FFC,86.66000366210938,87.1500015258789,86.0999984741211,86.87000274658203,32.68062210083008,243000
2018-02-27,FFC,86.51000213623047,87.5199966430664,86.5,87.37999725341797,32.872474670410156,259000
2018-02-28,FFC,87.48999786376953,89.0,87.3499984741211,88.66999816894531,33.3577880859375,475500
2018-03-01,FFC,89.0,89.88999938964844,88.80999755859375,89.63999938964844,33.72268295288086,584500
2018-03-02,FFC,89.88999938964844,91.0,89.4000015258789,90.54000091552734,34.061275482177734,2577500
2018-03-05,FFC,88.0,88.0,87.05999755859375,87.11000061035156,33.89396286010742,516000
2018-03-06,FFC,87.19999694824219,87.5,86.30000305175781,86.4800033569336,33.648834228515625,337500
2018-03-07,FFC,86.30000305175781,86.73999786376953,86.0,86.05000305175781,33.481529235839844,416000
2018-03-08,FFC,86.0999984741211,86.0999984741211,85.0,85.30000305175781,33.18970489501953,662000
2018-03-09,FFC,85.25,86.48999786376953,85.11000061035156,86.0199966430664,33.4698600769043,175500
2018-03-12,FFC,86.25,87.0,86.0,86.2699966430664,33.56712341308594,220000
2018-03-13,FFC,86.25,86.9000015258789,86.12000274658203,86.51000213623047,33.6605110168457,445500
2018-03-14,FFC,86.5999984741211,86.75,85.75,85.98999786376953,33.45817565917969,243000
2018-03-15,FFC,86.0,86.33000183105469,85.0,85.58999633789062,33.30255126953125,482000
2018-03-16,FFC,85.30999755859375,85.5,84.0,84.5199966430664,32.88621520996094,1139500
2018-03-19,FFC,84.63999938964844,85.0,84.3499984741211,84.61000061035156,32.921234130859375,272000
2018-03-20,FFC,84.75,86.4000015258789,84.75,85.83999633789062,33.39981460571289,415500
2018-03-21,FFC,86.0999984741211,86.97000122070312,86.05000305175781,86.19999694824219,33.53989028930664,362500
2018-03-22,FFC,86.48999786376953,88.5999984741211,86.44999694824219,88.26000213623047,34.3414192199707,1106500
2018-03-23,FFC,88.26000213623047,88.26000213623047,88.26000213623047,88.26000213623047,34.3414192199707,0
2018-03-26,FFC,88.19999694824219,89.69999694824219,88.01000213623047,89.20999908447266,34.71105194091797,2062500
2018-03-27,FFC,89.12000274658203,89.9000015258789,88.9800033569336,89.4000015258789,34.784976959228516,5437000
2018-03-28,FFC,89.41000366210938,92.69999694824219,89.41000366210938,92.05999755859375,35.819984436035156,6772500
2018-03-29,FFC,92.5,95.44999694824219,92.5,93.55999755859375,36.40361404418945,3259000
2018-03-30,FFC,93.75,94.5,93.25,94.05000305175781,36.59428405761719,617500
2018-04-02,FFC,93.75,94.9000015258789,93.25,93.58999633789062,36.41529846191406,566500
2018-04-03,FFC,93.75,97.69999694824219,93.0999984741211,96.94000244140625,37.71875762939453,3799000
2018-04-04,FFC,98.0,99.48999786376953,96.75,98.23999786376953,38.22457504272461,3930000
2018-04-05,FFC,98.5,99.0,97.05000305175781,97.37000274658203,37.886077880859375,1347500
2018-04-06,FFC,97.5999984741211,99.73999786376953,95.75,96.55000305175781,37.567012786865234,1837000
2018-04-09,FFC,96.30000305175781,101.0,96.30000305175781,100.25,39.006649017333984,3590500
2018-04-10,FFC,101.98999786376953,102.5,100.61000061035156,100.76000213623047,39.205101013183594,1812500
2018-04-11,FFC,101.0,102.8499984741211,100.5,102.0199966430664,39.69535446166992,4734500
2018-04-12,FFC,102.23999786376953,102.23999786376953,99.3499984741211,100.11000061035156,38.952186584472656,3163000
2018-04-13,FFC,100.25,101.36000061035156,99.5999984741211,99.9000015258789,38.8704833984375,2576000
2018-04-16,FFC,99.0999984741211,99.5,95.9000015258789,96.26000213623047,37.45418167114258,1255000
2018-04-17,FFC,95.5999984741211,96.48999786376953,95.23999786376953,96.18000030517578,37.42304992675781,799000
2018-04-18,FFC,96.5,97.47000122070312,95.5,95.8499984741211,37.294647216796875,688000
2018-04-19,FFC,96.19999694824219,96.25,94.5,95.41999816894531,37.12733840942383,765000
2018-04-20,FFC,95.4000015258789,96.0,94.75,95.04000091552734,36.979488372802734,813000
2018-04-23,FFC,95.25,95.25,94.0,94.52999877929688,36.78104019165039,350000
2018-04-24,FFC,94.0999984741211,95.3499984741211,94.05000305175781,95.18000030517578,37.0339469909668,1034500
2018-04-25,FFC,95.5,96.5,94.3499984741211,94.66999816894531,36.835506439208984,1363000
2018-04-26,FFC,95.0,95.55000305175781,94.5,95.4000015258789,37.11955642700195,482000
2018-04-27,FFC,95.58999633789062,100.16999816894531,95.25,99.47000122070312,38.70316696166992,3026000
2018-04-30,FFC,100.47000122070312,101.5,99.25,99.76000213623047,38.816001892089844,3553500
2018-05-01,FFC,99.76000213623047,99.76000213623047,99.76000213623047,99.76000213623047,38.816001892089844,0
2018-05-02,FFC,99.61000061035156,100.23999786376953,99.4000015258789,99.58000183105469,38.745967864990234,760500
2018-05-03,FFC,99.5,99.5,98.01000213623047,98.30000305175781,38.247928619384766,649500
2018-05-04,FFC,98.30000305175781,98.75,98.0,98.05000305175781,38.15065002441406,349000
2018-05-07,FFC,98.12000274658203,100.0,98.12000274658203,99.38999938964844,38.67203903198242,1520500
2018-05-08,FFC,99.48999786376953,99.48999786376953,97.0,97.20999908447266,37.82381820678711,719500
2018-05-09,FFC,97.80000305175781,97.80000305175781,95.0,97.44000244140625,37.91332244873047,1182500
2018-05-10,FFC,97.0199966430664,99.25,97.0,98.05000305175781,38.15065002441406,991000
2018-05-11,FFC,98.5,98.9800033569336,98.0,98.13999938964844,38.1856689453125,449500
2018-05-14,FFC,97.6500015258789,98.23999786376953,96.05000305175781,96.48999786376953,37.543670654296875,1126000
2018-05-15,FFC,96.5199966430664,96.98999786376953,95.0,96.61000061035156,37.590354919433594,481500
2018-05-16,FFC,96.8499984741211,97.05000305175781,95.75,96.58999633789062,37.58256530761719,419000
2018-05-17,FFC,96.0999984741211,96.6500015258789,96.0999984741211,96.51000213623047,37.551456451416016,273000
2018-05-18,FFC,96.30000305175781,96.51000213623047,94.0999984741211,94.69999694824219,36.84719467163086,561500
2018-05-21,FFC,94.61000061035156,95.30000305175781,94.1500015258789,94.22000122070312,36.66042709350586,2103000
2018-05-22,FFC,93.9000015258789,98.93000030517578,93.9000015258789,98.41999816894531,38.29461669921875,2272000
2018-05-23,FFC,99.0,100.55000305175781,98.5,98.75,38.42301559448242,1187500
2018-05-24,FFC,98.5999984741211,98.5999984741211,97.75,98.33000183105469,38.25959396362305,502500
2018-05-25,FFC,98.4800033569336,98.4800033569336,97.5199966430664,97.94999694824219,38.11174774169922,482500
2018-05-28,FFC,97.98999786376953,99.0,97.0,98.55999755859375,38.349090576171875,842500
2018-05-29,FFC,98.5,99.0,98.4000015258789,98.54000091552734,38.34130859375,2918000
2018-05-30,FFC,99.0,99.0,98.05000305175781,98.30000305175781,38.247928619384766,604000
2018-05-31,FFC,98.05000305175781,98.75,97.75,98.30999755859375,38.2518196105957,597000
2018-06-01,FFC,98.4000015258789,98.44999694824219,98.0,98.0999984741211,38.170108795166016,1011500
2018-06-04,FFC,98.0,98.88999938964844,97.75,98.80999755859375,38.44636154174805,407000
2018-06-05,FFC,98.98999786376953,98.98999786376953,98.19999694824219,98.37999725341797,38.279052734375,325500
2018-06-06,FFC,98.9000015258789,99.0,98.44999694824219,98.5,38.325740814208984,628500
2018-06-07,FFC,98.5,98.5,97.75,97.81999969482422,38.06116485595703,395000
2018-06-08,FFC,97.81999969482422,97.81999969482422,97.81999969482422,97.81999969482422,38.06116485595703,0
2018-06-11,FFC,98.1500015258789,98.80000305175781,97.5999984741211,98.01000213623047,38.13508987426758,1240500
2018-06-12,FFC,97.9000015258789,98.25,95.69999694824219,96.44000244140625,37.52421951293945,1925500
2018-06-13,FFC,96.55000305175781,98.23999786376953,96.5,97.9000015258789,38.09229278564453,1578500
2018-06-14,FFC,98.4000015258789,98.88999938964844,97.5,97.80000305175781,38.053375244140625,3610500
2018-06-15,FFC,97.80000305175781,97.80000305175781,97.80000305175781,97.80000305175781,38.053375244140625,0
2018-06-19,FFC,96.61000061035156,100.8499984741211,96.5,100.30999755859375,39.029998779296875,3367000
2018-06-20,FFC,100.38999938964844,101.5,99.70999908447266,100.11000061035156,38.952186584472656,2651000
2018-06-21,FFC,99.51000213623047,100.16000366210938,98.80000305175781,99.30999755859375,38.640907287597656,4839000
2018-06-22,FFC,99.0999984741211,99.3499984741211,98.05000305175781,98.77999877929688,38.43470001220703,620500
2018-06-25,FFC,98.0,98.5999984741211,95.01000213623047,95.61000061035156,37.20126724243164,1092500
2018-06-26,FFC,95.05000305175781,97.75,95.0,95.38999938964844,37.11566162109375,2926500
2018-06-27,FFC,95.56999969482422,98.9000015258789,95.56999969482422,98.29000091552734,38.24403762817383,2367000
2018-06-28,FFC,98.5,99.25,98.0,98.56999969482422,38.35298156738281,810500
2018-06-29,FFC,98.5199966430664,100.0,98.5,98.88999938964844,38.47748947143555,695500
2018-07-02,FFC,99.5,99.5,98.69999694824219,98.81999969482422,38.45025634765625,387000
2018-07-03,FFC,99.0,99.0,98.5,98.75,38.42301559448242,302500
2018-07-04,FFC,98.4000015258789,98.41999816894531,95.9000015258789,96.04000091552734,37.36857223510742,349000
2018-07-05,FFC,96.0,97.25,95.75,96.08000183105469,37.3841438293457,1619000
2018-07-06,FFC,96.0,96.5,96.0,96.12000274658203,37.39969253540039,233500
2018-07-09,FFC,96.0,96.5,93.0,94.44000244140625,36.74601364135742,1027000
2018-07-10,FFC,94.5,94.77999877929688,92.94999694824219,93.63999938964844,36.43474578857422,804500
2018-07-11,FFC,94.05000305175781,96.44999694824219,93.9000015258789,94.86000061035156,36.90943908691406,502000
2018-07-12,FFC,95.0,98.05000305175781,95.0,97.75,38.03392028808594,1209000
2018-07-13,FFC,98.0,98.05000305175781,96.30000305175781,96.5999984741211,37.58646774291992,376000
2018-07-16,FFC,97.05000305175781,99.0,94.0,95.0999984741211,37.00282287597656,993500
2018-07-17,FFC,95.48999786376953,97.0,93.25,96.69999694824219,37.62538146972656,702500
2018-07-18,FFC,96.94000244140625,99.47000122070312,96.80000305175781,99.08999633789062,38.55530548095703,859000
2018-07-19,FFC,100.25,102.75,99.5,100.05000305175781,38.92884063720703,3445000
2018-07-20,FFC,100.0999984741211,100.0999984741211,99.0,99.22000122070312,38.60589599609375,298000
2018-07-23,FFC,99.0999984741211,99.1500015258789,97.75,98.08999633789062,38.16621398925781,752500
2018-07-24,FFC,98.55000305175781,100.0,98.55000305175781,99.62000274658203,38.76152420043945,822500
2018-07-25,FFC,99.62000274658203,99.62000274658203,99.62000274658203,99.62000274658203,38.76152420043945,0
2018-07-26,FFC,100.9000015258789,101.25,99.5,100.47000122070312,39.09225845336914,1877000
2018-07-27,FFC,101.05000305175781,101.0999984741211,99.70999908447266,100.20999908447266,38.991092681884766,735500
2018-07-30,FFC,100.05999755859375,102.0,100.05999755859375,101.16000366210938,39.36073684692383,1163000
2018-07-31,FFC,101.9000015258789,102.5999984741211,99.5,99.56999969482422,38.74207305908203,1342500
2018-08-01,FFC,99.25,99.69999694824219,97.75,98.3499984741211,38.26738739013672,834500
2018-08-02,FFC,98.4000015258789,98.98999786376953,98.0,98.44999694824219,38.30629348754883,908500
2018-08-03,FFC,98.5,101.9000015258789,98.5,101.33000183105469,39.42688751220703,1647000
2018-08-06,FFC,101.11000061035156,101.25,100.44999694824219,100.94999694824219,39.27902603149414,370000
2018-08-07,FFC,101.0999984741211,101.0999984741211,100.05000305175781,100.1500015258789,38.96773910522461,207000
2018-08-08,FFC,100.05000305175781,100.75,99.80000305175781,100.20999908447266,38.991092681884766,159000
2018-08-09,FFC,100.30999755859375,100.5,100.0,100.20999908447266,38.991092681884766,617000
2018-08-10,FFC,100.30000305175781,101.0,100.22000122070312,100.5199966430664,39.11170959472656,599000
2018-08-13,FFC,100.69999694824219,101.69999694824219,100.69999694824219,101.0,39.298484802246094,1675500
2018-08-14,FFC,101.0,101.0,101.0,101.0,39.298484802246094,0
2018-08-15,FFC,101.30000305175781,102.25,101.0999984741211,101.70999908447266,39.574729919433594,2249000
2018-08-16,FFC,101.58999633789062,102.05000305175781,100.91000366210938,101.51000213623047,39.49691390991211,2513000
2018-08-17,FFC,101.5,102.19999694824219,101.5,101.75,39.590301513671875,1115500
2018-08-20,FFC,102.0,102.5999984741211,101.8499984741211,102.37000274658203,39.8315544128418,599500
2018-08-21,FFC,102.37000274658203,102.37000274658203,102.37000274658203,102.37000274658203,39.8315544128418,0
2018-08-22,FFC,102.37000274658203,102.37000274658203,102.37000274658203,102.37000274658203,39.8315544128418,0
2018-08-23,FFC,102.37000274658203,102.37000274658203,102.37000274658203,102.37000274658203,39.8315544128418,0
2018-08-24,FFC,101.5,103.80000305175781,101.5,103.68000030517578,40.341243743896484,921000
2018-08-27,FFC,103.0,103.5,102.4000015258789,102.86000061035156,40.02220153808594,1338000
2018-08-28,FFC,103.0,103.25,102.5999984741211,102.80999755859375,40.00274658203125,388000
2018-08-29,FFC,102.5999984741211,102.5999984741211,100.5,100.7300033569336,39.19343948364258,716500
2018-08-30,FFC,100.0199966430664,100.3499984741211,95.69999694824219,96.97000122070312,37.730430603027344,5221500
2018-08-31,FFC,97.0,97.86000061035156,95.75,97.48999786376953,37.932762145996094,840500
2018-09-03,FFC,97.25,97.44000244140625,96.19999694824219,97.29000091552734,37.85494613647461,272000
2018-09-04,FFC,97.38999938964844,97.38999938964844,96.4000015258789,96.87000274658203,37.69152069091797,314500
2018-09-05,FFC,96.55000305175781,96.55000305175781,95.51000213623047,96.25,37.45028305053711,615000
2018-09-06,FFC,96.25,96.9000015258789,96.25,96.33999633789062,37.48530578613281,408000
2018-09-07,FFC,95.72000122070312,97.0999984741211,95.69999694824219,96.73999786376953,37.640933990478516,337500
2018-09-10,FFC,96.01000213623047,97.9000015258789,95.69999694824219,97.6500015258789,37.99501037597656,519500
2018-09-11,FFC,97.9000015258789,98.0,95.80000305175781,97.33000183105469,37.87049865722656,533000
2018-09-12,FFC,96.61000061035156,96.98999786376953,95.33000183105469,95.51000213623047,37.1623420715332,374500
2018-09-13,FFC,95.94999694824219,97.0,95.5999984741211,96.72000122070312,37.63315963745117,1149500
2018-09-14,FFC,96.5,97.5,96.5,96.95999908447266,37.72652816772461,326500
2018-09-17,FFC,96.98999786376953,97.0,95.69999694824219,95.88999938964844,37.310211181640625,505000
2018-09-18,FFC,94.5,96.05000305175781,92.5,95.52999877929688,37.72085952758789,784500
2018-09-19,FFC,96.3499984741211,97.5,95.9800033569336,97.16999816894531,38.36842727661133,820000
2018-09-20,FFC,97.16999816894531,97.16999816894531,97.16999816894531,97.16999816894531,38.36842727661133,0
2018-09-21,FFC,97.16999816894531,97.16999816894531,97.16999816894531,97.16999816894531,38.36842727661133,0
2018-09-24,FFC,97.01000213623047,98.4000015258789,96.5999984741211,98.27999877929688,38.80672836303711,808500
2018-09-25,FFC,97.75,99.19999694824219,97.5,97.98999786376953,38.69221115112305,782000
2018-09-26,FFC,97.5199966430664,97.94999694824219,97.01000213623047,97.48999786376953,38.49478530883789,961500
2018-09-27,FFC,97.0,98.5,96.75,98.33999633789062,38.830413818359375,774500
2018-09-28,FFC,98.0,98.4000015258789,97.0,97.63999938964844,38.554012298583984,745500
2018-10-01,FFC,97.5,97.5,96.69999694824219,97.01000213623047,38.30525207519531,261000
2018-10-02,FFC,97.05999755859375,97.05999755859375,95.80999755859375,95.98999786376953,37.902503967285156,286000
2018-10-03,FFC,95.61000061035156,96.30000305175781,95.5,96.04000091552734,37.9222412109375,337500
2018-10-04,FFC,96.0,96.0,95.0,95.76000213623047,37.81167221069336,186000
2018-10-05,FFC,95.5,96.08999633789062,94.25,95.94000244140625,37.88275146484375,470000
2018-10-08,FFC,95.5,96.12000274658203,91.1500015258789,91.36000061035156,36.074302673339844,1075000
2018-10-09,FFC,93.0,95.0,92.26000213623047,94.23999786376953,37.21149444580078,917500
2018-10-10,FFC,94.25,96.94000244140625,93.5,95.16000366210938,37.57476806640625,686000
2018-10-11,FFC,95.0,95.0,93.5,93.97000122070312,37.10488510131836,118000
2018-10-12,FFC,93.0,93.0,91.01000213623047,91.2300033569336,36.022972106933594,347000
2018-10-15,FFC,92.0,92.0,88.55000305175781,89.69999694824219,35.41883087158203,491000
2018-10-16,FFC,89.69999694824219,91.19999694824219,87.0,87.04000091552734,34.36851501464844,484500
2018-10-17,FFC,88.44999694824219,89.5,88.1500015258789,89.08999633789062,35.17797088623047,280500
2018-10-18,FFC,91.0,91.0,89.3499984741211,90.12999725341797,35.588626861572266,934500
2018-10-19,FFC,90.0,90.4000015258789,89.12000274658203,90.0999984741211,35.576778411865234,534500
2018-10-22,FFC,90.0,90.30000305175781,88.75,88.9800033569336,35.1345329284668,551500
2018-10-23,FFC,89.0,89.0,87.9800033569336,88.37999725341797,34.89761734008789,252500
2018-10-24,FFC,89.98999786376953,92.79000091552734,89.98999786376953,92.66999816894531,36.5915641784668,1117000
2018-10-25,FFC,93.0,97.30000305175781,92.30000305175781,97.19000244140625,38.37633514404297,1711500
2018-10-26,FFC,97.0,100.0,95.26000213623047,99.5199966430664,39.29633712768555,1529000
2018-10-29,FFC,99.9000015258789,100.5,98.3499984741211,98.81999969482422,39.01995086669922,1157500
2018-10-30,FFC,98.80000305175781,98.80000305175781,98.0,98.33000183105469,38.82646942138672,315000
2018-10-31,FFC,97.05000305175781,99.0,96.51000213623047,98.20999908447266,38.779083251953125,411000
2018-11-01,FFC,98.0,98.69999694824219,97.69999694824219,97.8499984741211,38.636932373046875,219500
2018-11-02,FFC,97.05000305175781,98.75,96.30999755859375,98.08999633789062,38.7317008972168,256500
2018-11-05,FFC,98.0999984741211,98.4000015258789,96.5,97.94000244140625,38.6724853515625,350000
2018-11-06,FFC,97.25,98.0,97.0,97.43000030517578,38.471092224121094,428000
2018-11-07,FFC,97.94999694824219,98.75,97.52999877929688,98.31999969482422,38.82251739501953,499000
2018-11-08,FFC,98.0,99.5,98.0,98.98999786376953,39.08707046508789,722000
2018-11-09,FFC,98.05999755859375,99.08999633789062,98.05999755859375,98.80000305175781,39.01205825805664,440000
2018-11-12,FFC,98.5,99.0,98.30000305175781,98.63999938964844,38.94887161254883,173500
2018-11-13,FFC,98.0999984741211,98.98999786376953,98.0,98.73999786376953,38.98836135864258,176000
2018-11-14,FFC,98.5,99.0,98.0,98.73999786376953,38.98836135864258,236000
2018-11-15,FFC,98.9000015258789,99.87999725341797,98.30000305175781,99.7300033569336,39.379276275634766,306500
2018-11-16,FFC,99.5,100.73999786376953,99.5,100.05999755859375,39.509578704833984,660500
2018-11-19,FFC,99.08000183105469,99.08000183105469,98.0,98.23999786376953,38.79093933105469,586000
2018-11-20,FFC,98.0,99.0,97.0199966430664,98.80000305175781,39.01205825805664,253000
2018-11-21,FFC,98.80000305175781,98.80000305175781,98.80000305175781,98.80000305175781,39.01205825805664,0
2018-11-22,FFC,98.19999694824219,99.5,98.19999694824219,99.05000305175781,39.11076736450195,243000
2018-11-23,FFC,98.55000305175781,99.75,98.25,99.55000305175781,39.308197021484375,175000
2018-11-26,FFC,99.19999694824219,99.69999694824219,98.75,99.44999694824219,39.26871109008789,315500
2018-11-27,FFC,99.0999984741211,99.69999694824219,98.80999755859375,99.43000030517578,39.26081466674805,175500
2018-11-28,FFC,99.4000015258789,99.5,98.0,98.88999938964844,39.047584533691406,529500
2018-11-29,FFC,98.75,98.94999694824219,97.75,98.23999786376953,38.79093933105469,762000
2018-11-30,FFC,98.0,99.25,97.5,98.55999755859375,39.64366149902344,918500
2018-12-03,FFC,97.75,97.75,93.63999938964844,93.63999938964844,37.66468811035156,1662000
2018-12-04,FFC,93.5,96.80000305175781,93.5,93.9800033569336,37.80145263671875,780500
2018-12-05,FFC,94.19999694824219,94.5,92.86000061035156,92.98999786376953,37.40324020385742,392000
2018-12-06,FFC,93.30000305175781,93.30000305175781,90.08000183105469,91.58999633789062,36.840118408203125,552500
2018-12-07,FFC,91.5,94.8499984741211,91.5,94.25,37.9100341796875,565000
2018-12-10,FFC,94.19999694824219,96.30000305175781,94.19999694824219,96.04000091552734,38.630043029785156,363000
2018-12-11,FFC,94.30000305175781,94.5,93.0,93.05999755859375,38.14634323120117,532000
2018-12-12,FFC,93.5,93.5999984741211,92.30000305175781,93.12999725341797,38.17503356933594,1328000
2018-12-13,FFC,93.01000213623047,93.88999938964844,93.0,93.27999877929688,38.236515045166016,273000
2018-12-14,FFC,94.0,94.5,93.0,94.30999755859375,38.658721923828125,279000
2018-12-17,FFC,94.0,94.0,92.01000213623047,92.4000015258789,37.87580108642578,1000000
2018-12-18,FFC,92.0,92.05000305175781,90.98999786376953,91.83999633789062,37.6462516784668,928000
2018-12-19,FFC,91.94999694824219,92.25,91.5,92.0,37.71183776855469,459000
2018-12-20,FFC,92.19999694824219,92.19999694824219,91.5,91.73999786376953,37.605262756347656,119000
2018-12-21,FFC,91.93000030517578,92.5,91.02999877929688,91.51000213623047,37.510986328125,704000
2018-12-24,FFC,91.51000213623047,91.51000213623047,90.05999755859375,91.05999755859375,37.32651901245117,83500
2018-12-25,FFC,91.05999755859375,91.05999755859375,91.05999755859375,91.05999755859375,37.32651901245117,0
2018-12-26,FFC,90.5999984741211,92.1500015258789,90.5999984741211,91.52999877929688,37.51918029785156,259500
2018-12-27,FFC,91.98999786376953,92.19999694824219,91.80000305175781,92.01000213623047,37.715938568115234,954500
2018-12-28,FFC,92.0,92.37999725341797,91.6500015258789,91.97000122070312,37.69953536987305,446500
2018-12-31,FFC,91.94999694824219,93.19999694824219,91.0999984741211,92.8499984741211,38.06025314331055,788000
2019-01-01,FFC,93.25,94.0999984741211,92.5999984741211,94.04000091552734,38.54805374145508,310000
2019-01-02,FFC,94.25,94.5,93.0,93.75,38.429176330566406,1021500
2019-01-03,FFC,93.5,94.0,92.5999984741211,93.30999755859375,38.248817443847656,209000
2019-01-04,FFC,93.30000305175781,93.5,92.5999984741211,93.01000213623047,38.1258430480957,113000
2019-01-07,FFC,93.0999984741211,94.94999694824219,93.0999984741211,94.3499984741211,38.67512130737305,555000
2019-01-08,FFC,94.5999984741211,96.98999786376953,94.11000061035156,96.29000091552734,39.47035598754883,821500
2019-01-09,FFC,95.0999984741211,96.80000305175781,95.0999984741211,96.41999816894531,39.52364730834961,273500
2019-01-10,FFC,96.30000305175781,96.69999694824219,96.0,96.23999786376953,39.44985580444336,159500
2019-01-11,FFC,96.5999984741211,101.05000305175781,96.5999984741211,101.05000305175781,41.42153549194336,3102000
2019-01-14,FFC,105.0999984741211,105.25,103.0,103.91000366210938,42.5938835144043,3388500
2019-01-15,FFC,103.0,105.75,101.55000305175781,105.4800033569336,43.23744583129883,2074500
2019-01-16,FFC,105.25,106.5,103.80000305175781,104.25,42.733253479003906,2494500
2019-01-17,FFC,103.5,104.19999694824219,102.0999984741211,103.75,42.528297424316406,756000
2019-01-18,FFC,103.5,105.6500015258789,103.0,104.98999786376953,43.036582946777344,1177500
2019-01-21,FFC,104.5999984741211,108.0,104.5999984741211,106.80999755859375,43.782623291015625,1153500
2019-01-22,FFC,106.80000305175781,108.25,106.0999984741211,107.2300033569336,43.95477294921875,1253500
2019-01-23,FFC,107.2300033569336,108.0999984741211,104.5999984741211,105.54000091552734,43.26203536987305,1653000
2019-01-24,FFC,106.1500015258789,106.88999938964844,103.5999984741211,106.08000183105469,43.48338317871094,1780500
2019-01-25,FFC,105.88999938964844,107.69999694824219,105.88999938964844,106.58000183105469,43.688358306884766,655500
2019-01-28,FFC,106.5,106.80000305175781,105.19999694824219,106.11000061035156,43.495689392089844,210000
2019-01-29,FFC,105.6500015258789,107.0,105.05000305175781,106.79000091552734,43.774417877197266,519000
2019-01-30,FFC,107.0,107.0,105.0999984741211,105.52999877929688,43.25794219970703,651500
2019-01-31,FFC,105.9800033569336,107.5,104.72000122070312,106.77999877929688,43.77032470703125,1527000
2019-02-01,FFC,106.5199966430664,106.9800033569336,105.86000061035156,106.16999816894531,43.5202751159668,256000
2019-02-04,FFC,106.0,107.0,105.5,106.11000061035156,43.495689392089844,430500
2019-02-05,FFC,106.11000061035156,106.11000061035156,106.11000061035156,106.11000061035156,43.495689392089844,0
2019-02-06,FFC,107.0,109.5,106.69999694824219,107.94000244140625,44.245819091796875,1958500
2019-02-07,FFC,107.98999786376953,108.58999633789062,107.0,107.5199966430664,44.07366180419922,423000
2019-02-08,FFC,108.5,109.75,108.11000061035156,108.86000061035156,44.622955322265625,1551500
2019-02-11,FFC,109.0,109.4000015258789,107.1500015258789,107.55000305175781,44.08595275878906,576000
2019-02-12,FFC,107.19999694824219,109.4000015258789,107.19999694824219,109.12000274658203,44.729522705078125,1397000
2019-02-13,FFC,109.0,109.0,108.20999908447266,108.94000244140625,44.65573501586914,299500
2019-02-14,FFC,108.55000305175781,109.19999694824219,108.05000305175781,108.48999786376953,44.471275329589844,316500
2019-02-15,FFC,108.19999694824219,109.0,106.94999694824219,107.4000015258789,44.02446746826172,725500
2019-02-18,FFC,107.9800033569336,108.1500015258789,106.30000305175781,106.94000244140625,43.83591079711914,762500
2019-02-19,FFC,107.0,107.87999725341797,106.61000061035156,106.80000305175781,43.778533935546875,280000
2019-02-20,FFC,106.80000305175781,107.97000122070312,106.0199966430664,107.69999694824219,44.147438049316406,351000
2019-02-21,FFC,108.0,108.0,106.41000366210938,107.5199966430664,44.07366180419922,1047500
2019-02-22,FFC,107.4000015258789,108.0999984741211,107.0,107.98999786376953,44.26632308959961,883500
2019-02-25,FFC,108.0,109.0,107.51000213623047,108.0199966430664,44.27861404418945,538500
2019-02-26,FFC,107.9000015258789,108.4800033569336,106.05000305175781,106.51000213623047,43.65964126586914,348000
2019-02-27,FFC,106.5,107.80000305175781,103.0199966430664,106.62000274658203,43.704742431640625,785000
2019-02-28,FFC,107.80000305175781,108.0999984741211,106.05000305175781,107.13999938964844,43.91789245605469,483000
2019-03-01,FFC,107.5,108.5,107.30000305175781,107.51000213623047,44.06956481933594,345500
2019-03-04,FFC,107.9000015258789,108.5,107.0,108.36000061035156,44.417991638183594,266500
2019-03-05,FFC,108.36000061035156,108.4000015258789,107.94999694824219,108.0,44.27042007446289,126500
2019-03-06,FFC,108.05000305175781,108.05000305175781,107.0,107.56999969482422,44.094154357910156,183500
2019-03-07,FFC,107.5999984741211,107.5999984741211,106.75,107.06999969482422,43.88919448852539,255500
2019-03-08,FFC,107.0,107.0,105.16000366210938,106.0199966430664,43.45878219604492,166000
2019-03-11,FFC,106.0999984741211,106.3499984741211,105.19999694824219,105.83999633789062,43.385005950927734,187500
2019-03-12,FFC,105.9000015258789,106.1500015258789,105.5999984741211,106.0,43.450599670410156,142500
2019-03-13,FFC,106.80000305175781,106.80000305175781,105.05000305175781,105.81999969482422,43.37680435180664,283000
2019-03-14,FFC,106.48999786376953,107.0,105.9000015258789,106.3499984741211,43.59406280517578,152000
2019-03-15,FFC,106.30000305175781,107.80000305175781,106.0,106.88999938964844,43.8154182434082,978500
2019-03-18,FFC,105.0,108.12000274658203,105.0,105.73999786376953,44.9853515625,1336000
2019-03-19,FFC,105.55999755859375,106.0,104.05000305175781,105.05000305175781,44.69182205200195,588000
2019-03-20,FFC,105.30000305175781,105.80000305175781,104.9000015258789,105.33000183105469,44.810935974121094,452000
2019-03-21,FFC,105.5,105.5,104.11000061035156,104.58000183105469,44.491851806640625,234000
2019-03-22,FFC,104.5,105.0,104.5,104.73999786376953,44.5599250793457,221000
2019-03-25,FFC,104.30000305175781,104.98999786376953,103.75,104.02999877929688,44.25787353515625,265500
2019-03-26,FFC,103.80000305175781,104.0999984741211,103.0,104.02999877929688,44.25787353515625,220000
2019-03-27,FFC,104.48999786376953,105.5,104.25,105.20999908447266,44.75987243652344,447500
2019-03-28,FFC,105.5,105.5,104.0,104.30000305175781,44.37274169921875,925500
2019-03-29,FFC,104.0,104.8499984741211,103.9800033569336,104.45999908447266,44.4408073425293,253500
2019-04-01,FFC,104.0999984741211,104.0999984741211,103.26000213623047,103.41000366210938,43.99410629272461,102500
2019-04-02,FFC,104.0,104.44999694824219,103.51000213623047,103.93000030517578,44.2153205871582,191000
2019-04-03,FFC,103.25,103.5,103.0,103.0999984741211,43.86220932006836,227500
2019-04-04,FFC,103.0,103.5999984741211,102.9000015258789,103.18000030517578,43.89624786376953,331000
2019-04-05,FFC,103.0,103.01000213623047,102.12999725341797,102.79000091552734,43.7303352355957,196500
2019-04-08,FFC,102.12000274658203,103.25,102.05000305175781,102.4000015258789,43.56441116333008,723000
2019-04-09,FFC,102.05000305175781,103.0,101.0,101.5199966430664,43.19002914428711,1450500
2019-04-10,FFC,101.5,101.80000305175781,99.30000305175781,99.98999786376953,42.53911590576172,719000
2019-04-11,FFC,99.75,100.69999694824219,99.75,100.30000305175781,42.67101287841797,594000
2019-04-12,FFC,100.1500015258789,101.9000015258789,100.1500015258789,101.3499984741211,43.117706298828125,235000
2019-04-15,FFC,101.0,101.80000305175781,101.0,101.26000213623047,43.07941436767578,70000
2019-04-16,FFC,101.26000213623047,102.69999694824219,101.26000213623047,102.30999755859375,43.526119232177734,320000
2019-04-17,FFC,102.87999725341797,102.87999725341797,101.5,101.55999755859375,43.2070426940918,142000
2019-04-18,FFC,101.48999786376953,105.0,101.48999786376953,104.06999969482422,44.27488708496094,1100500
2019-04-19,FFC,104.4000015258789,107.25,104.4000015258789,106.63999938964844,45.36825942993164,620500
2019-04-22,FFC,106.0199966430664,106.5999984741211,104.55000305175781,105.5,44.88324737548828,128000
2019-04-23,FFC,105.05000305175781,105.0999984741211,104.0,104.97000122070312,44.657772064208984,354500
2019-04-24,FFC,104.5199966430664,105.0999984741211,104.25,104.63999938964844,44.51737594604492,452000
2019-04-25,FFC,104.9800033569336,105.0,104.5999984741211,104.94999694824219,44.649269104003906,389000
2019-04-26,FFC,105.25,106.0,104.5,104.62000274658203,44.508872985839844,316000
2019-04-29,FFC,106.4000015258789,106.4000015258789,104.0,104.19000244140625,44.32594299316406,174500
2019-04-30,FFC,103.98999786376953,104.4000015258789,103.0,103.91000366210938,44.206817626953125,483500
2019-05-01,FFC,103.91000366210938,103.91000366210938,103.91000366210938,103.91000366210938,44.206817626953125,0
2019-05-02,FFC,104.1500015258789,104.1500015258789,103.44999694824219,103.5,44.032386779785156,34500
2019-05-03,FFC,103.5,103.5,103.5,103.5,44.032386779785156,0
2019-05-06,FFC,101.30000305175781,101.94999694824219,101.0,101.11000061035156,43.015602111816406,230500
2019-05-07,FFC,102.4000015258789,102.4000015258789,101.0,101.3499984741211,43.117706298828125,166000
2019-05-08,FFC,101.0,101.0,98.80000305175781,99.02999877929688,42.130699157714844,491500
2019-05-09,FFC,97.69999694824219,101.0,97.5,98.43000030517578,41.87543869018555,296000
2019-05-10,FFC,97.5,98.5,97.19999694824219,98.0,41.69248962402344,210000
2019-05-13,FFC,98.9800033569336,99.5,93.0999984741211,93.11000061035156,39.61212921142578,472000
2019-05-14,FFC,93.48999786376953,93.5,92.01000213623047,92.41999816894531,39.318580627441406,408000
2019-05-15,FFC,92.5,93.0,88.4000015258789,92.19000244140625,39.22073745727539,376000
2019-05-16,FFC,92.0,93.25,91.25,91.4800033569336,38.91867446899414,117500
2019-05-17,FFC,90.05999755859375,90.05999755859375,86.91000366210938,87.1500015258789,37.07654571533203,470500
2019-05-20,FFC,88.0,88.0,85.0,86.4800033569336,36.7915153503418,531500
2019-05-21,FFC,86.5,88.25,84.69999694824219,84.87999725341797,36.110816955566406,628000
2019-05-22,FFC,86.5,89.12000274658203,85.30000305175781,89.12000274658203,37.914649963378906,634000
2019-05-23,FFC,91.69999694824219,93.56999969482422,91.0,93.55000305175781,39.79933166503906,530500
2019-05-24,FFC,95.51000213623047,98.22000122070312,94.5,97.68000030517578,41.556365966796875,884500
2019-05-27,FFC,98.05000305175781,98.05000305175781,94.0,94.26000213623047,40.10139083862305,342500
2019-05-28,FFC,93.5,93.5,89.55000305175781,90.06999969482422,38.318809509277344,340000
2019-05-29,FFC,90.06999969482422,90.06999969482422,90.06999969482422,90.06999969482422,38.318809509277344,0
2019-05-30,FFC,96.9000015258789,98.5,91.01000213623047,92.19999694824219,39.22498321533203,940000
2019-05-31,FFC,92.19999694824219,92.19999694824219,92.19999694824219,92.19999694824219,39.22498321533203,0
2019-06-03,FFC,91.5,92.0,91.0,91.05999755859375,38.739986419677734,649500
2019-06-04,FFC,91.05999755859375,91.05999755859375,91.05999755859375,91.05999755859375,38.739986419677734,0
2019-06-05,FFC,91.05999755859375,91.05999755859375,91.05999755859375,91.05999755859375,38.739986419677734,0
2019-06-06,FFC,91.05999755859375,91.05999755859375,91.05999755859375,91.05999755859375,38.739986419677734,0
2019-06-07,FFC,91.05999755859375,91.05999755859375,91.05999755859375,91.05999755859375,38.739986419677734,0
2019-06-10,FFC,89.0,94.0,88.8499984741211,91.05999755859375,38.739986419677734,949500
2019-06-11,FFC,90.0,95.61000061035156,90.0,95.5999984741211,40.671451568603516,2083000
2019-06-12,FFC,95.98999786376953,98.0,95.0199966430664,97.83000183105469,41.620174407958984,1302500
2019-06-13,FFC,96.05000305175781,98.5,95.5,96.62000274658203,42.18338394165039,725000
2019-06-14,FFC,96.69999694824219,97.75,96.5,96.69999694824219,42.21830368041992,302500
2019-06-17,FFC,96.5,96.5,93.98999786376953,94.66999816894531,41.33203125,869500
2019-06-18,FFC,94.97000122070312,95.0,92.69999694824219,93.12999725341797,40.65967559814453,258000
2019-06-19,FFC,93.0,93.0,91.30999755859375,91.80000305175781,40.079017639160156,358000
2019-06-20,FFC,90.5,93.75,90.30000305175781,93.22000122070312,40.698974609375,210500
2019-06-21,FFC,93.9800033569336,93.9800033569336,92.30000305175781,92.55000305175781,40.406463623046875,386000
2019-06-24,FFC,92.5999984741211,92.5999984741211,90.5,90.94000244140625,39.70355224609375,342500
2019-06-25,FFC,90.5,90.5,89.0,89.54000091552734,39.092315673828125,408500
2019-06-26,FFC,90.0,90.73999786376953,89.5,90.0199966430664,39.3018798828125,197500
2019-06-27,FFC,90.51000213623047,90.80000305175781,86.5,87.3499984741211,38.13618850708008,331000
2019-06-28,FFC,87.4000015258789,87.80000305175781,86.01000213623047,87.19999694824219,38.07069778442383,728500
2019-07-01,FFC,87.75,90.0,87.75,89.94000244140625,39.2669563293457,188000
2019-07-02,FFC,89.1500015258789,92.98999786376953,89.1500015258789,92.62999725341797,40.44137191772461,126000
2019-07-03,FFC,93.0,97.26000213623047,93.0,97.26000213623047,42.462791442871094,485000
2019-07-04,FFC,98.75,99.5,95.5,96.05999755859375,41.93888473510742,746500
2019-07-05,FFC,96.0,96.0,94.5,94.73999786376953,41.36259078979492,139500
2019-07-08,FFC,94.5,95.0,93.01000213623047,94.88999938964844,41.42808532714844,125000
2019-07-09,FFC,95.0,96.5,94.5,94.9800033569336,41.467384338378906,303000
2019-07-10,FFC,94.30000305175781,95.5,94.0,94.97000122070312,41.46300506591797,128000
2019-07-11,FFC,94.5,96.0,93.0999984741211,95.04000091552734,41.49356460571289,366500
2019-07-12,FFC,95.0,99.79000091552734,95.0,97.0199966430664,42.35800552368164,1519000
2019-07-15,FFC,96.12000274658203,97.5,93.69999694824219,93.9800033569336,41.030784606933594,273000
2019-07-16,FFC,94.0,94.25,91.98999786376953,93.93000030517578,41.00895690917969,716000
2019-07-17,FFC,93.9000015258789,95.4000015258789,92.69999694824219,93.0199966430664,40.61165237426758,389000
2019-07-18,FFC,93.1500015258789,93.5,92.0,92.54000091552734,40.40209197998047,346500
2019-07-19,FFC,92.0,97.13999938964844,91.4000015258789,94.08999633789062,41.07880401611328,501000
2019-07-22,FFC,95.58999633789062,95.58999633789062,93.30000305175781,94.98999786376953,41.47172546386719,532000
2019-07-23,FFC,94.5999984741211,97.0,93.80000305175781,96.72000122070312,42.22703170776367,1939000
2019-07-24,FFC,96.0,96.75,95.0,95.55000305175781,41.71623229980469,472000
2019-07-25,FFC,95.01000213623047,96.8499984741211,94.5999984741211,96.38999938964844,42.082969665527344,657500
2019-07-26,FFC,96.30000305175781,96.5,94.80000305175781,95.05000305175781,41.497928619384766,315000
2019-07-29,FFC,95.69999694824219,95.94000244140625,94.19999694824219,94.58999633789062,41.297096252441406,404000
2019-07-30,FFC,94.3499984741211,94.5,93.69999694824219,93.97000122070312,41.02640914916992,167000
2019-07-31,FFC,94.0,95.5,93.52999877929688,95.26000213623047,41.5896110534668,262500
2019-08-01,FFC,95.79000091552734,95.79000091552734,94.1500015258789,94.55999755859375,41.28399658203125,170000
2019-08-02,FFC,94.94999694824219,95.5,94.0,94.38999938964844,41.209781646728516,251500
2019-08-05,FFC,93.5,94.98999786376953,92.80000305175781,94.19000244140625,41.12246322631836,578500
2019-08-06,FFC,94.25,97.0199966430664,94.19999694824219,95.43000030517578,41.663841247558594,2169500
2019-08-07,FFC,95.43000030517578,95.43000030517578,95.43000030517578,95.43000030517578,41.663841247558594,0
2019-08-08,FFC,93.48999786376953,94.5,90.01000213623047,93.66999816894531,40.89543151855469,1748500
2019-08-09,FFC,94.48999786376953,95.01000213623047,93.26000213623047,93.47000122070312,40.8081169128418,861000
2019-08-12,FFC,93.47000122070312,93.47000122070312,93.47000122070312,93.47000122070312,40.8081169128418,0
2019-08-13,FFC,93.47000122070312,93.47000122070312,93.47000122070312,93.47000122070312,40.8081169128418,0
2019-08-14,FFC,93.47000122070312,93.47000122070312,93.47000122070312,93.47000122070312,40.8081169128418,0
2019-08-15,FFC,93.47000122070312,93.47000122070312,93.47000122070312,93.47000122070312,40.8081169128418,0
2019-08-16,FFC,91.72000122070312,92.19999694824219,89.31999969482422,90.0,39.29315185546875,1030000
2019-08-19,FFC,90.19999694824219,90.9000015258789,88.75,90.54000091552734,39.528907775878906,966500
2019-08-20,FFC,91.0,91.94999694824219,90.05000305175781,91.1500015258789,39.79522705078125,1377000
2019-08-21,FFC,91.19999694824219,92.44000244140625,90.80000305175781,91.41000366210938,39.90873718261719,617500
2019-08-22,FFC,91.43000030517578,93.30000305175781,91.43000030517578,92.94000244140625,40.57673263549805,3261500
2019-08-23,FFC,92.9000015258789,95.0199966430664,89.5,90.12999725341797,39.349910736083984,3058000
2019-08-26,FFC,90.0,91.79000091552734,87.5999984741211,88.41999816894531,38.603336334228516,890000
2019-08-27,FFC,88.38999938964844,89.88999938964844,87.01000213623047,89.55999755859375,39.1010627746582,1104500
2019-08-28,FFC,90.0,90.75,89.0,89.4800033569336,39.066131591796875,1742500
2019-08-29,FFC,89.0999984741211,93.94999694824219,88.6500015258789,93.91000366210938,41.000213623046875,4096500
2019-08-30,FFC,93.30000305175781,96.7300033569336,90.56999969482422,91.30999755859375,39.865081787109375,2872500
2019-09-02,FFC,91.94999694824219,93.5,91.69999694824219,93.06999969482422,40.63347625732422,493500
2019-09-03,FFC,94.0,94.25,92.01000213623047,92.55000305175781,40.406463623046875,336500
2019-09-04,FFC,92.0,92.4000015258789,89.0,91.4000015258789,39.90437316894531,1737500
2019-09-05,FFC,90.9000015258789,92.25,89.30000305175781,91.16999816894531,39.80396270751953,1769500
2019-09-06,FFC,91.1500015258789,91.1500015258789,90.11000061035156,90.94000244140625,39.70355224609375,367000
2019-09-09,FFC,90.94000244140625,90.94000244140625,90.94000244140625,90.94000244140625,39.70355224609375,0
2019-09-10,FFC,90.94000244140625,90.94000244140625,90.94000244140625,90.94000244140625,39.70355224609375,0
2019-09-11,FFC,91.25,93.44000244140625,91.25,92.98999786376953,40.598548889160156,1282500
2019-09-12,FFC,91.0,93.25,91.0,92.87999725341797,41.83262634277344,1324000
2019-09-13,FFC,93.0,93.44999694824219,92.0,92.83000183105469,41.81012725830078,349000
2019-09-16,FFC,93.75,93.75,92.0,92.83000183105469,41.81012725830078,384500
2019-09-17,FFC,92.5199966430664,93.23999786376953,91.25,91.5,41.211097717285156,632000
2019-09-18,FFC,91.19999694824219,91.8499984741211,90.0999984741211,90.29000091552734,40.66611862182617,161500
2019-09-19,FFC,90.29000091552734,92.25,90.25,91.86000061035156,41.37324142456055,674500
2019-09-20,FFC,91.5999984741211,92.25,91.5,91.79000091552734,41.341705322265625,698000
2019-09-23,FFC,91.4000015258789,92.25,91.3499984741211,91.94000244140625,41.40926742553711,423000
2019-09-24,FFC,92.05000305175781,92.75,91.80000305175781,92.16000366210938,41.508365631103516,317500
2019-09-25,FFC,92.0999984741211,92.38999938964844,92.0,92.06999969482422,41.46782684326172,127500
2019-09-26,FFC,92.0999984741211,92.44999694824219,91.69999694824219,92.01000213623047,41.44080352783203,208500
2019-09-27,FFC,92.25,93.0,92.0,92.94000244140625,41.85966491699219,304000
2019-09-30,FFC,92.94999694824219,94.47000122070312,92.4000015258789,93.02999877929688,41.90019607543945,1182000
2019-10-01,FFC,93.02999877929688,93.3499984741211,92.0,92.44000244140625,41.634464263916016,722000
2019-10-02,FFC,92.5,92.5999984741211,91.9000015258789,92.0999984741211,41.481319427490234,336000
2019-10-03,FFC,92.05999755859375,93.75,92.0,93.4000015258789,42.06684494018555,520000
2019-10-04,FFC,93.94000244140625,94.5,93.4000015258789,93.52999877929688,42.12538528442383,398000
2019-10-07,FFC,93.83999633789062,96.0,93.5999984741211,95.68000030517578,43.09373474121094,726000
2019-10-08,FFC,96.0,97.0,95.69999694824219,96.58999633789062,43.50359344482422,644500
2019-10-09,FFC,96.4000015258789,96.5,96.0,96.30000305175781,43.37299346923828,311500
2019-10-10,FFC,96.30000305175781,97.19999694824219,96.25,96.4800033569336,43.45405578613281,874500
2019-10-11,FFC,96.51000213623047,96.80000305175781,95.5,95.94999694824219,43.2153434753418,1334000
2019-10-14,FFC,96.19999694824219,96.19999694824219,95.01000213623047,95.23999786376953,42.895572662353516,444500
2019-10-15,FFC,95.18000030517578,95.3499984741211,94.75,95.25,42.900062561035156,472000
2019-10-16,FFC,95.25,96.5,95.25,96.19999694824219,43.32794952392578,878500
2019-10-17,FFC,96.02999877929688,96.30000305175781,95.75,95.8499984741211,43.17030715942383,289500
2019-10-18,FFC,95.5,96.75,93.55000305175781,96.54000091552734,43.48107147216797,699500
2019-10-21,FFC,96.0999984741211,96.69999694824219,95.52999877929688,96.01000213623047,43.24237823486328,1279500
2019-10-22,FFC,95.3499984741211,96.5,95.3499984741211,96.27999877929688,43.363975524902344,548500
2019-10-23,FFC,96.0,97.9000015258789,96.0,97.0199966430664,43.69725799560547,557000
2019-10-24,FFC,97.0,98.5,97.0,97.70999908447266,44.00804138183594,904500
2019-10-25,FFC,98.0,98.0,97.0,97.33000183105469,43.836891174316406,458000
2019-10-28,FFC,97.5,97.75,95.5,96.19999694824219,43.32794952392578,805500
2019-10-29,FFC,96.5,96.5,95.25,95.66999816894531,43.0892333984375,434500
2019-10-30,FFC,95.01000213623047,95.3499984741211,93.9000015258789,94.9000015258789,42.7424430847168,402000
2019-10-31,FFC,94.91000366210938,95.25,93.5,94.16000366210938,42.40913772583008,598000
2019-11-01,FFC,94.23999786376953,95.0,94.0,94.61000061035156,42.61182403564453,261500
2019-11-04,FFC,94.8499984741211,97.88999938964844,94.4000015258789,97.48999786376953,43.90895080566406,1713000
2019-11-05,FFC,97.75,98.01000213623047,96.5,96.66000366210938,43.535125732421875,264000
2019-11-06,FFC,97.25,98.80000305175781,95.9000015258789,96.22000122070312,43.336944580078125,1584500
2019-11-07,FFC,96.0999984741211,97.5,95.5,97.05999755859375,43.71528625488281,306000
2019-11-08,FFC,96.80000305175781,98.68000030517578,96.80000305175781,97.80999755859375,44.05308151245117,818500
2019-11-11,FFC,98.25,98.75,97.80000305175781,98.0,44.13865280151367,401000
2019-11-12,FFC,98.44000244140625,98.48999786376953,95.51000213623047,95.75,43.1252555847168,1122500
2019-11-13,FFC,95.98999786376953,96.4000015258789,94.0999984741211,95.77999877929688,43.13877868652344,1178500
2019-11-14,FFC,95.98999786376953,96.98999786376953,95.25,96.06999969482422,43.26940155029297,705000
2019-11-15,FFC,96.19999694824219,96.25,95.0,95.76000213623047,43.12977981567383,677500
2019-11-18,FFC,96.0,98.25,96.0,97.9800033569336,44.129642486572266,1412000
2019-11-19,FFC,98.25,99.5,97.5999984741211,98.87999725341797,44.534996032714844,2654500
2019-11-20,FFC,99.0,102.5,97.25,100.41000366210938,45.224098205566406,7010500
2019-11-21,FFC,100.41000366210938,100.41000366210938,98.01000213623047,98.30000305175781,44.27377700805664,1133500
2019-11-22,FFC,98.69999694824219,102.05999755859375,98.25,101.80000305175781,45.850154876708984,2411000
2019-11-25,FFC,101.98999786376953,103.25,101.05000305175781,102.94999694824219,46.36808776855469,1581500
2019-11-26,FFC,103.01000213623047,103.4800033569336,100.0,102.06999969482422,45.97176742553711,1634000
2019-11-27,FFC,102.0,105.01000213623047,101.0199966430664,104.58999633789062,47.10676193237305,2614500
2019-11-28,FFC,104.6500015258789,106.88999938964844,104.0,105.79000091552734,47.647216796875,6231500
2019-11-29,FFC,106.4000015258789,107.5,105.86000061035156,106.37000274658203,47.908470153808594,5764000
2019-12-02,FFC,106.69999694824219,107.8499984741211,105.30000305175781,106.51000213623047,47.97151565551758,2085000
2019-12-03,FFC,106.9000015258789,107.25,105.0999984741211,105.93000030517578,47.71027755737305,1260000
2019-12-04,FFC,104.7300033569336,105.0,103.55999755859375,104.63999938964844,48.12883377075195,749000
2019-12-05,FFC,105.0,106.25,104.61000061035156,105.18000030517578,48.37720489501953,2820000
2019-12-06,FFC,105.5,106.0,104.25,104.70999908447266,48.16102981567383,1278000
2019-12-09,FFC,105.0,106.4000015258789,104.75,104.94000244140625,48.26681900024414,1103500
2019-12-10,FFC,104.80000305175781,105.48999786376953,104.38999938964844,104.83999633789062,48.2208251953125,498500
2019-12-11,FFC,105.0,106.0,104.61000061035156,105.70999908447266,48.620994567871094,939000
2019-12-12,FFC,105.75,105.9800033569336,105.0,105.87000274658203,48.694576263427734,504500
2019-12-13,FFC,106.5,106.5,104.5,105.29000091552734,48.42780303955078,624000
2019-12-16,FFC,105.4800033569336,106.5,105.0,106.31999969482422,48.90153884887695,525000
2019-12-17,FFC,106.0,106.5,101.01000213623047,103.23999786376953,47.48490905761719,3153500
2019-12-18,FFC,102.04000091552734,104.0,101.5,103.55000305175781,47.62748718261719,1231000
2019-12-19,FFC,103.8499984741211,104.31999969482422,101.01000213623047,101.93000030517578,46.882381439208984,936500
2019-12-20,FFC,102.25,104.0,102.19999694824219,103.08999633789062,47.41591262817383,1030000
2019-12-23,FFC,103.0999984741211,103.0999984741211,101.5,101.8499984741211,46.84558868408203,745500
2019-12-24,FFC,102.0,102.5,100.51000213623047,101.93000030517578,46.882381439208984,449500
2019-12-25,FFC,101.93000030517578,101.93000030517578,101.93000030517578,101.93000030517578,46.882381439208984,0
2019-12-26,FFC,102.5,103.0,102.0,102.6500015258789,47.21354675292969,426000
2019-12-27,FFC,102.97000122070312,103.0,100.55000305175781,101.04000091552734,46.4730339050293,489500
2019-12-30,FFC,101.75,101.9800033569336,99.0,99.27999877929688,45.66352462768555,937500
2019-12-31,FFC,99.25,101.75,99.0,101.47000122070312,46.67080307006836,801500
2020-01-01,FFC,101.75,102.88999938964844,101.5999984741211,102.3499984741211,47.07555389404297,877600
2020-01-02,FFC,103.0,103.69999694824219,101.6500015258789,102.45999908447266,47.12615203857422,654300
2020-01-03,FFC,102.75,103.0,101.9000015258789,102.12000274658203,46.96977996826172,1294400
2020-01-06,FFC,101.02999877929688,101.75,99.5,99.83999633789062,45.921085357666016,606800
2020-01-07,FFC,100.0,101.75,99.75,101.2300033569336,46.5604248046875,967800
2020-01-08,FFC,100.0,101.0,98.5,98.87999725341797,45.47953414916992,628800
2020-01-09,FFC,100.9000015258789,102.0,99.80000305175781,101.70999908447266,46.781192779541016,1521300
2020-01-10,FFC,102.0,103.25,101.5,103.05000305175781,47.39751434326172,1071700
2020-01-13,FFC,103.30000305175781,103.5,102.0,102.4800033569336,47.135353088378906,415500
2020-01-14,FFC,102.4000015258789,102.98999786376953,102.0999984741211,102.56999969482422,47.1767463684082,458400
2020-01-15,FFC,102.48999786376953,102.5999984741211,101.51000213623047,101.94000244140625,46.886993408203125,300600
2020-01-16,FFC,102.0,103.44000244140625,102.0,103.05999755859375,47.402122497558594,657000
2020-01-17,FFC,103.0999984741211,103.5999984741211,102.75,103.0,47.3745231628418,778600
2020-01-20,FFC,103.48999786376953,107.7300033569336,102.6500015258789,106.63999938964844,49.04873275756836,4418500
2020-01-21,FFC,106.4000015258789,106.4000015258789,105.0,105.45999908447266,48.505985260009766,592400
2020-01-22,FFC,105.5,107.5999984741211,105.0,106.77999877929688,49.113121032714844,1208200
2020-01-23,FFC,106.77999877929688,107.3499984741211,105.8499984741211,106.16000366210938,48.82796096801758,658300
2020-01-24,FFC,105.0999984741211,107.3499984741211,105.0999984741211,106.62999725341797,49.044124603271484,295800
2020-01-27,FFC,106.5,108.0,105.55000305175781,107.58000183105469,49.4810791015625,446300
2020-01-28,FFC,107.0,107.16000366210938,106.25,106.4800033569336,48.97514343261719,236900
2020-01-29,FFC,106.25,106.75,105.3499984741211,105.55000305175781,48.54738998413086,354000
2020-01-30,FFC,105.98999786376953,107.75,104.80999755859375,105.51000213623047,48.52899169921875,1511700
2020-01-31,FFC,105.88999938964844,106.30000305175781,104.69000244140625,105.13999938964844,48.35881042480469,2159600
2020-02-03,FFC,104.69999694824219,105.5,103.75,104.43000030517578,48.032249450683594,3496900
2020-02-04,FFC,104.43000030517578,104.98999786376953,103.5,104.55000305175781,48.087440490722656,1223800
2020-02-05,FFC,104.55000305175781,104.55000305175781,104.55000305175781,104.55000305175781,48.087440490722656,0
2020-02-06,FFC,105.0,106.0,104.80000305175781,105.20999908447266,48.39099884033203,1108300
2020-02-07,FFC,105.58999633789062,106.0,104.73999786376953,105.70999908447266,48.620994567871094,2114700
2020-02-10,FFC,105.91999816894531,106.5,104.5,105.04000091552734,48.31282424926758,3099500
2020-02-11,FFC,104.80000305175781,105.80000305175781,104.80000305175781,105.52999877929688,48.53819274902344,1239900
2020-02-12,FFC,105.9000015258789,106.23999786376953,104.9800033569336,105.51000213623047,48.52899169921875,920700
2020-02-13,FFC,105.5,105.73999786376953,105.0,105.33999633789062,48.4507942199707,1357500
2020-02-14,FFC,105.48999786376953,105.75,105.0999984741211,105.44999694824219,48.50138473510742,149800
2020-02-17,FFC,105.25,105.87000274658203,105.25,105.5,48.52439498901367,1666600
2020-02-18,FFC,106.01000213623047,109.98999786376953,106.01000213623047,106.63999938964844,49.04873275756836,872200
2020-02-19,FFC,106.63999938964844,106.63999938964844,106.63999938964844,106.63999938964844,49.04873275756836,0
2020-02-20,FFC,108.0,111.3499984741211,107.75,108.02999877929688,49.688053131103516,1874100
2020-02-21,FFC,108.0,108.0999984741211,106.69999694824219,107.01000213623047,49.21891403198242,603000
2020-02-24,FFC,106.98999786376953,106.98999786376953,104.25,105.02999877929688,48.3082160949707,1215900
2020-02-25,FFC,104.98999786376953,105.8499984741211,104.0,104.20999908447266,47.93105697631836,819200
2020-02-26,FFC,104.5,104.5,103.01000213623047,103.47000122070312,47.59070587158203,900200
2020-02-27,FFC,102.01000213623047,103.69999694824219,100.5,102.38999938964844,47.093963623046875,1358000
2020-02-28,FFC,102.75,104.0,102.75,103.55999755859375,47.63208770751953,441800
2020-03-02,FFC,103.94999694824219,106.0,103.94999694824219,105.79000091552734,48.65775680541992,490700
2020-03-03,FFC,105.9000015258789,106.0,102.5,102.91999816894531,47.33771514892578,666900
2020-03-04,FFC,103.0,104.5,102.0,104.20999908447266,47.93105697631836,918300
2020-03-05,FFC,104.75,107.0,104.75,106.68000030517578,49.067115783691406,1134500
2020-03-06,FFC,103.88999938964844,103.88999938964844,99.86000061035156,100.94000244140625,47.885887145996094,2608900
2020-03-09,FFC,98.0,100.0,93.87999725341797,98.73999786376953,46.842193603515625,4829600
2020-03-10,FFC,99.0,101.69999694824219,98.7699966430664,101.4000015258789,48.10410690307617,875100
2020-03-11,FFC,101.0199966430664,102.5,100.25,100.2699966430664,47.56802749633789,510400
2020-03-12,FFC,99.9800033569336,100.25,95.0,96.36000061035156,45.7131233215332,1880900
2020-03-13,FFC,95.25,97.5,92.98999786376953,95.30999755859375,45.215003967285156,1775600
2020-03-16,FFC,95.25,95.5999984741211,88.38999938964844,88.79000091552734,42.121925354003906,3148200
2020-03-17,FFC,88.0,93.0,88.0,89.61000061035156,42.51091003417969,1834300
2020-03-18,FFC,88.5,89.0,82.88999938964844,83.0999984741211,39.42259216308594,2325800
2020-03-19,FFC,77.5,89.33000183105469,77.11000061035156,89.0,42.22153854370117,2304100
2020-03-20,FFC,90.0,92.0,86.1500015258789,89.41000366210938,42.416053771972656,1211600
2020-03-23,FFC,89.41000366210938,89.41000366210938,89.41000366210938,89.41000366210938,42.416053771972656,0
2020-03-24,FFC,82.70999908447266,83.76000213623047,82.70999908447266,82.70999908447266,39.23758316040039,1342228
2020-03-25,FFC,85.0,87.4000015258789,79.55000305175781,85.29000091552734,40.461524963378906,1136916
2020-03-26,FFC,87.5,89.0,85.0,85.75,40.67975616455078,634023
2020-03-27,FFC,85.76000213623047,89.4800033569336,84.75,88.58000183105469,42.022300720214844,1166111
2020-03-30,FFC,86.58000183105469,91.75,86.0,91.0,43.17034912109375,840545
2020-03-31,FFC,91.94999694824219,93.4800033569336,90.0,93.01000213623047,44.12387466430664,785549
2020-04-01,FFC,92.75,95.5,91.05000305175781,94.05999755859375,44.622005462646484,2011117
2020-04-02,FFC,93.5,94.0,91.91000366210938,93.5,44.35634231567383,1042124
2020-04-03,FFC,93.7699966430664,94.5199966430664,92.5,92.95999908447266,44.10017395019531,1731808
2020-04-06,FFC,93.20999908447266,93.20999908447266,89.98999786376953,90.11000061035156,42.74811935424805,458744
2020-04-07,FFC,90.9800033569336,91.3499984741211,90.25,91.0,43.17034912109375,253887
2020-04-08,FFC,91.0999984741211,92.0,90.5999984741211,91.36000061035156,43.341129302978516,189332
2020-04-09,FFC,92.38999938964844,94.80000305175781,92.0199966430664,94.55999755859375,44.85920333862305,2753281
2020-04-10,FFC,95.47000122070312,95.98999786376953,93.02999877929688,95.70999908447266,45.404762268066406,178310
2020-04-13,FFC,94.51000213623047,95.26000213623047,94.0,94.1500015258789,44.66469955444336,818342
2020-04-14,FFC,94.19999694824219,94.9000015258789,93.91000366210938,94.52999877929688,44.844966888427734,239072
2020-04-15,FFC,95.25,97.0,95.25,95.44000244140625,45.27667236328125,684720
2020-04-16,FFC,95.4000015258789,97.5,95.4000015258789,96.68000030517578,45.86494445800781,544604
2020-04-17,FFC,102.0,103.93000030517578,102.0,103.93000030517578,49.304325103759766,835256
2020-04-20,FFC,107.98999786376953,109.25,105.1500015258789,108.44000244140625,51.44387435913086,3799221
2020-04-21,FFC,107.5,107.5,103.86000061035156,104.43000030517578,49.541534423828125,597579
2020-04-22,FFC,104.25,106.0,102.9000015258789,105.30999755859375,49.95899200439453,522555
2020-04-23,FFC,105.30999755859375,105.5,104.5,104.98999786376953,49.80717849731445,1610004
2020-04-24,FFC,105.0,107.25,104.9000015258789,106.66000366210938,50.59944152832031,630194
2020-04-27,FFC,106.9800033569336,109.0,105.0,107.08000183105469,50.798683166503906,1188309
2020-04-28,FFC,107.48999786376953,107.80000305175781,106.94999694824219,107.06999969482422,50.79393768310547,319604
2020-04-29,FFC,107.80000305175781,111.0,107.05000305175781,110.01000213623047,52.188682556152344,3115669
2020-04-30,FFC,110.5,113.0,110.0999984741211,111.79000091552734,53.03310775756836,2317676
2020-05-01,FFC,111.79000091552734,111.79000091552734,111.79000091552734,111.79000091552734,53.03310775756836,0
2020-05-04,FFC,112.4000015258789,112.4000015258789,109.33000183105469,110.94999694824219,52.634613037109375,2022054
2020-05-05,FFC,110.0,110.18000030517578,108.5,109.05000305175781,51.73325729370117,892308
2020-05-06,FFC,109.0,109.25,107.69999694824219,107.91999816894531,51.19718551635742,759576
2020-05-07,FFC,107.91999816894531,107.91999816894531,107.0,107.41999816894531,50.959983825683594,353538
2020-05-08,FFC,107.5999984741211,107.5999984741211,106.36000061035156,106.94000244140625,50.732261657714844,248172
2020-05-11,FFC,106.94000244140625,107.9800033569336,106.30000305175781,107.19999694824219,50.855613708496094,176232
2020-05-12,FFC,107.91999816894531,108.0,107.0,107.69000244140625,51.08806610107422,113836
2020-05-13,FFC,107.94999694824219,108.4800033569336,107.5999984741211,108.02999877929688,51.249366760253906,74763
2020-05-14,FFC,111.0999984741211,113.0,109.80000305175781,111.12999725341797,52.72000503540039,1267024
2020-05-15,FFC,111.0999984741211,111.94999694824219,110.5,111.55999755859375,52.923988342285156,437104
2020-05-18,FFC,111.9000015258789,112.0,109.9000015258789,110.11000061035156,52.23611831665039,669083
2020-05-19,FFC,109.62000274658203,111.0,109.62000274658203,110.30999755859375,52.33098602294922,980115
2020-05-20,FFC,110.19999694824219,111.0,108.0,108.5,51.472328186035156,359212
2020-05-21,FFC,108.5,109.5,108.5,108.76000213623047,51.595680236816406,94892
2020-05-22,FFC,108.76000213623047,108.76000213623047,108.76000213623047,108.76000213623047,51.595680236816406,0
2020-05-25,FFC,108.76000213623047,108.76000213623047,108.76000213623047,108.76000213623047,51.595680236816406,0
2020-05-26,FFC,108.76000213623047,108.76000213623047,108.76000213623047,108.76000213623047,51.595680236816406,0
2020-05-27,FFC,108.76000213623047,108.76000213623047,108.76000213623047,108.76000213623047,51.595680236816406,0
2020-05-28,FFC,108.98999786376953,109.0,108.0,108.66000366210938,51.548221588134766,316524
2020-05-29,FFC,108.69999694824219,110.5,108.0,109.5199966430664,51.95621871948242,1054462
2020-06-01,FFC,109.19999694824219,109.4000015258789,108.69999694824219,109.16000366210938,51.785438537597656,194735
2020-06-02,FFC,109.0,109.0999984741211,107.26000213623047,108.05000305175781,51.25885009765625,860270
2020-06-03,FFC,108.05000305175781,108.55000305175781,105.1500015258789,107.87999725341797,51.178199768066406,505559
2020-06-04,FFC,108.25,108.75,107.9000015258789,108.2300033569336,51.344242095947266,441892
2020-06-05,FFC,108.48999786376953,108.5,108.0999984741211,108.2699966430664,51.36321258544922,235384
2020-06-08,FFC,108.2699966430664,108.7300033569336,107.80000305175781,108.02999877929688,51.249366760253906,414966
2020-06-09,FFC,108.23999786376953,108.56999969482422,107.9000015258789,108.2699966430664,51.36321258544922,614474
2020-06-10,FFC,108.45999908447266,108.5,108.0,108.38999938964844,51.420143127441406,625660
2020-06-11,FFC,108.54000091552734,110.1500015258789,108.5,109.9800033569336,52.17444610595703,704248
2020-06-12,FFC,107.98999786376953,108.0,106.5,107.75,52.30550765991211,377421
2020-06-15,FFC,107.5,107.69999694824219,106.55999755859375,107.01000213623047,51.946292877197266,512565
2020-06-16,FFC,106.9000015258789,107.25,105.54000091552734,105.97000122070312,51.441444396972656,1684969
2020-06-17,FFC,106.4000015258789,106.75,104.44999694824219,104.87999725341797,50.912315368652344,394024
2020-06-18,FFC,104.9000015258789,104.94999694824219,103.30999755859375,103.54000091552734,50.261837005615234,406734
2020-06-19,FFC,104.01000213623047,104.80000305175781,103.25,103.37999725341797,50.18416213989258,298296
2020-06-22,FFC,103.30999755859375,106.94999694824219,103.01000213623047,106.12000274658203,51.51425552368164,680838
2020-06-23,FFC,106.12000274658203,107.80000305175781,106.0199966430664,107.5199966430664,52.19386291503906,458209
2020-06-24,FFC,107.51000213623047,107.68000030517578,106.75,107.37000274658203,52.12104797363281,325704
2020-06-25,FFC,106.44999694824219,106.55000305175781,105.3499984741211,105.77999877929688,51.349205017089844,667658
2020-06-26,FFC,106.31999969482422,109.55000305175781,106.31999969482422,109.44000244140625,53.12590026855469,2088168
2020-06-29,FFC,109.4800033569336,109.5,107.76000213623047,109.06999969482422,52.9462890625,737429
2020-06-30,FFC,109.0999984741211,110.19999694824219,109.0,109.98999786376953,53.39288330078125,1785570
2020-07-01,FFC,110.01000213623047,111.98999786376953,110.0,111.38999938964844,54.0724983215332,1570707
2020-07-02,FFC,111.0,112.5,110.01000213623047,110.56999969482422,53.674434661865234,278700
2020-07-03,FFC,110.6500015258789,112.5,109.25,112.13999938964844,54.43656539916992,539657
2020-07-06,FFC,112.1500015258789,112.1500015258789,110.0,110.97000122070312,53.86860656738281,331144
2020-07-07,FFC,110.1500015258789,112.0999984741211,110.1500015258789,110.97000122070312,53.86860656738281,502956
2020-07-08,FFC,111.0999984741211,111.9000015258789,110.5,110.88999938964844,53.82976150512695,613324
2020-07-09,FFC,111.0,111.0,109.9000015258789,110.70999908447266,53.74239730834961,653146
2020-07-10,FFC,110.51000213623047,110.94999694824219,110.4000015258789,110.5199966430664,53.65016174316406,185931
2020-07-13,FFC,110.80000305175781,111.72000122070312,110.1500015258789,111.31999969482422,54.03851318359375,426433
2020-07-14,FFC,111.02999877929688,112.0,110.70999908447266,111.7699966430664,54.25696563720703,545052
2020-07-15,FFC,111.5,111.75,110.86000061035156,111.13999938964844,53.951133728027344,776586
2020-07-16,FFC,111.1500015258789,111.5,110.6500015258789,110.97000122070312,53.86860656738281,719644
2020-07-17,FFC,111.0,111.9000015258789,110.5,111.5999984741211,54.1744270324707,1090654
2020-07-20,FFC,111.5999984741211,112.0,110.51000213623047,111.23999786376953,53.999664306640625,1691163
2020-07-21,FFC,111.25,111.25,110.5,111.08999633789062,53.9268684387207,949351
2020-07-22,FFC,110.80000305175781,111.19999694824219,110.01000213623047,110.94000244140625,53.85404586791992,772112
2020-07-23,FFC,111.01000213623047,111.97000122070312,111.0,111.0199966430664,53.89287185668945,992095
2020-07-24,FFC,111.02999877929688,111.55000305175781,110.75,110.9800033569336,53.87346649169922,305148
2020-07-27,FFC,111.0,113.5,111.0,111.95999908447266,54.34918975830078,1305023
2020-07-28,FFC,112.75,112.9800033569336,111.5,111.76000213623047,54.25210952758789,719509
2020-07-29,FFC,111.55000305175781,112.0,110.25,110.5199966430664,53.65016174316406,1427692
2020-07-30,FFC,110.1500015258789,111.0,110.0,110.73999786376953,53.75695037841797,865628
2020-07-31,FFC,110.73999786376953,110.73999786376953,110.73999786376953,110.73999786376953,53.75695037841797,0
2020-08-03,FFC,110.55000305175781,111.5,110.41999816894531,110.97000122070312,53.86860656738281,1773591
2020-08-04,FFC,111.0,111.0,109.3499984741211,109.62000274658203,53.2132682800293,1451731
2020-08-05,FFC,109.5,109.95999908447266,108.5999984741211,108.79000091552734,52.81036376953125,898943
2020-08-06,FFC,109.0,109.9000015258789,108.51000213623047,109.12999725341797,52.97541427612305,1283027
2020-08-07,FFC,109.25,109.44999694824219,108.5,108.58999633789062,52.71327209472656,555024
2020-08-10,FFC,108.9800033569336,110.0,108.5199966430664,109.22000122070312,53.019107818603516,866264
2020-08-11,FFC,109.11000061035156,111.0999984741211,109.11000061035156,110.61000061035156,53.69384765625,992173
2020-08-12,FFC,113.0,118.19000244140625,113.0,114.54000091552734,55.60161209106445,6862850
2020-08-13,FFC,114.75,114.75,106.1500015258789,107.30999755859375,52.0919189453125,9844116
2020-08-14,FFC,107.30999755859375,107.30999755859375,107.30999755859375,107.30999755859375,52.0919189453125,0
2020-08-17,FFC,107.5,108.48999786376953,104.48999786376953,107.73999786376953,52.300662994384766,3196775
2020-08-18,FFC,108.0199966430664,108.88999938964844,107.70999908447266,108.01000213623047,52.43172073364258,696299
2020-08-19,FFC,108.5,108.98999786376953,104.0,108.58999633789062,52.71327209472656,2443078
2020-08-20,FFC,108.5,110.5,108.0199966430664,109.22000122070312,53.019107818603516,1913301
2020-08-21,FFC,109.0199966430664,110.0,108.5,109.30000305175781,53.05792999267578,895692
2020-08-24,FFC,109.0,110.88999938964844,107.91999816894531,108.33000183105469,52.58706283569336,1826773
2020-08-25,FFC,108.5,109.25,108.30000305175781,108.45999908447266,52.650169372558594,1540556
2020-08-26,FFC,108.80000305175781,108.9000015258789,107.7699966430664,108.19999694824219,52.52395248413086,2917330
2020-08-27,FFC,108.19999694824219,108.6500015258789,108.0,108.54000091552734,52.688995361328125,677545
2020-08-28,FFC,108.0,109.02999877929688,108.0,108.70999908447266,52.77153015136719,71807
2020-08-31,FFC,108.69999694824219,108.80000305175781,107.94999694824219,108.01000213623047,52.43172073364258,511944
2020-09-01,FFC,108.01000213623047,108.4000015258789,107.5999984741211,107.87000274658203,52.36376190185547,1746071
2020-09-02,FFC,108.0,109.80000305175781,107.25,108.37000274658203,52.60649108886719,3731770
2020-09-03,FFC,108.5,110.19999694824219,108.5,109.18000030517578,52.99967956542969,2880472
2020-09-04,FFC,109.5,109.5,108.51000213623047,108.80000305175781,52.81522750854492,801538
2020-09-07,FFC,109.25,112.05000305175781,109.25,110.58000183105469,53.67929458618164,3784856
2020-09-08,FFC,110.94999694824219,113.0,110.69999694824219,110.94999694824219,53.85890197753906,2534610
2020-09-09,FFC,110.19999694824219,111.51000213623047,110.0,111.4000015258789,54.077335357666016,1437041
2020-09-10,FFC,109.8499984741211,110.0,108.5,108.91999816894531,54.211734771728516,1635222
2020-09-11,FFC,109.2300033569336,109.94999694824219,108.5,109.5,54.500404357910156,1345414
2020-09-14,FFC,109.01000213623047,111.0,109.0,109.44000244140625,54.47054672241211,1497826
2020-09-15,FFC,109.75,110.43000030517578,109.5,109.69999694824219,54.59994125366211,575661
2020-09-16,FFC,109.69999694824219,111.11000061035156,108.75,110.62999725341797,55.062828063964844,1678253
2020-09-17,FFC,110.62999725341797,110.94999694824219,109.5199966430664,109.9000015258789,54.69950866699219,655244
2020-09-18,FFC,110.0,111.9800033569336,109.51000213623047,111.66000366210938,55.57548141479492,2219936
2020-09-21,FFC,111.5999984741211,111.5999984741211,110.25,110.36000061035156,54.92844009399414,122772
2020-09-22,FFC,110.0,110.23999786376953,108.75,109.2300033569336,54.366024017333984,506869
2020-09-23,FFC,109.01000213623047,109.6500015258789,108.75,109.04000091552734,54.27146530151367,331641
2020-09-24,FFC,109.0,110.0999984741211,109.0,109.98999786376953,54.74428939819336,330278
2020-09-25,FFC,109.0999984741211,110.75,109.0,110.45999908447266,54.978233337402344,523094
2020-09-28,FFC,110.11000061035156,110.69999694824219,108.69999694824219,109.02999877929688,54.26648712158203,572211
2020-09-29,FFC,109.0,109.80000305175781,108.19999694824219,109.19999694824219,54.35108947753906,870684
2020-09-30,FFC,109.97000122070312,109.97000122070312,107.51000213623047,107.98999786376953,53.74885559082031,473182
2020-10-01,FFC,107.55000305175781,108.30000305175781,106.91000366210938,107.5,53.50496292114258,449032
2020-10-02,FFC,107.11000061035156,107.97000122070312,107.0999984741211,107.5,53.50496292114258,743788
2020-10-05,FFC,106.55000305175781,107.5,105.5999984741211,106.0,52.75838851928711,269757
2020-10-06,FFC,106.25,106.44999694824219,104.4000015258789,105.38999938964844,52.454776763916016,894217
2020-10-07,FFC,105.55000305175781,105.9000015258789,105.0,105.13999938964844,52.33034133911133,318039
2020-10-08,FFC,105.5,107.5,105.41000366210938,106.94000244140625,53.22624588012695,485121
2020-10-09,FFC,106.9000015258789,107.9000015258789,106.5999984741211,107.38999938964844,53.45021057128906,546664
2020-10-12,FFC,107.0999984741211,108.01000213623047,106.37999725341797,106.76000213623047,53.136661529541016,388874
2020-10-13,FFC,107.0,107.0,105.75,106.12999725341797,52.823089599609375,104516
2020-10-14,FFC,106.0,106.48999786376953,105.48999786376953,106.2300033569336,52.872859954833984,165413
2020-10-15,FFC,106.05999755859375,107.0,106.05000305175781,106.62999725341797,53.07194519042969,111735
2020-10-16,FFC,106.5,107.25,105.0,106.0,52.75838851928711,409061
2020-10-19,FFC,105.75,106.25,105.4000015258789,105.91999816894531,52.718570709228516,327948
2020-10-20,FFC,106.25,107.0,105.8499984741211,106.5,53.00724411010742,341533
2020-10-21,FFC,106.5,108.0,106.5,107.88999938964844,53.69908142089844,282553
2020-10-22,FFC,107.98999786376953,109.44999694824219,107.5,108.5199966430664,54.012638092041016,590825
2020-10-23,FFC,108.0,108.8499984741211,107.5199966430664,108.04000091552734,53.773719787597656,197933
2020-10-26,FFC,108.0199966430664,109.0999984741211,107.55000305175781,107.9000015258789,53.70405197143555,200498
2020-10-27,FFC,108.0,108.75,107.5199966430664,108.12000274658203,53.813560485839844,208312
2020-10-28,FFC,108.48999786376953,110.5999984741211,107.76000213623047,108.12999725341797,53.818519592285156,1713718
2020-10-29,FFC,107.55000305175781,107.9000015258789,105.01000213623047,105.63999938964844,52.57920455932617,690008
2020-10-30,FFC,105.63999938964844,105.63999938964844,105.63999938964844,105.63999938964844,52.57920455932617,0
2020-11-02,FFC,105.5,106.0999984741211,103.9000015258789,104.80000305175781,52.161128997802734,1047310
2020-11-03,FFC,105.0,105.9800033569336,104.25,104.87999725341797,52.20094299316406,1372407
2020-11-04,FFC,105.13999938964844,105.54000091552734,104.5,104.66000366210938,52.0914306640625,204025
2020-11-05,FFC,104.80000305175781,106.48999786376953,104.70999908447266,105.66999816894531,52.59413146972656,642080
2020-11-06,FFC,106.0,106.0,104.6500015258789,104.75,52.136226654052734,424487
2020-11-09,FFC,105.0,105.5,104.73999786376953,105.12999725341797,52.325355529785156,449803
2020-11-10,FFC,105.98999786376953,106.0,104.4000015258789,104.81999969482422,52.17108154296875,1942798
2020-11-11,FFC,104.5999984741211,105.5,104.48999786376953,105.22000122070312,52.370155334472656,500831
2020-11-12,FFC,105.4800033569336,105.4800033569336,104.5199966430664,104.73999786376953,52.13125228881836,258610
2020-11-13,FFC,104.5,104.5999984741211,104.01000213623047,104.44999694824219,51.98691940307617,289895
2020-11-16,FFC,104.88999938964844,105.26000213623047,104.5,105.11000061035156,52.31540298461914,226721
2020-11-17,FFC,105.19999694824219,105.19999694824219,104.25,104.4000015258789,51.96204376220703,422377
2020-11-18,FFC,104.31999969482422,104.94999694824219,104.19999694824219,104.7300033569336,52.12627410888672,208700
2020-11-19,FFC,104.33000183105469,104.79000091552734,104.0199966430664,104.26000213623047,51.8923454284668,172969
2020-11-20,FFC,104.05999755859375,104.48999786376953,103.3499984741211,103.77999877929688,51.6534423828125,598410
2020-11-23,FFC,104.25,104.25,102.5,103.08000183105469,51.30503845214844,445841
2020-11-24,FFC,103.0,104.75,102.9000015258789,103.94000244140625,51.73307800292969,251810
2020-11-25,FFC,104.19999694824219,104.55000305175781,104.0,104.31999969482422,51.922218322753906,257589
2020-11-26,FFC,104.5,105.94999694824219,104.25,105.0,52.26066207885742,279674
2020-11-27,FFC,105.3499984741211,105.44999694824219,104.0,104.12000274658203,51.822662353515625,291420
2020-11-30,FFC,104.05000305175781,105.0,102.5999984741211,103.41000366210938,51.46928024291992,862685
2020-12-01,FFC,103.41999816894531,104.5,103.41999816894531,104.0,51.762939453125,479061
2020-12-02,FFC,104.25,104.5999984741211,103.6500015258789,103.83000183105469,51.67833709716797,1937627
2020-12-03,FFC,102.0,103.0,101.51000213623047,102.2300033569336,52.16307830810547,789135
2020-12-04,FFC,102.3499984741211,102.5,101.0,101.45999908447266,51.77016830444336,692691
2020-12-07,FFC,101.79000091552734,101.80000305175781,100.75,101.29000091552734,51.68343734741211,398549
2020-12-08,FFC,101.48999786376953,101.6500015258789,100.25,100.31999969482422,51.18849563598633,688870
2020-12-09,FFC,100.16000366210938,100.98999786376953,99.94999694824219,100.06999969482422,51.06092834472656,763677
2020-12-10,FFC,100.25,102.48999786376953,100.19999694824219,102.08999633789062,52.09162139892578,2877831
2020-12-11,FFC,102.0,102.5999984741211,101.44999694824219,102.26000213623047,52.178382873535156,721942
2020-12-14,FFC,102.4000015258789,106.75,102.4000015258789,106.16999816894531,54.17346954345703,2477200
2020-12-15,FFC,106.48999786376953,108.55000305175781,105.62000274658203,107.25,54.72453689575195,1497633
2020-12-16,FFC,107.0,109.44999694824219,107.0,107.97000122070312,55.091922760009766,1645014
2020-12-17,FFC,108.25,109.0,107.01000213623047,108.41000366210938,55.31643295288086,1412596
2020-12-18,FFC,108.0999984741211,109.22000122070312,107.98999786376953,108.18000030517578,55.19907760620117,1572739
2020-12-21,FFC,108.20999908447266,109.0,107.55999755859375,108.75,55.48991394042969,1224430
2020-12-22,FFC,108.5,110.1500015258789,108.01000213623047,109.75,56.00016403198242,1238573
2020-12-23,FFC,109.23999786376953,111.19999694824219,109.0,109.1500015258789,55.69401931762695,1766073
2020-12-24,FFC,109.0,109.9000015258789,108.5,108.80000305175781,55.51543426513672,801775
2020-12-25,FFC,108.80000305175781,108.80000305175781,108.80000305175781,108.80000305175781,55.51543426513672,0
2020-12-28,FFC,108.8499984741211,109.30000305175781,108.5,108.9800033569336,55.607269287109375,635368
2020-12-29,FFC,109.30000305175781,109.44999694824219,107.5,107.68000030517578,54.943931579589844,2124042
2020-12-30,FFC,108.18000030517578,108.48999786376953,107.5999984741211,108.27999877929688,55.25009536743164,3113983
2020-12-31,FFC,108.48999786376953,110.0,108.01000213623047,108.5,55.36235809326172,3864322
2021-01-01,FFC,108.94000244140625,110.6500015258789,108.5999984741211,109.16999816894531,55.70420837402344,1058447
2021-01-04,FFC,109.44999694824219,111.08000183105469,109.16999816894531,110.44000244140625,56.35226058959961,799327
2021-01-05,FFC,109.98999786376953,110.98999786376953,109.75,110.69000244140625,56.479801177978516,332304
2021-01-06,FFC,110.0,111.19999694824219,110.0,110.66000366210938,56.464508056640625,643851
2021-01-07,FFC,110.94999694824219,113.44999694824219,110.88999938964844,112.98999786376953,57.653385162353516,2934858
2021-01-08,FFC,112.5,113.62000274658203,111.4000015258789,111.94999694824219,57.12271499633789,1652925
2021-01-11,FFC,112.5,112.94999694824219,111.75,112.37999725341797,57.342132568359375,781814
2021-01-12,FFC,112.5,112.55000305175781,111.31999969482422,111.7699966430664,57.030879974365234,796650
2021-01-13,FFC,112.19000244140625,112.19000244140625,111.30000305175781,111.6500015258789,56.969635009765625,777297
2021-01-14,FFC,111.6500015258789,111.80000305175781,110.25,111.2699966430664,56.77574157714844,564591
2021-01-15,FFC,111.9000015258789,111.9000015258789,110.9000015258789,111.19000244140625,56.734928131103516,345412
2021-01-18,FFC,111.01000213623047,112.0,110.86000061035156,111.02999877929688,56.65328598022461,346612
2021-01-19,FFC,111.19999694824219,112.01000213623047,109.69999694824219,111.73999786376953,57.015560150146484,1467498
2021-01-20,FFC,111.25,111.5,110.25,111.38999938964844,56.83698654174805,329586
2021-01-21,FFC,110.5,111.75,110.5,111.37999725341797,56.831878662109375,164607
2021-01-22,FFC,111.4000015258789,111.5999984741211,110.75,110.94999694824219,56.61247634887695,196550
2021-01-25,FFC,111.25,112.5,111.0,112.0199966430664,57.15842819213867,652191
2021-01-26,FFC,112.1500015258789,112.75,111.5999984741211,112.25,57.27578353881836,259690
2021-01-27,FFC,112.44999694824219,113.97000122070312,112.19999694824219,113.68000030517578,58.005455017089844,576213
2021-01-28,FFC,113.9000015258789,115.0,111.0,111.44999694824219,56.86759567260742,3344534
2021-01-29,FFC,111.97000122070312,112.75,110.0,110.11000061035156,56.1838493347168,2040432
2021-02-01,FFC,110.30000305175781,110.80000305175781,109.5,110.02999877929688,56.143035888671875,723547
2021-02-02,FFC,110.5,110.5,109.5,110.25,56.255287170410156,531602
2021-02-03,FFC,110.44999694824219,111.72000122070312,109.8499984741211,110.54000091552734,56.403263092041016,1058577
2021-02-04,FFC,110.9800033569336,111.19999694824219,110.6500015258789,111.01000213623047,56.643070220947266,423296
2021-02-05,FFC,111.01000213623047,111.01000213623047,111.01000213623047,111.01000213623047,56.643070220947266,0
2021-02-08,FFC,110.9800033569336,111.47000122070312,109.0,109.4000015258789,55.82157897949219,1360266
2021-02-09,FFC,110.0,110.44000244140625,109.0199966430664,109.51000213623047,55.87771224975586,802493
2021-02-10,FFC,109.94999694824219,110.1500015258789,109.0,109.19999694824219,55.71952819824219,420113
2021-02-11,FFC,109.02999877929688,109.5999984741211,108.25,108.5999984741211,55.41337585449219,674941
2021-02-12,FFC,109.0,109.0,108.05000305175781,108.41999816894531,55.321533203125,191051
2021-02-15,FFC,108.69999694824219,109.0,107.88999938964844,107.9800033569336,55.09702682495117,484723
2021-02-16,FFC,108.0,108.9000015258789,107.91000366210938,108.58999633789062,55.40827560424805,247280
2021-02-17,FFC,109.0,110.5,109.0,109.62999725341797,55.93893051147461,748140
2021-02-18,FFC,109.8499984741211,109.8499984741211,109.0,109.02999877929688,55.632789611816406,286905
2021-02-19,FFC,109.01000213623047,109.5,108.75,109.13999938964844,55.68892288208008,163348
2021-02-22,FFC,109.48999786376953,109.9000015258789,108.25,109.41000366210938,55.826683044433594,595446
2021-02-23,FFC,109.30000305175781,109.48999786376953,108.80000305175781,109.27999877929688,55.760345458984375,212070
2021-02-24,FFC,109.01000213623047,109.5,108.5,108.86000061035156,55.546043395996094,851261
2021-02-25,FFC,109.0,109.5,109.0,109.30999755859375,55.77565383911133,557521
2021-02-26,FFC,109.5,110.97000122070312,109.0,110.44999694824219,56.35734558105469,803710
2021-03-01,FFC,110.5,110.97000122070312,109.5,110.61000061035156,56.4389762878418,460488
2021-03-02,FFC,110.8499984741211,110.8499984741211,109.75,110.31999969482422,56.291011810302734,305473
2021-03-03,FFC,110.88999938964844,110.88999938964844,110.0,110.22000122070312,56.23998260498047,140210
2021-03-04,FFC,109.0,109.8499984741211,108.51000213623047,108.81999969482422,55.525634765625,637959
2021-03-05,FFC,109.0,109.9000015258789,108.5,109.3499984741211,55.796077728271484,190060
2021-03-08,FFC,110.5,110.5,108.75,108.97000122070312,55.602169036865234,493288
2021-03-09,FFC,109.0,109.5,107.5,107.94999694824219,55.08169937133789,1644596
2021-03-10,FFC,105.5999984741211,105.5999984741211,102.75,103.30999755859375,54.42841339111328,985236
2021-03-11,FFC,103.9000015258789,103.9000015258789,101.25,102.05999755859375,53.76986312866211,798495
2021-03-12,FFC,102.5,104.0,102.0999984741211,103.43000030517578,54.491641998291016,1583436
2021-03-15,FFC,104.0,104.98999786376953,103.25,103.91999816894531,54.749794006347656,612022
2021-03-16,FFC,104.48999786376953,104.48999786376953,102.01000213623047,104.19000244140625,54.89205551147461,359253
2021-03-17,FFC,104.30000305175781,105.1500015258789,104.1500015258789,104.86000061035156,55.24503707885742,804483
2021-03-18,FFC,104.94999694824219,106.19999694824219,104.51000213623047,105.80999755859375,55.74553680419922,644180
2021-03-19,FFC,105.5,106.0,104.5,104.77999877929688,55.202880859375,673782
2021-03-22,FFC,104.26000213623047,105.0999984741211,104.0,104.69000244140625,55.15546417236328,251082
2021-03-23,FFC,104.69000244140625,104.69000244140625,104.69000244140625,104.69000244140625,55.15546417236328,0
2021-03-24,FFC,104.5,105.47000122070312,104.5,105.06999969482422,55.35568618774414,276494
2021-03-25,FFC,105.75,105.75,104.5,104.55000305175781,55.08171844482422,276544
2021-03-26,FFC,104.5,105.47000122070312,104.38999938964844,105.0,55.31879425048828,395111
2021-03-29,FFC,105.0,105.0,103.75,103.83000183105469,54.70237350463867,356647
2021-03-30,FFC,104.72000122070312,105.75,104.01000213623047,105.12000274658203,55.38200759887695,610869
2021-03-31,FFC,105.5,105.69999694824219,103.75,104.48999786376953,55.05009460449219,584612
2021-04-01,FFC,104.44999694824219,106.25,104.19999694824219,104.55999755859375,55.08698272705078,534753
2021-04-02,FFC,105.25,105.25,103.75,103.81999969482422,54.697113037109375,175733
2021-04-05,FFC,104.5999984741211,104.5,103.0,103.19000244140625,54.365196228027344,350122
2021-04-06,FFC,103.88999938964844,104.0,103.05000305175781,103.9000015258789,54.739261627197266,211917
2021-04-07,FFC,104.30000305175781,104.30000305175781,101.5,101.75,53.606536865234375,1116056
2021-04-08,FFC,102.5,104.0,101.75,102.47000122070312,53.985877990722656,1145519
2021-04-09,FFC,102.69999694824219,103.0,102.0,102.3499984741211,53.922645568847656,324151
2021-04-12,FFC,102.3499984741211,103.98999786376953,102.3499984741211,103.81999969482422,54.697113037109375,521415
2021-04-13,FFC,103.5,104.54000091552734,103.48999786376953,104.12999725341797,54.860435485839844,1915362
2021-04-14,FFC,104.48999786376953,105.77999877929688,104.1500015258789,105.30999755859375,55.48212814331055,224534
2021-04-15,FFC,105.30000305175781,106.4800033569336,105.0,106.0999984741211,55.89832305908203,599960
2021-04-16,FFC,106.4800033569336,106.5,106.0,106.04000091552734,55.86671447753906,218804
2021-04-19,FFC,106.7300033569336,106.7300033569336,104.0,104.66000366210938,55.1396598815918,257747
2021-04-20,FFC,105.1500015258789,106.0,104.80000305175781,105.33000183105469,55.492645263671875,210635
2021-04-21,FFC,105.5,105.5,103.5,103.94999694824219,54.76560974121094,259808
2021-04-22,FFC,104.0,104.6500015258789,103.25,103.54000091552734,54.549598693847656,120657
2021-04-23,FFC,103.5,104.5,102.80000305175781,103.2300033569336,54.386268615722656,170079
2021-04-26,FFC,103.05000305175781,105.98999786376953,103.02999877929688,104.77999877929688,55.202880859375,437724
2021-04-27,FFC,105.01000213623047,106.30000305175781,103.75,104.05000305175781,54.81827926635742,873710
2021-04-28,FFC,104.0,106.05000305175781,104.0,105.33999633789062,55.497920989990234,466420
2021-04-29,FFC,106.38999938964844,106.38999938964844,105.0,105.04000091552734,55.33987045288086,224910
2021-04-30,FFC,105.0,106.25,104.76000213623047,105.33000183105469,55.492645263671875,1650519
2021-05-03,FFC,105.5,106.30000305175781,104.5999984741211,106.1500015258789,55.92466735839844,401157
2021-05-04,FFC,106.1500015258789,107.5999984741211,105.6500015258789,107.4800033569336,56.625362396240234,561766
2021-05-05,FFC,107.5,108.0999984741211,107.5,108.0,56.89933776855469,390788
2021-05-06,FFC,108.0,108.25,107.0,108.01000213623047,56.904598236083984,258103
2021-05-07,FFC,108.01000213623047,108.01000213623047,108.01000213623047,108.01000213623047,56.904598236083984,0
2021-05-10,FFC,108.01000213623047,108.01000213623047,108.01000213623047,108.01000213623047,56.904598236083984,0
2021-05-11,FFC,108.01000213623047,108.01000213623047,108.01000213623047,108.01000213623047,56.904598236083984,0
2021-05-12,FFC,108.01000213623047,108.01000213623047,108.01000213623047,108.01000213623047,56.904598236083984,0
2021-05-13,FFC,108.01000213623047,108.01000213623047,108.01000213623047,108.01000213623047,56.904598236083984,0
2021-05-14,FFC,108.01000213623047,108.01000213623047,108.01000213623047,108.01000213623047,56.904598236083984,0
2021-05-17,FFC,108.0,110.19999694824219,107.4000015258789,109.25,57.557884216308594,865378
2021-05-18,FFC,108.98999786376953,109.5,108.9000015258789,109.4000015258789,57.63691329956055,390216
2021-05-19,FFC,109.5,109.5,108.55000305175781,108.93000030517578,57.38929748535156,404572
2021-05-20,FFC,108.36000061035156,109.0,108.3499984741211,108.94000244140625,57.394561767578125,101229
2021-05-21,FFC,108.80000305175781,109.0,108.5,108.9800033569336,57.41563034057617,70385
2021-05-24,FFC,109.4000015258789,109.4000015258789,108.5,109.04000091552734,57.44725799560547,397076
2021-05-25,FFC,109.0,109.0999984741211,108.5,108.80000305175781,57.32080841064453,269847
2021-05-26,FFC,108.5999984741211,109.0,107.26000213623047,107.45999908447266,56.61483383178711,819466
2021-05-27,FFC,107.30000305175781,108.44999694824219,105.5,106.36000061035156,56.03531265258789,979217
2021-05-28,FFC,106.5,108.0,106.5,107.91999816894531,56.857181549072266,363977
2021-05-31,FFC,108.25,108.8499984741211,106.51000213623047,107.38999938964844,56.57796096801758,1023882
2021-06-01,FFC,107.55000305175781,108.30000305175781,107.38999938964844,108.08000183105469,56.94147872924805,464464
2021-06-02,FFC,107.70999908447266,108.80000305175781,107.70999908447266,107.93000030517578,56.86246109008789,403884
2021-06-03,FFC,108.29000091552734,108.29000091552734,107.0,107.13999938964844,56.446250915527344,617987
2021-06-04,FFC,107.6500015258789,107.9000015258789,107.19999694824219,107.52999877929688,56.65170669555664,368430
2021-06-07,FFC,107.75,108.30000305175781,107.4000015258789,107.73999786376953,56.76234436035156,722462
2021-06-08,FFC,107.94999694824219,108.25,107.45999908447266,107.95999908447266,56.87825012207031,304579
2021-06-09,FFC,107.8499984741211,108.5999984741211,107.80999755859375,108.0999984741211,56.95201110839844,466579
2021-06-10,FFC,105.0,106.1500015258789,104.5999984741211,105.68000030517578,57.54005432128906,714611
2021-06-11,FFC,105.94999694824219,107.44999694824219,105.68000030517578,106.81999969482422,58.160736083984375,361121
2021-06-14,FFC,107.73999786376953,107.73999786376953,105.0,105.16000366210938,57.256919860839844,1924800
2021-06-15,FFC,105.19999694824219,106.5,105.16999816894531,106.2300033569336,57.83951187133789,941163
2021-06-16,FFC,106.16000366210938,107.0999984741211,106.1500015258789,106.62000274658203,58.05184555053711,1099885
2021-06-17,FFC,106.61000061035156,106.62000274658203,106.0,106.0999984741211,57.76872634887695,930373
2021-06-18,FFC,106.0999984741211,107.1500015258789,106.01000213623047,106.93000030517578,58.220638275146484,1046741
2021-06-21,FFC,106.5199966430664,106.88999938964844,106.0,106.2699966430664,57.86128234863281,575723
2021-06-22,FFC,106.0,106.5999984741211,105.94999694824219,106.08999633789062,57.763282775878906,320962
2021-06-23,FFC,106.02999877929688,107.0,106.0199966430664,106.5199966430664,57.997398376464844,442873
2021-06-24,FFC,106.5,107.19999694824219,106.0999984741211,107.05999755859375,58.291419982910156,801426
2021-06-25,FFC,106.30999755859375,107.47000122070312,106.30999755859375,107.19000244140625,58.362205505371094,317049
2021-06-28,FFC,106.80000305175781,108.0,106.80000305175781,107.01000213623047,58.264190673828125,823921
2021-06-29,FFC,107.05999755859375,107.3499984741211,106.19999694824219,106.5199966430664,57.997398376464844,650151
2021-06-30,FFC,107.0,107.0,106.0,106.0999984741211,57.76872634887695,275336
2021-07-01,FFC,106.69999694824219,106.98999786376953,106.48999786376953,106.5199966430664,57.997398376464844,123795
2021-07-02,FFC,106.79000091552734,107.19999694824219,106.5999984741211,106.98999786376953,58.25331497192383,201296
2021-07-05,FFC,106.51000213623047,107.0,105.80000305175781,106.73999786376953,58.1171989440918,341050
2021-07-06,FFC,106.5,106.80000305175781,106.19999694824219,106.27999877929688,57.86673355102539,283289
2021-07-07,FFC,106.30000305175781,106.54000091552734,105.80000305175781,106.0,57.714271545410156,234458
2021-07-08,FFC,107.25,108.0999984741211,106.0,107.8499984741211,58.7215576171875,1139485
2021-07-09,FFC,107.5,107.6500015258789,106.95999908447266,107.01000213623047,58.264190673828125,420146
2021-07-12,FFC,107.01000213623047,107.30000305175781,106.80000305175781,107.1500015258789,58.340423583984375,182358
2021-07-13,FFC,106.69999694824219,107.5999984741211,106.69999694824219,107.56999969482422,58.56910705566406,259052
2021-07-14,FFC,107.11000061035156,107.75,107.0,107.0999984741211,58.313194274902344,260896
2021-07-15,FFC,107.0,107.0,106.5,106.58999633789062,58.03550720214844,435850
2021-07-16,FFC,107.0,107.05000305175781,106.5,106.83999633789062,58.171630859375,126176
2021-07-19,FFC,106.75,107.75,106.5999984741211,107.5199966430664,58.54187774658203,317924
2021-07-20,FFC,107.5199966430664,107.5199966430664,107.5199966430664,107.5199966430664,58.54187774658203,0
2021-07-21,FFC,107.5199966430664,107.5199966430664,107.5199966430664,107.5199966430664,58.54187774658203,0
2021-07-22,FFC,107.5199966430664,107.5199966430664,107.5199966430664,107.5199966430664,58.54187774658203,0
2021-07-23,FFC,107.5199966430664,107.5199966430664,107.5199966430664,107.5199966430664,58.54187774658203,0
2021-07-26,FFC,107.94999694824219,108.0,107.63999938964844,107.9000015258789,58.7487678527832,401660
2021-07-27,FFC,107.98999786376953,109.5999984741211,107.98999786376953,109.4000015258789,59.56549072265625,783441
2021-07-28,FFC,109.44999694824219,109.61000061035156,108.9000015258789,109.26000213623047,59.4892692565918,212653
2021-07-29,FFC,109.25,109.5999984741211,108.52999877929688,109.2300033569336,59.472930908203125,492363
2021-07-30,FFC,109.23999786376953,109.23999786376953,106.25,106.58000183105469,58.03007888793945,719401
2021-08-02,FFC,106.5,107.05000305175781,106.0,106.54000091552734,58.008304595947266,421079
2021-08-03,FFC,107.0,107.5,106.41000366210938,106.55000305175781,58.01374053955078,766400
2021-08-04,FFC,106.94999694824219,106.94999694824219,106.0,106.36000061035156,57.91029357910156,267819
2021-08-05,FFC,106.5,106.9000015258789,106.25,106.33000183105469,57.89396286010742,90976
2021-08-06,FFC,106.5,106.6500015258789,106.0,106.5,57.98651885986328,69110
2021-08-09,FFC,106.69999694824219,106.80000305175781,106.5,106.54000091552734,58.008304595947266,235487
2021-08-10,FFC,106.79000091552734,106.80000305175781,105.9000015258789,106.0199966430664,57.72516632080078,177932
2021-08-11,FFC,106.5999984741211,106.51000213623047,106.0,106.23999786376953,57.84494400024414,125908
2021-08-12,FFC,106.05999755859375,106.30000305175781,105.68000030517578,106.0199966430664,57.72516632080078,320725
2021-08-13,FFC,106.0,106.5,105.80000305175781,106.01000213623047,57.71971893310547,171961
2021-08-16,FFC,106.01000213623047,106.30000305175781,105.55000305175781,105.62999725341797,57.5128173828125,112793
2021-08-17,FFC,105.5,106.0,105.5,105.5199966430664,57.45292663574219,131977
2021-08-18,FFC,105.5199966430664,105.5199966430664,105.5199966430664,105.5199966430664,57.45292663574219,0
2021-08-19,FFC,105.5199966430664,105.5199966430664,105.5199966430664,105.5199966430664,57.45292663574219,0
2021-08-20,FFC,105.75,107.0,105.08000183105469,106.43000030517578,57.948394775390625,313386
2021-08-23,FFC,106.5999984741211,107.5,106.0,106.30000305175781,57.87761306762695,222060
2021-08-24,FFC,106.0,106.5,105.5,105.56999969482422,57.48015594482422,325833
2021-08-25,FFC,106.0,106.19999694824219,105.69999694824219,105.98999786376953,57.70883560180664,535232
2021-08-26,FFC,105.98999786376953,106.0999984741211,105.5999984741211,105.75,57.57815933227539,110269
2021-08-27,FFC,105.5999984741211,106.0999984741211,105.0,105.13999938964844,57.24603271484375,471100
2021-08-30,FFC,105.5,105.80000305175781,105.44999694824219,105.52999877929688,57.458377838134766,35031
2021-08-31,FFC,106.0,106.0,105.30000305175781,105.98999786376953,57.70883560180664,116998
2021-09-01,FFC,105.98999786376953,106.0,105.55999755859375,105.88999938964844,57.654388427734375,255956
2021-09-02,FFC,105.9000015258789,105.9000015258789,105.4000015258789,105.56999969482422,57.48015594482422,222380
2021-09-03,FFC,105.94999694824219,105.94999694824219,105.55000305175781,105.75,57.57815933227539,132101
2021-09-06,FFC,105.9000015258789,106.02999877929688,105.5,105.5199966430664,57.45292663574219,209264
2021-09-07,FFC,105.94999694824219,106.30000305175781,105.44999694824219,105.79000091552734,57.59992980957031,295472
2021-09-08,FFC,105.55000305175781,106.05000305175781,105.5,105.54000091552734,57.463829040527344,380014
2021-09-09,FFC,105.5,107.0,105.02999877929688,106.2699966430664,57.86128234863281,433651
2021-09-10,FFC,106.0,106.5,106.0,106.05000305175781,57.74150466918945,123163
2021-09-13,FFC,106.48999786376953,106.5,105.4000015258789,106.0,57.714271545410156,769231
2021-09-14,FFC,106.0,106.69000244140625,105.8499984741211,106.55999755859375,58.01918411254883,654687
2021-09-15,FFC,106.88999938964844,106.88999938964844,106.0999984741211,106.54000091552734,58.008304595947266,749368
2021-09-16,FFC,106.0999984741211,106.69999694824219,106.05000305175781,106.45999908447266,57.9647331237793,267156
2021-09-17,FFC,106.0,109.5,105.98999786376953,109.04000091552734,59.36948776245117,1850620
2021-09-20,FFC,106.0,106.44000244140625,105.0999984741211,105.95999908447266,59.101749420166016,292267
2021-09-21,FFC,105.95999908447266,105.95999908447266,105.95999908447266,105.95999908447266,59.101749420166016,0
2021-09-22,FFC,105.11000061035156,105.23999786376953,104.0,104.2699966430664,58.15910720825195,315685
2021-09-23,FFC,105.69000244140625,105.69000244140625,104.0,104.33000183105469,58.19258117675781,300541
2021-09-24,FFC,105.38999938964844,105.38999938964844,103.80000305175781,104.01000213623047,58.01409149169922,349184
2021-09-27,FFC,104.69000244140625,105.1500015258789,104.5999984741211,105.0999984741211,58.622066497802734,556450
2021-09-28,FFC,105.52999877929688,105.52999877929688,104.5999984741211,104.94999694824219,58.53839874267578,498215
2021-09-29,FFC,105.0,105.37999725341797,103.75,104.0999984741211,58.06428527832031,2193396
2021-09-30,FFC,104.38999938964844,104.38999938964844,101.55000305175781,102.05999755859375,56.926429748535156,1461163
2021-10-01,FFC,102.0,102.5,101.26000213623047,101.47000122070312,56.59733963012695,452986
2021-10-04,FFC,101.47000122070312,101.47000122070312,100.5,100.80999755859375,56.229209899902344,954061
2021-10-05,FFC,101.0,101.05000305175781,99.5,99.6500015258789,55.58221435546875,1593133
2021-10-06,FFC,99.08000183105469,100.0,99.08000183105469,99.31999969482422,55.398128509521484,458614
2021-10-07,FFC,99.9000015258789,100.0,99.01000213623047,99.81999969482422,55.67700958251953,840642
2021-10-08,FFC,99.9000015258789,100.0,98.4000015258789,98.77999877929688,55.096923828125,1230782
2021-10-11,FFC,99.0,99.0,97.0,97.27999877929688,54.26027297973633,1037945
2021-10-12,FFC,97.20999908447266,97.5,95.4000015258789,96.08999633789062,53.59651565551758,2306128
2021-10-13,FFC,96.80000305175781,97.0999984741211,96.01000213623047,96.43000030517578,53.786155700683594,3052154
2021-10-14,FFC,96.25,101.9000015258789,96.25,99.47000122070312,55.481807708740234,880796
2021-10-15,FFC,99.5,101.5,97.51000213623047,100.4800033569336,56.045143127441406,448944
2021-10-18,FFC,100.5,100.5,98.4000015258789,99.18000030517578,55.32003402709961,865481
2021-10-19,FFC,99.18000030517578,99.18000030517578,99.18000030517578,99.18000030517578,55.32003402709961,0
2021-10-20,FFC,100.48999786376953,100.55000305175781,99.05000305175781,99.70999908447266,55.615657806396484,722796
2021-10-21,FFC,99.83999633789062,100.62999725341797,99.5,99.9000015258789,55.721641540527344,4940251
2021-10-22,FFC,100.80000305175781,100.8499984741211,99.0,99.22000122070312,55.34235763549805,1216962
2021-10-25,FFC,99.75,100.25,99.75,99.22000122070312,55.34235763549805,184163
2021-10-26,FFC,99.80000305175781,100.5,99.79000091552734,100.11000061035156,55.838775634765625,320509
2021-10-27,FFC,100.44999694824219,103.0,100.0,102.12000274658203,56.95989227294922,1156362
2021-10-28,FFC,102.01000213623047,102.5,101.83000183105469,102.4000015258789,57.116065979003906,361594
2021-10-29,FFC,102.25,103.1500015258789,102.25,102.79000091552734,57.33359909057617,1340401
2021-11-01,FFC,103.0,104.0999984741211,103.0,103.9800033569336,57.997371673583984,1502190
2021-11-02,FFC,103.69999694824219,104.1500015258789,103.69999694824219,103.98999786376953,58.002925872802734,1232905
2021-11-03,FFC,104.5,105.0,103.75,104.91000366210938,58.516090393066406,1381543
2021-11-04,FFC,104.94999694824219,105.58000183105469,104.5,105.19999694824219,58.6778450012207,822730
2021-11-05,FFC,101.98999786376953,102.5,101.0,101.76000213623047,58.85713577270508,667451
2021-11-08,FFC,101.5,104.0,101.5,103.58000183105469,59.90980911254883,1116785
2021-11-09,FFC,103.88999938964844,105.0999984741211,103.80000305175781,104.22000122070312,60.27998733520508,2145962
2021-11-10,FFC,104.91000366210938,105.1500015258789,104.0,104.8499984741211,60.64437484741211,764631
2021-11-11,FFC,104.55999755859375,105.98999786376953,104.55000305175781,105.56999969482422,61.060813903808594,780033
2021-11-12,FFC,105.9000015258789,105.94999694824219,104.25,104.56999969482422,60.482421875,506321
2021-11-15,FFC,104.5,105.98999786376953,104.0,105.69999694824219,61.13601303100586,777170
2021-11-16,FFC,105.75,106.19999694824219,105.4000015258789,105.97000122070312,61.29216766357422,962951
2021-11-17,FFC,105.97000122070312,106.5,105.4000015258789,106.06999969482422,61.35000991821289,746088
2021-11-18,FFC,106.3499984741211,106.5,105.01000213623047,105.7300033569336,61.15335464477539,1101426
2021-11-19,FFC,105.08999633789062,106.80000305175781,105.08999633789062,106.29000091552734,61.47724533081055,1472457
2021-11-22,FFC,106.0,106.0,104.75,105.02999877929688,60.74848175048828,387223
2021-11-23,FFC,105.5,105.5,104.01000213623047,104.0999984741211,60.2105712890625,470257
2021-11-24,FFC,104.48999786376953,104.48999786376953,101.0,101.02999877929688,58.43492126464844,1233337
2021-11-25,FFC,102.48999786376953,102.48999786376953,100.05000305175781,100.13999938964844,57.92015838623047,1007375
2021-11-26,FFC,100.9000015258789,101.75,99.9000015258789,100.83000183105469,58.319236755371094,715598
2021-11-29,FFC,100.83000183105469,103.25,100.20999908447266,102.62999725341797,59.3603401184082,741128
2021-11-30,FFC,102.6500015258789,103.19999694824219,100.0999984741211,100.80999755859375,58.30767059326172,10728365
2021-12-01,FFC,100.98999786376953,102.0199966430664,100.19999694824219,101.6500015258789,58.79351806640625,1175149
2021-12-02,FFC,101.9000015258789,101.9000015258789,98.05999755859375,99.05000305175781,57.289703369140625,1680465
2021-12-03,FFC,99.01000213623047,101.25,98.0,99.37999725341797,57.480567932128906,1536719
2021-12-06,FFC,100.0,100.30000305175781,98.55000305175781,98.61000061035156,57.03520202636719,454995
2021-12-07,FFC,99.80000305175781,100.0,99.0,99.20999908447266,57.38223648071289,780006
2021-12-08,FFC,99.98999786376953,99.98999786376953,98.0,98.87999725341797,57.19136047363281,649092
2021-12-09,FFC,99.0,100.0,98.5,99.76000213623047,57.70036315917969,211230
2021-12-10,FFC,100.0,101.19999694824219,99.5,100.55000305175781,58.157283782958984,429324
2021-12-13,FFC,100.75,101.0,99.88999938964844,100.41999816894531,58.08209991455078,473128
2021-12-14,FFC,100.19999694824219,100.9000015258789,100.05000305175781,100.37999725341797,58.058963775634766,357369
2021-12-15,FFC,100.8499984741211,101.19999694824219,100.25,100.61000061035156,58.191993713378906,795547
2021-12-16,FFC,100.5,100.5,99.23999786376953,99.44999694824219,57.52106857299805,547028
2021-12-17,FFC,99.01000213623047,100.0,98.5999984741211,99.04000091552734,57.28391647338867,1123166
2021-12-20,FFC,99.6500015258789,99.9000015258789,98.75,99.05999755859375,57.29548645019531,1097887
2021-12-21,FFC,99.0999984741211,99.75,98.5,98.9800033569336,57.24921417236328,469785
2021-12-22,FFC,99.0,99.48999786376953,98.9000015258789,99.41000366210938,57.497928619384766,283791
2021-12-23,FFC,99.25,99.55000305175781,98.98999786376953,98.98999786376953,57.25499725341797,985160
2021-12-24,FFC,99.48999786376953,99.48999786376953,98.94999694824219,98.98999786376953,57.25499725341797,219565
2021-12-27,FFC,99.38999938964844,99.38999938964844,98.0,98.22000122070312,56.809635162353516,407004
2021-12-28,FFC,98.19999694824219,98.73999786376953,97.25,97.58999633789062,56.44523620605469,704103
2021-12-29,FFC,97.5999984741211,98.5999984741211,97.5999984741211,98.05999755859375,56.71709442138672,480311
2021-12-30,FFC,98.44999694824219,99.0,98.0,98.5,56.97157287597656,306942
2021-12-31,FFC,98.75,100.9000015258789,98.75,100.26000213623047,57.98955535888672,780087
2022-01-03,FFC,100.2699966430664,101.5,100.0,101.25,58.56216049194336,341757
2022-01-04,FFC,101.6500015258789,101.75,100.69999694824219,101.04000091552734,58.44070053100586,757324
2022-01-05,FFC,101.0,101.88999938964844,100.5999984741211,101.31999969482422,58.602638244628906,304109
2022-01-06,FFC,101.1500015258789,102.0,101.0,101.7699966430664,58.86292266845703,907855
2022-01-07,FFC,101.5,103.9800033569336,101.5,103.75,60.008148193359375,1003110
2022-01-10,FFC,103.80000305175781,104.88999938964844,103.0999984741211,103.70999908447266,59.98500442504883,978888
2022-01-11,FFC,103.25,104.55000305175781,103.25,103.98999786376953,60.14694595336914,646293
2022-01-12,FFC,103.3499984741211,104.98999786376953,103.3499984741211,104.69000244140625,60.551841735839844,761744
2022-01-13,FFC,104.5,104.69000244140625,103.51000213623047,104.19999694824219,60.2684326171875,386159
2022-01-14,FFC,104.19999694824219,105.25,104.0,104.97000122070312,60.713783264160156,737440
2022-01-17,FFC,104.98999786376953,105.55000305175781,104.6500015258789,105.37000274658203,60.945125579833984,509980
2022-01-18,FFC,105.1500015258789,105.48999786376953,105.0,105.30000305175781,60.90465545654297,367877
2022-01-19,FFC,104.5,105.30000305175781,104.0199966430664,104.19999694824219,60.2684326171875,157210
2022-01-20,FFC,103.8499984741211,104.30000305175781,103.5,104.08999633789062,60.20478820800781,306981
2022-01-21,FFC,104.08999633789062,104.5,103.69999694824219,104.12999725341797,60.227928161621094,333382
2022-01-24,FFC,104.0,105.69999694824219,104.0,105.54000091552734,61.043460845947266,969123
2022-01-25,FFC,105.69999694824219,107.0,105.25,106.62999725341797,61.67390823364258,1349241
2022-01-26,FFC,107.08999633789062,107.08999633789062,105.51000213623047,105.94000244140625,61.27482223510742,370904
2022-01-27,FFC,105.5999984741211,106.0,105.51000213623047,105.66000366210938,61.112857818603516,464406
2022-01-28,FFC,106.23999786376953,106.4000015258789,105.69000244140625,106.0,61.309513092041016,224451
2022-01-31,FFC,106.5,107.1500015258789,106.0,106.69000244140625,61.70862579345703,1320640
2022-02-01,FFC,107.0,108.4800033569336,106.80000305175781,108.33999633789062,62.6629524230957,967013
2022-02-02,FFC,108.5,108.5,107.94999694824219,108.37999725341797,62.68610382080078,763788
2022-02-03,FFC,108.98999786376953,108.98999786376953,107.30000305175781,107.51000213623047,62.18289566040039,881667
2022-02-04,FFC,107.94999694824219,111.80000305175781,107.80999755859375,109.04000091552734,63.067832946777344,4942075
2022-02-07,FFC,109.75,110.0,109.05000305175781,109.37000274658203,63.25870895385742,707098
2022-02-08,FFC,109.5,111.0,109.26000213623047,109.69000244140625,63.443790435791016,2096094
2022-02-09,FFC,110.0,111.9000015258789,109.51000213623047,110.69000244140625,64.02217864990234,5668246
2022-02-10,FFC,111.0,111.19999694824219,109.48999786376953,110.05999755859375,63.65778350830078,1050429
2022-02-11,FFC,109.51000213623047,111.0,109.5,110.9800033569336,64.1899185180664,487711
2022-02-14,FFC,110.01000213623047,111.08999633789062,108.5,109.06999969482422,63.085182189941406,1181222
2022-02-15,FFC,109.0999984741211,109.6500015258789,108.1500015258789,109.02999877929688,63.06205368041992,475072
2022-02-16,FFC,108.8499984741211,109.5,108.69999694824219,109.3499984741211,63.24714279174805,359964
2022-02-17,FFC,109.69999694824219,110.0,108.5,109.83000183105469,63.5247688293457,308772
2022-02-18,FFC,109.4000015258789,110.11000061035156,109.0,109.8499984741211,63.53633499145508,506503
2022-02-21,FFC,110.0,110.25,109.01000213623047,109.12999725341797,63.11988067626953,170671
2022-02-22,FFC,109.0,109.12999725341797,107.77999877929688,108.66999816894531,62.85382080078125,261579
2022-02-23,FFC,108.69999694824219,108.69999694824219,107.5,108.36000061035156,62.674522399902344,253751
2022-02-24,FFC,107.5,108.47000122070312,105.80000305175781,106.0,61.309513092041016,543116
2022-02-25,FFC,106.25,108.25,105.9800033569336,107.91000366210938,62.41425323486328,1279826
2022-02-28,FFC,108.25,109.88999938964844,107.0199966430664,109.2300033569336,63.177734375,1035021
2022-03-01,FFC,110.0,110.0,108.5999984741211,108.87000274658203,62.96950912475586,228198
2022-03-02,FFC,108.51000213623047,108.75,107.25,108.02999877929688,62.4836540222168,349436
2022-03-03,FFC,108.19999694824219,108.19999694824219,107.25,107.98999786376953,62.46053695678711,306805
2022-03-04,FFC,108.0,108.5999984741211,107.5,108.45999908447266,62.73236846923828,387676
2022-03-07,FFC,108.0,108.0,107.0,107.4000015258789,62.11927032470703,92990
2022-03-08,FFC,107.30000305175781,108.0,106.5999984741211,106.95999908447266,61.86478042602539,361974
2022-03-09,FFC,107.83999633789062,108.05000305175781,106.80000305175781,107.9800033569336,62.45474624633789,511458
2022-03-10,FFC,108.0,108.23999786376953,107.0,107.19000244140625,61.99781799316406,595788
2022-03-11,FFC,107.80000305175781,107.83999633789062,107.0,107.08000183105469,61.93418884277344,393418
2022-03-14,FFC,110.0,110.5999984741211,108.5,109.51000213623047,63.339683532714844,1355051
2022-03-15,FFC,109.25,110.0,109.0199966430664,109.94000244140625,63.58838653564453,266648
2022-03-16,FFC,109.97000122070312,110.0,109.5,109.94000244140625,63.58838653564453,797895
2022-03-17,FFC,105.1500015258789,106.0,105.1500015258789,105.69000244140625,63.8299674987793,218762
2022-03-18,FFC,106.0,109.37999725341797,104.1500015258789,107.7300033569336,65.06200408935547,1784972
2022-03-21,FFC,108.9800033569336,111.0,108.0,110.41999816894531,66.68658447265625,1642185
2022-03-22,FFC,110.41999816894531,110.8499984741211,109.7699966430664,110.05999755859375,66.46916198730469,2638601
2022-03-23,FFC,110.05999755859375,110.05999755859375,110.05999755859375,110.05999755859375,66.46916198730469,0
2022-03-24,FFC,110.05999755859375,112.8499984741211,109.0,111.33999633789062,67.24219512939453,1370683
2022-03-25,FFC,111.33999633789062,113.2300033569336,111.0199966430664,111.91000366210938,67.58644104003906,2041721
2022-03-28,FFC,110.80000305175781,111.9000015258789,109.5,111.38999938964844,67.27240753173828,1761070
2022-03-29,FFC,112.0,113.25,111.6500015258789,112.76000213623047,68.09977722167969,1269171
2022-03-30,FFC,112.48999786376953,112.48999786376953,111.0999984741211,111.77999877929688,67.50794219970703,564909
2022-03-31,FFC,111.20999908447266,114.5,111.20999908447266,113.72000122070312,68.67957305908203,2160915
2022-04-01,FFC,112.30000305175781,115.97000122070312,112.30000305175781,114.62999725341797,69.2291488647461,841120
2022-04-04,FFC,112.5,114.5,111.6500015258789,114.05000305175781,68.87886047363281,428939
2022-04-05,FFC,113.25,117.16000366210938,113.25,114.36000061035156,69.06608581542969,1732889
2022-04-06,FFC,114.05000305175781,116.5,114.05000305175781,114.2699966430664,69.01172637939453,507183
2022-04-07,FFC,115.0,115.0,114.0,114.51000213623047,69.15666961669922,510108
2022-04-08,FFC,114.0,115.73999786376953,113.5,115.30999755859375,69.63981628417969,437230
2022-04-11,FFC,116.1500015258789,118.29000091552734,115.30999755859375,117.48999786376953,70.9563980102539,1241790
2022-04-12,FFC,117.94999694824219,118.55000305175781,116.38999938964844,118.05000305175781,71.29460144042969,1336867
2022-04-13,FFC,117.20999908447266,119.83999633789062,117.20999908447266,117.97000122070312,71.24628448486328,1492130
2022-04-14,FFC,118.0,118.5,117.0,118.12000274658203,71.33687591552734,402667
2022-04-15,FFC,117.5999984741211,119.5,117.5999984741211,119.23999786376953,72.01329040527344,226503
2022-04-18,FFC,118.19999694824219,121.80000305175781,118.19999694824219,121.36000061035156,73.29364013671875,1098830
2022-04-19,FFC,120.98999786376953,126.4000015258789,120.98999786376953,123.41000366210938,74.53170013427734,3150366
2022-04-20,FFC,124.75,124.87999725341797,121.5999984741211,122.23999786376953,73.82508850097656,896780
2022-04-21,FFC,122.80999755859375,123.4000015258789,121.72000122070312,122.01000213623047,73.6861801147461,561837
2022-04-22,FFC,122.5,122.5,121.5999984741211,121.8499984741211,73.58956146240234,89684
2022-04-25,FFC,123.48999786376953,126.01000213623047,121.86000061035156,125.70999908447266,75.9207534790039,721065
2022-04-26,FFC,125.02999877929688,127.5,124.76000213623047,126.88999938964844,76.63340759277344,853478
2022-04-27,FFC,125.75,128.88999938964844,120.5,122.16999816894531,73.78280639648438,1708789
2022-04-28,FFC,122.0,122.0,114.0,120.30000305175781,72.6534652709961,3634183
2022-04-29,FFC,120.30000305175781,120.30000305175781,120.30000305175781,120.30000305175781,72.6534652709961,0
2022-05-02,FFC,120.30000305175781,120.30000305175781,120.30000305175781,120.30000305175781,72.6534652709961,0
2022-05-03,FFC,120.30000305175781,120.30000305175781,120.30000305175781,120.30000305175781,72.6534652709961,0
2022-05-04,FFC,120.30000305175781,120.30000305175781,120.30000305175781,120.30000305175781,72.6534652709961,0
2022-05-05,FFC,120.30000305175781,120.30000305175781,120.30000305175781,120.30000305175781,72.6534652709961,0
2022-05-06,FFC,120.5,122.44999694824219,120.44999694824219,121.16999816894531,73.17887115478516,529409
2022-05-09,FFC,122.0,122.01000213623047,117.05999755859375,120.9000015258789,73.01582336425781,1301128
2022-05-10,FFC,119.0,119.01000213623047,117.0999984741211,118.19999694824219,73.63883209228516,1390001
2022-05-11,FFC,117.80000305175781,118.0999984741211,115.1500015258789,116.37999725341797,72.50495147705078,1719186
2022-05-12,FFC,116.38999938964844,116.38999938964844,113.25,115.38999938964844,71.88819122314453,1175214
2022-05-13,FFC,114.80000305175781,116.94999694824219,114.25,115.83999633789062,72.16853332519531,233465
2022-05-16,FFC,115.80000305175781,115.80000305175781,113.51000213623047,114.70999908447266,71.46454620361328,352384
2022-05-17,FFC,114.0,115.7300033569336,114.0,115.48999786376953,71.95049285888672,256964
2022-05-18,FFC,115.01000213623047,117.4000015258789,115.0,116.86000061035156,72.80400085449219,553741
2022-05-19,FFC,116.0199966430664,118.44999694824219,116.0,117.58999633789062,73.25879669189453,243029
2022-05-20,FFC,118.0,118.98999786376953,117.75,118.30000305175781,73.70111846923828,176740
2022-05-23,FFC,116.75,117.94999694824219,116.0,116.54000091552734,72.6046371459961,531674
2022-05-24,FFC,116.5,117.08000183105469,114.25,114.55000305175781,71.36488342285156,1029910
2022-05-25,FFC,114.25,114.25,111.0,112.9000015258789,70.33692169189453,1438889
2022-05-26,FFC,112.9000015258789,113.4000015258789,111.5999984741211,112.97000122070312,70.38053131103516,432588
2022-05-27,FFC,113.9000015258789,116.05000305175781,113.9000015258789,114.73999786376953,71.48323822021484,740796
2022-05-30,FFC,115.94999694824219,115.94999694824219,114.05000305175781,114.73999786376953,71.48323822021484,141581
2022-05-31,FFC,115.0,115.5,113.0,115.1500015258789,71.73866271972656,1721838
2022-06-01,FFC,114.5,115.30000305175781,113.5,113.6500015258789,70.80416870117188,1025865
2022-06-02,FFC,113.94999694824219,113.94999694824219,112.0,112.44000244140625,70.05033874511719,277076
2022-06-03,FFC,112.98999786376953,112.98999786376953,109.11000061035156,109.80999755859375,68.41183471679688,512855
2022-06-06,FFC,109.0,110.48999786376953,107.5,109.66000366210938,68.31838989257812,502471
2022-06-07,FFC,110.0,110.86000061035156,109.4000015258789,109.5999984741211,68.28101348876953,99858
2022-06-08,FFC,109.5,109.5,107.02999877929688,108.62999725341797,67.67669677734375,1770456
2022-06-09,FFC,109.37999725341797,109.83999633789062,108.69999694824219,109.20999908447266,68.03804779052734,385107
2022-06-10,FFC,109.20999908447266,111.73999786376953,109.0999984741211,109.97000122070312,68.51150512695312,283165
2022-06-13,FFC,110.0,110.87999725341797,108.01000213623047,108.3499984741211,67.50225830078125,137349
2022-06-14,FFC,108.5,109.9000015258789,107.76000213623047,108.72000122070312,67.7327651977539,957157
2022-06-15,FFC,109.0,112.0,109.0,111.91999816894531,69.72637176513672,640499
2022-06-16,FFC,112.12999725341797,114.0,112.0,113.93000030517578,70.97859954833984,983153
2022-06-17,FFC,113.1500015258789,113.6500015258789,110.52999877929688,110.83999633789062,69.05354309082031,1071351
2022-06-20,FFC,111.25,112.48999786376953,110.01000213623047,110.19999694824219,68.65480041503906,527585
2022-06-21,FFC,110.69000244140625,112.19999694824219,109.4000015258789,112.02999877929688,69.79490661621094,929387
2022-06-22,FFC,113.0,115.75,113.0,114.9800033569336,71.63277435302734,2897902
2022-06-23,FFC,114.9800033569336,116.0,113.5999984741211,114.02999877929688,71.04090881347656,540654
2022-06-24,FFC,114.01000213623047,115.69999694824219,105.5,110.79000091552734,69.02237701416016,2320816
2022-06-27,FFC,111.25,114.5,110.0199966430664,113.93000030517578,70.97859954833984,311683
2022-06-28,FFC,112.05000305175781,113.9000015258789,111.5,111.55999755859375,69.50210571289062,720687
2022-06-29,FFC,112.94999694824219,112.94999694824219,110.80000305175781,111.70999908447266,69.59554290771484,411310
2022-06-30,FFC,111.0,112.19999694824219,109.75,110.22000122070312,68.66727447509766,870362
2022-07-01,FFC,111.01000213623047,113.5,111.01000213623047,111.98999786376953,69.76998138427734,393257
2022-07-04,FFC,111.5,111.5,108.38999938964844,109.88999938964844,68.46168518066406,467337
2022-07-05,FFC,109.80000305175781,110.0,108.80000305175781,108.8499984741211,67.81375885009766,156662
2022-07-06,FFC,109.27999877929688,109.5,109.0,109.2699966430664,68.0754165649414,518128
2022-07-07,FFC,109.48999786376953,111.5,108.8499984741211,110.52999877929688,68.86039733886719,432991
2022-07-08,FFC,110.52999877929688,110.52999877929688,110.52999877929688,110.52999877929688,68.86039733886719,0
2022-07-11,FFC,110.52999877929688,110.52999877929688,110.52999877929688,110.52999877929688,68.86039733886719,0
2022-07-12,FFC,110.52999877929688,110.52999877929688,110.52999877929688,110.52999877929688,68.86039733886719,0
2022-07-13,FFC,110.6500015258789,111.9000015258789,110.3499984741211,110.86000061035156,69.06598663330078,685220
2022-07-14,FFC,111.0,111.69999694824219,110.69000244140625,110.98999786376953,69.14697265625,516725
2022-07-15,FFC,111.05000305175781,111.5,110.5999984741211,111.0,69.15320587158203,159514
2022-07-18,FFC,110.5,110.98999786376953,108.0199966430664,108.44000244140625,67.55833435058594,366165
2022-07-19,FFC,108.55000305175781,109.47000122070312,105.9000015258789,106.36000061035156,66.26249694824219,524550
2022-07-20,FFC,107.0,107.51000213623047,106.11000061035156,106.95999908447266,66.63628387451172,461973
2022-07-21,FFC,107.0199966430664,107.0199966430664,105.0,105.52999877929688,65.74539947509766,271277
2022-07-22,FFC,106.0999984741211,107.0,105.5,105.98999786376953,66.03197479248047,358569
2022-07-25,FFC,107.0,107.0,104.5,104.9000015258789,65.35289764404297,359852
2022-07-26,FFC,104.9000015258789,106.4000015258789,103.0999984741211,105.05000305175781,65.44635009765625,208104
2022-07-27,FFC,105.0199966430664,105.83000183105469,104.0,104.7699966430664,65.27190399169922,673673
2022-07-28,FFC,105.75,105.9000015258789,102.16000366210938,104.91000366210938,65.359130859375,916457
2022-07-29,FFC,105.0,105.5,102.80000305175781,103.51000213623047,64.48693084716797,767837
2022-08-01,FFC,103.80000305175781,104.0,103.01000213623047,103.37999725341797,64.40593719482422,180268
2022-08-02,FFC,103.0,104.5,102.55000305175781,103.75,64.6364517211914,1219465
2022-08-03,FFC,104.0999984741211,105.0,103.5,104.20999908447266,64.92302703857422,1606503
2022-08-04,FFC,103.0,104.0,102.11000061035156,103.3499984741211,65.71144104003906,721821
2022-08-05,FFC,104.0,104.5,103.29000091552734,103.5199966430664,65.81951141357422,1013506
2022-08-08,FFC,103.5199966430664,103.5199966430664,103.5199966430664,103.5199966430664,65.81951141357422,0
2022-08-09,FFC,103.5199966430664,103.5199966430664,103.5199966430664,103.5199966430664,65.81951141357422,0
2022-08-10,FFC,104.0,105.48999786376953,104.0,104.66999816894531,66.55070495605469,1556768
2022-08-11,FFC,104.94999694824219,105.5,104.19999694824219,104.41999816894531,66.39175415039062,349279
2022-08-12,FFC,104.30000305175781,104.8499984741211,103.75,104.55000305175781,66.47441101074219,181353
2022-08-15,FFC,104.9000015258789,105.0,103.2699966430664,103.95999908447266,66.09929656982422,1252088
2022-08-16,FFC,104.01000213623047,104.5,102.5,102.91999816894531,65.43802642822266,665656
2022-08-17,FFC,102.70999908447266,103.0,102.51000213623047,102.76000213623047,65.33631134033203,233715
2022-08-18,FFC,102.77999877929688,102.98999786376953,102.0,102.23999786376953,65.00568389892578,296747
2022-08-19,FFC,102.26000213623047,102.80000305175781,101.70999908447266,102.16999816894531,64.96117401123047,452356
2022-08-22,FFC,102.7300033569336,102.7300033569336,100.75,101.8499984741211,64.75772857666016,1223717
2022-08-23,FFC,102.48999786376953,105.0,102.48999786376953,104.5199966430664,66.4553451538086,2466530
2022-08-24,FFC,104.75,104.98999786376953,103.5199966430664,103.72000122070312,65.94670104980469,675542
2022-08-25,FFC,104.0,104.0,103.25,103.58999633789062,65.86402893066406,531886
2022-08-26,FFC,103.94999694824219,104.01000213623047,103.4000015258789,103.58000183105469,65.85767364501953,1153175
2022-08-29,FFC,102.51000213623047,104.0,102.0,103.87999725341797,66.04841613769531,340377
2022-08-30,FFC,104.48999786376953,104.48999786376953,103.5,103.86000061035156,66.03569793701172,526184
2022-08-31,FFC,104.1500015258789,104.5,103.05000305175781,104.0,66.12471771240234,529041
2022-09-01,FFC,104.0,104.23999786376953,103.5,104.08999633789062,66.18193054199219,122115
2022-09-02,FFC,104.48999786376953,104.48999786376953,102.8499984741211,103.06999969482422,65.53341674804688,291355
2022-09-05,FFC,103.0,103.05000305175781,102.5,102.83000183105469,65.38080596923828,570328
2022-09-06,FFC,102.30000305175781,103.0,101.55000305175781,101.63999938964844,64.62419891357422,449533
2022-09-07,FFC,102.0,102.48999786376953,101.44999694824219,101.83999633789062,64.75135040283203,394650
2022-09-08,FFC,102.0,102.73999786376953,101.5,102.05000305175781,64.88488006591797,149275
2022-09-09,FFC,102.73999786376953,103.55000305175781,102.0,103.19999694824219,65.61605834960938,532351
2022-09-12,FFC,103.0,103.0,101.5,101.91000366210938,64.7958755493164,407416
2022-09-13,FFC,102.47000122070312,102.5,100.80999755859375,101.05000305175781,64.24906158447266,336574
2022-09-14,FFC,101.0999984741211,102.0,101.0,101.22000122070312,64.35716247558594,178436
2022-09-15,FFC,101.25,101.9000015258789,100.75,100.80999755859375,64.09646606445312,197589
2022-09-16,FFC,101.0,101.25,100.0199966430664,100.16999816894531,63.68954849243164,1118689
2022-09-19,FFC,101.0,101.5,100.0,100.05999755859375,63.61962127685547,474023
2022-09-20,FFC,100.5,100.7699966430664,100.0,100.08999633789062,63.63869094848633,213426
2022-09-21,FFC,100.08000183105469,101.75,99.8499984741211,101.36000061035156,64.44617462158203,155750
2022-09-22,FFC,101.25,101.5,100.01000213623047,100.58000183105469,63.95025634765625,186073
2022-09-23,FFC,100.9000015258789,100.94000244140625,100.5,100.52999877929688,63.91843032836914,172873
2022-09-26,FFC,100.75,101.1500015258789,100.4000015258789,100.5,63.899375915527344,492391
2022-09-27,FFC,100.80000305175781,101.5999984741211,100.51000213623047,100.69999694824219,64.02653503417969,222188
2022-09-28,FFC,100.80000305175781,101.0,100.5,100.51000213623047,63.90573501586914,148218
2022-09-29,FFC,100.5,100.69999694824219,100.30999755859375,100.5,63.899375915527344,532607
2022-09-30,FFC,100.0199966430664,101.75,100.0199966430664,101.30999755859375,64.41436767578125,191552
2022-10-03,FFC,101.75,101.88999938964844,100.25,100.5199966430664,63.912078857421875,542953
2022-10-04,FFC,100.5,101.5,100.0,100.5,63.899375915527344,528900
2022-10-05,FFC,100.55000305175781,101.0999984741211,100.5,100.56999969482422,63.94388198852539,449596
2022-10-06,FFC,100.80999755859375,102.98999786376953,100.52999877929688,102.5,65.17098999023438,880436
2022-10-07,FFC,102.0,103.52999877929688,101.5,101.66999816894531,64.64326477050781,616991
2022-10-10,FFC,102.0,102.4000015258789,101.01000213623047,101.55999755859375,64.57333374023438,673887
2022-10-11,FFC,101.69999694824219,102.80000305175781,101.51000213623047,101.95999908447266,64.82765197753906,211637
2022-10-12,FFC,102.0,102.51000213623047,101.55000305175781,102.4800033569336,65.15828704833984,158446
2022-10-13,FFC,102.5,102.77999877929688,101.81999969482422,102.08000183105469,64.90396118164062,407621
2022-10-14,FFC,102.08999633789062,102.41999816894531,101.80000305175781,101.9800033569336,64.84037017822266,371398
2022-10-17,FFC,101.98999786376953,102.19000244140625,101.5,102.05000305175781,64.88488006591797,114416
2022-10-18,FFC,102.0,103.0,102.0,102.8499984741211,65.3935317993164,159357
2022-10-19,FFC,102.0999984741211,103.69999694824219,102.0999984741211,102.93000030517578,65.44440460205078,228928
2022-10-20,FFC,102.61000061035156,103.48999786376953,102.61000061035156,103.05999755859375,65.52705383300781,160723
2022-10-21,FFC,102.98999786376953,103.0999984741211,102.06999969482422,102.55999755859375,65.20913696289062,159613
2022-10-24,FFC,103.48999786376953,103.48999786376953,102.80000305175781,103.05000305175781,65.52070617675781,325444
2022-10-25,FFC,103.0,103.6500015258789,102.55999755859375,102.79000091552734,65.3553695678711,1420360
2022-10-26,FFC,102.48999786376953,102.98999786376953,102.0,102.19999694824219,64.98025512695312,434635
2022-10-27,FFC,102.9000015258789,103.19999694824219,102.48999786376953,103.05000305175781,65.52070617675781,173975
2022-10-28,FFC,102.5999984741211,103.80000305175781,102.5,103.2699966430664,65.66058349609375,526082
2022-10-31,FFC,102.55000305175781,103.69999694824219,102.55000305175781,103.1500015258789,65.58428955078125,261432
2022-11-01,FFC,103.44000244140625,103.75,103.05000305175781,103.30000305175781,65.6796646118164,419452
2022-11-02,FFC,103.9000015258789,104.0,103.01000213623047,103.75,65.96576690673828,662636
2022-11-03,FFC,103.80999755859375,103.98999786376953,103.01000213623047,103.76000213623047,65.97212219238281,1510869
2022-11-04,FFC,101.83999633789062,102.4000015258789,100.58000183105469,101.8499984741211,66.80513763427734,1776419
2022-11-07,FFC,102.05000305175781,102.22000122070312,101.4000015258789,101.58999633789062,66.63459777832031,1023849
2022-11-08,FFC,101.94999694824219,102.19999694824219,101.5,102.0199966430664,66.9166488647461,171509
2022-11-09,FFC,102.0199966430664,102.0199966430664,102.0199966430664,102.0199966430664,66.9166488647461,0
2022-11-10,FFC,102.0,102.5,101.51000213623047,102.1500015258789,67.00190734863281,199841
2022-11-11,FFC,102.30999755859375,102.30999755859375,101.5,102.04000091552734,66.92976379394531,91653
2022-11-14,FFC,102.5,102.5,101.5199966430664,101.94999694824219,66.8707275390625,107530
2022-11-15,FFC,102.0,102.5,101.69999694824219,101.9000015258789,66.83793640136719,406747
2022-11-16,FFC,102.4000015258789,102.9800033569336,101.9000015258789,102.37999725341797,67.15277862548828,442135
2022-11-17,FFC,102.48999786376953,103.19999694824219,102.0,103.01000213623047,67.56600189208984,896574
2022-11-18,FFC,102.5,103.5,102.0999984741211,102.94000244140625,67.52007293701172,739654
2022-11-21,FFC,102.98999786376953,103.05000305175781,102.12000274658203,102.41999816894531,67.17900848388672,467788
2022-11-22,FFC,102.9800033569336,103.0,102.5999984741211,102.87000274658203,67.47417449951172,289379
2022-11-23,FFC,102.5999984741211,103.0,102.5,102.66999816894531,67.3429946899414,180106
2022-11-24,FFC,102.79000091552734,103.1500015258789,102.4000015258789,102.55000305175781,67.26427459716797,357228
2022-11-25,FFC,102.88999938964844,102.9800033569336,102.25,102.91999816894531,67.50696563720703,301949
2022-11-28,FFC,102.94999694824219,102.94999694824219,102.25,102.73999786376953,67.388916015625,383201
2022-11-29,FFC,102.20999908447266,103.9000015258789,102.0,103.66000366210938,67.99235534667969,436230
2022-11-30,FFC,103.94000244140625,103.94999694824219,102.41999816894531,102.5999984741211,67.29706573486328,416870
2022-12-01,FFC,102.80000305175781,103.0,102.52999877929688,102.63999938964844,67.32331085205078,356300
2022-12-02,FFC,103.25,103.25,102.25,102.62999725341797,67.3167495727539,215864
2022-12-05,FFC,102.6500015258789,102.6500015258789,101.70999908447266,101.87000274658203,66.8182601928711,127420
2022-12-06,FFC,101.9800033569336,102.0,100.80000305175781,101.58999633789062,66.63459777832031,833723
2022-12-07,FFC,101.25,102.0,101.1500015258789,101.98999786376953,66.89697265625,601863
2022-12-08,FFC,102.19999694824219,102.5,101.44999694824219,102.29000091552734,67.09374237060547,145895
2022-12-09,FFC,102.0,102.9800033569336,101.9000015258789,102.55000305175781,67.26427459716797,1127131
2022-12-12,FFC,102.75,103.0,102.0199966430664,102.11000061035156,66.97567749023438,271011
2022-12-13,FFC,102.25,102.5999984741211,102.05000305175781,102.51000213623047,67.238037109375,937728
2022-12-14,FFC,102.1500015258789,102.5,102.0,102.08999633789062,66.96255493164062,382353
2022-12-15,FFC,102.41999816894531,102.5,100.5999984741211,101.62999725341797,66.66083526611328,1368797
2022-12-16,FFC,101.51000213623047,102.94000244140625,101.0999984741211,102.27999877929688,67.08717346191406,297564
2022-12-19,FFC,102.0999984741211,102.5,101.55999755859375,101.76000213623047,66.74610137939453,222176
2022-12-20,FFC,101.69999694824219,105.0,100.25,102.0199966430664,66.9166488647461,1351420
2022-12-21,FFC,102.0,102.5999984741211,100.55000305175781,101.05999755859375,66.2869644165039,456537
2022-12-22,FFC,100.94999694824219,102.4800033569336,100.94000244140625,101.93000030517578,66.85761260986328,315690
2022-12-23,FFC,101.01000213623047,101.5999984741211,100.0,100.13999938964844,65.68353271484375,765904
2022-12-26,FFC,101.4000015258789,101.4000015258789,99.98999786376953,100.08999633789062,65.65072631835938,422444
2022-12-27,FFC,100.83999633789062,100.83999633789062,99.69000244140625,99.93000030517578,65.54579162597656,338700
2022-12-28,FFC,100.0,100.0,98.4800033569336,99.11000061035156,65.00792694091797,550063
2022-12-29,FFC,98.5,99.58999633789062,97.9000015258789,98.3499984741211,64.50943756103516,511106
2022-12-30,FFC,98.69999694824219,100.25,97.9000015258789,98.70999908447266,64.74556732177734,1602951
2023-01-02,FFC,99.0,101.25,98.94999694824219,100.55999755859375,65.95899200439453,559916
2023-01-03,FFC,100.9000015258789,100.9000015258789,99.51000213623047,100.19000244140625,65.71630859375,303162
2023-01-04,FFC,100.0,102.5,100.0,101.37999725341797,66.49686431884766,602703
2023-01-05,FFC,101.5,101.98999786376953,100.95999908447266,101.94000244140625,66.86417388916016,351326
2023-01-06,FFC,102.25,102.48999786376953,101.01000213623047,102.30000305175781,67.10030364990234,289156
2023-01-09,FFC,102.0,102.38999938964844,101.25,101.47000122070312,66.55589294433594,67408
2023-01-10,FFC,101.94999694824219,102.19999694824219,100.0,100.5,65.9196548461914,417149
2023-01-11,FFC,101.0,102.1500015258789,100.9000015258789,101.91999816894531,66.85105895996094,566551
2023-01-12,FFC,101.44000244140625,101.73999786376953,101.25,101.54000091552734,66.6017837524414,304643
2023-01-13,FFC,101.30000305175781,101.5,100.01000213623047,101.0,66.24760437011719,364037
2023-01-16,FFC,101.0,101.38999938964844,100.5,100.87999725341797,66.16889190673828,228308
2023-01-17,FFC,101.0,101.0,99.5,99.83999633789062,65.48674011230469,410251
2023-01-18,FFC,100.7300033569336,101.0,99.5199966430664,100.83000183105469,66.13610076904297,354890
2023-01-19,FFC,99.80999755859375,101.9000015258789,99.80999755859375,100.66000366210938,66.02458953857422,238794
2023-01-20,FFC,101.5,101.7300033569336,100.9000015258789,101.08999633789062,66.306640625,633870
2023-01-23,FFC,101.4000015258789,101.41999816894531,100.0,100.04000091552734,65.617919921875,347130
2023-01-24,FFC,100.98999786376953,100.98999786376953,99.6500015258789,100.30999755859375,65.79502868652344,499649
2023-01-25,FFC,100.9800033569336,101.5,100.25,100.80000305175781,66.1164321899414,138870
2023-01-26,FFC,101.2300033569336,106.0,101.2300033569336,105.44000244140625,69.15987396240234,1870634
2023-01-27,FFC,106.0,106.93000030517578,104.11000061035156,105.5199966430664,69.21234893798828,920823
2023-01-30,FFC,105.98999786376953,109.0,102.0,102.8499984741211,67.46105194091797,689686
2023-01-31,FFC,102.0,103.80000305175781,101.75,103.55000305175781,67.92020416259766,709916
2023-02-01,FFC,103.55000305175781,103.69999694824219,103.0,103.04000091552734,67.58567810058594,133364
2023-02-02,FFC,103.01000213623047,103.5999984741211,102.25,102.5,67.23147583007812,446220
2023-02-03,FFC,102.75,103.0,102.19999694824219,102.44999694824219,67.19868469238281,125970
2023-02-06,FFC,102.75,105.5,102.25,104.23999786376953,68.37277221679688,618037
2023-02-07,FFC,104.01000213623047,104.4800033569336,103.69999694824219,104.04000091552734,68.24159240722656,192571
2023-02-08,FFC,104.0,104.05000305175781,103.0,103.08000183105469,67.61192321777344,331684
2023-02-09,FFC,103.9000015258789,105.19999694824219,103.12000274658203,105.05000305175781,68.90406799316406,505940
2023-02-10,FFC,104.01000213623047,105.0999984741211,102.0,102.6500015258789,67.32987213134766,1102803
2023-02-13,FFC,102.70999908447266,103.7300033569336,102.0,102.19000244140625,67.02814483642578,409993
2023-02-14,FFC,102.5,102.5,101.25,101.27999877929688,66.4312515258789,554522
2023-02-15,FFC,101.94000244140625,102.0,101.4000015258789,101.55999755859375,66.61491394042969,710986
2023-02-16,FFC,101.5999984741211,103.72000122070312,101.5999984741211,101.97000122070312,66.88385009765625,993314
2023-02-17,FFC,102.0,103.5999984741211,101.97000122070312,102.72000122070312,67.37579345703125,2901535
2023-02-20,FFC,103.44000244140625,103.44000244140625,102.0,102.12999725341797,66.9887924194336,139470
2023-02-21,FFC,102.5,102.95999908447266,101.98999786376953,102.01000213623047,66.91007995605469,353216
2023-02-22,FFC,102.44999694824219,102.94000244140625,101.76000213623047,102.36000061035156,67.13965606689453,399293
2023-02-23,FFC,102.0199966430664,102.44999694824219,101.5,102.0,66.90353393554688,527576
2023-02-24,FFC,102.44999694824219,102.5,101.56999969482422,101.94999694824219,66.8707275390625,274055
2023-02-27,FFC,101.94999694824219,102.08999633789062,101.72000122070312,101.94000244140625,66.86417388916016,304563
2023-02-28,FFC,102.0,102.38999938964844,101.75,101.80000305175781,66.77234649658203,347798
2023-03-01,FFC,101.80000305175781,102.0,101.30000305175781,102.0,66.90353393554688,394690
2023-03-02,FFC,102.30000305175781,102.48999786376953,101.41000366210938,101.72000122070312,66.71987915039062,258105
2023-03-03,FFC,101.5,102.98999786376953,101.1500015258789,102.4000015258789,67.1658935546875,1006487
2023-03-06,FFC,102.0199966430664,102.9000015258789,101.80000305175781,101.94000244140625,66.86417388916016,117859
2023-03-07,FFC,102.0,102.48999786376953,101.5,101.79000091552734,66.76578521728516,511632
2023-03-08,FFC,101.79000091552734,102.3499984741211,101.79000091552734,101.97000122070312,66.88385009765625,552180
2023-03-09,FFC,102.0,102.44999694824219,101.76000213623047,102.18000030517578,67.02159118652344,116228
2023-03-10,FFC,102.0,102.62000274658203,101.75,102.51000213623047,67.238037109375,343370
2023-03-13,FFC,102.5,103.4000015258789,102.5,103.08999633789062,67.61846923828125,552989
2023-03-14,FFC,103.0,103.01000213623047,102.5,102.7300033569336,67.38235473632812,169961
2023-03-15,FFC,102.97000122070312,103.75,102.76000213623047,103.55999755859375,67.9267578125,368360
2023-03-16,FFC,103.9000015258789,103.94999694824219,103.25,103.33000183105469,67.77589416503906,96461
2023-03-17,FFC,103.5,103.5,100.5,101.11000061035156,66.31976318359375,4809963
2023-03-20,FFC,101.75,102.0,101.01000213623047,101.05000305175781,66.28041076660156,2096680
2023-03-21,FFC,101.79000091552734,101.79000091552734,101.05999755859375,101.48999786376953,66.56900787353516,950646
2023-03-22,FFC,101.94000244140625,101.94000244140625,100.66000366210938,100.83000183105469,68.25454711914062,696266
2023-03-23,FFC,100.83000183105469,100.83000183105469,100.83000183105469,100.83000183105469,68.25454711914062,0
2023-03-24,FFC,98.5,98.5,97.44999694824219,97.5199966430664,66.01392364501953,193965
2023-03-27,FFC,97.98999786376953,99.0,97.80000305175781,98.80999755859375,66.88716888427734,465779
2023-03-28,FFC,99.0,99.94000244140625,98.80000305175781,99.7699966430664,67.53700256347656,243918
2023-03-29,FFC,99.80000305175781,99.9000015258789,98.95999908447266,99.23999786376953,67.17825317382812,295826
2023-03-30,FFC,99.25,99.25,98.6500015258789,99.05999755859375,67.05638885498047,265738
2023-03-31,FFC,99.0199966430664,100.04000091552734,98.80999755859375,99.97000122070312,67.67240142822266,405197
2023-04-03,FFC,100.0,100.0,98.5199966430664,98.6500015258789,66.77886962890625,143440
2023-04-04,FFC,98.5,98.8499984741211,98.01000213623047,98.72000122070312,66.82623291015625,487635
2023-04-05,FFC,98.69999694824219,99.4000015258789,98.5199966430664,98.77999877929688,66.86685943603516,206062
2023-04-06,FFC,99.0,100.0,98.95999908447266,99.80999755859375,67.56407928466797,503440
2023-04-07,FFC,99.9000015258789,99.8499984741211,99.0,99.44000244140625,67.31362915039062,213495
2023-04-10,FFC,99.5,99.5,98.26000213623047,98.4800033569336,66.66378021240234,1010331
2023-04-11,FFC,98.95999908447266,98.95999908447266,98.30000305175781,98.44000244140625,66.63670349121094,290473
2023-04-12,FFC,98.44000244140625,99.75,98.4000015258789,99.25,67.18502044677734,469839
2023-04-13,FFC,99.25,100.0,99.05000305175781,99.5199966430664,67.36778259277344,516931
2023-04-14,FFC,99.5199966430664,99.5199966430664,99.5199966430664,99.5199966430664,67.36778259277344,0
2023-04-17,FFC,99.26000213623047,100.98999786376953,99.26000213623047,100.16000366210938,67.80101776123047,527524
2023-04-18,FFC,100.69000244140625,101.25,99.93000030517578,99.9800033569336,67.67916870117188,305608
2023-04-19,FFC,99.76000213623047,100.48999786376953,99.5,100.31999969482422,67.90933227539062,68033
2023-04-20,FFC,100.75,101.25,99.86000061035156,100.94000244140625,68.32901000976562,160300
2023-04-21,FFC,100.94000244140625,100.94000244140625,100.94000244140625,100.94000244140625,68.32901000976562,0
2023-04-24,FFC,100.94000244140625,100.94000244140625,100.94000244140625,100.94000244140625,68.32901000976562,0
2023-04-25,FFC,100.94000244140625,100.94000244140625,100.94000244140625,100.94000244140625,68.32901000976562,0
2023-04-26,FFC,101.0,102.05999755859375,100.80000305175781,101.81999969482422,68.92471313476562,413647
2023-04-27,FFC,101.98999786376953,103.58000183105469,101.5,102.79000091552734,69.58133697509766,1423698
2023-04-28,FFC,103.0,103.25,102.26000213623047,102.87000274658203,69.63548278808594,637672
2023-05-01,FFC,102.87000274658203,102.87000274658203,102.87000274658203,102.87000274658203,69.63548278808594,0
2023-05-02,FFC,103.0,103.48999786376953,102.5,103.26000213623047,69.89949798583984,486320
2023-05-03,FFC,103.01000213623047,103.27999877929688,102.56999969482422,103.08999633789062,69.78440856933594,738401
2023-05-04,FFC,103.04000091552734,103.5,102.7300033569336,102.91999816894531,69.6693344116211,866028
2023-05-05,FFC,103.0,103.6500015258789,102.70999908447266,103.48999786376953,70.05517578125,936593
2023-05-08,FFC,99.83999633789062,100.5,99.2300033569336,99.98999786376953,70.59173583984375,1067823
2023-05-09,FFC,100.0,100.0999984741211,99.19999694824219,99.5999984741211,70.31639099121094,477404
2023-05-10,FFC,99.29000091552734,99.80000305175781,99.0999984741211,99.36000061035156,70.14697265625,777927
2023-05-11,FFC,99.98999786376953,102.0,99.36000061035156,99.86000061035156,70.49995422363281,348438
2023-05-12,FFC,99.98999786376953,100.25,99.5,100.05000305175781,70.63407897949219,324991
2023-05-15,FFC,100.5,101.5,100.0,101.48999786376953,71.65071105957031,397048
2023-05-16,FFC,101.9000015258789,102.3499984741211,101.5,102.01000213623047,72.01782989501953,506638
2023-05-17,FFC,102.33999633789062,103.30000305175781,102.0999984741211,103.0999984741211,72.787353515625,1113551
2023-05-18,FFC,103.25,103.25,102.62000274658203,102.76000213623047,72.54731750488281,155388
2023-05-19,FFC,102.87999725341797,103.0,102.30000305175781,102.98999786376953,72.70970916748047,623447
2023-05-22,FFC,103.0,103.0,101.69999694824219,101.94999694824219,71.9754638671875,518258
2023-05-23,FFC,102.3499984741211,102.3499984741211,101.25,102.04000091552734,72.03900146484375,250964
2023-05-24,FFC,102.19000244140625,102.19000244140625,101.63999938964844,101.88999938964844,71.93311309814453,286190
2023-05-25,FFC,102.0,102.1500015258789,101.4000015258789,101.87000274658203,71.91899108886719,116352
2023-05-26,FFC,101.5,102.1500015258789,101.25,101.5199966430664,71.67189025878906,205854
2023-05-29,FFC,101.30000305175781,102.18000030517578,101.25,102.05999755859375,72.0531234741211,151348
2023-05-30,FFC,101.94999694824219,103.25,100.48999786376953,102.7699966430664,72.55437469482422,611480
2023-05-31,FFC,103.0,104.5999984741211,100.69999694824219,101.06999969482422,71.35420227050781,2002288
2023-06-01,FFC,101.5,101.8499984741211,101.0,101.05999755859375,71.3471450805664,360767
2023-06-02,FFC,101.5,102.05000305175781,101.0199966430664,101.79000091552734,71.86250305175781,279536
2023-06-05,FFC,101.19999694824219,102.0,101.19999694824219,101.3499984741211,71.55187225341797,458521
2023-06-06,FFC,101.5199966430664,101.98999786376953,101.4000015258789,101.69999694824219,71.7989730834961,67129
2023-06-07,FFC,101.9800033569336,101.9800033569336,101.38999938964844,101.5199966430664,71.67189025878906,193458
2023-06-08,FFC,101.58999633789062,101.58999633789062,101.06999969482422,101.30999755859375,71.52363586425781,271645
2023-06-09,FFC,100.91000366210938,101.58999633789062,100.80000305175781,100.94999694824219,71.26948547363281,351063
2023-06-12,FFC,100.5,101.18000030517578,100.5,100.83999633789062,71.19182586669922,83245
2023-06-13,FFC,101.0999984741211,101.0999984741211,100.4000015258789,100.61000061035156,71.02944946289062,140563
2023-06-14,FFC,101.0,101.0,99.38999938964844,99.9000015258789,70.52819061279297,290620
2023-06-15,FFC,100.0,100.0,98.4000015258789,98.55000305175781,69.57511138916016,371533
2023-06-16,FFC,98.0999984741211,99.29000091552734,98.0,98.4800033569336,69.52569580078125,382907
2023-06-19,FFC,98.4000015258789,98.80000305175781,95.0,97.62999725341797,68.92559814453125,388555
2023-06-20,FFC,97.30000305175781,98.0,96.55000305175781,97.51000213623047,68.84088897705078,269324
2023-06-21,FFC,97.30000305175781,98.0,96.55999755859375,96.7699966430664,68.31845092773438,348552
2023-06-22,FFC,97.25,97.5,96.55000305175781,96.80999755859375,68.34669494628906,167966
2023-06-23,FFC,97.25,98.0,96.55000305175781,96.83000183105469,68.36080932617188,558972
2023-06-26,FFC,96.72000122070312,99.75,96.72000122070312,99.4000015258789,70.17518615722656,696062
2023-06-27,FFC,99.45999908447266,99.75,98.3499984741211,98.44000244140625,69.4974594116211,164896
2023-06-28,FFC,98.44000244140625,98.44000244140625,98.44000244140625,98.44000244140625,69.4974594116211,0
2023-06-29,FFC,98.44000244140625,98.44000244140625,98.44000244140625,98.44000244140625,69.4974594116211,0
2023-06-30,FFC,98.44000244140625,98.44000244140625,98.44000244140625,98.44000244140625,69.4974594116211,0
2023-07-03,FFC,100.5,102.9000015258789,100.5,101.37999725341797,71.57305145263672,1022901
2023-07-04,FFC,101.8499984741211,101.8499984741211,99.55000305175781,99.88999938964844,70.52113342285156,580921
2023-07-05,FFC,100.0,100.5,99.44999694824219,99.47000122070312,70.2246322631836,886747
2023-07-06,FFC,99.94999694824219,100.0,99.0,99.5,70.24580383300781,605561
2023-07-07,FFC,100.0,100.25,99.01000213623047,99.63999938964844,70.34463500976562,375410
2023-07-10,FFC,100.2300033569336,100.2300033569336,99.25,99.44999694824219,70.21049499511719,516440
2023-07-11,FFC,99.98999786376953,101.0,99.5,99.56999969482422,70.29521179199219,1336311
2023-07-12,FFC,99.94999694824219,100.05000305175781,99.12999725341797,99.66000366210938,70.35874938964844,728448
2023-07-13,FFC,99.80000305175781,100.5,99.4000015258789,99.55000305175781,70.28108978271484,699093
2023-07-14,FFC,99.51000213623047,100.0,99.4000015258789,99.72000122070312,70.40111541748047,444557
2023-07-17,FFC,99.80999755859375,99.97000122070312,98.81999969482422,99.66999816894531,70.3658218383789,422841
2023-07-18,FFC,99.9000015258789,100.0,99.0999984741211,99.36000061035156,70.14697265625,326459
2023-07-19,FFC,99.87999725341797,99.9000015258789,99.19999694824219,99.47000122070312,70.2246322631836,229697
2023-07-20,FFC,99.86000061035156,100.25,99.3499984741211,99.9800033569336,70.58468627929688,481154
2023-07-21,FFC,100.38999938964844,100.5,99.61000061035156,100.05999755859375,70.64115142822266,527643
2023-07-24,FFC,100.05000305175781,100.05999755859375,99.80000305175781,99.8499984741211,70.49290466308594,262019
2023-07-25,FFC,100.0,101.25,99.9800033569336,100.33000183105469,70.83177947998047,1248274
2023-07-26,FFC,100.51000213623047,101.48999786376953,100.38999938964844,100.44999694824219,70.91648864746094,946895
2023-07-27,FFC,100.44999694824219,100.44999694824219,100.44999694824219,100.44999694824219,70.91648864746094,0
2023-07-28,FFC,100.44999694824219,100.44999694824219,100.44999694824219,100.44999694824219,70.91648864746094,0
2023-07-31,FFC,100.5999984741211,101.48999786376953,100.4000015258789,100.61000061035156,71.02944946289062,1070662
2023-08-01,FFC,101.05000305175781,101.23999786376953,100.80000305175781,100.98999786376953,71.29771423339844,851928
2023-08-02,FFC,101.0,101.5999984741211,100.5,100.88999938964844,71.22712707519531,1449047
2023-08-03,FFC,99.9000015258789,99.9000015258789,97.80999755859375,98.12999725341797,71.51132202148438,1052068
2023-08-04,FFC,98.5,98.5,97.7300033569336,97.77999877929688,71.25627136230469,290573
2023-08-07,FFC,98.0,98.13999938964844,96.95999908447266,97.0999984741211,70.7607192993164,606980
2023-08-08,FFC,97.01000213623047,97.4800033569336,96.11000061035156,96.37999725341797,70.23603057861328,391947
2023-08-09,FFC,96.47000122070312,97.19999694824219,96.0,96.33000183105469,70.19960021972656,261639
2023-08-10,FFC,96.79000091552734,96.79000091552734,92.0999984741211,95.01000213623047,69.23766326904297,538185
2023-08-11,FFC,95.19999694824219,97.01000213623047,95.0,96.25,70.14128875732422,620035
2023-08-14,FFC,96.25,96.25,96.25,96.25,70.14128875732422,0
2023-08-15,FFC,96.69999694824219,98.4000015258789,96.5999984741211,97.58000183105469,71.11051940917969,1073640
2023-08-16,FFC,97.98999786376953,97.98999786376953,95.37999725341797,95.5,69.5947494506836,737529
2023-08-17,FFC,96.3499984741211,96.98999786376953,95.0,96.55999755859375,70.36719512939453,712712
2023-08-18,FFC,96.0,97.5,96.0,96.4800033569336,70.30892181396484,487560
2023-08-21,FFC,96.4800033569336,96.4800033569336,95.05999755859375,95.52999877929688,69.61660766601562,283351
2023-08-22,FFC,95.62000274658203,95.83999633789062,94.91000366210938,95.0,69.23036193847656,437287
2023-08-23,FFC,95.0,95.9000015258789,94.51000213623047,95.38999938964844,69.51457977294922,243904
2023-08-24,FFC,95.5,95.5,94.94999694824219,95.12000274658203,69.31781768798828,521439
2023-08-25,FFC,95.12000274658203,95.9800033569336,95.05000305175781,95.56999969482422,69.64574432373047,386195
2023-08-28,FFC,95.47000122070312,96.25,95.47000122070312,96.13999938964844,70.0611343383789,595903
2023-08-29,FFC,96.13999938964844,96.13999938964844,95.4000015258789,95.52999877929688,69.61660766601562,192012
2023-08-30,FFC,95.05000305175781,95.95999908447266,93.8499984741211,94.27999877929688,68.70567321777344,396486
2023-08-31,FFC,94.5,95.5,92.0999984741211,94.66000366210938,68.98260498046875,1529852
2023-09-01,FFC,94.5,95.0,94.11000061035156,94.98999786376953,69.22307586669922,74007
2023-09-04,FFC,95.1500015258789,96.02999877929688,94.4000015258789,96.0,69.9591064453125,206370
2023-09-05,FFC,96.0,96.01000213623047,95.0199966430664,95.30000305175781,69.4489974975586,485360
2023-09-06,FFC,95.69000244140625,95.69000244140625,95.0,95.19000244140625,69.36884307861328,67221
2023-09-07,FFC,95.0199966430664,95.30000305175781,94.69999694824219,94.75,69.04817962646484,85963
2023-09-08,FFC,95.25,95.25,94.0999984741211,94.7300033569336,69.03361511230469,115231
2023-09-11,FFC,94.97000122070312,95.5,93.0,94.51000213623047,68.873291015625,769241
2023-09-12,FFC,95.1500015258789,95.1500015258789,94.25,94.47000122070312,68.84414672851562,368767
2023-09-13,FFC,94.25,94.27999877929688,94.0,94.04000091552734,68.53077697753906,67580
2023-09-14,FFC,94.98999786376953,94.98999786376953,93.80000305175781,93.91999816894531,68.44332885742188,94780
2023-09-15,FFC,94.25,94.88999938964844,91.80999755859375,92.22000122070312,67.20448303222656,1874930
2023-09-18,FFC,92.38999938964844,92.69999694824219,92.3499984741211,92.48999786376953,67.40122985839844,160802
2023-09-19,FFC,92.0,92.5999984741211,90.80000305175781,91.88999938964844,66.9639892578125,648119
2023-09-20,FFC,92.0,92.04000091552734,90.8499984741211,90.97000122070312,66.29354858398438,478148
2023-09-21,FFC,91.0,92.81999969482422,90.44999694824219,92.06999969482422,67.09515380859375,616395
2023-09-22,FFC,92.19999694824219,93.0,91.75,92.83999633789062,67.65628814697266,407623
2023-09-25,FFC,92.94999694824219,93.0,92.06999969482422,92.3499984741211,67.29920196533203,215958
2023-09-26,FFC,92.30000305175781,92.75,92.0,92.13999938964844,67.14617156982422,390086
2023-09-27,FFC,92.08000183105469,94.0,92.0,93.27999877929688,67.9769287109375,433998
2023-09-28,FFC,93.27999877929688,93.27999877929688,93.27999877929688,93.27999877929688,67.9769287109375,0
2023-09-29,FFC,93.27999877929688,93.27999877929688,93.27999877929688,93.27999877929688,67.9769287109375,0
2023-10-02,FFC,92.98999786376953,93.5,92.0,92.54000091552734,67.43766784667969,840346
2023-10-03,FFC,92.97000122070312,92.98999786376953,92.30000305175781,92.4800033569336,67.39395141601562,582701
2023-10-04,FFC,92.9800033569336,93.18000030517578,92.51000213623047,92.7699966430664,67.60526275634766,584293
2023-10-05,FFC,93.22000122070312,94.0,92.69000244140625,93.76000213623047,68.32673645019531,587366
2023-10-06,FFC,93.80000305175781,94.25,93.0999984741211,93.91999816894531,68.44332885742188,269334
2023-10-09,FFC,94.0,96.52999877929688,93.19999694824219,96.37999725341797,70.23603057861328,648962
2023-10-10,FFC,96.01000213623047,98.5,96.0,98.0199966430664,71.43115997314453,742707
2023-10-11,FFC,98.0,100.5,98.0,100.12999725341797,72.96881103515625,1356403
2023-10-12,FFC,100.0,103.47000122070312,100.0,102.91999816894531,75.00199890136719,2101321
2023-10-13,FFC,102.5,103.0,101.44999694824219,102.68000030517578,74.82710266113281,1085609
2023-10-16,FFC,103.25,103.4800033569336,101.75,102.08999633789062,74.39713287353516,250939
2023-10-17,FFC,101.75,102.0,101.25,101.77999877929688,74.17122650146484,314718
2023-10-18,FFC,101.5,102.02999877929688,101.4000015258789,101.97000122070312,74.30970001220703,133780
2023-10-19,FFC,101.98999786376953,102.0999984741211,101.37999725341797,102.01000213623047,74.33885192871094,220120
2023-10-20,FFC,101.9800033569336,104.9000015258789,101.80000305175781,104.44000244140625,76.10968017578125,1705183
2023-10-23,FFC,103.5,107.6500015258789,103.5,106.94000244140625,77.9315414428711,2428982
2023-10-24,FFC,106.4000015258789,107.0,104.5,105.95999908447266,77.21737670898438,517756
2023-10-25,FFC,105.05999755859375,106.94999694824219,102.01000213623047,102.41000366210938,74.63034057617188,1664284
2023-10-26,FFC,102.4000015258789,102.5,101.19999694824219,101.41999816894531,73.90888214111328,404980
2023-10-27,FFC,101.44999694824219,101.5,100.69999694824219,100.94999694824219,73.56636810302734,421285
2023-10-30,FFC,101.0,102.5999984741211,101.0,102.5199966430664,74.71049499511719,258814
2023-10-31,FFC,102.01000213623047,103.9800033569336,102.0,103.37000274658203,75.32994079589844,536234
2023-11-01,FFC,103.48999786376953,104.01000213623047,102.61000061035156,102.9800033569336,75.04572296142578,408883
2023-11-02,FFC,103.01000213623047,104.66000366210938,103.0,104.3499984741211,76.04409790039062,725751
2023-11-03,FFC,102.44999694824219,102.44999694824219,100.86000061035156,101.45999908447266,76.86993408203125,409646
2023-11-06,FFC,101.87999725341797,102.13999938964844,101.5199966430664,102.0199966430664,77.294189453125,236650
2023-11-07,FFC,102.0199966430664,102.5,101.75,102.05999755859375,77.32450866699219,2184784
2023-11-08,FFC,101.5,103.0,101.5,102.01000213623047,77.28663635253906,1554408
2023-11-09,FFC,102.01000213623047,102.01000213623047,102.01000213623047,102.01000213623047,77.28663635253906,0
2023-11-10,FFC,102.5999984741211,105.1500015258789,102.55000305175781,104.0199966430664,78.80946350097656,2359039
2023-11-13,FFC,105.0,107.0,104.36000061035156,106.66999816894531,80.81722259521484,3194930
2023-11-14,FFC,107.0,107.08999633789062,105.25,105.91000366210938,80.24141693115234,1696846
2023-11-15,FFC,106.2300033569336,106.6500015258789,105.2699966430664,105.7699966430664,80.13534545898438,1503877
2023-11-16,FFC,106.0,107.25,105.0,106.2300033569336,80.48384094238281,2937260
2023-11-17,FFC,106.80000305175781,107.0,105.0,105.33000183105469,79.80198669433594,686877
2023-11-20,FFC,105.12999725341797,106.5,105.0,106.18000030517578,80.44597625732422,851699
2023-11-21,FFC,106.5,107.5,105.19999694824219,105.5,79.93077850341797,904403
2023-11-22,FFC,106.0,108.0,106.0,107.06999969482422,81.1202621459961,2850518
2023-11-23,FFC,107.11000061035156,108.9000015258789,106.8499984741211,108.5199966430664,82.2188491821289,2699952
2023-11-24,FFC,108.6500015258789,110.98999786376953,108.4000015258789,110.70999908447266,83.87806701660156,5505692
2023-11-27,FFC,111.51000213623047,112.62000274658203,110.94999694824219,111.87000274658203,84.7569351196289,1663813
2023-11-28,FFC,112.0,112.47000122070312,111.0999984741211,111.62000274658203,84.5675277709961,1056047
2023-11-29,FFC,111.11000061035156,112.33999633789062,110.94999694824219,111.7300033569336,84.65086364746094,953727
2023-11-30,FFC,111.98999786376953,115.4000015258789,111.5,112.30999755859375,85.09029388427734,2838100
2023-12-01,FFC,112.51000213623047,113.5,112.25,112.87999725341797,85.52214050292969,1007777
2023-12-04,FFC,113.3499984741211,114.6500015258789,113.0999984741211,113.77999877929688,86.20402526855469,1059661
2023-12-05,FFC,114.0,114.19999694824219,112.69999694824219,113.43000030517578,85.93885040283203,1091872
2023-12-06,FFC,112.02999877929688,114.6500015258789,112.02999877929688,113.73999786376953,86.17371368408203,791006
2023-12-07,FFC,114.5999984741211,115.5,113.5,114.58999633789062,86.81771850585938,1350589
2023-12-08,FFC,115.0,118.5,115.0,116.48999786376953,88.25720977783203,4249105
2023-12-11,FFC,116.5,121.73999786376953,116.0999984741211,120.7699966430664,91.49989318847656,3804972
2023-12-12,FFC,121.0,122.0,119.25,119.9000015258789,90.84075927734375,1339699
2023-12-13,FFC,119.9000015258789,120.5,115.80000305175781,116.13999938964844,87.99205017089844,1688346
2023-12-14,FFC,116.0,118.9000015258789,115.5,118.6500015258789,89.89371490478516,1070692
2023-12-15,FFC,118.9000015258789,121.0,118.5999984741211,120.58000183105469,91.35595703125,1164771
2023-12-18,FFC,121.1500015258789,121.1500015258789,117.86000061035156,118.22000122070312,89.56793212890625,527324
2023-12-19,FFC,118.5,118.5,114.25,115.0199966430664,87.14348602294922,1106095
2023-12-20,FFC,115.0,116.0,111.8499984741211,114.12999725341797,86.46919250488281,1436987
2023-12-21,FFC,114.5999984741211,114.6500015258789,112.30000305175781,113.16000366210938,85.73428344726562,555717
2023-12-22,FFC,113.2300033569336,114.0,112.0,112.37000274658203,85.13575744628906,397211
2023-12-25,FFC,112.37000274658203,112.37000274658203,112.37000274658203,112.37000274658203,85.13575744628906,0
2023-12-26,FFC,112.98999786376953,112.98999786376953,109.0,109.80000305175781,83.18862915039062,2907638
2023-12-27,FFC,109.0,111.0999984741211,108.5,110.61000061035156,83.80231475830078,3281503
2023-12-28,FFC,111.0,113.4000015258789,110.61000061035156,111.41999816894531,84.41598510742188,2564222
2023-12-29,FFC,111.69999694824219,113.9000015258789,111.69999694824219,113.19000244140625,85.75701904296875,2292219
2024-01-01,FFC,113.4800033569336,116.25,113.4800033569336,115.9800033569336,87.87081909179688,1015897
2024-01-02,FFC,117.0,117.0,115.01000213623047,116.31999969482422,88.12841796875,1493329
2024-01-03,FFC,116.9000015258789,120.0,116.16999816894531,119.23999786376953,90.3407211303711,1731439
2024-01-04,FFC,120.9000015258789,122.25,120.0,120.29000091552734,91.13624572753906,1555011
2024-01-05,FFC,120.30000305175781,121.0999984741211,117.5,118.48999786376953,89.77249908447266,983207
2024-01-08,FFC,119.1500015258789,120.8499984741211,118.0,118.70999908447266,89.93917846679688,1460218
2024-01-09,FFC,119.5999984741211,120.47000122070312,118.05000305175781,118.83000183105469,90.03009033203125,656869
2024-01-10,FFC,118.69999694824219,119.4000015258789,117.98999786376953,118.29000091552734,89.62096405029297,830443
2024-01-11,FFC,118.30000305175781,119.22000122070312,117.55000305175781,118.6500015258789,89.89371490478516,524471
2024-01-12,FFC,118.98999786376953,119.5,117.9000015258789,118.01000213623047,89.40882873535156,1048863
2024-01-15,FFC,118.98999786376953,119.55000305175781,117.91000366210938,118.08999633789062,89.46944427490234,1444701
2024-01-16,FFC,118.95999908447266,118.95999908447266,116.94999694824219,117.83000183105469,89.27245330810547,629325
2024-01-17,FFC,117.0,118.0,116.94999694824219,117.08000183105469,88.70423126220703,698466
2024-01-18,FFC,117.58000183105469,117.58000183105469,115.9000015258789,116.76000213623047,88.46177673339844,474281
2024-01-19,FFC,117.0,118.05000305175781,117.0,117.75,89.21184539794922,409948
2024-01-22,FFC,118.08999633789062,119.0999984741211,117.7699966430664,118.93000030517578,90.10585021972656,317007
2024-01-23,FFC,119.1500015258789,119.83999633789062,118.0,119.30999755859375,90.39376068115234,2605017
2024-01-24,FFC,119.30999755859375,120.04000091552734,117.5,117.69999694824219,89.1739501953125,1769486
2024-01-25,FFC,118.0,118.9000015258789,117.80000305175781,118.05000305175781,89.43912506103516,2291175
2024-01-26,FFC,118.87999725341797,119.08999633789062,114.76000213623047,115.16000366210938,87.24956512451172,2000174
2024-01-29,FFC,115.5,115.55000305175781,113.66000366210938,113.95999908447266,86.34040069580078,1410951
2024-01-30,FFC,114.0,114.69999694824219,112.04000091552734,112.83999633789062,85.4918441772461,2273164
2024-01-31,FFC,112.5,114.25,112.5,113.47000122070312,85.96915435791016,2834118
2024-02-01,FFC,113.69999694824219,114.5,113.25,113.94000244140625,86.32524108886719,986980
2024-02-02,FFC,114.0,114.25,113.0199966430664,113.86000061035156,86.2646255493164,596889
2024-02-06,FFC,113.12000274658203,114.80000305175781,113.08000183105469,113.25,85.80247497558594,3839057
2024-02-07,FFC,113.69999694824219,113.8499984741211,113.2699966430664,113.5199966430664,86.00702667236328,670013
2024-02-08,FFC,113.5199966430664,113.5199966430664,113.5199966430664,113.5199966430664,86.00702667236328,0
2024-02-09,FFC,112.41999816894531,113.5999984741211,110.0,112.5999984741211,85.31001281738281,1663532
2024-02-12,FFC,112.25,113.19999694824219,111.52999877929688,112.44999694824219,85.19635772705078,904332
2024-02-13,FFC,112.0,113.4000015258789,111.1500015258789,113.25,85.80247497558594,311896
2024-02-14,FFC,113.44999694824219,114.0,112.0,112.83999633789062,85.4918441772461,424317
2024-02-15,FFC,112.98999786376953,113.0,110.8499984741211,111.31999969482422,84.3402328491211,828170
2024-02-16,FFC,111.3499984741211,111.88999938964844,108.5199966430664,109.25,82.77192687988281,1358006
2024-02-19,FFC,108.5,109.75,108.0,109.05999755859375,82.62796783447266,309586
2024-02-20,FFC,109.0,110.48999786376953,108.25,109.12999725341797,82.6810073852539,798244
2024-02-21,FFC,110.0,110.37999725341797,108.69999694824219,109.27999877929688,82.79464721679688,602733
2024-02-22,FFC,109.80000305175781,110.51000213623047,108.91000366210938,110.01000213623047,83.34772491455078,1458865
2024-02-23,FFC,110.0,114.4800033569336,110.0,113.2300033569336,85.78732299804688,1496539
2024-02-26,FFC,113.9000015258789,114.0,112.5,112.88999938964844,85.52971649169922,360446
2024-02-27,FFC,113.0,113.5,112.80000305175781,112.94000244140625,85.5676040649414,221420
2024-02-28,FFC,113.58000183105469,118.0,112.76000213623047,117.29000091552734,88.86333465576172,2079428
2024-02-29,FFC,118.0,121.55000305175781,117.30000305175781,119.33000183105469,90.40892028808594,3414841
2024-03-01,FFC,119.4000015258789,120.5,118.30000305175781,120.13999938964844,91.02259826660156,637892
2024-03-04,FFC,120.5999984741211,120.94999694824219,119.0,119.36000061035156,90.431640625,388961
2024-03-05,FFC,120.0,120.0,118.0,118.76000213623047,89.97705078125,409390
2024-03-06,FFC,119.0,119.0,118.0,118.4000015258789,89.70430755615234,118534
2024-03-07,FFC,117.86000061035156,118.44000244140625,117.4000015258789,117.9000015258789,89.32548522949219,470451
2024-03-08,FFC,117.5199966430664,118.25,117.0,117.12999725341797,88.74211120605469,287027
2024-03-11,FFC,117.5,118.3499984741211,117.5,117.9800033569336,89.3861083984375,453500
2024-03-12,FFC,117.86000061035156,118.30000305175781,117.25,117.37999725341797,88.9315185546875,124947
2024-03-13,FFC,117.37999725341797,118.5,116.94999694824219,117.26000213623047,88.84059143066406,222341
2024-03-14,FFC,118.4000015258789,118.8499984741211,117.5,118.31999969482422,89.64369201660156,267056
2024-03-15,FFC,117.5,118.44999694824219,116.9000015258789,117.7300033569336,89.19670104980469,991183
2024-03-18,FFC,117.80000305175781,120.55999755859375,117.55000305175781,120.12000274658203,91.00743865966797,855092
2024-03-19,FFC,120.0999984741211,122.73999786376953,120.0999984741211,121.77999877929688,92.26512145996094,2268635
2024-03-20,FFC,122.0999984741211,124.27999877929688,122.0999984741211,124.0,93.94706726074219,3207061
2024-03-21,FFC,120.9800033569336,123.5,120.55000305175781,121.62999725341797,95.30260467529297,1112002
2024-03-22,FFC,122.0,122.0,120.5,121.13999938964844,94.91867065429688,226320
2024-03-26,FFC,122.0,127.75,122.0,127.2699966430664,99.7218017578125,3355357
2024-03-27,FFC,128.0,129.6999969482422,127.75,128.64999389648438,100.80308532714844,4035570
2024-03-28,FFC,129.0,130.4499969482422,128.0,128.52000427246094,100.70124053955078,14651169
2024-03-29,FFC,128.5500030517578,128.60000610351562,126.0,126.25,98.9225845336914,688287
2024-04-01,FFC,126.25,126.5,124.9000015258789,125.68000030517578,98.47596740722656,578543
2024-04-02,FFC,125.98999786376953,127.4000015258789,124.9000015258789,126.86000061035156,99.40055084228516,1102039
2024-04-03,FFC,127.0,127.55000305175781,126.4000015258789,126.8499984741211,99.39271545410156,1134308
2024-04-04,FFC,127.01000213623047,128.0,126.12999725341797,126.47000122070312,99.09496307373047,694820
2024-04-08,FFC,126.5,134.6999969482422,126.5,132.66000366210938,103.94511413574219,3250425
2024-04-09,FFC,132.02000427246094,142.61000061035156,132.02000427246094,142.61000061035156,111.74139404296875,3786880
2024-04-15,FFC,144.3800048828125,145.89999389648438,140.3000030517578,143.50999450683594,112.44657135009766,4881164
2024-04-16,FFC,144.1999969482422,147.0,139.89999389648438,140.22999572753906,109.87654113769531,3382388
2024-04-17,FFC,140.0,141.5,138.5,138.75999450683594,108.72473907470703,898888
2024-04-18,FFC,139.3800048828125,140.0,136.39999389648438,139.22999572753906,109.09300231933594,1564517
2024-04-19,FFC,139.22999572753906,141.75,138.60000610351562,141.1999969482422,110.63658905029297,1457153
2024-04-22,FFC,141.6999969482422,144.0,140.7899932861328,142.50999450683594,111.66303253173828,2153745
2024-04-23,FFC,143.10000610351562,143.49000549316406,141.07000732421875,142.0800018310547,111.32611846923828,903225
2024-04-24,FFC,142.49000549316406,144.89999389648438,141.4499969482422,142.19000244140625,111.41230773925781,3602518
2024-04-25,FFC,142.4499969482422,143.0,141.75,142.50999450683594,111.66303253173828,935937
2024-04-26,FFC,142.0399932861328,151.5,141.85000610351562,147.22000122070312,115.35354614257812,3468073
2024-04-29,FFC,147.6999969482422,150.39999389648438,142.8000030517578,144.72000122070312,113.3946533203125,4646319
2024-04-30,FFC,145.0,147.75,144.8000030517578,145.63999938964844,114.11553955078125,2832211
2024-05-02,FFC,145.63999938964844,145.75,142.75,143.36000061035156,112.32904815673828,3072687
2024-05-03,FFC,144.0,146.75,143.5,146.07000732421875,114.45245361328125,2823345
2024-05-06,FFC,147.0,151.3000030517578,147.0,149.97999572753906,117.51612091064453,3430657
2024-05-07,FFC,150.0,151.0,149.0500030517578,149.4499969482422,117.10082244873047,1106218
2024-05-08,FFC,149.10000610351562,152.39999389648438,148.00999450683594,151.0500030517578,118.35452270507812,9933330
2024-05-09,FFC,145.6999969482422,145.6999969482422,141.60000610351562,142.4600067138672,115.84187316894531,3508992
2024-05-10,FFC,142.5,143.88999938964844,142.5,143.0800018310547,116.34602355957031,542503
2024-05-13,FFC,144.5,144.5,141.00999450683594,141.92999267578125,115.410888671875,1356545
2024-05-14,FFC,142.0,145.89999389648438,142.0,142.4199981689453,115.80933380126953,2246006
2024-05-15,FFC,143.1300048828125,144.05999755859375,141.02000427246094,142.97999572753906,116.26470184326172,1586598
2024-05-16,FFC,143.00999450683594,143.97999572753906,142.0,143.27000427246094,116.50051879882812,997743
2024-05-17,FFC,143.0500030517578,144.8000030517578,143.0,144.47000122070312,117.47631072998047,1136130
2024-05-20,FFC,144.5,145.39999389648438,143.00999450683594,144.27000427246094,117.31366729736328,633851
2024-05-21,FFC,144.5,144.99000549316406,142.1999969482422,142.8000030517578,116.11833190917969,652521
2024-05-22,FFC,142.10000610351562,144.64999389648438,142.10000610351562,143.97000122070312,117.06971740722656,1271233
2024-05-23,FFC,144.0,147.3000030517578,143.8000030517578,145.19000244140625,118.06177520751953,1195328
2024-05-24,FFC,145.6999969482422,147.89999389648438,145.5,147.5500030517578,119.98081970214844,1991344
2024-05-27,FFC,148.0,148.0,144.0,144.17999267578125,117.2405014038086,1245160
2024-05-28,FFC,144.17999267578125,144.17999267578125,144.17999267578125,144.17999267578125,117.2405014038086,0
2024-05-29,FFC,144.30999755859375,145.11000061035156,141.0,141.60000610351562,115.14256286621094,1218053
2024-05-30,FFC,142.0,142.4499969482422,138.89999389648438,139.2899932861328,113.26415252685547,1080693
2024-05-31,FFC,141.5,142.25,139.75,141.7899932861328,115.29704284667969,450893
2024-06-03,FFC,142.0,142.44000244140625,139.5500030517578,139.72999572753906,113.6219482421875,656697
2024-06-04,FFC,139.72999572753906,140.0,137.5500030517578,137.8300018310547,112.07695007324219,664562
2024-06-05,FFC,137.97999572753906,139.1999969482422,137.0,138.1199951171875,112.31278228759766,471045
2024-06-06,FFC,138.0,139.0,135.8000030517578,136.64999389648438,111.11743927001953,501062
2024-06-07,FFC,136.0,140.25,134.25,139.7100067138672,113.60569763183594,1066634
2024-06-10,FFC,137.64999389648438,138.5500030517578,136.5,137.1999969482422,111.56468200683594,393719
2024-06-11,FFC,138.5,138.5,135.0,136.05999755859375,110.6376724243164,367301
2024-06-12,FFC,136.39999389648438,136.72000122070312,136.0,136.1699981689453,110.72712707519531,907812
2024-06-13,FFC,139.3000030517578,146.25,138.11000061035156,145.1699981689453,118.04549407958984,2288206
2024-06-14,FFC,146.10000610351562,147.0,144.0,144.08999633789062,117.16730499267578,798796
2024-06-20,FFC,145.14999389648438,150.10000610351562,144.64999389648438,149.50999450683594,121.57459259033203,3261132
2024-06-21,FFC,150.0,153.10000610351562,147.5,152.22999572753906,123.78636932373047,1882011
2024-06-24,FFC,153.72999572753906,157.3000030517578,151.4499969482422,152.38999938964844,123.91646575927734,1988571
2024-06-25,FFC,152.89999389648438,154.0,151.5,151.77999877929688,123.42045593261719,389437
2024-06-26,FFC,151.0500030517578,162.60000610351562,151.0,161.7100067138672,131.49505615234375,4716580
2024-06-27,FFC,162.0500030517578,165.1999969482422,161.1199951171875,164.3000030517578,133.60113525390625,1390547
2024-06-28,FFC,164.33999633789062,166.0,163.0,163.3800048828125,132.85304260253906,805447
2024-07-01,FFC,164.0,167.0,160.5,163.66000366210938,133.08070373535156,1378804
2024-07-02,FFC,163.35000610351562,172.5,163.35000610351562,170.80999755859375,138.89476013183594,2771716
2024-07-03,FFC,170.9499969482422,174.0,168.02000427246094,168.2899932861328,136.84561157226562,2225488
2024-07-04,FFC,168.6999969482422,170.0,166.85000610351562,167.47000122070312,136.1788330078125,1050132
2024-07-05,FFC,168.0,169.0,166.08999633789062,166.75,135.59336853027344,1247733
2024-07-08,FFC,166.64999389648438,167.0,165.8000030517578,166.42999267578125,135.33314514160156,517428
2024-07-09,FFC,166.9499969482422,170.00999450683594,166.3000030517578,169.27000427246094,137.6425323486328,934423
2024-07-10,FFC,169.99000549316406,170.1999969482422,167.6999969482422,168.11000061035156,136.69923400878906,514035
2024-07-11,FFC,168.0,172.1999969482422,168.0,171.60000610351562,139.5371551513672,644230
2024-07-12,FFC,171.85000610351562,172.86000061035156,167.11000061035156,170.4199981689453,138.57763671875,1901378
2024-07-15,FFC,171.0,176.39999389648438,171.0,175.0399932861328,142.33438110351562,2015734
2024-07-16,FFC,175.0399932861328,175.0399932861328,175.0399932861328,175.0399932861328,142.33438110351562,0
2024-07-17,FFC,175.0399932861328,175.0399932861328,175.0399932861328,175.0399932861328,142.33438110351562,0
2024-07-18,FFC,175.0,177.10000610351562,173.39999389648438,175.41000366210938,142.63528442382812,706243
2024-07-19,FFC,175.75,177.0,165.10000610351562,167.11000061035156,135.88609313964844,1744824
2024-07-22,FFC,167.11000061035156,169.0,160.0,162.9600067138672,132.51150512695312,1705663
2024-07-23,FFC,162.0,165.5500030517578,162.0,163.5500030517578,132.9912567138672,523748
2024-07-24,FFC,164.0500030517578,170.32000732421875,163.5,167.07000732421875,135.85357666015625,1380009
2024-07-25,FFC,168.5,168.5,166.0,166.47000122070312,135.3656768798828,1436087
2024-07-26,FFC,166.1999969482422,167.0500030517578,163.75,164.97999572753906,134.1540985107422,690924
2024-07-29,FFC,165.5500030517578,172.8000030517578,165.0,170.25,138.4394073486328,2142547
2024-07-30,FFC,173.5,182.0,168.6999969482422,178.82000732421875,145.4081268310547,7815600
2024-07-31,FFC,187.0,187.0,180.0,180.5399932861328,146.8067626953125,5092509
2024-08-01,FFC,180.39999389648438,187.99000549316406,180.3000030517578,187.3300018310547,152.32806396484375,5628254
2024-08-02,FFC,188.0,191.39999389648438,186.02000427246094,186.6199951171875,151.75070190429688,3997309
2024-08-05,FFC,185.36000061035156,190.7899932861328,185.11000061035156,187.7899932861328,152.70213317871094,3661164
2024-08-06,FFC,189.6999969482422,189.6999969482422,185.75,188.3300018310547,153.14122009277344,1873055
2024-08-07,FFC,188.8000030517578,189.08999633789062,184.5500030517578,185.89999389648438,151.16525268554688,2933307
2024-08-08,FFC,175.0,175.0,167.86000061035156,168.3300018310547,144.6597137451172,6905115
2024-08-09,FFC,167.50999450683594,169.58999633789062,165.0,166.02999877929688,142.6831512451172,1410166
2024-08-12,FFC,166.0,167.0,165.0,166.1999969482422,142.8292694091797,683624
2024-08-13,FFC,166.1999969482422,166.4499969482422,164.02000427246094,164.69000244140625,141.53160095214844,636205
2024-08-15,FFC,165.50999450683594,173.97999572753906,165.50999450683594,169.6199951171875,145.76832580566406,2105338
2024-08-16,FFC,170.0,171.39999389648438,169.60000610351562,170.33999633789062,146.38706970214844,987930
2024-08-19,FFC,171.10000610351562,172.14999389648438,165.5,171.75,147.59881591796875,4635076
2024-08-20,FFC,171.75,171.75,169.4499969482422,169.69000244140625,145.8284912109375,294428
2024-08-21,FFC,170.7100067138672,173.0,169.0,172.47000122070312,148.2175750732422,922356
2024-08-22,FFC,172.75,183.6999969482422,172.6999969482422,179.1199951171875,153.93246459960938,2382176
2024-08-23,FFC,179.0,182.8000030517578,179.0,180.89999389648438,155.462158203125,1283839
2024-08-26,FFC,181.60000610351562,182.11000061035156,178.0,179.41000366210938,154.1816864013672,1609597
2024-08-27,FFC,179.5,179.60000610351562,175.72000122070312,176.32000732421875,151.5261993408203,1554638
2024-08-28,FFC,177.10000610351562,178.60000610351562,176.0,178.13999938964844,153.0902862548828,680635
2024-08-29,FFC,178.50999450683594,179.89999389648438,178.3000030517578,178.64999389648438,153.52853393554688,539059
2024-08-30,FFC,179.0,183.60000610351562,179.0,181.91000366210938,156.3301544189453,4745944
2024-09-02,FFC,181.7899932861328,184.25,180.4499969482422,181.1999969482422,155.71998596191406,867534
2024-09-03,FFC,181.85000610351562,182.4499969482422,179.10000610351562,181.3000030517578,155.80593872070312,420702
2024-09-04,FFC,181.8000030517578,182.8000030517578,180.0,181.94000244140625,156.3559112548828,443877
2024-09-05,FFC,182.0,184.13999938964844,181.0,183.02000427246094,157.2840576171875,788061
2024-09-06,FFC,183.02000427246094,184.7899932861328,181.11000061035156,181.7100067138672,156.1582794189453,1226281
2024-09-09,FFC,181.9199981689453,184.6999969482422,181.5,184.27000427246094,158.35829162597656,808073
2024-09-10,FFC,185.0,187.89999389648438,179.5,180.4600067138672,155.08404541015625,3385059
2024-09-11,FFC,181.0,182.39999389648438,177.4199981689453,177.9499969482422,152.927001953125,1492568
2024-09-12,FFC,178.74000549316406,181.0,178.0,180.14999389648438,154.817626953125,298847
2024-09-13,FFC,183.0,185.9499969482422,181.8000030517578,182.47999572753906,156.8199920654297,2337619
2024-09-16,FFC,182.0500030517578,183.10000610351562,181.5,182.64999389648438,156.96607971191406,352237
2024-09-17,FFC,182.64999389648438,182.64999389648438,182.64999389648438,182.64999389648438,156.96607971191406,0
2024-09-18,FFC,182.89999389648438,187.75,182.1999969482422,185.74000549316406,159.62156677246094,1722155
2024-09-19,FFC,186.0,199.74000549316406,186.0,195.35000610351562,167.88021850585938,3220277
2024-09-20,FFC,195.36000061035156,204.75999450683594,191.3000030517578,196.80999755859375,169.1349334716797,10713110
2024-09-23,FFC,196.75,212.82000732421875,195.75,210.5800018310547,180.96859741210938,5873555
2024-09-24,FFC,212.0,222.0,212.0,219.0800018310547,188.2733612060547,5960361
2024-09-25,FFC,219.5,223.97000122070312,214.0,216.35000610351562,185.92724609375,2353746
2024-09-26,FFC,218.0,218.0,208.60000610351562,210.8000030517578,181.15768432617188,1987864
2024-09-27,FFC,210.0,219.0,207.5,216.85000610351562,186.35693359375,2911252
2024-09-30,FFC,216.85000610351562,224.99000549316406,216.60000610351562,222.4499969482422,191.1694793701172,4588796
2024-10-01,FFC,222.05999755859375,226.0,219.61000061035156,222.30999755859375,191.04916381835938,1967188
2024-10-02,FFC,221.3000030517578,227.39999389648438,220.5,225.02999877929688,193.38668823242188,2159363
2024-10-03,FFC,223.89999389648438,247.5,223.89999389648438,243.52999877929688,209.2852325439453,4978307
2024-10-04,FFC,247.1199951171875,251.89999389648438,235.75,238.83999633789062,205.25474548339844,3016956
2024-10-07,FFC,238.8000030517578,250.8000030517578,237.49000549316406,244.8800048828125,210.44541931152344,2441217
2024-10-08,FFC,245.00999450683594,250.97000122070312,245.0,247.75999450683594,212.92042541503906,2678460
2024-10-09,FFC,247.75999450683594,247.75999450683594,247.75999450683594,247.75999450683594,212.92042541503906,0
2024-10-10,FFC,245.0,246.89999389648438,240.0,240.74000549316406,206.88758850097656,972933
2024-10-11,FFC,241.0,245.89999389648438,238.00999450683594,243.75,209.47430419921875,1530637
2024-10-14,FFC,243.8000030517578,257.95001220703125,243.0,253.08999633789062,217.5009307861328,3619974
2024-10-15,FFC,253.1999969482422,259.0,253.0,255.11000061035156,219.23687744140625,2202073
2024-10-16,FFC,258.9800109863281,258.9800109863281,254.0,254.27999877929688,218.52359008789062,1135200
2024-10-17,FFC,255.0,256.5,252.10000610351562,252.7899932861328,217.2431182861328,631253
2024-10-18,FFC,252.7899932861328,253.0,245.5,246.6699981689453,211.98370361328125,652093
2024-10-21,FFC,248.7899932861328,249.97999572753906,245.10000610351562,247.3300018310547,212.55088806152344,850268
2024-10-22,FFC,247.35000610351562,249.42999267578125,241.5,242.50999450683594,208.40866088867188,955940
2024-10-23,FFC,243.0,257.9700012207031,237.3300018310547,255.8699951171875,219.8900146484375,4372606
2024-10-24,FFC,258.5,281.4599914550781,258.0,273.0199890136719,234.62840270996094,6772870
2024-10-25,FFC,274.989990234375,288.8500061035156,270.0,284.4599914550781,244.45973205566406,4236762
2024-10-28,FFC,285.45001220703125,286.44000244140625,263.04998779296875,278.29998779296875,239.16592407226562,5869262
2024-10-29,FFC,280.0,292.6499938964844,278.0,287.0799865722656,246.71133422851562,3683312
2024-10-30,FFC,289.0,298.0,280.0,281.9200134277344,242.27694702148438,4549801
2024-10-31,FFC,281.92999267578125,287.5,279.1000061035156,281.4100036621094,241.83863830566406,2355333
2024-11-01,FFC,283.010009765625,285.9599914550781,282.5,283.760009765625,243.85818481445312,943166
2024-11-04,FFC,284.989990234375,287.5,283.0,283.9100036621094,243.9871063232422,1755726
2024-11-05,FFC,285.0,285.70001220703125,282.7099914550781,284.3900146484375,244.39959716796875,1134129
2024-11-06,FFC,285.0,289.0,283.30999755859375,283.9200134277344,243.9956817626953,1581226
2024-11-07,FFC,284.20001220703125,286.0,282.0,283.0299987792969,243.23081970214844,1244433
2024-11-08,FFC,283.010009765625,286.739990234375,282.29998779296875,285.17999267578125,245.0784912109375,1321904
2024-11-11,FFC,285.17999267578125,286.0,278.5,281.9700012207031,242.3198699951172,2022329
2024-11-12,FFC,281.0,286.5,279.29998779296875,282.739990234375,242.98159790039062,1015736
2024-11-13,FFC,282.739990234375,283.8900146484375,278.510009765625,279.4800109863281,240.18003845214844,881551
2024-11-14,FFC,279.5,281.0,277.0,278.1600036621094,239.04563903808594,765121
2024-11-15,FFC,277.0,281.989990234375,277.0,279.3599853515625,240.07687377929688,686633
2024-11-18,FFC,280.8900146484375,285.3900146484375,278.0,284.3800048828125,244.3909912109375,1684034
2024-11-19,FFC,284.3800048828125,287.44000244140625,284.3800048828125,285.82000732421875,245.6284942626953,3203575
2024-11-20,FFC,286.1499938964844,298.75,286.0899963378906,296.17999267578125,254.5316619873047,4315488
2024-11-21,FFC,299.3999938964844,325.79998779296875,298.75,325.79998779296875,279.986572265625,8039216
2024-11-22,FFC,329.9800109863281,343.5,320.1000061035156,322.3299865722656,277.0045166015625,5795649
2024-11-25,FFC,325.7099914550781,325.7099914550781,310.0,312.9100036621094,268.9091796875,2548796
2024-11-26,FFC,311.0,311.0,296.760009765625,299.8699951171875,257.70281982421875,3203674
2024-11-27,FFC,329.8599853515625,329.8599853515625,312.07000732421875,327.1700134277344,281.1639404296875,5071638
2024-11-28,FFC,330.0,335.7900085449219,321.0,325.6700134277344,279.8749084472656,3183787
2024-11-29,FFC,326.0,330.0,321.20001220703125,324.8900146484375,279.2045593261719,2314462
2024-12-02,FFC,326.0,334.3999938964844,326.0,332.489990234375,285.7358093261719,3626862
2024-12-03,FFC,333.1000061035156,340.0,328.6499938964844,336.8500061035156,289.48272705078125,3372629
2024-12-04,FFC,338.010009765625,339.70001220703125,333.010009765625,336.54998779296875,289.2249755859375,1061778
2024-12-05,FFC,340.489990234375,350.5,340.0,349.1199951171875,300.0273742675781,4797836
2024-12-06,FFC,352.0,353.989990234375,345.0199890136719,347.0799865722656,298.2742004394531,2473577
2024-12-09,FFC,347.010009765625,357.0,338.04998779296875,348.3699951171875,299.3828430175781,2973076
2024-12-10,FFC,349.989990234375,360.3999938964844,341.1000061035156,348.79998779296875,299.7523498535156,4695198
2024-12-11,FFC,348.79998779296875,355.29998779296875,348.79998779296875,350.4200134277344,301.14459228515625,1862609
2024-12-12,FFC,350.75,385.4599914550781,350.75,385.17999267578125,331.0166320800781,7953893
2024-12-13,FFC,388.0,404.8399963378906,388.0,399.4100036621094,343.24566650390625,4595243
2024-12-16,FFC,404.8999938964844,435.0,401.010009765625,420.1099853515625,361.03485107421875,3823082
2024-12-17,FFC,421.0,423.989990234375,393.0,398.6300048828125,342.5753479003906,3239947
2024-12-18,FFC,400.0,412.0199890136719,372.0,375.6499938964844,322.8267822265625,3010980
2024-12-19,FFC,374.5,403.0,358.2099914550781,370.5899963378906,318.4783020019531,7411503
2024-12-20,FFC,375.0,389.0,365.010009765625,385.17999267578125,331.0166320800781,3876964
2024-12-23,FFC,391.0,402.0,388.0,399.1099853515625,342.98785400390625,3292625
2024-12-24,FFC,403.0,404.8999938964844,374.0,384.5400085449219,330.4666442871094,7635691
2024-12-26,FFC,383.0,383.0,371.20001220703125,373.29998779296875,320.80718994140625,2532108
2024-12-27,FFC,374.989990234375,377.75,372.7900085449219,374.260009765625,321.6322326660156,1885688
2024-12-30,FFC,375.0,377.8999938964844,365.75,371.94000244140625,319.6384582519531,3713151
2024-12-31,FFC,374.9800109863281,374.9800109863281,365.0,366.32000732421875,314.8087463378906,3274817
2025-01-01,FFC,366.32000732421875,366.32000732421875,366.32000732421875,366.32000732421875,314.8087463378906,0
2025-01-02,FFC,380.0,387.9800109863281,374.9700012207031,378.79998779296875,325.5338439941406,3606962
2025-01-03,FFC,380.0,391.25,380.0,388.6000061035156,333.95574951171875,5494609
2025-01-06,FFC,390.29998779296875,397.5,382.010009765625,383.5799865722656,329.64166259765625,5516192
2025-01-07,FFC,384.5,384.5,370.20001220703125,381.1300048828125,327.5361633300781,4914860
2025-01-08,FFC,385.010009765625,398.5,379.0,382.7200012207031,328.902587890625,7099700
2025-01-09,FFC,384.989990234375,387.0,376.6000061035156,381.7900085449219,328.1033630371094,1699265
2025-01-10,FFC,380.0,386.8599853515625,377.0199890136719,383.7300109863281,329.77056884765625,2363368
2025-01-13,FFC,386.0,388.5,383.0,386.0299987792969,331.7471618652344,1975797
2025-01-14,FFC,388.3999938964844,389.489990234375,383.9599914550781,384.55999755859375,330.48382568359375,1630106
2025-01-15,FFC,384.8999938964844,391.0,384.25,388.5400085449219,333.9041748046875,2795920
2025-01-16,FFC,388.5400085449219,393.95001220703125,384.25,385.1300048828125,330.97369384765625,3177510
2025-01-17,FFC,385.20001220703125,392.989990234375,383.0,387.0199890136719,332.597900390625,3573120
2025-01-20,FFC,390.0,396.5,388.6099853515625,390.8900146484375,335.92376708984375,3858034
2025-01-21,FFC,392.0,401.8900146484375,390.54998779296875,395.2099914550781,339.63629150390625,5473618
2025-01-22,FFC,397.0,397.989990234375,392.010009765625,394.5799865722656,339.0948486328125,2914788
2025-01-23,FFC,395.1000061035156,397.79998779296875,392.79998779296875,393.75,338.38153076171875,2792304
2025-01-24,FFC,395.0,415.8999938964844,395.0,408.05999755859375,350.6793212890625,8399194
2025-01-27,FFC,414.8800048828125,418.0,408.5799865722656,409.6600036621094,352.0543212890625,3659868
2025-01-28,FFC,410.5,413.25,390.1099853515625,398.6700134277344,342.6097412109375,5986835
2025-01-29,FFC,400.0,403.0,384.0,389.19000244140625,334.4627990722656,9273783
2025-01-30,FFC,390.0,395.0,385.010009765625,392.4200134277344,337.2386169433594,2914119
2025-01-31,FFC,392.3900146484375,395.9599914550781,390.04998779296875,391.510009765625,336.4565124511719,1477425
2025-02-03,FFC,392.0,392.0,383.0,384.3299865722656,330.28619384765625,1946531
2025-02-04,FFC,387.989990234375,388.0,380.5,380.9700012207031,327.3987121582031,1348815
2025-02-06,FFC,380.7900085449219,380.7900085449219,372.6099853515625,376.4200134277344,323.4884948730469,2573724
2025-02-07,FFC,377.3999938964844,384.0,376.0,382.80999755859375,328.9799499511719,1067512
2025-02-10,FFC,384.0,385.989990234375,380.0199890136719,383.44000244140625,329.5213317871094,927817
2025-02-11,FFC,384.0,390.8800048828125,383.75,389.0799865722656,334.3682556152344,1300398
2025-02-12,FFC,391.0,394.0,387.0,388.8800048828125,334.1963806152344,1429695
2025-02-13,FFC,388.8800048828125,392.3999938964844,387.75,388.0400085449219,333.47454833984375,900614
2025-02-14,FFC,388.5,392.20001220703125,388.010009765625,390.6400146484375,335.7088928222656,951558
2025-02-17,FFC,391.0,393.0,388.5,390.5199890136719,335.60577392578125,1050356
2025-02-18,FFC,391.04998779296875,392.75,389.0,392.1300048828125,336.9893798828125,1357158
2025-02-19,FFC,393.0,397.989990234375,393.0,396.760009765625,340.96832275390625,3874273
2025-02-20,FFC,398.0,399.0,396.54998779296875,397.5,341.6042785644531,4448109
2025-02-21,FFC,398.8900146484375,398.8900146484375,396.0,396.6400146484375,340.8652038574219,2255486
2025-02-24,FFC,396.0,407.8999938964844,396.0,405.0899963378906,348.126953125,2649788
2025-02-25,FFC,405.1000061035156,411.8999938964844,400.95001220703125,402.9100036621094,346.2535095214844,2365345
2025-02-26,FFC,403.0,403.9700012207031,400.5,401.9599914550781,345.43707275390625,417315
2025-02-27,FFC,402.5,403.8900146484375,400.25,401.6400146484375,345.162109375,465521
2025-02-28,FFC,398.5,403.0,396.0,397.45001220703125,341.5613098144531,873235
2025-03-03,FFC,399.5,399.5,396.0,396.2300109863281,340.5128173828125,758785
2025-03-04,FFC,396.2300109863281,396.2300109863281,396.2300109863281,396.2300109863281,340.5128173828125,0
2025-03-05,FFC,399.0,402.2200012207031,396.010009765625,396.9700012207031,341.1488037109375,1159512
2025-03-06,FFC,398.0,399.989990234375,394.5,398.1099853515625,342.12847900390625,2749521
2025-03-07,FFC,398.1499938964844,398.8999938964844,393.0,396.0199890136719,340.33233642578125,1509104
2025-03-10,FFC,397.0,399.989990234375,393.0,394.239990234375,338.80267333984375,1613423
2025-03-11,FFC,393.0,395.79998779296875,392.0,392.80999755859375,337.57379150390625,480872
2025-03-12,FFC,392.20001220703125,394.0,387.0,388.29998779296875,333.6979064941406,1033336
2025-03-13,FFC,391.8500061035156,395.45001220703125,390.04998779296875,393.4200134277344,338.0979919433594,673213
2025-03-14,FFC,396.0,399.0,395.0,397.489990234375,341.5956726074219,960831
2025-03-17,FFC,399.3999938964844,401.989990234375,390.0,394.57000732421875,339.0863037109375,1859547
2025-03-18,FFC,395.94000244140625,402.9800109863281,394.0,400.2099914550781,343.9331359863281,2116605
2025-03-19,FFC,402.010009765625,402.25,398.5,399.3699951171875,343.2113037109375,2459057
2025-03-20,FFC,380.0,389.0,380.0,382.3800048828125,346.84869384765625,1798871
2025-03-21,FFC,382.3800048828125,383.8900146484375,377.0,378.20001220703125,343.0570983886719,846847
2025-03-24,FFC,379.0,379.8500061035156,372.0,372.7900085449219,338.14984130859375,905239
2025-03-25,FFC,372.55999755859375,375.0,368.1099853515625,373.7300109863281,339.00244140625,1273893
2025-03-26,FFC,375.0,378.0,372.92999267578125,374.0899963378906,339.3289794921875,725327
2025-03-27,FFC,374.0,375.0,368.010009765625,369.760009765625,335.4013671875,1526604
2025-03-28,FFC,369.760009765625,369.760009765625,369.760009765625,369.760009765625,335.4013671875,0
2025-03-31,FFC,369.760009765625,369.760009765625,369.760009765625,369.760009765625,335.4013671875,0
2025-04-03,FFC,371.0,372.0,365.010009765625,367.8599853515625,333.6778869628906,1415857
2025-04-04,FFC,367.5,374.1600036621094,367.5,370.3800048828125,335.9637145996094,1747673
2025-04-07,FFC,369.0,369.5,344.0,364.8800048828125,330.9748229980469,2699575
2025-04-08,FFC,366.0,369.25,362.0,362.7900085449219,329.0790100097656,1957241
2025-04-09,FFC,362.0,364.8999938964844,355.1000061035156,361.1000061035156,327.5460510253906,1810470
2025-04-10,FFC,370.0,373.0,362.0,362.5199890136719,328.8340759277344,951478
2025-04-11,FFC,363.0,363.0,355.0,355.82000732421875,322.7566833496094,1293884
2025-04-14,FFC,356.1099853515625,358.6000061035156,347.8999938964844,351.80999755859375,319.1192626953125,2034307
2025-04-15,FFC,352.5,357.8399963378906,351.0,352.739990234375,319.96282958984375,1260194
2025-04-16,FFC,353.5,357.0,352.0,353.3999938964844,320.5615539550781,851256
2025-04-17,FFC,352.0,356.0,350.04998779296875,352.05999755859375,319.3460388183594,868913
2025-04-18,FFC,352.05999755859375,352.05999755859375,340.0,344.6199951171875,312.5974426269531,2144220
2025-04-21,FFC,345.07000732421875,346.989990234375,339.29998779296875,343.3800048828125,311.47259521484375,1781417
2025-04-22,FFC,342.510009765625,364.989990234375,342.510009765625,360.19000244140625,326.72064208984375,3244836
2025-04-23,FFC,357.0199890136719,368.9800109863281,355.0,358.5799865722656,325.26019287109375,1729427
2025-04-24,FFC,350.0,359.95001220703125,350.0,354.44000244140625,321.5048828125,1424330
2025-04-25,FFC,354.0,361.5,350.0,358.8900146484375,325.5414123535156,1460600
2025-04-28,FFC,359.8999938964844,364.3900146484375,354.5,358.3399963378906,325.04254150390625,1293660
2025-04-29,FFC,358.010009765625,359.8999938964844,351.0,356.6400146484375,323.5005187988281,1015748
2025-04-30,FFC,352.989990234375,355.20001220703125,348.0,350.67999267578125,318.0942687988281,2490268
2025-05-02,FFC,353.989990234375,359.8999938964844,350.5199890136719,351.8599853515625,319.1646423339844,1181451
2025-05-05,FFC,353.489990234375,356.989990234375,350.0,356.4100036621094,323.2918701171875,520825
2025-05-06,FFC,356.0,361.95001220703125,355.5,356.6300048828125,323.49139404296875,822914
2025-05-07,FFC,330.010009765625,367.489990234375,330.010009765625,356.0899963378906,323.0015869140625,4727615
2025-05-08,FFC,350.0,354.0,314.17999267578125,331.29998779296875,306.54107666015625,5731517
2025-05-09,FFC,329.8999938964844,339.5,325.0,337.6600036621094,312.42578125,3507282
2025-05-12,FFC,371.42999267578125,371.42999267578125,366.0,371.42999267578125,343.67205810546875,3064636
2025-05-13,FFC,380.0,380.0,366.04998779296875,368.7900085449219,341.2293701171875,1503139
2025-05-14,FFC,369.8999938964844,378.6000061035156,365.010009765625,372.3599853515625,344.53253173828125,10549653
2025-05-15,FFC,373.989990234375,374.9800109863281,370.5,373.55999755859375,345.64288330078125,874562
2025-05-16,FFC,372.8999938964844,372.8999938964844,368.0,368.3599853515625,340.83148193359375,825762
2025-05-19,FFC,370.20001220703125,370.20001220703125,365.010009765625,366.1400146484375,338.77740478515625,723490
2025-05-20,FFC,367.1000061035156,368.0,362.0,362.3999938964844,335.3169250488281,664767
2025-05-21,FFC,364.20001220703125,367.0,361.510009765625,362.510009765625,335.41864013671875,570082
2025-05-22,FFC,362.1000061035156,365.489990234375,361.1099853515625,361.95001220703125,334.9005432128906,551933
2025-05-23,FFC,361.95001220703125,362.0,359.5199890136719,360.0400085449219,333.13330078125,306606
2025-05-26,FFC,360.0,361.4800109863281,356.4100036621094,357.44000244140625,330.72760009765625,405528
2025-05-27,FFC,357.5,359.0,355.7799987792969,357.010009765625,330.3297119140625,415111
2025-05-28,FFC,357.010009765625,357.010009765625,357.010009765625,357.010009765625,330.3297119140625,0
2025-05-29,FFC,355.0,360.0,355.0,359.3599853515625,332.5040588378906,375871
2025-05-30,FFC,358.0,370.5,355.0,367.3900146484375,339.9339904785156,1950609
2025-06-02,FFC,371.0,373.8800048828125,363.54998779296875,365.3900146484375,338.0834655761719,2067310
2025-06-03,FFC,365.07000732421875,375.0,365.07000732421875,371.94000244140625,344.1439514160156,4787806
2025-06-04,FFC,373.0,376.0,371.1000061035156,374.7900085449219,346.78094482421875,1677490
2025-06-05,FFC,374.7900085449219,375.0,370.1000061035156,372.92999267578125,345.0599060058594,299701
2025-06-06,FFC,372.92999267578125,372.92999267578125,372.92999267578125,372.92999267578125,345.0599060058594,0
2025-06-09,FFC,372.92999267578125,372.92999267578125,372.92999267578125,372.92999267578125,345.0599060058594,0
2025-06-10,FFC,372.94000244140625,384.79998779296875,371.0299987792969,379.0299987792969,350.7040710449219,1435155
2025-06-11,FFC,384.010009765625,388.0,382.010009765625,386.1700134277344,357.3105163574219,1163351
2025-06-12,FFC,386.489990234375,391.6499938964844,382.510009765625,383.30999755859375,354.66424560546875,1299086
2025-06-13,FFC,374.010009765625,383.0,374.010009765625,378.5899963378906,350.2969665527344,896241
2025-06-16,FFC,378.5899963378906,378.5899963378906,378.5899963378906,378.5899963378906,350.2969665527344,0
2025-06-17,FFC,378.5899963378906,380.0,375.04998779296875,377.6199951171875,349.3994445800781,365382
2025-06-18,FFC,377.0,378.0,374.0,374.54998779296875,346.55889892578125,855820
2025-06-19,FFC,375.0,378.8999938964844,373.989990234375,375.45001220703125,347.3916320800781,779533
2025-06-20,FFC,376.0,376.510009765625,373.0,374.04998779296875,346.09625244140625,517905
2025-06-23,FFC,370.0,374.8800048828125,369.7099914550781,371.80999755859375,344.0236511230469,2266260
2025-06-24,FFC,382.0,382.0,376.0,377.82000732421875,349.58453369140625,1675741
2025-06-25,FFC,379.989990234375,381.5,377.0,378.1300048828125,349.8713684082031,598595
2025-06-26,FFC,380.0,380.0,376.010009765625,378.1000061035156,349.8435974121094,646232
2025-06-27,FFC,378.0,393.0,378.0,386.5400085449219,357.65289306640625,2555814
2025-06-30,FFC,387.0,395.75,383.25,392.4100036621094,363.08416748046875,1691136
2025-07-01,FFC,396.1600036621094,424.9800109863281,396.1600036621094,412.20001220703125,381.3952331542969,5743151
2025-07-02,FFC,408.30999755859375,419.3999938964844,408.30999755859375,413.79998779296875,382.8756408691406,2404409
2025-07-03,FFC,414.3999938964844,416.5,408.0,413.739990234375,382.82012939453125,1245585
2025-07-04,FFC,417.0,417.0,403.0,404.8599853515625,374.6037292480469,1818337
2025-07-07,FFC,406.1099853515625,411.6700134277344,406.1099853515625,408.3599853515625,377.8421936035156,1426719
2025-07-08,FFC,409.989990234375,410.0,403.5,406.2200012207031,375.86212158203125,1089933
2025-07-09,FFC,406.989990234375,406.989990234375,400.70001220703125,402.010009765625,371.96673583984375,1257874
2025-07-10,FFC,401.8999938964844,405.989990234375,401.5,404.75,374.5019836425781,729807
2025-07-11,FFC,405.9700012207031,412.0,405.1000061035156,405.75,375.42724609375,1215743
2025-07-14,FFC,408.3999938964844,414.8999938964844,406.0,412.5299987792969,381.7005615234375,1645667
2025-07-15,FFC,412.5299987792969,424.0,409.5,415.5400085449219,384.485595703125,4398897
2025-07-16,FFC,418.4200134277344,443.20001220703125,417.5,438.1400146484375,405.39666748046875,5384435
2025-07-17,FFC,439.9800109863281,460.0,439.9800109863281,450.94000244140625,417.2400817871094,5014390
2025-07-18,FFC,470.0,490.0,465.0,469.55999755859375,434.4685363769531,6741644
2025-07-21,FFC,469.5,472.95001220703125,462.0,462.6300048828125,428.05645751953125,1430727
2025-07-22,FFC,460.510009765625,481.9800109863281,460.510009765625,469.3999938964844,434.32049560546875,2299489
2025-07-23,FFC,473.010009765625,476.0,468.010009765625,468.6400146484375,433.6173095703125,1113464
2025-07-24,FFC,469.0,470.9800109863281,462.0,463.2200012207031,428.60235595703125,579790
2025-07-25,FFC,463.0,466.75,462.0,462.92999267578125,428.3340148925781,404751
2025-07-28,FFC,462.92999267578125,466.739990234375,460.3999938964844,463.95001220703125,429.2778015136719,891725
2025-07-29,FFC,468.0,476.5,465.1099853515625,467.42999267578125,432.4977111816406,4320236
2025-07-30,FFC,467.0,470.5,462.5,464.1400146484375,429.45361328125,1217782
2025-07-31,FFC,465.0,469.3900146484375,455.0,457.6000061035156,423.40234375,2066423
2025-08-01,FFC,460.0,461.5,454.79998779296875,458.4700012207031,424.20733642578125,2146032
2025-08-04,FFC,458.4700012207031,462.0,455.510009765625,460.8399963378906,426.4001770019531,2673024
2025-08-05,FFC,461.5,475.75,461.5,470.4200134277344,435.2642822265625,4778350
2025-08-06,FFC,470.989990234375,473.0,449.9800109863281,465.5299987792969,430.7397155761719,6692036
2025-08-07,FFC,460.0,460.8800048828125,446.5,449.3800048828125,426.7983093261719,2787767
2025-08-08,FFC,449.3800048828125,475.0,440.0,453.2300109863281,430.454833984375,10147069
2025-08-11,FFC,459.0,465.0,451.1000061035156,452.25,429.5240478515625,2716599
2025-08-12,FFC,451.8900146484375,455.1000061035156,446.20001220703125,447.25,424.7752990722656,1834615
2025-08-13,FFC,447.29998779296875,453.0,441.04998779296875,442.4800109863281,420.2450256347656,1415239
2025-08-15,FFC,443.0,445.79998779296875,441.1499938964844,442.3299865722656,420.1025390625,2249571
2025-08-18,FFC,443.0,446.8500061035156,440.05999755859375,444.32000732421875,421.9925231933594,1140487
2025-08-19,FFC,444.32000732421875,445.989990234375,439.5,441.5400085449219,419.35223388671875,1540546
2025-08-20,FFC,441.5400085449219,443.0,435.8999938964844,436.6600036621094,414.7174987792969,1817922
2025-08-21,FFC,437.0,442.5,433.5,433.94000244140625,412.1341247558594,7185967
2025-08-22,FFC,436.9800109863281,442.0,434.79998779296875,437.1199951171875,415.1543273925781,5105826
2025-08-25,FFC,437.1099853515625,439.7900085449219,434.0,436.6499938964844,414.7079772949219,692494
2025-08-26,FFC,436.739990234375,444.8699951171875,435.0,441.8299865722656,419.6276550292969,2316037
2025-08-27,FFC,444.510009765625,452.20001220703125,439.5,440.4599914550781,418.3265075683594,2492253
2025-08-28,FFC,440.0,442.0,434.0,436.44000244140625,414.508544921875,1235448
2025-08-29,FFC,437.25,440.0,435.54998779296875,436.30999755859375,414.3850402832031,725022
2025-09-01,FFC,434.0,440.8800048828125,425.0,433.54998779296875,411.76373291015625,2576761
2025-09-02,FFC,433.5,440.1499938964844,430.510009765625,439.260009765625,417.18682861328125,1246210
2025-09-03,FFC,440.5,448.4800109863281,440.5,445.6499938964844,423.2557067871094,4199286
2025-09-04,FFC,447.0,454.70001220703125,446.5,450.69000244140625,428.0424499511719,3414581
2025-09-05,FFC,451.0,453.0,444.20001220703125,447.0799865722656,424.61383056640625,1351142
2025-09-08,FFC,446.0,452.1099853515625,445.0,450.0299987792969,427.4156188964844,2271795
2025-09-09,FFC,451.989990234375,459.8999938964844,449.04998779296875,457.0899963378906,434.1208190917969,3184024
2025-09-10,FFC,458.0,461.3900146484375,455.0,455.8699951171875,432.962158203125,1778983
2025-09-11,FFC,454.0,458.4599914550781,451.6000061035156,452.95001220703125,430.18890380859375,747686
2025-09-12,FFC,452.0,454.8599853515625,445.0,446.989990234375,424.52838134765625,604518
2025-09-15,FFC,448.010009765625,459.0,447.010009765625,456.2099914550781,433.2850341796875,863105
2025-09-16,FFC,457.1499938964844,460.0,451.95001220703125,452.5899963378906,429.84698486328125,1595164
2025-09-17,FFC,453.9800109863281,454.5,448.489990234375,452.4599914550781,429.7235107421875,865622
2025-09-18,FFC,454.0,455.5,451.5,453.1499938964844,430.3788146972656,977164
2025-09-19,FFC,453.2900085449219,455.0,451.0,451.6499938964844,428.9541931152344,514239
2025-09-22,FFC,452.989990234375,453.989990234375,447.5,448.7300109863281,426.1809387207031,1335828
2025-09-23,FFC,448.7300109863281,448.7300109863281,448.7300109863281,448.7300109863281,426.1809387207031,0
2025-09-24,FFC,448.0,452.0,443.010009765625,443.9100036621094,421.6031494140625,1320212
2025-09-25,FFC,447.0,447.0,441.70001220703125,442.17999267578125,419.9600830078125,1914578
2025-09-26,FFC,443.5,455.3999938964844,443.260009765625,453.5400085449219,430.749267578125,6755801
2025-09-29,FFC,457.0,469.8900146484375,452.0,467.6199951171875,444.1217041015625,4126708
2025-09-30,FFC,469.0,474.2900085449219,462.0,462.8399963378906,439.5819091796875,3227258
2025-10-01,FFC,465.0,467.489990234375,458.5,464.6000061035156,441.2534484863281,2236492
2025-10-02,FFC,466.989990234375,467.3999938964844,459.1099853515625,463.4700012207031,440.18023681640625,2343001
2025-10-03,FFC,467.0,484.0,467.0,481.69000244140625,457.48468017578125,5450020
2025-10-06,FFC,485.0,494.8999938964844,480.0,486.6199951171875,462.16693115234375,4486357
2025-10-07,FFC,486.6199951171875,486.6199951171875,486.6199951171875,486.6199951171875,462.16693115234375,0
2025-10-08,FFC,482.0,482.0,473.1000061035156,475.3800048828125,451.4917907714844,2927164
2025-10-09,FFC,475.3800048828125,477.8500061035156,470.1000061035156,475.1600036621094,451.2828063964844,1630983
2025-10-10,FFC,473.5,489.0,468.489990234375,481.0400085449219,456.8673400878906,3039458
2025-10-13,FFC,475.1000061035156,478.0,467.0,474.0400085449219,450.2191162109375,3481489
2025-10-14,FFC,478.0,484.989990234375,476.0,477.239990234375,453.2582702636719,2705867
2025-10-15,FFC,481.0,488.989990234375,477.0,482.44000244140625,458.1969909667969,3445854
2025-10-16,FFC,483.0,486.8399963378906,477.20001220703125,478.1600036621094,454.132080078125,1247476
2025-10-17,FFC,479.0,481.489990234375,475.510009765625,477.2300109863281,453.2488098144531,971397
2025-10-20,FFC,480.0,481.32000732421875,475.5,480.6199951171875,456.46844482421875,1280352
2025-10-21,FFC,481.989990234375,492.489990234375,481.989990234375,486.9800109863281,462.50885009765625,3777246
2025-10-22,FFC,488.6499938964844,488.6499938964844,475.5,476.7300109863281,452.77392578125,2933956
2025-10-23,FFC,477.989990234375,482.8999938964844,468.510009765625,478.0,453.9801025390625,4572921
2025-10-24,FFC,478.989990234375,480.9800109863281,472.0199890136719,477.2799987792969,453.2962951660156,1077724
2025-10-27,FFC,476.989990234375,479.989990234375,472.1000061035156,476.42999267578125,452.4889831542969,928332
2025-10-28,FFC,476.0,481.5,475.0,475.6300048828125,451.72918701171875,1091260
2025-10-29,FFC,475.0299987792969,480.5,473.0299987792969,473.9200134277344,450.1051330566406,896031
2025-10-30,FFC,476.0,484.25,475.260009765625,476.7099914550781,452.7548828125,1488695
2025-10-31,FFC,480.1000061035156,491.0,477.010009765625,488.8599853515625,464.29437255859375,3301015
2025-11-03,FFC,484.0,502.9800109863281,481.5,495.19000244140625,479.6268615722656,5474556
2025-11-04,FFC,499.29998779296875,515.5,497.0,503.94000244140625,488.1018371582031,4594263
2025-11-05,FFC,505.0,506.489990234375,491.1000061035156,494.30999755859375,478.7745056152344,1735687
2025-11-06,FFC,494.1000061035156,499.20001220703125,485.2300109863281,493.25,477.7478332519531,1727305
2025-11-07,FFC,490.010009765625,495.0,488.1000061035156,489.44000244140625,474.05755615234375,438145
2025-11-10,FFC,491.0,502.8900146484375,490.5,500.6099853515625,484.8764953613281,1770586
2025-11-11,FFC,500.0,500.0,488.0,494.8599853515625,479.3072204589844,3047641
2025-11-12,FFC,495.0,524.8800048828125,494.0,512.6799926757812,496.5671691894531,6959776
2025-11-13,FFC,520.0,534.989990234375,515.010009765625,532.3300170898438,515.5996704101562,4281336
2025-11-14,FFC,532.0,536.0,524.5999755859375,531.77001953125,515.0572509765625,2205142
2025-11-17,FFC,549.239990234375,557.0,532.5,536.5,519.6385498046875,5321290
2025-11-18,FFC,535.97998046875,544.0,532.0999755859375,536.4400024414062,519.5804443359375,2038737
2025-11-19,FFC,537.0,570.5,537.0,566.6599731445312,548.8506469726562,8869346
2025-11-20,FFC,570.0,586.0,564.5,565.75,547.96923828125,4861261
2025-11-21,FFC,561.0,565.0499877929688,556.010009765625,557.3699951171875,539.8526000976562,1138827
2025-11-24,FFC,556.7999877929688,569.989990234375,551.0,565.5599975585938,547.7852172851562,3571848
2025-11-25,FFC,568.6799926757812,575.8499755859375,566.3499755859375,571.1300048828125,553.18017578125,2112989
2025-11-26,FFC,574.0,592.0,572.2999877929688,589.4299926757812,570.905029296875,3794944
2025-11-27,FFC,590.0,599.0,584.0,593.1099853515625,574.4693603515625,2747356
2025-11-28,FFC,594.0999755859375,597.8400268554688,584.02001953125,586.1799926757812,567.7571411132812,2209831
2025-12-01,FFC,589.989990234375,589.989990234375,582.0,585.6699829101562,567.26318359375,1202893
2025-12-02,FFC,586.5,592.0,578.0,580.0800170898438,561.8489379882812,2118929
2025-12-03,FFC,582.0,582.0,565.010009765625,566.280029296875,548.4826049804688,3757579
2025-12-04,FFC,568.0,571.7999877929688,559.0,561.4199829101562,543.7753295898438,1560313
2025-12-05,FFC,567.010009765625,569.0,556.0,567.4500122070312,549.6158447265625,3436193
2025-12-08,FFC,569.989990234375,590.0,565.9099731445312,579.9600219726562,561.732666015625,21031396
2025-12-09,FFC,589.8699951171875,594.0999755859375,583.0,586.6400146484375,568.2027587890625,2160163
2025-12-10,FFC,586.0,591.0,578.0,580.1599731445312,561.9263305664062,1575523
2025-12-11,FFC,578.25,580.8599853515625,570.7000122070312,572.1599731445312,554.177734375,1644729
2025-12-12,FFC,574.1400146484375,587.0,570.0,584.9400024414062,566.55615234375,2156839
2025-12-15,FFC,587.0,588.989990234375,582.5,583.7899780273438,565.4422607421875,1107217
2025-12-16,FFC,585.489990234375,585.489990234375,576.27001953125,577.5999755859375,559.4468383789062,1714865
2025-12-17,FFC,579.010009765625,583.0,570.8900146484375,575.219970703125,557.1416015625,3069421
2025-12-18,FFC,577.5,594.0,571.4000244140625,588.989990234375,570.4788818359375,3917911
2025-12-19,FFC,592.0,594.0,583.010009765625,585.0,566.6142578125,1543331
2025-12-22,FFC,586.0,588.8800048828125,580.0,583.02001953125,564.696533203125,1078977
2025-12-23,FFC,585.0,585.030029296875,579.4500122070312,580.1799926757812,561.9457397460938,714823
2025-12-24,FFC,587.1599731445312,589.0,581.0,583.010009765625,564.686767578125,939677
2025-12-26,FFC,585.0,589.9000244140625,584.0,585.25,566.8563842773438,1203244
2025-12-29,FFC,592.2000122070312,614.9000244140625,592.2000122070312,601.469970703125,582.5665893554688,5105482
2025-12-30,FFC,602.489990234375,604.9000244140625,593.219970703125,596.4000244140625,577.656005859375,2085783
2025-12-31,FFC,597.4299926757812,600.0,588.0,590.7100219726562,572.1448364257812,1663489
