Date,Symbol,Open,High,Low,Close,Adj Close,Volume
2015-01-01,GATM,30.354631423950195,31.354822158813477,30.354631423950195,30.61049461364746,23.510332107543945,1339194
2015-01-02,GATM,30.936138153076172,31.62929344177246,30.703535079956055,30.917530059814453,23.74614906311035,2998677
2015-01-05,GATM,31.15943717956543,31.261781692504883,30.377891540527344,30.4755859375,23.40671730041504,716888
2015-01-06,GATM,30.242982864379883,30.889617919921875,30.122028350830078,30.27089500427246,23.249502182006836,1268257
2015-01-07,GATM,30.354631423950195,30.703535079956055,30.005727767944336,30.047597885131836,23.078001022338867,384776
2015-01-08,GATM,30.215070724487305,30.694232940673828,30.07550811767578,30.4755859375,23.40671730041504,587912
2015-01-09,GATM,30.698883056640625,31.010570526123047,30.312763214111328,30.62910270690918,23.524621963500977,1156479
2015-01-12,GATM,30.703535079956055,31.005918502807617,30.377891540527344,30.517454147338867,23.438871383666992,542771
2015-01-13,GATM,30.6895809173584,31.052440643310547,30.47093391418457,30.577930450439453,23.485321044921875,906051
2015-01-14,GATM,30.79192543029785,31.401342391967773,30.722143173217773,31.252477645874023,24.00340461730957,2734277
2015-01-15,GATM,31.401342391967773,31.63394546508789,30.9873104095459,31.112916946411133,23.896217346191406,1625089
2015-01-16,GATM,30.936138153076172,31.340866088867188,30.79657745361328,30.847749710083008,23.692556381225586,536322
2015-01-19,GATM,31.043134689331055,31.16408920288086,30.6477108001709,30.726795196533203,23.599653244018555,826517
2015-01-20,GATM,30.912878036499023,30.97800636291504,30.47093391418457,30.596538543701172,23.499610900878906,738384
2015-01-21,GATM,30.703535079956055,30.912878036499023,30.331371307373047,30.419761657714844,23.363840103149414,1469244
2015-01-22,GATM,30.424413681030273,30.657014846801758,29.982467651367188,30.08481216430664,23.106578826904297,374028
2015-01-23,GATM,30.238330841064453,30.652362823486328,29.77777862548828,29.9685115814209,23.01725959777832,753431
2015-01-26,GATM,30.354631423950195,30.936138153076172,30.14994239807129,30.550018310546875,23.463884353637695,2373146
2015-01-27,GATM,30.382543563842773,30.517454147338867,29.79638671875,30.173202514648438,23.174468994140625,709364
2015-01-28,GATM,29.912687301635742,30.354631423950195,29.79638671875,29.866167068481445,22.93865203857422,708289
2015-01-29,GATM,29.81964683532715,30.042945861816406,29.79638671875,29.898731231689453,22.963661193847656,336410
2015-01-30,GATM,29.912687301635742,30.131332397460938,28.842714309692383,29.09857749938965,22.349105834960938,1366064
2015-02-02,GATM,30.09876823425293,30.28485107421875,29.642868041992188,29.77777862548828,22.870763778686523,2271041
2015-02-03,GATM,29.93594741821289,30.07550811767578,29.191619873046875,29.27535629272461,22.484878540039062,1001708
2015-02-04,GATM,29.354440689086914,29.475393295288086,28.74967384338379,28.805498123168945,22.124004364013672,785674
2015-02-05,GATM,28.805498123168945,28.805498123168945,28.805498123168945,28.805498123168945,22.124004364013672,0
2015-02-06,GATM,29.028797149658203,29.768474578857422,28.959016799926758,29.61495590209961,22.74570655822754,1855095
2015-02-09,GATM,29.666128158569336,30.09876823425293,29.377700805664062,29.726604461669922,22.831459045410156,1506862
2015-02-10,GATM,30.694232940673828,30.889617919921875,29.656824111938477,29.75916862487793,22.85647201538086,4284131
2015-02-11,GATM,29.996423721313477,29.996423721313477,29.09857749938965,29.27535629272461,22.484878540039062,879182
2015-02-12,GATM,29.028797149658203,29.307920455932617,28.005346298217773,28.963668823242188,22.245487213134766,1661632
2015-02-13,GATM,29.121837615966797,29.121837615966797,28.37751007080078,28.549636840820312,21.927490234375,612633
2015-02-16,GATM,28.549636840820312,28.884584426879883,28.26120948791504,28.40077018737793,21.813156127929688,358981
2015-02-17,GATM,28.58685302734375,28.6101131439209,27.91695785522461,28.084430694580078,21.5701904296875,231080
2015-02-18,GATM,28.144908905029297,28.37751007080078,27.814611434936523,28.321685791015625,21.75241470336914,354682
2015-02-19,GATM,28.368206024169922,28.959016799926758,28.284469604492188,28.642677307128906,21.998950958251953,490106
2015-02-20,GATM,28.656633377075195,28.93110466003418,28.424030303955078,28.74036979675293,22.073986053466797,262249
2015-02-23,GATM,28.475202560424805,28.833410263061523,28.330989837646484,28.39146614074707,21.806011199951172,137573
2015-02-24,GATM,28.37751007080078,28.37751007080078,27.456403732299805,27.69365882873535,21.27005958557129,235380
2015-02-25,GATM,27.447099685668945,27.679702758789062,27.135412216186523,27.18658447265625,20.880605697631836,276222
2015-02-26,GATM,27.447099685668945,27.447099685668945,27.06097984313965,27.135412216186523,20.84130096435547,135424
2015-02-27,GATM,27.084239959716797,27.563400268554688,26.981895446777344,27.093544006347656,20.80914306640625,155845
2015-03-02,GATM,27.423839569091797,27.447099685668945,25.739797592163086,26.418996810913086,20.291059494018555,441740
2015-03-03,GATM,26.586471557617188,26.749292373657227,25.637451171875,26.16313362121582,20.09454345703125,206360
2015-03-04,GATM,26.098005294799805,26.446908950805664,26.084049224853516,26.284086227416992,20.187440872192383,197762
2015-03-05,GATM,26.121265411376953,26.70277214050293,26.121265411376953,26.36317253112793,20.24818229675293,104255
2015-03-06,GATM,26.330608367919922,26.51668930053711,26.21430778503418,26.451560974121094,20.316070556640625,41916
2015-03-09,GATM,26.284086227416992,26.726032257080078,25.81888198852539,25.921226501464844,19.90874671936035,92432
2015-03-10,GATM,25.82353401184082,26.00496482849121,25.121074676513672,25.228071212768555,19.376371383666992,298792
2015-03-11,GATM,24.65587043762207,25.060598373413086,24.190664291381836,24.67447853088379,18.951187133789062,283745
2015-03-12,GATM,25.093162536621094,25.400197982788086,24.888471603393555,25.000120162963867,19.2012939453125,153695
2015-03-13,GATM,25.307157516479492,25.49323844909668,25.13037872314453,25.307157516479492,19.43711280822754,91357
2015-03-16,GATM,24.772171020507812,25.232723236083984,24.772171020507812,24.986164093017578,19.19057273864746,104255
2015-03-17,GATM,24.66517448425293,24.66517448425293,23.77198028564453,24.48374366760254,18.804689407348633,298792
2015-03-18,GATM,24.013885498046875,24.26044464111328,23.26025390625,23.316078186035156,17.907869338989258,367579
2015-03-19,GATM,23.492856979370117,23.716154098510742,22.7950496673584,22.864830017089844,17.561288833618164,96731
2015-03-20,GATM,23.26025390625,23.78128433227539,23.26025390625,23.73941421508789,18.23301124572754,127900
2015-03-23,GATM,23.73941421508789,23.73941421508789,23.73941421508789,23.73941421508789,18.23301124572754,0
2015-03-24,GATM,24.12088394165039,24.13949203491211,23.097431182861328,23.24164581298828,17.85070037841797,178415
2015-03-25,GATM,23.24164581298828,23.841760635375977,22.7950496673584,23.720806121826172,18.21871566772461,713663
2015-03-26,GATM,23.95806121826172,23.95806121826172,22.539186477661133,23.218385696411133,17.832834243774414,432067
2015-03-27,GATM,23.26025390625,23.26025390625,22.7950496673584,22.90669822692871,17.593446731567383,270848
2015-03-30,GATM,22.804353713989258,22.809005737304688,21.76229476928711,21.76229476928711,16.714487075805664,256875
2015-03-31,GATM,21.864639282226562,22.7950496673584,20.771406173706055,22.58570671081543,17.346908569335938,413795
2015-04-01,GATM,22.888090133666992,23.07417106628418,22.097240447998047,22.320539474487305,17.143245697021484,321363
2015-04-02,GATM,22.334495544433594,23.12069320678711,22.329843521118164,22.869482040405273,17.564861297607422,414870
2015-04-03,GATM,23.65567970275879,24.009233474731445,23.12069320678711,23.985973358154297,18.422378540039062,1335969
2015-04-06,GATM,24.12088394165039,25.121074676513672,23.77198028564453,24.590740203857422,18.886869430541992,873808
2015-04-07,GATM,24.65587043762207,24.65587043762207,24.097623825073242,24.25579261779785,18.629613876342773,308466
2015-04-08,GATM,24.28835678100586,24.65587043762207,23.96271324157715,24.30231475830078,18.665346145629883,564267
2015-04-09,GATM,23.77198028564453,24.418615341186523,23.7254581451416,23.985973358154297,18.422378540039062,147246
2015-04-10,GATM,24.28370475769043,25.116422653198242,24.102275848388672,24.62795639038086,18.915454864501953,902827
2015-04-13,GATM,24.865211486816406,24.865211486816406,24.190664291381836,24.237184524536133,18.61532211303711,141872
2015-04-14,GATM,24.167404174804688,24.767518997192383,23.94875717163086,24.372093200683594,18.71893882751465,504078
2015-04-15,GATM,24.64191246032715,24.65587043762207,24.241836547851562,24.423267364501953,18.758243560791016,270848
2015-04-16,GATM,24.646564483642578,25.64210319519043,24.423267364501953,25.64210319519043,19.694366455078125,2358099
2015-04-17,GATM,25.81888198852539,26.921417236328125,25.725841522216797,26.921417236328125,20.67694091796875,1718596
2015-04-20,GATM,27.91230583190918,28.26586151123047,26.888853073120117,27.19123649597168,20.88417625427246,4537783
2015-04-21,GATM,27.447099685668945,27.633182525634766,25.83283805847168,25.84214210510254,19.848005294799805,1528358
2015-04-22,GATM,25.82353401184082,26.609731674194336,25.82353401184082,26.386432647705078,20.266048431396484,1072645
2015-04-23,GATM,26.51668930053711,26.656251907348633,25.65605926513672,25.744449615478516,19.772974014282227,331036
2015-04-24,GATM,25.586280822753906,25.981704711914062,25.074554443359375,25.28389549255371,19.419246673583984,499779
2015-04-27,GATM,24.893123626708984,25.8049259185791,24.893123626708984,25.237375259399414,19.383516311645508,163368
2015-04-28,GATM,24.893123626708984,25.530454635620117,23.976669311523438,24.390703201293945,18.733234405517578,667447
2015-04-29,GATM,24.520959854125977,24.530263900756836,23.911540985107422,24.046451568603516,18.468830108642578,341784
2015-04-30,GATM,23.841760635375977,24.167404174804688,23.027652740478516,23.692895889282227,18.197280883789062,760954
2015-05-01,GATM,23.692895889282227,23.692895889282227,23.692895889282227,23.692895889282227,18.197280883789062,0
2015-05-04,GATM,23.7254581451416,24.218576431274414,23.692895889282227,24.13949203491211,18.5402889251709,379402
2015-05-05,GATM,23.77198028564453,24.092971801757812,23.492856979370117,23.851064682006836,18.318763732910156,256875
2015-05-06,GATM,23.865020751953125,24.28370475769043,23.865020751953125,24.12088394165039,18.525999069213867,251501
2015-05-07,GATM,24.004581451416016,24.004581451416016,23.59520149230957,23.61846160888672,18.14011573791504,147246
2015-05-08,GATM,23.26025390625,23.95806121826172,23.26025390625,23.60915756225586,18.132966995239258,38692
2015-05-11,GATM,23.306774139404297,23.376556396484375,22.818309783935547,22.883438110351562,17.575578689575195,220332
2015-05-12,GATM,23.143953323364258,23.26025390625,22.702007293701172,23.013696670532227,17.675626754760742,786749
2015-05-13,GATM,22.864830017089844,23.12069320678711,22.7950496673584,22.855525970458984,17.55414390563965,93507
2015-05-14,GATM,23.027652740478516,23.26025390625,22.855525970458984,23.10673713684082,17.747085571289062,511602
2015-05-15,GATM,22.841569900512695,23.07417106628418,22.7950496673584,23.027652740478516,17.686342239379883,99955
2015-05-18,GATM,23.24629783630371,23.26025390625,22.888090133666992,22.92530632019043,17.60773468017578,63412
2015-05-19,GATM,23.027652740478516,23.12069320678711,22.841569900512695,22.89739418029785,17.5862979888916,76310
2015-05-20,GATM,22.91135025024414,22.91135025024414,22.329843521118164,22.59966278076172,17.357627868652344,127900
2015-05-21,GATM,22.58570671081543,22.58570671081543,22.325191497802734,22.399625778198242,17.203989028930664,168742
2015-05-22,GATM,22.56244659423828,22.72526741027832,21.957679748535156,22.25075912475586,17.089651107788086,134349
2015-05-25,GATM,22.73457145690918,22.888090133666992,22.381017684936523,22.450796127319336,17.243289947509766,135424
2015-05-26,GATM,22.213542938232422,22.55779457092285,22.213542938232422,22.4089298248291,17.211135864257812,132199
2015-05-27,GATM,22.241455078125,23.143953323364258,22.241455078125,22.836917877197266,17.539852142333984,1604668
2015-05-28,GATM,22.7950496673584,22.7950496673584,22.376365661621094,22.515926361083984,17.293312072753906,190238
2015-05-29,GATM,22.56244659423828,22.7485294342041,22.23680305480957,22.43218994140625,17.229000091552734,701840
2015-06-01,GATM,22.692703247070312,23.553333282470703,22.399625778198242,23.553333282470703,18.0900936126709,3226533
2015-06-02,GATM,23.720806121826172,23.911540985107422,22.7950496673584,22.874134063720703,17.56843376159668,1736868
2015-06-03,GATM,22.93461036682129,23.143953323364258,22.608966827392578,22.75783348083496,17.479108810424805,526649
2015-06-04,GATM,22.841569900512695,23.46029281616211,22.7950496673584,23.204429626464844,17.822118759155273,1470319
2015-06-05,GATM,23.204429626464844,23.204429626464844,23.204429626464844,23.204429626464844,17.822118759155273,0
2015-06-08,GATM,23.204429626464844,23.204429626464844,23.204429626464844,23.204429626464844,17.822118759155273,0
2015-06-09,GATM,23.720806121826172,23.7254581451416,23.353294372558594,23.409120559692383,17.97933006286621,756655
2015-06-10,GATM,23.26025390625,23.557985305786133,23.26025390625,23.348642349243164,17.932880401611328,545995
2015-06-11,GATM,23.227689743041992,23.911540985107422,23.227689743041992,23.534725189208984,18.07579803466797,926473
2015-06-12,GATM,23.562637329101562,24.707042694091797,23.306774139404297,24.362789154052734,18.711793899536133,4946205
2015-06-15,GATM,24.427919387817383,24.82799530029297,23.96271324157715,24.204620361328125,18.590309143066406,1323072
2015-06-16,GATM,23.95806121826172,24.190664291381836,23.7254581451416,23.80454444885254,18.28303337097168,471834
2015-06-17,GATM,23.999929428100586,24.097623825073242,23.674287796020508,23.711502075195312,18.21157455444336,571790
2015-06-18,GATM,23.711502075195312,23.711502075195312,23.711502075195312,23.711502075195312,18.21157455444336,0
2015-06-19,GATM,23.376556396484375,23.492856979370117,22.962522506713867,23.055564880371094,17.707780838012695,199911
2015-06-22,GATM,22.850873947143555,22.957870483398438,22.56244659423828,22.636878967285156,17.386211395263672,374028
2015-06-23,GATM,22.79039764404297,23.26025390625,22.56709861755371,22.93461036682129,17.614883422851562,481508
2015-06-24,GATM,23.25560188293457,23.330034255981445,22.93461036682129,22.985782623291016,17.654186248779297,351457
2015-06-25,GATM,22.841569900512695,23.483552932739258,22.7950496673584,22.827613830566406,17.53270721435547,676045
2015-06-26,GATM,23.004390716552734,23.004390716552734,22.446144104003906,22.539186477661133,17.311180114746094,791048
2015-06-29,GATM,22.376365661621094,22.7485294342041,22.143762588500977,22.446144104003906,17.239715576171875,303092
2015-06-30,GATM,22.55779457092285,23.027652740478516,22.334495544433594,22.818309783935547,17.525558471679688,336410
2015-07-01,GATM,22.7950496673584,23.44633674621582,22.77178955078125,23.050912857055664,17.704208374023438,456787
2015-07-02,GATM,23.25094985961914,23.353294372558594,22.888090133666992,23.064868927001953,17.714927673339844,521275
2015-07-03,GATM,22.981130599975586,23.190473556518555,22.888090133666992,22.92530632019043,17.60773468017578,242903
2015-07-06,GATM,23.027652740478516,23.143953323364258,22.702007293701172,22.832265853881836,17.536279678344727,461086
2015-07-07,GATM,22.827613830566406,23.027652740478516,22.655487060546875,22.71131134033203,17.443378448486328,360056
2015-07-08,GATM,22.58570671081543,22.7485294342041,22.376365661621094,22.488014221191406,17.271875381469727,238604
2015-07-09,GATM,22.334495544433594,23.232341766357422,22.334495544433594,22.860177993774414,17.557714462280273,631979
2015-07-10,GATM,23.027652740478516,23.1346492767334,22.469406127929688,22.529882431030273,17.304033279418945,220332
2015-07-13,GATM,22.7950496673584,23.162561416625977,22.446144104003906,23.07882308959961,17.725643157958984,375103
2015-07-14,GATM,23.25560188293457,24.12088394165039,22.869482040405273,23.73941421508789,18.23301124572754,1814253
2015-07-15,GATM,23.818500518798828,24.748910903930664,23.678939819335938,24.032495498657227,18.458112716674805,1501488
2015-07-16,GATM,24.190664291381836,24.376745223999023,23.73011016845703,23.78128433227539,18.265169143676758,457862
2015-07-17,GATM,23.78128433227539,23.78128433227539,23.78128433227539,23.78128433227539,18.265169143676758,0
2015-07-20,GATM,23.78128433227539,23.78128433227539,23.78128433227539,23.78128433227539,18.265169143676758,0
2015-07-21,GATM,23.78128433227539,23.78128433227539,23.78128433227539,23.78128433227539,18.265169143676758,0
2015-07-22,GATM,23.7254581451416,23.94875717163086,23.492856979370117,23.539377212524414,18.07937240600586,507303
2015-07-23,GATM,23.381208419799805,23.702199935913086,22.888090133666992,23.08812713623047,17.732789993286133,457862
2015-07-24,GATM,22.799701690673828,23.027652740478516,22.688051223754883,22.832265853881836,17.536279678344727,508377
2015-07-27,GATM,22.832265853881836,23.023000717163086,22.329843521118164,22.43218994140625,17.229000091552734,404122
2015-07-28,GATM,22.79039764404297,22.90669822692871,22.56244659423828,22.743877410888672,17.46839141845703,320288
2015-07-29,GATM,22.57640266418457,22.981130599975586,22.57175064086914,22.697355270385742,17.432659149169922,381552
2015-07-30,GATM,22.7485294342041,22.7950496673584,22.446144104003906,22.55779457092285,17.325471878051758,191313
2015-07-31,GATM,22.56244659423828,22.56244659423828,22.283323287963867,22.362407684326172,17.175403594970703,525574
2015-08-03,GATM,22.357755661010742,22.399625778198242,22.148414611816406,22.25075912475586,17.089651107788086,233230
2015-08-04,GATM,22.506622314453125,22.878786087036133,22.376365661621094,22.553142547607422,17.321897506713867,285895
2015-08-05,GATM,22.42753791809082,22.7485294342041,22.404277801513672,22.59035873413086,17.350482940673828,554594
2015-08-06,GATM,22.678747177124023,23.399816513061523,22.678747177124023,22.874134063720703,17.56843376159668,1306950
2015-08-07,GATM,23.11604118347168,23.11604118347168,22.641530990600586,22.860177993774414,17.557714462280273,573940
2015-08-10,GATM,22.846221923828125,23.213733673095703,22.71131134033203,23.060216903686523,17.711355209350586,586837
2015-08-11,GATM,23.167213439941406,23.492856979370117,22.981130599975586,22.999738693237305,17.66490364074707,712588
2015-08-12,GATM,23.027652740478516,23.167213439941406,22.57175064086914,22.608966827392578,17.364770889282227,403048
2015-08-13,GATM,22.613618850708008,22.7950496673584,22.520578384399414,22.56709861755371,17.33261489868164,278371
2015-08-14,GATM,22.56709861755371,22.56709861755371,22.56709861755371,22.56709861755371,17.33261489868164,0
2015-08-17,GATM,22.632226943969727,22.888090133666992,22.334495544433594,22.399625778198242,17.203989028930664,480433
2015-08-18,GATM,22.702007293701172,22.702007293701172,22.334495544433594,22.441492080688477,17.236141204833984,212809
2015-08-19,GATM,22.469406127929688,22.841569900512695,22.334495544433594,22.534534454345703,17.30760383605957,1036102
2015-08-20,GATM,22.660139083862305,23.12069320678711,22.329843521118164,22.41358184814453,17.21470832824707,1262883
2015-08-21,GATM,22.553142547607422,22.553142547607422,21.297088623046875,21.413389205932617,16.446510314941406,1014606
2015-08-24,GATM,20.980749130249023,20.980749130249023,20.34341812133789,20.34341812133789,15.624720573425293,357906
2015-08-25,GATM,20.236421585083008,21.35756492614746,19.375791549682617,21.073789596557617,16.185684204101562,736234
2015-08-26,GATM,21.138919830322266,21.283132553100586,20.594629287719727,20.7155818939209,15.910560607910156,260100
2015-08-27,GATM,20.934228897094727,21.16683006286621,20.70162582397461,20.776058197021484,15.957012176513672,237529
2015-08-28,GATM,20.934228897094727,21.0970516204834,20.724885940551758,20.757450103759766,15.942720413208008,325662
2015-08-31,GATM,20.934228897094727,21.794858932495117,20.608585357666016,21.794858932495117,16.739498138427734,803946
2015-09-01,GATM,21.841379165649414,22.190282821655273,20.966793060302734,21.0551815032959,16.1713924407959,725486
2015-09-02,GATM,20.70627784729004,21.35291290283203,20.70627784729004,21.19939613342285,16.282155990600586,122526
2015-09-03,GATM,21.35291290283203,21.441301345825195,20.938880920410156,21.129615783691406,16.228559494018555,125750
2015-09-04,GATM,21.02726936340332,21.306392669677734,20.236421585083008,20.422502517700195,15.685463905334473,286970
2015-09-07,GATM,20.236421585083008,20.282941818237305,19.403703689575195,19.473485946655273,14.956572532653809,232155
2015-09-08,GATM,19.13388442993164,19.724695205688477,19.073408126831055,19.622350692749023,15.07090950012207,230006
2015-09-09,GATM,19.561874389648438,20.3294620513916,19.561874389648438,20.054990768432617,15.40319538116455,313840
2015-09-10,GATM,20.324810028076172,20.324810028076172,19.766563415527344,20.03173065185547,15.385330200195312,413795
2015-09-11,GATM,20.422502517700195,21.03192138671875,20.422502517700195,21.03192138671875,16.153526306152344,803946
2015-09-14,GATM,21.39012908935547,21.39012908935547,20.236421585083008,20.245725631713867,15.549690246582031,551369
2015-09-15,GATM,20.050338745117188,20.34807014465332,19.817737579345703,20.064294815063477,15.410343170166016,173041
2015-09-16,GATM,20.399242401123047,20.399242401123047,19.771215438842773,19.901472091674805,15.285286903381348,173041
2015-09-17,GATM,20.120119094848633,20.34807014465332,19.771215438842773,19.789823532104492,15.19953441619873,490106
2015-09-18,GATM,19.65491485595703,19.771215438842773,19.306011199951172,19.389747619628906,14.892257690429688,365430
2015-09-21,GATM,19.585134506225586,19.585134506225586,19.17575454711914,19.250186920166016,14.78506851196289,50515
2015-09-22,GATM,19.32927131652832,19.934038162231445,19.32927131652832,19.766563415527344,15.181670188903809,112853
2015-09-23,GATM,19.35253143310547,19.445571899414062,18.78032875061035,18.868717193603516,14.492081642150879,584688
2015-09-24,GATM,18.868717193603516,18.868717193603516,18.868717193603516,18.868717193603516,14.492081642150879,0
2015-09-25,GATM,18.868717193603516,18.868717193603516,18.868717193603516,18.868717193603516,14.492081642150879,0
2015-09-28,GATM,18.696592330932617,18.696592330932617,17.95691680908203,18.022045135498047,13.841795921325684,199911
2015-09-29,GATM,17.673141479492188,17.840614318847656,17.142807006835938,17.673141479492188,13.573823928833008,1305875
2015-09-30,GATM,17.915048599243164,18.31977653503418,17.701053619384766,18.10578155517578,13.906109809875488,1297277
2015-10-01,GATM,18.14299774169922,18.747764587402344,18.096477508544922,18.45003318786621,14.170513153076172,364355
2015-10-02,GATM,18.608203887939453,18.83615493774414,18.32908058166504,18.32908058166504,14.077614784240723,185939
2015-10-05,GATM,18.375600814819336,18.375600814819336,17.910396575927734,18.091825485229492,13.895391464233398,91357
2015-10-06,GATM,17.822006225585938,18.236038208007812,17.817354202270508,18.1243896484375,13.920402526855469,97806
2015-10-07,GATM,17.96156883239746,18.48259735107422,17.96156883239746,18.31512451171875,14.066895484924316,134349
2015-10-08,GATM,18.14299774169922,18.561683654785156,18.14299774169922,18.384904861450195,14.120491981506348,216033
2015-10-09,GATM,18.422121047973633,19.073408126831055,18.236038208007812,18.882673263549805,14.502799987792969,1533732
2015-10-12,GATM,18.98036766052246,19.16644859313965,18.747764587402344,18.79893684387207,14.438486099243164,719037
2015-10-13,GATM,18.64076805114746,18.83615493774414,18.287212371826172,18.352340698242188,14.095479965209961,354682
2015-10-14,GATM,18.46864128112793,18.608203887939453,18.25929832458496,18.347688674926758,14.091906547546387,237529
2015-10-15,GATM,18.370948791503906,18.840805053710938,18.10578155517578,18.17091178894043,13.956132888793945,959791
2015-10-16,GATM,18.14299774169922,18.510509490966797,18.096477508544922,18.29651641845703,14.052602767944336,347158
2015-10-19,GATM,18.608203887939453,18.887325286865234,18.45003318786621,18.515161514282227,14.22053337097168,1166152
2015-10-20,GATM,18.603551864624023,18.608203887939453,18.194171905517578,18.384904861450195,14.120491981506348,434217
2015-10-21,GATM,18.091825485229492,18.091825485229492,17.505666732788086,17.63127326965332,14.075922966003418,290194
2015-10-22,GATM,17.77083396911621,17.77083396911621,17.491710662841797,17.60335922241211,14.053637504577637,56964
2015-10-23,GATM,17.60335922241211,17.60335922241211,17.60335922241211,17.60335922241211,14.053637504577637,0
2015-10-26,GATM,17.561492919921875,17.64988136291504,17.477754592895508,17.482406616210938,13.957074165344238,98881
2015-10-27,GATM,17.212587356567383,17.23584747314453,16.74738311767578,16.886943817138672,13.481689453125,453563
2015-10-28,GATM,16.979984283447266,17.4451904296875,16.979984283447266,17.338193893432617,13.84194278717041,271923
2015-10-29,GATM,17.673141479492188,17.863874435424805,17.4451904296875,17.514970779418945,13.983072280883789,436366
2015-10-30,GATM,17.78944206237793,17.79409408569336,17.24980354309082,17.29632568359375,13.808518409729004,127900
2015-11-02,GATM,17.212587356567383,17.398670196533203,17.11954689025879,17.212587356567383,13.74166488647461,96731
2015-11-03,GATM,17.1055908203125,17.328889846801758,16.93346405029297,17.11024284362793,13.659958839416504,371878
2015-11-04,GATM,17.212587356567383,17.398670196533203,16.989290237426758,17.059070587158203,13.619105339050293,320288
2015-11-05,GATM,16.984638214111328,17.840614318847656,16.886943817138672,17.547536849975586,14.009072303771973,748057
2015-11-06,GATM,17.352149963378906,17.79409408569336,17.328889846801758,17.473102569580078,13.94964599609375,94581
2015-11-09,GATM,17.473102569580078,17.473102569580078,17.473102569580078,17.473102569580078,13.94964599609375,0
2015-11-10,GATM,17.663837432861328,17.933656692504883,17.375410079956055,17.64988136291504,14.090779304504395,688943
2015-11-11,GATM,17.863874435424805,17.863874435424805,17.31028175354004,17.62662124633789,14.072209358215332,243978
2015-11-12,GATM,17.79409408569336,17.79409408569336,17.561492919921875,17.621967315673828,14.06849479675293,260100
2015-11-13,GATM,17.79409408569336,17.905744552612305,17.514970779418945,17.728965759277344,14.153916358947754,245053
2015-11-16,GATM,17.677793502807617,17.677793502807617,17.4451904296875,17.45914649963379,13.938506126403809,118227
2015-11-17,GATM,17.45914649963379,17.677793502807617,17.4451904296875,17.663837432861328,14.101921081542969,262249
2015-11-18,GATM,17.501014709472656,17.863874435424805,17.45914649963379,17.505666732788086,13.975645065307617,315989
2015-11-19,GATM,17.673141479492188,17.677793502807617,17.375410079956055,17.44984245300293,13.93107795715332,149396
2015-11-20,GATM,17.403322219848633,17.514970779418945,17.212587356567383,17.24980354309082,13.771376609802246,138648
2015-11-23,GATM,17.394018173217773,17.394018173217773,16.979984283447266,17.045114517211914,13.607961654663086,126825
2015-11-24,GATM,17.133502960205078,17.133502960205078,17.026506423950195,17.063722610473633,13.622819900512695,132199
2015-11-25,GATM,17.021854400634766,17.026506423950195,16.519432067871094,16.686906814575195,13.321989059448242,233230
2015-11-26,GATM,16.75668716430664,16.840423583984375,16.75668716430664,16.75668716430664,13.377696990966797,102105
2015-11-27,GATM,16.74738311767578,16.979984283447266,16.74738311767578,16.803207397460938,13.414837837219238,199911
2015-11-30,GATM,17.026506423950195,17.026506423950195,16.77064323425293,16.77994728088379,13.396265983581543,376178
2015-12-01,GATM,16.78459930419922,16.826467514038086,16.10074806213379,16.28683090209961,13.002588272094727,505153
2015-12-02,GATM,16.28683090209961,16.863683700561523,16.28217887878418,16.356611251831055,13.058298110961914,588987
2015-12-03,GATM,16.672950744628906,16.672950744628906,16.28217887878418,16.379871368408203,13.07686710357666,319214
2015-12-04,GATM,16.4263916015625,16.514780044555664,16.28217887878418,16.314741134643555,13.024869918823242,231080
2015-12-07,GATM,16.333349227905273,16.44499969482422,16.328697204589844,16.375219345092773,13.073153495788574,54814
2015-12-08,GATM,16.328697204589844,16.351959228515625,16.23565673828125,16.2542667388916,12.976590156555176,1231714
2015-12-09,GATM,16.514780044555664,16.514780044555664,16.25891876220703,16.342653274536133,13.04715347290039,58038
2015-12-10,GATM,16.398479461669922,16.538040161132812,16.398479461669922,16.505475997924805,13.177143096923828,108554
2015-12-11,GATM,16.351959228515625,17.049766540527344,16.23565673828125,16.4263916015625,13.114006042480469,4787135
2015-12-14,GATM,16.28683090209961,16.44499969482422,15.821624755859375,15.947230339050293,12.731468200683594,1071570
2015-12-15,GATM,16.09609603881836,16.25891876220703,15.826276779174805,15.910014152526855,12.701756477355957,630904
2015-12-16,GATM,15.956534385681152,16.23565673828125,15.863492965698242,16.035619735717773,12.802033424377441,303092
2015-12-17,GATM,16.054227828979492,16.56130027770996,16.054227828979492,16.468259811401367,13.147432327270508,1531582
2015-12-18,GATM,16.10074806213379,16.44499969482422,16.09609603881836,16.324045181274414,13.032299041748047,196687
2015-12-21,GATM,16.07283592224121,16.351959228515625,16.07283592224121,16.207744598388672,12.93945026397705,107479
2015-12-22,GATM,16.500823974609375,16.514780044555664,16.09609603881836,16.28217887878418,12.99887466430664,226781
2015-12-23,GATM,16.28217887878418,16.375219345092773,16.049575805664062,16.054227828979492,12.816889762878418,383701
2015-12-24,GATM,16.054227828979492,16.054227828979492,16.054227828979492,16.054227828979492,12.816889762878418,0
2015-12-25,GATM,16.054227828979492,16.054227828979492,16.054227828979492,16.054227828979492,12.816889762878418,0
2015-12-28,GATM,15.872797012329102,16.514780044555664,15.872797012329102,16.500823974609375,13.173429489135742,291269
2015-12-29,GATM,16.63108253479004,16.817163467407227,16.514780044555664,16.6403865814209,13.284849166870117,687868
2015-12-30,GATM,16.56595230102539,16.78459930419922,16.56130027770996,16.75203514099121,13.373983383178711,296643
2015-12-31,GATM,16.74738311767578,16.910205841064453,16.74738311767578,16.859031677246094,13.459404945373535,817918
2016-01-01,GATM,16.859031677246094,16.859031677246094,16.859031677246094,16.859031677246094,13.459404945373535,0
2016-01-04,GATM,16.859031677246094,16.859031677246094,16.859031677246094,16.859031677246094,13.459404945373535,0
2016-01-05,GATM,16.859031677246094,16.859031677246094,16.859031677246094,16.859031677246094,13.459404945373535,0
2016-01-06,GATM,16.859031677246094,16.859031677246094,16.859031677246094,16.859031677246094,13.459404945373535,0
2016-01-07,GATM,16.859031677246094,16.859031677246094,16.859031677246094,16.859031677246094,13.459404945373535,0
2016-01-08,GATM,16.859031677246094,16.859031677246094,16.859031677246094,16.859031677246094,13.459404945373535,0
2016-01-11,GATM,18.817546844482422,18.817546844482422,18.026697158813477,18.11508560180664,14.462173461914062,167667
2016-01-12,GATM,18.11508560180664,18.11508560180664,18.11508560180664,18.11508560180664,14.462173461914062,0
2016-01-13,GATM,18.282560348510742,18.4639892578125,17.491710662841797,17.62662124633789,14.072209358215332,555668
2016-01-14,GATM,17.4451904296875,17.4451904296875,16.74738311767578,16.803207397460938,13.414837837219238,802871
2016-01-15,GATM,16.979984283447266,17.389366149902344,16.74738311767578,16.872987747192383,13.470545768737793,743757
2016-01-18,GATM,16.863683700561523,16.863683700561523,16.049575805664062,16.528736114501953,13.19571304321289,1669156
2016-01-19,GATM,16.74738311767578,17.166067123413086,16.56130027770996,16.74273109436035,13.366555213928223,724411
2016-01-20,GATM,16.840423583984375,17.073026657104492,16.56595230102539,16.984638214111328,13.55968189239502,93507
2016-01-21,GATM,17.026506423950195,17.58940315246582,16.56130027770996,16.8915958404541,13.48540210723877,1042550
2016-01-22,GATM,16.863683700561523,16.979984283447266,16.607820510864258,16.738079071044922,13.36284065246582,144022
2016-01-25,GATM,16.979984283447266,17.026506423950195,16.74738311767578,16.812511444091797,13.422264099121094,106404
2016-01-26,GATM,16.93346405029297,17.259109497070312,16.93346405029297,17.12885093688965,13.67481517791748,321363
2016-01-27,GATM,17.30562973022461,17.46379852294922,17.12419891357422,17.170719146728516,13.70824146270752,293418
2016-01-28,GATM,17.217239379882812,17.23584747314453,17.11024284362793,17.170719146728516,13.70824146270752,26869
2016-01-29,GATM,17.259109497070312,18.026697158813477,17.259109497070312,18.026697158813477,14.391608238220215,987736
2016-02-01,GATM,18.79428482055664,18.910587310791016,18.398860931396484,18.8035888671875,15.011842727661133,1301576
2016-02-02,GATM,18.79428482055664,18.79428482055664,18.25929832458496,18.417469024658203,14.703583717346191,337485
2016-02-03,GATM,18.18951988220215,18.4639892578125,18.049957275390625,18.273256301879883,14.58845043182373,208510
2016-02-04,GATM,17.95691680908203,18.25929832458496,17.95691680908203,18.091825485229492,14.443605422973633,119302
2016-02-05,GATM,18.091825485229492,18.091825485229492,18.091825485229492,18.091825485229492,14.443605422973633,0
2016-02-08,GATM,18.18951988220215,18.608203887939453,18.17091178894043,18.370948791503906,14.666444778442383,497629
2016-02-09,GATM,18.25929832458496,18.375600814819336,18.236038208007812,18.2499942779541,14.569878578186035,166593
2016-02-10,GATM,18.008089065551758,18.18951988220215,18.008089065551758,18.14299774169922,14.484458923339844,50515
2016-02-11,GATM,18.561683654785156,18.561683654785156,17.915048599243164,17.919700622558594,14.306190490722656,127900
2016-02-12,GATM,17.747573852539062,17.910396575927734,17.677793502807617,17.715009689331055,14.142773628234863,90282
2016-02-15,GATM,17.561492919921875,18.25929832458496,17.561492919921875,18.059261322021484,14.417607307434082,148321
2016-02-16,GATM,18.32908058166504,18.44072914123535,17.910396575927734,18.13834571838379,14.480745315551758,305241
2016-02-17,GATM,18.14299774169922,18.282560348510742,17.677793502807617,18.222082138061523,14.54759407043457,695392
2016-02-18,GATM,18.48724937438965,19.12923240661621,18.2918643951416,19.115276336669922,15.260676383972168,1088767
2016-02-19,GATM,19.073408126831055,19.073408126831055,18.287212371826172,18.505857467651367,14.774147987365723,602959
2016-02-22,GATM,18.422121047973633,18.724504470825195,18.003437042236328,18.231386184692383,14.555023193359375,317064
2016-02-23,GATM,18.166257858276367,18.608203887939453,18.026697158813477,18.18021583557129,14.51417064666748,192388
2016-02-24,GATM,18.552379608154297,19.087364196777344,18.552379608154297,18.8035888671875,15.011842727661133,859835
2016-02-25,GATM,19.026887893676758,19.301359176635742,17.868526458740234,18.031349182128906,14.395323753356934,1576723
2016-02-26,GATM,18.929195404052734,18.929195404052734,18.929195404052734,18.929195404052734,15.112120628356934,569641
2016-02-29,GATM,18.929195404052734,19.306011199951172,18.422121047973633,18.64076805114746,14.881853103637695,1507937
2016-03-01,GATM,18.561683654785156,18.608203887939453,18.352340698242188,18.515161514282227,14.781575202941895,313840
2016-03-02,GATM,18.608203887939453,18.78963279724121,18.17091178894043,18.2918643951416,14.603304862976074,486882
2016-03-03,GATM,18.403512954711914,18.905935287475586,18.403512954711914,18.515161514282227,14.781575202941895,423469
2016-03-04,GATM,18.561683654785156,19.236230850219727,18.561683654785156,18.78032875061035,14.993271827697754,1504712
2016-03-07,GATM,18.933847427368164,18.98036766052246,18.65472412109375,18.873369216918945,15.067550659179688,246128
2016-03-08,GATM,19.068756103515625,19.16644859313965,18.608203887939453,18.66402816772461,14.900424003601074,645951
2016-03-09,GATM,18.398860931396484,18.840805053710938,18.398860931396484,18.6314640045166,14.87442398071289,393374
2016-03-10,GATM,18.6314640045166,18.733808517456055,18.375600814819336,18.505857467651367,14.774147987365723,404122
2016-03-11,GATM,18.4639892578125,18.612855911254883,18.380252838134766,18.543075561523438,14.80385971069336,269773
2016-03-14,GATM,18.743112564086914,18.747764587402344,18.096477508544922,18.236038208007812,14.558736801147461,328887
2016-03-15,GATM,18.25929832458496,18.538423538208008,17.919700622558594,18.203475952148438,14.532740592956543,5030039
2016-03-16,GATM,18.603551864624023,19.110624313354492,18.422121047973633,19.064104080200195,15.219820976257324,1641211
2016-03-17,GATM,19.48679542541504,19.48679542541504,18.843490600585938,19.068647384643555,15.663926124572754,235036
2016-03-18,GATM,19.213390350341797,19.556486129760742,18.87029457092285,18.92390251159668,15.545024871826172,800241
2016-03-21,GATM,18.87029457092285,19.004316329956055,18.709468841552734,18.907821655273438,15.531811714172363,95133
2016-03-22,GATM,18.7684383392334,18.7684383392334,18.361011505126953,18.5754451751709,15.258785247802734,124979
2016-03-23,GATM,18.5754451751709,18.5754451751709,18.5754451751709,18.5754451751709,15.258785247802734,0
2016-03-24,GATM,18.87029457092285,18.972150802612305,18.655858993530273,18.80060386657715,15.443740844726562,222911
2016-03-25,GATM,18.73627281188965,18.950708389282227,18.495033264160156,18.55400276184082,15.241170883178711,229439
2016-03-28,GATM,18.495033264160156,18.757715225219727,18.361011505126953,18.714828491210938,15.373281478881836,78345
2016-03-29,GATM,18.55400276184082,18.811325073242188,18.548641204833984,18.714828491210938,15.373281478881836,117518
2016-03-30,GATM,18.612972259521484,18.763076782226562,18.505754470825195,18.645137786865234,15.316033363342285,57826
2016-03-31,GATM,18.763076782226562,19.025760650634766,18.51111602783203,18.7684383392334,15.417319297790527,129642
2016-04-01,GATM,18.763076782226562,18.92390251159668,18.602251052856445,18.80596351623535,15.448144912719727,113787
2016-04-04,GATM,18.655858993530273,18.891738891601562,18.60761260986328,18.757715225219727,15.4085111618042,175344
2016-04-05,GATM,18.548641204833984,19.057924270629883,18.371732711791992,18.6397762298584,15.311630249023438,858068
2016-04-06,GATM,18.854211807250977,19.567209243774414,18.709468841552734,19.44390869140625,15.972182273864746,1343995
2016-04-07,GATM,19.36885643005371,19.701231002807617,19.197307586669922,19.250917434692383,15.813650131225586,328304
2016-04-08,GATM,19.427825927734375,19.535043716430664,19.19194793701172,19.288442611694336,15.844474792480469,625830
2016-04-11,GATM,19.165142059326172,19.24019432067871,18.763076782226562,18.832767486572266,15.470159530639648,505514
2016-04-12,GATM,18.60761260986328,18.709468841552734,18.387815475463867,18.527198791503906,15.21915054321289,247160
2016-04-13,GATM,18.634416580200195,18.763076782226562,18.17337989807129,18.398536682128906,15.113462448120117,609974
2016-04-14,GATM,18.387815475463867,18.387815475463867,18.07688331604004,18.09832763671875,14.86685562133789,706040
2016-04-15,GATM,18.221628189086914,18.221628189086914,17.862449645996094,17.894615173339844,14.699516296386719,316179
2016-04-18,GATM,17.74987030029297,17.985750198364258,17.68553924560547,17.70698356628418,14.545387268066406,590388
2016-04-19,GATM,17.744510650634766,18.591529846191406,17.744510650634766,18.591529846191406,15.27199649810791,762001
2016-04-20,GATM,18.591529846191406,18.709468841552734,18.22698974609375,18.484310150146484,15.183918952941895,601580
2016-04-21,GATM,18.62905502319336,18.62905502319336,17.99110984802246,18.19482421875,14.946124076843262,366544
2016-04-22,GATM,18.403898239135742,18.548641204833984,18.050079345703125,18.060802459716797,14.836029052734375,138969
2016-04-25,GATM,18.961429595947266,18.961429595947266,18.961429595947266,18.961429595947266,15.575850486755371,168815
2016-04-26,GATM,19.904943466186523,19.904943466186523,19.218751907348633,19.49751853942871,16.01622200012207,1831789
2016-04-27,GATM,19.567209243774414,20.467836380004883,19.37957763671875,20.467836380004883,16.81328582763672,2087344
2016-04-28,GATM,20.773406982421875,21.036090850830078,20.478557586669922,20.510723114013672,16.84851837158203,1063258
2016-04-29,GATM,20.6929931640625,20.6929931640625,19.567209243774414,19.883501052856445,16.333284378051758,392659
2016-05-02,GATM,19.679786682128906,20.36598014831543,19.5404052734375,20.044326782226562,16.465394973754883,560542
2016-05-03,GATM,19.83525276184082,20.210514068603516,19.83525276184082,20.00680160522461,16.434572219848633,126844
2016-05-04,GATM,19.969274520874023,20.28020668029785,19.80308723449707,19.845975875854492,16.302461624145508,258353
2016-05-05,GATM,19.83525276184082,19.88886260986328,19.567209243774414,19.594013214111328,16.09548568725586,378669
2016-05-06,GATM,19.620817184448242,20.103296279907227,19.358135223388672,19.91030502319336,16.355302810668945,480331
2016-05-09,GATM,19.73875617980957,20.532167434692383,19.73875617980957,20.43031120300293,16.78246307373047,715367
2016-05-10,GATM,20.317731857299805,20.52144432067871,19.9210262298584,20.37670135498047,16.73842430114746,656608
2016-05-11,GATM,20.167627334594727,20.58577537536621,20.167627334594727,20.371341705322266,16.73402214050293,826356
2016-05-12,GATM,20.526805877685547,20.746601104736328,20.424949645996094,20.451753616333008,16.800077438354492,551215
2016-05-13,GATM,20.424949645996094,20.875263214111328,20.371341705322266,20.68227195739746,16.98943519592285,734021
2016-05-16,GATM,20.639385223388672,21.384546279907227,20.639385223388672,21.21299934387207,17.425399780273438,1610743
2016-05-17,GATM,20.510723114013672,20.827016830444336,20.328453063964844,20.382062911987305,17.176918029785156,548417
2016-05-18,GATM,20.237319946289062,20.532167434692383,20.167627334594727,20.2480411529541,17.0639705657959,293795
2016-05-19,GATM,20.156906127929688,20.451753616333008,19.996078491210938,20.065771102905273,16.910364151000977,478466
2016-05-20,GATM,20.103296279907227,20.156906127929688,19.88886260986328,19.969274520874023,16.829042434692383,231305
2016-05-23,GATM,20.2480411529541,20.34453582763672,19.996078491210938,20.00680160522461,16.86067008972168,189334
2016-05-24,GATM,20.1837100982666,21.003925323486328,20.172988891601562,21.003925323486328,17.70098876953125,1628464
2016-05-25,GATM,21.164751052856445,21.920635223388672,21.164751052856445,21.727642059326172,18.310897827148438,2543426
2016-05-26,GATM,21.840221405029297,21.840221405029297,21.24516487121582,21.443517684936523,18.071455001831055,1529599
2016-05-27,GATM,21.71156120300293,21.71156120300293,21.271968841552734,21.29877281188965,17.949472427368164,632358
2016-05-30,GATM,21.5292911529541,22.194040298461914,21.443517684936523,21.459598541259766,18.08500862121582,2506118
2016-05-31,GATM,21.684755325317383,21.71156120300293,21.389907836914062,21.454238891601562,18.080490112304688,831020
2016-06-01,GATM,21.65795135498047,21.71156120300293,21.513208389282227,21.69011688232422,18.279273986816406,244362
2016-06-02,GATM,21.818777084350586,22.773014068603516,21.71156120300293,22.392391204833984,18.87111473083496,1938114
2016-06-03,GATM,22.510332107543945,23.475290298461914,22.17795753479004,23.33054542541504,19.6617431640625,3093708
2016-06-06,GATM,24.070348739624023,24.12395668029785,22.649715423583984,22.82126235961914,19.232545852661133,1859769
2016-06-07,GATM,22.56930160522461,22.783737182617188,21.979604721069336,22.011770248413086,18.55034828186035,709771
2016-06-08,GATM,21.818777084350586,22.108266830444336,21.71156120300293,21.93135643005371,18.48257827758789,379601
2016-06-09,GATM,21.716922760009766,21.958160400390625,21.121864318847656,21.24516487121582,17.904293060302734,274208
2016-06-10,GATM,21.19155502319336,21.19155502319336,20.666189193725586,20.891345977783203,17.606115341186523,330169
2016-06-13,GATM,20.6929931640625,20.907428741455078,20.489280700683594,20.730520248413086,17.470579147338867,403851
2016-06-14,GATM,20.746601104736328,21.470321655273438,20.6929931640625,21.13794708251953,17.813936233520508,1050200
2016-06-15,GATM,21.459598541259766,21.71156120300293,20.907428741455078,21.239803314208984,17.8997745513916,574532
2016-06-16,GATM,21.175472259521484,21.36310386657715,20.719797134399414,20.875263214111328,17.592561721801758,435562
2016-06-17,GATM,20.68227195739746,20.934232711791992,20.68227195739746,20.902067184448242,17.615150451660156,138969
2016-06-20,GATM,21.068254470825195,21.068254470825195,20.58577537536621,20.639385223388672,17.393775939941406,613705
2016-06-21,GATM,20.644746780395508,20.65010643005371,20.237319946289062,20.371341705322266,17.167882919311523,814232
2016-06-22,GATM,20.371341705322266,20.558971405029297,20.156906127929688,20.414228439331055,17.204025268554688,436495
2016-06-23,GATM,20.39814567565918,20.50536346435547,20.103296279907227,20.178348541259766,17.005237579345703,219180
2016-06-24,GATM,20.13010025024414,20.13010025024414,19.170503616333008,19.19194793701172,16.173952102661133,2609646
2016-06-27,GATM,19.03112030029297,19.19194793701172,18.548641204833984,18.7684383392334,15.81704044342041,564273
2016-06-28,GATM,18.92390251159668,19.299165725708008,18.763076782226562,18.897098541259766,15.925468444824219,445822
2016-06-29,GATM,19.165142059326172,19.492156982421875,19.138338088989258,19.36885643005371,16.323041915893555,282602
2016-06-30,GATM,19.090091705322266,19.513599395751953,19.090091705322266,19.40102195739746,16.350147247314453,405717
2016-07-01,GATM,19.40102195739746,19.40102195739746,19.40102195739746,19.40102195739746,16.350147247314453,0
2016-07-04,GATM,19.561847686767578,19.567209243774414,19.299165725708008,19.51896095275879,16.449541091918945,193998
2016-07-05,GATM,19.51896095275879,19.51896095275879,19.51896095275879,19.51896095275879,16.449541091918945,0
2016-07-06,GATM,19.51896095275879,19.51896095275879,19.51896095275879,19.51896095275879,16.449541091918945,0
2016-07-07,GATM,19.51896095275879,19.51896095275879,19.51896095275879,19.51896095275879,16.449541091918945,0
2016-07-08,GATM,19.51896095275879,19.51896095275879,19.51896095275879,19.51896095275879,16.449541091918945,0
2016-07-11,GATM,19.37957763671875,20.044326782226562,19.363496780395508,19.87813949584961,16.752235412597656,516706
2016-07-12,GATM,20.076492309570312,20.6929931640625,19.701231002807617,20.634023666381836,17.389257431030273,1806606
2016-07-13,GATM,20.746601104736328,21.42743492126465,20.58577537536621,20.85382080078125,17.57448959350586,1543590
2016-07-14,GATM,20.86454200744629,21.389907836914062,20.85382080078125,21.154029846191406,17.827489852905273,631426
2016-07-15,GATM,21.046812057495117,21.78661346435547,20.907428741455078,21.684755325317383,18.274757385253906,1494157
2016-07-18,GATM,21.448877334594727,21.71156120300293,21.196916580200195,21.598981857299805,18.202472686767578,834751
2016-07-19,GATM,21.448877334594727,21.577539443969727,21.28805160522461,21.336299896240234,17.981096267700195,592253
2016-07-20,GATM,21.341659545898438,21.443517684936523,21.143306732177734,21.443517684936523,18.071455001831055,649147
2016-07-21,GATM,21.443517684936523,21.49712562561035,21.239803314208984,21.3309383392334,17.976577758789062,980249
2016-07-22,GATM,21.438156127929688,21.443517684936523,20.907428741455078,20.928871154785156,17.637737274169922,235968
2016-07-25,GATM,21.175472259521484,21.416711807250977,20.907428741455078,20.993202209472656,17.691951751708984,508312
2016-07-26,GATM,21.062894821166992,21.55073356628418,20.966398239135742,21.25588607788086,17.913328170776367,902836
2016-07-27,GATM,21.438156127929688,22.317340850830078,21.42743492126465,22.317340850830078,18.8078670501709,2855874
2016-07-28,GATM,22.783737182617188,23.432403564453125,22.730127334594727,23.432403564453125,19.747581481933594,3993747
2016-07-29,GATM,23.582508087158203,24.070348739624023,23.239410400390625,23.716529846191406,19.987028121948242,1779558
2016-08-01,GATM,23.716529846191406,23.716529846191406,23.716529846191406,23.716529846191406,19.987028121948242,0
2016-08-02,GATM,24.12395668029785,24.392000198364258,23.85055160522461,23.898799896240234,20.140636444091797,2063094
2016-08-03,GATM,23.855911254882812,23.963130950927734,23.185802459716797,23.325185775756836,19.657224655151367,644483
2016-08-04,GATM,23.271577835083008,23.534259796142578,22.86414909362793,22.94992446899414,19.340972900390625,1448456
2016-08-05,GATM,23.046419143676758,23.051780700683594,22.606828689575195,22.63363265991211,19.074420928955078,373073
2016-08-08,GATM,22.253009796142578,22.6765193939209,21.952800750732422,22.022491455078125,18.559383392333984,1920393
2016-08-09,GATM,22.03857421875,23.121471405029297,22.03857421875,23.094667434692383,19.462955474853516,5577443
2016-08-10,GATM,23.185802459716797,24.247257232666016,23.105388641357422,23.91488265991211,20.15418815612793,4045978
2016-08-11,GATM,24.064987182617188,24.12395668029785,23.105388641357422,23.2554931640625,19.59848976135254,1310419
2016-08-12,GATM,23.078584671020508,23.293020248413086,22.783737182617188,22.8105411529541,19.2235107421875,630493
2016-08-15,GATM,23.041059494018555,23.947046279907227,22.8105411529541,23.947046279907227,20.18129539489746,2501455
2016-08-16,GATM,24.392000198364258,25.14252281188965,24.33839225769043,24.724374771118164,20.836387634277344,4022660
2016-08-17,GATM,24.820871353149414,25.14252281188965,24.418804168701172,24.509939193725586,20.65567398071289,3114227
2016-08-18,GATM,24.472412109375,24.520660400390625,23.534259796142578,23.80766487121582,20.063833236694336,1902672
2016-08-19,GATM,23.598590850830078,24.006017684936523,23.582508087158203,23.684364318847656,19.959922790527344,1462446
2016-08-22,GATM,23.963130950927734,23.963130950927734,23.963130950927734,23.963130950927734,20.19485092163086,1108959
2016-08-23,GATM,24.17756462097168,24.33839225769043,23.378793716430664,23.566425323486328,19.86052894592285,859000
2016-08-24,GATM,23.582508087158203,23.984573364257812,23.298381805419922,23.335906982421875,19.666259765625,1108027
2016-08-25,GATM,23.293020248413086,24.12395668029785,23.293020248413086,23.866634368896484,20.113527297973633,1530532
2016-08-26,GATM,24.070348739624023,24.499217987060547,23.855911254882812,24.322309494018555,20.497547149658203,3086247
2016-08-29,GATM,24.499217987060547,25.330154418945312,24.140039443969727,25.201492309570312,21.23847770690918,5989689
2016-08-30,GATM,25.19613265991211,26.461299896240234,25.19613265991211,25.753664016723633,21.70381736755371,8175897
2016-08-31,GATM,25.973459243774414,26.027067184448242,25.255102157592773,25.34087562561035,21.355941772460938,2932354
2016-09-01,GATM,25.062110900878906,25.571393966674805,24.12395668029785,24.729736328125,20.840906143188477,2792452
2016-09-02,GATM,24.933448791503906,25.962738037109375,24.767261505126953,25.689332962036133,21.64960289001465,3962969
2016-09-05,GATM,25.919851303100586,26.536352157592773,25.59819793701172,25.753664016723633,21.70381736755371,2221650
2016-09-06,GATM,25.866241455078125,26.20933723449707,25.410566329956055,25.49098014831543,21.482439041137695,2021123
2016-09-07,GATM,25.737581253051758,25.909128189086914,25.485620498657227,25.721498489379883,21.676708221435547,1621002
2016-09-08,GATM,25.941293716430664,26.616764068603516,25.893047332763672,26.04315185546875,21.947782516479492,2769135
2016-09-09,GATM,26.268308639526367,26.69717788696289,26.10748291015625,26.20933723449707,22.087831497192383,1509080
2016-09-12,GATM,26.20933723449707,26.20933723449707,26.20933723449707,26.20933723449707,22.087831497192383,0
2016-09-13,GATM,26.20933723449707,26.20933723449707,26.20933723449707,26.20933723449707,22.087831497192383,0
2016-09-14,GATM,26.20933723449707,26.20933723449707,26.20933723449707,26.20933723449707,22.087831497192383,0
2016-09-15,GATM,26.05387306213379,26.5899600982666,26.000263214111328,26.493465423583984,22.327280044555664,594118
2016-09-16,GATM,26.268308639526367,27.474506378173828,26.268308639526367,26.81511878967285,22.59835433959961,2008066
2016-09-19,GATM,26.938417434692383,27.286874771118164,26.27366828918457,26.407690048217773,22.254995346069336,1937182
2016-09-20,GATM,26.34872055053711,26.85800552368164,26.16645050048828,26.68645668029785,22.489925384521484,1317880
2016-09-21,GATM,26.69717788696289,26.777591705322266,25.603559494018555,25.887685775756836,21.816762924194336,1482032
2016-09-22,GATM,25.919851303100586,27.072439193725586,25.919851303100586,26.93305778503418,22.69774627685547,1139738
2016-09-23,GATM,26.80439567565918,26.992027282714844,25.893047332763672,26.000263214111328,21.911638259887695,604378
2016-09-26,GATM,26.530990600585938,27.297597885131836,26.530990600585938,27.297597885131836,23.004961013793945,2398860
2016-09-27,GATM,27.60852813720703,28.659259796142578,27.340484619140625,28.659259796142578,24.152498245239258,2535964
2016-09-28,GATM,29.48483657836914,30.090614318847656,27.914098739624023,28.418020248413086,23.949193954467773,4680202
2016-09-29,GATM,28.14997673034668,28.359050750732422,26.99738883972168,27.045635223388672,22.792621612548828,5631538
2016-09-30,GATM,26.616764068603516,28.01059341430664,26.568517684936523,27.828323364257812,23.452228546142578,1007297
2016-10-03,GATM,27.9301815032959,29.2167911529541,27.9301815032959,29.2167911529541,24.62235450744629,2075219
2016-10-04,GATM,30.674951553344727,30.674951553344727,30.674951553344727,30.674951553344727,25.85121726989746,1166786
2016-10-05,GATM,31.891870498657227,32.208160400390625,30.18174934387207,31.135986328125,26.239749908447266,8718718
2016-10-06,GATM,31.60238265991211,31.8436222076416,30.476598739624023,30.77680778503418,25.937055587768555,1662040
2016-10-07,GATM,31.253925323486328,31.253925323486328,30.128141403198242,30.926912307739258,26.063554763793945,544686
2016-10-10,GATM,30.926912307739258,31.7096004486084,30.69103240966797,30.916189193725586,26.05451774597168,980249
2016-10-11,GATM,30.916189193725586,30.916189193725586,30.916189193725586,30.916189193725586,26.05451774597168,0
2016-10-12,GATM,30.916189193725586,30.916189193725586,30.916189193725586,30.916189193725586,26.05451774597168,0
2016-10-13,GATM,31.09309959411621,31.361143112182617,29.806488037109375,30.090614318847656,25.358766555786133,387996
2016-10-14,GATM,29.75823974609375,30.557010650634766,29.243595123291016,30.294328689575195,25.530447006225586,1172382
2016-10-17,GATM,30.154945373535156,30.524845123291016,29.27039909362793,29.39906120300293,24.775962829589844,792780
2016-10-18,GATM,29.00771713256836,29.37761878967285,28.14997673034668,29.17926597595215,24.590730667114258,810501
2016-10-19,GATM,29.27039909362793,29.37761878967285,28.948747634887695,29.27039909362793,24.66753387451172,516706
2016-10-20,GATM,29.27039909362793,30.17102813720703,29.109573364257812,29.243595123291016,25.104738235473633,3327812
2016-10-21,GATM,29.2167911529541,29.48483657836914,28.310802459716797,28.380495071411133,24.363794326782227,1869096
2016-10-24,GATM,28.144615173339844,28.305442810058594,27.479867935180664,27.58708381652832,23.682674407958984,306852
2016-10-25,GATM,27.340484619140625,27.60852813720703,26.670373916625977,26.99738883972168,23.17643928527832,1553849
2016-10-26,GATM,27.420896530151367,27.420896530151367,26.643569946289062,26.799034118652344,23.00615692138672,1269381
2016-10-27,GATM,26.375526428222656,26.91161346435547,26.000263214111328,26.236143112182617,22.522933959960938,2061229
2016-10-28,GATM,25.255102157592773,27.045635223388672,25.255102157592773,26.284391403198242,22.56435203552246,1699348
2016-10-31,GATM,26.20933723449707,26.279029846191406,25.062110900878906,25.217575073242188,21.64852523803711,1157459
2016-11-01,GATM,24.92808723449707,26.47738265991211,24.6654052734375,26.4559383392334,22.711620330810547,2941681
2016-11-02,GATM,27.018831253051758,27.774715423583984,26.536352157592773,27.774715423583984,23.84375,4673673
2016-11-03,GATM,27.60852813720703,27.742549896240234,26.681095123291016,26.820478439331055,23.024564743041992,880452
2016-11-04,GATM,26.80439567565918,27.206462860107422,26.214698791503906,26.279029846191406,22.55974769592285,1102431
2016-11-07,GATM,26.482742309570312,27.31368064880371,26.27366828918457,26.80439567565918,23.010759353637695,3146871
2016-11-08,GATM,26.863365173339844,27.340484619140625,26.48810386657715,27.206462860107422,23.35592269897461,2946345
2016-11-09,GATM,27.206462860107422,27.206462860107422,27.206462860107422,27.206462860107422,23.35592269897461,0
2016-11-10,GATM,26.80439567565918,26.91161346435547,26.134286880493164,26.225421905517578,22.513729095458984,1278708
2016-11-11,GATM,26.268308639526367,26.938417434692383,26.268308639526367,26.396968841552734,22.66099739074707,946673
2016-11-14,GATM,26.563156127929688,26.563156127929688,25.919851303100586,25.994903564453125,22.315834045410156,397322
2016-11-15,GATM,25.866241455078125,27.292236328125,25.866241455078125,27.072439193725586,23.240867614746094,2359687
2016-11-16,GATM,27.126049041748047,28.0642032623291,27.0992431640625,27.58708381652832,23.682674407958984,1350524
2016-11-17,GATM,27.60852813720703,27.60852813720703,27.340484619140625,27.436979293823242,23.553813934326172,247160
2016-11-18,GATM,27.340484619140625,27.876571655273438,27.286874771118164,27.79079818725586,23.85755729675293,350688
2016-11-21,GATM,27.82296371459961,28.412660598754883,27.76935386657715,28.091007232666016,24.115278244018555,1239535
2016-11-22,GATM,27.956985473632812,28.380495071411133,27.90337562561035,27.9355411529541,23.981813430786133,1874692
2016-11-23,GATM,28.241111755371094,29.318647384643555,28.241111755371094,29.2167911529541,25.081727981567383,3521810
2016-11-24,GATM,29.458030700683594,30.674951553344727,29.00771713256836,30.508764266967773,26.190847396850586,6180889
2016-11-25,GATM,30.959077835083008,32.031253814697266,30.557010650634766,31.98300552368164,27.456438064575195,7297310
2016-11-28,GATM,32.05805969238281,32.70136260986328,31.366504669189453,32.25640869140625,27.691146850585938,5010372
2016-11-29,GATM,32.70136260986328,32.8085823059082,30.64814567565918,30.65886878967285,26.319705963134766,2231909
2016-11-30,GATM,30.154945373535156,30.503402709960938,29.2167911529541,29.661745071411133,25.463708877563477,4518848
2016-12-01,GATM,30.154945373535156,30.798250198364258,29.592052459716797,30.17102813720703,25.900911331176758,2766337
2016-12-02,GATM,30.422990798950195,31.22176170349121,30.28896713256836,30.980520248413086,26.595836639404297,1772097
2016-12-05,GATM,31.57021713256836,31.57021713256836,29.48483657836914,29.956592559814453,25.716825485229492,1454052
2016-12-06,GATM,30.010202407836914,30.476598739624023,29.57061004638672,29.645662307739258,25.449901580810547,365611
2016-12-07,GATM,29.49555778503418,30.503402709960938,28.627094268798828,28.879056930541992,24.79179573059082,1283371
2016-12-08,GATM,28.959468841552734,28.959468841552734,27.876571655273438,28.12853240966797,24.147491455078125,1919461
2016-12-09,GATM,28.300081253051758,29.0827693939209,28.091007232666016,28.187503814697266,24.198116302490234,2288803
2016-12-12,GATM,28.187503814697266,28.187503814697266,28.187503814697266,28.187503814697266,24.198116302490234,0
2016-12-13,GATM,28.46626853942871,28.895139694213867,27.796159744262695,27.892654418945312,23.944997787475586,928952
2016-12-14,GATM,27.876571655273438,28.01059341430664,27.60852813720703,27.7371883392334,23.811534881591797,387063
2016-12-15,GATM,27.71574592590332,29.120296478271484,27.613889694213867,29.045244216918945,24.934459686279297,5381579
2016-12-16,GATM,29.163183212280273,29.163183212280273,27.721105575561523,27.924819946289062,23.972610473632812,3299831
2016-12-19,GATM,27.881933212280273,28.13925552368164,27.474506378173828,27.65141487121582,23.737899780273438,912163
2016-12-20,GATM,27.66213607788086,27.978429794311523,27.55491828918457,27.613889694213867,23.705686569213867,1838317
2016-12-21,GATM,27.8658504486084,28.144615173339844,26.606042861938477,27.603166580200195,23.69647979736328,1797279
2016-12-22,GATM,27.8712100982666,28.59493064880371,27.55491828918457,27.61924934387207,23.71028709411621,1228343
2016-12-23,GATM,27.876571655273438,28.01059341430664,27.447702407836914,27.881933212280273,23.935794830322266,762001
2016-12-26,GATM,27.983789443969727,28.68070411682129,27.876571655273438,28.005233764648438,24.041645050048828,1615406
2016-12-27,GATM,28.0642032623291,28.144615173339844,27.479867935180664,27.565641403198242,23.66426658630371,1133209
2016-12-28,GATM,27.796159744262695,28.037397384643555,27.474506378173828,27.646053314208984,23.73329734802246,1246064
2016-12-29,GATM,27.796159744262695,28.251832962036133,27.613889694213867,27.7371883392334,23.811534881591797,1595820
2016-12-30,GATM,27.66213607788086,28.22502899169922,27.286874771118164,27.43161964416504,23.549213409423828,1755309
2017-01-02,GATM,27.36728858947754,27.71574592590332,27.286874771118164,27.32440185546875,23.457170486450195,772261
2017-01-03,GATM,27.351205825805664,28.546682357788086,27.072439193725586,28.187503814697266,24.198116302490234,4523511
2017-01-04,GATM,28.198225021362305,29.03988265991211,28.0642032623291,28.171419143676758,24.184309005737305,4039449
2017-01-05,GATM,28.412660598754883,28.412660598754883,27.82296371459961,27.956985473632812,24.00022315979004,2008066
2017-01-06,GATM,28.407299041748047,29.350814819335938,28.385854721069336,29.350814819335938,25.1967830657959,8937899
2017-01-09,GATM,30.557010650634766,30.814334869384766,29.77968406677246,30.154945373535156,25.88710594177246,11187530
2017-01-10,GATM,30.37474250793457,31.361143112182617,30.160306930541992,30.599899291992188,26.269084930419922,6022332
2017-01-11,GATM,31.227121353149414,31.49516487121582,30.187110900878906,30.487319946289062,26.17243766784668,7266531
2017-01-12,GATM,30.557010650634766,30.557010650634766,28.96483039855957,29.02916145324707,24.920654296875,4081420
2017-01-13,GATM,28.948747634887695,29.42050552368164,27.581722259521484,27.62997055053711,23.71949005126953,4718442
2017-01-16,GATM,27.876571655273438,28.112451553344727,27.083162307739258,27.378009796142578,23.503190994262695,4049708
2017-01-17,GATM,27.447702407836914,27.876571655273438,26.75078773498535,27.340484619140625,23.470975875854492,3756846
2017-01-18,GATM,27.549558639526367,28.342967987060547,27.549558639526367,27.839046478271484,23.898977279663086,5346137
2017-01-19,GATM,27.9301815032959,28.535959243774414,27.603166580200195,27.978429794311523,24.018632888793945,7525817
2017-01-20,GATM,28.144615173339844,28.557403564453125,27.60852813720703,27.90337562561035,23.954200744628906,5153072
2017-01-23,GATM,28.037397384643555,28.080284118652344,27.329761505126953,27.383371353149414,23.507793426513672,4728701
2017-01-24,GATM,27.36728858947754,27.490589141845703,26.80439567565918,26.959861755371094,23.144222259521484,3335273
2017-01-25,GATM,27.072439193725586,27.635332107543945,26.80439567565918,26.86872673034668,23.06598472595215,3048940
2017-01-26,GATM,26.83656120300293,27.126049041748047,26.50954818725586,26.70789909362793,22.927921295166016,3123554
2017-01-27,GATM,26.799034118652344,27.60852813720703,26.38088607788086,27.126049041748047,23.286890029907227,5676307
2017-01-30,GATM,27.233266830444336,27.447702407836914,25.769746780395508,25.876964569091797,22.214590072631836,3348331
2017-01-31,GATM,25.8179931640625,26.236143112182617,25.410566329956055,25.801912307739258,22.150157928466797,1855106
2017-02-01,GATM,26.134286880493164,26.375526428222656,25.893047332763672,25.973459243774414,22.297428131103516,2669338
2017-02-02,GATM,26.182533264160156,26.46666145324707,25.83943748474121,25.91448974609375,22.246803283691406,2229111
2017-02-03,GATM,25.9466552734375,25.994903564453125,25.08891487121582,25.356958389282227,21.768177032470703,2984585
2017-02-06,GATM,25.464176177978516,25.726858139038086,25.19613265991211,25.474897384643555,21.869426727294922,1670434
2017-02-07,GATM,25.83943748474121,26.745426177978516,25.678611755371094,26.745426177978516,22.96013832092285,6381415
2017-02-08,GATM,26.94377899169922,27.286874771118164,26.429134368896484,26.547073364257812,22.789857864379883,4655019
2017-02-09,GATM,26.536352157592773,26.75078773498535,25.87160301208496,26.005624771118164,22.32503890991211,2356889
2017-02-10,GATM,26.000263214111328,26.364803314208984,25.828716278076172,25.90376853942871,22.237600326538086,1305755
2017-02-13,GATM,25.87160301208496,26.40233039855957,25.732219696044922,25.925212860107422,22.25600814819336,2542493
2017-02-14,GATM,25.994903564453125,26.048511505126953,25.474897384643555,25.544588088989258,21.92925453186035,729357
2017-02-15,GATM,25.721498489379883,25.994903564453125,25.08891487121582,25.3087100982666,21.72675895690918,1288967
2017-02-16,GATM,25.212215423583984,26.000263214111328,25.169328689575195,25.40520668029785,21.80959701538086,3061065
2017-02-17,GATM,25.330154418945312,25.726858139038086,25.201492309570312,25.3087100982666,21.72675895690918,1063258
2017-02-20,GATM,25.49098014831543,25.49098014831543,24.397361755371094,24.820871353149414,21.307964324951172,1433533
2017-02-21,GATM,24.670766830444336,24.858396530151367,24.257978439331055,24.37055778503418,20.921384811401367,2058430
2017-02-22,GATM,24.547466278076172,24.92808723449707,24.392000198364258,24.472412109375,21.00882339477539,2361552
2017-02-23,GATM,24.606435775756836,24.660043716430664,24.12395668029785,24.16684341430664,20.746501922607422,1125748
2017-02-24,GATM,24.13467788696289,24.392000198364258,23.587867736816406,23.748695373535156,20.387535095214844,1371043
2017-02-27,GATM,24.12395668029785,24.28478240966797,22.563940048217773,22.88559341430664,19.646587371826172,2515445
2017-02-28,GATM,23.051780700683594,23.42704200744629,22.467445373535156,22.574661254882812,19.379661560058594,1160257
2017-03-01,GATM,22.837345123291016,23.31982421875,21.984966278076172,22.338783264160156,19.177167892456055,3244803
2017-03-02,GATM,22.51569366455078,23.453845977783203,22.413835525512695,23.453845977783203,20.134416580200195,4224120
2017-03-03,GATM,23.587867736816406,24.62251853942871,23.42704200744629,24.509939193725586,21.041040420532227,4530040
2017-03-06,GATM,24.574270248413086,24.799427032470703,23.748695373535156,23.930965423583984,20.544008255004883,853404
2017-03-07,GATM,23.593229293823242,24.032821655273438,23.593229293823242,24.032821655273438,20.63144874572754,692983
2017-03-08,GATM,23.70044708251953,24.52602195739746,23.70044708251953,24.408082962036133,20.95359992980957,1209689
2017-03-09,GATM,24.150760650634766,24.392000198364258,23.512815475463867,23.813024520874023,20.442760467529297,692050
2017-03-10,GATM,23.593229293823242,23.855911254882812,23.31982421875,23.486011505126953,20.16202735900879,696714
2017-03-13,GATM,23.534259796142578,23.598590850830078,23.051780700683594,23.234050750732422,19.94572639465332,533494
2017-03-14,GATM,23.314464569091797,23.31982421875,22.596105575561523,22.82126235961914,19.59136199951172,1122950
2017-03-15,GATM,23.266216278076172,23.266216278076172,22.783737182617188,22.837345123291016,19.605167388916016,639820
2017-03-16,GATM,22.596105575561523,22.783737182617188,22.56930160522461,22.64435386657715,19.439489364624023,609974
2017-03-17,GATM,22.724767684936523,23.051780700683594,22.6765193939209,22.869510650634766,19.632780075073242,460745
2017-03-20,GATM,22.628271102905273,24.011377334594727,22.628271102905273,24.011377334594727,20.613039016723633,1492292
2017-03-21,GATM,24.826387405395508,25.208332061767578,24.13194465637207,25.208332061767578,21.640588760375977,1712448
2017-03-22,GATM,25.763887405395508,26.464120864868164,25.179397583007812,25.665508270263672,22.03306007385254,2215296
2017-03-23,GATM,25.665508270263672,25.665508270263672,25.665508270263672,25.665508270263672,22.03306007385254,0
2017-03-24,GATM,25.179397583007812,25.95486068725586,25.17361068725586,25.71180534362793,22.072805404663086,680832
2017-03-27,GATM,25.549768447875977,25.7523136138916,24.9710636138916,25.451387405395508,21.8492431640625,670464
2017-03-28,GATM,25.462961196899414,25.74652671813965,24.739582061767578,25.0,21.461742401123047,267840
2017-03-29,GATM,25.14467430114746,25.219907760620117,24.594907760620117,24.716434478759766,21.21830940246582,203904
2017-03-30,GATM,24.594907760620117,24.60069465637207,24.247684478759766,24.34027671813965,20.895389556884766,358560
2017-03-31,GATM,24.21875,24.594907760620117,24.016202926635742,24.30555534362793,20.865581512451172,221184
2017-04-03,GATM,24.30555534362793,24.473379135131836,24.103008270263672,24.155092239379883,20.736413955688477,194400
2017-04-04,GATM,24.1898136138916,25.289350509643555,24.016202926635742,24.085647583007812,20.676795959472656,1198368
2017-04-05,GATM,24.085647583007812,24.085647583007812,24.085647583007812,24.085647583007812,20.676795959472656,0
2017-04-06,GATM,24.155092239379883,24.450231552124023,23.842592239379883,24.0625,20.656925201416016,420768
2017-04-07,GATM,23.848379135131836,24.334489822387695,23.842592239379883,24.270832061767578,20.835773468017578,148608
2017-04-10,GATM,24.074073791503906,24.768518447875977,24.074073791503906,24.577545166015625,21.099077224731445,388800
2017-04-11,GATM,24.311342239379883,24.681711196899414,24.311342239379883,24.594907760620117,21.113981246948242,54432
2017-04-12,GATM,24.70486068725586,24.710647583007812,24.13194465637207,24.299768447875977,20.860614776611328,303264
2017-04-13,GATM,24.311342239379883,24.39236068725586,24.108795166015625,24.160879135131836,20.741382598876953,363744
2017-04-14,GATM,24.13194465637207,24.1898136138916,24.103008270263672,24.120370864868164,20.706607818603516,74304
2017-04-17,GATM,23.90625,24.1898136138916,22.91666603088379,23.240739822387695,19.95146942138672,349920
2017-04-18,GATM,22.887731552124023,23.19444465637207,22.453702926635742,23.049768447875977,19.787527084350586,296352
2017-04-19,GATM,22.6273136138916,23.4375,22.280092239379883,23.14236068725586,19.867015838623047,487296
2017-04-20,GATM,23.136573791503906,24.293981552124023,22.685184478759766,24.137731552124023,20.72150993347168,729216
2017-04-21,GATM,24.016202926635742,25.341434478759766,24.016202926635742,25.341434478759766,21.754852294921875,1109376
2017-04-24,GATM,25.185184478759766,25.810184478759766,25.14467430114746,25.682870864868164,22.047964096069336,1191456
2017-04-25,GATM,25.45717430114746,25.856481552124023,25.410879135131836,25.48611068725586,21.879051208496094,549504
2017-04-26,GATM,25.607637405395508,25.607637405395508,25.14467430114746,25.202545166015625,21.6356201171875,317952
2017-04-27,GATM,25.43402671813965,25.896989822387695,25.26041603088379,25.55555534362793,21.938669204711914,2024352
2017-04-28,GATM,25.46875,25.520832061767578,24.63541603088379,24.872684478759766,21.352445602416992,2225664
2017-05-01,GATM,24.872684478759766,24.872684478759766,24.872684478759766,24.872684478759766,21.352445602416992,0
2017-05-02,GATM,23.900461196899414,24.623842239379883,23.634258270263672,24.14930534362793,20.7314453125,1173312
2017-05-03,GATM,24.299768447875977,24.421295166015625,24.016202926635742,24.32291603088379,20.88048553466797,563328
2017-05-04,GATM,24.160879135131836,25.231481552124023,24.160879135131836,24.79166603088379,21.28289222717285,1178496
2017-05-05,GATM,25.115739822387695,26.030092239379883,24.884258270263672,26.030092239379883,22.346044540405273,3630528
2017-05-08,GATM,26.331018447875977,27.326387405395508,26.331018447875977,27.326387405395508,23.458873748779297,4079808
2017-05-09,GATM,27.835647583007812,28.692129135131836,27.835647583007812,28.692129135131836,24.631322860717773,5132160
2017-05-10,GATM,29.07986068725586,30.115739822387695,28.47222137451172,29.84375,25.619953155517578,11968992
2017-05-11,GATM,30.057870864868164,30.295137405395508,29.224536895751953,29.328702926635742,25.17780113220215,4970592
2017-05-12,GATM,28.81944465637207,29.334489822387695,28.501157760620117,28.987268447875977,24.88469123840332,4960224
2017-05-15,GATM,29.21875,29.768518447875977,28.935184478759766,29.25347137451172,25.113216400146484,6919776
2017-05-16,GATM,28.99305534362793,29.311342239379883,28.501157760620117,28.900461196899414,24.810169219970703,4126464
2017-05-17,GATM,28.929397583007812,29.20717430114746,28.356481552124023,28.912036895751953,24.820106506347656,5186592
2017-05-18,GATM,28.674768447875977,29.803239822387695,28.645832061767578,28.78472137451172,24.7108097076416,8541504
2017-05-19,GATM,28.935184478759766,29.16666603088379,28.356481552124023,28.431711196899414,24.407760620117188,1683936
2017-05-22,GATM,28.645832061767578,28.935184478759766,28.009258270263672,28.744211196899414,24.6760311126709,2656800
2017-05-23,GATM,28.935184478759766,29.160879135131836,28.356481552124023,28.45486068725586,24.42763328552246,3456864
2017-05-24,GATM,28.703702926635742,29.6585636138916,28.587961196899414,29.212961196899414,25.078439712524414,6875712
2017-05-25,GATM,29.398147583007812,30.266202926635742,29.224536895751953,29.54861068725586,25.36658477783203,8730720
2017-05-26,GATM,29.803239822387695,30.306711196899414,29.629629135131836,30.1273136138916,25.863384246826172,5357664
2017-05-29,GATM,29.797452926635742,29.976850509643555,28.796295166015625,28.97569465637207,24.874755859375,2438208
2017-05-30,GATM,29.05092430114746,29.16666603088379,27.528934478759766,27.56944465637207,23.667530059814453,2954016
2017-05-31,GATM,27.662036895751953,28.009258270263672,27.054397583007812,27.453702926635742,23.56817054748535,1358208
2017-06-01,GATM,27.34375,28.182870864868164,26.08217430114746,26.469907760620117,22.72361183166504,1316736
2017-06-02,GATM,25.231481552124023,26.273147583007812,25.150461196899414,25.896989822387695,22.231779098510742,1500768
2017-06-05,GATM,26.21527671813965,27.1875,26.04166603088379,27.089120864868164,23.25518798828125,1240704
2017-06-06,GATM,27.3148136138916,27.418981552124023,26.765045166015625,26.915508270263672,23.10614776611328,474336
2017-06-07,GATM,26.898147583007812,27.482637405395508,26.765045166015625,26.915508270263672,23.10614776611328,920160
2017-06-08,GATM,26.90972137451172,27.835647583007812,26.90972137451172,27.355323791503906,23.483715057373047,1435104
2017-06-09,GATM,27.34375,27.34375,26.04166603088379,26.42361068725586,22.683868408203125,876096
2017-06-12,GATM,25.584489822387695,25.584489822387695,25.10416603088379,25.10416603088379,21.551164627075195,829440
2017-06-13,GATM,24.16666603088379,25.318286895751953,24.016202926635742,24.924768447875977,21.397157669067383,1258848
2017-06-14,GATM,25.39930534362793,25.405092239379883,23.726850509643555,23.796295166015625,20.428394317626953,1287360
2017-06-15,GATM,23.726850509643555,24.982637405395508,23.726850509643555,24.976850509643555,21.441869735717773,1315008
2017-06-16,GATM,25.231481552124023,25.79861068725586,24.47916603088379,24.646989822387695,21.158693313598633,551232
2017-06-19,GATM,24.710647583007812,25.578702926635742,24.016202926635742,25.208332061767578,21.640588760375977,981504
2017-06-20,GATM,25.462961196899414,25.86805534362793,23.952545166015625,23.952545166015625,20.562532424926758,2709504
2017-06-21,GATM,23.4375,24.30555534362793,22.76041603088379,24.126157760620117,20.71157455444336,2348352
2017-06-22,GATM,24.421295166015625,24.75694465637207,23.726850509643555,24.299768447875977,20.860614776611328,2841696
2017-06-23,GATM,24.299768447875977,24.299768447875977,24.299768447875977,24.299768447875977,20.860614776611328,0
2017-06-26,GATM,24.299768447875977,24.299768447875977,24.299768447875977,24.299768447875977,20.860614776611328,0
2017-06-27,GATM,24.299768447875977,24.299768447875977,24.299768447875977,24.299768447875977,20.860614776611328,0
2017-06-28,GATM,24.299768447875977,24.299768447875977,24.299768447875977,24.299768447875977,20.860614776611328,0
2017-06-29,GATM,23.726850509643555,24.44444465637207,23.4375,23.686342239379883,20.334003448486328,228096
2017-06-30,GATM,23.47222137451172,23.929397583007812,23.47222137451172,23.71527671813965,20.35884666442871,334368
2017-07-03,GATM,23.234952926635742,23.4375,22.53472137451172,22.53472137451172,19.345375061035156,1024704
2017-07-04,GATM,22.04861068725586,22.858795166015625,21.52777671813965,22.609952926635742,19.40995979309082,844992
2017-07-05,GATM,22.56944465637207,23.73842430114746,22.01967430114746,23.165508270263672,19.886886596679688,2145312
2017-07-06,GATM,23.58217430114746,24.21875,22.008100509643555,22.013887405395508,18.89825439453125,3705696
2017-07-07,GATM,22.13541603088379,22.424768447875977,21.44097137451172,22.11805534362793,18.987680435180664,921888
2017-07-10,GATM,22.20486068725586,23.026620864868164,21.932870864868164,22.864582061767578,19.628549575805664,785376
2017-07-11,GATM,21.793981552124023,22.146989822387695,21.724536895751953,21.724536895751953,18.649856567382812,413856
2017-07-12,GATM,21.12847137451172,21.932870864868164,20.65972137451172,21.464120864868164,18.426294326782227,801792
2017-07-13,GATM,21.52777671813965,22.04861068725586,21.412036895751953,21.793981552124023,18.709470748901367,609984
2017-07-14,GATM,21.990739822387695,22.424768447875977,21.990739822387695,22.285879135131836,19.131750106811523,495936
2017-07-17,GATM,22.01967430114746,22.511573791503906,21.701387405395508,22.025461196899414,18.908191680908203,1323648
2017-07-18,GATM,22.164350509643555,23.125,22.141202926635742,23.061342239379883,19.797462463378906,2273184
2017-07-19,GATM,22.858795166015625,23.206018447875977,22.546295166015625,22.58680534362793,19.390085220336914,1312416
2017-07-20,GATM,22.853008270263672,23.03819465637207,21.770832061767578,21.86342430114746,18.769086837768555,647136
2017-07-21,GATM,21.701387405395508,22.337961196899414,21.412036895751953,22.20486068725586,19.062198638916016,627264
2017-07-24,GATM,22.216434478759766,22.56944465637207,22.13541603088379,22.27430534362793,19.121814727783203,425952
2017-07-25,GATM,22.280092239379883,23.09027671813965,22.280092239379883,22.771989822387695,19.549060821533203,760320
2017-07-26,GATM,23.09027671813965,23.148147583007812,22.337961196899414,22.528934478759766,19.34040641784668,322272
2017-07-27,GATM,22.56944465637207,22.76041603088379,22.297452926635742,22.494211196899414,19.310596466064453,267840
2017-07-28,GATM,21.701387405395508,23.026620864868164,21.44097137451172,22.766202926635742,19.54409408569336,748224
2017-07-31,GATM,23.29861068725586,23.605323791503906,22.91666603088379,23.026620864868164,19.767656326293945,825984
2017-08-01,GATM,23.14236068725586,23.234952926635742,22.858795166015625,23.136573791503906,19.86204719543457,483840
2017-08-02,GATM,23.148147583007812,24.016202926635742,23.0960636138916,23.89467430114746,20.51285171508789,3076704
2017-08-03,GATM,24.045137405395508,24.508100509643555,23.668981552124023,24.1898136138916,20.766220092773438,2104704
2017-08-04,GATM,24.13194465637207,24.450231552124023,23.501157760620117,23.640045166015625,20.294261932373047,685152
2017-08-07,GATM,23.466434478759766,23.726850509643555,22.56944465637207,22.754629135131836,19.53415870666504,1064448
2017-08-08,GATM,23.061342239379883,23.061342239379883,21.990739822387695,22.106481552124023,18.977741241455078,751680
2017-08-09,GATM,22.01967430114746,22.62152671813965,22.01967430114746,22.528934478759766,19.34040641784668,568512
2017-08-10,GATM,22.74305534362793,22.91666603088379,21.990739822387695,22.210647583007812,19.067167282104492,653184
2017-08-11,GATM,22.13541603088379,22.366897583007812,22.060184478759766,22.13541603088379,19.002582550048828,234144
2017-08-14,GATM,22.13541603088379,22.13541603088379,22.13541603088379,22.13541603088379,19.002582550048828,0
2017-08-15,GATM,22.106481552124023,22.22222137451172,21.122684478759766,21.25,18.242481231689453,470880
2017-08-16,GATM,21.40625,21.608795166015625,21.122684478759766,21.498842239379883,18.45610237121582,383616
2017-08-17,GATM,21.556711196899414,21.8460636138916,20.891202926635742,21.018518447875977,18.043760299682617,663552
2017-08-18,GATM,20.833332061767578,21.122684478759766,20.601850509643555,20.787036895751953,17.84503936767578,800928
2017-08-21,GATM,20.833332061767578,20.978008270263672,19.751157760620117,19.762731552124023,16.96570587158203,1005696
2017-08-22,GATM,19.415508270263672,20.74652671813965,18.865739822387695,20.72916603088379,17.795360565185547,772416
2017-08-23,GATM,20.978008270263672,21.765045166015625,20.978008270263672,21.765045166015625,18.684629440307617,659232
2017-08-24,GATM,22.511573791503906,22.853008270263672,22.141202926635742,22.27430534362793,19.121814727783203,2132352
2017-08-25,GATM,22.01967430114746,23.148147583007812,21.5625,22.88194465637207,19.64345359802246,1077408
2017-08-28,GATM,22.685184478759766,22.685184478759766,21.759258270263672,21.80555534362793,18.71940803527832,566784
2017-08-29,GATM,21.469907760620117,21.701387405395508,20.717592239379883,20.78125,17.840070724487305,956448
2017-08-30,GATM,21.0648136138916,21.400461196899414,20.833332061767578,21.151620864868164,18.15802574157715,325728
2017-08-31,GATM,21.325231552124023,21.325231552124023,20.775461196899414,21.192129135131836,18.192798614501953,221184
2017-09-01,GATM,21.192129135131836,21.192129135131836,21.192129135131836,21.192129135131836,18.192798614501953,0
2017-09-04,GATM,21.192129135131836,21.192129135131836,21.192129135131836,21.192129135131836,18.192798614501953,0
2017-09-05,GATM,21.44097137451172,22.251157760620117,21.09375,22.060184478759766,18.937999725341797,469152
2017-09-06,GATM,22.280092239379883,22.56944465637207,21.817129135131836,21.875,18.779022216796875,341280
2017-09-07,GATM,21.44097137451172,21.903934478759766,20.78125,21.2210636138916,18.217639923095703,646272
2017-09-08,GATM,21.932870864868164,22.280092239379883,21.932870864868164,22.280092239379883,19.126781463623047,374112
2017-09-11,GATM,23.391202926635742,23.391202926635742,23.15972137451172,23.391202926635742,20.080636978149414,3348000
2017-09-12,GATM,23.69791603088379,23.900461196899414,22.974536895751953,23.182870864868164,19.901790618896484,724896
2017-09-13,GATM,23.4085636138916,24.016202926635742,22.974536895751953,23.89467430114746,20.51285171508789,2847744
2017-09-14,GATM,23.87152671813965,24.21875,23.206018447875977,23.396989822387695,20.085603713989258,1061856
2017-09-15,GATM,23.4375,23.87152671813965,23.05555534362793,23.356481552124023,20.050832748413086,485568
2017-09-18,GATM,23.42592430114746,23.42592430114746,23.032407760620117,23.125,19.85211181640625,290304
2017-09-19,GATM,23.4375,23.917823791503906,23.15972137451172,23.530092239379883,20.19986915588379,270432
2017-09-20,GATM,23.553239822387695,24.016202926635742,23.414350509643555,23.657407760620117,20.309167861938477,693792
2017-09-21,GATM,23.7210636138916,23.778934478759766,22.91666603088379,23.084489822387695,19.817331314086914,227232
2017-09-22,GATM,22.864582061767578,23.130786895751953,22.280092239379883,22.494211196899414,19.310596466064453,485568
2017-09-25,GATM,22.56944465637207,22.685184478759766,22.008100509643555,22.071758270263672,18.947935104370117,143424
2017-09-26,GATM,22.164350509643555,22.164350509643555,21.701387405395508,22.008100509643555,18.893285751342773,207360
2017-09-27,GATM,21.8460636138916,21.990739822387695,21.417823791503906,21.75347137451172,18.67469596862793,336960
2017-09-28,GATM,21.498842239379883,22.27430534362793,21.498842239379883,22.22222137451172,19.077102661132812,324000
2017-09-29,GATM,22.164350509643555,22.824073791503906,21.875,22.708332061767578,19.494413375854492,889920
2017-10-02,GATM,22.80092430114746,23.668981552124023,22.482637405395508,23.50694465637207,20.17999839782715,876096
2017-10-03,GATM,23.66319465637207,23.66319465637207,22.395832061767578,22.557870864868164,19.365249633789062,1416960
2017-10-04,GATM,22.557870864868164,22.80092430114746,21.730323791503906,22.199073791503906,19.05722999572754,412128
2017-10-05,GATM,22.453702926635742,22.56944465637207,21.35416603088379,22.141202926635742,19.007551193237305,514944
2017-10-06,GATM,22.280092239379883,22.858795166015625,22.280092239379883,22.46527671813965,19.28575897216797,767232
2017-10-09,GATM,22.56944465637207,22.91666603088379,21.556711196899414,21.811342239379883,18.724374771118164,485568
2017-10-10,GATM,21.921295166015625,22.280092239379883,21.105323791503906,21.724536895751953,18.649856567382812,1290816
2017-10-11,GATM,21.585647583007812,21.990739822387695,21.585647583007812,21.921295166015625,18.818767547607422,233280
2017-10-12,GATM,21.701387405395508,21.78819465637207,20.827545166015625,21.151620864868164,18.15802574157715,359424
2017-10-13,GATM,20.833332061767578,21.487268447875977,20.109952926635742,21.203702926635742,18.202735900878906,667008
2017-10-16,GATM,21.18055534362793,22.22222137451172,21.18055534362793,22.037036895751953,18.918128967285156,387072
2017-10-17,GATM,21.498842239379883,22.6273136138916,21.498842239379883,22.01967430114746,18.903223037719727,580608
2017-10-18,GATM,21.42361068725586,22.22222137451172,21.325231552124023,21.591434478759766,19.035877227783203,397440
2017-10-19,GATM,21.701387405395508,22.13541603088379,21.412036895751953,21.90972137451172,19.316492080688477,1409184
2017-10-20,GATM,21.990739822387695,22.714120864868164,21.8460636138916,22.459489822387695,19.801189422607422,2452032
2017-10-23,GATM,22.453702926635742,22.6273136138916,21.875,21.99652671813965,19.393024444580078,439776
2017-10-24,GATM,21.99652671813965,21.99652671813965,21.730323791503906,21.990739822387695,19.387920379638672,315360
2017-10-25,GATM,22.280092239379883,22.320600509643555,21.8460636138916,21.932870864868164,19.336902618408203,132192
2017-10-26,GATM,21.990739822387695,21.990739822387695,21.365739822387695,21.55092430114746,19.00016212463379,126144
2017-10-27,GATM,21.556711196899414,21.556711196899414,20.723379135131836,20.891202926635742,18.41852569580078,282528
2017-10-30,GATM,20.688657760620117,20.833332061767578,19.96527671813965,20.005786895751953,17.637907028198242,200448
2017-10-31,GATM,19.53125,20.109952926635742,19.53125,19.681711196899414,17.352190017700195,241056
2017-11-01,GATM,19.87847137451172,20.138887405395508,19.61805534362793,19.67592430114746,17.34708595275879,467424
2017-11-02,GATM,19.623842239379883,19.87847137451172,19.311342239379883,19.450231552124023,17.148107528686523,594432
2017-11-03,GATM,19.589120864868164,20.39930534362793,19.589120864868164,20.150461196899414,17.765457153320312,495936
2017-11-06,GATM,19.96527671813965,20.22569465637207,19.681711196899414,19.942129135131836,17.581785202026367,126144
2017-11-07,GATM,19.820600509643555,19.96527671813965,19.560184478759766,19.780092239379883,17.43892478942871,212544
2017-11-08,GATM,19.96527671813965,20.06944465637207,19.681711196899414,20.0,17.63280487060547,113184
2017-11-09,GATM,19.693286895751953,20.53819465637207,19.594907760620117,19.699073791503906,17.367494583129883,1136160
2017-11-10,GATM,19.733795166015625,19.733795166015625,19.5023136138916,19.577545166015625,17.260353088378906,152928
2017-11-13,GATM,19.44444465637207,19.61805534362793,19.386573791503906,19.594907760620117,17.275657653808594,98496
2017-11-14,GATM,19.67592430114746,19.96527671813965,19.386573791503906,19.51967430114746,17.20932960510254,486432
2017-11-15,GATM,19.403934478759766,19.733795166015625,19.241897583007812,19.61805534362793,17.29606819152832,1473120
2017-11-16,GATM,19.780092239379883,20.5960636138916,19.780092239379883,20.497684478759766,18.071584701538086,1159488
2017-11-17,GATM,20.48611068725586,20.978008270263672,20.45717430114746,20.827545166015625,18.362401962280273,1277856
2017-11-20,GATM,20.717592239379883,20.978008270263672,19.96527671813965,20.0,17.63280487060547,262656
2017-11-21,GATM,19.96527671813965,20.248842239379883,19.456018447875977,20.028934478759766,17.658313751220703,566784
2017-11-22,GATM,19.994211196899414,20.526620864868164,19.96527671813965,20.364582061767578,17.954235076904297,118368
2017-11-23,GATM,20.081018447875977,20.271989822387695,20.081018447875977,20.248842239379883,17.85219383239746,189216
2017-11-24,GATM,20.052082061767578,20.370370864868164,20.052082061767578,20.318286895751953,17.913419723510742,521856
2017-11-27,GATM,20.063657760620117,20.48611068725586,20.063657760620117,20.295137405395508,17.893009185791016,510624
2017-11-28,GATM,20.48611068725586,20.48611068725586,20.052082061767578,20.098379135131836,17.719539642333984,329184
2017-11-29,GATM,20.109952926635742,20.254629135131836,19.9710636138916,20.10416603088379,17.724641799926758,228960
2017-11-30,GATM,20.48611068725586,20.48611068725586,19.67592430114746,19.826387405395508,17.4797420501709,2233440
2017-12-01,GATM,19.826387405395508,19.826387405395508,19.826387405395508,19.826387405395508,17.4797420501709,0
2017-12-04,GATM,19.907407760620117,20.06944465637207,19.70486068725586,19.907407760620117,17.551170349121094,51840
2017-12-05,GATM,19.96527671813965,20.543981552124023,19.96527671813965,20.30092430114746,17.89811134338379,1702080
2017-12-06,GATM,20.30092430114746,20.30092430114746,20.30092430114746,20.30092430114746,17.89811134338379,0
2017-12-07,GATM,20.376157760620117,20.376157760620117,19.681711196899414,19.96527671813965,17.602190017700195,269568
2017-12-08,GATM,20.19097137451172,20.960647583007812,19.994211196899414,20.202545166015625,17.811376571655273,1815264
2017-12-11,GATM,20.254629135131836,20.543981552124023,19.195600509643555,19.554397583007812,17.239944458007812,1620000
2017-12-12,GATM,19.80902671813965,19.80902671813965,18.81944465637207,19.53125,17.219533920288086,381024
2017-12-13,GATM,19.820600509643555,20.451387405395508,19.820600509643555,20.185184478759766,17.796070098876953,768960
2017-12-14,GATM,20.3125,20.393518447875977,19.560184478759766,19.664350509643555,17.336881637573242,531360
2017-12-15,GATM,19.67592430114746,20.601850509643555,19.212961196899414,20.370370864868164,17.959339141845703,759456
2017-12-18,GATM,19.9710636138916,20.428239822387695,19.9710636138916,20.26041603088379,17.862398147583008,272160
2017-12-19,GATM,19.976850509643555,20.005786895751953,19.612268447875977,19.65277671813965,17.326679229736328,145152
2017-12-20,GATM,19.67592430114746,19.820600509643555,19.270832061767578,19.415508270263672,17.11749267578125,400896
2017-12-21,GATM,19.44444465637207,19.959489822387695,19.201387405395508,19.710647583007812,17.377700805664062,546912
2017-12-22,GATM,19.907407760620117,20.69444465637207,19.907407760620117,20.69444465637207,18.24505615234375,695520
2017-12-25,GATM,20.69444465637207,20.69444465637207,20.69444465637207,20.69444465637207,18.24505615234375,0
2017-12-26,GATM,20.833332061767578,21.701387405395508,20.515045166015625,21.412036895751953,18.87771224975586,865728
2017-12-27,GATM,21.412036895751953,21.990739822387695,21.412036895751953,21.851850509643555,19.265470504760742,822528
2017-12-28,GATM,21.759258270263672,21.990739822387695,21.296295166015625,21.782407760620117,19.204248428344727,470016
2017-12-29,GATM,21.875,22.164350509643555,21.412036895751953,21.458332061767578,18.918529510498047,584064
2018-01-01,GATM,21.273147583007812,21.984952926635742,21.273147583007812,21.817129135131836,19.234859466552734,76032
2018-01-02,GATM,21.307870864868164,21.932870864868164,21.296295166015625,21.6898136138916,19.12261199951172,337824
2018-01-03,GATM,21.96180534362793,22.280092239379883,21.643518447875977,22.15277671813965,19.530780792236328,676512
2018-01-04,GATM,21.759258270263672,22.27430534362793,21.759258270263672,22.008100509643555,19.403226852416992,171072
2018-01-05,GATM,22.22222137451172,22.6273136138916,22.22222137451172,22.436342239379883,19.780780792236328,395712
2018-01-08,GATM,22.82986068725586,23.36805534362793,22.592592239379883,23.165508270263672,20.42364501953125,1872288
2018-01-09,GATM,22.980323791503906,24.247684478759766,22.58680534362793,24.004629135131836,21.1634464263916,2824416
2018-01-10,GATM,24.13194465637207,24.884258270263672,23.78472137451172,24.432870864868164,21.54100227355957,1750464
2018-01-11,GATM,24.47916603088379,24.47916603088379,23.50694465637207,23.703702926635742,20.89813995361328,755136
2018-01-12,GATM,23.4375,23.66319465637207,22.540508270263672,23.21180534362793,20.464460372924805,1092096
2018-01-15,GATM,23.148147583007812,23.4375,22.56944465637207,23.171295166015625,20.428747177124023,1175040
2018-01-16,GATM,23.206018447875977,23.726850509643555,23.148147583007812,23.287036895751953,20.530790328979492,829440
2018-01-17,GATM,23.726850509643555,23.929397583007812,23.148147583007812,23.76736068725586,20.95426368713379,1502496
2018-01-18,GATM,23.958332061767578,24.155092239379883,22.974536895751953,23.21180534362793,20.464460372924805,1450656
2018-01-19,GATM,23.21180534362793,24.270832061767578,23.09027671813965,23.99305534362793,21.153242111206055,2371680
2018-01-22,GATM,24.103008270263672,24.328702926635742,23.61111068725586,23.81944465637207,21.00018310546875,1402272
2018-01-23,GATM,23.61111068725586,24.016202926635742,23.217592239379883,23.420137405395508,20.648134231567383,623808
2018-01-24,GATM,23.4085636138916,23.726850509643555,22.951387405395508,23.182870864868164,20.43895149230957,960768
2018-01-25,GATM,23.36805534362793,23.431711196899414,22.870370864868164,23.0960636138916,20.36241912841797,198720
2018-01-26,GATM,23.177082061767578,23.177082061767578,22.719907760620117,22.835647583007812,20.13282585144043,407808
2018-01-29,GATM,22.858795166015625,23.05555534362793,22.696758270263672,22.96875,20.250173568725586,141696
2018-01-30,GATM,23.107637405395508,23.107637405395508,22.858795166015625,23.026620864868164,20.30119514465332,164160
2018-01-31,GATM,23.119211196899414,23.831018447875977,23.119211196899414,23.59375,20.801198959350586,706752
2018-02-01,GATM,23.61111068725586,23.946758270263672,23.478008270263672,23.75,20.938955307006836,839808
2018-02-02,GATM,23.755786895751953,24.1898136138916,23.755786895751953,24.114582061767578,21.260385513305664,1659744
2018-02-05,GATM,24.114582061767578,24.114582061767578,24.114582061767578,24.114582061767578,21.260385513305664,0
2018-02-06,GATM,24.114582061767578,24.114582061767578,24.114582061767578,24.114582061767578,21.260385513305664,0
2018-02-07,GATM,23.78472137451172,24.30555534362793,23.726850509643555,23.842592239379883,21.020587921142578,824256
2018-02-08,GATM,23.987268447875977,24.103008270263672,23.83680534362793,23.94097137451172,21.107322692871094,618624
2018-02-09,GATM,24.01041603088379,24.085647583007812,23.61111068725586,23.686342239379883,20.882831573486328,232416
2018-02-12,GATM,23.466434478759766,23.668981552124023,23.148147583007812,23.304397583007812,20.546092987060547,157248
2018-02-13,GATM,23.304397583007812,23.304397583007812,23.304397583007812,23.304397583007812,20.546092987060547,0
2018-02-14,GATM,23.148147583007812,23.4085636138916,23.009258270263672,23.153934478759766,20.413440704345703,627264
2018-02-15,GATM,23.148147583007812,23.148147583007812,22.56944465637207,22.771989822387695,20.076702117919922,749952
2018-02-16,GATM,22.581018447875977,23.14236068725586,22.581018447875977,22.9398136138916,20.22466278076172,279072
2018-02-19,GATM,23.032407760620117,23.148147583007812,22.65625,22.82986068725586,20.127723693847656,17280
2018-02-20,GATM,22.858795166015625,22.858795166015625,22.170137405395508,22.56944465637207,19.898130416870117,121824
2018-02-21,GATM,23.136573791503906,23.148147583007812,22.390045166015625,22.494211196899414,19.831802368164062,281664
2018-02-22,GATM,22.280092239379883,22.714120864868164,22.280092239379883,22.528934478759766,19.862415313720703,232416
2018-02-23,GATM,22.297452926635742,22.80092430114746,21.759258270263672,22.01967430114746,19.41343116760254,341280
2018-02-26,GATM,22.563657760620117,22.56944465637207,22.164350509643555,22.546295166015625,19.877721786499023,289440
2018-02-27,GATM,22.858795166015625,23.42592430114746,22.453702926635742,22.609952926635742,19.93384552001953,641952
2018-02-28,GATM,22.48842430114746,22.714120864868164,22.280092239379883,22.598379135131836,19.923641204833984,273024
2018-03-01,GATM,22.56944465637207,22.714120864868164,22.30902671813965,22.442129135131836,19.785884857177734,120960
2018-03-02,GATM,22.395832061767578,22.476850509643555,22.22222137451172,22.34375,19.699148178100586,299808
2018-03-05,GATM,22.22222137451172,22.5,22.17592430114746,22.459489822387695,19.801189422607422,190944
2018-03-06,GATM,22.285879135131836,22.557870864868164,21.99652671813965,22.3148136138916,19.67363739013672,723168
2018-03-07,GATM,22.424768447875977,22.424768447875977,21.932870864868164,21.99652671813965,19.393024444580078,116640
2018-03-08,GATM,22.13541603088379,22.164350509643555,21.78819465637207,22.01967430114746,19.41343116760254,160704
2018-03-09,GATM,22.077545166015625,22.0023136138916,21.770832061767578,21.990739822387695,19.387920379638672,137376
2018-03-12,GATM,21.73611068725586,22.210647583007812,21.73611068725586,21.89236068725586,19.30118751525879,25056
2018-03-13,GATM,21.817129135131836,22.106481552124023,21.817129135131836,22.10069465637207,19.48486328125,69984
2018-03-14,GATM,21.990739822387695,22.106481552124023,21.932870864868164,22.042823791503906,19.433839797973633,86400
2018-03-15,GATM,21.990739822387695,22.17592430114746,21.857637405395508,22.13541603088379,19.515472412109375,145152
2018-03-16,GATM,22.251157760620117,22.262731552124023,22.04861068725586,22.04861068725586,19.43894386291504,6912
2018-03-19,GATM,22.146989822387695,22.146989822387695,21.86342430114746,21.90972137451172,19.316492080688477,65664
2018-03-20,GATM,21.984952926635742,23.00347137451172,21.984952926635742,23.00347137451172,20.280784606933594,1289088
2018-03-21,GATM,23.200231552124023,23.4375,22.858795166015625,23.275461196899414,20.520584106445312,1160352
2018-03-22,GATM,23.182870864868164,23.379629135131836,22.858795166015625,23.119211196899414,20.382827758789062,160704
2018-03-23,GATM,23.119211196899414,23.119211196899414,23.119211196899414,23.119211196899414,20.382827758789062,0
2018-03-26,GATM,23.119211196899414,23.321758270263672,22.858795166015625,23.15972137451172,20.418540954589844,292896
2018-03-27,GATM,23.153934478759766,23.599536895751953,22.91666603088379,22.980323791503906,20.260377883911133,277344
2018-03-28,GATM,22.91666603088379,24.045137405395508,22.858795166015625,23.912036895751953,21.081815719604492,1909440
2018-03-29,GATM,24.021989822387695,24.855323791503906,23.69791603088379,24.60069465637207,21.688962936401367,2327616
2018-03-30,GATM,24.79166603088379,24.86111068725586,24.30555534362793,24.699073791503906,21.775697708129883,2274912
2018-04-02,GATM,24.60069465637207,25.931711196899414,24.60069465637207,25.873842239379883,22.811420440673828,3437856
2018-04-03,GATM,25.491897583007812,25.983795166015625,25.185184478759766,25.254629135131836,22.2654972076416,450144
2018-04-04,GATM,25.451387405395508,26.186342239379883,25.358795166015625,25.682870864868164,22.643051147460938,1760832
2018-04-05,GATM,25.462961196899414,25.983795166015625,25.462961196899414,25.520832061767578,22.500192642211914,209952
2018-04-06,GATM,25.526620864868164,25.95486068725586,25.335647583007812,25.428239822387695,22.418560028076172,101952
2018-04-09,GATM,25.289350509643555,25.376157760620117,25.26041603088379,25.289350509643555,22.29610824584961,91584
2018-04-10,GATM,24.450231552124023,26.157407760620117,24.450231552124023,25.758100509643555,22.709379196166992,2857248
2018-04-11,GATM,25.584489822387695,26.04166603088379,25.567129135131836,25.636573791503906,22.602235794067383,297216
2018-04-12,GATM,25.46875,26.04166603088379,25.462961196899414,25.740739822387695,22.694072723388672,834624
2018-04-13,GATM,25.543981552124023,25.914350509643555,25.405092239379883,25.445600509643555,22.43386459350586,158976
2018-04-16,GATM,25.17361068725586,25.462961196899414,25.17361068725586,25.45717430114746,22.444068908691406,2475360
2018-04-17,GATM,25.26041603088379,25.451387405395508,25.231481552124023,25.318286895751953,22.32162094116211,31968
2018-04-18,GATM,25.45717430114746,25.717592239379883,25.17361068725586,25.185184478759766,22.204273223876953,921888
2018-04-19,GATM,25.028934478759766,25.028934478759766,24.681711196899414,24.826387405395508,21.887941360473633,45792
2018-04-20,GATM,24.884258270263672,24.884258270263672,24.427082061767578,24.65277671813965,21.734880447387695,100224
2018-04-23,GATM,24.942129135131836,25.167823791503906,24.884258270263672,25.028934478759766,22.066516876220703,203904
2018-04-24,GATM,25.03472137451172,25.578702926635742,25.03472137451172,25.358795166015625,22.35733413696289,406080
2018-04-25,GATM,25.607637405395508,25.74652671813965,25.179397583007812,25.231481552124023,22.245088577270508,190080
2018-04-26,GATM,25.0,26.49305534362793,25.0,26.40625,23.280813217163086,3534624
2018-04-27,GATM,26.105323791503906,27.03125,26.105323791503906,26.64930534362793,23.495100021362305,1213056
2018-04-30,GATM,27.980323791503906,27.980323791503906,27.083332061767578,27.37847137451172,24.13796043395996,3972672
2018-05-01,GATM,27.37847137451172,27.37847137451172,27.37847137451172,27.37847137451172,24.13796043395996,0
2018-05-02,GATM,27.546295166015625,28.645832061767578,27.43055534362793,28.304397583007812,24.954296112060547,3825792
2018-05-03,GATM,28.35069465637207,28.52430534362793,27.083332061767578,27.20486068725586,23.984899520874023,963360
2018-05-04,GATM,27.25694465637207,27.25694465637207,26.793981552124023,27.060184478759766,23.85734748840332,163296
2018-05-07,GATM,27.199073791503906,27.199073791503906,26.331018447875977,26.52777671813965,23.387954711914062,188352
2018-05-08,GATM,26.33680534362793,26.446758270263672,26.04166603088379,26.273147583007812,23.163463592529297,198720
2018-05-09,GATM,25.64236068725586,26.325231552124023,25.237268447875977,25.914350509643555,22.847135543823242,1368576
2018-05-10,GATM,25.636573791503906,26.82291603088379,25.636573791503906,26.348379135131836,23.22979164123535,831168
2018-05-11,GATM,26.053239822387695,26.5625,25.896989822387695,25.9375,22.867544174194336,29376
2018-05-14,GATM,25.983795166015625,25.983795166015625,25.17361068725586,25.410879135131836,22.40325355529785,283392
2018-05-15,GATM,25.17361068725586,25.69444465637207,25.17361068725586,25.32986068725586,22.33182716369629,2325024
2018-05-16,GATM,25.462961196899414,26.331018447875977,25.462961196899414,26.122684478759766,23.030811309814453,533952
2018-05-17,GATM,26.04166603088379,26.331018447875977,26.04166603088379,26.04166603088379,22.959381103515625,146016
2018-05-18,GATM,25.607637405395508,26.157407760620117,25.462961196899414,25.856481552124023,22.79611587524414,723168
2018-05-21,GATM,25.7523136138916,25.7523136138916,25.520832061767578,25.74652671813965,22.699174880981445,170208
2018-05-22,GATM,25.7523136138916,26.44097137451172,25.723379135131836,26.226850509643555,23.122648239135742,1064448
2018-05-23,GATM,26.504629135131836,26.504629135131836,25.665508270263672,25.775461196899414,22.724681854248047,914976
2018-05-24,GATM,25.717592239379883,26.359952926635742,25.491897583007812,26.070600509643555,22.984891891479492,1113696
2018-05-25,GATM,26.325231552124023,26.325231552124023,25.462961196899414,25.740739822387695,22.694072723388672,151200
2018-05-28,GATM,25.578702926635742,26.157407760620117,25.462961196899414,25.677082061767578,22.637948989868164,226368
2018-05-29,GATM,26.04166603088379,26.614582061767578,25.59027671813965,26.18055534362793,23.081830978393555,754272
2018-05-30,GATM,26.5625,26.5625,25.7523136138916,26.145832061767578,23.051218032836914,800064
2018-05-31,GATM,26.331018447875977,27.3148136138916,26.331018447875977,26.898147583007812,23.714488983154297,2373408
2018-06-01,GATM,26.64930534362793,27.662036895751953,26.64930534362793,27.337961196899414,24.102245330810547,1579392
2018-06-04,GATM,27.482637405395508,28.587961196899414,27.482637405395508,27.9398136138916,24.632863998413086,4621536
2018-06-05,GATM,28.339120864868164,28.35069465637207,27.575231552124023,28.067129135131836,24.7451114654541,1818720
2018-06-06,GATM,27.789350509643555,28.009258270263672,27.1875,27.459489822387695,24.209392547607422,1143072
2018-06-07,GATM,27.633100509643555,27.951387405395508,26.80555534362793,26.932870864868164,23.745101928710938,3684096
2018-06-08,GATM,26.932870864868164,26.932870864868164,26.932870864868164,26.932870864868164,23.745101928710938,0
2018-06-11,GATM,27.4710636138916,27.77777671813965,26.967592239379883,27.071758270263672,23.867551803588867,2331072
2018-06-12,GATM,26.915508270263672,27.1875,26.04166603088379,26.105323791503906,23.015504837036133,1337472
2018-06-13,GATM,26.59722137451172,26.620370864868164,26.035879135131836,26.545137405395508,23.403261184692383,552096
2018-06-14,GATM,26.620370864868164,27.04861068725586,26.047452926635742,26.28472137451172,23.173667907714844,543456
2018-06-15,GATM,26.28472137451172,26.28472137451172,26.28472137451172,26.28472137451172,23.173667907714844,0
2018-06-19,GATM,26.620370864868164,26.620370864868164,25.85069465637207,25.862268447875977,22.801218032836914,762048
2018-06-20,GATM,25.810184478759766,25.810184478759766,25.057870864868164,25.17361068725586,22.194068908691406,772416
2018-06-21,GATM,24.884258270263672,25.601850509643555,24.421295166015625,25.10416603088379,22.132843017578125,7986816
2018-06-22,GATM,25.028934478759766,25.08680534362793,24.016202926635742,24.230323791503906,21.362428665161133,1094688
2018-06-25,GATM,24.299768447875977,24.768518447875977,23.240739822387695,23.489582061767578,20.709360122680664,1785024
2018-06-26,GATM,23.958332061767578,24.6585636138916,23.00347137451172,24.403934478759766,21.515491485595703,1444608
2018-06-27,GATM,24.733795166015625,25.17361068725586,24.450231552124023,24.94791603088379,21.995086669921875,709344
2018-06-28,GATM,24.739582061767578,25.179397583007812,24.537036895751953,24.890045166015625,21.94406509399414,560736
2018-06-29,GATM,24.398147583007812,25.462961196899414,24.160879135131836,24.84375,21.90325164794922,468288
2018-07-02,GATM,24.826387405395508,24.826387405395508,24.247684478759766,24.293981552124023,21.41855239868164,74304
2018-07-03,GATM,23.761573791503906,24.276620864868164,23.761573791503906,24.247684478759766,21.377735137939453,56160
2018-07-04,GATM,23.842592239379883,23.842592239379883,23.0960636138916,23.153934478759766,20.413440704345703,539136
2018-07-05,GATM,23.58217430114746,23.58217430114746,23.148147583007812,23.153934478759766,20.413440704345703,234144
2018-07-06,GATM,22.60416603088379,23.379629135131836,22.598379135131836,23.206018447875977,20.459360122680664,359424
2018-07-09,GATM,23.206018447875977,23.206018447875977,22.13541603088379,22.575231552124023,19.90323257446289,201312
2018-07-10,GATM,22.280092239379883,23.379629135131836,22.280092239379883,22.91666603088379,20.204254150390625,165888
2018-07-11,GATM,23.234952926635742,24.0625,22.974536895751953,24.0625,21.214468002319336,457920
2018-07-12,GATM,24.160879135131836,24.299768447875977,23.553239822387695,24.021989822387695,21.178752899169922,171936
2018-07-13,GATM,23.85416603088379,24.884258270263672,23.81944465637207,24.780092239379883,21.84712791442871,477792
2018-07-16,GATM,25.023147583007812,25.167823791503906,23.87152671813965,24.178239822387695,21.316509246826172,354240
2018-07-17,GATM,24.30555534362793,24.65277671813965,23.842592239379883,24.265045166015625,21.39303970336914,120960
2018-07-18,GATM,24.30555534362793,24.797452926635742,24.143518447875977,24.65277671813965,21.734880447387695,1448928
2018-07-19,GATM,25.057870864868164,25.88541603088379,25.057870864868164,25.81597137451172,22.760400772094727,4175712
2018-07-20,GATM,25.520832061767578,25.810184478759766,24.884258270263672,24.976850509643555,22.020597457885742,321408
2018-07-23,GATM,24.594907760620117,24.594907760620117,23.87152671813965,24.1898136138916,21.32671356201172,139104
2018-07-24,GATM,24.30555534362793,25.057870864868164,24.30555534362793,24.884258270263672,21.93896484375,2283552
2018-07-25,GATM,24.884258270263672,24.884258270263672,24.884258270263672,24.884258270263672,21.93896484375,0
2018-07-26,GATM,25.318286895751953,25.318286895751953,24.484952926635742,25.098379135131836,22.12774085998535,2182464
2018-07-27,GATM,24.890045166015625,25.69444465637207,24.890045166015625,25.358795166015625,22.35733413696289,357696
2018-07-30,GATM,25.43402671813965,25.86805534362793,24.907407760620117,25.393518447875977,22.38794708251953,2105568
2018-07-31,GATM,25.179397583007812,25.179397583007812,24.456018447875977,24.54861068725586,21.643043518066406,1069632
2018-08-01,GATM,24.623842239379883,24.739582061767578,24.195600509643555,24.61805534362793,21.704267501831055,2684448
2018-08-02,GATM,24.681711196899414,25.138887405395508,24.606481552124023,24.87847137451172,21.933860778808594,848448
2018-08-03,GATM,24.976850509643555,26.116897583007812,24.9710636138916,26.116897583007812,23.025707244873047,3354912
2018-08-06,GATM,27.141202926635742,27.228008270263672,26.157407760620117,26.799768447875977,23.62775421142578,3130272
2018-08-07,GATM,26.90972137451172,27.141202926635742,26.481481552124023,26.643518447875977,23.48999786376953,537408
2018-08-08,GATM,26.5625,26.73611068725586,26.047452926635742,26.365739822387695,23.24509620666504,304128
2018-08-09,GATM,26.33680534362793,27.679397583007812,26.33680534362793,27.5,24.245107650756836,4336416
2018-08-10,GATM,27.77777671813965,28.327545166015625,27.025461196899414,28.009258270263672,24.694089889526367,2656800
2018-08-13,GATM,28.009258270263672,28.182870864868164,27.633100509643555,27.696758270263672,24.4185791015625,955584
2018-08-14,GATM,27.696758270263672,27.696758270263672,27.696758270263672,27.696758270263672,24.4185791015625,0
2018-08-15,GATM,27.77777671813965,27.835647583007812,27.372684478759766,27.53472137451172,24.275718688964844,622944
2018-08-16,GATM,27.199073791503906,27.320600509643555,26.39467430114746,27.17592430114746,23.959388732910156,503712
2018-08-17,GATM,27.662036895751953,28.530092239379883,27.199073791503906,28.061342239379883,24.740009307861328,4763232
2018-08-20,GATM,28.587961196899414,29.44444465637207,28.356481552124023,29.224536895751953,25.765527725219727,5902848
2018-08-21,GATM,29.224536895751953,29.224536895751953,29.224536895751953,29.224536895751953,25.765527725219727,0
2018-08-22,GATM,29.224536895751953,29.224536895751953,29.224536895751953,29.224536895751953,25.765527725219727,0
2018-08-23,GATM,29.224536895751953,29.224536895751953,29.224536895751953,29.224536895751953,25.765527725219727,0
2018-08-24,GATM,29.456018447875977,30.324073791503906,28.645832061767578,29.60069465637207,26.097164154052734,2570400
2018-08-27,GATM,29.728008270263672,30.295137405395508,29.34027671813965,29.5023136138916,26.010427474975586,3040416
2018-08-28,GATM,29.513887405395508,29.65277671813965,28.26967430114746,28.362268447875977,25.00531578063965,921888
2018-08-29,GATM,28.36805534362793,28.645832061767578,27.77777671813965,28.362268447875977,25.00531578063965,851904
2018-08-30,GATM,28.356481552124023,28.47222137451172,28.009258270263672,28.356481552124023,25.000215530395508,1334880
2018-08-31,GATM,28.616897583007812,28.790508270263672,27.505786895751953,28.15972137451172,24.826744079589844,1243296
2018-09-03,GATM,27.662036895751953,28.240739822387695,27.401620864868164,28.11342430114746,24.785926818847656,1268352
2018-09-04,GATM,27.945600509643555,28.362268447875977,27.928239822387695,28.275461196899414,24.92878532409668,250560
2018-09-05,GATM,27.77777671813965,28.153934478759766,27.199073791503906,28.067129135131836,24.7451114654541,1143072
2018-09-06,GATM,28.03819465637207,28.38541603088379,27.083332061767578,27.199073791503906,23.979799270629883,725760
2018-09-07,GATM,27.199073791503906,27.34375,26.620370864868164,26.655092239379883,23.500202178955078,523584
2018-09-10,GATM,26.620370864868164,27.48842430114746,26.331018447875977,27.216434478759766,23.99510383605957,221184
2018-09-11,GATM,27.864582061767578,28.576387405395508,27.77777671813965,28.576387405395508,25.194093704223633,2438208
2018-09-12,GATM,28.935184478759766,29.195600509643555,27.922452926635742,28.130786895751953,24.801233291625977,1219104
2018-09-13,GATM,27.77777671813965,28.501157760620117,27.546295166015625,28.067129135131836,24.7451114654541,441504
2018-09-14,GATM,28.356481552124023,28.81944465637207,28.067129135131836,28.15972137451172,24.826744079589844,463104
2018-09-17,GATM,28.356481552124023,29.230323791503906,27.864582061767578,28.888887405395508,25.4696044921875,889920
2018-09-18,GATM,29.34027671813965,29.745370864868164,28.935184478759766,29.583332061767578,26.08185577392578,1188864
2018-09-19,GATM,29.6585636138916,30.081018447875977,28.71527671813965,28.92361068725586,25.500219345092773,1375488
2018-09-20,GATM,28.92361068725586,28.92361068725586,28.92361068725586,28.92361068725586,25.500219345092773,0
2018-09-21,GATM,28.92361068725586,28.92361068725586,28.92361068725586,28.92361068725586,25.500219345092773,0
2018-09-24,GATM,28.645832061767578,28.645832061767578,27.60416603088379,27.876157760620117,24.57674217224121,438048
2018-09-25,GATM,27.34375,28.495370864868164,27.34375,28.35069465637207,24.9951114654541,358560
2018-09-26,GATM,28.929397583007812,28.935184478759766,27.806711196899414,28.391202926635742,25.030826568603516,301536
2018-09-27,GATM,28.414350509643555,28.414350509643555,27.93402671813965,28.31597137451172,24.964500427246094,510624
2018-09-28,GATM,28.35069465637207,28.356481552124023,28.07291603088379,28.292823791503906,24.944091796875,48384
2018-10-01,GATM,27.864582061767578,28.356481552124023,27.77777671813965,28.304397583007812,24.954296112060547,181440
2018-10-02,GATM,28.587961196899414,28.935184478759766,28.530092239379883,28.773147583007812,25.367565155029297,434592
2018-10-03,GATM,28.645832061767578,29.25347137451172,28.356481552124023,28.657407760620117,25.265525817871094,511488
2018-10-04,GATM,28.356481552124023,28.356481552124023,27.841434478759766,28.107637405395508,24.780824661254883,119232
2018-10-05,GATM,27.922452926635742,28.078702926635742,26.967592239379883,27.193286895751953,23.974695205688477,393120
2018-10-08,GATM,27.233795166015625,27.3148136138916,26.348379135131836,26.817129135131836,23.6430606842041,354240
2018-10-09,GATM,27.771989822387695,28.153934478759766,27.771989822387695,28.153934478759766,24.821640014648438,257472
2018-10-10,GATM,28.81944465637207,28.935184478759766,28.067129135131836,28.362268447875977,25.00531578063965,320544
2018-10-11,GATM,28.356481552124023,28.356481552124023,27.835647583007812,27.893518447875977,24.59204864501953,73440
2018-10-12,GATM,27.20486068725586,28.356481552124023,26.90972137451172,27.326387405395508,24.092041015625,222048
2018-10-15,GATM,26.070600509643555,27.141202926635742,26.047452926635742,26.956018447875977,23.76551055908203,1156896
2018-10-16,GATM,27.210647583007812,28.182870864868164,27.025461196899414,27.129629135131836,23.91857147216797,444096
2018-10-17,GATM,27.719907760620117,28.483795166015625,27.633100509643555,28.483795166015625,25.11246109008789,1346976
2018-10-18,GATM,27.77777671813965,28.182870864868164,27.29166603088379,27.5,25.54246711730957,549504
2018-10-19,GATM,27.199073791503906,28.356481552124023,27.199073791503906,28.177082061767578,26.17135238647461,1272672
2018-10-22,GATM,28.36805534362793,28.935184478759766,28.125,28.414350509643555,26.39173126220703,1156032
2018-10-23,GATM,28.356481552124023,28.362268447875977,27.575231552124023,27.714120864868164,25.741348266601562,278208
2018-10-24,GATM,28.645832061767578,28.935184478759766,28.36805534362793,28.917823791503906,26.85936737060547,725760
2018-10-25,GATM,28.362268447875977,29.369211196899414,28.362268447875977,28.605323791503906,26.569110870361328,2133216
2018-10-26,GATM,28.356481552124023,28.935184478759766,28.240739822387695,28.859952926635742,26.80561637878418,485568
2018-10-29,GATM,29.195600509643555,30.30092430114746,28.790508270263672,29.398147583007812,27.305500030517578,3631392
2018-10-30,GATM,29.942129135131836,29.942129135131836,28.935184478759766,28.987268447875977,26.92386817932129,2179872
2018-10-31,GATM,28.645832061767578,30.092592239379883,28.42592430114746,29.386573791503906,27.294750213623047,1446336
2018-11-01,GATM,29.282407760620117,30.4398136138916,29.282407760620117,30.335647583007812,28.176265716552734,2368224
2018-11-02,GATM,30.335647583007812,31.076387405395508,30.092592239379883,30.41666603088379,28.25151824951172,1975104
2018-11-05,GATM,30.4398136138916,30.4398136138916,29.21875,29.583332061767578,27.477502822875977,695520
2018-11-06,GATM,29.369211196899414,29.77430534362793,28.42592430114746,28.813657760620117,26.762615203857422,415584
2018-11-07,GATM,30.092592239379883,30.092592239379883,29.542823791503906,29.75694465637207,27.638755798339844,1073088
2018-11-08,GATM,29.803239822387695,30.092592239379883,29.07986068725586,29.427082061767578,27.332374572753906,408672
2018-11-09,GATM,29.28819465637207,30.584489822387695,29.282407760620117,30.10416603088379,27.961261749267578,1436832
2018-11-12,GATM,29.513887405395508,30.960647583007812,29.513887405395508,30.428239822387695,28.262266159057617,1266624
2018-11-13,GATM,30.584489822387695,30.584489822387695,29.918981552124023,30.011573791503906,27.875261306762695,646272
2018-11-14,GATM,30.237268447875977,30.520832061767578,29.803239822387695,30.358795166015625,28.19776725769043,1525824
2018-11-15,GATM,30.38194465637207,30.81597137451172,30.248842239379883,30.607637405395508,28.428895950317383,562464
2018-11-16,GATM,30.46875,31.886573791503906,30.46875,31.244211196899414,29.02015495300293,6341760
2018-11-19,GATM,30.700231552124023,31.076387405395508,30.38194465637207,30.636573791503906,28.455772399902344,306720
2018-11-20,GATM,30.324073791503906,30.81597137451172,30.12152671813965,30.370370864868164,28.208518981933594,233280
2018-11-21,GATM,30.370370864868164,30.370370864868164,30.370370864868164,30.370370864868164,28.208518981933594,0
2018-11-22,GATM,30.387731552124023,30.653934478759766,29.716434478759766,29.855323791503906,27.730133056640625,360288
2018-11-23,GATM,30.01736068725586,30.208332061767578,29.629629135131836,30.023147583007812,27.886011123657227,972864
2018-11-26,GATM,29.872684478759766,29.872684478759766,29.25347137451172,29.49652671813965,27.39687728881836,94176
2018-11-27,GATM,29.6875,30.081018447875977,29.513887405395508,29.768518447875977,27.649507522583008,263520
2018-11-28,GATM,29.542823791503906,29.542823791503906,29.07986068725586,29.47916603088379,27.38075065612793,608256
2018-11-29,GATM,29.739582061767578,29.849536895751953,29.311342239379883,29.513887405395508,27.413000106811523,352512
2018-11-30,GATM,29.513887405395508,30.844907760620117,29.513887405395508,29.837961196899414,27.714006423950195,1398816
2018-12-03,GATM,29.513887405395508,29.513887405395508,28.35069465637207,28.54166603088379,26.509986877441406,489024
2018-12-04,GATM,28.38541603088379,29.79166603088379,28.38541603088379,29.61805534362793,27.509754180908203,371520
2018-12-05,GATM,29.6585636138916,29.6585636138916,28.651620864868164,29.450231552124023,27.353878021240234,182304
2018-12-06,GATM,29.513887405395508,29.77430534362793,28.0960636138916,28.4085636138916,26.3863582611084,1518912
2018-12-07,GATM,28.640045166015625,29.224536895751953,28.0960636138916,29.045137405395508,26.977617263793945,257472
2018-12-10,GATM,29.513887405395508,29.86111068725586,29.282407760620117,29.490739822387695,27.391502380371094,533088
2018-12-11,GATM,29.230323791503906,29.421295166015625,28.790508270263672,28.813657760620117,26.762615203857422,42336
2018-12-12,GATM,28.42592430114746,29.126157760620117,27.84722137451172,28.148147583007812,26.144479751586914,442368
2018-12-13,GATM,28.21180534362793,28.21180534362793,26.90972137451172,27.482637405395508,25.526342391967773,387072
2018-12-14,GATM,27.77777671813965,28.414350509643555,27.69097137451172,28.09027671813965,26.090726852416992,267840
2018-12-17,GATM,27.835647583007812,28.356481552124023,27.7835636138916,28.03819465637207,26.0423526763916,126144
2018-12-18,GATM,27.835647583007812,28.587961196899414,27.835647583007812,28.19444465637207,26.187480926513672,127008
2018-12-19,GATM,28.29861068725586,28.530092239379883,27.210647583007812,27.355323791503906,25.408090591430664,933120
2018-12-20,GATM,27.633100509643555,28.177082061767578,27.268518447875977,28.043981552124023,26.047727584838867,389664
2018-12-21,GATM,27.633100509643555,27.91666603088379,27.34375,27.436342239379883,25.48334312438965,209952
2018-12-24,GATM,27.141202926635742,27.708332061767578,27.112268447875977,27.60416603088379,25.639219284057617,124416
2018-12-25,GATM,27.60416603088379,27.60416603088379,27.60416603088379,27.60416603088379,25.639219284057617,0
2018-12-26,GATM,27.34375,27.922452926635742,27.34375,27.650461196899414,25.682218551635742,42336
2018-12-27,GATM,27.922452926635742,27.922452926635742,27.3148136138916,27.615739822387695,25.64996910095215,245376
2018-12-28,GATM,27.598379135131836,28.009258270263672,26.64930534362793,27.060184478759766,25.133960723876953,387072
2018-12-31,GATM,26.359952926635742,27.719907760620117,26.359952926635742,26.71875,24.816829681396484,137376
2019-01-01,GATM,26.880786895751953,27.482637405395508,26.851850509643555,27.285879135131836,25.343589782714844,184032
2019-01-02,GATM,27.216434478759766,28.26967430114746,27.170137405395508,27.48842430114746,25.53171730041504,878688
2019-01-03,GATM,27.34375,27.60416603088379,27.094907760620117,27.4710636138916,25.515592575073242,178848
2019-01-04,GATM,27.20486068725586,27.77777671813965,27.112268447875977,27.685184478759766,25.7144718170166,79488
2019-01-07,GATM,27.285879135131836,28.645832061767578,27.285879135131836,28.553239822387695,26.520734786987305,272160
2019-01-08,GATM,28.645832061767578,29.05092430114746,28.356481552124023,28.883100509643555,26.827116012573242,420768
2019-01-09,GATM,28.8773136138916,28.92361068725586,28.067129135131836,28.292823791503906,26.27885627746582,127008
2019-01-10,GATM,28.101850509643555,29.21875,27.494211196899414,28.512731552124023,26.483110427856445,3526848
2019-01-11,GATM,28.501157760620117,28.935184478759766,28.356481552124023,28.73842430114746,26.692739486694336,656640
2019-01-14,GATM,28.99305534362793,29.456018447875977,28.703702926635742,28.85416603088379,26.80023956298828,384480
2019-01-15,GATM,28.761573791503906,29.803239822387695,28.645832061767578,29.28819465637207,27.203372955322266,1022112
2019-01-16,GATM,29.450231552124023,29.94791603088379,29.195600509643555,29.299768447875977,27.21412467956543,2774304
2019-01-17,GATM,28.94097137451172,29.47916603088379,28.761573791503906,29.270832061767578,27.18724822998047,393120
2019-01-18,GATM,28.94097137451172,29.513887405395508,28.935184478759766,29.212961196899414,27.13349723815918,162432
2019-01-21,GATM,28.981481552124023,29.849536895751953,28.935184478759766,29.508100509643555,27.40762710571289,406080
2019-01-22,GATM,29.456018447875977,30.005786895751953,29.369211196899414,29.623842239379883,27.51512908935547,1255392
2019-01-23,GATM,29.803239822387695,30.237268447875977,29.803239822387695,30.08680534362793,27.94513702392578,1875744
2019-01-24,GATM,30.38194465637207,30.497684478759766,29.63541603088379,30.005786895751953,27.86988639831543,564192
2019-01-25,GATM,29.803239822387695,30.723379135131836,29.6585636138916,30.619211196899414,28.43964385986328,1003104
2019-01-28,GATM,30.61342430114746,31.42361068725586,30.50347137451172,30.914350509643555,28.713775634765625,1408320
2019-01-29,GATM,30.95486068725586,31.25,30.671295166015625,30.682870864868164,28.4987735748291,841536
2019-01-30,GATM,30.960647583007812,31.134258270263672,30.526620864868164,30.584489822387695,28.407394409179688,837216
2019-01-31,GATM,30.671295166015625,30.95486068725586,30.445600509643555,30.810184478759766,28.617023468017578,733536
2019-02-01,GATM,30.677082061767578,31.80555534362793,30.38194465637207,31.52777671813965,29.28353500366211,1921536
2019-02-04,GATM,31.655092239379883,32.32060241699219,31.59722137451172,31.938657760620117,29.66516876220703,3607200
2019-02-05,GATM,31.938657760620117,31.938657760620117,31.938657760620117,31.938657760620117,29.66516876220703,0
2019-02-06,GATM,32.407405853271484,33.2118034362793,32.26272964477539,32.85300827026367,30.514434814453125,9275904
2019-02-07,GATM,32.98611068725586,33.04397964477539,32.41319274902344,32.55208206176758,30.234928131103516,2617920
2019-02-08,GATM,32.841434478759766,33.564815521240234,32.49421310424805,32.88194274902344,30.541309356689453,4637952
2019-02-11,GATM,33.27546310424805,33.622684478759766,32.92824172973633,33.229164123535156,30.863813400268555,4955040
2019-02-12,GATM,32.957176208496094,33.61689758300781,32.957176208496094,33.425926208496094,31.046571731567383,1562976
2019-02-13,GATM,33.564815521240234,33.796295166015625,33.13078689575195,33.24652862548828,30.87994384765625,3310848
2019-02-14,GATM,33.13078689575195,33.622684478759766,32.957176208496094,33.501155853271484,31.116443634033203,1248480
2019-02-15,GATM,33.564815521240234,33.70949172973633,33.28125,33.43171310424805,31.051944732666016,347328
2019-02-18,GATM,33.27546310424805,33.564815521240234,32.69675827026367,33.14236068725586,30.783187866210938,603072
2019-02-19,GATM,33.015045166015625,33.57060241699219,33.015045166015625,33.40277862548828,31.025068283081055,527904
2019-02-20,GATM,33.27546310424805,33.55902862548828,32.98611068725586,33.43171310424805,31.051944732666016,749088
2019-02-21,GATM,33.13078689575195,33.501155853271484,33.049766540527344,33.14814758300781,30.788564682006836,378432
2019-02-22,GATM,33.13078689575195,33.27546310424805,32.783565521240234,33.02661895751953,30.67568588256836,296352
2019-02-25,GATM,32.98611068725586,33.04397964477539,32.55786895751953,32.667823791503906,30.342432022094727,325728
2019-02-26,GATM,32.18171310424805,32.63888931274414,31.42361068725586,31.86342430114746,29.595291137695312,939168
2019-02-27,GATM,32.251155853271484,33.45486068725586,30.271989822387695,31.712961196899414,29.45553970336914,7268832
2019-02-28,GATM,32.1180534362793,32.20486068725586,31.047452926635742,31.782407760620117,29.52004051208496,768960
2019-03-01,GATM,32.67939758300781,33.3680534362793,32.1180534362793,33.35647964477539,30.982067108154297,4948992
2019-03-04,GATM,33.70949172973633,33.70949172973633,32.72569274902344,33.04397964477539,30.69181251525879,394848
2019-03-05,GATM,32.87036895751953,33.564815521240234,32.63888931274414,32.939815521240234,30.595060348510742,757728
2019-03-06,GATM,33.391204833984375,33.391204833984375,32.55208206176758,32.88194274902344,30.541309356689453,113184
2019-03-07,GATM,32.99189758300781,32.99189758300781,32.69675827026367,32.876155853271484,30.535932540893555,78624
2019-03-08,GATM,32.69675827026367,32.95138931274414,32.40161895751953,32.43634033203125,30.127426147460938,177984
2019-03-11,GATM,33.04397964477539,33.072914123535156,32.783565521240234,32.88194274902344,30.541309356689453,341280
2019-03-12,GATM,32.55208206176758,33.13078689575195,32.55208206176758,32.96296310424805,30.616561889648438,801792
2019-03-13,GATM,32.98611068725586,33.072914123535156,32.69675827026367,32.980323791503906,30.6326847076416,885600
2019-03-14,GATM,33.096065521240234,33.15972137451172,32.92824172973633,32.99189758300781,30.6434383392334,1296864
2019-03-15,GATM,33.10185241699219,33.70949172973633,32.980323791503906,33.09027862548828,30.734813690185547,1290816
2019-03-18,GATM,32.98611068725586,32.98611068725586,32.407405853271484,32.876155853271484,30.535932540893555,641088
2019-03-19,GATM,32.957176208496094,32.957176208496094,32.41319274902344,32.57522964477539,30.25642967224121,40608
2019-03-20,GATM,32.41319274902344,32.63310241699219,32.291664123535156,32.33796310424805,30.036052703857422,133056
2019-03-21,GATM,32.55208206176758,32.55208206176758,31.71875,31.84027671813965,29.57379150390625,1458432
2019-03-22,GATM,31.63194465637207,32.63888931274414,31.626157760620117,32.41897964477539,30.11130142211914,1909440
2019-03-25,GATM,32.26272964477539,32.26272964477539,31.626157760620117,31.94444465637207,29.67054557800293,262656
2019-03-26,GATM,31.886573791503906,32.22222137451172,31.834489822387695,31.915508270263672,29.643667221069336,47520
2019-03-27,GATM,32.39583206176758,32.667823791503906,32.39583206176758,32.627315521240234,30.304805755615234,270432
2019-03-28,GATM,32.57522964477539,32.57522964477539,31.973379135131836,31.973379135131836,29.697418212890625,343872
2019-03-29,GATM,32.34375,33.27546310424805,32.34375,32.96875,30.62193489074707,1149984
2019-04-01,GATM,32.55208206176758,32.55208206176758,32.407405853271484,32.407405853271484,30.100549697875977,50112
2019-04-02,GATM,32.407405853271484,32.407405853271484,31.828702926635742,31.84027671813965,29.57379150390625,635904
2019-04-03,GATM,32.407405853271484,32.55208206176758,31.828702926635742,31.8460636138916,29.579166412353516,369792
2019-04-04,GATM,31.828702926635742,31.973379135131836,31.655092239379883,31.828702926635742,29.56304168701172,74304
2019-04-05,GATM,31.539350509643555,31.828702926635742,31.134258270263672,31.6898136138916,29.434038162231445,693792
2019-04-08,GATM,31.25,31.25,30.95486068725586,30.960647583007812,28.756776809692383,127008
2019-04-09,GATM,30.72916603088379,31.828702926635742,30.72916603088379,31.157407760620117,28.939531326293945,153792
2019-04-10,GATM,31.799768447875977,31.799768447875977,30.098379135131836,30.254629135131836,28.101015090942383,137376
2019-04-11,GATM,30.671295166015625,31.25,30.61342430114746,31.21527671813965,28.9932804107666,178848
2019-04-12,GATM,30.960647583007812,31.915508270263672,30.81597137451172,31.759258270263672,29.4985408782959,6367680
2019-04-15,GATM,32.060184478759766,32.08911895751953,31.278934478759766,31.388887405395508,29.15453338623047,1032480
2019-04-16,GATM,31.25,31.365739822387695,30.960647583007812,31.134258270263672,28.91802978515625,79488
2019-04-17,GATM,30.90277671813965,31.568286895751953,30.671295166015625,31.481481552124023,29.240535736083984,285120
2019-04-18,GATM,31.313657760620117,32.28009033203125,31.307870864868164,31.875,29.606042861938477,171936
2019-04-19,GATM,31.84027671813965,33.27546310424805,31.84027671813965,32.685184478759766,30.35855484008789,312768
2019-04-22,GATM,33.13078689575195,33.13078689575195,32.407405853271484,32.581016540527344,30.261802673339844,197856
2019-04-23,GATM,31.886573791503906,32.08911895751953,31.25,31.49305534362793,29.251285552978516,127008
2019-04-24,GATM,31.539350509643555,32.407405853271484,31.365739822387695,32.291664123535156,29.9930477142334,117504
2019-04-25,GATM,32.69097137451172,32.98611068725586,32.407405853271484,32.528934478759766,30.213428497314453,101952
2019-04-26,GATM,32.92824172973633,32.98611068725586,32.15277862548828,32.719905853271484,30.39080810546875,217728
2019-04-29,GATM,32.95138931274414,33.27546310424805,32.424766540527344,32.96296310424805,30.616561889648438,670464
2019-04-30,GATM,32.72569274902344,33.564815521240234,31.31944465637207,31.37152671813965,29.138408660888672,777600
2019-05-01,GATM,31.37152671813965,31.37152671813965,31.37152671813965,31.37152671813965,29.138408660888672,0
2019-05-02,GATM,30.682870864868164,30.81597137451172,30.27777671813965,30.561342239379883,28.385896682739258,74304
2019-05-03,GATM,30.561342239379883,30.561342239379883,30.561342239379883,30.561342239379883,28.385896682739258,0
2019-05-06,GATM,30.150461196899414,31.828702926635742,30.150461196899414,31.44097137451172,29.202909469604492,30240
2019-05-07,GATM,31.018518447875977,31.655092239379883,30.960647583007812,31.278934478759766,29.05240821838379,28512
2019-05-08,GATM,30.497684478759766,31.09375,29.94791603088379,30.376157760620117,28.213891983032227,69984
2019-05-09,GATM,29.803239822387695,30.671295166015625,29.803239822387695,30.01736068725586,27.88063621520996,75168
2019-05-10,GATM,30.092592239379883,30.109952926635742,30.092592239379883,30.098379135131836,27.955886840820312,63936
2019-05-13,GATM,30.677082061767578,30.677082061767578,29.513887405395508,29.803239822387695,27.68175506591797,59616
2019-05-14,GATM,29.51967430114746,29.51967430114746,28.443286895751953,28.831018447875977,26.77874183654785,177120
2019-05-15,GATM,28.935184478759766,29.803239822387695,28.709489822387695,28.94097137451172,26.88086700439453,498528
2019-05-16,GATM,29.07986068725586,29.07986068725586,27.84722137451172,28.888887405395508,26.832490921020508,808704
2019-05-17,GATM,28.935184478759766,28.935184478759766,27.44791603088379,27.4710636138916,25.515592575073242,711936
2019-05-20,GATM,26.70717430114746,28.842592239379883,26.620370864868164,28.69791603088379,26.655113220214844,184032
2019-05-21,GATM,28.935184478759766,29.5023136138916,28.356481552124023,28.952545166015625,26.891616821289062,598752
2019-05-22,GATM,30.092592239379883,30.353008270263672,29.224536895751953,30.063657760620117,27.92363739013672,688608
2019-05-23,GATM,30.092592239379883,30.410879135131836,29.803239822387695,30.26041603088379,28.10638999938965,571104
2019-05-24,GATM,29.241897583007812,29.9710636138916,29.241897583007812,29.54861068725586,27.445253372192383,32832
2019-05-27,GATM,29.508100509643555,29.803239822387695,29.224536895751953,29.6875,27.574256896972656,267840
2019-05-28,GATM,29.02777671813965,29.21875,28.206018447875977,28.29861068725586,26.284231185913086,117504
2019-05-29,GATM,28.29861068725586,28.29861068725586,28.29861068725586,28.29861068725586,26.284231185913086,0
2019-05-30,GATM,28.651620864868164,28.935184478759766,27.77777671813965,27.84722137451172,25.864973068237305,118368
2019-05-31,GATM,27.84722137451172,27.84722137451172,27.84722137451172,27.84722137451172,25.864973068237305,0
2019-06-03,GATM,27.7835636138916,27.7835636138916,26.458332061767578,26.51041603088379,24.62332534790039,197856
2019-06-04,GATM,26.51041603088379,26.51041603088379,26.51041603088379,26.51041603088379,24.62332534790039,0
2019-06-05,GATM,26.51041603088379,26.51041603088379,26.51041603088379,26.51041603088379,24.62332534790039,0
2019-06-06,GATM,26.51041603088379,26.51041603088379,26.51041603088379,26.51041603088379,24.62332534790039,0
2019-06-07,GATM,26.51041603088379,26.51041603088379,26.51041603088379,26.51041603088379,24.62332534790039,0
2019-06-10,GATM,25.19097137451172,25.289350509643555,25.185184478759766,25.185184478759766,23.39242935180664,99360
2019-06-11,GATM,24.380786895751953,25.17361068725586,24.103008270263672,24.28819465637207,22.559288024902344,266112
2019-06-12,GATM,24.299768447875977,24.872684478759766,24.01041603088379,24.467592239379883,22.72591781616211,506304
2019-06-13,GATM,24.594907760620117,25.688657760620117,24.583332061767578,25.688657760620117,23.860061645507812,729216
2019-06-14,GATM,26.273147583007812,26.967592239379883,26.273147583007812,26.967592239379883,25.04796028137207,151200
2019-06-17,GATM,27.77777671813965,27.951387405395508,27.372684478759766,27.708332061767578,25.735971450805664,312768
2019-06-18,GATM,28.21180534362793,28.935184478759766,27.77777671813965,28.52430534362793,26.493860244750977,595296
2019-06-19,GATM,28.87152671813965,28.935184478759766,27.51736068725586,28.512731552124023,26.483110427856445,1003104
2019-06-20,GATM,27.789350509643555,29.936342239379883,27.20486068725586,29.28819465637207,27.203372955322266,429408
2019-06-21,GATM,28.935184478759766,29.021989822387695,28.373842239379883,28.58217430114746,26.547611236572266,358560
2019-06-24,GATM,27.858795166015625,27.858795166015625,27.1585636138916,27.193286895751953,25.257587432861328,101088
2019-06-25,GATM,26.076387405395508,28.29861068725586,25.86805534362793,27.72569465637207,25.752098083496094,137376
2019-06-26,GATM,27.48842430114746,28.356481552124023,26.82291603088379,27.980323791503906,25.98859977722168,1084320
2019-06-27,GATM,28.327545166015625,28.929397583007812,26.585647583007812,27.696758270263672,25.7252197265625,439776
2019-06-28,GATM,27.199073791503906,27.696758270263672,26.63194465637207,27.268518447875977,25.327463150024414,120096
2019-07-01,GATM,26.504629135131836,26.620370864868164,25.9085636138916,25.9085636138916,24.064315795898438,793152
2019-07-02,GATM,25.45717430114746,26.273147583007812,25.17361068725586,25.949073791503906,24.10194206237793,311904
2019-07-03,GATM,26.331018447875977,26.331018447875977,25.17361068725586,26.157407760620117,24.29544448852539,608256
2019-07-04,GATM,26.053239822387695,26.296295166015625,25.636573791503906,25.758100509643555,23.924562454223633,67392
2019-07-05,GATM,25.376157760620117,25.376157760620117,24.65277671813965,24.710647583007812,22.951671600341797,139104
2019-07-08,GATM,24.884258270263672,24.884258270263672,24.30555534362793,24.594907760620117,22.84416961669922,19008
2019-07-09,GATM,24.820600509643555,25.462961196899414,24.820600509643555,25.462961196899414,23.650432586669922,88128
2019-07-10,GATM,25.17361068725586,25.17361068725586,25.17361068725586,25.17361068725586,23.381677627563477,345600
2019-07-11,GATM,24.884258270263672,24.884258270263672,24.589120864868164,24.606481552124023,22.85491943359375,15552
2019-07-12,GATM,24.583332061767578,25.405092239379883,24.583332061767578,25.10416603088379,23.317176818847656,28512
2019-07-15,GATM,24.594907760620117,24.594907760620117,23.987268447875977,24.02777671813965,22.317407608032227,31968
2019-07-16,GATM,24.16666603088379,24.594907760620117,23.900461196899414,24.016202926635742,22.306657791137695,114912
2019-07-17,GATM,24.074073791503906,24.074073791503906,23.87152671813965,24.004629135131836,22.295907974243164,47520
2019-07-18,GATM,23.449073791503906,24.074073791503906,22.858795166015625,23.61111068725586,21.930402755737305,1174176
2019-07-19,GATM,23.177082061767578,23.4375,22.945600509643555,23.136573791503906,21.489643096923828,383616
2019-07-22,GATM,23.084489822387695,23.292823791503906,23.084489822387695,23.136573791503906,21.489643096923828,11232
2019-07-23,GATM,23.7210636138916,23.7210636138916,23.148147583007812,23.148147583007812,21.50039291381836,84672
2019-07-24,GATM,23.148147583007812,23.148147583007812,22.56944465637207,22.864582061767578,21.23701286315918,380160
2019-07-25,GATM,22.65625,23.148147583007812,22.56944465637207,23.14236068725586,21.495018005371094,948672
2019-07-26,GATM,23.148147583007812,23.292823791503906,22.6273136138916,22.841434478759766,21.215513229370117,494208
2019-07-29,GATM,22.56944465637207,22.887731552124023,22.280092239379883,22.563657760620117,20.957508087158203,336096
2019-07-30,GATM,22.424768447875977,22.841434478759766,22.008100509643555,22.563657760620117,20.957508087158203,10368
2019-07-31,GATM,22.29166603088379,23.292823791503906,22.285879135131836,23.223379135131836,21.570270538330078,872640
2019-08-01,GATM,22.858795166015625,23.7210636138916,22.858795166015625,22.951387405395508,21.317638397216797,19008
2019-08-02,GATM,23.00347137451172,23.177082061767578,22.858795166015625,23.0960636138916,21.452016830444336,20736
2019-08-05,GATM,22.285879135131836,22.285879135131836,22.285879135131836,22.285879135131836,20.69950294494629,864
2019-08-06,GATM,22.858795166015625,23.148147583007812,22.858795166015625,22.864582061767578,21.23701286315918,82944
2019-08-07,GATM,22.864582061767578,22.864582061767578,22.864582061767578,22.864582061767578,21.23701286315918,0
2019-08-08,GATM,21.990739822387695,22.858795166015625,21.990739822387695,22.268518447875977,20.683380126953125,837216
2019-08-09,GATM,23.032407760620117,23.379629135131836,22.91666603088379,23.07291603088379,21.430517196655273,756864
2019-08-12,GATM,23.07291603088379,23.07291603088379,23.07291603088379,23.07291603088379,21.430517196655273,0
2019-08-13,GATM,23.07291603088379,23.07291603088379,23.07291603088379,23.07291603088379,21.430517196655273,0
2019-08-14,GATM,23.07291603088379,23.07291603088379,23.07291603088379,23.07291603088379,21.430517196655273,0
2019-08-15,GATM,23.07291603088379,23.07291603088379,23.07291603088379,23.07291603088379,21.430517196655273,0
2019-08-16,GATM,23.148147583007812,23.148147583007812,22.56944465637207,22.962961196899414,21.32839012145996,269568
2019-08-19,GATM,23.148147583007812,23.58217430114746,23.148147583007812,23.391202926635742,21.726146697998047,151200
2019-08-20,GATM,23.148147583007812,24.508100509643555,23.148147583007812,24.334489822387695,22.60228729248047,822528
2019-08-21,GATM,24.872684478759766,25.289350509643555,23.726850509643555,25.19097137451172,23.397804260253906,326592
2019-08-22,GATM,25.474536895751953,26.047452926635742,25.46875,26.018518447875977,24.16644287109375,596160
2019-08-23,GATM,25.78125,26.04166603088379,24.72222137451172,24.866897583007812,23.096797943115234,255744
2019-08-26,GATM,24.34027671813965,25.376157760620117,24.30555534362793,24.577545166015625,22.828041076660156,273888
2019-08-27,GATM,24.36342430114746,24.884258270263672,24.36342430114746,24.6585636138916,22.90329360961914,246240
2019-08-28,GATM,24.87847137451172,25.891202926635742,24.594907760620117,25.891202926635742,24.04819107055664,519264
2019-08-29,GATM,26.04166603088379,26.903934478759766,25.462961196899414,25.920137405395508,24.075063705444336,156384
2019-08-30,GATM,25.202545166015625,25.462961196899414,25.17361068725586,25.462961196899414,23.650432586669922,199584
2019-09-02,GATM,26.04166603088379,26.04166603088379,25.462961196899414,25.72916603088379,23.897686004638672,113184
2019-09-03,GATM,26.035879135131836,26.614582061767578,25.7523136138916,26.2210636138916,24.354570388793945,1454112
2019-09-04,GATM,26.04166603088379,26.446758270263672,25.7523136138916,26.331018447875977,24.45669937133789,163296
2019-09-05,GATM,26.070600509643555,26.915508270263672,26.047452926635742,26.331018447875977,24.45669937133789,626400
2019-09-06,GATM,26.331018447875977,26.331018447875977,26.04166603088379,26.331018447875977,24.45669937133789,150336
2019-09-09,GATM,26.331018447875977,26.331018447875977,26.331018447875977,26.331018447875977,24.45669937133789,0
2019-09-10,GATM,26.331018447875977,26.331018447875977,26.331018447875977,26.331018447875977,24.45669937133789,0
2019-09-11,GATM,26.5335636138916,26.620370864868164,26.099536895751953,26.099536895751953,24.241695404052734,47520
2019-09-12,GATM,26.331018447875977,26.90972137451172,26.070600509643555,26.151620864868164,24.290071487426758,390528
2019-09-13,GATM,26.04166603088379,26.186342239379883,25.607637405395508,26.030092239379883,24.17719268798828,713664
2019-09-16,GATM,26.04166603088379,27.170137405395508,26.04166603088379,26.712961196899414,24.811452865600586,81216
2019-09-17,GATM,26.244211196899414,26.620370864868164,26.244211196899414,26.614582061767578,24.720077514648438,31968
2019-09-18,GATM,26.12847137451172,26.331018447875977,26.04166603088379,26.04166603088379,24.187942504882812,156384
2019-09-19,GATM,26.331018447875977,27.337961196899414,26.325231552124023,27.199073791503906,25.262964248657227,479520
2019-09-20,GATM,27.34375,27.77777671813965,26.12847137451172,26.568286895751953,24.677078247070312,495072
2019-09-23,GATM,27.1875,27.714120864868164,26.90972137451172,27.181711196899414,25.246835708618164,681696
2019-09-24,GATM,27.719907760620117,27.835647583007812,26.90972137451172,27.054397583007812,25.128585815429688,165024
2019-09-25,GATM,27.48842430114746,27.633100509643555,27.193286895751953,27.193286895751953,25.257587432861328,38016
2019-09-26,GATM,27.766202926635742,27.980323791503906,26.90972137451172,27.106481552124023,25.17696189880371,14688
2019-09-27,GATM,27.199073791503906,27.77777671813965,27.054397583007812,27.384258270263672,25.434965133666992,108864
2019-09-30,GATM,27.922452926635742,27.951387405395508,27.34375,27.453702926635742,25.499465942382812,598752
2019-10-01,GATM,27.60416603088379,27.951387405395508,27.34375,27.56944465637207,25.606969833374023,443232
2019-10-02,GATM,28.946758270263672,28.946758270263672,27.401620864868164,28.310184478759766,26.29498291015625,6295968
2019-10-03,GATM,28.344907760620117,29.328702926635742,28.07291603088379,28.71527671813965,26.67123794555664,6402240
2019-10-04,GATM,28.964120864868164,29.045137405395508,28.530092239379883,28.657407760620117,26.61748695373535,1359936
2019-10-07,GATM,28.92361068725586,29.137731552124023,28.362268447875977,28.62847137451172,26.590612411499023,4782240
2019-10-08,GATM,28.744211196899414,28.848379135131836,28.21180534362793,28.362268447875977,26.34335708618164,1082592
2019-10-09,GATM,28.356481552124023,28.929397583007812,28.067129135131836,28.605323791503906,26.569110870361328,1459296
2019-10-10,GATM,28.790508270263672,28.929397583007812,28.47222137451172,28.535879135131836,26.504610061645508,741312
2019-10-11,GATM,28.443286895751953,28.790508270263672,28.125,28.263887405395508,26.251981735229492,2068416
2019-10-14,GATM,28.356481552124023,28.47222137451172,27.951387405395508,28.043981552124023,26.047727584838867,351648
2019-10-15,GATM,27.89930534362793,28.495370864868164,27.89930534362793,28.182870864868164,26.176729202270508,1265760
2019-10-16,GATM,28.339120864868164,28.616897583007812,28.327545166015625,28.42592430114746,26.402482986450195,1693440
2019-10-17,GATM,27.083332061767578,27.61111068725586,26.92361068725586,27.020832061767578,26.44325828552246,538560
2019-10-18,GATM,26.90972137451172,27.41666603088379,26.388887405395508,26.65972137451172,26.089866638183594,786960
2019-10-21,GATM,26.388887405395508,26.388887405395508,25.34027671813965,25.375,24.83260726928711,504720
2019-10-22,GATM,25.00694465637207,25.59027671813965,25.00694465637207,25.46527671813965,24.92095375061035,158400
2019-10-23,GATM,25.55555534362793,26.31944465637207,25.55555534362793,25.90277671813965,25.349102020263672,280800
2019-10-24,GATM,26.03472137451172,26.388887405395508,25.69444465637207,25.80555534362793,25.253957748413086,467280
2019-10-25,GATM,25.86805534362793,26.00694465637207,25.69444465637207,25.79166603088379,25.240365982055664,333360
2019-10-28,GATM,25.84722137451172,26.21527671813965,25.48611068725586,25.81944465637207,25.26755142211914,126720
2019-10-29,GATM,25.701387405395508,25.833332061767578,25.35416603088379,25.5,24.95493507385254,223920
2019-10-30,GATM,25.34722137451172,25.6875,24.86111068725586,25.36111068725586,24.819013595581055,251280
2019-10-31,GATM,24.895832061767578,25.826387405395508,24.79861068725586,25.25,24.710277557373047,833760
2019-11-01,GATM,25.208332061767578,25.3125,24.895832061767578,24.92361068725586,24.390865325927734,109440
2019-11-04,GATM,25.0,25.34722137451172,24.833332061767578,25.00694465637207,24.4724178314209,1072800
2019-11-05,GATM,25.0,26.04166603088379,24.92361068725586,25.65972137451172,25.111242294311523,1533600
2019-11-06,GATM,26.03472137451172,26.388887405395508,25.75,25.895832061767578,25.34230613708496,944640
2019-11-07,GATM,25.708332061767578,25.875,25.520832061767578,25.61111068725586,25.063669204711914,236880
2019-11-08,GATM,25.69444465637207,26.84027671813965,25.65972137451172,26.46527671813965,25.899578094482422,911520
2019-11-11,GATM,26.63194465637207,27.395832061767578,26.52777671813965,27.013887405395508,26.43646240234375,887040
2019-11-12,GATM,27.43055534362793,27.60416603088379,26.388887405395508,26.72222137451172,26.151031494140625,655200
2019-11-13,GATM,26.40277671813965,27.74305534362793,26.388887405395508,27.645832061767578,27.054899215698242,1329120
2019-11-14,GATM,27.770832061767578,28.125,27.43055534362793,27.55555534362793,26.966552734375,694080
2019-11-15,GATM,27.78472137451172,27.78472137451172,27.36111068725586,27.46527671813965,26.878202438354492,254880
2019-11-18,GATM,27.701387405395508,27.98611068725586,26.951387405395508,27.11111068725586,26.531606674194336,853200
2019-11-19,GATM,27.5,27.53472137451172,26.85416603088379,27.09722137451172,26.518014907836914,430560
2019-11-20,GATM,27.076387405395508,28.44444465637207,26.42361068725586,28.3125,27.707317352294922,2434320
2019-11-21,GATM,28.4375,29.270832061767578,27.47222137451172,28.65972137451172,28.047117233276367,2887200
2019-11-22,GATM,28.583332061767578,29.65277671813965,28.47222137451172,29.47222137451172,28.842248916625977,694080
2019-11-25,GATM,28.92361068725586,30.0,28.895832061767578,29.29166603088379,28.66555404663086,844560
2019-11-26,GATM,29.201387405395508,29.34027671813965,27.833332061767578,28.395832061767578,27.788867950439453,1302480
2019-11-27,GATM,28.42361068725586,28.43055534362793,27.56944465637207,27.84722137451172,27.251983642578125,635040
2019-11-28,GATM,27.86805534362793,28.55555534362793,27.72222137451172,28.28472137451172,27.680131912231445,1352880
2019-11-29,GATM,28.47222137451172,28.97916603088379,28.263887405395508,28.61111068725586,27.999544143676758,2597040
2019-12-02,GATM,28.80555534362793,30.04166603088379,28.576387405395508,30.04166603088379,29.399520874023438,4785120
2019-12-03,GATM,30.520832061767578,31.42361068725586,29.9375,30.201387405395508,29.555830001831055,4224960
2019-12-04,GATM,30.41666603088379,30.79861068725586,29.86111068725586,30.59027671813965,29.936405181884766,1370880
2019-12-05,GATM,30.833332061767578,31.59722137451172,30.41666603088379,30.98611068725586,30.32377815246582,1971360
2019-12-06,GATM,31.25,31.84027671813965,30.65972137451172,30.79166603088379,30.13348960876465,674640
2019-12-09,GATM,31.24305534362793,31.25,30.55555534362793,30.59722137451172,29.94320297241211,669600
2019-12-10,GATM,30.138887405395508,31.25,30.138887405395508,31.1875,30.520862579345703,812160
2019-12-11,GATM,31.24305534362793,31.66666603088379,30.73611068725586,31.53472137451172,30.86066246032715,1494000
2019-12-12,GATM,31.31944465637207,33.09027862548828,31.31944465637207,32.63888931274414,31.94122886657715,3204720
2019-12-13,GATM,32.63888931274414,33.6805534362793,32.39583206176758,33.52777862548828,32.811119079589844,2697840
2019-12-16,GATM,33.77777862548828,34.65277862548828,33.6805534362793,33.95833206176758,33.23246765136719,2566080
2019-12-17,GATM,34.36111068725586,34.36111068725586,32.26388931274414,33.02083206176758,32.315006256103516,3232080
2019-12-18,GATM,32.15277862548828,32.9930534362793,31.375,31.763887405395508,31.084930419921875,803520
2019-12-19,GATM,32.22222137451172,32.291664123535156,30.18055534362793,30.46527671813965,29.814077377319336,1273680
2019-12-20,GATM,31.04166603088379,31.04166603088379,29.520832061767578,29.951387405395508,29.311172485351562,342000
2019-12-23,GATM,29.72916603088379,30.19444465637207,28.826387405395508,29.15972137451172,28.536428451538086,301680
2019-12-24,GATM,29.18055534362793,30.41666603088379,28.15972137451172,30.11805534362793,29.47427749633789,893520
2019-12-25,GATM,30.11805534362793,30.11805534362793,30.11805534362793,30.11805534362793,29.47427749633789,0
2019-12-26,GATM,30.19444465637207,31.61805534362793,30.19444465637207,31.42361068725586,30.75192642211914,844560
2019-12-27,GATM,30.79861068725586,31.41666603088379,29.99305534362793,30.388887405395508,29.739320755004883,408960
2019-12-30,GATM,30.763887405395508,30.763887405395508,30.145832061767578,30.25,29.603403091430664,275760
2019-12-31,GATM,30.895832061767578,30.895832061767578,29.79166603088379,29.9375,29.297582626342773,480240
2020-01-01,GATM,30.375,31.25,30.083332061767578,31.145832061767578,30.480085372924805,691920
2020-01-02,GATM,31.875,32.70138931274414,31.11111068725586,31.86805534362793,31.186872482299805,2468160
2020-01-03,GATM,31.94444465637207,31.94444465637207,31.11111068725586,31.36111068725586,30.690763473510742,367920
2020-01-06,GATM,30.03472137451172,30.833332061767578,29.79861068725586,30.17361068725586,29.52864646911621,962640
2020-01-07,GATM,30.17361068725586,30.41666603088379,29.86805534362793,30.23611068725586,29.58980941772461,303120
2020-01-08,GATM,29.86111068725586,30.55555534362793,28.888887405395508,29.72222137451172,29.086904525756836,1482480
2020-01-09,GATM,30.55555534362793,31.208332061767578,30.208332061767578,31.18055534362793,30.514066696166992,1000080
2020-01-10,GATM,31.59722137451172,32.291664123535156,31.04861068725586,31.958332061767578,31.275218963623047,938880
2020-01-13,GATM,31.80555534362793,31.951387405395508,31.24305534362793,31.73611068725586,31.05774688720703,689040
2020-01-14,GATM,31.94444465637207,32.291664123535156,31.80555534362793,32.19444274902344,31.506282806396484,1382400
2020-01-15,GATM,32.5,32.5,31.42361068725586,31.65972137451172,30.982990264892578,183600
2020-01-16,GATM,31.9375,32.21527862548828,31.4375,31.9375,31.254831314086914,201600
2020-01-17,GATM,31.94444465637207,31.94444465637207,30.98611068725586,31.15972137451172,30.49367904663086,398880
2020-01-20,GATM,31.23611068725586,31.42361068725586,30.833332061767578,31.208332061767578,30.541250228881836,244080
2020-01-21,GATM,31.59722137451172,31.66666603088379,31.083332061767578,31.43055534362793,30.758724212646484,223200
2020-01-22,GATM,31.25,31.38194465637207,30.208332061767578,30.94444465637207,30.283002853393555,398880
2020-01-23,GATM,31.208332061767578,31.5625,30.770832061767578,30.99305534362793,30.330575942993164,270000
2020-01-24,GATM,30.763887405395508,32.08333206176758,30.763887405395508,31.88194465637207,31.200464248657227,992160
2020-01-27,GATM,32.31944274902344,32.31944274902344,31.458332061767578,31.81944465637207,31.139299392700195,720720
2020-01-28,GATM,31.59027671813965,31.59722137451172,31.17361068725586,31.38194465637207,30.711151123046875,249120
2020-01-29,GATM,31.66666603088379,31.94444465637207,31.04166603088379,31.11805534362793,30.452903747558594,208080
2020-01-30,GATM,30.90277671813965,31.458332061767578,30.69444465637207,31.3125,30.643192291259766,105120
2020-01-31,GATM,31.458332061767578,31.770832061767578,30.90277671813965,30.951387405395508,30.289798736572266,428400
2020-02-03,GATM,30.55555534362793,30.90277671813965,29.44444465637207,30.0625,29.419910430908203,455040
2020-02-04,GATM,30.55555534362793,30.72916603088379,30.138887405395508,30.41666603088379,29.76650619506836,145440
2020-02-05,GATM,30.41666603088379,30.41666603088379,30.41666603088379,30.41666603088379,29.76650619506836,0
2020-02-06,GATM,30.895832061767578,31.21527671813965,30.3125,30.34722137451172,29.698545455932617,152640
2020-02-07,GATM,30.138887405395508,30.34027671813965,29.513887405395508,29.90277671813965,29.263601303100586,82800
2020-02-10,GATM,29.513887405395508,29.513887405395508,28.61111068725586,28.73611068725586,28.121871948242188,479520
2020-02-11,GATM,29.16666603088379,29.34027671813965,28.47222137451172,29.09722137451172,28.475265502929688,362160
2020-02-12,GATM,29.34027671813965,29.513887405395508,28.75,29.38194465637207,28.753902435302734,1424880
2020-02-13,GATM,29.15972137451172,29.85416603088379,29.09722137451172,29.15277671813965,28.529632568359375,355680
2020-02-14,GATM,28.888887405395508,29.16666603088379,28.54166603088379,28.708332061767578,28.094688415527344,128880
2020-02-17,GATM,28.47222137451172,28.68055534362793,28.263887405395508,28.43055534362793,27.82284927368164,264240
2020-02-18,GATM,28.47916603088379,30.27777671813965,28.47916603088379,29.47916603088379,28.849044799804688,914400
2020-02-19,GATM,29.47916603088379,31.23611068725586,29.17361068725586,30.34722137451172,29.698545455932617,721440
2020-02-20,GATM,30.38194465637207,31.25,30.09027671813965,30.61111068725586,29.95679473876953,1581120
2020-02-21,GATM,30.55555534362793,30.79861068725586,30.34722137451172,30.42361068725586,29.77330207824707,276480
2020-02-24,GATM,30.06944465637207,30.06944465637207,29.270832061767578,29.375,28.747106552124023,192240
2020-02-25,GATM,29.86111068725586,30.201387405395508,29.17361068725586,29.56944465637207,28.937395095825195,520560
2020-02-26,GATM,29.86111068725586,30.17361068725586,29.270832061767578,29.50694465637207,28.876230239868164,1267920
2020-02-27,GATM,29.72222137451172,29.86111068725586,27.77777671813965,29.5,28.869434356689453,847440
2020-02-28,GATM,29.78472137451172,30.208332061767578,28.513887405395508,29.8125,29.175254821777344,406800
2020-03-02,GATM,30.54166603088379,31.388887405395508,29.72916603088379,30.98611068725586,30.32377815246582,1569600
2020-03-03,GATM,30.90277671813965,31.763887405395508,30.208332061767578,31.04861068725586,30.38494300842285,570960
2020-03-04,GATM,30.27777671813965,31.375,30.208332061767578,30.6875,30.031551361083984,972000
2020-03-05,GATM,30.90277671813965,31.583332061767578,30.076387405395508,30.22222137451172,29.576217651367188,1024560
2020-03-06,GATM,30.03472137451172,31.17361068725586,29.24305534362793,29.84027671813965,29.202436447143555,2044080
2020-03-09,GATM,28.79861068725586,29.6875,27.77777671813965,29.513887405395508,28.883024215698242,896400
2020-03-10,GATM,30.19444465637207,30.27777671813965,29.513887405395508,29.708332061767578,29.073312759399414,480960
2020-03-11,GATM,30.17361068725586,30.65972137451172,29.5625,29.66666603088379,29.03253746032715,1278720
2020-03-12,GATM,29.16666603088379,29.23611068725586,27.59027671813965,27.8125,27.21800422668457,468720
2020-03-13,GATM,26.458332061767578,28.125,26.21527671813965,27.888887405395508,27.29275894165039,1105200
2020-03-16,GATM,27.22222137451172,27.43055534362793,25.79861068725586,25.79861068725586,25.247161865234375,776880
2020-03-17,GATM,25.69444465637207,25.69444465637207,23.86805534362793,23.86805534362793,23.357872009277344,1023120
2020-03-18,GATM,22.083332061767578,22.22222137451172,22.083332061767578,22.083332061767578,21.611297607421875,124560
2020-03-19,GATM,20.43055534362793,20.43055534362793,20.43055534362793,20.43055534362793,19.993850708007812,164880
2020-03-20,GATM,19.31944465637207,21.86805534362793,18.90277671813965,18.90277671813965,18.498727798461914,2236320
2020-03-23,GATM,18.90277671813965,18.90277671813965,18.90277671813965,18.90277671813965,18.498727798461914,0
2020-03-24,GATM,17.48611068725586,17.48611068725586,17.48611068725586,17.48611068725586,17.112342834472656,53280
2020-03-25,GATM,16.66666603088379,16.67361068725586,16.18055534362793,16.18055534362793,15.834693908691406,380160
2020-03-26,GATM,14.972222328186035,16.59722137451172,14.972222328186035,15.006943702697754,14.686168670654297,627120
2020-03-27,GATM,15.17361068725586,15.888888359069824,14.826388359069824,15.631943702697754,15.297808647155762,578160
2020-03-30,GATM,15.277776718139648,15.347222328186035,14.597222328186035,14.895833015441895,14.577432632446289,1116000
2020-03-31,GATM,14.895833015441895,16.00694465637207,14.791666030883789,16.00694465637207,15.664793968200684,983520
2020-04-01,GATM,16.31944465637207,17.201387405395508,15.902776718139648,17.201387405395508,16.83370590209961,1754640
2020-04-02,GATM,17.083332061767578,18.48611068725586,16.94444465637207,18.48611068725586,18.090967178344727,1325520
2020-04-03,GATM,19.65277671813965,19.86805534362793,19.23611068725586,19.43055534362793,19.01522445678711,1169280
2020-04-06,GATM,19.13194465637207,19.36805534362793,17.97916603088379,18.00694465637207,17.62204360961914,589680
2020-04-07,GATM,18.395832061767578,18.61111068725586,17.36111068725586,18.42361068725586,18.029804229736328,738720
2020-04-08,GATM,18.42361068725586,19.09722137451172,18.125,18.25,17.85990333557129,782640
2020-04-09,GATM,18.40277671813965,19.34027671813965,18.25694465637207,18.30555534362793,17.91427230834961,2283120
2020-04-10,GATM,18.076387405395508,18.263887405395508,17.701387405395508,18.10416603088379,17.717187881469727,1243440
2020-04-13,GATM,18.05555534362793,18.05555534362793,17.22222137451172,17.375,17.00360679626465,1523520
2020-04-14,GATM,17.708332061767578,18.67361068725586,16.80555534362793,18.5,18.10456085205078,8006400
2020-04-15,GATM,18.61111068725586,19.270832061767578,18.333332061767578,18.47916603088379,18.084171295166016,4836960
2020-04-16,GATM,18.54166603088379,18.54166603088379,17.71527671813965,18.23611068725586,17.846311569213867,1933920
2020-04-17,GATM,19.583332061767578,19.59722137451172,19.10416603088379,19.59722137451172,19.178327560424805,2193120
2020-04-20,GATM,20.138887405395508,20.75,19.10416603088379,20.395832061767578,19.959869384765625,4317120
2020-04-21,GATM,19.875,20.138887405395508,19.02777671813965,19.263887405395508,18.85211944580078,1267920
2020-04-22,GATM,18.99305534362793,19.583332061767578,18.99305534362793,19.44444465637207,19.028818130493164,1198800
2020-04-23,GATM,19.86111068725586,19.86111068725586,18.68055534362793,18.75694465637207,18.35601234436035,1616400
2020-04-24,GATM,18.79166603088379,18.99305534362793,18.40277671813965,18.52777671813965,18.131742477416992,406080
2020-04-27,GATM,18.29166603088379,18.576387405395508,17.98611068725586,18.5,18.10456085205078,539280
2020-04-28,GATM,18.63194465637207,18.67361068725586,18.263887405395508,18.34027671813965,17.948251724243164,1046880
2020-04-29,GATM,18.47222137451172,18.92361068725586,18.05555534362793,18.708332061767578,18.308439254760742,3325680
2020-04-30,GATM,18.60416603088379,19.395832061767578,18.47916603088379,19.34722137451172,18.933671951293945,4173840
2020-05-01,GATM,19.34722137451172,19.34722137451172,19.34722137451172,19.34722137451172,18.933671951293945,0
2020-05-04,GATM,19.16666603088379,20.451387405395508,18.81944465637207,19.895832061767578,19.470556259155273,4514400
2020-05-05,GATM,19.93055534362793,20.23611068725586,19.826387405395508,20.013887405395508,19.586088180541992,1666080
2020-05-06,GATM,20.03472137451172,20.138887405395508,19.513887405395508,19.59722137451172,19.178327560424805,1317600
2020-05-07,GATM,19.34027671813965,19.47916603088379,18.54166603088379,18.74305534362793,18.34242057800293,1625040
2020-05-08,GATM,18.763887405395508,19.020832061767578,18.576387405395508,18.85416603088379,18.451156616210938,525600
2020-05-11,GATM,18.85416603088379,19.375,18.75,19.25,18.838529586791992,807120
2020-05-12,GATM,19.4375,19.54861068725586,19.10416603088379,19.22222137451172,18.811344146728516,872640
2020-05-13,GATM,19.201387405395508,19.21527671813965,18.78472137451172,18.90972137451172,18.505523681640625,440640
2020-05-14,GATM,18.91666603088379,19.09722137451172,18.81944465637207,19.02777671813965,18.621055603027344,375120
2020-05-15,GATM,18.96527671813965,19.09722137451172,18.75,18.91666603088379,18.512319564819336,438480
2020-05-18,GATM,19.44444465637207,19.44444465637207,18.78472137451172,18.86805534362793,18.46474838256836,519120
2020-05-19,GATM,19.09027671813965,19.34027671813965,18.86805534362793,18.91666603088379,18.512319564819336,573840
2020-05-20,GATM,18.91666603088379,19.02777671813965,18.68055534362793,18.74305534362793,18.34242057800293,225360
2020-05-21,GATM,18.90972137451172,18.90972137451172,18.48611068725586,18.56944465637207,18.17251968383789,413280
2020-05-22,GATM,18.56944465637207,18.56944465637207,18.56944465637207,18.56944465637207,18.17251968383789,0
2020-05-25,GATM,18.56944465637207,18.56944465637207,18.56944465637207,18.56944465637207,18.17251968383789,0
2020-05-26,GATM,18.56944465637207,18.56944465637207,18.56944465637207,18.56944465637207,18.17251968383789,0
2020-05-27,GATM,18.56944465637207,18.56944465637207,18.56944465637207,18.56944465637207,18.17251968383789,0
2020-05-28,GATM,18.333332061767578,18.75,18.28472137451172,18.40277671813965,18.009414672851562,778320
2020-05-29,GATM,18.576387405395508,19.201387405395508,18.47222137451172,19.09722137451172,18.689016342163086,1471680
2020-06-01,GATM,18.9375,19.201387405395508,18.75,18.77777671813965,18.376399993896484,529920
2020-06-02,GATM,18.888887405395508,19.54861068725586,18.88194465637207,19.1875,18.77736473083496,1746000
2020-06-03,GATM,19.36805534362793,19.90972137451172,19.201387405395508,19.36111068725586,18.947263717651367,2005200
2020-06-04,GATM,19.43055534362793,19.78472137451172,18.61111068725586,18.74305534362793,18.34242057800293,1805760
2020-06-05,GATM,18.71527671813965,19.09722137451172,18.708332061767578,19.00694465637207,18.600669860839844,612720
2020-06-08,GATM,19.16666603088379,20.03472137451172,19.16666603088379,19.833332061767578,19.409391403198242,2478960
2020-06-09,GATM,19.96527671813965,21.138887405395508,19.826387405395508,20.90972137451172,20.4627742767334,5256720
2020-06-10,GATM,21.16666603088379,22.15277671813965,21.16666603088379,21.63194465637207,21.169559478759766,6282000
2020-06-11,GATM,21.90972137451172,22.46527671813965,21.86805534362793,22.16666603088379,21.69285011291504,6409440
2020-06-12,GATM,21.84722137451172,21.97916603088379,21.52777671813965,21.79861068725586,21.33266258239746,2933280
2020-06-15,GATM,20.895832061767578,21.11111068725586,20.201387405395508,20.645832061767578,20.204524993896484,3557520
2020-06-16,GATM,20.43055534362793,21.03472137451172,20.34722137451172,20.42361068725586,19.98705291748047,1537920
2020-06-17,GATM,20.48611068725586,20.72916603088379,19.79166603088379,19.9375,19.511333465576172,968400
2020-06-18,GATM,20.10416603088379,20.38194465637207,18.75,18.91666603088379,18.512319564819336,2512080
2020-06-19,GATM,18.888887405395508,19.23611068725586,18.75,18.90277671813965,18.498727798461914,560880
2020-06-22,GATM,18.75694465637207,18.90277671813965,18.27777671813965,18.74305534362793,18.34242057800293,1106640
2020-06-23,GATM,18.75,19.583332061767578,18.75,19.4375,19.02202033996582,1200240
2020-06-24,GATM,19.583332061767578,19.72222137451172,19.23611068725586,19.29861068725586,18.88610076904297,1033200
2020-06-25,GATM,19.34027671813965,19.375,19.09722137451172,19.17361068725586,18.76377296447754,799920
2020-06-26,GATM,19.78472137451172,19.895832061767578,19.47916603088379,19.75694465637207,19.334636688232422,1622160
2020-06-29,GATM,20.05555534362793,20.05555534362793,19.44444465637207,19.67361068725586,19.253084182739258,290880
2020-06-30,GATM,19.72222137451172,20.0,19.44444465637207,19.88194465637207,19.456966400146484,1071360
2020-07-01,GATM,19.88194465637207,20.24305534362793,19.79166603088379,20.09027671813965,19.660844802856445,759600
2020-07-02,GATM,20.09722137451172,20.36805534362793,20.09722137451172,20.15277671813965,19.722007751464844,1063440
2020-07-03,GATM,20.21527671813965,20.72916603088379,20.208332061767578,20.40972137451172,19.973461151123047,1866960
2020-07-06,GATM,20.520832061767578,21.02777671813965,20.451387405395508,20.833332061767578,20.388017654418945,1532160
2020-07-07,GATM,20.90972137451172,21.208332061767578,20.576387405395508,20.625,20.18413734436035,1068480
2020-07-08,GATM,20.52777671813965,20.97222137451172,20.52777671813965,20.73611068725586,20.29287338256836,762480
2020-07-09,GATM,21.076387405395508,21.65277671813965,20.833332061767578,21.125,20.673450469970703,3539520
2020-07-10,GATM,21.145832061767578,21.388887405395508,21.00694465637207,21.04861068725586,20.59869384765625,688320
2020-07-13,GATM,21.04861068725586,21.97916603088379,21.04861068725586,21.74305534362793,21.278295516967773,3749040
2020-07-14,GATM,21.84027671813965,21.875,21.35416603088379,21.41666603088379,20.958881378173828,1351440
2020-07-15,GATM,21.52777671813965,22.083332061767578,21.38194465637207,21.65972137451172,21.19674301147461,3211920
2020-07-16,GATM,21.80555534362793,21.86805534362793,21.52777671813965,21.59027671813965,21.128782272338867,806400
2020-07-17,GATM,21.576387405395508,22.88194465637207,21.576387405395508,22.638887405395508,22.154977798461914,7099200
2020-07-20,GATM,22.91666603088379,23.53472137451172,22.84722137451172,23.1875,22.691864013671875,3115440
2020-07-21,GATM,23.43055534362793,23.46527671813965,22.61805534362793,22.763887405395508,22.277307510375977,1982160
2020-07-22,GATM,22.763887405395508,23.43055534362793,22.638887405395508,23.04861068725586,22.555944442749023,3223440
2020-07-23,GATM,23.395832061767578,23.958332061767578,23.29861068725586,23.875,23.364669799804688,7125120
2020-07-24,GATM,23.34027671813965,24.02777671813965,23.34027671813965,23.42361068725586,22.922927856445312,2007360
2020-07-27,GATM,23.375,23.54166603088379,23.0,23.29166603088379,22.793804168701172,633600
2020-07-28,GATM,23.36805534362793,23.99305534362793,23.34722137451172,23.8125,23.303504943847656,2631600
2020-07-29,GATM,23.79166603088379,24.23611068725586,23.75,23.90277671813965,23.3918514251709,1696320
2020-07-30,GATM,23.888887405395508,24.16666603088379,23.4375,23.958332061767578,23.44622039794922,1207440
2020-07-31,GATM,23.958332061767578,23.958332061767578,23.958332061767578,23.958332061767578,23.44622039794922,0
2020-08-03,GATM,24.13194465637207,24.44444465637207,24.09722137451172,24.23611068725586,23.718061447143555,843840
2020-08-04,GATM,24.22916603088379,24.24305534362793,23.61111068725586,23.645832061767578,23.140399932861328,1126800
2020-08-05,GATM,23.54166603088379,23.75,23.09027671813965,23.60416603088379,23.099624633789062,1068480
2020-08-06,GATM,23.75,24.16666603088379,23.4375,23.5,22.997684478759766,636480
2020-08-07,GATM,23.270832061767578,25.19444465637207,23.270832061767578,24.888887405395508,24.356884002685547,3850560
2020-08-10,GATM,24.93055534362793,25.270832061767578,24.583332061767578,24.75,24.220966339111328,1958400
2020-08-11,GATM,25.17361068725586,25.763887405395508,25.0,25.3125,24.771442413330078,2486160
2020-08-12,GATM,25.41666603088379,26.145832061767578,25.3125,25.44444465637207,24.90056610107422,2874240
2020-08-13,GATM,25.35416603088379,25.43055534362793,24.10416603088379,24.59722137451172,24.071453094482422,1972080
2020-08-14,GATM,24.59722137451172,24.59722137451172,24.59722137451172,24.59722137451172,24.071453094482422,0
2020-08-17,GATM,24.79166603088379,25.65972137451172,24.31944465637207,25.05555534362793,24.519989013671875,1022400
2020-08-18,GATM,25.34722137451172,25.520832061767578,25.03472137451172,25.17361068725586,24.635520935058594,830160
2020-08-19,GATM,25.17361068725586,25.96527671813965,25.00694465637207,25.54166603088379,24.995710372924805,1654560
2020-08-20,GATM,25.68055534362793,26.04166603088379,25.10416603088379,25.27777671813965,24.73746109008789,1117440
2020-08-21,GATM,25.09722137451172,25.34722137451172,23.958332061767578,25.0,24.465621948242188,443520
2020-08-24,GATM,25.34027671813965,25.54861068725586,24.79861068725586,24.93055534362793,24.397661209106445,255600
2020-08-25,GATM,25.04166603088379,25.27777671813965,24.9375,25.020832061767578,24.48600959777832,933840
2020-08-26,GATM,25.13194465637207,26.895832061767578,25.13194465637207,26.895832061767578,26.32093048095703,8890560
2020-08-27,GATM,27.763887405395508,28.67361068725586,27.60416603088379,28.18055534362793,27.57819175720215,7835040
2020-08-28,GATM,27.91666603088379,28.47222137451172,27.708332061767578,28.23611068725586,27.63256072998047,534240
2020-08-31,GATM,28.40277671813965,28.54166603088379,28.05555534362793,28.145832061767578,27.544212341308594,833760
2020-09-01,GATM,28.47222137451172,29.16666603088379,28.15972137451172,28.78472137451172,28.169445037841797,2167200
2020-09-02,GATM,28.81944465637207,29.513887405395508,28.81944465637207,28.86805534362793,28.25099754333496,1998720
2020-09-03,GATM,28.86805534362793,29.30555534362793,28.71527671813965,28.81944465637207,28.203426361083984,1529280
2020-09-04,GATM,28.61111068725586,28.81944465637207,28.05555534362793,28.16666603088379,27.564599990844727,1473120
2020-09-07,GATM,28.458332061767578,28.458332061767578,27.77777671813965,28.270832061767578,27.666540145874023,843840
2020-09-08,GATM,28.46527671813965,28.645832061767578,27.43055534362793,27.90277671813965,27.306350708007812,1378080
2020-09-09,GATM,27.19444465637207,27.77777671813965,27.083332061767578,27.513887405395508,26.9257755279541,1294560
2020-09-10,GATM,28.11805534362793,28.11805534362793,27.36111068725586,27.388887405395508,26.80344581604004,1178640
2020-09-11,GATM,27.4375,28.125,27.36111068725586,27.41666603088379,26.830631256103516,379440
2020-09-14,GATM,27.77777671813965,27.77777671813965,26.91666603088379,27.11111068725586,26.531606674194336,419040
2020-09-15,GATM,27.29166603088379,27.5,26.84722137451172,26.97222137451172,26.395687103271484,475920
2020-09-16,GATM,26.94444465637207,27.083332061767578,26.076387405395508,26.5625,25.99472427368164,702000
2020-09-17,GATM,26.875,27.1875,26.5625,27.05555534362793,26.47723960876465,453600
2020-09-18,GATM,27.04861068725586,27.42361068725586,26.94444465637207,27.09027671813965,26.511219024658203,320400
2020-09-21,GATM,27.43055534362793,27.5,26.94444465637207,27.0,26.42287254333496,731520
2020-09-22,GATM,26.80555534362793,27.36111068725586,26.66666603088379,27.29166603088379,26.708303451538086,504000
2020-09-23,GATM,27.42361068725586,27.8125,27.083332061767578,27.451387405395508,26.86461067199707,2583360
2020-09-24,GATM,27.60416603088379,27.60416603088379,26.97916603088379,27.06944465637207,26.49083137512207,511920
2020-09-25,GATM,27.083332061767578,27.395832061767578,26.81944465637207,27.19444465637207,26.613161087036133,555120
2020-09-28,GATM,26.59722137451172,26.65277671813965,25.625,26.0,25.444246292114258,4731120
2020-09-29,GATM,25.97222137451172,26.388887405395508,25.833332061767578,26.0625,25.50541114807129,1027440
2020-09-30,GATM,26.076387405395508,26.94444465637207,25.69444465637207,25.91666603088379,25.362693786621094,1394640
2020-10-01,GATM,25.59027671813965,25.97222137451172,25.34722137451172,25.66666603088379,25.118038177490234,451440
2020-10-02,GATM,25.55555534362793,26.21527671813965,24.86111068725586,25.11805534362793,24.581153869628906,347040
2020-10-05,GATM,25.03472137451172,25.24305534362793,24.30555534362793,24.80555534362793,24.275333404541016,720720
2020-10-06,GATM,25.0,25.17361068725586,24.30555534362793,24.80555534362793,24.275333404541016,2311200
2020-10-07,GATM,25.03472137451172,26.40277671813965,24.9375,25.86111068725586,25.308326721191406,2838240
2020-10-08,GATM,26.31944465637207,26.31944465637207,25.625,25.85416603088379,25.301530838012695,402480
2020-10-09,GATM,25.833332061767578,26.875,25.833332061767578,26.78472137451172,26.212194442749023,822240
2020-10-12,GATM,27.05555534362793,27.076387405395508,25.701387405395508,26.020832061767578,25.46463394165039,385920
2020-10-13,GATM,25.86805534362793,26.3125,25.34722137451172,26.03472137451172,25.478225708007812,161280
2020-10-14,GATM,27.013887405395508,27.013887405395508,26.15972137451172,26.56944465637207,26.00152015686035,336240
2020-10-15,GATM,26.73611068725586,27.083332061767578,26.388887405395508,26.47222137451172,25.906373977661133,696240
2020-10-16,GATM,26.5625,26.90972137451172,26.00694465637207,26.06944465637207,25.51220703125,817920
2020-10-19,GATM,26.24305534362793,26.388887405395508,26.06944465637207,26.125,25.566574096679688,166320
2020-10-20,GATM,26.31944465637207,26.875,26.31944465637207,26.74305534362793,26.171419143676758,1165680
2020-10-21,GATM,27.076387405395508,27.43055534362793,26.875,27.09722137451172,26.518014907836914,3366720
2020-10-22,GATM,26.875,27.35416603088379,26.73611068725586,26.9375,26.36170768737793,532080
2020-10-23,GATM,27.083332061767578,27.083332061767578,26.25,26.375,25.81123161315918,463680
2020-10-26,GATM,26.388887405395508,27.083332061767578,26.18055534362793,26.513887405395508,25.9471492767334,1223280
2020-10-27,GATM,26.94444465637207,27.076387405395508,25.708332061767578,25.875,25.321918487548828,2075040
2020-10-28,GATM,26.208332061767578,26.208332061767578,25.10416603088379,25.28472137451172,24.7442569732666,810720
2020-10-29,GATM,25.076387405395508,25.076387405395508,23.388887405395508,23.68055534362793,23.174381256103516,1884960
2020-10-30,GATM,23.68055534362793,23.68055534362793,23.68055534362793,23.68055534362793,23.174381256103516,0
2020-11-02,GATM,22.68055534362793,22.91666603088379,21.951387405395508,22.53472137451172,22.05303955078125,954720
2020-11-03,GATM,22.88194465637207,24.16666603088379,22.88194465637207,23.97916603088379,23.46660804748535,1443600
2020-11-04,GATM,24.96527671813965,25.138887405395508,23.4375,23.708332061767578,23.201562881469727,1124640
2020-11-05,GATM,24.21527671813965,24.30555534362793,23.61805534362793,24.17361068725586,23.656896591186523,632160
2020-11-06,GATM,24.31944465637207,24.31944465637207,23.56944465637207,23.625,23.120012283325195,955440
2020-11-09,GATM,23.8125,23.85416603088379,23.263887405395508,23.31944465637207,22.82098960876465,558720
2020-11-10,GATM,23.88194465637207,24.86111068725586,23.88194465637207,24.04166603088379,23.527772903442383,2212560
2020-11-11,GATM,24.15972137451172,24.201387405395508,23.61111068725586,23.67361068725586,23.167585372924805,1426320
2020-11-12,GATM,23.951387405395508,23.99305534362793,23.52777671813965,23.61111068725586,23.106420516967773,617040
2020-11-13,GATM,23.75,23.958332061767578,23.47222137451172,23.708332061767578,23.201562881469727,668880
2020-11-16,GATM,23.8125,23.958332061767578,23.625,23.65972137451172,23.15399169921875,120240
2020-11-17,GATM,23.875,23.888887405395508,23.333332061767578,23.54166603088379,23.03845977783203,169200
2020-11-18,GATM,23.34027671813965,23.50694465637207,23.09027671813965,23.42361068725586,22.922927856445312,755280
2020-11-19,GATM,23.54166603088379,23.708332061767578,23.09027671813965,23.25694465637207,22.759824752807617,1059120
2020-11-20,GATM,23.395832061767578,24.02777671813965,23.263887405395508,23.52777671813965,23.02486801147461,3016800
2020-11-23,GATM,22.91666603088379,23.36805534362793,22.56944465637207,22.770832061767578,22.284103393554688,767520
2020-11-24,GATM,23.15972137451172,23.19444465637207,22.40277671813965,22.645832061767578,22.161775588989258,715680
2020-11-25,GATM,22.91666603088379,23.020832061767578,22.395832061767578,22.52777671813965,22.04624366760254,1231200
2020-11-26,GATM,23.05555534362793,23.15277671813965,22.74305534362793,22.97916603088379,22.48798370361328,1532160
2020-11-27,GATM,23.18055534362793,23.18055534362793,21.84027671813965,22.0625,21.590911865234375,4064400
2020-11-30,GATM,22.15277671813965,22.73611068725586,22.083332061767578,22.55555534362793,22.073427200317383,1959840
2020-12-01,GATM,22.65277671813965,23.875,22.638887405395508,23.638887405395508,23.133604049682617,3685680
2020-12-02,GATM,23.78472137451172,24.44444465637207,23.763887405395508,24.02777671813965,23.514179229736328,3004560
2020-12-03,GATM,24.29166603088379,24.826387405395508,23.79166603088379,23.99305534362793,23.480201721191406,1906560
2020-12-04,GATM,24.09722137451172,24.22916603088379,23.84722137451172,23.888887405395508,23.378259658813477,815760
2020-12-07,GATM,24.16666603088379,24.270832061767578,23.75,23.81944465637207,23.310300827026367,900000
2020-12-08,GATM,23.875,24.013887405395508,23.34722137451172,23.4375,22.936521530151367,758160
2020-12-09,GATM,23.44444465637207,23.61111068725586,23.125,23.25694465637207,22.759824752807617,660240
2020-12-10,GATM,23.263887405395508,23.67361068725586,23.125,23.23611068725586,22.73943519592285,1139040
2020-12-11,GATM,23.263887405395508,23.81944465637207,23.263887405395508,23.61111068725586,23.106420516967773,887760
2020-12-14,GATM,23.645832061767578,24.40972137451172,23.645832061767578,24.15972137451172,23.6433048248291,2843280
2020-12-15,GATM,24.30555534362793,25.69444465637207,24.23611068725586,24.77777671813965,24.24814796447754,5865840
2020-12-16,GATM,25.0,25.6875,24.47916603088379,25.19444465637207,24.65591049194336,3107520
2020-12-17,GATM,25.34722137451172,25.951387405395508,25.15972137451172,25.42361068725586,24.880178451538086,2513520
2020-12-18,GATM,25.763887405395508,26.04166603088379,25.27777671813965,25.375,24.83260726928711,1597680
2020-12-21,GATM,25.375,26.04166603088379,25.27777671813965,25.451387405395508,24.907360076904297,2543760
2020-12-22,GATM,25.42361068725586,25.69444465637207,24.6875,24.826387405395508,24.29572105407715,1463040
2020-12-23,GATM,24.72222137451172,25.00694465637207,24.3125,24.638887405395508,24.112228393554688,1259280
2020-12-24,GATM,24.826387405395508,25.520832061767578,24.826387405395508,25.11805534362793,24.581153869628906,1344960
2020-12-25,GATM,25.11805534362793,25.11805534362793,25.11805534362793,25.11805534362793,24.581153869628906,0
2020-12-28,GATM,25.30555534362793,25.61111068725586,25.076387405395508,25.270832061767578,24.73066520690918,1510560
2020-12-29,GATM,25.54166603088379,26.04166603088379,25.10416603088379,25.23611068725586,24.696685791015625,2042640
2020-12-30,GATM,25.513887405395508,25.90277671813965,25.41666603088379,25.72222137451172,25.172405242919922,1261440
2020-12-31,GATM,25.79861068725586,26.04166603088379,25.48611068725586,25.520832061767578,24.97532081604004,871920
2021-01-01,GATM,26.02777671813965,26.31944465637207,25.520832061767578,25.833332061767578,25.28114128112793,4050720
2021-01-04,GATM,26.04861068725586,27.1875,25.86805534362793,26.56944465637207,26.00152015686035,8097840
2021-01-05,GATM,26.5625,26.80555534362793,25.69444465637207,26.10416603088379,25.546186447143555,3226320
2021-01-06,GATM,26.38194465637207,26.833332061767578,25.84722137451172,26.36111068725586,25.797637939453125,3024720
2021-01-07,GATM,26.49305534362793,26.79861068725586,26.145832061767578,26.25694465637207,25.69569969177246,3075840
2021-01-08,GATM,26.388887405395508,26.94444465637207,26.25694465637207,26.513887405395508,25.9471492767334,2987280
2021-01-11,GATM,26.49305534362793,26.73611068725586,26.11111068725586,26.16666603088379,25.607351303100586,1187280
2021-01-12,GATM,26.076387405395508,26.5625,26.076387405395508,26.22916603088379,25.668514251708984,620640
2021-01-13,GATM,26.458332061767578,28.19444465637207,26.388887405395508,28.19444465637207,27.591785430908203,10684080
2021-01-14,GATM,30.30555534362793,30.30555534362793,30.30555534362793,30.30555534362793,29.65777015686035,2176560
2021-01-15,GATM,32.57638931274414,32.57638931274414,30.91666603088379,32.57638931274414,31.88006591796875,20743200
2021-01-18,GATM,31.888887405395508,33.9305534362793,31.43055534362793,32.02777862548828,31.343181610107422,13053600
2021-01-19,GATM,32.02777862548828,33.604164123535156,30.59027671813965,31.0625,30.398534774780273,7797600
2021-01-20,GATM,31.28472137451172,32.291664123535156,30.73611068725586,30.99305534362793,30.330575942993164,4570560
2021-01-21,GATM,30.86111068725586,31.770832061767578,30.833332061767578,30.94444465637207,30.283002853393555,4008240
2021-01-22,GATM,30.97916603088379,31.25,30.17361068725586,30.54861068725586,29.8956298828125,3060000
2021-01-25,GATM,30.55555534362793,30.81944465637207,30.34722137451172,30.61111068725586,29.95679473876953,1437840
2021-01-26,GATM,30.72916603088379,30.833332061767578,29.583332061767578,29.826387405395508,29.188844680786133,3520080
2021-01-27,GATM,30.270832061767578,31.25,30.24305534362793,30.99305534362793,30.330575942993164,5573520
2021-01-28,GATM,30.833332061767578,30.97222137451172,30.27777671813965,30.8125,30.153879165649414,1830240
2021-01-29,GATM,31.15972137451172,31.15972137451172,29.96527671813965,30.1875,29.542238235473633,3945600
2021-02-01,GATM,30.34722137451172,32.45138931274414,30.06944465637207,32.291664123535156,31.601425170898438,14622480
2021-02-02,GATM,32.291664123535156,33.53472137451172,31.25,33.26388931274414,32.5528678894043,12085200
2021-02-03,GATM,33.33333206176758,35.75694274902344,32.71527862548828,35.75694274902344,34.99263381958008,17732880
2021-02-04,GATM,36.79861068725586,38.4375,36.52777862548828,38.40277862548828,37.581912994384766,14206320
2021-02-05,GATM,38.40277862548828,38.40277862548828,38.40277862548828,38.40277862548828,37.581912994384766,0
2021-02-08,GATM,39.23611068725586,39.23611068725586,35.52777862548828,35.9375,35.16933059692383,10152720
2021-02-09,GATM,35.52777862548828,36.48611068725586,34.44444274902344,34.8680534362793,34.122745513916016,5639760
2021-02-10,GATM,35.13888931274414,36.354164123535156,34.58333206176758,34.8125,34.06837844848633,3812400
2021-02-11,GATM,35.13888931274414,36.45833206176758,34.20138931274414,34.70138931274414,33.95964431762695,6161040
2021-02-12,GATM,34.375,35.625,34.375,34.72222137451172,33.98003005981445,5249520
2021-02-15,GATM,34.75694274902344,36.31944274902344,34.6875,35.8055534362793,35.04020690917969,5340960
2021-02-16,GATM,36.09027862548828,37.5,35.90277862548828,36.541664123535156,35.760581970214844,5375520
2021-02-17,GATM,37.01388931274414,39.27777862548828,37.01388931274414,39.19444274902344,38.35665512084961,13832640
2021-02-18,GATM,39.57638931274414,40.15972137451172,38.19444274902344,38.33333206176758,37.513954162597656,5598720
2021-02-19,GATM,37.98611068725586,38.67361068725586,37.375,37.48611068725586,36.68484115600586,1774800
2021-02-22,GATM,37.15277862548828,40.291664123535156,37.15277862548828,40.291664123535156,39.430423736572266,5890320
2021-02-23,GATM,40.69444274902344,42.77777862548828,39.23611068725586,40.5,39.634307861328125,7196400
2021-02-24,GATM,40.96527862548828,41.875,37.70833206176758,39.40277862548828,38.56053924560547,6286320
2021-02-25,GATM,40.27777862548828,40.625,36.45138931274414,39.22222137451172,38.38384246826172,20328480
2021-02-26,GATM,38.95833206176758,40.479164123535156,37.5,37.67361068725586,36.86833190917969,4037040
2021-03-01,GATM,37.67361068725586,37.77083206176758,36.09722137451172,36.5555534362793,35.774173736572266,1530720
2021-03-02,GATM,36.79861068725586,38.19444274902344,36.1805534362793,37.5625,36.75959777832031,2808000
2021-03-03,GATM,37.5625,38.1180534362793,37.15972137451172,37.39583206176758,36.596492767333984,1234080
2021-03-04,GATM,35.416664123535156,37.08333206176758,34.89583206176758,36.59722137451172,35.8149528503418,2759040
2021-03-05,GATM,37.13194274902344,37.22222137451172,35.94444274902344,36.979164123535156,36.18872833251953,1625040
2021-03-08,GATM,37.84722137451172,37.84722137451172,35.84027862548828,36.14583206176758,35.37321090698242,1075680
2021-03-09,GATM,36.041664123535156,36.70833206176758,33.4375,33.94444274902344,33.218875885009766,4634640
2021-03-10,GATM,33.50694274902344,34.02777862548828,31.5625,31.888887405395508,31.207258224487305,2312640
2021-03-11,GATM,31.31944465637207,32.916664123535156,30.138887405395508,30.40972137451172,29.75971031188965,2065680
2021-03-12,GATM,29.65277671813965,32.6875,29.65277671813965,32.6805534362793,31.98200225830078,2768400
2021-03-15,GATM,35.125,35.125,32.6805534362793,35.08333206176758,34.33341979980469,3397680
2021-03-16,GATM,35.1805534362793,36.27777862548828,33.50694274902344,34.6875,33.946048736572266,2592000
2021-03-17,GATM,35.33333206176758,35.5555534362793,34.041664123535156,34.72222137451172,33.98003005981445,2219040
2021-03-18,GATM,35.06944274902344,35.97222137451172,33.0555534362793,33.46527862548828,32.74995422363281,3396240
2021-03-19,GATM,32.63888931274414,34.3055534362793,31.9375,32.22222137451172,31.53346824645996,3888000
2021-03-22,GATM,32.1180534362793,32.5,31.60416603088379,32.3680534362793,31.67618179321289,1496160
2021-03-23,GATM,32.3680534362793,32.3680534362793,32.3680534362793,32.3680534362793,31.67618179321289,0
2021-03-24,GATM,32.70138931274414,32.70138931274414,32.25694274902344,32.52083206176758,31.825695037841797,563760
2021-03-25,GATM,32.70833206176758,33.65972137451172,32.25694274902344,32.36111068725586,31.669387817382812,2072160
2021-03-26,GATM,32.4305534362793,32.70833206176758,31.96527671813965,32.48611068725586,31.791715621948242,2100240
2021-03-29,GATM,32.34722137451172,32.4305534362793,31.43055534362793,31.55555534362793,30.881052017211914,1368000
2021-03-30,GATM,31.25,32.22222137451172,31.25,31.93055534362793,31.248035430908203,974880
2021-03-31,GATM,32.291664123535156,33.5,32.229164123535156,32.84722137451172,32.14510726928711,6227280
2021-04-01,GATM,33.09027862548828,34.65277862548828,32.88194274902344,33.46527862548828,32.74995422363281,5114880
2021-04-02,GATM,33.50694274902344,33.81944274902344,32.98611068725586,33.15972137451172,32.450927734375,1175040
2021-04-05,GATM,32.7430534362793,33.33333206176758,32.01388931274414,32.48611068725586,31.791715621948242,1333440
2021-04-06,GATM,32.39583206176758,33.95138931274414,32.01388931274414,33.27083206176758,32.55966567993164,1321920
2021-04-07,GATM,33.92361068725586,34.21527862548828,32.98611068725586,33.09027862548828,32.38296890258789,1751040
2021-04-08,GATM,33.03472137451172,34.02777862548828,33.02083206176758,33.84722137451172,33.12373352050781,566640
2021-04-09,GATM,34.479164123535156,35.416664123535156,33.75,34.979164123535156,34.23147964477539,3007440
2021-04-12,GATM,34.86111068725586,35.229164123535156,33.854164123535156,34.53472137451172,33.796539306640625,1154880
2021-04-13,GATM,34.3680534362793,34.72222137451172,33.78472137451172,34.041664123535156,33.31401824951172,584640
2021-04-14,GATM,34.0555534362793,34.64583206176758,33.6805534362793,33.82638931274414,33.10334777832031,700560
2021-04-15,GATM,33.75694274902344,34.58333206176758,33.75694274902344,34.25694274902344,33.524696350097656,834480
2021-04-16,GATM,33.95833206176758,34.9305534362793,33.95833206176758,34.40972137451172,33.67420959472656,735840
2021-04-19,GATM,33.71527862548828,34.23611068725586,33.33333206176758,33.51388931274414,32.79752731323242,800640
2021-04-20,GATM,34.02777862548828,35.06944274902344,33.54861068725586,34.7430534362793,34.00041580200195,1498320
2021-04-21,GATM,35.34722137451172,35.416664123535156,34.38888931274414,34.604164123535156,33.86449432373047,1207440
2021-04-22,GATM,34.72222137451172,34.72222137451172,33.125,33.3680534362793,32.654808044433594,2041200
2021-04-23,GATM,33.53472137451172,33.53472137451172,32.63888931274414,33.02083206176758,32.315006256103516,282960
2021-04-26,GATM,32.77777862548828,35.0625,31.97916603088379,34.14583206176758,33.41596221923828,2202480
2021-04-27,GATM,34.0625,35.03472137451172,33.6875,34.0,33.27324676513672,950400
2021-04-28,GATM,35.76388931274414,36.11111068725586,34.1805534362793,34.36111068725586,33.62663650512695,5787360
2021-04-29,GATM,34.72222137451172,35.13888931274414,34.38888931274414,34.59722137451172,33.85770034790039,1604160
2021-04-30,GATM,34.40972137451172,35.00694274902344,33.541664123535156,33.84722137451172,33.12373352050781,1910160
2021-05-03,GATM,32.71527862548828,32.7430534362793,31.3125,31.44444465637207,30.772315979003906,3103200
2021-05-04,GATM,32.07638931274414,32.56944274902344,31.25694465637207,32.32638931274414,31.635408401489258,774000
2021-05-05,GATM,32.916664123535156,32.916664123535156,32.08333206176758,32.20138931274414,31.513080596923828,676080
2021-05-06,GATM,32.23611068725586,33.02083206176758,32.23611068725586,32.9375,32.233455657958984,1247760
2021-05-07,GATM,32.9375,32.9375,32.9375,32.9375,32.233455657958984,0
2021-05-10,GATM,32.9375,32.9375,32.9375,32.9375,32.233455657958984,0
2021-05-11,GATM,32.9375,32.9375,32.9375,32.9375,32.233455657958984,0
2021-05-12,GATM,32.9375,32.9375,32.9375,32.9375,32.233455657958984,0
2021-05-13,GATM,32.9375,32.9375,32.9375,32.9375,32.233455657958984,0
2021-05-14,GATM,32.9375,32.9375,32.9375,32.9375,32.233455657958984,0
2021-05-17,GATM,33.375,35.03472137451172,33.375,34.09027862548828,33.361595153808594,2430000
2021-05-18,GATM,34.09027862548828,34.3680534362793,33.50694274902344,33.65972137451172,32.94023895263672,1409040
2021-05-19,GATM,33.65972137451172,34.15277862548828,33.40277862548828,34.0,33.27324676513672,1037520
2021-05-20,GATM,33.82638931274414,34.34027862548828,33.6805534362793,33.82638931274414,33.10334777832031,871200
2021-05-21,GATM,33.84027862548828,34.20833206176758,33.84027862548828,33.89583206176758,33.171302795410156,911520
2021-05-24,GATM,34.03472137451172,34.70833206176758,33.75,33.92361068725586,33.198490142822266,1060560
2021-05-25,GATM,33.8055534362793,34.375,33.8055534362793,34.25,33.51790237426758,632160
2021-05-26,GATM,34.38888931274414,35.416664123535156,34.38194274902344,35.01388931274414,34.265464782714844,2995920
2021-05-27,GATM,35.13888931274414,35.5555534362793,34.8055534362793,35.06944274902344,34.319828033447266,1591200
2021-05-28,GATM,34.89583206176758,37.14583206176758,34.89583206176758,36.47222137451172,35.692623138427734,3193200
2021-05-31,GATM,36.8125,38.1875,36.666664123535156,38.02777862548828,37.21493148803711,3180960
2021-06-01,GATM,38.541664123535156,38.541664123535156,37.07638931274414,37.1875,36.39261245727539,2435760
2021-06-02,GATM,37.1805534362793,38.0,36.8055534362793,37.23611068725586,36.440185546875,2787840
2021-06-03,GATM,37.5,37.76388931274414,37.36111068725586,37.416664123535156,36.616878509521484,2381760
2021-06-04,GATM,37.69444274902344,37.8125,37.4305534362793,37.54861068725586,36.74600601196289,3700800
2021-06-07,GATM,37.84722137451172,38.88888931274414,37.84027862548828,38.56944274902344,37.745018005371094,4029120
2021-06-08,GATM,38.8125,39.20138931274414,38.27083206176758,38.98611068725586,38.15277862548828,3247200
2021-06-09,GATM,39.27083206176758,39.44444274902344,38.53472137451172,38.98611068725586,38.15277862548828,4055040
2021-06-10,GATM,39.83333206176758,39.83333206176758,38.291664123535156,39.233333587646484,39.233333587646484,4268400
2021-06-11,GATM,39.25,39.46666717529297,38.791664123535156,38.94166564941406,38.94166564941406,2422800
2021-06-14,GATM,39.55833435058594,39.55833435058594,38.33333206176758,38.40833282470703,38.40833282470703,1747800
2021-06-15,GATM,38.34166717529297,38.57500076293945,37.83333206176758,38.31666564941406,38.31666564941406,1287000
2021-06-16,GATM,38.5,38.916664123535156,38.125,38.349998474121094,38.349998474121094,1817400
2021-06-17,GATM,37.633331298828125,39.541664123535156,37.633331298828125,39.133331298828125,39.133331298828125,6222600
2021-06-18,GATM,39.375,41.400001525878906,39.34166717529297,40.358333587646484,40.358333587646484,6034800
2021-06-21,GATM,40.79999923706055,40.983333587646484,40.20833206176758,40.24166488647461,40.24166488647461,2563200
2021-06-22,GATM,40.166664123535156,43.258331298828125,40.166664123535156,43.25,43.25,9661800
2021-06-23,GATM,43.82500076293945,44.40833282470703,42.25,42.90833282470703,42.90833282470703,6680400
2021-06-24,GATM,42.875,43.58333206176758,42.20833206176758,42.71666717529297,42.71666717529297,1958400
2021-06-25,GATM,42.5,43.33333206176758,42.19166564941406,42.983333587646484,42.983333587646484,2286000
2021-06-28,GATM,42.5,42.92499923706055,42.166664123535156,42.508331298828125,42.508331298828125,1591800
2021-06-29,GATM,42.78333282470703,43.266666412353516,41.666664123535156,42.15833282470703,42.15833282470703,3108000
2021-06-30,GATM,41.916664123535156,42.90833282470703,41.916664123535156,42.275001525878906,42.275001525878906,2251200
2021-07-01,GATM,42.666664123535156,43.33333206176758,42.5,43.03333282470703,43.03333282470703,1837800
2021-07-02,GATM,43.31666564941406,43.32500076293945,42.5,42.61666488647461,42.61666488647461,913200
2021-07-05,GATM,42.34166717529297,42.57500076293945,42.08333206176758,42.516666412353516,42.516666412353516,396000
2021-07-06,GATM,42.291664123535156,42.40833282470703,41.08333206176758,41.358333587646484,41.358333587646484,2100000
2021-07-07,GATM,41.358333587646484,41.358333587646484,40.791664123535156,40.90833282470703,40.90833282470703,1510200
2021-07-08,GATM,41.33333206176758,42.08333206176758,41.33333206176758,41.67499923706055,41.67499923706055,1719600
2021-07-09,GATM,41.666664123535156,41.666664123535156,40.45833206176758,40.916664123535156,40.916664123535156,1909200
2021-07-12,GATM,41.166664123535156,41.666664123535156,40.67499923706055,40.849998474121094,40.849998474121094,2550600
2021-07-13,GATM,40.849998474121094,42.416664123535156,40.849998474121094,41.45833206176758,41.45833206176758,3243000
2021-07-14,GATM,41.650001525878906,44.375,41.17499923706055,43.391666412353516,43.391666412353516,7271400
2021-07-15,GATM,43.75,43.75,42.508331298828125,42.59166717529297,42.59166717529297,1816800
2021-07-16,GATM,42.625,44.141666412353516,42.5,43.391666412353516,43.391666412353516,3631800
2021-07-19,GATM,43.24166488647461,44.06666564941406,43.125,43.61666488647461,43.61666488647461,1542000
2021-07-20,GATM,43.61666488647461,43.61666488647461,43.61666488647461,43.61666488647461,43.61666488647461,0
2021-07-21,GATM,43.61666488647461,43.61666488647461,43.61666488647461,43.61666488647461,43.61666488647461,0
2021-07-22,GATM,43.61666488647461,43.61666488647461,43.61666488647461,43.61666488647461,43.61666488647461,0
2021-07-23,GATM,43.61666488647461,43.61666488647461,43.61666488647461,43.61666488647461,43.61666488647461,0
2021-07-26,GATM,43.541664123535156,45.74166488647461,43.541664123535156,44.24166488647461,44.24166488647461,5376000
2021-07-27,GATM,44.666664123535156,47.55833435058594,44.58333206176758,45.92499923706055,45.92499923706055,16579800
2021-07-28,GATM,46.258331298828125,46.5,45.20833206176758,45.633331298828125,45.633331298828125,2668200
2021-07-29,GATM,45.041664123535156,45.28333282470703,43.75,44.758331298828125,44.758331298828125,2554800
2021-07-30,GATM,44.875,45.166664123535156,44.166664123535156,44.358333587646484,44.358333587646484,1590000
2021-08-02,GATM,44.36666488647461,47.68333435058594,44.36666488647461,47.291664123535156,47.291664123535156,4649400
2021-08-03,GATM,47.916664123535156,49.791664123535156,47.33333206176758,49.141666412353516,49.141666412353516,4738200
2021-08-04,GATM,49.375,49.86666488647461,46.46666717529297,47.04999923706055,47.04999923706055,5169000
2021-08-05,GATM,47.07500076293945,47.75,46.33333206176758,46.56666564941406,46.56666564941406,1657200
2021-08-06,GATM,46.19166564941406,47.391666412353516,45.83333206176758,45.90833282470703,45.90833282470703,1912200
2021-08-09,GATM,46.650001525878906,46.95833206176758,45.42499923706055,45.61666488647461,45.61666488647461,1943400
2021-08-10,GATM,45.291664123535156,46.650001525878906,45.291664123535156,46.291664123535156,46.291664123535156,1183800
2021-08-11,GATM,46.33333206176758,47.166664123535156,45.83333206176758,46.20833206176758,46.20833206176758,2608800
2021-08-12,GATM,46.25,46.34166717529297,45.5,45.641666412353516,45.641666412353516,1350000
2021-08-13,GATM,45.83333206176758,45.83333206176758,45.20833206176758,45.32500076293945,45.32500076293945,906600
2021-08-16,GATM,45.416664123535156,45.80833435058594,44.58333206176758,45.099998474121094,45.099998474121094,749400
2021-08-17,GATM,45.40833282470703,46.791664123535156,45.40833282470703,46.17499923706055,46.17499923706055,1738200
2021-08-18,GATM,46.17499923706055,46.17499923706055,46.17499923706055,46.17499923706055,46.17499923706055,0
2021-08-19,GATM,46.17499923706055,46.17499923706055,46.17499923706055,46.17499923706055,46.17499923706055,0
2021-08-20,GATM,46.483333587646484,46.916664123535156,46.25,46.766666412353516,46.766666412353516,1197000
2021-08-23,GATM,47.041664123535156,47.625,46.70833206176758,47.18333435058594,47.18333435058594,3003600
2021-08-24,GATM,46.766666412353516,47.5,46.766666412353516,47.041664123535156,47.041664123535156,1942200
2021-08-25,GATM,47.0,47.05833435058594,46.541664123535156,46.883331298828125,46.883331298828125,724800
2021-08-26,GATM,47.233333587646484,47.25,46.625,46.766666412353516,46.766666412353516,756600
2021-08-27,GATM,46.70833206176758,47.5,45.916664123535156,46.633331298828125,46.633331298828125,3725400
2021-08-30,GATM,46.633331298828125,47.041664123535156,45.5,45.891666412353516,45.891666412353516,1389600
2021-08-31,GATM,45.849998474121094,46.20833206176758,45.17499923706055,46.008331298828125,46.008331298828125,989400
2021-09-01,GATM,45.95833206176758,46.541664123535156,45.83333206176758,45.95000076293945,45.95000076293945,848400
2021-09-02,GATM,45.916664123535156,45.95833206176758,45.5,45.81666564941406,45.81666564941406,774000
2021-09-03,GATM,45.608333587646484,46.07500076293945,45.599998474121094,45.775001525878906,45.775001525878906,741000
2021-09-06,GATM,46.20000076293945,46.20000076293945,45.75,45.83333206176758,45.83333206176758,782400
2021-09-07,GATM,46.03333282470703,46.03333282470703,45.375,45.42499923706055,45.42499923706055,679800
2021-09-08,GATM,45.416664123535156,45.599998474121094,45.0,45.266666412353516,45.266666412353516,926400
2021-09-09,GATM,45.291664123535156,46.20833206176758,44.58333206176758,45.84166717529297,45.84166717529297,2386200
2021-09-10,GATM,46.24166488647461,46.90833282470703,45.83333206176758,46.67499923706055,46.67499923706055,2087400
2021-09-13,GATM,46.68333435058594,48.11666488647461,46.68333435058594,47.55833435058594,47.55833435058594,1398600
2021-09-14,GATM,47.900001525878906,47.916664123535156,46.25,46.74166488647461,46.74166488647461,1094400
2021-09-15,GATM,47.08333206176758,47.375,46.041664123535156,46.34166717529297,46.34166717529297,723000
2021-09-16,GATM,46.416664123535156,49.81666564941406,46.416664123535156,49.69166564941406,49.69166564941406,7067400
2021-09-17,GATM,50.666664123535156,50.666664123535156,47.916664123535156,48.166664123535156,48.166664123535156,3152400
2021-09-20,GATM,49.08333206176758,49.08333206176758,46.666664123535156,47.041664123535156,47.041664123535156,1526400
2021-09-21,GATM,47.041664123535156,47.041664123535156,47.041664123535156,47.041664123535156,47.041664123535156,0
2021-09-22,GATM,45.83333206176758,46.67499923706055,44.53333282470703,46.349998474121094,46.349998474121094,6131400
2021-09-23,GATM,46.791664123535156,47.45833206176758,44.68333435058594,45.108333587646484,45.108333587646484,1856400
2021-09-24,GATM,44.983333587646484,45.58333206176758,44.166664123535156,44.90833282470703,44.90833282470703,1014600
2021-09-27,GATM,45.0,45.916664123535156,43.541664123535156,44.733333587646484,44.733333587646484,1489800
2021-09-28,GATM,44.916664123535156,46.65833282470703,44.70833206176758,46.258331298828125,46.258331298828125,757800
2021-09-29,GATM,46.166664123535156,46.166664123535156,43.875,44.84166717529297,44.84166717529297,1561800
2021-09-30,GATM,44.17499923706055,45.83333206176758,43.95833206176758,45.67499923706055,45.67499923706055,841200
2021-10-01,GATM,45.133331298828125,45.791664123535156,45.016666412353516,45.25,45.25,117600
2021-10-04,GATM,44.33333206176758,45.474998474121094,44.166664123535156,44.900001525878906,44.900001525878906,449400
2021-10-05,GATM,44.791664123535156,45.83333206176758,44.383331298828125,44.608333587646484,44.608333587646484,1290000
2021-10-06,GATM,44.416664123535156,44.916664123535156,43.349998474121094,43.70833206176758,43.70833206176758,751800
2021-10-07,GATM,43.70833206176758,44.483333587646484,43.70833206176758,44.016666412353516,44.016666412353516,414000
2021-10-08,GATM,43.625,43.95833206176758,43.33333206176758,43.45833206176758,43.45833206176758,228000
2021-10-11,GATM,43.75,43.75,41.75,42.275001525878906,42.275001525878906,765600
2021-10-12,GATM,41.5,42.83333206176758,40.416664123535156,42.125,42.125,1115400
2021-10-13,GATM,42.5,42.5,40.416664123535156,41.025001525878906,41.025001525878906,1105200
2021-10-14,GATM,41.041664123535156,42.61666488647461,41.025001525878906,42.36666488647461,42.36666488647461,330600
2021-10-15,GATM,42.08333206176758,42.95833206176758,42.008331298828125,42.78333282470703,42.78333282470703,200400
2021-10-18,GATM,42.25,42.508331298828125,41.58333206176758,41.65833282470703,41.65833282470703,858000
2021-10-19,GATM,41.65833282470703,41.65833282470703,41.65833282470703,41.65833282470703,41.65833282470703,0
2021-10-20,GATM,42.08333206176758,43.71666717529297,42.08333206176758,43.56666564941406,43.56666564941406,1127400
2021-10-21,GATM,43.75,44.58333206176758,43.58333206176758,43.61666488647461,43.61666488647461,1573800
2021-10-22,GATM,44.041664123535156,44.166664123535156,43.0,43.71666717529297,43.71666717529297,180600
2021-10-25,GATM,43.75,43.75,43.0,43.71666717529297,43.71666717529297,42000
2021-10-26,GATM,43.383331298828125,44.75,43.383331298828125,43.758331298828125,43.758331298828125,373800
2021-10-27,GATM,44.83333206176758,45.008331298828125,44.166664123535156,44.34166717529297,44.34166717529297,425400
2021-10-28,GATM,44.58333206176758,45.0,43.416664123535156,43.81666564941406,43.81666564941406,1284600
2021-10-29,GATM,43.33333206176758,43.33333206176758,42.08333206176758,42.57500076293945,42.57500076293945,1812600
2021-11-01,GATM,43.20833206176758,44.83333206176758,42.5,44.17499923706055,44.17499923706055,2427600
2021-11-02,GATM,44.40833282470703,44.44166564941406,43.666664123535156,43.791664123535156,43.791664123535156,767400
2021-11-03,GATM,43.383331298828125,44.33333206176758,43.375,43.93333435058594,43.93333435058594,366000
2021-11-04,GATM,43.416664123535156,44.791664123535156,43.416664123535156,44.46666717529297,44.46666717529297,971400
2021-11-05,GATM,44.70833206176758,46.666664123535156,44.266666412353516,45.32500076293945,45.32500076293945,2575800
2021-11-08,GATM,44.916664123535156,45.08333206176758,44.599998474121094,44.875,44.875,325800
2021-11-09,GATM,44.59166717529297,44.59166717529297,43.44166564941406,43.86666488647461,43.86666488647461,427800
2021-11-10,GATM,43.375,44.15833282470703,43.34166717529297,43.71666717529297,43.71666717529297,249600
2021-11-11,GATM,43.758331298828125,44.0,42.59166717529297,43.06666564941406,43.06666564941406,147600
2021-11-12,GATM,42.916664123535156,43.06666564941406,41.75,41.891666412353516,41.891666412353516,292200
2021-11-15,GATM,41.666664123535156,42.400001525878906,41.666664123535156,41.916664123535156,41.916664123535156,103200
2021-11-16,GATM,41.766666412353516,43.166664123535156,41.766666412353516,42.84166717529297,42.84166717529297,126000
2021-11-17,GATM,42.83333206176758,43.32500076293945,42.08333206176758,42.20000076293945,42.20000076293945,223200
2021-11-18,GATM,42.166664123535156,42.83333206176758,41.83333206176758,42.150001525878906,42.150001525878906,228600
2021-11-19,GATM,42.883331298828125,42.99166488647461,41.666664123535156,42.03333282470703,42.03333282470703,814200
2021-11-22,GATM,41.375,41.875,40.82500076293945,41.25,41.25,339000
2021-11-23,GATM,40.650001525878906,41.58333206176758,40.625,40.71666717529297,40.71666717529297,204600
2021-11-24,GATM,39.21666717529297,40.416664123535156,39.166664123535156,39.57500076293945,39.57500076293945,747000
2021-11-25,GATM,39.599998474121094,39.625,39.09166717529297,39.33333206176758,39.33333206176758,168600
2021-11-26,GATM,40.0,40.58333206176758,38.349998474121094,39.31666564941406,39.31666564941406,844200
2021-11-29,GATM,39.15833282470703,41.666664123535156,39.15833282470703,40.758331298828125,40.758331298828125,910200
2021-11-30,GATM,40.83333206176758,40.84166717529297,40.0,40.041664123535156,40.041664123535156,258000
2021-12-01,GATM,40.791664123535156,41.20833206176758,39.791664123535156,40.108333587646484,40.108333587646484,444000
2021-12-02,GATM,39.58333206176758,39.58333206176758,37.108333587646484,37.65833282470703,37.65833282470703,810600
2021-12-03,GATM,37.58333206176758,37.58333206176758,35.166664123535156,35.96666717529297,35.96666717529297,638400
2021-12-06,GATM,36.83333206176758,37.916664123535156,34.666664123535156,36.83333206176758,36.83333206176758,909600
2021-12-07,GATM,37.07500076293945,38.95833206176758,37.07500076293945,37.92499923706055,37.92499923706055,930600
2021-12-08,GATM,38.20833206176758,38.75,37.5,37.666664123535156,37.666664123535156,63000
2021-12-09,GATM,37.17499923706055,37.49166488647461,35.83333206176758,36.24166488647461,36.24166488647461,106800
2021-12-10,GATM,35.875,36.08333206176758,34.916664123535156,35.44166564941406,35.44166564941406,988800
2021-12-13,GATM,35.125,36.041664123535156,35.0,35.275001525878906,35.275001525878906,140400
2021-12-14,GATM,35.0,36.57500076293945,34.791664123535156,36.275001525878906,36.275001525878906,135000
2021-12-15,GATM,36.791664123535156,38.83333206176758,36.75,38.20000076293945,38.20000076293945,939600
2021-12-16,GATM,37.46666717529297,38.33333206176758,35.84166717529297,38.275001525878906,38.275001525878906,676800
2021-12-17,GATM,37.5,38.75,37.5,38.36666488647461,38.36666488647461,1729200
2021-12-20,GATM,38.33333206176758,40.0,37.599998474121094,39.608333587646484,39.608333587646484,514200
2021-12-21,GATM,39.974998474121094,39.974998474121094,39.375,39.516666412353516,39.516666412353516,259200
2021-12-22,GATM,39.18333435058594,39.90833282470703,39.18333435058594,39.416664123535156,39.416664123535156,39000
2021-12-23,GATM,39.75,39.983333587646484,39.17499923706055,39.383331298828125,39.383331298828125,326400
2021-12-24,GATM,39.25,39.57500076293945,39.166664123535156,39.49166488647461,39.49166488647461,139800
2021-12-27,GATM,38.766666412353516,39.666664123535156,38.766666412353516,39.57500076293945,39.57500076293945,25800
2021-12-28,GATM,39.666664123535156,39.916664123535156,39.57500076293945,39.58333206176758,39.58333206176758,251400
2021-12-29,GATM,39.19166564941406,39.54999923706055,38.92499923706055,39.508331298828125,39.508331298828125,679200
2021-12-30,GATM,39.83333206176758,39.83333206176758,39.19166564941406,39.44166564941406,39.44166564941406,120600
2021-12-31,GATM,39.57500076293945,39.83333206176758,39.025001525878906,39.21666717529297,39.21666717529297,1142400
2022-01-03,GATM,39.483333587646484,39.95000076293945,39.483333587646484,39.666664123535156,39.666664123535156,151200
2022-01-04,GATM,39.599998474121094,41.0,39.54999923706055,40.80833435058594,40.80833435058594,412200
2022-01-05,GATM,40.82500076293945,41.5,40.08333206176758,40.42499923706055,40.42499923706055,187800
2022-01-06,GATM,40.041664123535156,40.041664123535156,39.49166488647461,39.608333587646484,39.608333587646484,232200
2022-01-07,GATM,39.625,39.625,38.75,38.86666488647461,38.86666488647461,309000
2022-01-10,GATM,38.34166717529297,39.166664123535156,38.33333206176758,38.541664123535156,38.541664123535156,997800
2022-01-11,GATM,38.75,38.75,37.916664123535156,38.09166717529297,38.09166717529297,850800
2022-01-12,GATM,38.32500076293945,39.15833282470703,38.32500076293945,38.70833206176758,38.70833206176758,2101200
2022-01-13,GATM,38.508331298828125,38.59166717529297,37.383331298828125,37.516666412353516,37.516666412353516,1536600
2022-01-14,GATM,37.875,37.95833206176758,37.33333206176758,37.67499923706055,37.67499923706055,862200
2022-01-17,GATM,37.900001525878906,37.900001525878906,36.900001525878906,36.99166488647461,36.99166488647461,322101
2022-01-18,GATM,37.20833206176758,37.416664123535156,36.25,36.43333435058594,36.43333435058594,391707
2022-01-19,GATM,36.541664123535156,36.56666564941406,34.916664123535156,35.041664123535156,35.041664123535156,984759
2022-01-20,GATM,34.92499923706055,36.041664123535156,34.29999923706055,35.74166488647461,35.74166488647461,775046
2022-01-21,GATM,35.82500076293945,37.08333206176758,35.74166488647461,36.974998474121094,36.974998474121094,682634
2022-01-24,GATM,36.599998474121094,37.06666564941406,36.291664123535156,36.40833282470703,36.40833282470703,95872
2022-01-25,GATM,36.258331298828125,37.5,36.258331298828125,36.641666412353516,36.641666412353516,381782
2022-01-26,GATM,37.06666564941406,37.08333206176758,36.25,36.69166564941406,36.69166564941406,103516
2022-01-27,GATM,37.06666564941406,37.06666564941406,36.45833206176758,36.633331298828125,36.633331298828125,163855
2022-01-28,GATM,36.258331298828125,37.08333206176758,36.258331298828125,36.775001525878906,36.775001525878906,1229542
2022-01-31,GATM,36.83333206176758,37.06666564941406,36.83333206176758,37.0,37.0,116546
2022-02-01,GATM,37.391666412353516,37.83333206176758,37.09166717529297,37.78333282470703,37.78333282470703,367848
2022-02-02,GATM,37.90833282470703,38.95833206176758,37.875,38.61666488647461,38.61666488647461,838869
2022-02-03,GATM,39.06666564941406,39.83333206176758,38.666664123535156,38.791664123535156,38.791664123535156,1201965
2022-02-04,GATM,39.150001525878906,39.166664123535156,38.75,38.849998474121094,38.849998474121094,335865
2022-02-07,GATM,38.758331298828125,40.416664123535156,38.758331298828125,39.5,39.5,1670535
2022-02-08,GATM,39.900001525878906,40.83333206176758,39.25,39.90833282470703,39.90833282470703,1782044
2022-02-09,GATM,40.20833206176758,41.75,39.83333206176758,40.858333587646484,40.858333587646484,3129280
2022-02-10,GATM,41.24166488647461,41.666664123535156,40.08333206176758,40.291664123535156,40.291664123535156,576756
2022-02-11,GATM,39.79999923706055,40.61666488647461,39.78333282470703,39.90833282470703,39.90833282470703,121573
2022-02-14,GATM,39.58333206176758,39.875,38.33333206176758,38.57500076293945,38.57500076293945,585594
2022-02-15,GATM,38.0,39.08333206176758,38.0,38.766666412353516,38.766666412353516,214023
2022-02-16,GATM,39.15833282470703,40.08333206176758,38.875,39.59166717529297,39.59166717529297,788617
2022-02-17,GATM,40.416664123535156,41.416664123535156,39.75,40.09166717529297,40.09166717529297,2985596
2022-02-18,GATM,40.166664123535156,40.166664123535156,39.58333206176758,39.99166488647461,39.99166488647461,599239
2022-02-21,GATM,40.25,40.25,38.95833206176758,39.391666412353516,39.391666412353516,142652
2022-02-22,GATM,39.17499923706055,39.99166488647461,38.125,38.81666564941406,38.81666564941406,472436
2022-02-23,GATM,39.57500076293945,39.57500076293945,38.25,38.400001525878906,38.400001525878906,474484
2022-02-24,GATM,38.125,39.166664123535156,36.67499923706055,38.24166488647461,38.24166488647461,747127
2022-02-25,GATM,38.125,38.83333206176758,37.70833206176758,38.133331298828125,38.133331298828125,2724676
2022-02-28,GATM,38.08333206176758,39.17499923706055,37.5,39.025001525878906,39.025001525878906,800061
2022-03-01,GATM,39.125,39.57500076293945,38.416664123535156,39.20833206176758,39.20833206176758,421089
2022-03-02,GATM,38.74166488647461,38.75,37.92499923706055,38.57500076293945,38.57500076293945,541782
2022-03-03,GATM,38.70833206176758,38.90833282470703,38.125,38.224998474121094,38.224998474121094,911961
2022-03-04,GATM,38.20833206176758,38.53333282470703,37.55833435058594,38.275001525878906,38.275001525878906,229342
2022-03-07,GATM,37.92499923706055,38.33333206176758,36.041664123535156,36.291664123535156,36.291664123535156,768910
2022-03-08,GATM,36.86666488647461,36.86666488647461,35.0,35.34166717529297,35.34166717529297,589335
2022-03-09,GATM,35.983333587646484,36.0,34.83333206176758,35.74166488647461,35.74166488647461,313956
2022-03-10,GATM,35.96666717529297,37.0,35.92499923706055,36.20833206176758,36.20833206176758,616626
2022-03-11,GATM,36.5,37.291664123535156,36.09166717529297,36.42499923706055,36.42499923706055,422752
2022-03-14,GATM,36.65833282470703,36.65833282470703,35.791664123535156,35.83333206176758,35.83333206176758,65847
2022-03-15,GATM,35.83333206176758,36.650001525878906,35.83333206176758,36.44166564941406,36.44166564941406,383704
2022-03-16,GATM,36.666664123535156,37.5,36.5,37.43333435058594,37.43333435058594,258250
2022-03-17,GATM,36.75,37.5,36.75,36.83333206176758,36.83333206176758,49006
2022-03-18,GATM,36.358333587646484,37.416664123535156,35.625,36.65833282470703,36.65833282470703,145873
2022-03-21,GATM,36.666664123535156,36.71666717529297,36.04999923706055,36.599998474121094,36.599998474121094,365084
2022-03-22,GATM,37.07500076293945,37.400001525878906,36.59166717529297,36.75,36.75,41313
2022-03-23,GATM,36.75,36.75,36.75,36.75,36.75,0
2022-03-24,GATM,37.483333587646484,37.916664123535156,35.916664123535156,37.83333206176758,37.83333206176758,451903
2022-03-25,GATM,37.83333206176758,38.11666488647461,37.09166717529297,37.349998474121094,37.349998474121094,1533802
2022-03-28,GATM,37.349998474121094,38.0,36.883331298828125,37.724998474121094,37.724998474121094,101128
2022-03-29,GATM,38.33333206176758,38.541664123535156,37.92499923706055,37.95000076293945,37.95000076293945,203466
2022-03-30,GATM,37.916664123535156,38.75,37.5,38.724998474121094,38.724998474121094,490494
2022-03-31,GATM,38.724998474121094,39.625,38.17499923706055,39.541664123535156,39.541664123535156,799424
2022-04-01,GATM,39.55833435058594,40.57500076293945,38.95833206176758,39.93333435058594,39.93333435058594,1071841
2022-04-04,GATM,37.70833206176758,39.166664123535156,37.5,38.55833435058594,38.55833435058594,136338
2022-04-05,GATM,38.33333206176758,38.65833282470703,36.58333206176758,37.474998474121094,37.474998474121094,1496260
2022-04-06,GATM,38.166664123535156,38.166664123535156,37.133331298828125,37.383331298828125,37.383331298828125,1172883
2022-04-07,GATM,37.70000076293945,37.70000076293945,36.766666412353516,37.36666488647461,37.36666488647461,83144
2022-04-08,GATM,37.416664123535156,37.5,36.68333435058594,37.44166564941406,37.44166564941406,187630
2022-04-11,GATM,38.166664123535156,39.974998474121094,38.125,39.78333282470703,39.78333282470703,1664950
2022-04-12,GATM,39.916664123535156,39.916664123535156,38.791664123535156,39.20000076293945,39.20000076293945,367942
2022-04-13,GATM,39.57500076293945,39.57500076293945,37.916664123535156,38.224998474121094,38.224998474121094,1039886
2022-04-14,GATM,38.733333587646484,38.733333587646484,38.0,38.483333587646484,38.483333587646484,157758
2022-04-15,GATM,38.625,38.625,37.75,37.99166488647461,37.99166488647461,170715
2022-04-18,GATM,37.99166488647461,38.33333206176758,37.099998474121094,37.29999923706055,37.29999923706055,262573
2022-04-19,GATM,37.61666488647461,37.61666488647461,36.666664123535156,36.86666488647461,36.86666488647461,204025
2022-04-20,GATM,37.05833435058594,37.416664123535156,36.625,37.125,37.125,152644
2022-04-21,GATM,37.041664123535156,37.349998474121094,36.416664123535156,36.54999923706055,36.54999923706055,202287
2022-04-22,GATM,37.06666564941406,37.90833282470703,36.5,37.31666564941406,37.31666564941406,192434
2022-04-25,GATM,37.86666488647461,38.31666564941406,37.08333206176758,37.150001525878906,37.150001525878906,143388
2022-04-26,GATM,37.49166488647461,37.49166488647461,35.75,35.84166717529297,35.84166717529297,460221
2022-04-27,GATM,36.375,36.875,36.04999923706055,36.666664123535156,36.666664123535156,947346
2022-04-28,GATM,36.875,36.875,36.166664123535156,36.25,36.25,1713031
2022-04-29,GATM,36.25,36.25,36.25,36.25,36.25,0
2022-05-02,GATM,36.25,36.25,36.25,36.25,36.25,0
2022-05-03,GATM,36.25,36.25,36.25,36.25,36.25,0
2022-05-04,GATM,36.25,36.25,36.25,36.25,36.25,0
2022-05-05,GATM,36.25,36.25,36.25,36.25,36.25,0
2022-05-06,GATM,35.84166717529297,36.65833282470703,35.008331298828125,36.07500076293945,36.07500076293945,93078
2022-05-09,GATM,36.258331298828125,37.5,33.58333206176758,35.45833206176758,35.45833206176758,1940984
2022-05-10,GATM,35.008331298828125,35.016666412353516,34.166664123535156,34.391666412353516,34.391666412353516,481375
2022-05-11,GATM,34.916664123535156,34.916664123535156,33.09166717529297,34.04999923706055,34.04999923706055,632670
2022-05-12,GATM,34.08333206176758,34.08333206176758,32.849998474121094,33.416664123535156,33.416664123535156,840609
2022-05-13,GATM,33.74166488647461,34.5,33.25,34.09166717529297,34.09166717529297,221192
2022-05-16,GATM,33.416664123535156,33.416664123535156,31.54166603088379,32.25,32.25,1164674
2022-05-17,GATM,32.15833282470703,32.5,31.66666603088379,32.29999923706055,32.29999923706055,524149
2022-05-18,GATM,32.08333206176758,32.99166488647461,32.08333206176758,32.608333587646484,32.608333587646484,545792
2022-05-19,GATM,32.5,33.25,32.5,32.983333587646484,32.983333587646484,283144
2022-05-20,GATM,33.31666564941406,33.31666564941406,32.099998474121094,32.43333435058594,32.43333435058594,197785
2022-05-23,GATM,32.20000076293945,33.125,31.258333206176758,32.383331298828125,32.383331298828125,317316
2022-05-24,GATM,32.08333206176758,32.33333206176758,31.5,31.774999618530273,31.774999618530273,240610
2022-05-25,GATM,31.508333206176758,32.291664123535156,31.25,32.166664123535156,32.166664123535156,73788
2022-05-26,GATM,31.674999237060547,32.625,31.674999237060547,32.416664123535156,32.416664123535156,165134
2022-05-27,GATM,32.900001525878906,33.5,32.5,32.65833282470703,32.65833282470703,1805583
2022-05-30,GATM,32.68333435058594,33.041664123535156,32.29999923706055,32.483333587646484,32.483333587646484,148011
2022-05-31,GATM,32.5,32.916664123535156,32.07500076293945,32.416664123535156,32.416664123535156,229123
2022-06-01,GATM,32.09166717529297,32.61666488647461,32.08333206176758,32.400001525878906,32.400001525878906,209076
2022-06-02,GATM,32.25,32.416664123535156,31.41666603088379,31.608333587646484,31.608333587646484,365760
2022-06-03,GATM,31.458332061767578,31.458332061767578,29.833332061767578,30.641666412353516,30.641666412353516,333793
2022-06-06,GATM,30.75,30.833332061767578,29.799999237060547,30.450000762939453,30.450000762939453,128037
2022-06-07,GATM,30.208332061767578,31.241666793823242,30.208332061767578,30.841665267944336,30.841665267944336,1091326
2022-06-08,GATM,31.233333587646484,31.25,30.341665267944336,30.54166603088379,30.54166603088379,130360
2022-06-09,GATM,30.41666603088379,30.741666793823242,30.25,30.350000381469727,30.350000381469727,119569
2022-06-10,GATM,30.325000762939453,30.674999237060547,30.216665267944336,30.608333587646484,30.608333587646484,30496
2022-06-13,GATM,30.625,31.216665267944336,30.0,30.299999237060547,30.299999237060547,151719
2022-06-14,GATM,29.633333206176758,30.375,29.633333206176758,30.083332061767578,30.083332061767578,61584
2022-06-15,GATM,30.391666412353516,30.591665267944336,30.091665267944336,30.200000762939453,30.200000762939453,313932
2022-06-16,GATM,30.41666603088379,30.41666603088379,30.0,30.141666412353516,30.141666412353516,511113
2022-06-17,GATM,30.333332061767578,31.04166603088379,30.16666603088379,30.766666412353516,30.766666412353516,931167
2022-06-20,GATM,31.116666793823242,31.133333206176758,30.383333206176758,30.466665267944336,30.466665267944336,105657
2022-06-21,GATM,30.625,30.958332061767578,30.25,30.841665267944336,30.841665267944336,529424
2022-06-22,GATM,30.983333587646484,31.25,30.66666603088379,30.766666412353516,30.766666412353516,491160
2022-06-23,GATM,31.241666793823242,31.241666793823242,30.258333206176758,30.575000762939453,30.575000762939453,889945
2022-06-24,GATM,30.458332061767578,30.75,28.28333282470703,28.28333282470703,28.28333282470703,2636226
2022-06-27,GATM,28.53333282470703,28.53333282470703,27.333332061767578,28.100000381469727,28.100000381469727,1391616
2022-06-28,GATM,27.983333587646484,28.66666603088379,27.850000381469727,28.325000762939453,28.325000762939453,1338440
2022-06-29,GATM,28.316665649414062,28.333332061767578,27.958332061767578,28.066665649414062,28.066665649414062,82298
2022-06-30,GATM,28.333332061767578,28.333332061767578,27.833332061767578,28.174999237060547,28.174999237060547,192074
2022-07-01,GATM,28.316665649414062,28.725000381469727,27.891666412353516,27.983333587646484,27.983333587646484,768345
2022-07-04,GATM,28.125,28.233333587646484,27.850000381469727,27.958332061767578,27.958332061767578,105741
2022-07-05,GATM,27.950000762939453,28.5,27.950000762939453,28.066665649414062,28.066665649414062,219602
2022-07-06,GATM,28.325000762939453,28.366666793823242,27.975000381469727,28.016666412353516,28.016666412353516,120010
2022-07-07,GATM,28.04166603088379,28.083332061767578,27.716665267944336,27.858333587646484,27.858333587646484,321158
2022-07-08,GATM,27.858333587646484,27.858333587646484,27.858333587646484,27.858333587646484,27.858333587646484,0
2022-07-11,GATM,27.858333587646484,27.858333587646484,27.858333587646484,27.858333587646484,27.858333587646484,0
2022-07-12,GATM,27.858333587646484,27.858333587646484,27.858333587646484,27.858333587646484,27.858333587646484,0
2022-07-13,GATM,27.708332061767578,28.03333282470703,27.475000381469727,27.766666412353516,27.766666412353516,387282
2022-07-14,GATM,28.125,28.125,27.583332061767578,27.716665267944336,27.716665267944336,964278
2022-07-15,GATM,27.66666603088379,27.950000762939453,27.566665649414062,27.633333206176758,27.633333206176758,464724
2022-07-18,GATM,27.65833282470703,27.65833282470703,27.0,27.125,27.125,261108
2022-07-19,GATM,27.41666603088379,27.41666603088379,25.091665267944336,25.466665267944336,25.466665267944336,1583952
2022-07-20,GATM,25.5,25.91666603088379,25.125,25.733333587646484,25.733333587646484,453115
2022-07-21,GATM,25.54166603088379,25.799999237060547,24.91666603088379,24.991666793823242,24.991666793823242,337554
2022-07-22,GATM,24.833332061767578,25.25,24.383333206176758,25.0,25.0,680569
2022-07-25,GATM,25.0,25.0,24.333332061767578,24.65833282470703,24.65833282470703,238081
2022-07-26,GATM,24.91666603088379,26.483333587646484,24.441665649414062,25.858333587646484,25.858333587646484,796203
2022-07-27,GATM,25.841665267944336,26.16666603088379,25.333332061767578,25.5,25.5,251924
2022-07-28,GATM,25.700000762939453,26.25,25.5,25.78333282470703,25.78333282470703,628159
2022-07-29,GATM,25.983333587646484,25.983333587646484,25.424999237060547,25.491666793823242,25.491666793823242,1242025
2022-08-01,GATM,25.258333206176758,26.04166603088379,25.258333206176758,25.75,25.75,268483
2022-08-02,GATM,25.708332061767578,26.04166603088379,25.258333206176758,25.983333587646484,25.983333587646484,241458
2022-08-03,GATM,25.66666603088379,26.441665649414062,25.66666603088379,26.141666412353516,26.141666412353516,467108
2022-08-04,GATM,26.241666793823242,27.141666412353516,26.16666603088379,26.825000762939453,26.825000762939453,1478450
2022-08-05,GATM,26.558332443237305,27.274999618530273,26.508333206176758,27.108333587646484,27.108333587646484,597484
2022-08-08,GATM,27.108333587646484,27.108333587646484,27.108333587646484,27.108333587646484,27.108333587646484,0
2022-08-09,GATM,27.108333587646484,27.108333587646484,27.108333587646484,27.108333587646484,27.108333587646484,0
2022-08-10,GATM,27.491666793823242,27.975000381469727,27.066665649414062,27.641666412353516,27.641666412353516,743541
2022-08-11,GATM,27.583332061767578,27.91666603088379,27.16666603088379,27.350000381469727,27.350000381469727,469706
2022-08-12,GATM,27.866666793823242,28.583332061767578,27.375,28.325000762939453,28.325000762939453,807189
2022-08-15,GATM,28.733333587646484,29.66666603088379,28.54166603088379,29.383333206176758,29.383333206176758,2145320
2022-08-16,GATM,29.741666793823242,30.40833282470703,28.875,29.183332443237305,29.183332443237305,1290940
2022-08-17,GATM,29.16666603088379,30.433332443237305,28.975000381469727,29.91666603088379,29.91666603088379,734522
2022-08-18,GATM,29.91666603088379,29.91666603088379,29.25,29.583332061767578,29.583332061767578,437328
2022-08-19,GATM,29.583332061767578,29.583332061767578,29.083332061767578,29.125,29.125,83493
2022-08-22,GATM,28.833332061767578,29.66666603088379,28.333332061767578,28.858333587646484,28.858333587646484,159740
2022-08-23,GATM,29.16666603088379,29.583332061767578,28.833332061767578,29.233333587646484,29.233333587646484,344136
2022-08-24,GATM,29.583332061767578,29.583332061767578,28.75,28.816665649414062,28.816665649414062,198333
2022-08-25,GATM,29.091665267944336,29.091665267944336,28.258333206176758,28.333332061767578,28.333332061767578,190892
2022-08-26,GATM,28.75,28.75,28.16666603088379,28.399999618530273,28.399999618530273,1306399
2022-08-29,GATM,28.008333206176758,28.008333206176758,26.825000762939453,27.424999237060547,27.424999237060547,1115538
2022-08-30,GATM,28.333332061767578,28.333332061767578,27.29166603088379,27.341665267944336,27.341665267944336,377787
2022-08-31,GATM,27.90833282470703,27.90833282470703,27.29166603088379,27.450000762939453,27.450000762939453,203475
2022-09-01,GATM,27.53333282470703,27.891666412353516,27.25,27.308332443237305,27.308332443237305,109556
2022-09-02,GATM,27.816665649414062,27.816665649414062,26.924999237060547,27.091665267944336,27.091665267944336,263732
2022-09-05,GATM,27.5,27.5,26.66666603088379,26.741666793823242,26.741666793823242,1074726
2022-09-06,GATM,26.75,27.03333282470703,26.66666603088379,26.924999237060547,26.924999237060547,104828
2022-09-07,GATM,27.15833282470703,27.15833282470703,26.66666603088379,26.79166603088379,26.79166603088379,91466
2022-09-08,GATM,27.008333206176758,27.083332061767578,26.816665649414062,26.91666603088379,26.91666603088379,597247
2022-09-09,GATM,27.075000762939453,27.225000381469727,26.875,26.91666603088379,26.91666603088379,47407
2022-09-12,GATM,26.850000381469727,26.899999618530273,26.65833282470703,26.700000762939453,26.700000762939453,105446
2022-09-13,GATM,27.058332443237305,27.058332443237305,26.466665267944336,26.625,26.625,89199
2022-09-14,GATM,26.591665267944336,26.641666412353516,26.40833282470703,26.483333587646484,26.483333587646484,123516
2022-09-15,GATM,26.65833282470703,26.875,25.674999237060547,25.774999618530273,25.774999618530273,751519
2022-09-16,GATM,25.708332061767578,25.991666793823242,25.700000762939453,25.716665267944336,25.716665267944336,56542
2022-09-19,GATM,25.75,25.833332061767578,24.875,25.024999618530273,25.024999618530273,1164410
2022-09-20,GATM,25.0,25.333332061767578,24.91666603088379,25.03333282470703,25.03333282470703,215676
2022-09-21,GATM,25.241666793823242,25.241666793823242,24.833332061767578,24.891666412353516,24.891666412353516,129525
2022-09-22,GATM,24.833332061767578,24.875,24.333332061767578,24.575000762939453,24.575000762939453,212503
2022-09-23,GATM,24.90833282470703,24.90833282470703,24.0,24.049999237060547,24.049999237060547,223396
2022-09-26,GATM,24.04166603088379,24.91666603088379,24.04166603088379,24.816665649414062,24.816665649414062,277230
2022-09-27,GATM,25.325000762939453,25.325000762939453,24.799999237060547,24.966665267944336,24.966665267944336,106419
2022-09-28,GATM,25.0,25.625,25.0,25.125,25.125,356140
2022-09-29,GATM,25.391666412353516,26.25,25.091665267944336,25.725000381469727,25.725000381469727,745137
2022-09-30,GATM,24.924999237060547,25.483333587646484,24.29166603088379,25.091665267944336,25.091665267944336,3006565
2022-10-03,GATM,25.04166603088379,25.04166603088379,24.25,24.458332061767578,24.458332061767578,504538
2022-10-04,GATM,24.591665267944336,24.833332061767578,24.41666603088379,24.741666793823242,24.741666793823242,295968
2022-10-05,GATM,24.79166603088379,24.950000762939453,24.41666603088379,24.5,24.5,200186
2022-10-06,GATM,24.5,24.79166603088379,24.16666603088379,24.53333282470703,24.53333282470703,291754
2022-10-07,GATM,24.958332061767578,25.5,24.683332443237305,24.983333587646484,24.983333587646484,757723
2022-10-10,GATM,25.241666793823242,25.241666793823242,24.583332061767578,24.774999618530273,24.774999618530273,123746
2022-10-11,GATM,24.833332061767578,24.833332061767578,24.225000381469727,24.433332443237305,24.433332443237305,248296
2022-10-12,GATM,24.5,24.583332061767578,24.29166603088379,24.424999237060547,24.424999237060547,198580
2022-10-13,GATM,24.29166603088379,24.66666603088379,24.25,24.375,24.375,126356
2022-10-14,GATM,24.691665649414062,24.691665649414062,24.25,24.375,24.375,90700
2022-10-17,GATM,24.333332061767578,24.575000762939453,24.091665267944336,24.191665649414062,24.191665649414062,130270
2022-10-18,GATM,24.16666603088379,24.40833282470703,24.091665267944336,24.183332443237305,24.183332443237305,86934
2022-10-19,GATM,24.458332061767578,24.475000381469727,24.174999237060547,24.333332061767578,24.333332061767578,93849
2022-10-20,GATM,24.491666793823242,24.54166603088379,24.16666603088379,24.325000762939453,24.325000762939453,87057
2022-10-21,GATM,24.216665267944336,24.491666793823242,24.049999237060547,24.341665267944336,24.341665267944336,111902
2022-10-24,GATM,24.575000762939453,25.208332061767578,24.575000762939453,24.858333587646484,24.858333587646484,429426
2022-10-25,GATM,25.200000762939453,25.200000762939453,24.591665267944336,24.641666412353516,24.641666412353516,48022
2022-10-26,GATM,24.54166603088379,24.575000762939453,23.341665267944336,23.799999237060547,23.799999237060547,172754
2022-10-27,GATM,23.833332061767578,23.91666603088379,23.54166603088379,23.65833282470703,23.65833282470703,94261
2022-10-28,GATM,23.466665267944336,24.04166603088379,22.91666603088379,22.966665267944336,22.966665267944336,1263086
2022-10-31,GATM,22.79166603088379,23.483333587646484,22.79166603088379,23.183332443237305,23.183332443237305,156705
2022-11-01,GATM,23.54166603088379,23.79166603088379,23.333332061767578,23.725000381469727,23.725000381469727,100255
2022-11-02,GATM,23.91666603088379,23.91666603088379,23.008333206176758,23.566665649414062,23.566665649414062,198470
2022-11-03,GATM,23.65833282470703,23.708332061767578,23.424999237060547,23.625,23.625,48879
2022-11-04,GATM,23.5,23.625,23.0,23.441665649414062,23.441665649414062,59762
2022-11-07,GATM,24.083332061767578,24.083332061767578,23.208332061767578,23.741666793823242,23.741666793823242,332982
2022-11-08,GATM,23.90833282470703,23.90833282470703,23.424999237060547,23.549999237060547,23.549999237060547,731484
2022-11-09,GATM,23.549999237060547,23.549999237060547,23.549999237060547,23.549999237060547,23.549999237060547,0
2022-11-10,GATM,23.858333587646484,23.858333587646484,23.441665649414062,23.725000381469727,23.725000381469727,238311
2022-11-11,GATM,23.725000381469727,23.899999618530273,23.54166603088379,23.75,23.75,165186
2022-11-14,GATM,23.75,23.75,23.0,23.216665267944336,23.216665267944336,293586
2022-11-15,GATM,23.049999237060547,23.333332061767578,22.875,22.91666603088379,22.91666603088379,659745
2022-11-16,GATM,22.958332061767578,23.066665649414062,22.41666603088379,22.433332443237305,22.433332443237305,682312
2022-11-17,GATM,22.90833282470703,22.90833282470703,22.458332061767578,22.508333206176758,22.508333206176758,115198
2022-11-18,GATM,22.583332061767578,22.583332061767578,22.375,22.40833282470703,22.40833282470703,76617
2022-11-21,GATM,22.375,22.424999237060547,22.216665267944336,22.308332443237305,22.308332443237305,61113
2022-11-22,GATM,22.5,22.733333587646484,22.375,22.491666793823242,22.491666793823242,110972
2022-11-23,GATM,22.708332061767578,22.708332061767578,22.258333206176758,22.350000381469727,22.350000381469727,118490
2022-11-24,GATM,22.41666603088379,22.483333587646484,22.308332443237305,22.391666412353516,22.391666412353516,77018
2022-11-25,GATM,22.399999618530273,22.649999618530273,22.233333587646484,22.28333282470703,22.28333282470703,47235
2022-11-28,GATM,21.25,21.825000762939453,21.083332061767578,21.191665649414062,21.191665649414062,476158
2022-11-29,GATM,21.54166603088379,21.54166603088379,21.083332061767578,21.15833282470703,21.15833282470703,103935
2022-11-30,GATM,21.575000762939453,21.575000762939453,20.841665267944336,20.975000381469727,20.975000381469727,111744
2022-12-01,GATM,21.40833282470703,21.40833282470703,20.958332061767578,21.075000762939453,21.075000762939453,154267
2022-12-02,GATM,20.958332061767578,21.25,20.566665649414062,20.91666603088379,20.91666603088379,470914
2022-12-05,GATM,20.54166603088379,21.0,20.508333206176758,20.858333587646484,20.858333587646484,259698
2022-12-06,GATM,21.083332061767578,21.083332061767578,20.583332061767578,20.79166603088379,20.79166603088379,68258
2022-12-07,GATM,20.54166603088379,21.075000762939453,20.41666603088379,20.674999237060547,20.674999237060547,62113
2022-12-08,GATM,20.674999237060547,20.816665649414062,20.208332061767578,20.274999618530273,20.274999618530273,143262
2022-12-09,GATM,20.625,20.625,20.083332061767578,20.183332443237305,20.183332443237305,88423
2022-12-12,GATM,20.25,21.516666412353516,20.083332061767578,20.875,20.875,50187
2022-12-13,GATM,20.79166603088379,20.833332061767578,20.25,20.583332061767578,20.583332061767578,152209
2022-12-14,GATM,20.341665267944336,20.79166603088379,20.341665267944336,20.508333206176758,20.508333206176758,590623
2022-12-15,GATM,20.375,20.375,19.583332061767578,20.091665267944336,20.091665267944336,432786
2022-12-16,GATM,20.25,20.358333587646484,19.66666603088379,19.950000762939453,19.950000762939453,560490
2022-12-19,GATM,19.66666603088379,20.0,19.208332061767578,19.941665649414062,19.941665649414062,249361
2022-12-20,GATM,19.991666793823242,20.0,18.774999618530273,18.841665267944336,18.841665267944336,167328
2022-12-21,GATM,18.54166603088379,19.083332061767578,17.924999237060547,18.266666412353516,18.266666412353516,150057
2022-12-22,GATM,19.083332061767578,19.083332061767578,18.16666603088379,18.733333587646484,18.733333587646484,53358
2022-12-23,GATM,18.825000762939453,18.958332061767578,18.174999237060547,18.350000381469727,18.350000381469727,66778
2022-12-26,GATM,18.66666603088379,18.991666793823242,18.5,18.641666412353516,18.641666412353516,112480
2022-12-27,GATM,18.75,18.75,18.375,18.450000762939453,18.450000762939453,87946
2022-12-28,GATM,18.54166603088379,18.625,18.29166603088379,18.458332061767578,18.458332061767578,100815
2022-12-29,GATM,18.583332061767578,19.708332061767578,18.125,19.25,19.25,399100
2022-12-30,GATM,18.966665267944336,20.691665649414062,18.766666412353516,20.53333282470703,20.53333282470703,1715138
2023-01-02,GATM,20.174999237060547,20.54166603088379,19.299999237060547,19.53333282470703,19.53333282470703,504752
2023-01-03,GATM,19.53333282470703,19.899999618530273,19.53333282470703,19.79166603088379,19.79166603088379,148779
2023-01-04,GATM,19.850000381469727,19.875,19.116666793823242,19.191665649414062,19.191665649414062,242023
2023-01-05,GATM,19.41666603088379,19.41666603088379,19.091665267944336,19.16666603088379,19.16666603088379,87805
2023-01-06,GATM,19.091665267944336,19.54166603088379,18.716665267944336,18.766666412353516,18.766666412353516,235582
2023-01-09,GATM,19.16666603088379,19.16666603088379,18.475000381469727,18.766666412353516,18.766666412353516,59644
2023-01-10,GATM,18.0,18.958332061767578,18.0,18.5,18.5,283101
2023-01-11,GATM,18.833332061767578,18.833332061767578,18.383333206176758,18.65833282470703,18.65833282470703,38410
2023-01-12,GATM,18.66666603088379,19.383333206176758,18.266666412353516,18.375,18.375,529246
2023-01-13,GATM,18.0,18.625,17.875,18.200000762939453,18.200000762939453,66244
2023-01-16,GATM,18.16666603088379,18.233333587646484,18.0,18.083332061767578,18.083332061767578,92569
2023-01-17,GATM,18.325000762939453,18.325000762939453,16.733333587646484,16.766666412353516,16.766666412353516,622200
2023-01-18,GATM,16.816665649414062,16.91666603088379,16.083332061767578,16.316665649414062,16.316665649414062,208668
2023-01-19,GATM,16.575000762939453,16.875,16.233333587646484,16.53333282470703,16.53333282470703,313090
2023-01-20,GATM,17.141666412353516,17.141666412353516,16.375,16.466665267944336,16.466665267944336,36890
2023-01-23,GATM,16.083332061767578,16.625,16.03333282470703,16.41666603088379,16.41666603088379,31964
2023-01-24,GATM,16.991666793823242,16.991666793823242,15.75,15.841666221618652,15.841666221618652,613827
2023-01-25,GATM,15.850000381469727,16.54166603088379,15.841666221618652,16.241666793823242,16.241666793823242,1931691
2023-01-26,GATM,16.25,17.458332061767578,16.25,17.083332061767578,17.083332061767578,2185734
2023-01-27,GATM,17.333332061767578,17.450000762939453,16.41666603088379,16.683332443237305,16.683332443237305,710934
2023-01-30,GATM,16.508333206176758,17.0,16.5,16.65833282470703,16.65833282470703,294430
2023-01-31,GATM,16.41666603088379,17.28333282470703,16.41666603088379,17.066665649414062,17.066665649414062,2219941
2023-02-01,GATM,17.391666412353516,18.341665267944336,16.758333206176758,17.608333587646484,17.608333587646484,10020920
2023-02-02,GATM,17.65833282470703,17.90833282470703,17.16666603088379,17.491666793823242,17.491666793823242,2295752
2023-02-03,GATM,17.825000762939453,18.799999237060547,17.591665267944336,18.708332061767578,18.708332061767578,5994033
2023-02-06,GATM,18.5,18.825000762939453,18.433332443237305,18.683332443237305,18.683332443237305,680874
2023-02-07,GATM,19.083332061767578,19.083332061767578,17.833332061767578,18.058332443237305,18.058332443237305,1375212
2023-02-08,GATM,18.233333587646484,18.924999237060547,17.90833282470703,18.758333206176758,18.758333206176758,4244413
2023-02-09,GATM,18.833332061767578,19.41666603088379,18.75,19.100000381469727,19.100000381469727,2160980
2023-02-10,GATM,19.083332061767578,19.333332061767578,18.16666603088379,18.266666412353516,18.266666412353516,1603676
2023-02-13,GATM,18.325000762939453,18.66666603088379,18.325000762939453,18.491666793823242,18.491666793823242,274976
2023-02-14,GATM,18.333332061767578,18.491666793823242,17.91666603088379,18.125,18.125,230175
2023-02-15,GATM,18.325000762939453,18.333332061767578,17.91666603088379,18.083332061767578,18.083332061767578,248892
2023-02-16,GATM,18.083332061767578,18.308332443237305,17.79166603088379,17.816665649414062,17.816665649414062,159793
2023-02-17,GATM,18.458332061767578,18.458332061767578,17.608333587646484,18.008333206176758,18.008333206176758,168337
2023-02-20,GATM,17.625,17.91666603088379,17.333332061767578,17.591665267944336,17.591665267944336,232486
2023-02-21,GATM,18.083332061767578,18.083332061767578,17.266666412353516,17.475000381469727,17.475000381469727,185954
2023-02-22,GATM,17.79166603088379,17.79166603088379,17.41666603088379,17.683332443237305,17.683332443237305,54602
2023-02-23,GATM,17.833332061767578,18.075000762939453,17.391666412353516,17.424999237060547,17.424999237060547,100956
2023-02-24,GATM,17.424999237060547,17.433332443237305,16.758333206176758,16.90833282470703,16.90833282470703,223353
2023-02-27,GATM,16.66666603088379,16.858333587646484,16.308332443237305,16.491666793823242,16.491666793823242,180165
2023-02-28,GATM,16.566665649414062,16.65833282470703,16.083332061767578,16.299999237060547,16.299999237060547,163362
2023-03-01,GATM,15.991665840148926,16.641666412353516,15.75,15.866665840148926,15.866665840148926,318754
2023-03-02,GATM,16.058332443237305,16.183332443237305,15.891666412353516,16.133333206176758,16.133333206176758,68318
2023-03-03,GATM,16.125,16.583332061767578,16.0,16.41666603088379,16.41666603088379,181846
2023-03-06,GATM,16.833332061767578,16.91666603088379,16.424999237060547,16.641666412353516,16.641666412353516,356601
2023-03-07,GATM,16.66666603088379,16.950000762939453,16.66666603088379,16.700000762939453,16.700000762939453,58795
2023-03-08,GATM,16.983333587646484,16.983333587646484,16.708332061767578,16.79166603088379,16.79166603088379,52428
2023-03-09,GATM,17.0,17.0,16.78333282470703,16.883333206176758,16.883333206176758,72723
2023-03-10,GATM,16.90833282470703,17.333332061767578,16.875,17.133333206176758,17.133333206176758,112802
2023-03-13,GATM,17.333332061767578,17.625,16.891666412353516,17.091665267944336,17.091665267944336,753339
2023-03-14,GATM,17.29166603088379,17.29166603088379,16.66666603088379,16.733333587646484,16.733333587646484,219428
2023-03-15,GATM,16.741666793823242,17.450000762939453,16.66666603088379,17.15833282470703,17.15833282470703,447192
2023-03-16,GATM,17.483333587646484,18.125,17.116666793823242,17.558332443237305,17.558332443237305,890623
2023-03-17,GATM,17.875,17.875,17.29166603088379,17.65833282470703,17.65833282470703,259016
2023-03-20,GATM,17.866666793823242,17.875,17.383333206176758,17.491666793823242,17.491666793823242,57831
2023-03-21,GATM,17.491666793823242,17.5,17.16666603088379,17.241666793823242,17.241666793823242,96908
2023-03-22,GATM,16.65833282470703,17.5,16.65833282470703,16.858333587646484,16.858333587646484,31880
2023-03-23,GATM,16.858333587646484,16.858333587646484,16.858333587646484,16.858333587646484,16.858333587646484,0
2023-03-24,GATM,17.391666412353516,17.391666412353516,16.65833282470703,16.683332443237305,16.683332443237305,53476
2023-03-27,GATM,17.333332061767578,17.333332061767578,16.5,16.649999618530273,16.649999618530273,64507
2023-03-28,GATM,17.241666793823242,17.241666793823242,16.54166603088379,16.633333206176758,16.633333206176758,49201
2023-03-29,GATM,16.991666793823242,16.991666793823242,16.483333587646484,16.5,16.5,32482
2023-03-30,GATM,16.308332443237305,17.733333587646484,16.308332443237305,16.741666793823242,16.741666793823242,701042
2023-03-31,GATM,16.833332061767578,17.899999618530273,16.516666412353516,17.600000381469727,17.600000381469727,1324737
2023-04-03,GATM,17.508333206176758,17.600000381469727,16.75,16.899999618530273,16.899999618530273,109149
2023-04-04,GATM,17.366666793823242,17.366666793823242,16.25,16.466665267944336,16.466665267944336,479778
2023-04-05,GATM,16.65833282470703,16.66666603088379,16.41666603088379,16.491666793823242,16.491666793823242,108595
2023-04-06,GATM,16.5,16.79166603088379,16.491666793823242,16.766666412353516,16.766666412353516,177031
2023-04-07,GATM,16.958332061767578,16.991666793823242,16.350000381469727,16.600000381469727,16.600000381469727,205392
2023-04-10,GATM,16.766666412353516,16.766666412353516,16.308332443237305,16.53333282470703,16.53333282470703,17590
2023-04-11,GATM,16.641666412353516,16.641666412353516,16.383333206176758,16.516666412353516,16.516666412353516,10076
2023-04-12,GATM,16.516666412353516,16.65833282470703,16.41666603088379,16.53333282470703,16.53333282470703,56055
2023-04-13,GATM,16.741666793823242,16.75,16.491666793823242,16.625,16.625,147573
2023-04-14,GATM,16.625,16.625,16.625,16.625,16.625,0
2023-04-17,GATM,16.66666603088379,16.66666603088379,16.333332061767578,16.516666412353516,16.516666412353516,83866
2023-04-18,GATM,16.66666603088379,16.66666603088379,16.399999618530273,16.566665649414062,16.566665649414062,53353
2023-04-19,GATM,16.741666793823242,16.741666793823242,16.5,16.583332061767578,16.583332061767578,24406
2023-04-20,GATM,16.625,16.91666603088379,16.508333206176758,16.866666793823242,16.866666793823242,168205
2023-04-21,GATM,16.866666793823242,16.866666793823242,16.866666793823242,16.866666793823242,16.866666793823242,0
2023-04-24,GATM,16.866666793823242,16.866666793823242,16.866666793823242,16.866666793823242,16.866666793823242,0
2023-04-25,GATM,16.866666793823242,16.866666793823242,16.866666793823242,16.866666793823242,16.866666793823242,0
2023-04-26,GATM,16.333332061767578,17.04166603088379,16.333332061767578,16.700000762939453,16.700000762939453,82899
2023-04-27,GATM,16.75,16.833332061767578,16.54166603088379,16.625,16.625,160803
2023-04-28,GATM,16.633333206176758,16.708332061767578,16.583332061767578,16.649999618530273,16.649999618530273,295438
2023-05-01,GATM,16.649999618530273,16.649999618530273,16.649999618530273,16.649999618530273,16.649999618530273,0
2023-05-02,GATM,16.66666603088379,16.983333587646484,16.625,16.799999237060547,16.799999237060547,178536
2023-05-03,GATM,16.983333587646484,17.25,16.674999237060547,16.741666793823242,16.741666793823242,290678
2023-05-04,GATM,17.016666412353516,17.375,16.549999237060547,16.891666412353516,16.891666412353516,508923
2023-05-05,GATM,17.075000762939453,17.083332061767578,16.683332443237305,16.78333282470703,16.78333282470703,112159
2023-05-08,GATM,17.15833282470703,17.16666603088379,16.466665267944336,16.566665649414062,16.566665649414062,355990
2023-05-09,GATM,16.66666603088379,16.66666603088379,15.966666221618652,16.5,16.5,240900
2023-05-10,GATM,16.091665267944336,16.649999618530273,16.091665267944336,16.366666793823242,16.366666793823242,149672
2023-05-11,GATM,16.366666793823242,16.441665649414062,16.25,16.391666412353516,16.391666412353516,87142
2023-05-12,GATM,16.29166603088379,16.65833282470703,16.25,16.441665649414062,16.441665649414062,281802
2023-05-15,GATM,16.641666412353516,16.641666412353516,16.233333587646484,16.399999618530273,16.399999618530273,149407
2023-05-16,GATM,16.583332061767578,16.66666603088379,16.241666793823242,16.366666793823242,16.366666793823242,1176621
2023-05-17,GATM,16.566665649414062,16.566665649414062,16.25,16.28333282470703,16.28333282470703,214798
2023-05-18,GATM,16.491666793823242,16.491666793823242,16.16666603088379,16.216665267944336,16.216665267944336,107199
2023-05-19,GATM,16.616666793823242,16.616666793823242,16.141666412353516,16.274999618530273,16.274999618530273,102124
2023-05-22,GATM,16.41666603088379,16.41666603088379,15.925000190734863,16.299999237060547,16.299999237060547,94171
2023-05-23,GATM,16.333332061767578,17.524999618530273,16.25,17.524999618530273,17.524999618530273,2743968
2023-05-24,GATM,18.04166603088379,18.841665267944336,18.0,18.841665267944336,18.841665267944336,850095
2023-05-25,GATM,20.258333206176758,20.258333206176758,18.758333206176758,19.108333587646484,19.108333587646484,12882284
2023-05-26,GATM,19.083332061767578,20.54166603088379,19.04166603088379,20.208332061767578,20.208332061767578,6269779
2023-05-29,GATM,20.16666603088379,21.399999618530273,20.091665267944336,20.78333282470703,20.78333282470703,5056225
2023-05-30,GATM,20.825000762939453,20.924999237060547,20.325000762939453,20.549999237060547,20.549999237060547,2006895
2023-05-31,GATM,20.5,20.65833282470703,19.008333206176758,19.049999237060547,19.049999237060547,3387470
2023-06-01,GATM,18.741666793823242,18.91666603088379,17.75,17.850000381469727,17.850000381469727,5780792
2023-06-02,GATM,17.933332443237305,18.683332443237305,17.691665649414062,18.200000762939453,18.200000762939453,3543126
2023-06-05,GATM,18.15833282470703,18.491666793823242,17.91666603088379,17.991666793823242,17.991666793823242,824892
2023-06-06,GATM,18.25,18.450000762939453,17.75,17.825000762939453,17.825000762939453,913790
2023-06-07,GATM,17.833332061767578,18.41666603088379,17.75,17.983333587646484,17.983333587646484,1262628
2023-06-08,GATM,18.083332061767578,18.683332443237305,18.083332061767578,18.299999237060547,18.299999237060547,2765761
2023-06-09,GATM,18.341665267944336,18.79166603088379,18.16666603088379,18.508333206176758,18.508333206176758,1792489
2023-06-12,GATM,18.391666412353516,19.191665649414062,17.91666603088379,18.149999618530273,18.149999618530273,3966300
2023-06-13,GATM,18.383333206176758,18.566665649414062,17.583332061767578,18.241666793823242,18.241666793823242,6862597
2023-06-14,GATM,18.458332061767578,18.458332061767578,17.924999237060547,17.983333587646484,17.983333587646484,951430
2023-06-15,GATM,17.950000762939453,18.200000762939453,17.66666603088379,17.725000381469727,17.725000381469727,728481
2023-06-16,GATM,17.774999618530273,18.208332061767578,17.649999618530273,17.833332061767578,17.833332061767578,1327520
2023-06-19,GATM,17.958332061767578,17.958332061767578,16.766666412353516,17.100000381469727,17.100000381469727,1545470
2023-06-20,GATM,17.299999237060547,17.600000381469727,17.200000762939453,17.31999969482422,17.31999969482422,452877
2023-06-21,GATM,17.450000762939453,17.5,17.299999237060547,17.350000381469727,17.350000381469727,116162
2023-06-22,GATM,17.399999618530273,17.479999542236328,17.0,17.079999923706055,17.079999923706055,140567
2023-06-23,GATM,17.200000762939453,17.200000762939453,16.65999984741211,16.760000228881836,16.760000228881836,1391177
2023-06-26,GATM,16.799999237060547,17.729999542236328,16.760000228881836,17.68000030517578,17.68000030517578,755440
2023-06-27,GATM,17.200000762939453,18.0,17.200000762939453,17.809999465942383,17.809999465942383,364354
2023-06-28,GATM,17.809999465942383,17.809999465942383,17.809999465942383,17.809999465942383,17.809999465942383,0
2023-06-29,GATM,17.809999465942383,17.809999465942383,17.809999465942383,17.809999465942383,17.809999465942383,0
2023-06-30,GATM,17.809999465942383,17.809999465942383,17.809999465942383,17.809999465942383,17.809999465942383,0
2023-07-03,GATM,18.350000381469727,19.149999618530273,18.350000381469727,19.079999923706055,19.079999923706055,3532852
2023-07-04,GATM,19.100000381469727,19.1299991607666,18.299999237060547,18.43000030517578,18.43000030517578,1468669
2023-07-05,GATM,18.450000762939453,18.549999237060547,17.899999618530273,18.010000228881836,18.010000228881836,1161047
2023-07-06,GATM,18.059999465942383,18.25,17.75,17.90999984741211,17.90999984741211,1983322
2023-07-07,GATM,17.90999984741211,18.09000015258789,17.760000228881836,17.809999465942383,17.809999465942383,1064262
2023-07-10,GATM,17.989999771118164,18.700000762939453,17.979999542236328,18.530000686645508,18.530000686645508,3360936
2023-07-11,GATM,18.700000762939453,19.299999237060547,18.510000228881836,18.93000030517578,18.93000030517578,4732874
2023-07-12,GATM,18.989999771118164,19.18000030517578,18.760000228881836,18.93000030517578,18.93000030517578,970172
2023-07-13,GATM,19.049999237060547,19.299999237060547,18.600000381469727,18.6299991607666,18.6299991607666,952031
2023-07-14,GATM,18.700000762939453,18.700000762939453,18.0,18.170000076293945,18.170000076293945,3443578
2023-07-17,GATM,18.25,18.299999237060547,18.0,18.020000457763672,18.020000457763672,772439
2023-07-18,GATM,18.0,18.200000762939453,17.860000610351562,17.950000762939453,17.950000762939453,738945
2023-07-19,GATM,17.989999771118164,18.0,17.729999542236328,17.81999969482422,17.81999969482422,359971
2023-07-20,GATM,17.829999923706055,18.1200008392334,17.700000762939453,17.959999084472656,17.959999084472656,516337
2023-07-21,GATM,17.899999618530273,18.31999969482422,17.799999237060547,17.979999542236328,17.979999542236328,997349
2023-07-24,GATM,18.299999237060547,18.299999237060547,17.899999618530273,18.030000686645508,18.030000686645508,1682727
2023-07-25,GATM,18.100000381469727,18.75,18.100000381469727,18.56999969482422,18.56999969482422,3184225
2023-07-26,GATM,18.510000228881836,19.790000915527344,18.510000228881836,19.329999923706055,19.329999923706055,8951775
2023-07-27,GATM,19.329999923706055,19.329999923706055,19.329999923706055,19.329999923706055,19.329999923706055,0
2023-07-28,GATM,19.329999923706055,19.329999923706055,19.329999923706055,19.329999923706055,19.329999923706055,0
2023-07-31,GATM,18.899999618530273,19.399999618530273,18.899999618530273,19.170000076293945,19.170000076293945,1083806
2023-08-01,GATM,19.399999618530273,19.5,19.18000030517578,19.290000915527344,19.290000915527344,1660289
2023-08-02,GATM,19.350000381469727,19.75,19.299999237060547,19.420000076293945,19.420000076293945,2770756
2023-08-03,GATM,19.450000762939453,19.799999237060547,19.0,19.059999465942383,19.059999465942383,2003138
2023-08-04,GATM,19.049999237060547,19.270000457763672,18.81999969482422,19.020000457763672,19.020000457763672,854088
2023-08-07,GATM,19.200000762939453,19.200000762939453,18.75,18.860000610351562,18.860000610351562,508373
2023-08-08,GATM,18.799999237060547,18.950000762939453,18.149999618530273,18.229999542236328,18.229999542236328,799712
2023-08-09,GATM,18.290000915527344,18.639999389648438,18.100000381469727,18.40999984741211,18.40999984741211,579144
2023-08-10,GATM,18.5,18.600000381469727,18.149999618530273,18.15999984741211,18.15999984741211,475044
2023-08-11,GATM,18.489999771118164,18.59000015258789,18.1200008392334,18.40999984741211,18.40999984741211,549725
2023-08-14,GATM,18.40999984741211,18.40999984741211,18.40999984741211,18.40999984741211,18.40999984741211,0
2023-08-15,GATM,18.40999984741211,18.899999618530273,18.399999618530273,18.549999237060547,18.549999237060547,1059390
2023-08-16,GATM,18.600000381469727,18.700000762939453,18.299999237060547,18.350000381469727,18.350000381469727,644692
2023-08-17,GATM,18.219999313354492,18.450000762939453,18.200000762939453,18.299999237060547,18.299999237060547,486084
2023-08-18,GATM,18.360000610351562,18.479999542236328,18.100000381469727,18.1200008392334,18.1200008392334,391575
2023-08-21,GATM,18.149999618530273,18.209999084472656,17.649999618530273,17.780000686645508,17.780000686645508,870959
2023-08-22,GATM,17.790000915527344,18.25,17.75,18.110000610351562,18.110000610351562,1167320
2023-08-23,GATM,18.270000457763672,18.299999237060547,18.0,18.229999542236328,18.229999542236328,670668
2023-08-24,GATM,18.139999389648438,19.600000381469727,18.139999389648438,18.81999969482422,18.81999969482422,14664132
2023-08-25,GATM,18.969999313354492,18.969999313354492,18.399999618530273,18.459999084472656,18.459999084472656,1071027
2023-08-28,GATM,18.110000610351562,18.489999771118164,18.110000610351562,18.229999542236328,18.229999542236328,363787
2023-08-29,GATM,18.1200008392334,18.280000686645508,17.899999618530273,17.959999084472656,17.959999084472656,369062
2023-08-30,GATM,18.239999771118164,18.239999771118164,17.610000610351562,17.729999542236328,17.729999542236328,460593
2023-08-31,GATM,17.770000457763672,17.969999313354492,16.450000762939453,16.829999923706055,16.829999923706055,798536
2023-09-01,GATM,17.0,17.25,16.600000381469727,17.170000076293945,17.170000076293945,298964
2023-09-04,GATM,17.25,17.43000030517578,17.100000381469727,17.190000534057617,17.190000534057617,207449
2023-09-05,GATM,17.3799991607666,17.3799991607666,17.0,17.040000915527344,17.040000915527344,186435
2023-09-06,GATM,17.1299991607666,17.209999084472656,17.0,17.100000381469727,17.100000381469727,132662
2023-09-07,GATM,17.110000610351562,17.299999237060547,16.899999618530273,17.040000915527344,17.040000915527344,216123
2023-09-08,GATM,17.0,17.200000762939453,17.0,17.100000381469727,17.100000381469727,211321
2023-09-11,GATM,17.200000762939453,17.200000762939453,16.950000762939453,16.989999771118164,16.989999771118164,258226
2023-09-12,GATM,17.010000228881836,17.09000015258789,16.899999618530273,16.969999313354492,16.969999313354492,80946
2023-09-13,GATM,17.0,17.100000381469727,16.899999618530273,16.959999084472656,16.959999084472656,121787
2023-09-14,GATM,17.0,17.06999969482422,16.889999389648438,16.940000534057617,16.940000534057617,115275
2023-09-15,GATM,17.149999618530273,17.299999237060547,16.93000030517578,17.010000228881836,17.010000228881836,126889
2023-09-18,GATM,17.229999542236328,17.31999969482422,17.0,17.25,17.25,351040
2023-09-19,GATM,17.25,17.729999542236328,17.25,17.6299991607666,17.6299991607666,705829
2023-09-20,GATM,17.6299991607666,17.649999618530273,17.469999313354492,17.540000915527344,17.540000915527344,199536
2023-09-21,GATM,17.5,18.149999618530273,17.5,17.979999542236328,17.979999542236328,1161306
2023-09-22,GATM,18.100000381469727,18.31999969482422,17.899999618530273,18.079999923706055,18.079999923706055,685459
2023-09-25,GATM,18.100000381469727,18.25,17.809999465942383,17.93000030517578,17.93000030517578,443353
2023-09-26,GATM,17.989999771118164,17.989999771118164,17.25,17.549999237060547,17.549999237060547,1107973
2023-09-27,GATM,17.5,17.850000381469727,17.360000610351562,17.549999237060547,17.549999237060547,659415
2023-09-28,GATM,17.549999237060547,17.549999237060547,17.549999237060547,17.549999237060547,17.549999237060547,0
2023-09-29,GATM,17.549999237060547,17.549999237060547,17.549999237060547,17.549999237060547,17.549999237060547,0
2023-10-02,GATM,17.670000076293945,18.06999969482422,17.5,17.68000030517578,17.68000030517578,294940
2023-10-03,GATM,17.889999389648438,17.889999389648438,17.5,17.540000915527344,17.540000915527344,234704
2023-10-04,GATM,17.549999237060547,17.75,17.309999465942383,17.600000381469727,17.600000381469727,328800
2023-10-05,GATM,17.700000762939453,18.0,17.25,17.780000686645508,17.780000686645508,535737
2023-10-06,GATM,17.850000381469727,18.899999618530273,17.5,18.600000381469727,18.600000381469727,3061054
2023-10-09,GATM,18.149999618530273,18.649999618530273,18.1299991607666,18.350000381469727,18.350000381469727,1181151
2023-10-10,GATM,18.280000686645508,19.049999237060547,18.25,18.850000381469727,18.850000381469727,2433842
2023-10-11,GATM,18.75,19.25,18.729999542236328,18.850000381469727,18.850000381469727,2193743
2023-10-12,GATM,18.84000015258789,18.979999542236328,18.15999984741211,18.280000686645508,18.280000686645508,1439015
2023-10-13,GATM,18.479999542236328,18.780000686645508,18.06999969482422,18.520000457763672,18.520000457763672,1019370
2023-10-16,GATM,18.739999771118164,19.190000534057617,18.520000457763672,18.860000610351562,18.860000610351562,1878611
2023-10-17,GATM,19.100000381469727,19.100000381469727,18.600000381469727,18.809999465942383,18.809999465942383,712814
2023-10-18,GATM,18.809999465942383,18.950000762939453,18.450000762939453,18.520000457763672,18.520000457763672,548123
2023-10-19,GATM,18.510000228881836,18.850000381469727,18.459999084472656,18.809999465942383,18.809999465942383,479254
2023-10-20,GATM,18.81999969482422,19.100000381469727,18.709999084472656,18.799999237060547,18.799999237060547,974268
2023-10-23,GATM,19.209999084472656,19.239999771118164,18.809999465942383,19.1200008392334,19.1200008392334,1902859
2023-10-24,GATM,19.0,19.25,18.950000762939453,19.030000686645508,19.030000686645508,933109
2023-10-25,GATM,19.030000686645508,19.649999618530273,19.030000686645508,19.31999969482422,19.31999969482422,3169241
2023-10-26,GATM,19.40999984741211,19.40999984741211,18.889999389648438,18.920000076293945,18.920000076293945,1146220
2023-10-27,GATM,18.920000076293945,18.920000076293945,18.399999618530273,18.5,18.5,587459
2023-10-30,GATM,18.5,18.899999618530273,18.260000228881836,18.31999969482422,18.31999969482422,1559384
2023-10-31,GATM,18.459999084472656,18.700000762939453,18.15999984741211,18.40999984741211,18.40999984741211,771940
2023-11-01,GATM,18.479999542236328,19.290000915527344,18.010000228881836,18.799999237060547,18.799999237060547,3336393
2023-11-02,GATM,18.809999465942383,19.559999465942383,18.809999465942383,19.3700008392334,19.3700008392334,2829684
2023-11-03,GATM,19.690000534057617,20.690000534057617,19.690000534057617,20.34000015258789,20.34000015258789,5764247
2023-11-06,GATM,20.59000015258789,21.489999771118164,20.420000076293945,21.15999984741211,21.15999984741211,4640503
2023-11-07,GATM,21.200000762939453,21.399999618530273,20.5,20.549999237060547,20.549999237060547,2418992
2023-11-08,GATM,20.559999465942383,20.899999618530273,20.200000762939453,20.700000762939453,20.700000762939453,902530
2023-11-09,GATM,20.700000762939453,20.700000762939453,20.700000762939453,20.700000762939453,20.700000762939453,0
2023-11-10,GATM,20.68000030517578,20.899999618530273,20.40999984741211,20.520000457763672,20.520000457763672,1226640
2023-11-13,GATM,20.549999237060547,21.110000610351562,20.549999237060547,20.799999237060547,20.799999237060547,2286237
2023-11-14,GATM,20.899999618530273,21.049999237060547,20.399999618530273,20.719999313354492,20.719999313354492,1305871
2023-11-15,GATM,20.889999389648438,21.100000381469727,20.399999618530273,20.940000534057617,20.940000534057617,3141653
2023-11-16,GATM,21.110000610351562,21.700000762939453,20.950000762939453,21.31999969482422,21.31999969482422,5748882
2023-11-17,GATM,21.309999465942383,21.450000762939453,21.06999969482422,21.190000534057617,21.190000534057617,1687002
2023-11-20,GATM,21.219999313354492,21.549999237060547,21.010000228881836,21.299999237060547,21.299999237060547,1103784
2023-11-21,GATM,21.450000762939453,22.399999618530273,21.399999618530273,21.65999984741211,21.65999984741211,5492898
2023-11-22,GATM,21.889999389648438,22.059999465942383,21.5,21.6200008392334,21.6200008392334,1721055
2023-11-23,GATM,21.799999237060547,23.239999771118164,21.549999237060547,22.81999969482422,22.81999969482422,5943971
2023-11-24,GATM,23.170000076293945,24.530000686645508,23.170000076293945,24.530000686645508,24.530000686645508,10138734
2023-11-27,GATM,24.959999084472656,25.200000762939453,23.850000381469727,24.940000534057617,24.940000534057617,5649030
2023-11-28,GATM,25.290000915527344,26.809999465942383,25.25,25.959999084472656,25.959999084472656,6043430
2023-11-29,GATM,26.049999237060547,26.25,25.010000228881836,25.100000381469727,25.100000381469727,2877786
2023-11-30,GATM,25.389999389648438,25.600000381469727,24.850000381469727,24.940000534057617,24.940000534057617,1306121
2023-12-01,GATM,25.049999237060547,25.489999771118164,24.639999389648438,25.049999237060547,25.049999237060547,2275203
2023-12-04,GATM,25.399999618530273,25.969999313354492,25.15999984741211,25.770000457763672,25.770000457763672,2420984
2023-12-05,GATM,25.799999237060547,25.899999618530273,25.100000381469727,25.3700008392334,25.3700008392334,1593831
2023-12-06,GATM,25.489999771118164,25.489999771118164,24.760000228881836,24.90999984741211,24.90999984741211,3493910
2023-12-07,GATM,25.0,25.450000762939453,24.899999618530273,25.09000015258789,25.09000015258789,3246378
2023-12-08,GATM,25.139999389648438,25.190000534057617,24.799999237060547,24.950000762939453,24.950000762939453,2162966
2023-12-11,GATM,24.399999618530273,25.100000381469727,24.200000762939453,24.469999313354492,24.469999313354492,1010533
2023-12-12,GATM,24.510000228881836,24.719999313354492,24.0,24.40999984741211,24.40999984741211,3222587
2023-12-13,GATM,24.649999618530273,24.84000015258789,23.5,23.920000076293945,23.920000076293945,2584303
2023-12-14,GATM,23.850000381469727,24.0,23.200000762939453,23.700000762939453,23.700000762939453,1724383
2023-12-15,GATM,23.700000762939453,24.299999237060547,23.5,23.959999084472656,23.959999084472656,1768297
2023-12-18,GATM,24.25,24.549999237060547,23.5,23.649999618530273,23.649999618530273,1948734
2023-12-19,GATM,23.31999969482422,23.770000457763672,21.8799991607666,22.06999969482422,22.06999969482422,2266425
2023-12-20,GATM,22.0,22.5,20.899999618530273,21.489999771118164,21.489999771118164,2077769
2023-12-21,GATM,21.8799991607666,22.0,21.280000686645508,21.829999923706055,21.829999923706055,582890
2023-12-22,GATM,21.860000610351562,22.0,21.25,21.3700008392334,21.3700008392334,439015
2023-12-25,GATM,21.3700008392334,21.3700008392334,21.3700008392334,21.3700008392334,21.3700008392334,0
2023-12-26,GATM,21.690000534057617,22.969999313354492,20.809999465942383,21.139999389648438,21.139999389648438,28279092
2023-12-27,GATM,21.399999618530273,22.0,20.610000610351562,21.549999237060547,21.549999237060547,1605764
2023-12-28,GATM,21.940000534057617,22.450000762939453,21.559999465942383,21.899999618530273,21.899999618530273,861321
2023-12-29,GATM,21.940000534057617,22.34000015258789,21.450000762939453,21.600000381469727,21.600000381469727,863652
2024-01-01,GATM,21.799999237060547,22.479999542236328,21.670000076293945,22.309999465942383,22.309999465942383,1900610
2024-01-02,GATM,22.700000762939453,22.790000915527344,22.139999389648438,22.190000534057617,22.190000534057617,1183945
2024-01-03,GATM,22.200000762939453,22.969999313354492,22.100000381469727,22.5,22.5,1505778
2024-01-04,GATM,22.780000686645508,22.780000686645508,22.260000228881836,22.350000381469727,22.350000381469727,1101225
2024-01-05,GATM,22.350000381469727,23.0,21.93000030517578,22.459999084472656,22.459999084472656,1732297
2024-01-08,GATM,22.700000762939453,23.0,22.149999618530273,22.260000228881836,22.260000228881836,1647002
2024-01-09,GATM,22.299999237060547,22.5,21.899999618530273,22.030000686645508,22.030000686645508,637404
2024-01-10,GATM,22.399999618530273,22.450000762939453,22.0,22.15999984741211,22.15999984741211,521994
2024-01-11,GATM,22.299999237060547,22.459999084472656,22.049999237060547,22.309999465942383,22.309999465942383,578918
2024-01-12,GATM,22.479999542236328,22.799999237060547,22.110000610351562,22.280000686645508,22.280000686645508,1219559
2024-01-15,GATM,22.5,22.649999618530273,21.600000381469727,21.799999237060547,21.799999237060547,1029031
2024-01-16,GATM,22.0,22.0,21.059999465942383,21.399999618530273,21.399999618530273,511634
2024-01-17,GATM,21.280000686645508,21.75,20.799999237060547,21.09000015258789,21.09000015258789,524878
2024-01-18,GATM,21.100000381469727,21.100000381469727,20.299999237060547,20.809999465942383,20.809999465942383,725802
2024-01-19,GATM,21.350000381469727,21.350000381469727,20.420000076293945,20.809999465942383,20.809999465942383,575414
2024-01-22,GATM,20.75,21.100000381469727,20.610000610351562,20.93000030517578,20.93000030517578,365117
2024-01-23,GATM,21.0,21.489999771118164,20.829999923706055,21.3700008392334,21.3700008392334,673170
2024-01-24,GATM,21.479999542236328,22.5,21.479999542236328,21.959999084472656,21.959999084472656,1403719
2024-01-25,GATM,21.979999542236328,22.450000762939453,21.600000381469727,21.799999237060547,21.799999237060547,940123
2024-01-26,GATM,21.510000228881836,21.889999389648438,21.059999465942383,21.18000030517578,21.18000030517578,516769
2024-01-29,GATM,21.489999771118164,21.489999771118164,20.899999618530273,21.030000686645508,21.030000686645508,348085
2024-01-30,GATM,20.81999969482422,21.149999618530273,20.510000228881836,20.68000030517578,20.68000030517578,544575
2024-01-31,GATM,20.610000610351562,20.950000762939453,20.510000228881836,20.6200008392334,20.6200008392334,138276
2024-02-01,GATM,20.75,20.899999618530273,20.40999984741211,20.639999389648438,20.639999389648438,167509
2024-02-02,GATM,20.700000762939453,20.790000915527344,20.450000762939453,20.610000610351562,20.610000610351562,633221
2024-02-06,GATM,20.799999237060547,21.399999618530273,20.700000762939453,21.219999313354492,21.219999313354492,569152
2024-02-07,GATM,21.440000534057617,21.5,21.149999618530273,21.3799991607666,21.3799991607666,600496
2024-02-08,GATM,21.3799991607666,21.3799991607666,21.3799991607666,21.3799991607666,21.3799991607666,0
2024-02-09,GATM,20.989999771118164,20.989999771118164,19.780000686645508,20.649999618530273,20.649999618530273,523131
2024-02-12,GATM,20.31999969482422,20.75,19.799999237060547,20.299999237060547,20.299999237060547,755705
2024-02-13,GATM,20.010000228881836,20.399999618530273,19.31999969482422,19.84000015258789,19.84000015258789,433958
2024-02-14,GATM,19.81999969482422,20.600000381469727,19.81999969482422,20.239999771118164,20.239999771118164,391956
2024-02-15,GATM,20.440000534057617,20.440000534057617,19.899999618530273,19.950000762939453,19.950000762939453,169877
2024-02-16,GATM,19.75,19.950000762939453,19.190000534057617,19.270000457763672,19.270000457763672,424258
2024-02-19,GATM,19.200000762939453,19.450000762939453,19.0,19.270000457763672,19.270000457763672,360356
2024-02-20,GATM,19.299999237060547,19.889999389648438,19.0,19.030000686645508,19.030000686645508,513321
2024-02-21,GATM,19.469999313354492,19.850000381469727,19.25,19.729999542236328,19.729999542236328,620748
2024-02-22,GATM,19.950000762939453,19.989999771118164,19.700000762939453,19.729999542236328,19.729999542236328,309239
2024-02-23,GATM,19.530000686645508,20.649999618530273,19.530000686645508,20.31999969482422,20.31999969482422,968923
2024-02-26,GATM,20.639999389648438,20.84000015258789,20.5,20.670000076293945,20.670000076293945,286407
2024-02-27,GATM,20.649999618530273,20.649999618530273,19.850000381469727,19.950000762939453,19.950000762939453,465341
2024-02-28,GATM,19.809999465942383,19.989999771118164,19.729999542236328,19.850000381469727,19.850000381469727,423267
2024-02-29,GATM,19.850000381469727,20.190000534057617,19.81999969482422,19.899999618530273,19.899999618530273,299015
2024-03-01,GATM,19.850000381469727,20.100000381469727,19.799999237060547,19.860000610351562,19.860000610351562,183228
2024-03-04,GATM,20.0,20.200000762939453,19.799999237060547,20.09000015258789,20.09000015258789,149638
2024-03-05,GATM,20.110000610351562,20.260000228881836,19.959999084472656,20.079999923706055,20.079999923706055,184418
2024-03-06,GATM,20.0,20.450000762939453,20.0,20.170000076293945,20.170000076293945,499632
2024-03-07,GATM,20.049999237060547,20.389999389648438,19.90999984741211,20.040000915527344,20.040000915527344,188670
2024-03-08,GATM,20.020000457763672,20.399999618530273,19.899999618530273,20.149999618530273,20.149999618530273,412522
2024-03-11,GATM,20.149999618530273,20.559999465942383,20.149999618530273,20.399999618530273,20.399999618530273,564513
2024-03-12,GATM,20.5,20.5,19.75,19.889999389648438,19.889999389648438,171970
2024-03-13,GATM,20.010000228881836,20.200000762939453,19.690000534057617,19.729999542236328,19.729999542236328,148084
2024-03-14,GATM,19.75,20.100000381469727,19.75,19.989999771118164,19.989999771118164,258316
2024-03-15,GATM,20.100000381469727,20.100000381469727,19.5,19.649999618530273,19.649999618530273,206418
2024-03-18,GATM,19.75,19.8799991607666,19.6200008392334,19.690000534057617,19.690000534057617,122368
2024-03-19,GATM,19.549999237060547,19.829999923706055,19.489999771118164,19.510000228881836,19.510000228881836,239159
2024-03-20,GATM,19.889999389648438,19.889999389648438,19.559999465942383,19.600000381469727,19.600000381469727,146148
2024-03-21,GATM,19.510000228881836,19.989999771118164,19.25,19.309999465942383,19.309999465942383,20905550
2024-03-22,GATM,19.649999618530273,20.049999237060547,19.399999618530273,19.700000762939453,19.700000762939453,3825858
2024-03-26,GATM,19.799999237060547,19.899999618530273,19.6200008392334,19.709999084472656,19.709999084472656,710972
2024-03-27,GATM,19.899999618530273,20.299999237060547,19.75,19.889999389648438,19.889999389648438,1533201
2024-03-28,GATM,19.899999618530273,20.31999969482422,19.899999618530273,19.969999313354492,19.969999313354492,1279044
2024-03-29,GATM,20.0,20.100000381469727,19.75,19.809999465942383,19.809999465942383,386620
2024-04-01,GATM,19.899999618530273,20.0,19.799999237060547,19.8700008392334,19.8700008392334,287399
2024-04-02,GATM,19.8700008392334,19.989999771118164,19.520000457763672,19.649999618530273,19.649999618530273,247237
2024-04-03,GATM,19.799999237060547,19.899999618530273,19.579999923706055,19.639999389648438,19.639999389648438,382076
2024-04-04,GATM,19.90999984741211,20.25,19.81999969482422,19.93000030517578,19.93000030517578,1704208
2024-04-08,GATM,19.989999771118164,20.239999771118164,19.959999084472656,20.059999465942383,20.059999465942383,515017
2024-04-09,GATM,20.1200008392334,20.299999237060547,19.920000076293945,20.0,20.0,549367
2024-04-15,GATM,19.899999618530273,20.510000228881836,19.719999313354492,20.280000686645508,20.280000686645508,2571161
2024-04-16,GATM,20.350000381469727,20.600000381469727,20.139999389648438,20.209999084472656,20.209999084472656,1377187
2024-04-17,GATM,20.25,21.100000381469727,20.149999618530273,20.510000228881836,20.510000228881836,3625193
2024-04-18,GATM,20.649999618530273,20.850000381469727,20.219999313354492,20.360000610351562,20.360000610351562,981717
2024-04-19,GATM,20.600000381469727,20.600000381469727,20.0,20.149999618530273,20.149999618530273,700637
2024-04-22,GATM,20.270000457763672,20.65999984741211,20.110000610351562,20.3799991607666,20.3799991607666,1564080
2024-04-23,GATM,20.5,20.8799991607666,20.25,20.459999084472656,20.459999084472656,3722160
2024-04-24,GATM,20.5,21.989999771118164,20.5,21.989999771118164,21.989999771118164,9367283
2024-04-25,GATM,22.479999542236328,22.899999618530273,21.559999465942383,21.729999542236328,21.729999542236328,4431926
2024-04-26,GATM,21.799999237060547,21.889999389648438,21.110000610351562,21.270000457763672,21.270000457763672,1654943
2024-04-29,GATM,21.450000762939453,22.100000381469727,21.1200008392334,21.34000015258789,21.34000015258789,2227366
2024-04-30,GATM,21.100000381469727,21.3799991607666,20.5,20.559999465942383,20.559999465942383,1515921
2024-05-02,GATM,20.639999389648438,20.850000381469727,19.989999771118164,20.139999389648438,20.139999389648438,1626272
2024-05-03,GATM,20.299999237060547,20.84000015258789,20.100000381469727,20.719999313354492,20.719999313354492,832302
2024-05-06,GATM,20.90999984741211,21.6200008392334,20.5,21.34000015258789,21.34000015258789,1879107
2024-05-07,GATM,21.549999237060547,21.600000381469727,21.030000686645508,21.110000610351562,21.110000610351562,976378
2024-05-08,GATM,21.020000457763672,21.200000762939453,20.75,20.81999969482422,20.81999969482422,681032
2024-05-09,GATM,20.989999771118164,21.3799991607666,20.719999313354492,21.15999984741211,21.15999984741211,556502
2024-05-10,GATM,21.299999237060547,22.729999542236328,21.059999465942383,22.440000534057617,22.440000534057617,5302701
2024-05-13,GATM,22.780000686645508,23.299999237060547,22.700000762939453,22.979999542236328,22.979999542236328,5412522
2024-05-14,GATM,22.90999984741211,23.270000457763672,22.110000610351562,22.420000076293945,22.420000076293945,1283197
2024-05-15,GATM,22.420000076293945,22.5,22.0,22.040000915527344,22.040000915527344,1493364
2024-05-16,GATM,22.200000762939453,22.200000762939453,21.81999969482422,22.1299991607666,22.1299991607666,654707
2024-05-17,GATM,22.049999237060547,22.25,21.899999618530273,22.1200008392334,22.1200008392334,561095
2024-05-20,GATM,22.1200008392334,22.489999771118164,21.940000534057617,22.010000228881836,22.010000228881836,767951
2024-05-21,GATM,22.06999969482422,22.479999542236328,22.010000228881836,22.09000015258789,22.09000015258789,731582
2024-05-22,GATM,22.290000915527344,22.31999969482422,21.799999237060547,21.979999542236328,21.979999542236328,918805
2024-05-23,GATM,22.0,22.06999969482422,21.6299991607666,21.75,21.75,914089
2024-05-24,GATM,21.889999389648438,22.600000381469727,21.829999923706055,22.149999618530273,22.149999618530273,1952822
2024-05-27,GATM,22.389999389648438,22.389999389648438,21.559999465942383,21.690000534057617,21.690000534057617,667942
2024-05-28,GATM,21.690000534057617,21.690000534057617,21.690000534057617,21.690000534057617,21.690000534057617,0
2024-05-29,GATM,21.719999313354492,21.719999313354492,20.81999969482422,21.149999618530273,21.149999618530273,1017669
2024-05-30,GATM,21.0,21.600000381469727,21.0,21.25,21.25,969318
2024-05-31,GATM,21.239999771118164,21.739999771118164,21.049999237060547,21.239999771118164,21.239999771118164,761437
2024-06-03,GATM,21.75,22.0,21.299999237060547,21.850000381469727,21.850000381469727,504565
2024-06-04,GATM,21.649999618530273,22.700000762939453,21.649999618530273,22.110000610351562,22.110000610351562,1630486
2024-06-05,GATM,22.389999389648438,22.389999389648438,21.600000381469727,21.700000762939453,21.700000762939453,373800
2024-06-06,GATM,21.989999771118164,22.079999923706055,21.299999237060547,21.5,21.5,400272
2024-06-07,GATM,21.5,21.75,20.649999618530273,21.549999237060547,21.549999237060547,935307
2024-06-10,GATM,21.25,21.850000381469727,21.25,21.719999313354492,21.719999313354492,645070
2024-06-11,GATM,22.049999237060547,22.200000762939453,21.059999465942383,21.18000030517578,21.18000030517578,851842
2024-06-12,GATM,21.3799991607666,21.489999771118164,21.0,21.219999313354492,21.219999313354492,459257
2024-06-13,GATM,21.0,21.0,19.649999618530273,20.309999465942383,20.309999465942383,3124788
2024-06-14,GATM,20.43000030517578,20.979999542236328,20.200000762939453,20.350000381469727,20.350000381469727,957096
2024-06-20,GATM,20.3700008392334,21.200000762939453,20.3700008392334,20.780000686645508,20.780000686645508,1668391
2024-06-21,GATM,20.530000686645508,21.0,20.530000686645508,20.600000381469727,20.600000381469727,440117
2024-06-24,GATM,20.860000610351562,20.860000610351562,20.510000228881836,20.540000915527344,20.540000915527344,364690
2024-06-25,GATM,20.81999969482422,20.889999389648438,20.25,20.3799991607666,20.3799991607666,326793
2024-06-26,GATM,20.5,20.639999389648438,20.299999237060547,20.31999969482422,20.31999969482422,204092
2024-06-27,GATM,20.270000457763672,20.600000381469727,19.969999313354492,20.09000015258789,20.09000015258789,970853
2024-06-28,GATM,20.110000610351562,21.299999237060547,19.950000762939453,21.100000381469727,21.100000381469727,2964591
2024-07-01,GATM,20.81999969482422,20.899999618530273,20.299999237060547,20.40999984741211,20.40999984741211,319327
2024-07-02,GATM,20.40999984741211,20.690000534057617,20.170000076293945,20.309999465942383,20.309999465942383,499087
2024-07-03,GATM,20.40999984741211,20.420000076293945,20.200000762939453,20.299999237060547,20.299999237060547,480283
2024-07-04,GATM,20.489999771118164,20.729999542236328,20.31999969482422,20.420000076293945,20.420000076293945,666348
2024-07-05,GATM,20.6200008392334,20.6200008392334,20.200000762939453,20.31999969482422,20.31999969482422,370239
2024-07-08,GATM,20.59000015258789,20.649999618530273,20.25,20.610000610351562,20.610000610351562,223840
2024-07-09,GATM,20.549999237060547,21.059999465942383,20.549999237060547,20.84000015258789,20.84000015258789,828565
2024-07-10,GATM,20.809999465942383,20.850000381469727,20.459999084472656,20.520000457763672,20.520000457763672,265938
2024-07-11,GATM,20.649999618530273,20.75,20.399999618530273,20.469999313354492,20.469999313354492,581853
2024-07-12,GATM,20.610000610351562,20.700000762939453,20.0,20.3700008392334,20.3700008392334,547529
2024-07-15,GATM,20.600000381469727,20.600000381469727,20.25,20.389999389648438,20.389999389648438,514343
2024-07-16,GATM,20.389999389648438,20.389999389648438,20.389999389648438,20.389999389648438,20.389999389648438,0
2024-07-17,GATM,20.389999389648438,20.389999389648438,20.389999389648438,20.389999389648438,20.389999389648438,0
2024-07-18,GATM,20.489999771118164,20.899999618530273,20.299999237060547,20.610000610351562,20.610000610351562,515166
2024-07-19,GATM,20.760000228881836,20.809999465942383,20.200000762939453,20.260000228881836,20.260000228881836,490938
2024-07-22,GATM,20.15999984741211,20.239999771118164,19.649999618530273,19.739999771118164,19.739999771118164,1089414
2024-07-23,GATM,19.649999618530273,20.149999618530273,19.649999618530273,19.81999969482422,19.81999969482422,239047
2024-07-24,GATM,20.0,20.149999618530273,19.799999237060547,19.959999084472656,19.959999084472656,369108
2024-07-25,GATM,20.100000381469727,20.149999618530273,19.799999237060547,19.8700008392334,19.8700008392334,348935
2024-07-26,GATM,20.0,20.0,19.299999237060547,19.389999389648438,19.389999389648438,498858
2024-07-29,GATM,19.43000030517578,19.600000381469727,19.0,19.149999618530273,19.149999618530273,618940
2024-07-30,GATM,19.270000457763672,19.709999084472656,19.100000381469727,19.690000534057617,19.690000534057617,373354
2024-07-31,GATM,19.559999465942383,19.709999084472656,19.309999465942383,19.3700008392334,19.3700008392334,106494
2024-08-01,GATM,19.649999618530273,19.649999618530273,19.0,19.030000686645508,19.030000686645508,190987
2024-08-02,GATM,19.190000534057617,19.5,19.110000610351562,19.34000015258789,19.34000015258789,135540
2024-08-05,GATM,19.309999465942383,19.469999313354492,19.010000228881836,19.09000015258789,19.09000015258789,88398
2024-08-06,GATM,19.350000381469727,19.450000762939453,19.010000228881836,19.059999465942383,19.059999465942383,259971
2024-08-07,GATM,19.3700008392334,19.43000030517578,19.200000762939453,19.25,19.25,242383
2024-08-08,GATM,19.399999618530273,19.440000534057617,19.25,19.350000381469727,19.350000381469727,107793
2024-08-09,GATM,19.489999771118164,19.540000915527344,19.270000457763672,19.3700008392334,19.3700008392334,160468
2024-08-12,GATM,19.3799991607666,19.530000686645508,18.860000610351562,18.959999084472656,18.959999084472656,450105
2024-08-13,GATM,18.899999618530273,19.290000915527344,18.899999618530273,19.239999771118164,19.239999771118164,55604
2024-08-15,GATM,19.489999771118164,20.399999618530273,19.190000534057617,19.850000381469727,19.850000381469727,1002899
2024-08-16,GATM,20.0,20.25,19.5,19.510000228881836,19.510000228881836,244207
2024-08-19,GATM,19.450000762939453,19.75,18.90999984741211,19.0,19.0,542595
2024-08-20,GATM,19.0,19.200000762939453,18.969999313354492,19.0,19.0,113429
2024-08-21,GATM,19.0,19.0,18.489999771118164,18.59000015258789,18.59000015258789,1587710
2024-08-22,GATM,18.75,18.940000534057617,18.56999969482422,18.799999237060547,18.799999237060547,626491
2024-08-23,GATM,18.899999618530273,19.520000457763672,18.889999389648438,19.020000457763672,19.020000457763672,1228838
2024-08-26,GATM,19.239999771118164,19.25,18.600000381469727,18.690000534057617,18.690000534057617,319863
2024-08-27,GATM,18.690000534057617,18.950000762939453,18.649999618530273,18.700000762939453,18.700000762939453,133247
2024-08-28,GATM,18.979999542236328,18.979999542236328,18.690000534057617,18.709999084472656,18.709999084472656,171410
2024-08-29,GATM,18.709999084472656,18.979999542236328,18.549999237060547,18.639999389648438,18.639999389648438,430958
2024-08-30,GATM,18.84000015258789,18.889999389648438,18.639999389648438,18.68000030517578,18.68000030517578,353739
2024-09-02,GATM,18.809999465942383,18.889999389648438,18.5,18.530000686645508,18.530000686645508,216302
2024-09-03,GATM,18.690000534057617,18.799999237060547,18.510000228881836,18.75,18.75,93148
2024-09-04,GATM,18.790000915527344,19.190000534057617,18.6200008392334,19.06999969482422,19.06999969482422,413224
2024-09-05,GATM,19.190000534057617,19.299999237060547,18.90999984741211,19.020000457763672,19.020000457763672,235117
2024-09-06,GATM,19.149999618530273,19.25,18.719999313354492,19.0,19.0,198161
2024-09-09,GATM,19.139999389648438,19.139999389648438,18.729999542236328,18.809999465942383,18.809999465942383,326003
2024-09-10,GATM,18.8799991607666,18.8799991607666,18.709999084472656,18.780000686645508,18.780000686645508,81411
2024-09-11,GATM,18.959999084472656,18.959999084472656,18.709999084472656,18.760000228881836,18.760000228881836,176849
2024-09-12,GATM,18.799999237060547,19.010000228881836,18.700000762939453,18.770000457763672,18.770000457763672,262338
2024-09-13,GATM,19.0,19.260000228881836,18.65999984741211,18.739999771118164,18.739999771118164,951855
2024-09-16,GATM,18.93000030517578,18.93000030517578,18.670000076293945,18.68000030517578,18.68000030517578,367108
2024-09-17,GATM,18.68000030517578,18.68000030517578,18.68000030517578,18.68000030517578,18.68000030517578,0
2024-09-18,GATM,18.81999969482422,19.0,18.639999389648438,18.8700008392334,18.8700008392334,367973
2024-09-19,GATM,18.989999771118164,19.0,18.65999984741211,18.709999084472656,18.709999084472656,264232
2024-09-20,GATM,18.799999237060547,18.809999465942383,18.600000381469727,18.639999389648438,18.639999389648438,422192
2024-09-23,GATM,18.84000015258789,18.950000762939453,18.5,18.520000457763672,18.520000457763672,166768
2024-09-24,GATM,18.540000915527344,18.549999237060547,17.950000762939453,17.989999771118164,17.989999771118164,495875
2024-09-25,GATM,18.139999389648438,18.350000381469727,18.139999389648438,18.260000228881836,18.260000228881836,497640
2024-09-26,GATM,18.989999771118164,19.75,18.799999237060547,19.030000686645508,19.030000686645508,5043082
2024-09-27,GATM,19.15999984741211,19.190000534057617,18.850000381469727,19.100000381469727,19.100000381469727,585199
2024-09-30,GATM,19.100000381469727,19.270000457763672,18.81999969482422,18.899999618530273,18.899999618530273,196615
2024-10-01,GATM,18.860000610351562,20.790000915527344,18.709999084472656,20.530000686645508,20.530000686645508,5512094
2024-10-02,GATM,20.600000381469727,21.0,20.030000686645508,20.729999542236328,20.729999542236328,1373456
2024-10-03,GATM,20.510000228881836,21.690000534057617,20.420000076293945,21.170000076293945,21.170000076293945,2595615
2024-10-04,GATM,21.030000686645508,21.489999771118164,20.799999237060547,20.860000610351562,20.860000610351562,1093390
2024-10-07,GATM,20.6200008392334,21.350000381469727,20.6200008392334,20.90999984741211,20.90999984741211,888161
2024-10-08,GATM,21.0,21.25,20.649999618530273,20.75,20.75,635539
2024-10-09,GATM,20.75,20.75,20.75,20.75,20.75,0
2024-10-10,GATM,20.780000686645508,20.780000686645508,20.299999237060547,20.420000076293945,20.420000076293945,322391
2024-10-11,GATM,20.670000076293945,20.75,20.25,20.5,20.5,1644780
2024-10-14,GATM,20.75,21.81999969482422,20.549999237060547,21.209999084472656,21.209999084472656,2904250
2024-10-15,GATM,21.389999389648438,21.389999389648438,21.010000228881836,21.049999237060547,21.049999237060547,553956
2024-10-16,GATM,21.149999618530273,21.600000381469727,20.81999969482422,21.1200008392334,21.1200008392334,1195199
2024-10-17,GATM,21.299999237060547,21.399999618530273,20.90999984741211,20.950000762939453,20.950000762939453,640127
2024-10-18,GATM,21.049999237060547,21.049999237060547,20.610000610351562,20.760000228881836,20.760000228881836,263464
2024-10-21,GATM,20.969999313354492,21.479999542236328,20.899999618530273,21.290000915527344,21.290000915527344,1047313
2024-10-22,GATM,21.389999389648438,21.8799991607666,21.170000076293945,21.270000457763672,21.270000457763672,1190801
2024-10-23,GATM,21.1299991607666,21.5,21.110000610351562,21.200000762939453,21.200000762939453,688534
2024-10-24,GATM,21.479999542236328,21.549999237060547,21.209999084472656,21.450000762939453,21.450000762939453,634668
2024-10-25,GATM,21.5,21.5,21.059999465942383,21.18000030517578,21.18000030517578,681568
2024-10-28,GATM,21.0,21.0,19.299999237060547,19.739999771118164,19.739999771118164,3302578
2024-10-29,GATM,19.790000915527344,20.360000610351562,19.600000381469727,19.770000457763672,19.770000457763672,1011662
2024-10-30,GATM,19.889999389648438,20.020000457763672,19.5,19.540000915527344,19.540000915527344,602398
2024-10-31,GATM,19.700000762939453,19.700000762939453,18.989999771118164,19.030000686645508,19.030000686645508,1496768
2024-11-01,GATM,19.290000915527344,19.290000915527344,19.020000457763672,19.15999984741211,19.15999984741211,871485
2024-11-04,GATM,19.290000915527344,19.600000381469727,19.149999618530273,19.440000534057617,19.440000534057617,1063042
2024-11-05,GATM,19.639999389648438,19.899999618530273,19.15999984741211,19.360000610351562,19.360000610351562,1670482
2024-11-06,GATM,19.469999313354492,19.700000762939453,19.100000381469727,19.299999237060547,19.299999237060547,2429831
2024-11-07,GATM,19.56999969482422,20.0,19.479999542236328,19.889999389648438,19.889999389648438,951500
2024-11-08,GATM,19.950000762939453,20.299999237060547,19.899999618530273,20.1299991607666,20.1299991607666,994128
2024-11-11,GATM,20.200000762939453,20.459999084472656,20.110000610351562,20.190000534057617,20.190000534057617,845341
2024-11-12,GATM,20.260000228881836,20.399999618530273,20.049999237060547,20.31999969482422,20.31999969482422,1178520
2024-11-13,GATM,20.299999237060547,21.040000915527344,20.1200008392334,20.81999969482422,20.81999969482422,2106038
2024-11-14,GATM,21.170000076293945,22.0,21.110000610351562,21.489999771118164,21.489999771118164,4122972
2024-11-15,GATM,22.0,22.049999237060547,21.200000762939453,21.280000686645508,21.280000686645508,1237418
2024-11-18,GATM,21.780000686645508,21.780000686645508,21.209999084472656,21.360000610351562,21.360000610351562,904697
2024-11-19,GATM,21.260000228881836,22.709999084472656,21.260000228881836,22.360000610351562,22.360000610351562,5626600
2024-11-20,GATM,22.700000762939453,22.700000762939453,21.5,21.6299991607666,21.6299991607666,1952099
2024-11-21,GATM,21.899999618530273,21.899999618530273,21.020000457763672,21.59000015258789,21.59000015258789,980993
2024-11-22,GATM,21.860000610351562,21.860000610351562,21.100000381469727,21.239999771118164,21.239999771118164,820928
2024-11-25,GATM,21.229999542236328,21.690000534057617,21.0,21.079999923706055,21.079999923706055,582416
2024-11-26,GATM,21.350000381469727,21.350000381469727,19.899999618530273,20.200000762939453,20.200000762939453,1084232
2024-11-27,GATM,20.5,22.0,20.399999618530273,21.479999542236328,21.479999542236328,2352315
2024-11-28,GATM,21.5,22.6299991607666,21.399999618530273,22.280000686645508,22.280000686645508,2854947
2024-11-29,GATM,22.18000030517578,22.479999542236328,21.899999618530273,21.979999542236328,21.979999542236328,1536859
2024-12-02,GATM,21.989999771118164,23.899999618530273,21.989999771118164,23.780000686645508,23.780000686645508,6870395
2024-12-03,GATM,23.969999313354492,24.200000762939453,23.25,23.889999389648438,23.889999389648438,4224734
2024-12-04,GATM,23.760000228881836,23.8799991607666,23.299999237060547,23.43000030517578,23.43000030517578,933952
2024-12-05,GATM,23.260000228881836,25.299999237060547,23.18000030517578,24.950000762939453,24.950000762939453,7513104
2024-12-06,GATM,25.0,25.299999237060547,24.5,24.690000534057617,24.690000534057617,2173678
2024-12-09,GATM,24.760000228881836,26.479999542236328,24.010000228881836,26.079999923706055,26.079999923706055,4961387
2024-12-10,GATM,26.489999771118164,26.489999771118164,24.079999923706055,24.709999084472656,24.709999084472656,2688044
2024-12-11,GATM,24.780000686645508,26.049999237060547,24.709999084472656,25.84000015258789,25.84000015258789,2700421
2024-12-12,GATM,26.0,27.700000762939453,25.799999237060547,27.280000686645508,27.280000686645508,6556941
2024-12-13,GATM,27.790000915527344,27.799999237060547,26.700000762939453,27.100000381469727,27.100000381469727,2472719
2024-12-16,GATM,27.489999771118164,27.979999542236328,26.510000228881836,26.829999923706055,26.829999923706055,2818898
2024-12-17,GATM,27.389999389648438,27.389999389648438,25.700000762939453,26.030000686645508,26.030000686645508,4244420
2024-12-18,GATM,26.010000228881836,26.799999237060547,25.299999237060547,26.010000228881836,26.010000228881836,4619411
2024-12-19,GATM,25.610000610351562,26.399999618530273,24.25,24.829999923706055,24.829999923706055,2981446
2024-12-20,GATM,24.84000015258789,25.239999771118164,23.850000381469727,24.25,24.25,3420745
2024-12-23,GATM,24.260000228881836,25.549999237060547,24.25,25.299999237060547,25.299999237060547,808960
2024-12-24,GATM,25.299999237060547,26.149999618530273,25.299999237060547,25.5,25.5,2795717
2024-12-26,GATM,25.600000381469727,25.700000762939453,24.709999084472656,24.850000381469727,24.850000381469727,580614
2024-12-27,GATM,24.799999237060547,25.190000534057617,24.75,25.0,25.0,636893
2024-12-30,GATM,25.479999542236328,25.75,24.520000457763672,25.6200008392334,25.6200008392334,636256
2024-12-31,GATM,25.6200008392334,25.739999771118164,25.18000030517578,25.309999465942383,25.309999465942383,1229054
2025-01-01,GATM,25.309999465942383,25.309999465942383,25.309999465942383,25.309999465942383,25.309999465942383,0
2025-01-02,GATM,26.489999771118164,27.579999923706055,26.219999313354492,27.420000076293945,27.420000076293945,1930612
2025-01-03,GATM,27.75,27.75,26.0,26.979999542236328,26.979999542236328,1511596
2025-01-06,GATM,27.25,27.329999923706055,26.1200008392334,26.440000534057617,26.440000534057617,354193
2025-01-07,GATM,26.020000457763672,26.5,25.760000228881836,26.1299991607666,26.1299991607666,473268
2025-01-08,GATM,26.0,26.600000381469727,25.75,25.790000915527344,25.790000915527344,218016
2025-01-09,GATM,25.399999618530273,25.799999237060547,24.899999618530273,25.06999969482422,25.06999969482422,269082
2025-01-10,GATM,25.049999237060547,25.229999542236328,24.399999618530273,24.75,24.75,323188
2025-01-13,GATM,24.510000228881836,26.049999237060547,24.510000228881836,25.969999313354492,25.969999313354492,873420
2025-01-14,GATM,26.489999771118164,26.489999771118164,25.510000228881836,26.219999313354492,26.219999313354492,416597
2025-01-15,GATM,26.020000457763672,26.489999771118164,25.450000762939453,25.540000915527344,25.540000915527344,565408
2025-01-16,GATM,25.899999618530273,25.959999084472656,25.100000381469727,25.239999771118164,25.239999771118164,197448
2025-01-17,GATM,25.1200008392334,25.799999237060547,25.06999969482422,25.670000076293945,25.670000076293945,122823
2025-01-20,GATM,25.700000762939453,25.90999984741211,25.299999237060547,25.350000381469727,25.350000381469727,204467
2025-01-21,GATM,25.309999465942383,26.5,25.309999465942383,26.020000457763672,26.020000457763672,2813911
2025-01-22,GATM,26.200000762939453,26.200000762939453,25.5,25.610000610351562,25.610000610351562,559604
2025-01-23,GATM,26.0,26.079999923706055,25.610000610351562,25.940000534057617,25.940000534057617,287656
2025-01-24,GATM,26.0,26.700000762939453,25.950000762939453,26.56999969482422,26.56999969482422,895419
2025-01-27,GATM,26.299999237060547,26.780000686645508,25.700000762939453,25.790000915527344,25.790000915527344,262604
2025-01-28,GATM,25.559999465942383,26.290000915527344,25.25,25.5,25.5,182918
2025-01-29,GATM,25.799999237060547,25.799999237060547,25.299999237060547,25.469999313354492,25.469999313354492,83745
2025-01-30,GATM,25.770000457763672,25.770000457763672,25.010000228881836,25.34000015258789,25.34000015258789,235002
2025-01-31,GATM,25.5,25.850000381469727,25.110000610351562,25.489999771118164,25.489999771118164,305097
2025-02-03,GATM,25.5,25.5,24.799999237060547,24.8700008392334,24.8700008392334,905915
2025-02-04,GATM,25.0,25.489999771118164,24.299999237060547,24.700000762939453,24.700000762939453,708216
2025-02-06,GATM,24.969999313354492,24.969999313354492,23.799999237060547,24.040000915527344,24.040000915527344,457972
2025-02-07,GATM,24.139999389648438,24.239999771118164,23.600000381469727,23.75,23.75,152400
2025-02-10,GATM,23.989999771118164,24.610000610351562,23.510000228881836,24.3700008392334,24.3700008392334,183323
2025-02-11,GATM,24.020000457763672,24.989999771118164,24.020000457763672,24.860000610351562,24.860000610351562,271872
2025-02-12,GATM,24.979999542236328,25.0,24.40999984741211,24.989999771118164,24.989999771118164,182920
2025-02-13,GATM,24.989999771118164,25.100000381469727,24.610000610351562,24.979999542236328,24.979999542236328,291507
2025-02-14,GATM,24.979999542236328,25.299999237060547,24.510000228881836,25.18000030517578,25.18000030517578,153808
2025-02-17,GATM,25.200000762939453,25.200000762939453,24.350000381469727,24.969999313354492,24.969999313354492,635245
2025-02-18,GATM,24.6200008392334,24.8799991607666,24.56999969482422,24.770000457763672,24.770000457763672,64060
2025-02-19,GATM,24.770000457763672,25.290000915527344,24.5,24.780000686645508,24.780000686645508,495935
2025-02-20,GATM,24.68000030517578,24.940000534057617,24.600000381469727,24.760000228881836,24.760000228881836,152594
2025-02-21,GATM,24.770000457763672,24.889999389648438,24.469999313354492,24.670000076293945,24.670000076293945,111444
2025-02-24,GATM,24.530000686645508,24.729999542236328,24.149999618530273,24.530000686645508,24.530000686645508,206584
2025-02-25,GATM,24.549999237060547,24.549999237060547,24.0,24.219999313354492,24.219999313354492,225094
2025-02-26,GATM,24.020000457763672,24.100000381469727,23.510000228881836,23.920000076293945,23.920000076293945,648869
2025-02-27,GATM,24.059999465942383,24.06999969482422,23.610000610351562,23.719999313354492,23.719999313354492,358832
2025-02-28,GATM,23.6200008392334,23.860000610351562,23.030000686645508,23.3700008392334,23.3700008392334,119880
2025-03-03,GATM,23.020000457763672,23.5,23.0,23.3700008392334,23.3700008392334,160051
2025-03-04,GATM,23.3700008392334,23.3700008392334,23.3700008392334,23.3700008392334,23.3700008392334,0
2025-03-05,GATM,23.280000686645508,23.690000534057617,23.149999618530273,23.15999984741211,23.15999984741211,56263
2025-03-06,GATM,23.5,23.93000030517578,23.489999771118164,23.799999237060547,23.799999237060547,107807
2025-03-07,GATM,23.940000534057617,24.200000762939453,23.010000228881836,24.079999923706055,24.079999923706055,251998
2025-03-10,GATM,24.079999923706055,24.280000686645508,24.0,24.239999771118164,24.239999771118164,113802
2025-03-11,GATM,24.059999465942383,24.489999771118164,23.5,23.989999771118164,23.989999771118164,241211
2025-03-12,GATM,24.0,24.299999237060547,23.649999618530273,23.90999984741211,23.90999984741211,86694
2025-03-13,GATM,24.059999465942383,24.059999465942383,23.860000610351562,23.979999542236328,23.979999542236328,41967
2025-03-14,GATM,23.979999542236328,24.489999771118164,23.899999618530273,24.1200008392334,24.1200008392334,18798
2025-03-17,GATM,24.489999771118164,24.489999771118164,24.0,24.260000228881836,24.260000228881836,69455
2025-03-18,GATM,24.1200008392334,24.399999618530273,24.0,24.100000381469727,24.100000381469727,95149
2025-03-19,GATM,24.389999389648438,24.700000762939453,24.0,24.229999542236328,24.229999542236328,181854
2025-03-20,GATM,24.260000228881836,24.549999237060547,24.020000457763672,24.440000534057617,24.440000534057617,171879
2025-03-21,GATM,24.110000610351562,26.68000030517578,24.110000610351562,25.950000762939453,25.950000762939453,2920263
2025-03-24,GATM,26.489999771118164,26.489999771118164,23.510000228881836,24.360000610351562,24.360000610351562,983419
2025-03-25,GATM,24.479999542236328,24.729999542236328,24.170000076293945,24.31999969482422,24.31999969482422,194312
2025-03-26,GATM,24.31999969482422,24.690000534057617,24.010000228881836,24.360000610351562,24.360000610351562,169290
2025-03-27,GATM,24.700000762939453,24.75,24.190000534057617,24.719999313354492,24.719999313354492,273536
2025-03-28,GATM,24.719999313354492,24.719999313354492,24.719999313354492,24.719999313354492,24.719999313354492,0
2025-03-31,GATM,24.719999313354492,24.719999313354492,24.719999313354492,24.719999313354492,24.719999313354492,0
2025-04-03,GATM,24.5,24.989999771118164,23.520000457763672,24.309999465942383,24.309999465942383,1453952
2025-04-04,GATM,24.030000686645508,24.5,23.809999465942383,23.950000762939453,23.950000762939453,335074
2025-04-07,GATM,23.610000610351562,23.610000610351562,22.0,22.920000076293945,22.920000076293945,550950
2025-04-08,GATM,23.479999542236328,23.479999542236328,22.600000381469727,23.06999969482422,23.06999969482422,305247
2025-04-09,GATM,23.170000076293945,23.280000686645508,22.510000228881836,23.059999465942383,23.059999465942383,196566
2025-04-10,GATM,23.59000015258789,24.75,23.399999618530273,24.520000457763672,24.520000457763672,1265086
2025-04-11,GATM,24.690000534057617,24.709999084472656,23.860000610351562,24.059999465942383,24.059999465942383,492623
2025-04-14,GATM,24.600000381469727,24.600000381469727,24.0,24.360000610351562,24.360000610351562,188157
2025-04-15,GATM,24.479999542236328,24.989999771118164,24.25,24.34000015258789,24.34000015258789,353284
2025-04-16,GATM,24.260000228881836,24.690000534057617,23.510000228881836,23.68000030517578,23.68000030517578,396058
2025-04-17,GATM,23.600000381469727,23.940000534057617,23.40999984741211,23.489999771118164,23.489999771118164,191612
2025-04-18,GATM,23.5,23.799999237060547,23.5,23.610000610351562,23.610000610351562,69357
2025-04-21,GATM,23.610000610351562,24.399999618530273,23.510000228881836,24.100000381469727,24.100000381469727,717677
2025-04-22,GATM,23.81999969482422,24.56999969482422,23.81999969482422,24.31999969482422,24.31999969482422,326839
2025-04-23,GATM,24.34000015258789,24.510000228881836,23.799999237060547,23.8799991607666,23.8799991607666,196678
2025-04-24,GATM,23.809999465942383,24.399999618530273,23.25,24.209999084472656,24.209999084472656,656544
2025-04-25,GATM,24.190000534057617,24.3700008392334,23.600000381469727,23.889999389648438,23.889999389648438,335204
2025-04-28,GATM,24.290000915527344,24.290000915527344,22.600000381469727,22.81999969482422,22.81999969482422,258330
2025-04-29,GATM,22.989999771118164,23.239999771118164,22.299999237060547,22.940000534057617,22.940000534057617,231082
2025-04-30,GATM,22.850000381469727,22.850000381469727,22.149999618530273,22.31999969482422,22.31999969482422,339907
2025-05-02,GATM,22.5,22.8799991607666,21.110000610351562,22.530000686645508,22.530000686645508,148775
2025-05-05,GATM,22.510000228881836,23.190000534057617,22.510000228881836,23.059999465942383,23.059999465942383,197486
2025-05-06,GATM,23.0,23.200000762939453,22.6299991607666,22.809999465942383,22.809999465942383,300971
2025-05-07,GATM,21.010000228881836,22.239999771118164,21.010000228881836,21.809999465942383,21.809999465942383,677587
2025-05-08,GATM,21.829999923706055,22.200000762939453,19.6299991607666,19.65999984741211,19.65999984741211,708277
2025-05-09,GATM,19.989999771118164,20.489999771118164,19.5,20.280000686645508,20.280000686645508,201870
2025-05-12,GATM,22.290000915527344,22.309999465942383,20.5,22.309999465942383,22.309999465942383,500358
2025-05-13,GATM,22.530000686645508,22.950000762939453,22.1299991607666,22.530000686645508,22.530000686645508,188718
2025-05-14,GATM,22.510000228881836,22.90999984741211,22.450000762939453,22.65999984741211,22.65999984741211,78978
2025-05-15,GATM,22.700000762939453,22.850000381469727,22.31999969482422,22.760000228881836,22.760000228881836,428335
2025-05-16,GATM,22.979999542236328,23.5,21.90999984741211,22.18000030517578,22.18000030517578,1930402
2025-05-19,GATM,22.5,23.0,21.959999084472656,22.709999084472656,22.709999084472656,15459424
2025-05-20,GATM,23.059999465942383,24.639999389648438,22.8700008392334,23.969999313354492,23.969999313354492,29115777
2025-05-21,GATM,23.969999313354492,25.399999618530273,23.899999618530273,24.670000076293945,24.670000076293945,15888206
2025-05-22,GATM,24.850000381469727,25.209999084472656,24.049999237060547,24.190000534057617,24.190000534057617,3595828
2025-05-23,GATM,24.020000457763672,24.850000381469727,24.020000457763672,24.309999465942383,24.309999465942383,2644827
2025-05-26,GATM,24.649999618530273,25.280000686645508,24.399999618530273,24.600000381469727,24.600000381469727,2194200
2025-05-27,GATM,24.93000030517578,24.93000030517578,24.15999984741211,24.239999771118164,24.239999771118164,1509864
2025-05-28,GATM,24.239999771118164,24.239999771118164,24.239999771118164,24.239999771118164,24.239999771118164,0
2025-05-29,GATM,24.299999237060547,24.75,24.200000762939453,24.350000381469727,24.350000381469727,1530116
2025-05-30,GATM,24.579999923706055,24.75,24.030000686645508,24.239999771118164,24.239999771118164,1774046
2025-06-02,GATM,24.440000534057617,24.5,24.059999465942383,24.139999389648438,24.139999389648438,738253
2025-06-03,GATM,24.100000381469727,24.469999313354492,24.010000228881836,24.239999771118164,24.239999771118164,841827
2025-06-04,GATM,24.110000610351562,25.100000381469727,24.110000610351562,24.510000228881836,24.510000228881836,2193609
2025-06-05,GATM,24.329999923706055,24.799999237060547,24.329999923706055,24.43000030517578,24.43000030517578,696244
2025-06-06,GATM,24.43000030517578,24.43000030517578,24.43000030517578,24.43000030517578,24.43000030517578,0
2025-06-09,GATM,24.43000030517578,24.43000030517578,24.43000030517578,24.43000030517578,24.43000030517578,0
2025-06-10,GATM,24.600000381469727,24.790000915527344,24.25,24.670000076293945,24.670000076293945,673833
2025-06-11,GATM,24.889999389648438,25.350000381469727,24.549999237060547,24.639999389648438,24.639999389648438,2271729
2025-06-12,GATM,24.549999237060547,25.1299991607666,24.350000381469727,24.440000534057617,24.440000534057617,5534432
2025-06-13,GATM,23.25,24.0,23.25,23.829999923706055,23.829999923706055,1043852
2025-06-16,GATM,23.829999923706055,23.829999923706055,23.829999923706055,23.829999923706055,23.829999923706055,0
2025-06-17,GATM,23.829999923706055,24.559999465942383,23.549999237060547,24.059999465942383,24.059999465942383,1431868
2025-06-18,GATM,24.1200008392334,24.239999771118164,23.549999237060547,23.639999389648438,23.639999389648438,1459997
2025-06-19,GATM,23.649999618530273,24.799999237060547,23.649999618530273,23.780000686645508,23.780000686645508,2058556
2025-06-20,GATM,23.809999465942383,24.079999923706055,23.520000457763672,23.6200008392334,23.6200008392334,738981
2025-06-23,GATM,22.610000610351562,23.200000762939453,21.260000228881836,21.729999542236328,21.729999542236328,2854634
2025-06-24,GATM,23.200000762939453,23.899999618530273,23.0,23.809999465942383,23.809999465942383,1687926
2025-06-25,GATM,23.899999618530273,24.0,23.459999084472656,23.950000762939453,23.950000762939453,705947
2025-06-26,GATM,24.0,24.739999771118164,23.989999771118164,24.270000457763672,24.270000457763672,1825365
2025-06-27,GATM,24.239999771118164,25.899999618530273,24.239999771118164,25.6299991607666,25.6299991607666,5163129
2025-06-30,GATM,26.0,28.190000534057617,26.0,27.469999313354492,27.469999313354492,10376140
2025-07-01,GATM,28.0,28.479999542236328,27.260000228881836,27.530000686645508,27.530000686645508,3126201
2025-07-02,GATM,27.610000610351562,29.350000381469727,27.309999465942383,28.799999237060547,28.799999237060547,6552685
2025-07-03,GATM,28.899999618530273,29.309999465942383,27.510000228881836,28.829999923706055,28.829999923706055,2522636
2025-07-04,GATM,29.0,29.700000762939453,28.200000762939453,29.440000534057617,29.440000534057617,2913141
2025-07-07,GATM,31.510000228881836,32.380001068115234,31.25,32.380001068115234,32.380001068115234,6757907
2025-07-08,GATM,33.939998626708984,35.47999954223633,32.25,32.619998931884766,32.619998931884766,13667752
2025-07-09,GATM,33.0,35.86000061035156,31.5,35.47999954223633,35.47999954223633,13535137
2025-07-10,GATM,35.7599983215332,37.04999923706055,34.79999923706055,35.939998626708984,35.939998626708984,7809377
2025-07-11,GATM,36.20000076293945,36.29999923706055,34.29999923706055,34.40999984741211,34.40999984741211,3377063
2025-07-14,GATM,34.7400016784668,34.79999923706055,33.599998474121094,34.0099983215332,34.0099983215332,3432798
2025-07-15,GATM,34.04999923706055,34.29999923706055,32.29999923706055,32.439998626708984,32.439998626708984,2871401
2025-07-16,GATM,32.45000076293945,33.25,31.670000076293945,32.52000045776367,32.52000045776367,2253764
2025-07-17,GATM,32.79999923706055,33.599998474121094,32.599998474121094,32.849998474121094,32.849998474121094,1010231
2025-07-18,GATM,32.79999923706055,33.099998474121094,31.799999237060547,32.0099983215332,32.0099983215332,695142
2025-07-21,GATM,32.02000045776367,32.25,31.600000381469727,31.81999969482422,31.81999969482422,634479
2025-07-22,GATM,31.610000610351562,32.630001068115234,31.5,31.649999618530273,31.649999618530273,643804
2025-07-23,GATM,31.59000015258789,31.75,31.020000457763672,31.40999984741211,31.40999984741211,472553
2025-07-24,GATM,31.100000381469727,31.829999923706055,31.100000381469727,31.389999389648438,31.389999389648438,615476
2025-07-25,GATM,31.309999465942383,33.70000076293945,31.299999237060547,32.84000015258789,32.84000015258789,3069311
2025-07-28,GATM,33.119998931884766,35.25,33.119998931884766,34.310001373291016,34.310001373291016,4803631
2025-07-29,GATM,34.52000045776367,35.900001525878906,33.70000076293945,33.959999084472656,33.959999084472656,3396600
2025-07-30,GATM,33.5099983215332,34.45000076293945,33.20000076293945,33.560001373291016,33.560001373291016,937434
2025-07-31,GATM,34.02000045776367,35.290000915527344,33.650001525878906,33.95000076293945,33.95000076293945,1497927
2025-08-01,GATM,33.95000076293945,34.29999923706055,31.5,32.45000076293945,32.45000076293945,1247992
2025-08-04,GATM,32.439998626708984,32.599998474121094,31.6299991607666,31.8700008392334,31.8700008392334,701239
2025-08-05,GATM,32.29999923706055,33.650001525878906,32.0,33.400001525878906,33.400001525878906,3763009
2025-08-06,GATM,33.59000015258789,33.900001525878906,32.790000915527344,32.93000030517578,32.93000030517578,1229584
2025-08-07,GATM,33.4900016784668,34.40999984741211,33.099998474121094,34.25,34.25,2572155
2025-08-08,GATM,34.7400016784668,34.7400016784668,33.33000183105469,33.7599983215332,33.7599983215332,1023473
2025-08-11,GATM,33.7599983215332,34.79999923706055,33.599998474121094,34.650001525878906,34.650001525878906,1616881
2025-08-12,GATM,34.75,35.25,34.029998779296875,34.86000061035156,34.86000061035156,2843241
2025-08-13,GATM,34.880001068115234,35.95000076293945,34.880001068115234,35.08000183105469,35.08000183105469,1748206
2025-08-15,GATM,35.150001525878906,35.7400016784668,34.5,34.75,34.75,2017002
2025-08-18,GATM,34.900001525878906,35.54999923706055,34.29999923706055,35.16999816894531,35.16999816894531,846906
2025-08-19,GATM,34.79999923706055,35.900001525878906,34.79999923706055,35.189998626708984,35.189998626708984,3454134
2025-08-20,GATM,35.880001068115234,35.880001068115234,35.0,35.119998931884766,35.119998931884766,773859
2025-08-21,GATM,35.11000061035156,35.5,34.5,34.779998779296875,34.779998779296875,2361983
2025-08-22,GATM,34.70000076293945,35.290000915527344,34.70000076293945,34.790000915527344,34.790000915527344,453107
2025-08-25,GATM,34.900001525878906,35.150001525878906,34.52000045776367,34.79999923706055,34.79999923706055,401177
2025-08-26,GATM,35.0,36.0,34.849998474121094,35.150001525878906,35.150001525878906,3553903
2025-08-27,GATM,35.029998779296875,35.45000076293945,34.849998474121094,35.02000045776367,35.02000045776367,426292
2025-08-28,GATM,34.68000030517578,35.34000015258789,34.68000030517578,34.970001220703125,34.970001220703125,295693
2025-08-29,GATM,34.91999816894531,35.58000183105469,34.72999954223633,35.060001373291016,35.060001373291016,701965
2025-09-01,GATM,35.20000076293945,35.70000076293945,34.75,35.52000045776367,35.52000045776367,820766
2025-09-02,GATM,35.400001525878906,38.400001525878906,35.400001525878906,37.29999923706055,37.29999923706055,5592290
2025-09-03,GATM,37.5,39.400001525878906,37.029998779296875,38.779998779296875,38.779998779296875,2599890
2025-09-04,GATM,38.79999923706055,39.599998474121094,37.560001373291016,38.439998626708984,38.439998626708984,1310006
2025-09-05,GATM,38.11000061035156,40.150001525878906,38.11000061035156,39.59000015258789,39.59000015258789,1917292
2025-09-08,GATM,39.79999923706055,39.9900016784668,38.5,38.77000045776367,38.77000045776367,1927420
2025-09-09,GATM,38.77000045776367,39.099998474121094,37.5,37.97999954223633,37.97999954223633,990112
2025-09-10,GATM,37.79999923706055,38.900001525878906,37.02000045776367,38.59000015258789,38.59000015258789,1361845
2025-09-11,GATM,38.61000061035156,39.22999954223633,37.400001525878906,38.9900016784668,38.9900016784668,2018009
2025-09-12,GATM,39.0,39.25,37.79999923706055,38.119998931884766,38.119998931884766,1077457
2025-09-15,GATM,38.09000015258789,38.25,37.36000061035156,38.0099983215332,38.0099983215332,603251
2025-09-16,GATM,38.4900016784668,38.4900016784668,37.849998474121094,37.95000076293945,37.95000076293945,306757
2025-09-17,GATM,38.0099983215332,38.599998474121094,37.90999984741211,38.099998474121094,38.099998474121094,460122
2025-09-18,GATM,38.20000076293945,39.45000076293945,38.04999923706055,38.290000915527344,38.290000915527344,847087
2025-09-19,GATM,38.310001373291016,38.790000915527344,38.0,38.31999969482422,38.31999969482422,460333
2025-09-22,GATM,38.349998474121094,40.4900016784668,38.099998474121094,39.970001220703125,39.970001220703125,2011260
2025-09-23,GATM,39.970001220703125,39.970001220703125,39.970001220703125,39.970001220703125,39.970001220703125,0
2025-09-24,GATM,39.209999084472656,39.47999954223633,38.400001525878906,38.52000045776367,38.52000045776367,583337
2025-09-25,GATM,38.20000076293945,38.97999954223633,38.060001373291016,38.150001525878906,38.150001525878906,313635
2025-09-26,GATM,38.150001525878906,38.70000076293945,37.5,38.04999923706055,38.04999923706055,1140607
2025-09-29,GATM,38.400001525878906,40.70000076293945,38.04999923706055,39.77000045776367,39.77000045776367,1903029
2025-09-30,GATM,39.900001525878906,40.45000076293945,38.0,38.84000015258789,38.84000015258789,2345439
2025-10-01,GATM,38.400001525878906,39.5,38.0,39.22999954223633,39.22999954223633,1809452
2025-10-02,GATM,39.150001525878906,39.70000076293945,38.02000045776367,38.209999084472656,38.209999084472656,819497
2025-10-03,GATM,38.25,38.36000061035156,36.5,37.0099983215332,37.0099983215332,3225770
2025-10-06,GATM,36.97999954223633,36.97999954223633,34.75,35.68000030517578,35.68000030517578,2095141
2025-10-07,GATM,35.68000030517578,35.68000030517578,35.68000030517578,35.68000030517578,35.68000030517578,0
2025-10-08,GATM,36.79999923706055,37.4900016784668,36.29999923706055,37.029998779296875,37.029998779296875,767467
2025-10-09,GATM,37.0099983215332,38.88999938964844,36.650001525878906,36.939998626708984,36.939998626708984,3608723
2025-10-10,GATM,36.849998474121094,37.099998474121094,36.0,36.38999938964844,36.38999938964844,665507
2025-10-13,GATM,36.20000076293945,36.20000076293945,33.65999984741211,34.18000030517578,34.18000030517578,1913212
2025-10-14,GATM,34.7400016784668,36.650001525878906,34.7400016784668,36.279998779296875,36.279998779296875,1244841
2025-10-15,GATM,36.0,37.189998626708984,36.0,37.0099983215332,37.0099983215332,978587
2025-10-16,GATM,36.5,37.5,36.400001525878906,36.470001220703125,36.470001220703125,219172
2025-10-17,GATM,36.470001220703125,36.599998474121094,35.630001068115234,35.84000015258789,35.84000015258789,97723
2025-10-20,GATM,35.54999923706055,36.0,35.400001525878906,35.65999984741211,35.65999984741211,127844
2025-10-21,GATM,35.70000076293945,35.79999923706055,33.5,35.02000045776367,35.02000045776367,297625
2025-10-22,GATM,34.959999084472656,35.27000045776367,34.540000915527344,35.04999923706055,35.04999923706055,289813
2025-10-23,GATM,35.04999923706055,36.150001525878906,34.36000061035156,35.470001220703125,35.470001220703125,642491
2025-10-24,GATM,35.70000076293945,36.0,35.02000045776367,35.5,35.5,341458
2025-10-27,GATM,34.119998931884766,35.5,32.79999923706055,32.970001220703125,32.970001220703125,1006038
2025-10-28,GATM,32.5099983215332,32.970001220703125,31.149999618530273,31.520000457763672,31.520000457763672,404841
2025-10-29,GATM,31.5,31.6299991607666,29.25,29.489999771118164,29.489999771118164,2357682
2025-10-30,GATM,30.0,30.440000534057617,27.100000381469727,27.540000915527344,27.540000915527344,1090780
2025-10-31,GATM,28.0,28.399999618530273,27.100000381469727,27.3799991607666,27.3799991607666,919469
2025-11-03,GATM,27.889999389648438,28.34000015258789,27.399999618530273,27.770000457763672,27.770000457763672,455641
2025-11-04,GATM,27.899999618530273,27.989999771118164,27.600000381469727,27.690000534057617,27.690000534057617,135846
2025-11-05,GATM,27.530000686645508,27.530000686645508,26.510000228881836,26.8700008392334,26.8700008392334,955802
2025-11-06,GATM,26.8700008392334,27.0,25.969999313354492,26.440000534057617,26.440000534057617,1383347
2025-11-07,GATM,26.350000381469727,27.0,25.489999771118164,26.110000610351562,26.110000610351562,1093686
2025-11-10,GATM,26.110000610351562,27.299999237060547,26.0,26.950000762939453,26.950000762939453,1689786
2025-11-11,GATM,26.889999389648438,27.0,25.850000381469727,25.989999771118164,25.989999771118164,711859
2025-11-12,GATM,25.799999237060547,26.200000762939453,25.510000228881836,25.649999618530273,25.649999618530273,170282
2025-11-13,GATM,25.700000762939453,26.770000457763672,25.700000762939453,26.270000457763672,26.270000457763672,357732
2025-11-14,GATM,26.270000457763672,26.93000030517578,26.020000457763672,26.540000915527344,26.540000915527344,133029
2025-11-17,GATM,26.200000762939453,27.1200008392334,26.200000762939453,26.6299991607666,26.6299991607666,305006
2025-11-18,GATM,26.969999313354492,28.25,26.700000762939453,27.690000534057617,27.690000534057617,1650756
2025-11-19,GATM,27.860000610351562,29.0,27.860000610351562,28.059999465942383,28.059999465942383,2164320
2025-11-20,GATM,28.450000762939453,28.68000030517578,27.850000381469727,27.979999542236328,27.979999542236328,657939
2025-11-21,GATM,28.049999237060547,28.299999237060547,27.270000457763672,27.3799991607666,27.3799991607666,280671
2025-11-24,GATM,27.25,27.75,26.979999542236328,27.389999389648438,27.389999389648438,170933
2025-11-25,GATM,27.389999389648438,27.739999771118164,26.5,26.979999542236328,26.979999542236328,576909
2025-11-26,GATM,26.6299991607666,27.25,26.010000228881836,26.229999542236328,26.229999542236328,674101
2025-11-27,GATM,26.25,26.649999618530273,26.010000228881836,26.270000457763672,26.270000457763672,156844
2025-11-28,GATM,26.299999237060547,28.899999618530273,26.100000381469727,28.850000381469727,28.850000381469727,3966576
2025-12-01,GATM,28.059999465942383,29.489999771118164,27.899999618530273,27.989999771118164,27.989999771118164,2175553
2025-12-02,GATM,28.020000457763672,28.450000762939453,27.040000915527344,27.559999465942383,27.559999465942383,881261
2025-12-03,GATM,27.5,28.239999771118164,27.5,27.579999923706055,27.579999923706055,212237
2025-12-04,GATM,27.600000381469727,27.850000381469727,27.299999237060547,27.5,27.5,81143
2025-12-05,GATM,28.100000381469727,28.100000381469727,27.299999237060547,27.610000610351562,27.610000610351562,176010
2025-12-08,GATM,27.610000610351562,27.899999618530273,27.1200008392334,27.56999969482422,27.56999969482422,223077
2025-12-09,GATM,27.700000762939453,28.110000610351562,27.610000610351562,27.889999389648438,27.889999389648438,492287
2025-12-10,GATM,28.0,28.489999771118164,27.799999237060547,28.149999618530273,28.149999618530273,794273
2025-12-11,GATM,28.200000762939453,29.479999542236328,28.0,28.6299991607666,28.6299991607666,2024244
2025-12-12,GATM,28.6299991607666,29.200000762939453,28.25,28.389999389648438,28.389999389648438,385141
2025-12-15,GATM,28.40999984741211,29.5,28.049999237060547,29.280000686645508,29.280000686645508,1007999
2025-12-16,GATM,29.520000457763672,31.850000381469727,29.399999618530273,30.239999771118164,30.239999771118164,2588542
2025-12-17,GATM,30.5,31.0,30.010000228881836,30.09000015258789,30.09000015258789,1228440
2025-12-18,GATM,30.020000457763672,30.440000534057617,29.299999237060547,29.479999542236328,29.479999542236328,1045741
2025-12-19,GATM,29.59000015258789,29.59000015258789,29.0,29.1200008392334,29.1200008392334,155037
2025-12-22,GATM,29.0,29.290000915527344,28.799999237060547,28.829999923706055,28.829999923706055,214242
2025-12-23,GATM,28.989999771118164,28.989999771118164,28.5,28.520000457763672,28.520000457763672,99487
2025-12-24,GATM,28.610000610351562,28.610000610351562,28.100000381469727,28.15999984741211,28.15999984741211,155225
2025-12-26,GATM,28.049999237060547,28.3799991607666,27.950000762939453,28.31999969482422,28.31999969482422,306252
2025-12-29,GATM,28.510000228881836,28.899999618530273,28.299999237060547,28.31999969482422,28.31999969482422,376933
2025-12-30,GATM,28.520000457763672,28.75,28.0,28.020000457763672,28.020000457763672,2172406
2025-12-31,GATM,28.030000686645508,28.489999771118164,28.0,28.06999969482422,28.06999969482422,260435
