Date,Symbol,Open,High,Low,Close,Adj Close,Volume
2015-01-01,GLAXO,192.77926635742188,193.47088623046875,188.79586791992188,189.7326202392578,132.77671813964844,100174
2015-01-02,GLAXO,189.2335968017578,196.76268005371094,189.2335968017578,193.39210510253906,135.33766174316406,307604
2015-01-05,GLAXO,194.36387634277344,196.87648010253906,192.6917266845703,193.4884033203125,135.40505981445312,158085
2015-01-06,GLAXO,193.47964477539062,196.10606384277344,189.69760131835938,190.6256103515625,133.4016571044922,136954
2015-01-07,GLAXO,189.98651123046875,193.91738891601562,189.97775268554688,190.468017578125,133.29135131835938,88409
2015-01-08,GLAXO,190.89700317382812,193.47088623046875,189.97775268554688,190.345458984375,133.20559692382812,67620
2015-01-09,GLAXO,190.50303649902344,192.3677978515625,188.66453552246094,188.97096252441406,132.24371337890625,69676
2015-01-12,GLAXO,189.54002380371094,195.4932403564453,188.6732940673828,192.35903930664062,134.6147003173828,499272
2015-01-13,GLAXO,193.47964477539062,195.4056854248047,192.6917266845703,193.6109619140625,135.49082946777344,180016
2015-01-14,GLAXO,195.18682861328125,199.21400451660156,195.0554962158203,197.0078125,137.86798095703125,558554
2015-01-15,GLAXO,198.55738830566406,199.95814514160156,195.72085571289062,196.0535430908203,137.20016479492188,281219
2015-01-16,GLAXO,198.2947540283203,198.73248291015625,194.34637451171875,194.7666015625,136.29954528808594,78814
2015-01-19,GLAXO,196.93777465820312,197.41928100585938,193.91738891601562,194.34637451171875,136.00546264648438,90465
2015-01-20,GLAXO,194.79286193847656,195.8434295654297,191.9213104248047,192.586669921875,134.77398681640625,91607
2015-01-21,GLAXO,192.6041717529297,194.79286193847656,192.6041717529297,193.1644744873047,135.17835998535156,65564
2015-01-22,GLAXO,192.77926635742188,193.0419158935547,190.67813110351562,190.9232635498047,133.6099395751953,56997
2015-01-23,GLAXO,191.71994018554688,193.47964477539062,190.8532257080078,191.53610229492188,134.03880310058594,122333
2015-01-26,GLAXO,192.6041717529297,195.2305908203125,191.37850952148438,191.89503479003906,134.28997802734375,293669
2015-01-27,GLAXO,192.64794921875,198.72373962402344,191.4222869873047,195.54576110839844,136.84481811523438,966562
2015-01-28,GLAXO,194.35511779785156,196.88523864746094,192.16644287109375,192.4290771484375,134.66371154785156,173391
2015-01-29,GLAXO,192.6917266845703,193.39210510253906,188.226806640625,189.42620849609375,132.56227111816406,151232
2015-01-30,GLAXO,189.97775268554688,191.99134826660156,189.10227966308594,189.54876708984375,132.64804077148438,104057
2015-02-02,GLAXO,191.0720977783203,191.72869873046875,188.66453552246094,189.03224182128906,132.28656005859375,83269
2015-02-03,GLAXO,190.37171936035156,190.37171936035156,187.7890625,188.5594940185547,131.9557647705078,58939
2015-02-04,GLAXO,189.10227966308594,190.5818328857422,186.92234802246094,187.4301300048828,131.1654052734375,157628
2015-02-05,GLAXO,187.4301300048828,187.4301300048828,187.4301300048828,187.4301300048828,131.1654052734375,0
2015-02-06,GLAXO,187.35133361816406,189.09352111816406,184.73367309570312,185.58287048339844,129.87269592285156,94348
2015-02-09,GLAXO,185.33773803710938,192.6917266845703,185.33773803710938,188.09548950195312,131.63104248046875,326223
2015-02-10,GLAXO,189.10227966308594,191.2909698486328,186.5634002685547,188.10423278808594,131.63717651367188,212113
2015-02-11,GLAXO,189.08477783203125,190.67813110351562,185.61788940429688,186.61593627929688,130.59564208984375,176475
2015-02-12,GLAXO,187.35133361816406,188.48069763183594,182.09849548339844,184.7073974609375,129.260009765625,117993
2015-02-13,GLAXO,184.72491455078125,186.47586059570312,184.33970642089844,185.07510375976562,129.517333984375,97432
2015-02-16,GLAXO,185.6003875732422,193.47964477539062,185.2064208984375,193.0944366455078,135.12937927246094,498587
2015-02-17,GLAXO,193.47964477539062,198.2947540283203,190.19662475585938,191.15089416503906,133.76925659179688,333191
2015-02-18,GLAXO,192.586669921875,195.01171875,189.15481567382812,189.93397521972656,132.9176483154297,116394
2015-02-19,GLAXO,190.59059143066406,190.59059143066406,186.47586059570312,187.48265075683594,131.20216369628906,97432
2015-02-20,GLAXO,193.47964477539062,193.47964477539062,188.23556518554688,189.2423553466797,132.43360900878906,119249
2015-02-23,GLAXO,190.0653076171875,190.0653076171875,187.36009216308594,187.9028778076172,131.49623107910156,56198
2015-02-24,GLAXO,188.226806640625,190.8532257080078,187.7890625,189.75013732910156,132.78897094726562,84754
2015-02-25,GLAXO,190.0215301513672,195.31814575195312,181.35433959960938,187.57894897460938,131.26956176757812,491391
2015-02-26,GLAXO,187.35133361816406,187.35133361816406,182.97396850585938,183.66558837890625,128.5309600830078,156144
2015-02-27,GLAXO,183.8494415283203,192.84054565429688,183.8494415283203,191.53610229492188,134.03880310058594,396242
2015-03-02,GLAXO,193.90863037109375,194.267578125,184.76869201660156,185.63540649414062,129.90943908691406,193952
2015-03-03,GLAXO,186.47586059570312,187.2200164794922,179.47207641601562,182.9477081298828,128.028564453125,183557
2015-03-04,GLAXO,182.9477081298828,185.1626434326172,181.2230224609375,182.0196990966797,127.37914276123047,113310
2015-03-05,GLAXO,182.09849548339844,184.33094787597656,181.2230224609375,182.5099639892578,127.72223663330078,126445
2015-03-06,GLAXO,182.15101623535156,184.6286163330078,180.7852783203125,181.31932067871094,126.88904571533203,151460
2015-03-09,GLAXO,180.35629272460938,182.09849548339844,180.12867736816406,180.31253051757812,126.1844711303711,19874
2015-03-10,GLAXO,180.34754943847656,180.34754943847656,173.34375,174.14918518066406,121.87128448486328,54256
2015-03-11,GLAXO,171.59280395507812,171.59280395507812,165.4557342529297,166.63763427734375,116.61463165283203,224906
2015-03-12,GLAXO,168.9576416015625,171.59280395507812,168.0033721923828,169.1414794921875,118.36683654785156,116165
2015-03-13,GLAXO,169.1852569580078,177.5985565185547,169.1852569580078,177.37094116210938,124.12590026855469,323596
2015-03-16,GLAXO,180.25123596191406,184.72491455078125,177.72113037109375,178.62286376953125,125.00201416015625,363346
2015-03-17,GLAXO,179.384521484375,180.25999450683594,173.74647521972656,177.8174285888672,124.4383544921875,166652
2015-03-18,GLAXO,176.8631591796875,177.37094116210938,168.93136596679688,170.97122192382812,119.6473159790039,115251
2015-03-19,GLAXO,170.7173309326172,174.19296264648438,168.9663848876953,169.4741668701172,118.59966278076172,62937
2015-03-20,GLAXO,170.62979125976562,176.4079132080078,170.62979125976562,173.65892028808594,121.52816772460938,114909
2015-03-23,GLAXO,173.65892028808594,173.65892028808594,173.65892028808594,173.65892028808594,121.52816772460938,0
2015-03-24,GLAXO,176.39915466308594,176.39915466308594,169.84185791015625,170.9362030029297,119.62281036376953,82241
2015-03-25,GLAXO,169.05393981933594,170.27960205078125,166.3399658203125,166.42752075195312,116.46760559082031,44090
2015-03-26,GLAXO,168.09091186523438,169.3165740966797,158.1105194091797,159.96652221679688,111.94612121582031,100973
2015-03-27,GLAXO,159.77391052246094,160.9032745361328,152.41993713378906,153.9607696533203,107.74322509765625,59967
2015-03-30,GLAXO,147.16709899902344,149.7059783935547,146.26536560058594,146.26536560058594,102.35791778564453,37351
2015-03-31,GLAXO,140.94248962402344,153.5755615234375,140.94248962402344,153.5755615234375,107.47367095947266,208687
2015-04-01,GLAXO,154.9588165283203,161.2534637451172,150.58145141601562,161.1221466064453,112.75482940673828,197950
2015-04-02,GLAXO,162.4003448486328,166.3224639892578,162.4003448486328,165.08804321289062,115.53022003173828,152603
2015-04-03,GLAXO,165.98977661132812,170.27960205078125,165.376953125,169.39537048339844,118.54452514648438,159113
2015-04-06,GLAXO,169.84185791015625,172.1180877685547,168.09091186523438,169.9031524658203,118.89987182617188,114452
2015-04-07,GLAXO,167.43431091308594,169.84185791015625,166.3399658203125,167.18917846679688,117.00060272216797,78471
2015-04-08,GLAXO,168.87884521484375,168.9663848876953,166.91778564453125,167.30299377441406,117.08024597167969,42605
2015-04-09,GLAXO,168.9663848876953,168.9663848876953,166.42752075195312,167.21543884277344,117.01897430419922,18732
2015-04-10,GLAXO,168.52865600585938,172.3807373046875,166.7777099609375,170.04322814941406,118.9979019165039,129872
2015-04-13,GLAXO,168.09091186523438,177.72113037109375,168.09091186523438,174.71824645996094,122.26952362060547,277906
2015-04-14,GLAXO,175.97018432617188,176.67056274414062,172.46827697753906,173.1774139404297,121.19122314453125,125303
2015-04-15,GLAXO,169.84185791015625,172.46827697753906,168.9663848876953,170.13076782226562,122.59883880615234,99717
2015-04-16,GLAXO,170.7611083984375,171.59280395507812,169.1414794921875,169.5179443359375,122.1572265625,114452
2015-04-17,GLAXO,169.01016235351562,170.45469665527344,168.09091186523438,169.92941284179688,122.45375061035156,43519
2015-04-20,GLAXO,169.4041290283203,172.64337158203125,168.52865600585938,169.65802001953125,122.2581787109375,99146
2015-04-21,GLAXO,169.65802001953125,174.13168334960938,169.05393981933594,173.27371215820312,124.86370086669922,319941
2015-04-22,GLAXO,174.21922302246094,175.97018432617188,170.7173309326172,171.40896606445312,123.51995086669922,363574
2015-04-23,GLAXO,172.03054809570312,174.21922302246094,171.59280395507812,171.97801208496094,123.92999267578125,122448
2015-04-24,GLAXO,171.6015625,173.3262481689453,171.1550750732422,171.7153778076172,123.74073028564453,23758
2015-04-27,GLAXO,172.07432556152344,173.77273559570312,170.7173309326172,171.6540985107422,123.69658660888672,100973
2015-04-28,GLAXO,170.8136444091797,172.46827697753906,169.00140380859375,169.76307678222656,122.3338851928711,74816
2015-04-29,GLAXO,170.7173309326172,171.59280395507812,161.9626007080078,162.697998046875,117.24266815185547,175676
2015-04-30,GLAXO,163.26705932617188,164.32638549804688,162.7417755126953,163.06570434570312,117.50765228271484,117764
2015-05-01,GLAXO,163.06570434570312,163.06570434570312,163.06570434570312,163.06570434570312,117.50765228271484,0
2015-05-04,GLAXO,162.92562866210938,171.2163543701172,162.83807373046875,169.10646057128906,121.8607406616211,373512
2015-05-05,GLAXO,168.9663848876953,170.27960205078125,162.8555908203125,164.80789184570312,118.76311492919922,126217
2015-05-06,GLAXO,164.58901977539062,168.09091186523438,164.58901977539062,165.53453063964844,119.28671264648438,38950
2015-05-07,GLAXO,164.7203369140625,165.1143035888672,163.7135467529297,164.91294860839844,118.83882904052734,33581
2015-05-08,GLAXO,158.46070861816406,165.02676391601562,157.62901306152344,163.44215393066406,117.7789306640625,70133
2015-05-11,GLAXO,162.27777099609375,162.27777099609375,155.83428955078125,156.97239685058594,113.1167221069336,58939
2015-05-12,GLAXO,158.01422119140625,160.5618438720703,156.28077697753906,160.18539428710938,115.43205261230469,41234
2015-05-13,GLAXO,161.5248565673828,163.7135467529297,158.50448608398438,159.47625732421875,114.92103576660156,35523
2015-05-14,GLAXO,161.08712768554688,167.4430694580078,161.08712768554688,167.4430694580078,120.66204833984375,215654
2015-05-15,GLAXO,167.47808837890625,170.7173309326172,167.47808837890625,169.20277404785156,121.93013000488281,367458
2015-05-18,GLAXO,169.84185791015625,170.7173309326172,166.7777099609375,167.9070587158203,120.99641418457031,89779
2015-05-19,GLAXO,170.7173309326172,170.7173309326172,166.43626403808594,167.04910278320312,120.37814331054688,40092
2015-05-20,GLAXO,166.34872436523438,168.87008666992188,166.34872436523438,167.74072265625,120.87652587890625,46831
2015-05-21,GLAXO,165.28939819335938,168.9663848876953,165.28939819335938,168.4761199951172,121.40646362304688,6624
2015-05-22,GLAXO,168.9663848876953,169.84185791015625,167.65318298339844,168.1346893310547,121.1604232788086,82126
2015-05-25,GLAXO,170.48971557617188,175.09471130371094,167.31173706054688,171.9254913330078,123.89215087890625,369971
2015-05-26,GLAXO,170.27960205078125,170.7173309326172,168.9663848876953,169.920654296875,122.44744873046875,22045
2015-05-27,GLAXO,170.70858764648438,172.1180877685547,169.84185791015625,170.0869903564453,122.56729125976562,50030
2015-05-28,GLAXO,171.59280395507812,171.59280395507812,168.54615783691406,170.50721740722656,122.87012481689453,19418
2015-05-29,GLAXO,171.28639221191406,172.03054809570312,169.84185791015625,170.75234985351562,123.04674530029297,21816
2015-06-01,GLAXO,170.7173309326172,172.68714904785156,170.7173309326172,172.2144012451172,124.1003189086914,55398
2015-06-02,GLAXO,173.2386932373047,176.8456573486328,172.03054809570312,172.65213012695312,124.415771484375,293783
2015-06-03,GLAXO,172.90602111816406,173.781494140625,170.95372009277344,171.78541564941406,123.79121398925781,44318
2015-06-04,GLAXO,171.8204345703125,173.34375,170.70858764648438,171.3039093017578,123.44425964355469,59396
2015-06-05,GLAXO,171.3039093017578,171.3039093017578,171.3039093017578,171.3039093017578,123.44425964355469,0
2015-06-08,GLAXO,171.3039093017578,171.3039093017578,171.3039093017578,171.3039093017578,123.44425964355469,0
2015-06-09,GLAXO,173.34375,174.39431762695312,170.89242553710938,171.54904174804688,123.62086486816406,191096
2015-06-10,GLAXO,171.6540985107422,172.4245147705078,168.9663848876953,170.21832275390625,122.66191864013672,66706
2015-06-11,GLAXO,170.27960205078125,171.81167602539062,170.27960205078125,170.55975341796875,122.90797424316406,45232
2015-06-12,GLAXO,170.73484802246094,171.7678985595703,169.859375,171.40020751953125,123.51361846923828,99146
2015-06-15,GLAXO,170.73484802246094,171.6015625,169.85061645507812,170.0344696044922,122.52945709228516,25928
2015-06-16,GLAXO,169.84185791015625,170.7173309326172,168.20472717285156,168.87884521484375,121.69666290283203,38836
2015-06-17,GLAXO,169.4041290283203,171.50526428222656,168.10842895507812,168.9138641357422,121.72193145751953,61338
2015-06-18,GLAXO,169.83311462402344,175.97018432617188,169.4041290283203,175.26980590820312,126.3021240234375,722351
2015-06-19,GLAXO,174.21922302246094,175.53244018554688,170.7173309326172,171.3039093017578,123.44425964355469,99260
2015-06-22,GLAXO,172.29318237304688,172.29318237304688,168.52865600585938,170.5947723388672,122.93321228027344,33924
2015-06-23,GLAXO,171.5840606689453,172.46827697753906,170.28836059570312,170.6560516357422,122.97737121582031,79499
2015-06-24,GLAXO,170.7173309326172,171.59280395507812,169.10646057128906,169.93817138671875,122.46006774902344,102458
2015-06-25,GLAXO,170.05197143554688,170.05197143554688,168.09967041015625,169.63174438476562,122.23924255371094,129187
2015-06-26,GLAXO,169.82435607910156,174.9196014404297,169.22903442382812,170.69107055664062,123.00261688232422,189954
2015-06-29,GLAXO,169.84185791015625,169.84185791015625,168.10842895507812,169.27281188964844,121.9805679321289,30383
2015-06-30,GLAXO,171.23387145996094,172.3807373046875,169.3165740966797,171.19009399414062,123.36222839355469,105085
2015-07-01,GLAXO,171.1550750732422,172.81846618652344,170.06072998046875,170.56851196289062,122.91427612304688,44318
2015-07-02,GLAXO,171.59280395507812,173.34375,171.1550750732422,171.91673278808594,123.88585662841797,73217
2015-07-03,GLAXO,173.781494140625,174.21922302246094,171.3739471435547,173.59764099121094,125.09713745117188,100517
2015-07-06,GLAXO,176.83689880371094,176.83689880371094,172.46827697753906,173.52760314941406,125.0466537475586,68991
2015-07-07,GLAXO,174.20172119140625,176.8456573486328,174.20172119140625,175.45364379882812,126.4345932006836,208915
2015-07-08,GLAXO,173.4400634765625,175.08595275878906,170.85740661621094,171.8817138671875,123.86062622070312,22730
2015-07-09,GLAXO,172.45953369140625,172.46827697753906,170.77862548828125,171.31265258789062,123.45053100585938,32668
2015-07-10,GLAXO,172.03054809570312,172.03054809570312,167.9595947265625,168.88760375976562,121.7029800415039,61909
2015-07-13,GLAXO,168.9663848876953,169.99069213867188,168.52865600585938,169.6930389404297,122.28341674804688,13364
2015-07-14,GLAXO,170.57725524902344,172.90602111816406,170.542236328125,171.7678985595703,123.77860260009766,84297
2015-07-15,GLAXO,172.73092651367188,172.90602111816406,170.49847412109375,171.81167602539062,123.81014251708984,41234
2015-07-16,GLAXO,170.96246337890625,171.5840606689453,169.83311462402344,170.19204711914062,122.64299011230469,80413
2015-07-17,GLAXO,170.19204711914062,170.19204711914062,170.19204711914062,170.19204711914062,122.64299011230469,0
2015-07-20,GLAXO,170.19204711914062,170.19204711914062,170.19204711914062,170.19204711914062,122.64299011230469,0
2015-07-21,GLAXO,170.19204711914062,170.19204711914062,170.19204711914062,170.19204711914062,122.64299011230469,0
2015-07-22,GLAXO,169.93817138671875,171.81167602539062,169.84185791015625,169.98193359375,122.49158477783203,26271
2015-07-23,GLAXO,170.70858764648438,171.11129760742188,169.07144165039062,169.37786865234375,122.05631256103516,12336
2015-07-24,GLAXO,170.6998291015625,170.6998291015625,168.178466796875,169.0364227294922,121.81025695800781,26271
2015-07-27,GLAXO,169.83311462402344,169.83311462402344,166.3399658203125,166.3837432861328,119.89868927001953,59853
2015-07-28,GLAXO,166.5150604248047,168.26600646972656,165.72714233398438,166.12109375,119.70940399169922,54713
2015-07-29,GLAXO,164.5977783203125,168.00335693359375,164.58901977539062,166.20864868164062,119.77249908447266,49344
2015-07-30,GLAXO,167.5131072998047,167.5218505859375,164.58901977539062,165.29815673828125,119.11638641357422,18846
2015-07-31,GLAXO,166.33120727539062,166.7777099609375,164.60653686523438,166.4012451171875,119.91128540039062,42491
2015-08-03,GLAXO,167.1278839111328,168.09091186523438,164.58901977539062,165.28939819335938,119.11009979248047,19418
2015-08-04,GLAXO,165.90223693847656,167.3380126953125,165.46449279785156,167.180419921875,120.47278594970703,50715
2015-08-05,GLAXO,165.47325134277344,175.53244018554688,165.46449279785156,175.53244018554688,126.49136352539062,649248
2015-08-06,GLAXO,178.1501007080078,183.84068298339844,177.72113037109375,181.81834411621094,131.02108764648438,603330
2015-08-07,GLAXO,182.97396850585938,182.97396850585938,175.09471130371094,177.16957092285156,127.6711196899414,215083
2015-08-10,GLAXO,178.5966033935547,181.57321166992188,177.72113037109375,178.57032775878906,128.68052673339844,170536
2015-08-11,GLAXO,181.13546752929688,185.07510375976562,181.13546752929688,184.05079650878906,132.6298370361328,571462
2015-08-12,GLAXO,185.6003875732422,193.2520294189453,185.6003875732422,193.2520294189453,139.2603759765625,444559
2015-08-13,GLAXO,196.98153686523438,201.79664611816406,190.8532257080078,200.5359649658203,144.50929260253906,906709
2015-08-14,GLAXO,200.5359649658203,200.5359649658203,200.5359649658203,200.5359649658203,144.50929260253906,0
2015-08-17,GLAXO,203.10986328125,206.61175537109375,198.90757751464844,201.9542236328125,145.53131103515625,1592395
2015-08-18,GLAXO,203.46005249023438,207.0494842529297,202.24313354492188,203.22366333007812,146.44610595703125,1173650
2015-08-19,GLAXO,204.77325439453125,207.4784698486328,198.73248291015625,200.00192260742188,144.1244659423828,504526
2015-08-20,GLAXO,200.0457000732422,200.4746856689453,190.00401306152344,193.7860565185547,139.6452178955078,396699
2015-08-21,GLAXO,193.47964477539062,193.47964477539062,184.73367309570312,186.36204528808594,134.2953643798828,215083
2015-08-24,GLAXO,183.83192443847656,184.72491455078125,177.04701232910156,177.16957092285156,127.6711196899414,284988
2015-08-25,GLAXO,180.3300323486328,186.02061462402344,169.84185791015625,180.505126953125,130.07476806640625,1321456
2015-08-26,GLAXO,189.5225067138672,189.5225067138672,189.5225067138672,189.5225067138672,136.5728302001953,37693
2015-08-27,GLAXO,198.99513244628906,198.99513244628906,193.47964477539062,198.99513244628906,143.39895629882812,917103
2015-08-28,GLAXO,204.86080932617188,206.61175537109375,200.48342895507812,201.77914428710938,145.4051513671875,447529
2015-08-31,GLAXO,202.40948486328125,202.40948486328125,195.2305908203125,196.10606384277344,141.3170166015625,521546
2015-09-01,GLAXO,196.09732055664062,200.39588928222656,191.73745727539062,193.07693481445312,139.1342010498047,466947
2015-09-02,GLAXO,191.81625366210938,196.4562530517578,188.71707153320312,191.9300537109375,138.3077392578125,412690
2015-09-03,GLAXO,193.3833465576172,196.54380798339844,190.2404022216797,190.7919464111328,137.4875946044922,275165
2015-09-04,GLAXO,191.2909698486328,191.2909698486328,184.11207580566406,187.30755615234375,134.97669982910156,172363
2015-09-07,GLAXO,188.92718505859375,190.7481689453125,179.47207641601562,180.3300323486328,129.94857788085938,188355
2015-09-08,GLAXO,180.3300323486328,182.9652099609375,175.09471130371094,181.0566864013672,130.4722442626953,140266
2015-09-09,GLAXO,182.05471801757812,190.10906982421875,181.0566864013672,189.5662841796875,136.60435485839844,444216
2015-09-10,GLAXO,189.10227966308594,193.91738891601562,188.226806640625,192.4903564453125,138.71151733398438,609384
2015-09-11,GLAXO,193.0419158935547,202.0067596435547,191.37850952148438,193.18199157714844,139.20989990234375,517320
2015-09-14,GLAXO,194.88040161132812,196.01852416992188,186.3883056640625,188.848388671875,136.08705139160156,178874
2015-09-15,GLAXO,190.53805541992188,193.0419158935547,187.35133361816406,189.5662841796875,136.60435485839844,143008
2015-09-16,GLAXO,191.2909698486328,193.47964477539062,190.2404022216797,192.22772216796875,138.52223205566406,97547
2015-09-17,GLAXO,194.79286193847656,198.74124145507812,190.0740509033203,190.84446716308594,137.5254364013672,433137
2015-09-18,GLAXO,192.4816131591797,192.4816131591797,186.5634002685547,187.044921875,134.7874298095703,126674
2015-09-21,GLAXO,188.226806640625,189.01473999023438,185.6003875732422,187.4914093017578,135.1091766357422,38150
2015-09-22,GLAXO,188.226806640625,192.6041717529297,188.226806640625,190.468017578125,137.25418090820312,211428
2015-09-23,GLAXO,189.10227966308594,193.91738891601562,189.10227966308594,191.29971313476562,137.853515625,305092
2015-09-24,GLAXO,191.29971313476562,191.29971313476562,191.29971313476562,191.29971313476562,137.853515625,0
2015-09-25,GLAXO,191.29971313476562,191.29971313476562,191.29971313476562,191.29971313476562,137.853515625,0
2015-09-28,GLAXO,192.77926635742188,196.53504943847656,191.72869873046875,193.00689697265625,139.08372497558594,315257
2015-09-29,GLAXO,188.70831298828125,189.54002380371094,184.28717041015625,185.78424072265625,133.8789825439453,139695
2015-09-30,GLAXO,189.97775268554688,189.97775268554688,186.47586059570312,187.09744262695312,134.82528686523438,155915
2015-10-01,GLAXO,189.54002380371094,192.6041717529297,187.65774536132812,189.1723175048828,136.3204345703125,134669
2015-10-02,GLAXO,189.18983459472656,192.6041717529297,189.10227966308594,190.4505157470703,137.2415771484375,111939
2015-10-05,GLAXO,191.2909698486328,191.72869873046875,188.31436157226562,188.60325622558594,135.910400390625,39749
2015-10-06,GLAXO,189.98651123046875,192.51663208007812,189.10227966308594,190.15284729003906,137.0270538330078,131700
2015-10-07,GLAXO,190.19662475585938,190.19662475585938,183.8494415283203,187.5001678466797,135.11549377441406,88751
2015-10-08,GLAXO,187.044921875,193.91738891601562,186.17819213867188,192.8843231201172,138.99542236328125,243982
2015-10-09,GLAXO,193.47088623046875,194.79286193847656,189.5837860107422,192.33277893066406,138.5979461669922,285788
2015-10-12,GLAXO,192.6041717529297,195.23934936523438,188.226806640625,189.5137481689453,136.56651306152344,343471
2015-10-13,GLAXO,189.09352111816406,190.8532257080078,187.85035705566406,188.2705841064453,135.670654296875,147805
2015-10-14,GLAXO,188.98846435546875,192.4290771484375,188.98846435546875,191.53610229492188,138.02383422851562,316971
2015-10-15,GLAXO,191.6411590576172,193.90863037109375,189.97775268554688,190.5730743408203,137.3298797607422,402639
2015-10-16,GLAXO,191.6324005126953,192.6041717529297,188.226806640625,190.0828094482422,136.97657775878906,150204
2015-10-19,GLAXO,190.8532257080078,191.7024383544922,189.10227966308594,190.59059143066406,137.34249877929688,205260
2015-10-20,GLAXO,190.83572387695312,197.8570098876953,189.9602508544922,196.14984130859375,141.3485870361328,1067079
2015-10-21,GLAXO,201.34140014648438,205.8675994873047,200.36087036132812,205.0884246826172,147.78985595703125,2876957
2015-10-22,GLAXO,205.7362823486328,206.58547973632812,197.94456481933594,199.11769104003906,143.4872589111328,1311290
2015-10-23,GLAXO,199.11769104003906,199.11769104003906,199.11769104003906,199.11769104003906,143.4872589111328,0
2015-10-26,GLAXO,198.73248291015625,208.18760681152344,196.98153686523438,205.97265625,148.4270477294922,2974961
2015-10-27,GLAXO,206.61175537109375,214.3596954345703,204.86080932617188,206.27906799316406,148.64788818359375,2882325
2015-10-28,GLAXO,205.7362823486328,208.275146484375,199.95814514160156,200.8861541748047,144.76165771484375,812817
2015-10-29,GLAXO,201.4464569091797,204.32676696777344,199.6955108642578,200.98245239257812,144.83103942871094,317885
2015-10-30,GLAXO,201.35891723632812,201.79664611816406,197.8570098876953,198.0758819580078,142.7365264892578,207659
2015-11-02,GLAXO,198.73248291015625,201.35891723632812,196.98153686523438,197.34048461914062,142.20657348632812,234615
2015-11-03,GLAXO,198.0321044921875,199.6079559326172,195.54576110839844,196.4037322998047,141.5315399169922,170079
2015-11-04,GLAXO,197.8482666015625,200.41339111328125,196.98153686523438,198.9688720703125,143.38002014160156,478141
2015-11-05,GLAXO,200.48342895507812,202.8297119140625,198.38229370117188,201.42893981933594,145.15280151367188,649591
2015-11-06,GLAXO,203.10986328125,210.98912048339844,202.23439025878906,205.14096069335938,147.82774353027344,2420404
2015-11-09,GLAXO,205.14096069335938,205.14096069335938,205.14096069335938,205.14096069335938,147.82774353027344,0
2015-11-10,GLAXO,201.35891723632812,203.54759216308594,198.73248291015625,199.22274780273438,143.56295776367188,267855
2015-11-11,GLAXO,197.8570098876953,200.0457000732422,195.6683349609375,198.3560333251953,142.93841552734375,203318
2015-11-12,GLAXO,199.6079559326172,206.50669860839844,199.6079559326172,205.5786895751953,148.14315795898438,533311
2015-11-13,GLAXO,207.3121337890625,210.55137634277344,204.21295166015625,205.2372589111328,147.89712524414062,1027443
2015-11-16,GLAXO,205.2372589111328,205.7362823486328,203.10986328125,203.1886444091797,146.42086791992188,234958
2015-11-17,GLAXO,204.90457153320312,206.61175537109375,202.32192993164062,202.80343627929688,146.14328002929688,362318
2015-11-18,GLAXO,203.54759216308594,204.32676696777344,202.23439025878906,203.24118041992188,146.4586944580078,195437
2015-11-19,GLAXO,204.4055633544922,206.96194458007812,203.19740295410156,205.8588409423828,148.34503173828125,483052
2015-11-20,GLAXO,207.4872283935547,209.2119140625,203.60012817382812,204.2392120361328,147.1779022216797,532626
2015-11-23,GLAXO,204.85205078125,207.39967346191406,203.3987579345703,203.88027954101562,146.91925048828125,541421
2015-11-24,GLAXO,204.86080932617188,207.92495727539062,203.20616149902344,203.64389038085938,146.74891662597656,524516
2015-11-25,GLAXO,204.5193634033203,204.66819763183594,196.98153686523438,199.64297485351562,143.8657684326172,434964
2015-11-26,GLAXO,200.4746856689453,202.8472137451172,197.76947021484375,198.04086303710938,142.7113037109375,259174
2015-11-27,GLAXO,198.73248291015625,198.73248291015625,194.48643493652344,195.16055297851562,140.63571166992188,140152
2015-11-30,GLAXO,195.74713134765625,196.98153686523438,188.31436157226562,190.25790405273438,137.10276794433594,135126
2015-12-01,GLAXO,192.15768432617188,192.6041717529297,181.66075134277344,182.42242431640625,131.45640563964844,281790
2015-12-02,GLAXO,182.42242431640625,191.53610229492188,181.2230224609375,191.53610229492188,138.02383422851562,436677
2015-12-03,GLAXO,193.0419158935547,194.35511779785156,189.32115173339844,192.09640502929688,138.4276123046875,371913
2015-12-04,GLAXO,190.8532257080078,201.70034790039062,190.8532257080078,201.0087127685547,144.8499755859375,773752
2015-12-07,GLAXO,202.2869110107422,203.6789093017578,198.73248291015625,199.2490234375,143.58189392089844,588367
2015-12-08,GLAXO,197.4630584716797,201.052490234375,195.2305908203125,195.948486328125,141.20347595214844,210171
2015-12-09,GLAXO,196.09732055664062,200.6585235595703,196.09732055664062,197.96206665039062,142.6544952392578,329421
2015-12-10,GLAXO,199.62547302246094,200.48342895507812,197.8570098876953,199.10894775390625,143.48097229003906,424227
2015-12-11,GLAXO,199.51165771484375,199.6079559326172,195.5019989013672,195.9659881591797,141.21609497070312,175562
2015-12-14,GLAXO,196.56130981445312,196.56130981445312,189.54002380371094,192.07888793945312,138.4149932861328,132956
2015-12-15,GLAXO,193.21701049804688,195.2305908203125,189.10227966308594,190.97579956054688,137.62010192871094,164710
2015-12-16,GLAXO,191.50982666015625,192.95436096191406,190.5205535888672,191.15089416503906,137.74627685546875,68534
2015-12-17,GLAXO,191.72869873046875,195.13429260253906,191.72869873046875,192.49911499023438,138.71780395507812,158314
2015-12-18,GLAXO,193.30455017089844,197.40176391601562,192.6041717529297,194.97671508789062,140.5032196044922,278020
2015-12-21,GLAXO,195.36192321777344,197.069091796875,194.57398986816406,195.5545196533203,140.91958618164062,137182
2015-12-22,GLAXO,196.10606384277344,197.76947021484375,194.5477294921875,195.7121124267578,141.03314208984375,69905
2015-12-23,GLAXO,195.2305908203125,199.6079559326172,195.2305908203125,196.23739624023438,141.4116668701172,322910
2015-12-24,GLAXO,196.23739624023438,196.23739624023438,196.23739624023438,196.23739624023438,141.4116668701172,0
2015-12-25,GLAXO,196.23739624023438,196.23739624023438,196.23739624023438,196.23739624023438,141.4116668701172,0
2015-12-28,GLAXO,196.98153686523438,198.0321044921875,194.96795654296875,195.29188537597656,140.7303466796875,200805
2015-12-29,GLAXO,196.01852416992188,196.54380798339844,193.47964477539062,193.8736114501953,139.70831298828125,75958
2015-12-30,GLAXO,194.0487060546875,194.13624572753906,191.72869873046875,192.77926635742188,138.91969299316406,104172
2015-12-31,GLAXO,195.2305908203125,195.2305908203125,191.77247619628906,192.62168884277344,138.80613708496094,71161
2016-01-01,GLAXO,193.47088623046875,195.82591247558594,192.6041717529297,193.57594299316406,139.49378967285156,278820
2016-01-04,GLAXO,192.64794921875,194.13624572753906,190.8532257080078,191.0283203125,137.65794372558594,131129
2016-01-05,GLAXO,189.10227966308594,193.47964477539062,184.72491455078125,191.71994018554688,138.15635681152344,196807
2016-01-06,GLAXO,191.77247619628906,201.29762268066406,191.72869873046875,199.4853973388672,143.7522430419922,847198
2016-01-07,GLAXO,200.22079467773438,206.39288330078125,198.73248291015625,201.29762268066406,145.0581512451172,1875784
2016-01-08,GLAXO,201.18380737304688,202.97853088378906,197.42803955078125,198.32101440429688,142.9131622314453,460093
2016-01-11,GLAXO,198.73248291015625,199.6079559326172,195.6683349609375,195.948486328125,141.20347595214844,207659
2016-01-12,GLAXO,195.4056854248047,195.65957641601562,192.34153747558594,194.34637451171875,140.04898071289062,197036
2016-01-13,GLAXO,196.50003051757812,197.76947021484375,192.6041717529297,193.58470153808594,139.50010681152344,280533
2016-01-14,GLAXO,192.51663208007812,192.51663208007812,184.72491455078125,185.62664794921875,133.7654266357422,278249
2016-01-15,GLAXO,188.13925170898438,188.226806640625,182.09849548339844,183.306640625,132.0935821533203,257803
2016-01-18,GLAXO,181.2230224609375,184.72491455078125,175.53244018554688,181.96717834472656,131.1283721923828,246837
2016-01-19,GLAXO,183.0177459716797,187.7890625,181.2230224609375,186.12567138671875,134.12501525878906,364945
2016-01-20,GLAXO,183.8494415283203,187.2200164794922,182.97396850585938,185.6003875732422,133.74647521972656,232217
2016-01-21,GLAXO,186.91358947753906,192.3852996826172,186.2132110595703,187.01864624023438,134.7685089111328,394529
2016-01-22,GLAXO,189.09352111816406,193.4884033203125,189.09352111816406,193.07693481445312,139.1342010498047,445815
2016-01-25,GLAXO,196.98153686523438,196.98153686523438,189.97775268554688,190.59059143066406,137.34249877929688,149290
2016-01-26,GLAXO,189.97775268554688,193.47964477539062,189.10227966308594,191.9125518798828,138.2951202392578,104971
2016-01-27,GLAXO,193.3833465576172,193.47964477539062,191.2034149169922,191.3084716796875,137.8598175048828,89665
2016-01-28,GLAXO,191.2909698486328,192.5954132080078,190.89700317382812,191.1859130859375,137.77149963378906,37808
2016-01-29,GLAXO,193.02439880371094,194.5477294921875,190.95828247070312,191.29971313476562,137.853515625,323596
2016-02-01,GLAXO,191.6411590576172,196.98153686523438,191.59738159179688,196.10606384277344,141.3170166015625,630972
2016-02-02,GLAXO,196.98153686523438,197.78697204589844,192.6041717529297,193.0506591796875,139.11526489257812,362318
2016-02-03,GLAXO,192.5954132080078,194.57398986816406,191.73745727539062,192.91058349609375,139.01429748535156,367229
2016-02-04,GLAXO,194.0924835205078,194.70530700683594,192.62168884277344,192.98062133789062,139.0647735595703,171564
2016-02-05,GLAXO,192.98062133789062,192.98062133789062,192.98062133789062,192.98062133789062,139.0647735595703,0
2016-02-08,GLAXO,192.6041717529297,196.10606384277344,192.6041717529297,193.8736114501953,139.70831298828125,469231
2016-02-09,GLAXO,193.47964477539062,194.41639709472656,192.6041717529297,194.0924835205078,139.86602783203125,240898
2016-02-10,GLAXO,193.56719970703125,196.32493591308594,191.4835662841797,192.0351104736328,138.38345336914062,446272
2016-02-11,GLAXO,192.6041717529297,197.66441345214844,192.6041717529297,193.3745880126953,139.3486785888672,761987
2016-02-12,GLAXO,194.79286193847656,194.79286193847656,189.98651123046875,190.73941040039062,137.4497528076172,189725
2016-02-15,GLAXO,192.6041717529297,193.46214294433594,190.8532257080078,190.97579956054688,137.62010192871094,180816
2016-02-16,GLAXO,191.71994018554688,192.07012939453125,190.468017578125,190.69564819335938,137.41822814941406,70361
2016-02-17,GLAXO,190.2404022216797,190.8532257080078,188.9009246826172,189.71511840820312,136.71160888671875,49344
2016-02-18,GLAXO,190.50303649902344,190.8532257080078,183.4116973876953,184.4185028076172,132.89480590820312,217139
2016-02-19,GLAXO,184.6898956298828,184.6898956298828,179.47207641601562,180.8465576171875,130.32080078125,187669
2016-02-22,GLAXO,180.35629272460938,181.27554321289062,175.53244018554688,176.1277618408203,126.92034912109375,149404
2016-02-23,GLAXO,176.85440063476562,178.5878448486328,169.859375,176.6355438232422,127.28628540039062,191325
2016-02-24,GLAXO,176.46044921875,181.92340087890625,175.97018432617188,180.2687530517578,129.90444946289062,160827
2016-02-25,GLAXO,180.7677764892578,181.66075134277344,176.8456573486328,177.61607360839844,127.99288177490234,208572
2016-02-26,GLAXO,179.46331787109375,180.3387908935547,177.54603576660156,179.2181854248047,129.14736938476562,176133
2016-02-29,GLAXO,179.47207641601562,180.75025939941406,178.1588592529297,178.72792053222656,128.79408264160156,72646
2016-03-01,GLAXO,178.7104034423828,181.35433959960938,178.7104034423828,179.50709533691406,129.35556030273438,124846
2016-03-02,GLAXO,180.56640625,182.31736755371094,180.34754943847656,180.7239990234375,130.2324981689453,104514
2016-03-03,GLAXO,182.0809783935547,182.52748107910156,179.9973602294922,181.31056213378906,130.65516662597656,141751
2016-03-04,GLAXO,181.83584594726562,190.37171936035156,181.66075134277344,190.37171936035156,137.18478393554688,219766
2016-03-07,GLAXO,196.10606384277344,197.8570098876953,193.13821411132812,195.72085571289062,141.0394744873047,469460
2016-03-08,GLAXO,196.09732055664062,196.9640350341797,193.0506591796875,195.46697998046875,140.85653686523438,287615
2016-03-09,GLAXO,193.4884033203125,196.10606384277344,193.47964477539062,194.07496643066406,139.8533935546875,103601
2016-03-10,GLAXO,195.2218475341797,195.2218475341797,189.97775268554688,190.7306671142578,137.44345092773438,114909
2016-03-11,GLAXO,190.8532257080078,191.72869873046875,189.5137481689453,190.2929229736328,137.12802124023438,112053
2016-03-14,GLAXO,190.88824462890625,199.80056762695312,190.4242401123047,199.80056762695312,143.97935485839844,204689
2016-03-15,GLAXO,209.7897186279297,209.7897186279297,202.32192993164062,203.31997680664062,146.5155029296875,1380624
2016-03-16,GLAXO,204.76449584960938,205.0796661376953,197.41928100585938,198.5136260986328,143.0519561767578,297210
2016-03-17,GLAXO,200.0369415283203,202.88223266601562,198.8638153076172,201.92796325683594,145.51239013671875,265913
2016-03-18,GLAXO,212.0221710205078,212.0221710205078,195.326904296875,203.37249755859375,146.55332946777344,1566466
2016-03-21,GLAXO,203.98533630371094,208.36270141601562,203.10986328125,204.72073364257812,147.52490234375,465348
2016-03-22,GLAXO,205.59620666503906,205.7362823486328,202.23439025878906,202.69837951660156,146.0675506591797,153516
2016-03-23,GLAXO,202.69837951660156,202.69837951660156,202.69837951660156,202.69837951660156,146.0675506591797,0
2016-03-24,GLAXO,203.10110473632812,207.4872283935547,203.10110473632812,204.98336791992188,147.71417236328125,253577
2016-03-25,GLAXO,206.17401123046875,206.7080535888672,203.98533630371094,205.9901580810547,148.43968200683594,166195
2016-03-28,GLAXO,204.43182373046875,214.75364685058594,203.98533630371094,213.4316864013672,153.80215454101562,916304
2016-03-29,GLAXO,213.61553955078125,217.02113342285156,210.55137634277344,212.42489624023438,153.07666015625,393615
2016-03-30,GLAXO,213.1515350341797,215.80422973632812,208.36270141601562,209.6671600341797,151.08937072753906,806420
2016-03-31,GLAXO,207.68858337402344,214.0532684326172,206.8743896484375,212.2410430908203,152.9441680908203,1418089
2016-04-01,GLAXO,214.00999450683594,216.89999389648438,212.6999969482422,213.75999450683594,154.0387420654297,1590200
2016-04-04,GLAXO,213.11000061035156,213.5,209.02000427246094,211.35000610351562,152.30206298828125,354900
2016-04-05,GLAXO,211.60000610351562,215.89999389648438,211.60000610351562,213.55999755859375,153.8946075439453,591600
2016-04-06,GLAXO,213.89999389648438,214.89999389648438,213.0,213.3300018310547,153.72886657714844,169600
2016-04-07,GLAXO,214.0,215.5,212.00999450683594,213.24000549316406,153.66403198242188,258500
2016-04-08,GLAXO,213.11000061035156,216.0,212.5,213.14999389648438,153.5991668701172,395700
2016-04-11,GLAXO,214.0,214.99000549316406,207.89999389648438,208.5800018310547,150.30593872070312,265100
2016-04-12,GLAXO,208.0,209.0,207.05999755859375,208.19000244140625,150.02490234375,233900
2016-04-13,GLAXO,207.99000549316406,210.8000030517578,207.5,208.5399932861328,150.27711486816406,307300
2016-04-14,GLAXO,208.99000549316406,210.0,208.3000030517578,209.4499969482422,150.93289184570312,212300
2016-04-15,GLAXO,210.47999572753906,213.89999389648438,210.10000610351562,211.92999267578125,152.7200164794922,241600
2016-04-18,GLAXO,212.0,213.5,210.5,211.13999938964844,152.15072631835938,150600
2016-04-19,GLAXO,209.39999389648438,209.39999389648438,207.5,208.1199951171875,152.87057495117188,77900
2016-04-20,GLAXO,207.3000030517578,207.99000549316406,206.0,206.1300048828125,151.40882873535156,51900
2016-04-21,GLAXO,205.60000610351562,208.5500030517578,203.5,205.32000732421875,150.8138885498047,119300
2016-04-22,GLAXO,205.75,207.0,204.5,204.69000244140625,150.35113525390625,58100
2016-04-25,GLAXO,204.0,206.0,204.0,204.5399932861328,150.24095153808594,57800
2016-04-26,GLAXO,205.47999572753906,206.13999938964844,204.8300018310547,205.05999755859375,150.62289428710938,53900
2016-04-27,GLAXO,205.99000549316406,210.38999938964844,205.0,207.25999450683594,152.23887634277344,264100
2016-04-28,GLAXO,207.25,208.24000549316406,205.85000610351562,206.77999877929688,151.88629150390625,89500
2016-04-29,GLAXO,206.50999450683594,209.0,205.5,206.77999877929688,151.88629150390625,133200
2016-05-02,GLAXO,206.44000244140625,206.5,204.5,204.82000732421875,150.44664001464844,62900
2016-05-03,GLAXO,205.47999572753906,209.75,205.47999572753906,207.5399932861328,152.4445343017578,266500
2016-05-04,GLAXO,208.75,208.75999450683594,206.0,207.4600067138672,152.38575744628906,151100
2016-05-05,GLAXO,208.99000549316406,209.39999389648438,207.5399932861328,208.75,153.3333282470703,144500
2016-05-06,GLAXO,209.0,210.0,206.89999389648438,207.10000610351562,152.12136840820312,128100
2016-05-09,GLAXO,208.0,212.5,208.0,209.9499969482422,154.2147674560547,310100
2016-05-10,GLAXO,209.50999450683594,210.88999938964844,208.25,209.6199951171875,153.9723663330078,79400
2016-05-11,GLAXO,209.60000610351562,211.7899932861328,207.5,208.50999450683594,153.1570281982422,156300
2016-05-12,GLAXO,208.97999572753906,209.60000610351562,207.1999969482422,207.6999969482422,152.5620574951172,55200
2016-05-13,GLAXO,207.0,208.0,206.5,206.72999572753906,151.84959411621094,31100
2016-05-16,GLAXO,207.5,208.5,206.75,207.10000610351562,152.12136840820312,37600
2016-05-17,GLAXO,207.97999572753906,208.5,207.0,207.02000427246094,152.06259155273438,60900
2016-05-18,GLAXO,207.74000549316406,208.1999969482422,206.5500030517578,206.94000244140625,152.0038299560547,43600
2016-05-19,GLAXO,206.5800018310547,209.0,206.5800018310547,208.02000427246094,152.797119140625,93600
2016-05-20,GLAXO,208.8000030517578,209.64999389648438,208.0,209.00999450683594,153.52432250976562,116600
2016-05-23,GLAXO,209.89999389648438,209.89999389648438,208.0500030517578,208.52000427246094,153.1643829345703,35000
2016-05-24,GLAXO,208.1999969482422,208.39999389648438,207.0,207.0500030517578,152.0846405029297,26900
2016-05-25,GLAXO,207.00999450683594,208.39999389648438,207.00999450683594,207.91000366210938,152.71632385253906,41200
2016-05-26,GLAXO,207.13999938964844,208.5500030517578,207.0,207.41000366210938,152.34906005859375,34900
2016-05-27,GLAXO,208.3300018310547,208.33999633789062,206.89999389648438,207.00999450683594,152.05523681640625,28600
2016-05-30,GLAXO,207.99000549316406,208.0,206.0,206.07000732421875,151.3647918701172,27000
2016-05-31,GLAXO,206.8000030517578,207.10000610351562,204.25,204.77000427246094,150.40988159179688,35700
2016-06-01,GLAXO,204.5,206.85000610351562,204.5,205.92999267578125,151.26194763183594,41400
2016-06-02,GLAXO,206.4499969482422,207.44000244140625,205.89999389648438,206.22000122070312,151.47496032714844,30100
2016-06-03,GLAXO,207.8699951171875,208.8000030517578,207.0,207.86000061035156,152.67959594726562,60400
2016-06-06,GLAXO,208.85000610351562,214.88999938964844,208.85000610351562,211.07000732421875,155.03744506835938,406900
2016-06-07,GLAXO,211.49000549316406,211.8000030517578,207.11000061035156,207.89999389648438,152.70896911621094,121000
2016-06-08,GLAXO,209.0,209.0,206.0,206.39999389648438,151.607177734375,61800
2016-06-09,GLAXO,206.99000549316406,207.6999969482422,206.0,206.3800048828125,151.5924835205078,52300
2016-06-10,GLAXO,206.0,206.00999450683594,204.0,204.05999755859375,149.88836669921875,40100
2016-06-13,GLAXO,203.0,204.8800048828125,202.13999938964844,202.75,148.9261474609375,90200
2016-06-14,GLAXO,202.5,205.5,202.5,204.17999267578125,149.9765167236328,144900
2016-06-15,GLAXO,205.9600067138672,207.4499969482422,203.99000549316406,205.47999572753906,150.931396484375,121400
2016-06-16,GLAXO,204.75,208.0,204.75,205.22999572753906,150.74777221679688,169600
2016-06-17,GLAXO,205.49000549316406,205.5,203.25,203.5,149.47703552246094,44600
2016-06-20,GLAXO,204.0,205.0,202.8000030517578,204.0,149.84429931640625,176600
2016-06-21,GLAXO,204.8000030517578,208.5,204.8000030517578,205.38999938964844,150.8653106689453,219300
2016-06-22,GLAXO,203.05999755859375,206.97999572753906,203.05999755859375,206.97999572753906,152.033203125,74900
2016-06-23,GLAXO,203.5,204.1999969482422,202.0,203.83999633789062,149.72677612304688,37200
2016-06-24,GLAXO,202.99000549316406,202.99000549316406,196.5,199.22000122070312,146.33323669433594,76900
2016-06-27,GLAXO,199.0,200.0,196.10000610351562,198.30999755859375,145.66482543945312,30700
2016-06-28,GLAXO,198.5,199.5,196.16000366210938,197.4600067138672,145.04046630859375,49000
2016-06-29,GLAXO,199.0,204.0,199.0,202.5800018310547,148.80126953125,45800
2016-06-30,GLAXO,202.0,208.9499969482422,202.0,207.11000061035156,152.1287078857422,232100
2016-07-01,GLAXO,207.11000061035156,207.11000061035156,207.11000061035156,207.11000061035156,152.1287078857422,0
2016-07-04,GLAXO,205.55999755859375,207.0,204.8000030517578,205.57000732421875,150.99749755859375,63400
2016-07-05,GLAXO,205.57000732421875,205.57000732421875,205.57000732421875,205.57000732421875,150.99749755859375,0
2016-07-06,GLAXO,205.57000732421875,205.57000732421875,205.57000732421875,205.57000732421875,150.99749755859375,0
2016-07-07,GLAXO,205.57000732421875,205.57000732421875,205.57000732421875,205.57000732421875,150.99749755859375,0
2016-07-08,GLAXO,205.57000732421875,205.57000732421875,205.57000732421875,205.57000732421875,150.99749755859375,0
2016-07-11,GLAXO,204.5,213.0,204.5,210.85000610351562,154.8758544921875,490600
2016-07-12,GLAXO,211.5,212.4499969482422,208.0,208.5399932861328,153.17904663085938,187800
2016-07-13,GLAXO,209.94000244140625,218.9600067138672,209.5,218.9600067138672,160.83287048339844,1210800
2016-07-14,GLAXO,222.02000427246094,229.89999389648438,222.02000427246094,229.89999389648438,168.86865234375,1285800
2016-07-15,GLAXO,235.0,235.0,224.0,226.11000061035156,166.0847930908203,1116800
2016-07-18,GLAXO,224.99000549316406,234.38999938964844,224.99000549316406,231.22000122070312,169.83822631835938,984000
2016-07-19,GLAXO,232.0,234.0,227.5,228.39999389648438,167.76686096191406,556600
2016-07-20,GLAXO,228.99000549316406,229.89999389648438,225.0,226.61000061035156,166.45205688476562,175000
2016-07-21,GLAXO,227.00999450683594,227.00999450683594,217.10000610351562,218.3000030517578,160.34808349609375,594900
2016-07-22,GLAXO,216.0,219.75,214.0,215.25999450683594,158.1151123046875,137000
2016-07-25,GLAXO,217.0,219.6999969482422,214.0,214.8300018310547,157.7992706298828,261000
2016-07-26,GLAXO,215.5500030517578,221.8000030517578,214.5,219.91000366210938,161.53070068359375,946000
2016-07-27,GLAXO,220.99000549316406,221.4499969482422,215.0,215.5800018310547,158.3501739501953,286500
2016-07-28,GLAXO,216.85000610351562,216.89999389648438,214.0,214.13999938964844,157.2924346923828,93900
2016-07-29,GLAXO,215.22000122070312,215.22000122070312,213.5,214.0800018310547,157.24838256835938,26700
2016-08-01,GLAXO,214.0800018310547,214.0800018310547,214.0800018310547,214.0800018310547,157.24838256835938,0
2016-08-02,GLAXO,214.89999389648438,216.50999450683594,213.8000030517578,215.8300018310547,158.5338134765625,160900
2016-08-03,GLAXO,216.00999450683594,220.5,216.0,218.0500030517578,160.16445922851562,371400
2016-08-04,GLAXO,219.0,220.0,214.3000030517578,215.7899932861328,158.50442504882812,166100
2016-08-05,GLAXO,215.88999938964844,216.0,215.0,215.39999389648438,158.2179412841797,64500
2016-08-08,GLAXO,216.0,217.75,209.0,210.9600067138672,154.95664978027344,378800
2016-08-09,GLAXO,212.0,214.49000549316406,209.11000061035156,210.00999450683594,154.2588348388672,1133000
2016-08-10,GLAXO,211.25,220.50999450683594,211.0,220.02000427246094,161.61148071289062,3368500
2016-08-11,GLAXO,218.5,225.0,217.89999389648438,218.97999572753906,160.84756469726562,1800700
2016-08-12,GLAXO,220.0,224.4499969482422,219.50999450683594,220.3699951171875,161.86859130859375,1252600
2016-08-15,GLAXO,221.02000427246094,231.3800048828125,221.02000427246094,230.97000122070312,169.65460205078125,2799700
2016-08-16,GLAXO,231.97999572753906,234.89999389648438,228.60000610351562,230.64999389648438,169.4195556640625,1908400
2016-08-17,GLAXO,230.02999877929688,237.0,230.0,232.44000244140625,170.734375,2035600
2016-08-18,GLAXO,233.89999389648438,235.0,226.0,227.5399932861328,167.13516235351562,900700
2016-08-19,GLAXO,228.0,229.1999969482422,224.61000061035156,226.16000366210938,166.12149047851562,367700
2016-08-22,GLAXO,228.5,228.5,228.5,228.5,167.84030151367188,825800
2016-08-23,GLAXO,232.47999572753906,233.72000122070312,229.6999969482422,230.57000732421875,169.3607940673828,546100
2016-08-24,GLAXO,231.49000549316406,234.1999969482422,230.0,230.35000610351562,169.19921875,433000
2016-08-25,GLAXO,232.00999450683594,232.47999572753906,228.10000610351562,229.19000244140625,168.34713745117188,338600
2016-08-26,GLAXO,228.0,229.9499969482422,224.0,226.1199951171875,166.09213256835938,624500
2016-08-29,GLAXO,227.0,233.47000122070312,224.75,230.32000732421875,169.1771697998047,1068700
2016-08-30,GLAXO,231.0,233.64999389648438,226.5,227.08999633789062,166.8046112060547,704000
2016-08-31,GLAXO,228.0,229.49000549316406,226.1199951171875,227.5800018310547,167.16453552246094,226800
2016-09-01,GLAXO,227.25,232.0,226.10000610351562,227.8699951171875,167.37754821777344,617500
2016-09-02,GLAXO,228.8800048828125,229.0,220.0,220.75,162.14772033691406,431600
2016-09-05,GLAXO,220.74000549316406,222.5,216.5,217.02999877929688,159.4152374267578,199500
2016-09-06,GLAXO,218.0,224.5,216.97999572753906,222.00999450683594,163.0731964111328,356000
2016-09-07,GLAXO,222.14999389648438,224.64999389648438,221.0,223.2100067138672,163.9546661376953,193300
2016-09-08,GLAXO,223.0,223.89999389648438,220.0,220.47000122070312,161.94203186035156,101100
2016-09-09,GLAXO,218.8000030517578,221.89999389648438,218.1999969482422,218.6699981689453,160.61985778808594,77700
2016-09-12,GLAXO,218.6699981689453,218.6699981689453,218.6699981689453,218.6699981689453,160.61985778808594,0
2016-09-13,GLAXO,218.6699981689453,218.6699981689453,218.6699981689453,218.6699981689453,160.61985778808594,0
2016-09-14,GLAXO,218.6699981689453,218.6699981689453,218.6699981689453,218.6699981689453,160.61985778808594,0
2016-09-15,GLAXO,218.0,222.5,217.0,220.86000061035156,162.22850036621094,79900
2016-09-16,GLAXO,220.89999389648438,223.5,219.89999389648438,220.11000061035156,161.6776123046875,150000
2016-09-19,GLAXO,221.0,221.25,217.88999938964844,218.25999450683594,160.31871032714844,193000
2016-09-20,GLAXO,218.50999450683594,219.99000549316406,217.0,218.0500030517578,160.16445922851562,213500
2016-09-21,GLAXO,218.0,218.49000549316406,211.00999450683594,212.8800048828125,156.366943359375,200300
2016-09-22,GLAXO,213.97999572753906,217.0,213.97999572753906,215.55999755859375,158.33547973632812,173800
2016-09-23,GLAXO,215.02000427246094,216.75,212.55999755859375,213.22999572753906,156.62403869628906,114900
2016-09-26,GLAXO,213.97999572753906,214.89999389648438,213.5,214.30999755859375,157.41732788085938,169300
2016-09-27,GLAXO,214.99000549316406,217.5500030517578,213.89999389648438,214.30999755859375,157.41732788085938,192600
2016-09-28,GLAXO,213.60000610351562,215.0,212.5,214.25,157.3732452392578,232100
2016-09-29,GLAXO,215.19000244140625,215.99000549316406,211.00999450683594,211.6199951171875,155.4414520263672,236900
2016-09-30,GLAXO,212.49000549316406,216.74000549316406,211.25,215.89999389648438,158.58522033691406,348300
2016-10-03,GLAXO,216.7899932861328,216.89999389648438,214.89999389648438,215.08999633789062,157.99024963378906,149600
2016-10-04,GLAXO,217.0,217.00999450683594,213.6699981689453,214.02000427246094,157.2042999267578,383600
2016-10-05,GLAXO,214.5,217.0,213.6999969482422,215.24000549316406,158.10043334960938,401900
2016-10-06,GLAXO,216.89999389648438,216.89999389648438,212.0,212.85000610351562,156.3449249267578,288600
2016-10-07,GLAXO,212.10000610351562,213.97999572753906,210.0,211.47999572753906,155.3385772705078,281400
2016-10-10,GLAXO,212.5,213.0,210.75,210.9499969482422,154.9492950439453,87400
2016-10-11,GLAXO,210.9499969482422,210.9499969482422,210.9499969482422,210.9499969482422,154.9492950439453,0
2016-10-12,GLAXO,210.9499969482422,210.9499969482422,210.9499969482422,210.9499969482422,154.9492950439453,0
2016-10-13,GLAXO,210.1999969482422,212.5,210.14999389648438,211.57000732421875,155.40472412109375,383100
2016-10-14,GLAXO,212.49000549316406,220.49000549316406,211.5,219.27000427246094,161.0605926513672,3005600
2016-10-17,GLAXO,222.19000244140625,223.89999389648438,218.50999450683594,219.60000610351562,161.30300903320312,1467500
2016-10-18,GLAXO,220.3000030517578,220.3000030517578,215.10000610351562,217.39999389648438,159.68702697753906,571200
2016-10-19,GLAXO,218.0,219.5,216.0,217.05999755859375,159.43727111816406,194900
2016-10-20,GLAXO,217.8800048828125,219.88999938964844,217.7100067138672,218.11000061035156,160.20851135253906,243000
2016-10-21,GLAXO,217.00999450683594,219.4499969482422,216.0,216.00999450683594,158.666015625,213000
2016-10-24,GLAXO,215.5,216.85000610351562,213.00999450683594,213.42999267578125,156.77093505859375,75300
2016-10-25,GLAXO,213.89999389648438,213.89999389648438,208.5,212.44000244140625,156.04373168945312,127400
2016-10-26,GLAXO,212.99000549316406,214.0,211.00999450683594,212.0500030517578,155.7572784423828,178700
2016-10-27,GLAXO,211.85000610351562,211.9499969482422,202.5500030517578,204.57000732421875,150.2629852294922,172700
2016-10-28,GLAXO,203.00999450683594,204.5,199.5,203.19000244140625,149.2493133544922,187100
2016-10-31,GLAXO,201.39999389648438,203.5500030517578,198.10000610351562,199.4199981689453,146.4801483154297,168400
2016-11-01,GLAXO,200.0,209.38999938964844,199.60000610351562,208.7899932861328,153.36273193359375,624600
2016-11-02,GLAXO,211.0,212.99000549316406,208.5,209.91000366210938,154.1853790283203,448100
2016-11-03,GLAXO,210.0,211.0,206.5,207.52999877929688,152.4371795654297,238900
2016-11-04,GLAXO,208.0,208.42999267578125,205.50999450683594,206.47000122070312,151.65858459472656,152600
2016-11-07,GLAXO,207.99000549316406,211.5,206.5,207.52000427246094,152.42984008789062,534100
2016-11-08,GLAXO,209.0,210.0,205.0,205.32000732421875,150.8138885498047,419100
2016-11-09,GLAXO,205.32000732421875,205.32000732421875,205.32000732421875,205.32000732421875,150.8138885498047,0
2016-11-10,GLAXO,206.25,209.97999572753906,206.25,207.6999969482422,152.5620574951172,244800
2016-11-11,GLAXO,207.11000061035156,208.0,206.0,206.85000610351562,151.93771362304688,159500
2016-11-14,GLAXO,207.0,207.8000030517578,205.0,205.52000427246094,150.9608154296875,184400
2016-11-15,GLAXO,206.0,208.0500030517578,205.10000610351562,206.47999572753906,151.6659393310547,108800
2016-11-16,GLAXO,207.97000122070312,207.97999572753906,205.0,205.30999755859375,150.80654907226562,231200
2016-11-17,GLAXO,205.25,206.4499969482422,205.1999969482422,206.0500030517578,151.35009765625,101000
2016-11-18,GLAXO,205.60000610351562,214.6999969482422,205.0,211.10000610351562,155.05947875976562,1315700
2016-11-21,GLAXO,213.0,217.74000549316406,212.0,212.86000061035156,156.35226440429688,859600
2016-11-22,GLAXO,214.5,216.5,213.10000610351562,213.6999969482422,156.96923828125,687700
2016-11-23,GLAXO,215.0,224.3800048828125,214.0,224.3800048828125,164.81407165527344,1875900
2016-11-24,GLAXO,226.0,229.75,220.6199951171875,222.4600067138672,163.4037628173828,1691800
2016-11-25,GLAXO,222.0,222.5,217.0,218.1699981689453,160.2526092529297,338300
2016-11-28,GLAXO,220.30999755859375,221.0,217.0,217.61000061035156,159.8412628173828,242600
2016-11-29,GLAXO,218.7899932861328,221.5,217.0,217.4600067138672,159.73109436035156,260700
2016-11-30,GLAXO,217.50999450683594,218.6999969482422,216.5,216.86000061035156,159.29039001464844,117800
2016-12-01,GLAXO,217.0,221.24000549316406,217.0,218.05999755859375,160.17181396484375,524900
2016-12-02,GLAXO,220.0,228.9600067138672,218.99000549316406,228.9600067138672,168.17820739746094,2092000
2016-12-05,GLAXO,231.89999389648438,233.6999969482422,228.6999969482422,230.02999877929688,168.9641571044922,1058800
2016-12-06,GLAXO,229.60000610351562,232.5,226.0,227.1199951171875,166.82664489746094,469900
2016-12-07,GLAXO,228.0,231.0,224.0,226.22999572753906,166.17294311523438,828100
2016-12-08,GLAXO,227.0,235.72000122070312,226.0,232.4199981689453,170.7196807861328,1109200
2016-12-09,GLAXO,235.0,244.0399932861328,233.0,243.47000122070312,178.83624267578125,2441700
2016-12-12,GLAXO,243.47000122070312,243.47000122070312,243.47000122070312,243.47000122070312,178.83624267578125,0
2016-12-13,GLAXO,246.97999572753906,252.0,245.0,245.39999389648438,180.25387573242188,1221100
2016-12-14,GLAXO,246.89999389648438,247.0,240.0,240.57000732421875,176.70608520507812,308800
2016-12-15,GLAXO,240.5,246.5,239.0,241.49000549316406,177.3818817138672,541000
2016-12-16,GLAXO,240.5,251.8000030517578,240.00999450683594,244.63999938964844,179.6956329345703,1126700
2016-12-19,GLAXO,246.0,247.8000030517578,241.0,241.89999389648438,177.6830291748047,346700
2016-12-20,GLAXO,244.0,244.0,235.0,236.00999450683594,173.3566436767578,309700
2016-12-21,GLAXO,236.0,239.27999877929688,230.1199951171875,233.17999267578125,171.2779083251953,379000
2016-12-22,GLAXO,233.0,236.60000610351562,231.00999450683594,231.75999450683594,170.23487854003906,241200
2016-12-23,GLAXO,233.0,234.99000549316406,229.5,232.17999267578125,170.54336547851562,102800
2016-12-26,GLAXO,233.3000030517578,235.99000549316406,231.10000610351562,232.05999755859375,170.45523071289062,198300
2016-12-27,GLAXO,233.49000549316406,233.5,229.6999969482422,230.4499969482422,169.2726287841797,247900
2016-12-28,GLAXO,230.5500030517578,234.0,230.5500030517578,231.38999938964844,169.96310424804688,174800
2016-12-29,GLAXO,232.5,235.49000549316406,232.5,233.97000122070312,171.85816955566406,220400
2016-12-30,GLAXO,233.97000122070312,235.8000030517578,232.0,233.3000030517578,171.36605834960938,221100
2017-01-02,GLAXO,232.0500030517578,234.75,230.05999755859375,232.1699981689453,170.53604125976562,109800
2017-01-03,GLAXO,232.5,232.60000610351562,230.0,231.2100067138672,169.83090209960938,190700
2017-01-04,GLAXO,232.0,235.25,231.10000610351562,231.92999267578125,170.3597412109375,581900
2017-01-05,GLAXO,233.75,234.5,231.0,231.32000732421875,169.9116668701172,261700
2017-01-06,GLAXO,232.39999389648438,242.8800048828125,232.3800048828125,240.19000244140625,176.42698669433594,1900000
2017-01-09,GLAXO,241.89999389648438,242.0,235.1999969482422,236.42999267578125,173.66513061523438,1096400
2017-01-10,GLAXO,236.89999389648438,237.8699951171875,232.5,233.02999877929688,171.16773986816406,636800
2017-01-11,GLAXO,233.5,244.67999267578125,233.39999389648438,242.8699951171875,178.3955078125,4649600
2017-01-12,GLAXO,245.99000549316406,246.6999969482422,241.1999969482422,241.8300018310547,177.631591796875,1537600
2017-01-13,GLAXO,243.11000061035156,253.9199981689453,242.0,251.9499969482422,185.06507873535156,2326600
2017-01-16,GLAXO,252.99000549316406,264.5400085449219,245.3000030517578,264.5400085449219,194.3127899169922,4738800
2017-01-17,GLAXO,267.5799865722656,271.0,257.0,259.3999938964844,190.5373077392578,4042000
2017-01-18,GLAXO,258.8999938964844,264.489990234375,256.0,257.04998779296875,188.81117248535156,1350400
2017-01-19,GLAXO,258.989990234375,264.8900146484375,255.0,260.4800109863281,191.3306121826172,2358600
2017-01-20,GLAXO,263.0,265.3999938964844,261.0,262.3999938964844,192.74090576171875,1363400
2017-01-23,GLAXO,264.0,268.0,260.54998779296875,261.9800109863281,192.4324188232422,893400
2017-01-24,GLAXO,262.0,268.5,258.010009765625,265.45001220703125,194.98123168945312,1824400
2017-01-25,GLAXO,266.79998779296875,273.0,266.79998779296875,267.1199951171875,196.2078857421875,2182900
2017-01-26,GLAXO,268.9800109863281,274.4700012207031,267.0,270.9200134277344,198.9991455078125,1322800
2017-01-27,GLAXO,272.8900146484375,274.0,261.20001220703125,264.4700012207031,194.2613983154297,873500
2017-01-30,GLAXO,265.989990234375,267.0,251.25,251.41000366210938,184.6684112548828,834700
2017-01-31,GLAXO,251.60000610351562,254.0,239.1699981689453,242.4600067138672,178.09434509277344,829600
2017-02-01,GLAXO,246.94000244140625,249.0,242.0,246.9199981689453,181.37037658691406,860900
2017-02-02,GLAXO,248.49000549316406,253.67999267578125,246.02000427246094,247.10000610351562,181.50259399414062,570900
2017-02-03,GLAXO,244.25,247.0,239.0500030517578,240.61000061035156,176.7354736328125,375600
2017-02-06,GLAXO,243.99000549316406,243.99000549316406,239.0,239.83999633789062,176.16989135742188,169200
2017-02-07,GLAXO,240.05999755859375,244.0,240.05999755859375,242.69000244140625,178.2633056640625,241900
2017-02-08,GLAXO,243.0,243.5,239.0,241.1300048828125,177.117431640625,407400
2017-02-09,GLAXO,240.02000427246094,243.5,240.0,240.02999877929688,176.30943298339844,214400
2017-02-10,GLAXO,239.50999450683594,241.5,237.6999969482422,238.22999572753906,174.98728942871094,195700
2017-02-13,GLAXO,237.75,240.0,235.89999389648438,236.8800048828125,173.99566650390625,108000
2017-02-14,GLAXO,236.97999572753906,237.99000549316406,234.0,234.4199981689453,172.188720703125,108300
2017-02-15,GLAXO,236.8800048828125,236.8800048828125,230.50999450683594,231.00999450683594,169.68399047851562,105800
2017-02-16,GLAXO,235.0,239.0,232.0,236.58999633789062,173.7826385498047,329600
2017-02-17,GLAXO,236.25,243.0,236.00999450683594,242.11000061035156,177.8372802734375,267400
2017-02-20,GLAXO,243.9499969482422,248.99000549316406,238.0,240.16000366210938,176.40496826171875,530600
2017-02-21,GLAXO,240.10000610351562,243.0,237.0,239.47000122070312,175.89810180664062,140800
2017-02-22,GLAXO,240.00999450683594,242.85000610351562,231.0,232.24000549316406,170.58746337890625,164800
2017-02-23,GLAXO,233.85000610351562,234.8000030517578,230.0500030517578,233.52000427246094,171.5276641845703,110400
2017-02-24,GLAXO,232.11000061035156,234.49000549316406,230.0500030517578,230.8000030517578,169.5297088623047,67200
2017-02-27,GLAXO,231.0,232.10000610351562,225.89999389648438,227.19000244140625,166.8780975341797,521600
2017-02-28,GLAXO,227.5,229.7899932861328,225.0,225.5399932861328,165.66607666015625,63400
2017-03-01,GLAXO,226.10000610351562,235.8000030517578,226.0,230.5,169.30938720703125,557400
2017-03-02,GLAXO,233.0,233.44000244140625,229.8699951171875,230.55999755859375,169.3534393310547,477200
2017-03-03,GLAXO,231.5,231.75,228.5,228.97999572753906,168.19288635253906,74600
2017-03-06,GLAXO,230.19000244140625,234.1999969482422,227.0500030517578,228.25999450683594,167.6640167236328,166800
2017-03-07,GLAXO,229.5,229.5,225.0,226.16000366210938,166.12149047851562,57100
2017-03-08,GLAXO,226.0399932861328,231.00999450683594,226.0,229.58999633789062,168.6409454345703,221500
2017-03-09,GLAXO,232.5,235.3000030517578,231.13999938964844,232.27999877929688,170.61685180664062,469900
2017-03-10,GLAXO,230.0,232.5,228.13999938964844,230.30999755859375,169.1697998046875,137500
2017-03-13,GLAXO,229.35000610351562,229.9499969482422,225.0,225.86000061035156,165.90113830566406,142300
2017-03-14,GLAXO,225.64999389648438,226.1999969482422,219.0500030517578,222.4499969482422,163.39639282226562,165500
2017-03-15,GLAXO,223.83999633789062,228.0,222.10000610351562,226.58999633789062,166.43734741210938,233100
2017-03-16,GLAXO,225.5,226.0,221.5500030517578,223.42999267578125,164.11622619628906,117700
2017-03-17,GLAXO,224.97999572753906,226.8000030517578,221.00999450683594,221.97999572753906,163.05117797851562,219500
2017-03-20,GLAXO,226.49000549316406,233.07000732421875,225.0,229.5399932861328,168.604248046875,775600
2017-03-21,GLAXO,230.99000549316406,241.00999450683594,230.0,239.88999938964844,176.20664978027344,1077000
2017-03-22,GLAXO,244.00999450683594,244.97000122070312,234.0500030517578,235.77000427246094,173.1803741455078,724800
2017-03-23,GLAXO,235.77000427246094,235.77000427246094,235.77000427246094,235.77000427246094,173.1803741455078,0
2017-03-24,GLAXO,235.94000244140625,235.94000244140625,230.5,231.25,169.8602752685547,183800
2017-03-27,GLAXO,229.5,230.99000549316406,227.0,227.8300018310547,167.34817504882812,198400
2017-03-28,GLAXO,227.8000030517578,228.75,225.0,225.75999450683594,165.8276824951172,230900
2017-03-29,GLAXO,225.61000061035156,229.8000030517578,225.61000061035156,227.1999969482422,166.88540649414062,134900
2017-03-30,GLAXO,227.0,227.75,223.50999450683594,224.91000366210938,165.20335388183594,82900
2017-03-31,GLAXO,225.1199951171875,227.0,222.5500030517578,225.6199951171875,165.724853515625,91600
2017-04-03,GLAXO,226.00999450683594,227.49000549316406,223.99000549316406,224.17999267578125,164.66712951660156,44600
2017-04-04,GLAXO,223.75,227.4499969482422,221.05999755859375,225.72000122070312,165.79832458496094,125100
2017-04-05,GLAXO,226.89999389648438,226.99000549316406,220.5,221.07000732421875,162.3827667236328,143300
2017-04-06,GLAXO,221.10000610351562,222.0,217.0,218.11000061035156,160.20851135253906,106900
2017-04-07,GLAXO,218.00999450683594,220.0,218.00999450683594,219.33999633789062,161.1119842529297,65600
2017-04-10,GLAXO,220.10000610351562,222.00999450683594,209.50999450683594,213.49000549316406,156.81500244140625,302200
2017-04-11,GLAXO,210.00999450683594,213.5,208.5,211.72000122070312,155.514892578125,1358900
2017-04-12,GLAXO,212.10000610351562,216.8000030517578,212.10000610351562,213.38999938964844,156.74156188964844,864100
2017-04-13,GLAXO,214.58999633789062,216.5,211.0,212.3000030517578,155.94093322753906,505400
2017-04-14,GLAXO,208.49000549316406,208.49000549316406,206.0500030517578,207.08999633789062,156.5380401611328,167100
2017-04-17,GLAXO,208.5,208.5,200.0,202.35000610351562,152.9551239013672,202200
2017-04-18,GLAXO,203.99000549316406,203.99000549316406,200.0,201.52999877929688,152.33531188964844,71700
2017-04-19,GLAXO,193.0,203.0,192.0,200.02000427246094,151.19390869140625,188400
2017-04-20,GLAXO,201.0,210.0,197.35000610351562,204.1199951171875,154.29306030273438,596900
2017-04-21,GLAXO,208.6999969482422,209.47999572753906,205.0,208.07000732421875,157.2788543701172,690200
2017-04-24,GLAXO,208.83999633789062,218.47000122070312,208.8000030517578,218.47000122070312,165.14013671875,1357300
2017-04-25,GLAXO,226.99000549316406,228.4499969482422,222.0,224.22999572753906,169.4940948486328,856900
2017-04-26,GLAXO,223.5,227.5,223.0,225.3699951171875,170.35580444335938,330100
2017-04-27,GLAXO,226.0,231.75,226.0,231.75,175.1784210205078,571700
2017-04-28,GLAXO,227.7899932861328,230.0,222.88999938964844,223.6999969482422,169.09347534179688,193600
2017-05-01,GLAXO,223.6999969482422,223.6999969482422,223.6999969482422,223.6999969482422,169.09347534179688,0
2017-05-02,GLAXO,223.99000549316406,223.99000549316406,216.0,217.27999877929688,164.24061584472656,152500
2017-05-03,GLAXO,219.5,220.9499969482422,214.0,214.6300048828125,162.2375030517578,231800
2017-05-04,GLAXO,214.9499969482422,222.0,214.9499969482422,219.77999877929688,166.13037109375,360200
2017-05-05,GLAXO,220.11000061035156,225.63999938964844,219.6999969482422,220.77999877929688,166.88626098632812,512800
2017-05-08,GLAXO,222.99000549316406,224.77999877929688,221.0,221.3000030517578,167.27931213378906,322600
2017-05-09,GLAXO,223.0,229.0,222.10000610351562,224.25,169.5092315673828,1231800
2017-05-10,GLAXO,226.6999969482422,226.6999969482422,220.0,220.97000122070312,167.02989196777344,239300
2017-05-11,GLAXO,222.3000030517578,223.38999938964844,219.5,220.13999938964844,166.40249633789062,190100
2017-05-12,GLAXO,222.0,222.0,219.10000610351562,220.19000244140625,166.44027709960938,90700
2017-05-15,GLAXO,221.0,222.88999938964844,218.11000061035156,218.6199951171875,165.25352478027344,201200
2017-05-16,GLAXO,220.0,220.00999450683594,215.0,215.75999450683594,163.09165954589844,196400
2017-05-17,GLAXO,216.89999389648438,217.10000610351562,214.35000610351562,216.74000549316406,163.83245849609375,76300
2017-05-18,GLAXO,216.6999969482422,219.97999572753906,216.0,216.19000244140625,163.4167022705078,116300
2017-05-19,GLAXO,217.97999572753906,218.0,214.85000610351562,215.24000549316406,162.69862365722656,91400
2017-05-22,GLAXO,215.00999450683594,218.94000244140625,214.8000030517578,215.22000122070312,162.68348693847656,132600
2017-05-23,GLAXO,216.10000610351562,218.85000610351562,216.0,217.05999755859375,164.07432556152344,157100
2017-05-24,GLAXO,218.5,221.8000030517578,218.10000610351562,219.7100067138672,166.07745361328125,260500
2017-05-25,GLAXO,220.0,224.88999938964844,218.64999389648438,219.77999877929688,166.13037109375,626100
2017-05-26,GLAXO,220.75,222.1999969482422,220.10000610351562,221.3300018310547,167.30197143554688,470300
2017-05-29,GLAXO,220.3300018310547,222.0,219.0,219.24000549316406,165.72218322753906,73500
2017-05-30,GLAXO,220.10000610351562,221.5,218.61000061035156,220.10000610351562,166.37225341796875,295500
2017-05-31,GLAXO,223.5,223.5,216.0,218.66000366210938,165.2837371826172,205300
2017-06-01,GLAXO,218.0,221.0,207.72999572753906,209.27999877929688,158.1934814453125,203700
2017-06-02,GLAXO,205.60000610351562,213.8000030517578,203.0,210.39999389648438,159.04006958007812,60700
2017-06-05,GLAXO,214.7899932861328,218.1999969482422,211.02000427246094,217.1699981689453,164.15750122070312,147600
2017-06-06,GLAXO,216.5,219.0,216.0,218.52999877929688,165.1855010986328,99600
2017-06-07,GLAXO,218.0,218.5,214.5,215.97999572753906,163.25794982910156,50300
2017-06-08,GLAXO,216.0,216.74000549316406,214.75,214.99000549316406,162.50962829589844,57500
2017-06-09,GLAXO,215.99000549316406,216.0,211.13999938964844,212.49000549316406,160.61990356445312,31300
2017-06-12,GLAXO,208.39999389648438,208.39999389648438,202.00999450683594,203.11000061035156,153.5296173095703,127900
2017-06-13,GLAXO,205.5,207.3000030517578,201.25999450683594,204.3000030517578,154.4291229248047,76700
2017-06-14,GLAXO,206.0,210.0,202.5,203.32000732421875,153.68833923339844,38600
2017-06-15,GLAXO,201.2100067138672,205.25,201.1999969482422,203.85000610351562,154.08897399902344,37600
2017-06-16,GLAXO,204.0500030517578,204.0500030517578,200.0,201.17999267578125,152.0707244873047,23400
2017-06-19,GLAXO,201.1999969482422,201.1999969482422,196.0,196.74000549316406,148.71456909179688,102200
2017-06-20,GLAXO,196.0,200.0,190.0,194.7899932861328,147.24057006835938,230200
2017-06-21,GLAXO,188.0500030517578,204.52000427246094,186.0,203.74000549316406,154.0058135986328,426600
2017-06-22,GLAXO,202.99000549316406,204.39999389648438,198.0,200.7100067138672,151.71548461914062,199200
2017-06-23,GLAXO,200.7100067138672,200.7100067138672,200.7100067138672,200.7100067138672,151.71548461914062,0
2017-06-26,GLAXO,200.7100067138672,200.7100067138672,200.7100067138672,200.7100067138672,151.71548461914062,0
2017-06-27,GLAXO,200.7100067138672,200.7100067138672,200.7100067138672,200.7100067138672,151.71548461914062,0
2017-06-28,GLAXO,200.7100067138672,200.7100067138672,200.7100067138672,200.7100067138672,151.71548461914062,0
2017-06-29,GLAXO,200.6999969482422,201.49000549316406,194.25,195.63999938964844,147.88307189941406,40300
2017-06-30,GLAXO,198.0,199.0,190.0,196.9199981689453,148.85061645507812,53700
2017-07-03,GLAXO,193.61000061035156,193.61000061035156,187.0800018310547,187.36000061035156,141.62428283691406,241600
2017-07-04,GLAXO,186.5,192.0,186.00999450683594,190.25999450683594,143.8163604736328,133100
2017-07-05,GLAXO,190.25999450683594,194.0,184.75,185.3300018310547,140.08981323242188,180200
2017-07-06,GLAXO,184.0,185.49000549316406,182.1199951171875,182.94000244140625,138.2832489013672,96500
2017-07-07,GLAXO,184.0,187.0,183.0500030517578,185.80999755859375,140.45265197753906,63800
2017-07-10,GLAXO,184.97999572753906,194.4499969482422,184.0,192.77000427246094,145.71368408203125,93600
2017-07-11,GLAXO,189.0,189.0,183.13999938964844,183.13999938964844,138.4344024658203,227800
2017-07-12,GLAXO,185.44000244140625,185.44000244140625,177.25999450683594,179.9600067138672,136.0306854248047,66100
2017-07-13,GLAXO,180.0,183.0,176.0,180.85000610351562,136.7034149169922,95700
2017-07-14,GLAXO,180.0,180.00999450683594,177.0,179.0399932861328,135.3352508544922,155500
2017-07-17,GLAXO,176.11000061035156,182.0,175.10000610351562,179.86000061035156,135.95506286621094,82300
2017-07-18,GLAXO,181.88999938964844,185.4499969482422,181.0,184.25999450683594,139.281005859375,94000
2017-07-19,GLAXO,184.0500030517578,184.99000549316406,180.0,180.66000366210938,136.559814453125,92300
2017-07-20,GLAXO,182.88999938964844,184.0,179.02999877929688,183.05999755859375,138.3739471435547,104200
2017-07-21,GLAXO,183.38999938964844,184.99000549316406,181.0,183.57000732421875,138.75942993164062,39400
2017-07-24,GLAXO,183.5,186.47999572753906,183.5,185.0800018310547,139.90084838867188,45900
2017-07-25,GLAXO,186.0,194.3300018310547,185.99000549316406,194.3300018310547,146.8928680419922,272500
2017-07-26,GLAXO,195.5,198.0,192.0,193.7100067138672,146.42420959472656,170300
2017-07-27,GLAXO,192.5,195.89999389648438,191.5,191.72000122070312,144.91998291015625,97300
2017-07-28,GLAXO,183.11000061035156,201.0,183.10000610351562,198.0,149.6669921875,294800
2017-07-31,GLAXO,203.0,205.5,200.0,200.1999969482422,151.3299560546875,152600
2017-08-01,GLAXO,200.0,203.49000549316406,200.0,201.5399932861328,152.3428497314453,60600
2017-08-02,GLAXO,202.99000549316406,204.0,201.0,203.10000610351562,153.52206420898438,62000
2017-08-03,GLAXO,204.8699951171875,209.0,202.0,205.27999877929688,155.16990661621094,287600
2017-08-04,GLAXO,206.39999389648438,208.8800048828125,204.0,206.7100067138672,156.2508087158203,153800
2017-08-07,GLAXO,207.0,207.0,198.0,199.36000061035156,150.6950225830078,128900
2017-08-08,GLAXO,199.0,200.25,194.0,195.3000030517578,147.62606811523438,32400
2017-08-09,GLAXO,195.5,198.5,194.0,197.50999450683594,149.29660034179688,18500
2017-08-10,GLAXO,198.5,201.0,188.5,191.41000366210938,144.68565368652344,55900
2017-08-11,GLAXO,190.0,193.0,189.00999450683594,192.36000061035156,145.40371704101562,10900
2017-08-14,GLAXO,192.36000061035156,192.36000061035156,192.36000061035156,192.36000061035156,145.40371704101562,0
2017-08-15,GLAXO,193.91000366210938,193.91000366210938,183.72000122070312,184.22999572753906,139.25833129882812,106100
2017-08-16,GLAXO,185.0,188.0,184.0,186.3300018310547,140.84573364257812,68500
2017-08-17,GLAXO,185.00999450683594,186.99000549316406,182.11000061035156,182.89999389648438,138.2530059814453,14600
2017-08-18,GLAXO,180.11000061035156,182.0,173.89999389648438,179.49000549316406,135.67539978027344,376100
2017-08-21,GLAXO,176.60000610351562,176.60000610351562,171.0,171.75999450683594,129.83233642578125,46100
2017-08-22,GLAXO,170.60000610351562,175.00999450683594,166.25,171.11000061035156,129.34100341796875,59100
2017-08-23,GLAXO,171.97999572753906,178.0,171.97999572753906,176.80999755859375,133.64959716796875,77600
2017-08-24,GLAXO,178.8800048828125,180.0,167.97000122070312,168.6999969482422,127.51929473876953,100700
2017-08-25,GLAXO,172.39999389648438,173.3000030517578,164.0,170.75999450683594,129.07643127441406,94600
2017-08-28,GLAXO,171.99000549316406,172.5,165.1999969482422,165.6199951171875,125.19113159179688,58500
2017-08-29,GLAXO,165.0,165.5,160.5,160.86000061035156,121.59309387207031,31400
2017-08-30,GLAXO,162.0,165.0,161.99000549316406,162.77000427246094,123.0368423461914,26100
2017-08-31,GLAXO,160.14999389648438,163.6999969482422,159.0,162.67999267578125,122.96881866455078,15600
2017-09-01,GLAXO,162.67999267578125,162.67999267578125,162.67999267578125,162.67999267578125,122.96881866455078,0
2017-09-04,GLAXO,162.67999267578125,162.67999267578125,162.67999267578125,162.67999267578125,122.96881866455078,0
2017-09-05,GLAXO,163.0,170.80999755859375,161.4499969482422,168.8000030517578,127.59489440917969,194900
2017-09-06,GLAXO,170.0,170.0,165.99000549316406,166.16000366210938,125.59934997558594,148800
2017-09-07,GLAXO,165.5,165.5,162.0,164.47999572753906,124.32943725585938,65800
2017-09-08,GLAXO,166.0,167.89999389648438,166.0,167.25,126.42326354980469,44400
2017-09-11,GLAXO,169.39999389648438,169.39999389648438,165.0,166.94000244140625,126.18891143798828,24500
2017-09-12,GLAXO,165.8000030517578,166.0,162.60000610351562,164.47000122070312,124.32185363769531,44300
2017-09-13,GLAXO,165.5,172.69000244140625,165.25,172.69000244140625,130.5353240966797,105200
2017-09-14,GLAXO,175.8699951171875,177.0,172.5,175.25999450683594,132.47796630859375,72300
2017-09-15,GLAXO,171.00999450683594,175.5,171.00999450683594,173.50999450683594,131.15513610839844,31200
2017-09-18,GLAXO,180.0,180.0,170.0,171.72000122070312,129.80210876464844,28500
2017-09-19,GLAXO,174.0,180.3000030517578,174.0,180.3000030517578,136.28768920898438,116300
2017-09-20,GLAXO,183.99000549316406,189.30999755859375,181.5500030517578,189.30999755859375,143.0982666015625,164800
2017-09-21,GLAXO,190.11000061035156,196.89999389648438,184.0,185.47000122070312,140.1956329345703,137400
2017-09-22,GLAXO,183.00999450683594,191.0,183.0,187.94000244140625,142.06268310546875,48100
2017-09-25,GLAXO,189.89999389648438,193.5,187.0,187.8699951171875,142.00978088378906,48600
2017-09-26,GLAXO,188.5,191.0,184.5,185.27999877929688,140.052001953125,49700
2017-09-27,GLAXO,181.00999450683594,184.8699951171875,179.0,179.77000427246094,135.88705444335938,69300
2017-09-28,GLAXO,180.0,181.0,177.0,179.44000244140625,135.63760375976562,90500
2017-09-29,GLAXO,182.0,188.41000366210938,181.5,183.99000549316406,139.07691955566406,145700
2017-10-02,GLAXO,182.0500030517578,187.0,180.0,180.30999755859375,136.29522705078125,46200
2017-10-03,GLAXO,179.5,179.5,175.0,177.94000244140625,134.5037841796875,44200
2017-10-04,GLAXO,178.47999572753906,179.49000549316406,169.10000610351562,173.0800018310547,130.8301239013672,48700
2017-10-05,GLAXO,175.0,176.0,169.0,170.99000549316406,129.25030517578125,84100
2017-10-06,GLAXO,173.0,177.0,172.61000061035156,174.83999633789062,132.16046142578125,64100
2017-10-09,GLAXO,172.5,176.0,171.25999450683594,173.61000061035156,131.23074340820312,54100
2017-10-10,GLAXO,173.75,173.75,167.0,170.0800018310547,128.56243896484375,77900
2017-10-11,GLAXO,171.0,173.0,169.99000549316406,170.41000366210938,128.81187438964844,24900
2017-10-12,GLAXO,170.0,170.0,167.0,167.8800048828125,126.89947509765625,30200
2017-10-13,GLAXO,172.6999969482422,172.6999969482422,164.00999450683594,166.38999938964844,125.77318572998047,23000
2017-10-16,GLAXO,170.5,173.0,169.0,172.47000122070312,130.36903381347656,47700
2017-10-17,GLAXO,174.0,176.0,168.10000610351562,169.14999389648438,127.85945892333984,95700
2017-10-18,GLAXO,169.5,170.0,167.0500030517578,168.7899932861328,127.58732604980469,33100
2017-10-19,GLAXO,169.25,173.97999572753906,169.0,172.82000732421875,130.63357543945312,127800
2017-10-20,GLAXO,173.39999389648438,181.4600067138672,169.5,177.36000061035156,134.06533813476562,273400
2017-10-23,GLAXO,178.0,179.0,173.0500030517578,174.49000549316406,131.8959197998047,87100
2017-10-24,GLAXO,171.10000610351562,172.94000244140625,169.60000610351562,171.19000244140625,129.40147399902344,47400
2017-10-25,GLAXO,170.25,173.99000549316406,170.25,172.69000244140625,130.5353240966797,27900
2017-10-26,GLAXO,171.25999450683594,178.89999389648438,171.25999450683594,175.0,132.2814483642578,126500
2017-10-27,GLAXO,180.0,183.75,178.0,183.75,138.89549255371094,326000
2017-10-30,GLAXO,186.0,186.0,174.57000732421875,175.14999389648438,132.39480590820312,148500
2017-10-31,GLAXO,174.5,176.89999389648438,169.1999969482422,170.25,128.69093322753906,240100
2017-11-01,GLAXO,172.75,178.75999450683594,172.0,178.75999450683594,135.1235809326172,122000
2017-11-02,GLAXO,180.39999389648438,182.99000549316406,177.52000427246094,181.9199981689453,137.51220703125,220300
2017-11-03,GLAXO,181.5,186.0,181.5,185.3000030517578,140.067138671875,89600
2017-11-06,GLAXO,182.0,185.0,181.6199951171875,182.10000610351562,137.64828491210938,19800
2017-11-07,GLAXO,184.60000610351562,184.60000610351562,180.0,182.02999877929688,137.59535217285156,167500
2017-11-08,GLAXO,179.99000549316406,183.88999938964844,176.0,183.2100067138672,138.48731994628906,113200
2017-11-09,GLAXO,186.0,190.88999938964844,185.50999450683594,186.7899932861328,143.54388427734375,134400
2017-11-10,GLAXO,185.0,188.2100067138672,184.9499969482422,185.1699981689453,142.29896545410156,67600
2017-11-13,GLAXO,184.0,184.0,182.0,182.52999877929688,140.2701873779297,30300
2017-11-14,GLAXO,183.5,185.4600067138672,183.0,183.0,140.63136291503906,26000
2017-11-15,GLAXO,181.10000610351562,183.0,180.25,181.13999938964844,139.20201110839844,34700
2017-11-16,GLAXO,181.1999969482422,181.25,180.0,180.05999755859375,138.37205505371094,20600
2017-11-17,GLAXO,180.11000061035156,181.8000030517578,177.0,179.85000610351562,138.21067810058594,40500
2017-11-20,GLAXO,181.89999389648438,182.0,177.0,177.11000061035156,136.1050262451172,36600
2017-11-21,GLAXO,175.0500030517578,178.0,174.0,175.32000732421875,134.72947692871094,42400
2017-11-22,GLAXO,177.0,177.0,175.10000610351562,175.6300048828125,134.9676971435547,5500
2017-11-23,GLAXO,175.64999389648438,176.0,174.50999450683594,174.89999389648438,134.40670776367188,15100
2017-11-24,GLAXO,174.0,182.3000030517578,174.0,178.72999572753906,137.34996032714844,39600
2017-11-27,GLAXO,177.75,179.8800048828125,177.75,178.02999877929688,136.81202697753906,16900
2017-11-28,GLAXO,180.0,180.0,176.5500030517578,177.25,136.21261596679688,34200
2017-11-29,GLAXO,177.5,178.0,175.5,175.97000122070312,135.22898864746094,17200
2017-11-30,GLAXO,176.97999572753906,179.0,176.97999572753906,177.75,136.59686279296875,12400
2017-12-01,GLAXO,177.75,177.75,177.75,177.75,136.59686279296875,0
2017-12-04,GLAXO,178.0,179.0,178.0,178.0,136.7889862060547,2300
2017-12-05,GLAXO,179.60000610351562,182.5,177.5,178.5399932861328,137.20394897460938,41600
2017-12-06,GLAXO,178.5399932861328,178.5399932861328,178.5399932861328,178.5399932861328,137.20394897460938,0
2017-12-07,GLAXO,177.11000061035156,180.0,175.8000030517578,176.69000244140625,135.78228759765625,54000
2017-12-08,GLAXO,174.6999969482422,177.5,173.50999450683594,174.8000030517578,134.32984924316406,21400
2017-12-11,GLAXO,174.5,175.0,169.60000610351562,171.75,131.98599243164062,30300
2017-12-12,GLAXO,170.0500030517578,170.0500030517578,166.25,169.91000366210938,130.57200622558594,28100
2017-12-13,GLAXO,170.10000610351562,170.5,166.5,167.5800018310547,128.7814483642578,79800
2017-12-14,GLAXO,166.99000549316406,167.0,161.5,161.8800048828125,124.40113830566406,33300
2017-12-15,GLAXO,162.8000030517578,164.0,160.0,161.7899932861328,124.33197021484375,39000
2017-12-18,GLAXO,162.99000549316406,162.99000549316406,159.0,159.02999877929688,122.2109603881836,36200
2017-12-19,GLAXO,159.49000549316406,159.49000549316406,155.02000427246094,155.89999389648438,119.80562591552734,14600
2017-12-20,GLAXO,159.99000549316406,160.0,155.5,156.39999389648438,120.18988037109375,24800
2017-12-21,GLAXO,156.39999389648438,156.39999389648438,153.5500030517578,154.19000244140625,118.49152374267578,169900
2017-12-22,GLAXO,155.5,161.88999938964844,155.0,161.83999633789062,124.37037658691406,176500
2017-12-25,GLAXO,161.83999633789062,161.83999633789062,161.83999633789062,161.83999633789062,124.37037658691406,0
2017-12-26,GLAXO,165.0,169.89999389648438,163.5,164.75,126.60664367675781,166900
2017-12-27,GLAXO,163.25,169.0,163.25,165.2100067138672,126.96015930175781,92800
2017-12-28,GLAXO,164.0500030517578,170.0,162.5,169.52999877929688,130.27999877929688,162800
2017-12-29,GLAXO,167.5,172.89999389648438,165.00999450683594,167.8800048828125,129.01199340820312,130200
2018-01-01,GLAXO,167.5,169.35000610351562,165.22000122070312,168.91000366210938,129.8035430908203,10700
2018-01-02,GLAXO,168.0,172.8000030517578,168.0,170.14999389648438,130.75643920898438,95000
2018-01-03,GLAXO,168.1199951171875,171.4499969482422,168.1199951171875,170.4499969482422,130.9869842529297,38300
2018-01-04,GLAXO,172.97999572753906,177.5,171.5,175.80999755859375,135.1060333251953,216100
2018-01-05,GLAXO,176.0,184.60000610351562,175.1999969482422,184.60000610351562,141.86094665527344,505700
2018-01-08,GLAXO,186.00999450683594,192.6999969482422,186.00999450683594,192.07000732421875,147.60147094726562,330200
2018-01-09,GLAXO,190.05999755859375,190.05999755859375,186.5,187.22999572753906,143.8820343017578,66700
2018-01-10,GLAXO,186.0500030517578,192.0,185.75,190.14999389648438,146.1259765625,67500
2018-01-11,GLAXO,188.50999450683594,190.5,185.1999969482422,187.2100067138672,143.86666870117188,44200
2018-01-12,GLAXO,187.5,187.5,182.0,183.60000610351562,141.0924530029297,20800
2018-01-15,GLAXO,183.0,183.0,178.10000610351562,178.99000549316406,137.54977416992188,20000
2018-01-16,GLAXO,177.97000122070312,182.0,177.97000122070312,181.3699951171875,139.3787384033203,25700
2018-01-17,GLAXO,181.35000610351562,186.99000549316406,179.10000610351562,186.0,142.9368133544922,77800
2018-01-18,GLAXO,190.0,191.89999389648438,185.5,186.25999450683594,143.1365966796875,64800
2018-01-19,GLAXO,187.0,191.7899932861328,187.0,190.33999633789062,146.27198791503906,63900
2018-01-22,GLAXO,191.9499969482422,196.0,189.0,194.5500030517578,149.5072784423828,213000
2018-01-23,GLAXO,192.0,193.89999389648438,190.0,192.6999969482422,148.08560180664062,42100
2018-01-24,GLAXO,192.9199981689453,194.97000122070312,189.00999450683594,189.8800048828125,145.91851806640625,67900
2018-01-25,GLAXO,189.5500030517578,198.25,189.5500030517578,195.25,150.0452117919922,182300
2018-01-26,GLAXO,196.35000610351562,198.75,191.9499969482422,196.19000244140625,150.767578125,122800
2018-01-29,GLAXO,194.6999969482422,198.0,193.0,197.5800018310547,151.83578491210938,55500
2018-01-30,GLAXO,201.0,207.4499969482422,199.39999389648438,207.41000366210938,159.38992309570312,686700
2018-01-31,GLAXO,209.0,215.6999969482422,208.9499969482422,212.8300018310547,163.55506896972656,426200
2018-02-01,GLAXO,214.5,219.8000030517578,211.22000122070312,216.9600067138672,166.7288818359375,314700
2018-02-02,GLAXO,217.5500030517578,218.0,211.0,211.72000122070312,162.70205688476562,119500
2018-02-05,GLAXO,211.72000122070312,211.72000122070312,211.72000122070312,211.72000122070312,162.70205688476562,0
2018-02-06,GLAXO,211.72000122070312,211.72000122070312,211.72000122070312,211.72000122070312,162.70205688476562,0
2018-02-07,GLAXO,211.72000122070312,211.72000122070312,211.72000122070312,211.72000122070312,162.70205688476562,0
2018-02-08,GLAXO,202.5,206.49000549316406,201.5,201.7100067138672,155.0095977783203,81600
2018-02-09,GLAXO,200.0,206.25,198.30999755859375,201.83999633789062,155.10948181152344,99100
2018-02-12,GLAXO,202.0,203.9499969482422,199.11000061035156,199.82000732421875,153.5571746826172,52300
2018-02-13,GLAXO,201.0,202.0,196.0,197.5500030517578,151.81271362304688,55400
2018-02-14,GLAXO,197.5500030517578,197.5500030517578,197.5500030517578,197.5500030517578,151.81271362304688,0
2018-02-15,GLAXO,191.5,194.0,184.0,184.92999267578125,142.11451721191406,124000
2018-02-16,GLAXO,184.11000061035156,194.1699981689453,184.0,192.07000732421875,147.60147094726562,134300
2018-02-19,GLAXO,192.0,197.4499969482422,192.0,193.49000549316406,148.6927032470703,49900
2018-02-20,GLAXO,194.89999389648438,194.89999389648438,188.25,189.47999572753906,145.611083984375,47300
2018-02-21,GLAXO,192.0,194.8000030517578,190.25,190.77000427246094,146.60244750976562,35100
2018-02-22,GLAXO,186.00999450683594,192.99000549316406,186.00999450683594,191.6300048828125,147.26333618164062,25500
2018-02-23,GLAXO,198.0,198.0,188.88999938964844,191.4600067138672,147.13267517089844,75800
2018-02-26,GLAXO,190.5,191.5,189.0,189.14999389648438,145.3574981689453,23400
2018-02-27,GLAXO,189.99000549316406,193.49000549316406,186.0,189.0399932861328,145.27297973632812,70100
2018-02-28,GLAXO,190.0,192.0,188.64999389648438,189.02999877929688,145.2653045654297,94000
2018-03-01,GLAXO,190.0,193.5,188.5,191.5500030517578,147.2018585205078,73700
2018-03-02,GLAXO,191.99000549316406,194.39999389648438,189.0,190.69000244140625,146.54095458984375,44900
2018-03-05,GLAXO,191.10000610351562,191.89999389648438,188.00999450683594,188.5800018310547,144.91949462890625,81400
2018-03-06,GLAXO,190.0,191.0,188.10000610351562,188.2899932861328,144.69662475585938,58900
2018-03-07,GLAXO,189.0,189.0,186.2100067138672,186.91000366210938,143.63613891601562,21000
2018-03-08,GLAXO,185.0,187.97000122070312,184.00999450683594,185.8300018310547,142.80616760253906,36700
2018-03-09,GLAXO,185.75,187.0,184.0500030517578,184.4199981689453,141.72259521484375,10500
2018-03-12,GLAXO,185.0,186.0,175.25,185.7100067138672,142.71395874023438,33800
2018-03-13,GLAXO,183.50999450683594,188.5500030517578,183.50999450683594,186.74000549316406,143.50547790527344,167400
2018-03-14,GLAXO,185.1999969482422,187.5,184.0,185.00999450683594,142.17601013183594,17200
2018-03-15,GLAXO,182.5,186.5,182.5,184.42999267578125,141.7303009033203,14000
2018-03-16,GLAXO,185.8000030517578,186.99000549316406,185.0,185.0,142.16831970214844,166600
2018-03-19,GLAXO,185.0,185.0,183.1999969482422,185.0,142.16831970214844,90000
2018-03-20,GLAXO,186.8699951171875,187.0,184.52000427246094,184.8000030517578,142.0146484375,22700
2018-03-21,GLAXO,184.14999389648438,186.0,183.99000549316406,184.32000732421875,141.6457977294922,224800
2018-03-22,GLAXO,183.97999572753906,187.0,183.97999572753906,184.52999877929688,141.80712890625,191900
2018-03-23,GLAXO,184.52999877929688,184.52999877929688,184.52999877929688,184.52999877929688,141.80712890625,0
2018-03-26,GLAXO,184.3000030517578,186.99000549316406,183.0,183.44000244140625,140.96949768066406,114600
2018-03-27,GLAXO,184.5,189.9499969482422,184.0,185.89999389648438,142.85995483398438,147600
2018-03-28,GLAXO,186.0,186.47000122070312,184.0,184.92999267578125,142.11451721191406,55400
2018-03-29,GLAXO,185.0,188.0,185.0,186.7100067138672,143.482421875,61500
2018-03-30,GLAXO,188.25,192.0,188.25,189.61000061035156,145.7110137939453,163300
2018-04-02,GLAXO,190.50999450683594,196.0,190.5,195.4199981689453,150.17584228515625,170600
2018-04-03,GLAXO,195.0,200.0,194.10000610351562,195.1300048828125,149.95303344726562,112000
2018-04-04,GLAXO,194.0,196.0,191.5500030517578,192.0399932861328,147.57838439941406,66200
2018-04-05,GLAXO,192.10000610351562,194.4499969482422,191.6999969482422,192.88999938964844,148.23162841796875,48600
2018-04-06,GLAXO,194.0,195.5,192.0,192.13999938964844,147.65524291992188,33300
2018-04-09,GLAXO,190.39999389648438,191.89999389648438,189.36000061035156,190.72000122070312,146.56399536132812,47500
2018-04-10,GLAXO,190.16000366210938,191.4499969482422,190.0,191.07000732421875,146.83297729492188,15900
2018-04-11,GLAXO,192.99000549316406,195.0,192.0,192.1999969482422,147.70135498046875,95300
2018-04-12,GLAXO,192.97999572753906,193.99000549316406,190.25,192.0,147.5476837158203,50600
2018-04-13,GLAXO,188.5500030517578,193.0500030517578,188.00999450683594,191.24000549316406,146.96365356445312,46200
2018-04-16,GLAXO,187.1999969482422,187.1999969482422,183.10000610351562,183.49000549316406,144.02027893066406,77600
2018-04-17,GLAXO,184.0,185.60000610351562,183.25999450683594,184.74000549316406,145.00140380859375,23500
2018-04-18,GLAXO,186.0,188.0,185.0,187.64999389648438,147.28541564941406,46800
2018-04-19,GLAXO,188.5399932861328,190.0,186.10000610351562,187.89999389648438,147.4816436767578,40800
2018-04-20,GLAXO,190.5,191.75,187.0,187.5800018310547,147.23048400878906,6700
2018-04-23,GLAXO,188.88999938964844,191.88999938964844,185.0,185.64999389648438,145.71563720703125,72200
2018-04-24,GLAXO,189.8000030517578,190.0,186.6999969482422,189.57000732421875,148.7924346923828,59100
2018-04-25,GLAXO,190.2899932861328,198.97000122070312,190.2899932861328,197.47000122070312,154.9930877685547,337600
2018-04-26,GLAXO,198.0,201.0,192.1999969482422,194.22999572753906,152.4500274658203,125100
2018-04-27,GLAXO,198.49000549316406,198.49000549316406,192.49000549316406,193.0399932861328,151.5159912109375,41600
2018-04-30,GLAXO,194.44000244140625,194.44000244140625,190.0,190.4600067138672,149.4910125732422,51500
2018-05-01,GLAXO,190.4600067138672,190.4600067138672,190.4600067138672,190.4600067138672,149.4910125732422,0
2018-05-02,GLAXO,191.99000549316406,191.99000549316406,189.0,189.0800018310547,148.40782165527344,15300
2018-05-03,GLAXO,188.0,188.5,186.0,186.42999267578125,146.3278350830078,28600
2018-05-04,GLAXO,192.88999938964844,192.88999938964844,185.0,189.16000366210938,148.4706268310547,6700
2018-05-07,GLAXO,187.64999389648438,189.5,186.91000366210938,187.13999938964844,146.8851318359375,16400
2018-05-08,GLAXO,185.10000610351562,188.0,185.10000610351562,188.0,147.56015014648438,13000
2018-05-09,GLAXO,188.0,188.0,183.85000610351562,186.89999389648438,146.69674682617188,58100
2018-05-10,GLAXO,186.89999389648438,189.89999389648438,185.0,187.00999450683594,146.7830810546875,9700
2018-05-11,GLAXO,189.6999969482422,189.6999969482422,185.3000030517578,185.36000061035156,145.48802185058594,12900
2018-05-14,GLAXO,185.0,185.0,180.5,182.9600067138672,143.60427856445312,27800
2018-05-15,GLAXO,182.0,184.0,179.14999389648438,182.85000610351562,143.5179443359375,170000
2018-05-16,GLAXO,183.49000549316406,184.0,182.0,182.72999572753906,143.4237518310547,27400
2018-05-17,GLAXO,182.0,183.99000549316406,181.0,181.1699981689453,142.19932556152344,22300
2018-05-18,GLAXO,181.1999969482422,181.1999969482422,179.1999969482422,179.9600067138672,141.24961853027344,67800
2018-05-21,GLAXO,181.0,181.0,179.5,179.77000427246094,141.10047912597656,23400
2018-05-22,GLAXO,179.0,184.47999572753906,179.0,181.11000061035156,142.15225219726562,320500
2018-05-23,GLAXO,181.82000732421875,182.9499969482422,180.0,181.0,142.06588745117188,46200
2018-05-24,GLAXO,180.10000610351562,180.85000610351562,179.55999755859375,180.0,141.28099060058594,14100
2018-05-25,GLAXO,180.0,180.5,179.0,179.9600067138672,141.24961853027344,17900
2018-05-28,GLAXO,180.0,182.49000549316406,179.75,180.11000061035156,141.36734008789062,11000
2018-05-29,GLAXO,178.11000061035156,187.0,178.11000061035156,182.22000122070312,143.02345275878906,20800
2018-05-30,GLAXO,186.8000030517578,188.0,182.10000610351562,183.30999755859375,143.87899780273438,150700
2018-05-31,GLAXO,186.0,187.0,183.0,185.1300048828125,145.30747985839844,45900
2018-06-01,GLAXO,186.0,189.0,185.0,186.17999267578125,146.13162231445312,65200
2018-06-04,GLAXO,181.25,186.97000122070312,181.25,183.57000732421875,144.0830535888672,89500
2018-06-05,GLAXO,185.9499969482422,186.0,183.5,185.41000366210938,145.5272674560547,28600
2018-06-06,GLAXO,186.0,189.5,185.9199981689453,188.17999267578125,147.701416015625,95600
2018-06-07,GLAXO,189.89999389648438,189.89999389648438,187.0,187.0500030517578,146.81451416015625,34000
2018-06-08,GLAXO,187.0500030517578,187.0500030517578,187.0500030517578,187.0500030517578,146.81451416015625,0
2018-06-11,GLAXO,187.0,187.0,182.25,182.8800048828125,143.54147338867188,19100
2018-06-12,GLAXO,182.14999389648438,183.0,179.0,179.47000122070312,140.864990234375,11500
2018-06-13,GLAXO,182.97999572753906,182.97999572753906,180.2100067138672,181.05999755859375,142.11297607421875,3700
2018-06-14,GLAXO,182.99000549316406,183.1999969482422,182.0,182.30999755859375,143.09410095214844,1800
2018-06-15,GLAXO,182.30999755859375,182.30999755859375,182.30999755859375,182.30999755859375,143.09410095214844,0
2018-06-19,GLAXO,182.0,182.0,180.10000610351562,181.1699981689453,142.19932556152344,17200
2018-06-20,GLAXO,182.0,182.5,180.0,180.3300018310547,141.5399932861328,17800
2018-06-21,GLAXO,176.50999450683594,188.0,176.50999450683594,184.57000732421875,144.8679656982422,144500
2018-06-22,GLAXO,180.10000610351562,185.0,177.0,177.99000549316406,139.70335388183594,55900
2018-06-25,GLAXO,179.0,179.0,169.10000610351562,169.10000610351562,132.7256317138672,85700
2018-06-26,GLAXO,170.0,171.99000549316406,165.0,166.5,130.68492126464844,50200
2018-06-27,GLAXO,167.0,169.89999389648438,167.0,169.25,132.8433837890625,33200
2018-06-28,GLAXO,169.5,172.0,167.00999450683594,168.72999572753906,132.43521118164062,33500
2018-06-29,GLAXO,168.11000061035156,168.89999389648438,162.10000610351562,166.0,130.29246520996094,135000
2018-07-02,GLAXO,165.25,167.5,163.0,163.27000427246094,128.14971923828125,25800
2018-07-03,GLAXO,164.5,164.5,163.0,163.5,128.3302459716797,6800
2018-07-04,GLAXO,162.0,163.5,159.0,160.07000732421875,125.63804626464844,29500
2018-07-05,GLAXO,162.0,163.25,161.1999969482422,161.44000244140625,126.71336364746094,12400
2018-07-06,GLAXO,161.0,163.85000610351562,158.00999450683594,163.75,128.5264434814453,7800
2018-07-09,GLAXO,163.5,163.99000549316406,158.0,158.61000061035156,124.49210357666016,24600
2018-07-10,GLAXO,159.0,160.0,157.5,158.00999450683594,124.02115631103516,19200
2018-07-11,GLAXO,159.0,161.5,159.0,159.47999572753906,125.17496490478516,7200
2018-07-12,GLAXO,157.52000427246094,159.0,155.0,157.10000610351562,123.3069076538086,54200
2018-07-13,GLAXO,160.0,160.0,155.0,155.1699981689453,121.79205322265625,75800
2018-07-16,GLAXO,158.89999389648438,158.89999389648438,151.0,152.00999450683594,119.31181335449219,30700
2018-07-17,GLAXO,153.5,153.8000030517578,149.8000030517578,150.08999633789062,117.8048095703125,52200
2018-07-18,GLAXO,151.0,153.25,151.0,152.5,119.69639587402344,58100
2018-07-19,GLAXO,154.5500030517578,159.0,152.0,157.22999572753906,123.4089584350586,114700
2018-07-20,GLAXO,157.0,157.75,154.5,155.0,121.65862274169922,39600
2018-07-23,GLAXO,155.0,155.0,152.6999969482422,154.91000366210938,121.58800506591797,15500
2018-07-24,GLAXO,156.75,158.85000610351562,155.0,157.75999450683594,123.8249282836914,32500
2018-07-25,GLAXO,157.75999450683594,157.75999450683594,157.75999450683594,157.75999450683594,123.8249282836914,0
2018-07-26,GLAXO,160.5,161.3000030517578,158.5,160.52999877929688,125.99911499023438,49500
2018-07-27,GLAXO,162.88999938964844,164.60000610351562,160.0,163.5500030517578,128.36949157714844,64200
2018-07-30,GLAXO,165.0,171.72000122070312,165.0,171.72000122070312,134.7820587158203,101300
2018-07-31,GLAXO,170.0,174.00999450683594,167.5,168.4199981689453,132.19190979003906,66400
2018-08-01,GLAXO,168.50999450683594,169.89999389648438,166.5,169.24000549316406,132.83551025390625,25100
2018-08-02,GLAXO,171.0,171.0,165.0,166.3300018310547,130.55149841308594,31600
2018-08-03,GLAXO,166.0,167.0,165.0,165.3699951171875,129.79795837402344,12200
2018-08-06,GLAXO,164.2100067138672,166.61000061035156,162.00999450683594,163.97000122070312,128.69912719726562,16100
2018-08-07,GLAXO,165.0,165.0,162.5,162.91000366210938,127.86715698242188,34000
2018-08-08,GLAXO,162.00999450683594,162.9499969482422,161.0,162.0,127.15289306640625,11700
2018-08-09,GLAXO,162.49000549316406,164.0,162.49000549316406,162.9199981689453,127.87499237060547,21600
2018-08-10,GLAXO,164.63999938964844,167.0,163.0,164.02000427246094,128.73838806152344,31000
2018-08-13,GLAXO,163.0,165.0,159.5,160.41000366210938,125.90491485595703,39600
2018-08-14,GLAXO,160.41000366210938,160.41000366210938,160.41000366210938,160.41000366210938,125.90491485595703,0
2018-08-15,GLAXO,160.0,161.0,155.0,158.89999389648438,124.71969604492188,31700
2018-08-16,GLAXO,159.0,162.0,158.0,160.9600067138672,126.33660125732422,22000
2018-08-17,GLAXO,162.0,165.0,162.0,164.82000732421875,129.36630249023438,40000
2018-08-20,GLAXO,164.5500030517578,166.0,163.02000427246094,164.9600067138672,129.47618103027344,29400
2018-08-21,GLAXO,164.9600067138672,164.9600067138672,164.9600067138672,164.9600067138672,129.47618103027344,0
2018-08-22,GLAXO,164.9600067138672,164.9600067138672,164.9600067138672,164.9600067138672,129.47618103027344,0
2018-08-23,GLAXO,164.9600067138672,164.9600067138672,164.9600067138672,164.9600067138672,129.47618103027344,0
2018-08-24,GLAXO,165.0,165.5,164.0500030517578,165.05999755859375,129.55465698242188,41000
2018-08-27,GLAXO,165.99000549316406,167.3000030517578,165.60000610351562,166.52999877929688,130.7084503173828,48100
2018-08-28,GLAXO,166.89999389648438,167.1999969482422,165.39999389648438,165.39999389648438,129.82151794433594,26100
2018-08-29,GLAXO,164.0399932861328,165.0,162.3000030517578,163.11000061035156,128.0241241455078,9800
2018-08-30,GLAXO,161.27000427246094,162.0,161.10000610351562,161.5,126.76042938232422,10500
2018-08-31,GLAXO,161.10000610351562,161.10000610351562,159.5,160.0,125.5831069946289,28300
2018-09-03,GLAXO,160.0,160.0,159.1699981689453,159.92999267578125,125.52815246582031,35600
2018-09-04,GLAXO,158.0,161.0,158.0,159.99000549316406,125.57525634765625,79500
2018-09-05,GLAXO,160.0,160.0,157.0500030517578,157.50999450683594,123.62872314453125,42700
2018-09-06,GLAXO,155.50999450683594,158.89999389648438,155.0,156.00999450683594,122.45135498046875,11000
2018-09-07,GLAXO,156.0,157.99000549316406,154.00999450683594,154.50999450683594,121.27404022216797,27800
2018-09-10,GLAXO,154.10000610351562,154.89999389648438,153.5,154.8699951171875,121.55658721923828,1500
2018-09-11,GLAXO,154.5,155.5,153.11000061035156,155.5,122.05110168457031,4400
2018-09-12,GLAXO,155.0,155.5,153.0,153.6999969482422,120.63824462890625,13700
2018-09-13,GLAXO,154.10000610351562,156.0,154.0,154.4600067138672,121.23479461669922,5200
2018-09-14,GLAXO,155.0,156.5,155.0,156.4199981689453,122.7731704711914,5500
2018-09-17,GLAXO,156.0,156.0,154.16000366210938,154.4499969482422,121.2269515991211,3100
2018-09-18,GLAXO,155.0,158.0,155.0,156.6699981689453,122.96939086914062,8200
2018-09-19,GLAXO,158.0,158.0,154.00999450683594,154.5,121.26618194580078,4000
2018-09-20,GLAXO,154.5,154.5,154.5,154.5,121.26618194580078,0
2018-09-21,GLAXO,154.5,154.5,154.5,154.5,121.26618194580078,0
2018-09-24,GLAXO,154.0,154.0,151.02000427246094,152.5800018310547,119.75917053222656,13600
2018-09-25,GLAXO,152.0,152.5,151.0,151.0,118.51905059814453,5000
2018-09-26,GLAXO,150.0,151.0,149.5,149.6300048828125,117.44375610351562,5800
2018-09-27,GLAXO,146.0,149.89999389648438,142.14999389648438,144.1699981689453,113.1582260131836,53800
2018-09-28,GLAXO,144.0,151.3699951171875,142.0,147.82000732421875,116.02308654785156,18200
2018-10-01,GLAXO,146.0,146.0,141.25,141.8800048828125,111.36082458496094,20500
2018-10-02,GLAXO,143.0,144.89999389648438,142.0,142.0399932861328,111.48638916015625,13800
2018-10-03,GLAXO,143.0,143.99000549316406,142.0,142.42999267578125,111.79248809814453,10100
2018-10-04,GLAXO,140.10000610351562,140.3000030517578,136.10000610351562,137.47999572753906,107.90727233886719,22400
2018-10-05,GLAXO,137.0,140.0,135.0,135.42999267578125,106.29823303222656,10400
2018-10-08,GLAXO,131.5,135.0,128.66000366210938,128.66000366210938,100.98451232910156,89400
2018-10-09,GLAXO,129.97999572753906,131.5,122.2300033569336,122.33000183105469,96.01612854003906,70000
2018-10-10,GLAXO,118.01000213623047,125.0999984741211,116.22000122070312,122.88999938964844,96.45567321777344,37000
2018-10-11,GLAXO,123.0,124.0,118.11000061035156,119.5999984741211,93.87337493896484,25700
2018-10-12,GLAXO,120.9800033569336,123.4800033569336,118.5,120.80999755859375,94.82308197021484,14500
2018-10-15,GLAXO,120.80999755859375,120.80999755859375,114.80000305175781,115.04000091552734,90.29425048828125,20100
2018-10-16,GLAXO,117.9800033569336,117.9800033569336,115.4000015258789,116.12999725341797,91.1497802734375,4000
2018-10-17,GLAXO,118.9000015258789,121.93000030517578,118.9000015258789,121.79000091552734,95.59228515625,33800
2018-10-18,GLAXO,121.05000305175781,127.0,120.0,126.68000030517578,99.430419921875,33700
2018-10-19,GLAXO,126.0,131.4499969482422,126.0,130.9600067138672,102.78977966308594,18500
2018-10-22,GLAXO,131.0,134.22999572753906,130.00999450683594,131.3800048828125,103.11943054199219,19000
2018-10-23,GLAXO,130.0,131.0,127.11000061035156,127.31999969482422,99.93274688720703,16900
2018-10-24,GLAXO,132.0,133.67999267578125,131.0,133.67999267578125,104.92467498779297,50800
2018-10-25,GLAXO,138.0,138.4499969482422,132.0,134.0,105.17583465576172,53800
2018-10-26,GLAXO,133.89999389648438,139.88999938964844,131.0,135.6699981689453,106.48662567138672,21100
2018-10-29,GLAXO,138.0,141.94000244140625,136.0,138.1300048828125,108.4174575805664,43000
2018-10-30,GLAXO,140.0,140.0,134.00999450683594,135.1300048828125,106.06278991699219,76700
2018-10-31,GLAXO,132.14999389648438,141.0,132.14999389648438,137.1300048828125,107.632568359375,84400
2018-11-01,GLAXO,137.0,143.97999572753906,137.0,143.4600067138672,112.60095977783203,119600
2018-11-02,GLAXO,145.0,150.6300048828125,143.6999969482422,149.5,117.34171295166016,203600
2018-11-05,GLAXO,150.5,150.5,143.5,146.0399932861328,114.6259765625,68500
2018-11-06,GLAXO,145.0,145.0,139.0,141.97000122070312,111.43144989013672,63300
2018-11-07,GLAXO,146.0,146.0,142.25,143.0,112.23990631103516,21700
2018-11-08,GLAXO,142.1999969482422,143.39999389648438,141.0,141.7899932861328,111.29017639160156,14400
2018-11-09,GLAXO,142.1999969482422,143.72000122070312,141.0,142.0,111.45500183105469,3500
2018-11-12,GLAXO,141.10000610351562,143.49000549316406,141.10000610351562,143.49000549316406,112.62449645996094,21100
2018-11-13,GLAXO,141.0,142.0,139.0,140.4199981689453,110.21485900878906,15900
2018-11-14,GLAXO,142.5,146.0,140.02000427246094,143.35000610351562,112.51461029052734,68000
2018-11-15,GLAXO,141.5,144.89999389648438,141.5,141.8699951171875,111.35295104980469,56100
2018-11-16,GLAXO,142.99000549316406,143.0,141.8699951171875,142.75,112.04366302490234,36100
2018-11-19,GLAXO,142.89999389648438,142.89999389648438,139.0,139.63999938964844,109.60265350341797,18700
2018-11-20,GLAXO,139.0500030517578,141.89999389648438,137.5,138.0399932861328,108.3468246459961,137700
2018-11-21,GLAXO,138.0399932861328,138.0399932861328,138.0399932861328,138.0399932861328,108.3468246459961,0
2018-11-22,GLAXO,139.85000610351562,139.85000610351562,136.50999450683594,137.75,108.11919403076172,31900
2018-11-23,GLAXO,138.6999969482422,138.99000549316406,137.0,137.5,107.92298126220703,65800
2018-11-26,GLAXO,139.0,139.74000549316406,135.0,135.52999877929688,106.37673950195312,65400
2018-11-27,GLAXO,136.10000610351562,136.5,135.89999389648438,136.27999877929688,106.96540832519531,29600
2018-11-28,GLAXO,137.99000549316406,138.25,136.0,136.0800018310547,106.80843353271484,44000
2018-11-29,GLAXO,137.0,137.0,135.8300018310547,136.0399932861328,106.77702331542969,44600
2018-11-30,GLAXO,134.97000122070312,135.00999450683594,133.50999450683594,133.58999633789062,104.85404205322266,35500
2018-12-03,GLAXO,131.0,131.0,126.91999816894531,126.91999816894531,99.6187973022461,24700
2018-12-04,GLAXO,126.8499984741211,128.0,126.0,127.56999969482422,100.12897491455078,60900
2018-12-05,GLAXO,126.5,126.5,121.19999694824219,122.95999908447266,96.51061248779297,49000
2018-12-06,GLAXO,125.5,125.5,121.19999694824219,122.0,95.75711822509766,5900
2018-12-07,GLAXO,121.0,122.01000213623047,119.69999694824219,121.83000183105469,95.6236801147461,16100
2018-12-10,GLAXO,124.44999694824219,125.5,123.5,124.04000091552734,97.3582992553711,24900
2018-12-11,GLAXO,123.0,123.0,121.20999908447266,121.88999938964844,95.6707763671875,9300
2018-12-12,GLAXO,121.20999908447266,121.20999908447266,118.0,119.04000091552734,93.43383026123047,126900
2018-12-13,GLAXO,120.48999786376953,120.48999786376953,117.1500015258789,117.91999816894531,92.55474853515625,8400
2018-12-14,GLAXO,118.0,122.0,116.0,116.91999816894531,91.76984405517578,199000
2018-12-17,GLAXO,117.3499984741211,117.3499984741211,114.70999908447266,115.08000183105469,90.32565307617188,18000
2018-12-18,GLAXO,115.0,115.0,114.0,114.1500015258789,89.59569549560547,16300
2018-12-19,GLAXO,114.0,115.0,110.0999984741211,112.0,87.90817260742188,23900
2018-12-20,GLAXO,112.1500015258789,117.5999984741211,112.1500015258789,115.0,90.26285552978516,154900
2018-12-21,GLAXO,114.0,115.0,112.1500015258789,114.94000244140625,90.21576690673828,21500
2018-12-24,GLAXO,115.80000305175781,115.80000305175781,114.05000305175781,114.80000305175781,90.10587310791016,25300
2018-12-25,GLAXO,114.80000305175781,114.80000305175781,114.80000305175781,114.80000305175781,90.10587310791016,0
2018-12-26,GLAXO,116.0,117.70999908447266,113.5999984741211,114.01000213623047,89.48580932617188,49400
2018-12-27,GLAXO,114.88999938964844,114.88999938964844,113.30000305175781,113.4000015258789,89.00702667236328,8100
2018-12-28,GLAXO,113.5,113.5,112.0,112.25,88.10440063476562,8700
2018-12-31,GLAXO,110.20999908447266,115.0,109.41000366210938,112.68000030517578,88.44190979003906,33600
2019-01-01,GLAXO,113.30999755859375,115.0,113.0,114.55000305175781,89.90965270996094,19200
2019-01-02,GLAXO,114.19999694824219,115.0,111.51000213623047,112.37999725341797,88.2064208984375,17500
2019-01-03,GLAXO,113.0,113.0,110.41999816894531,112.04000091552734,87.93956756591797,14300
2019-01-04,GLAXO,113.02999877929688,115.72000122070312,113.02999877929688,114.26000213623047,89.68203735351562,274600
2019-01-07,GLAXO,116.0,118.5,114.5999984741211,115.87999725341797,90.95355987548828,627500
2019-01-08,GLAXO,116.98999786376953,119.0,115.9000015258789,117.62999725341797,92.32711791992188,191600
2019-01-09,GLAXO,117.5,117.5,116.19999694824219,116.5199966430664,91.45588684082031,19800
2019-01-10,GLAXO,116.0,117.9000015258789,115.5,116.5,91.44019317626953,30200
2019-01-11,GLAXO,114.01000213623047,122.31999969482422,114.01000213623047,122.31999969482422,96.0082778930664,249700
2019-01-14,GLAXO,128.42999267578125,128.42999267578125,126.98999786376953,128.42999267578125,100.8039779663086,175500
2019-01-15,GLAXO,130.0,130.39999389648438,126.0,128.16000366210938,100.59207153320312,314000
2019-01-16,GLAXO,129.0,129.0,125.4000015258789,125.98999786376953,98.88884735107422,25400
2019-01-17,GLAXO,123.0,132.27999877929688,122.56999969482422,130.7899932861328,102.65633392333984,437700
2019-01-18,GLAXO,130.02000427246094,135.55999755859375,130.0,132.7899932861328,104.22611999511719,64700
2019-01-21,GLAXO,132.02000427246094,138.60000610351562,132.02000427246094,135.47999572753906,106.33748626708984,99400
2019-01-22,GLAXO,134.5,135.35000610351562,132.5,133.55999755859375,104.83049011230469,47100
2019-01-23,GLAXO,134.0,137.89999389648438,133.3300018310547,134.6300048828125,105.67033386230469,34900
2019-01-24,GLAXO,135.97999572753906,136.0,133.0,133.10000610351562,104.46945190429688,18300
2019-01-25,GLAXO,132.60000610351562,132.75,131.3300018310547,132.44000244140625,103.951416015625,7000
2019-01-28,GLAXO,134.8000030517578,135.0,132.0,133.80999755859375,105.0267105102539,36900
2019-01-29,GLAXO,132.25999450683594,136.8000030517578,132.25999450683594,134.08999633789062,105.2464828491211,24900
2019-01-30,GLAXO,134.5500030517578,136.0,134.5,135.80999755859375,106.59649658203125,34400
2019-01-31,GLAXO,136.69000244140625,142.60000610351562,136.69000244140625,142.60000610351562,111.92593383789062,109000
2019-02-01,GLAXO,143.0,146.89999389648438,142.5,145.10000610351562,113.88819122314453,200700
2019-02-04,GLAXO,146.0,151.88999938964844,145.0,150.52000427246094,118.14229583740234,207700
2019-02-05,GLAXO,150.52000427246094,150.52000427246094,150.52000427246094,150.52000427246094,118.14229583740234,0
2019-02-06,GLAXO,151.4499969482422,152.0,148.16000366210938,149.1300048828125,117.0512924194336,64400
2019-02-07,GLAXO,148.0,151.89999389648438,146.1300048828125,147.11000061035156,115.46582794189453,79400
2019-02-08,GLAXO,147.99000549316406,148.77000427246094,142.14999389648438,143.6999969482422,112.78932189941406,31600
2019-02-11,GLAXO,143.9499969482422,144.11000061035156,140.0,140.38999938964844,110.19132232666016,13200
2019-02-12,GLAXO,139.14999389648438,141.0,139.14999389648438,140.83999633789062,110.54451751708984,8600
2019-02-13,GLAXO,139.0,142.6300048828125,139.0,140.14999389648438,110.00293731689453,37500
2019-02-14,GLAXO,139.5,146.5,139.5,145.72000122070312,114.37480926513672,59300
2019-02-15,GLAXO,145.0,145.39999389648438,140.89999389648438,141.49000549316406,111.05471801757812,46500
2019-02-18,GLAXO,139.5,141.94000244140625,136.24000549316406,137.3699951171875,107.82093811035156,17000
2019-02-19,GLAXO,135.0,137.0,132.49000549316406,133.1999969482422,104.54792785644531,56000
2019-02-20,GLAXO,133.0,135.8000030517578,132.00999450683594,135.47999572753906,106.33748626708984,13600
2019-02-21,GLAXO,135.1999969482422,135.1999969482422,133.0,133.72999572753906,104.96392059326172,10700
2019-02-22,GLAXO,134.89999389648438,136.8000030517578,131.75,135.07000732421875,106.01569366455078,15100
2019-02-25,GLAXO,134.0,134.1999969482422,131.5,131.7899932861328,103.44122314453125,20300
2019-02-26,GLAXO,130.5,130.5,126.5,128.27000427246094,100.67840576171875,39000
2019-02-27,GLAXO,122.0199966430664,126.0,121.86000061035156,125.55999755859375,98.55133056640625,26300
2019-02-28,GLAXO,125.5999984741211,130.75,125.5999984741211,129.7899932861328,101.87142944335938,19100
2019-03-01,GLAXO,129.82000732421875,133.0,129.82000732421875,131.25,103.01738739013672,17100
2019-03-04,GLAXO,131.60000610351562,137.80999755859375,131.5,137.80999755859375,108.16629791259766,37600
2019-03-05,GLAXO,144.6999969482422,144.6999969482422,144.6999969482422,144.6999969482422,113.57420349121094,18900
2019-03-06,GLAXO,151.92999267578125,151.92999267578125,148.0,150.05999755859375,117.78125762939453,548000
2019-03-07,GLAXO,151.00999450683594,151.75,145.3000030517578,146.1999969482422,114.75154876708984,99200
2019-03-08,GLAXO,145.00999450683594,150.0,143.5,148.6699981689453,116.69023895263672,109700
2019-03-11,GLAXO,149.0,151.0,144.10000610351562,147.11000061035156,115.46582794189453,61500
2019-03-12,GLAXO,146.1199951171875,147.0,144.0,145.9600067138672,114.56319427490234,28600
2019-03-13,GLAXO,148.0,148.0,141.0,145.88999938964844,114.50823974609375,35800
2019-03-14,GLAXO,146.97999572753906,147.7899932861328,145.0,145.89999389648438,114.51607513427734,58200
2019-03-15,GLAXO,146.0,146.99000549316406,142.5,143.2899932861328,112.46751403808594,34600
2019-03-18,GLAXO,141.0,144.39999389648438,141.0,142.61000061035156,111.93378448486328,23500
2019-03-19,GLAXO,143.0,144.5500030517578,142.0500030517578,143.0800018310547,112.30268096923828,15900
2019-03-20,GLAXO,143.0,143.5,141.5,141.91000366210938,111.38436126708984,11400
2019-03-21,GLAXO,141.5,142.3800048828125,140.0,141.10000610351562,110.74858856201172,13400
2019-03-22,GLAXO,143.0,144.0,141.5,142.75999450683594,112.05152130126953,15500
2019-03-25,GLAXO,144.0,146.0,141.25,141.80999755859375,111.30585479736328,16400
2019-03-26,GLAXO,142.75,143.49000549316406,141.02000427246094,142.92999267578125,112.18495178222656,13700
2019-03-27,GLAXO,142.11000061035156,147.5,142.11000061035156,145.97000122070312,114.57103729248047,62600
2019-03-28,GLAXO,145.5,145.99000549316406,142.5,143.7899932861328,112.85995483398438,26900
2019-03-29,GLAXO,143.0,144.97999572753906,142.39999389648438,143.5800018310547,112.69512939453125,11600
2019-04-01,GLAXO,143.5800018310547,143.60000610351562,141.0500030517578,141.77000427246094,111.27448272705078,18600
2019-04-02,GLAXO,142.0,142.0,139.89999389648438,140.57000732421875,110.33260345458984,30300
2019-04-03,GLAXO,140.10000610351562,142.8000030517578,140.10000610351562,140.74000549316406,110.46604919433594,16200
2019-04-04,GLAXO,140.3000030517578,140.3000030517578,138.0,138.66000366210938,108.83346557617188,28100
2019-04-05,GLAXO,138.5,140.99000549316406,138.5,139.32000732421875,109.35148620605469,11300
2019-04-08,GLAXO,140.0,140.0,135.0,136.25999450683594,106.94969940185547,29200
2019-04-09,GLAXO,136.89999389648438,139.97999572753906,136.0,139.0800018310547,109.16310119628906,14300
2019-04-10,GLAXO,139.0,140.99000549316406,138.0,138.25999450683594,108.51950073242188,21700
2019-04-11,GLAXO,141.97999572753906,141.97999572753906,133.5,136.8000030517578,107.37355041503906,20600
2019-04-12,GLAXO,138.0,143.63999938964844,138.0,143.2100067138672,112.40473175048828,41300
2019-04-15,GLAXO,143.1999969482422,146.0,141.64999389648438,143.9499969482422,112.98553466796875,81700
2019-04-16,GLAXO,141.89999389648438,141.89999389648438,135.0,135.24000549316406,111.57477569580078,80900
2019-04-17,GLAXO,135.24000549316406,136.0,132.02000427246094,134.89999389648438,111.29426574707031,30000
2019-04-18,GLAXO,133.00999450683594,134.0,131.5,131.80999755859375,108.74497985839844,38600
2019-04-19,GLAXO,131.80999755859375,134.1999969482422,131.80999755859375,133.58999633789062,110.21349334716797,18000
2019-04-22,GLAXO,131.00999450683594,131.99000549316406,128.0,128.92999267578125,106.36893463134766,131100
2019-04-23,GLAXO,127.5,128.0,122.48999786376953,122.66999816894531,101.20436096191406,212800
2019-04-24,GLAXO,119.0,119.0,116.54000091552734,116.5999984741211,96.19652557373047,54900
2019-04-25,GLAXO,118.5,120.0,115.5,115.5199966430664,95.3055191040039,56200
2019-04-26,GLAXO,116.54000091552734,119.01000213623047,116.0,117.13999938964844,96.64203643798828,69600
2019-04-29,GLAXO,118.80000305175781,120.19999694824219,117.0,117.0999984741211,96.6090316772461,31400
2019-04-30,GLAXO,116.5,118.98999786376953,115.69999694824219,115.98999786376953,95.69327545166016,63100
2019-05-01,GLAXO,115.98999786376953,115.98999786376953,115.98999786376953,115.98999786376953,95.69327545166016,0
2019-05-02,GLAXO,116.0199966430664,117.0,116.0,116.51000213623047,96.12227630615234,9700
2019-05-03,GLAXO,116.51000213623047,116.51000213623047,116.51000213623047,116.51000213623047,96.12227630615234,0
2019-05-06,GLAXO,114.69999694824219,116.41000366210938,114.0999984741211,114.0999984741211,94.13399505615234,6200
2019-05-07,GLAXO,115.9000015258789,115.9000015258789,112.31999969482422,113.87000274658203,93.9442367553711,15200
2019-05-08,GLAXO,111.0999984741211,111.0999984741211,109.0,110.12999725341797,90.85868835449219,13800
2019-05-09,GLAXO,108.0,110.9800033569336,107.0,108.0,89.10142517089844,3700
2019-05-10,GLAXO,107.0,107.0,105.0,105.30999755859375,86.88211822509766,61000
2019-05-13,GLAXO,107.0,107.0999984741211,100.5,102.18000030517578,84.29984283447266,24400
2019-05-14,GLAXO,103.44999694824219,104.4800033569336,99.0199966430664,101.9000015258789,84.06884002685547,13300
2019-05-15,GLAXO,104.44999694824219,105.30000305175781,101.70999908447266,102.52999877929688,84.58859252929688,30400
2019-05-16,GLAXO,104.44000244140625,104.44999694824219,99.0,99.83000183105469,82.36105346679688,10200
2019-05-17,GLAXO,95.75,96.0,94.83999633789062,94.83999633789062,78.2442398071289,24000
2019-05-20,GLAXO,92.11000061035156,93.87999725341797,90.1500015258789,92.08000183105469,75.96720123291016,27200
2019-05-21,GLAXO,91.88999938964844,91.98999786376953,89.61000061035156,90.05000305175781,74.29243469238281,106400
2019-05-22,GLAXO,93.0,94.55000305175781,90.5,94.33999633789062,77.83173370361328,331600
2019-05-23,GLAXO,96.0,99.05000305175781,94.0,99.05000305175781,81.71754455566406,88300
2019-05-24,GLAXO,102.5,103.9800033569336,101.0,103.05999755859375,85.0258560180664,27000
2019-05-27,GLAXO,102.9800033569336,108.20999908447266,102.0,108.20999908447266,89.27466583251953,49400
2019-05-28,GLAXO,107.0,107.0,102.80000305175781,103.0199966430664,84.99285125732422,37900
2019-05-29,GLAXO,103.0199966430664,103.0199966430664,103.0199966430664,103.0199966430664,84.99285125732422,0
2019-05-30,GLAXO,109.0,109.4000015258789,102.16000366210938,104.93000030517578,86.56861877441406,25900
2019-05-31,GLAXO,104.93000030517578,104.93000030517578,104.93000030517578,104.93000030517578,86.56861877441406,0
2019-06-03,GLAXO,106.0,106.0,101.12000274658203,102.30000305175781,84.39883422851562,6500
2019-06-04,GLAXO,102.30000305175781,102.30000305175781,102.30000305175781,102.30000305175781,84.39883422851562,0
2019-06-05,GLAXO,102.30000305175781,102.30000305175781,102.30000305175781,102.30000305175781,84.39883422851562,0
2019-06-06,GLAXO,102.30000305175781,102.30000305175781,102.30000305175781,102.30000305175781,84.39883422851562,0
2019-06-07,GLAXO,102.30000305175781,102.30000305175781,102.30000305175781,102.30000305175781,84.39883422851562,0
2019-06-10,GLAXO,102.5,103.5,97.55000305175781,97.79000091552734,80.67802429199219,34800
2019-06-11,GLAXO,94.30999755859375,98.9000015258789,94.30999755859375,96.12999725341797,79.30851745605469,56800
2019-06-12,GLAXO,100.02999877929688,100.93000030517578,99.0,99.4800033569336,82.07230377197266,109800
2019-06-13,GLAXO,100.05000305175781,103.5999984741211,100.05000305175781,102.80000305175781,84.81134796142578,144800
2019-06-14,GLAXO,103.98999786376953,104.5,102.0,102.2699966430664,84.37408447265625,69700
2019-06-17,GLAXO,100.0,102.0,99.94999694824219,100.19000244140625,82.65806579589844,17300
2019-06-18,GLAXO,99.5999984741211,100.0999984741211,95.19999694824219,96.16000366210938,79.33325958251953,32500
2019-06-19,GLAXO,96.16999816894531,97.0,92.30999755859375,95.5,78.78874969482422,20100
2019-06-20,GLAXO,96.69000244140625,99.48999786376953,96.69000244140625,99.08000183105469,81.74229431152344,7300
2019-06-21,GLAXO,99.25,99.44999694824219,96.0,96.45999908447266,79.58075714111328,22900
2019-06-24,GLAXO,96.0,98.44999694824219,92.19999694824219,92.3499984741211,76.18995666503906,67500
2019-06-25,GLAXO,94.58000183105469,95.0,92.8499984741211,94.20999908447266,77.72447967529297,5400
2019-06-26,GLAXO,93.98999786376953,94.0,91.25,92.75,76.51996612548828,32700
2019-06-27,GLAXO,92.5,95.5,92.0,92.13999938964844,76.0167007446289,3600
2019-06-28,GLAXO,92.0,95.73999786376953,92.0,95.33000183105469,78.64849853515625,32400
2019-07-01,GLAXO,93.19999694824219,96.0,93.05000305175781,95.38999938964844,78.697998046875,7700
2019-07-02,GLAXO,94.98999786376953,99.5,94.98999786376953,98.9800033569336,81.65979766845703,29800
2019-07-03,GLAXO,100.0,100.5999984741211,98.0,99.86000061035156,82.38580322265625,20100
2019-07-04,GLAXO,100.0,100.0,97.26000213623047,98.01000213623047,80.85952758789062,16500
2019-07-05,GLAXO,98.0,98.0999984741211,95.0,95.61000061035156,78.87950134277344,2700
2019-07-08,GLAXO,94.30000305175781,94.5,94.0,94.41000366210938,77.88948822021484,4400
2019-07-09,GLAXO,95.0,97.5,94.51000213623047,96.0,79.20125579833984,10000
2019-07-10,GLAXO,95.5,96.0,95.0,95.83000183105469,79.06100463867188,2200
2019-07-11,GLAXO,95.01000213623047,95.01000213623047,93.0199966430664,93.87000274658203,77.44397735595703,1400
2019-07-12,GLAXO,93.5,93.5,93.0,93.05000305175781,76.76746368408203,5400
2019-07-15,GLAXO,92.98999786376953,92.98999786376953,88.4000015258789,90.4000015258789,74.58118438720703,39100
2019-07-16,GLAXO,89.0,91.0,89.0,90.97000122070312,75.05144500732422,218200
2019-07-17,GLAXO,92.0,93.5,91.5999984741211,93.5,77.13873291015625,5000
2019-07-18,GLAXO,92.0999984741211,92.0999984741211,88.9000015258789,89.20999908447266,73.59941101074219,13900
2019-07-19,GLAXO,90.0,93.0,89.0,91.0999984741211,75.15869140625,15800
2019-07-22,GLAXO,91.0,93.0,91.0,92.12000274658203,76.00020599365234,2000
2019-07-23,GLAXO,91.5,93.5,91.05999755859375,93.5,77.13873291015625,1600
2019-07-24,GLAXO,92.25,94.0,91.5,91.87000274658203,75.79396057128906,9500
2019-07-25,GLAXO,93.0,93.0,88.05000305175781,90.41000366210938,74.58943176269531,10600
2019-07-26,GLAXO,88.51000213623047,90.3499984741211,88.51000213623047,89.91000366210938,74.17692565917969,8400
2019-07-29,GLAXO,89.75,89.86000061035156,89.75,89.8499984741211,74.12742614746094,15700
2019-07-30,GLAXO,89.9000015258789,91.30000305175781,89.8499984741211,90.05999755859375,74.30067443847656,44600
2019-07-31,GLAXO,89.0,92.9000015258789,89.0,92.51000213623047,76.32196807861328,8400
2019-08-01,GLAXO,91.0,92.94000244140625,90.11000061035156,91.5,75.48869323730469,6700
2019-08-02,GLAXO,91.0,91.0,90.0,90.0,74.25118255615234,10700
2019-08-05,GLAXO,90.0,90.5,90.0,90.12999725341797,74.35842895507812,8700
2019-08-06,GLAXO,90.0199966430664,90.55000305175781,90.0,90.5,74.6636734008789,9800
2019-08-07,GLAXO,90.0,90.0199966430664,90.0,90.0,74.25118255615234,48400
2019-08-08,GLAXO,90.0,90.0,85.5,86.98999786376953,71.76788330078125,201500
2019-08-09,GLAXO,88.0,88.0,86.01000213623047,86.18000030517578,71.0996322631836,3800
2019-08-12,GLAXO,86.18000030517578,86.18000030517578,86.18000030517578,86.18000030517578,71.0996322631836,0
2019-08-13,GLAXO,86.18000030517578,86.18000030517578,86.18000030517578,86.18000030517578,71.0996322631836,0
2019-08-14,GLAXO,86.18000030517578,86.18000030517578,86.18000030517578,86.18000030517578,71.0996322631836,0
2019-08-15,GLAXO,86.18000030517578,86.18000030517578,86.18000030517578,86.18000030517578,71.0996322631836,0
2019-08-16,GLAXO,86.0,86.0,83.0,85.83000183105469,70.81087493896484,5500
2019-08-19,GLAXO,85.5,90.12000274658203,85.5,87.25,71.9823989868164,34700
2019-08-20,GLAXO,87.25,88.80000305175781,86.11000061035156,87.45999908447266,72.1556396484375,21600
2019-08-21,GLAXO,87.9000015258789,91.83000183105469,86.11000061035156,91.4800033569336,75.47219848632812,25200
2019-08-22,GLAXO,91.0,95.98999786376953,91.0,95.22000122070312,78.55775451660156,17500
2019-08-23,GLAXO,95.0,97.5,93.9000015258789,94.19999694824219,77.71623992919922,19500
2019-08-26,GLAXO,93.0,93.0,89.80000305175781,90.80000305175781,74.91119384765625,14300
2019-08-27,GLAXO,90.5,92.5,90.0,91.87999725341797,75.80220031738281,12400
2019-08-28,GLAXO,94.0,94.0,87.29000091552734,87.75,72.3948974609375,38000
2019-08-29,GLAXO,87.11000061035156,88.0,85.5,85.51000213623047,70.54686737060547,6700
2019-08-30,GLAXO,85.0,85.0,81.55000305175781,82.04000091552734,67.68407440185547,8000
2019-09-02,GLAXO,84.0,85.0,83.30000305175781,84.87999725341797,70.02710723876953,3800
2019-09-03,GLAXO,84.5,85.0,83.5999984741211,83.97000122070312,69.2763442993164,4100
2019-09-04,GLAXO,84.0,86.98999786376953,83.5,86.08000183105469,71.01712799072266,9100
2019-09-05,GLAXO,85.5,86.0,84.5,85.0,70.12611389160156,7100
2019-09-06,GLAXO,83.1500015258789,83.1500015258789,83.1500015258789,85.0,70.12611389160156,100
2019-09-09,GLAXO,85.0,85.0,85.0,85.0,70.12611389160156,0
2019-09-10,GLAXO,85.0,85.0,85.0,85.0,70.12611389160156,0
2019-09-11,GLAXO,85.0,86.0,84.9000015258789,86.0,70.95113372802734,43600
2019-09-12,GLAXO,85.0,86.80000305175781,84.94999694824219,85.86000061035156,70.83562469482422,32600
2019-09-13,GLAXO,88.48999786376953,88.48999786376953,85.0,85.0999984741211,70.20861053466797,44000
2019-09-16,GLAXO,84.5,87.94999694824219,84.5,87.0199966430664,71.79263305664062,22200
2019-09-17,GLAXO,87.0,91.37000274658203,87.0,90.02999877929688,74.27593231201172,154700
2019-09-18,GLAXO,89.0,94.0,89.0,92.94999694824219,76.68496704101562,41000
2019-09-19,GLAXO,93.0,97.3499984741211,93.0,96.80999755859375,79.86952209472656,57600
2019-09-20,GLAXO,97.4000015258789,101.6500015258789,97.4000015258789,98.08000183105469,80.91728210449219,432100
2019-09-23,GLAXO,98.2699966430664,99.0,97.0,97.05000305175781,80.0675277709961,33400
2019-09-24,GLAXO,95.0,97.0,93.19999694824219,96.30000305175781,79.4487533569336,18300
2019-09-25,GLAXO,96.5,100.0,96.0,97.52999877929688,80.4635238647461,38600
2019-09-26,GLAXO,98.0,100.0,97.02999877929688,97.58000183105469,80.5047836303711,18600
2019-09-27,GLAXO,97.25,98.0,96.75,97.3499984741211,80.31501770019531,12400
2019-09-30,GLAXO,97.1500015258789,98.5,96.0,96.18000030517578,79.34976196289062,13400
2019-10-01,GLAXO,97.25,97.9000015258789,96.5,96.55999755859375,79.66326141357422,21900
2019-10-02,GLAXO,95.04000091552734,96.5,95.04000091552734,96.33000183105469,79.4735107421875,5300
2019-10-03,GLAXO,97.0,100.0,96.0,98.56999969482422,81.32154083251953,123100
2019-10-04,GLAXO,99.0,102.5,98.0999984741211,100.19000244140625,82.65806579589844,199600
2019-10-07,GLAXO,100.19000244140625,105.19000244140625,100.19000244140625,105.16000366210938,86.75837707519531,245100
2019-10-08,GLAXO,106.0,106.80000305175781,101.1500015258789,101.95999908447266,84.11833190917969,70900
2019-10-09,GLAXO,101.0,107.05000305175781,101.0,107.05000305175781,88.3176498413086,208500
2019-10-10,GLAXO,110.0,112.4000015258789,109.9800033569336,112.4000015258789,92.7314682006836,447400
2019-10-11,GLAXO,116.0999984741211,117.94999694824219,115.0,115.55000305175781,95.33026885986328,252400
2019-10-14,GLAXO,115.55999755859375,117.94999694824219,112.08999633789062,112.4800033569336,92.79747009277344,94700
2019-10-15,GLAXO,112.0,116.5,111.9800033569336,112.52999877929688,92.8387222290039,54500
2019-10-16,GLAXO,114.69999694824219,114.75,112.0,112.54000091552734,92.84697723388672,26600
2019-10-17,GLAXO,112.0,112.5,106.91999816894531,106.91999816894531,88.21038818359375,50200
2019-10-18,GLAXO,103.30000305175781,111.87999725341797,102.76000213623047,107.13999938964844,88.39191436767578,109800
2019-10-21,GLAXO,105.5,106.0,102.16000366210938,104.8499984741211,86.50261688232422,30500
2019-10-22,GLAXO,106.0,106.0,102.0,102.94999694824219,84.93509674072266,75400
2019-10-23,GLAXO,104.80000305175781,105.0999984741211,103.5,103.87999725341797,85.70236206054688,21600
2019-10-24,GLAXO,103.87999725341797,105.30000305175781,102.5,103.26000213623047,85.19084930419922,35000
2019-10-25,GLAXO,104.47000122070312,105.0,101.51000213623047,102.5,84.5638427734375,19600
2019-10-28,GLAXO,102.5,107.62000274658203,102.5,107.62000274658203,88.78791046142578,172000
2019-10-29,GLAXO,113.0,113.0,113.0,113.0,93.22647094726562,38400
2019-10-30,GLAXO,118.6500015258789,118.6500015258789,116.0,118.6500015258789,97.8877944946289,221100
2019-10-31,GLAXO,121.9800033569336,124.58000183105469,120.0,121.68000030517578,100.3875961303711,581100
2019-11-01,GLAXO,122.25,122.26000213623047,117.5,117.8499984741211,97.22779083251953,140900
2019-11-04,GLAXO,118.0,123.48999786376953,118.0,122.23999786376953,100.84960174560547,280700
2019-11-05,GLAXO,124.0,128.35000610351562,123.44999694824219,128.35000610351562,105.89044189453125,541800
2019-11-06,GLAXO,130.0,134.0,124.0999984741211,125.23999786376953,103.32464599609375,286900
2019-11-07,GLAXO,126.5,129.0,124.0,125.3499984741211,103.41539001464844,106800
2019-11-08,GLAXO,126.69000244140625,131.61000061035156,126.0,127.20999908447266,104.94990539550781,789100
2019-11-11,GLAXO,129.89999389648438,131.88999938964844,127.5,131.0800018310547,108.14271545410156,123000
2019-11-12,GLAXO,132.39999389648438,133.5,129.3000030517578,132.44000244140625,109.26473236083984,102100
2019-11-13,GLAXO,132.99000549316406,139.05999755859375,132.99000549316406,138.50999450683594,114.27256774902344,298400
2019-11-14,GLAXO,145.42999267578125,145.42999267578125,142.89999389648438,145.42999267578125,119.98165130615234,266500
2019-11-15,GLAXO,147.00999450683594,152.6999969482422,146.0,152.6999969482422,125.97950744628906,272400
2019-11-18,GLAXO,159.89999389648438,160.3300018310547,157.0,160.3300018310547,132.2743377685547,244600
2019-11-19,GLAXO,167.89999389648438,168.33999633789062,158.0,164.02000427246094,135.31866455078125,662800
2019-11-20,GLAXO,163.99000549316406,165.0,158.0,159.47000122070312,131.56484985351562,198200
2019-11-21,GLAXO,158.0500030517578,158.89999389648438,151.50999450683594,152.60000610351562,125.89700317382812,145800
2019-11-22,GLAXO,150.10000610351562,156.0,150.10000610351562,154.94000244140625,127.8275146484375,423700
2019-11-25,GLAXO,155.0,162.67999267578125,154.0,162.67999267578125,134.21311950683594,897700
2019-11-26,GLAXO,166.00999450683594,167.75,157.0,162.49000549316406,134.05638122558594,656100
2019-11-27,GLAXO,164.0500030517578,170.61000061035156,164.0,170.39999389648438,140.5822296142578,614800
2019-11-28,GLAXO,171.0,178.9199981689453,169.5,178.9199981689453,147.61134338378906,588700
2019-11-29,GLAXO,184.0,187.86000061035156,183.5,187.72999572753906,154.8797149658203,507400
2019-12-02,GLAXO,187.72999572753906,189.8000030517578,181.60000610351562,182.55999755859375,150.6143798828125,345900
2019-12-03,GLAXO,183.1999969482422,183.75,173.4499969482422,175.97000122070312,145.17755126953125,512500
2019-12-04,GLAXO,176.10000610351562,184.75999450683594,174.8000030517578,184.75999450683594,152.42941284179688,430800
2019-12-05,GLAXO,187.88999938964844,187.97999572753906,175.52999877929688,176.6300048828125,145.72207641601562,755100
2019-12-06,GLAXO,175.0,175.5,168.89999389648438,169.91000366210938,140.177978515625,256800
2019-12-09,GLAXO,171.0,174.75,169.5,173.3699951171875,143.03250122070312,986200
2019-12-10,GLAXO,173.52999877929688,179.8699951171875,171.11000061035156,177.02999877929688,146.05206298828125,563800
2019-12-11,GLAXO,179.0,182.75,178.99000549316406,181.2899932861328,149.56661987304688,825400
2019-12-12,GLAXO,182.69000244140625,182.69000244140625,177.0,180.1300048828125,148.60963439941406,322600
2019-12-13,GLAXO,180.0,181.49000549316406,177.0,178.3800048828125,147.1658477783203,253400
2019-12-16,GLAXO,178.5,181.14999389648438,177.25,179.52000427246094,148.10635375976562,133200
2019-12-17,GLAXO,178.60000610351562,179.64999389648438,173.5500030517578,178.5500030517578,147.3060760498047,114700
2019-12-18,GLAXO,176.11000061035156,181.75,175.00999450683594,176.3000030517578,145.4498291015625,124800
2019-12-19,GLAXO,178.89999389648438,178.89999389648438,168.1199951171875,169.77000427246094,140.06246948242188,122000
2019-12-20,GLAXO,167.0,172.0,167.0,171.00999450683594,141.0854949951172,91400
2019-12-23,GLAXO,169.10000610351562,170.5,165.39999389648438,166.02000427246094,136.96868896484375,52000
2019-12-24,GLAXO,166.02000427246094,170.0,161.0,169.14999389648438,139.55096435546875,134400
2019-12-25,GLAXO,169.14999389648438,169.14999389648438,169.14999389648438,169.14999389648438,139.55096435546875,0
2019-12-26,GLAXO,168.5500030517578,171.89999389648438,166.0,170.52000427246094,140.6812286376953,257400
2019-12-27,GLAXO,170.0500030517578,170.0500030517578,163.0,164.1699981689453,135.44239807128906,59000
2019-12-30,GLAXO,164.1699981689453,165.5,160.0,160.88999938964844,132.73634338378906,98100
2019-12-31,GLAXO,161.0,162.89999389648438,157.0500030517578,160.57000732421875,132.4723358154297,73300
2020-01-01,GLAXO,161.97999572753906,167.89999389648438,157.5,165.97000122070312,136.92742919921875,106800
2020-01-02,GLAXO,168.0,171.1999969482422,167.0,169.86000061035156,140.13673400878906,117600
2020-01-03,GLAXO,170.0,170.10000610351562,166.49000549316406,168.2100067138672,138.77545166015625,62800
2020-01-06,GLAXO,164.89999389648438,165.0,161.0,161.80999755859375,133.49537658691406,41700
2020-01-07,GLAXO,163.0,164.5,161.60000610351562,163.1199951171875,134.5761260986328,43700
2020-01-08,GLAXO,160.0,161.0,157.25,157.97000122070312,130.3273162841797,75200
2020-01-09,GLAXO,162.0,164.89999389648438,160.50999450683594,162.3000030517578,133.89962768554688,73800
2020-01-10,GLAXO,163.3000030517578,169.0,161.5,168.13999938964844,138.71771240234375,191500
2020-01-13,GLAXO,167.0,170.0,166.0,169.13999938964844,139.54270935058594,125400
2020-01-14,GLAXO,166.5,172.88999938964844,166.5,169.1699981689453,139.5674591064453,127300
2020-01-15,GLAXO,169.0,170.39999389648438,167.0,167.3699951171875,138.0824432373047,17000
2020-01-16,GLAXO,167.0,169.0,166.0,166.17999267578125,137.1006622314453,5300
2020-01-17,GLAXO,165.02000427246094,167.6199951171875,165.02000427246094,166.2899932861328,137.19142150878906,22200
2020-01-20,GLAXO,166.0,166.00999450683594,161.0,161.97999572753906,133.6356201171875,55100
2020-01-21,GLAXO,162.02000427246094,164.99000549316406,160.02000427246094,161.33999633789062,133.10760498046875,27700
2020-01-22,GLAXO,162.0,164.0,160.0,160.94000244140625,132.77760314941406,68800
2020-01-23,GLAXO,162.5,163.0,159.10000610351562,159.8300018310547,131.86184692382812,20500
2020-01-24,GLAXO,161.77000427246094,162.0,159.55999755859375,161.39999389648438,133.1571044921875,13000
2020-01-27,GLAXO,160.00999450683594,168.0,160.00999450683594,166.72000122070312,137.5461883544922,129700
2020-01-28,GLAXO,166.0,169.0,164.5,168.89999389648438,139.34469604492188,160500
2020-01-29,GLAXO,169.4499969482422,172.99000549316406,169.0,171.42999267578125,141.43199157714844,183900
2020-01-30,GLAXO,171.25,180.85000610351562,171.0,180.85000610351562,149.20362854003906,476100
2020-01-31,GLAXO,184.89999389648438,187.0,177.60000610351562,180.6699981689453,149.05511474609375,457300
2020-02-03,GLAXO,177.14999389648438,178.0,173.5,174.5500030517578,144.0060272216797,412200
2020-02-04,GLAXO,176.25,177.5,174.5,176.2100067138672,145.37554931640625,215500
2020-02-05,GLAXO,176.2100067138672,176.2100067138672,176.2100067138672,176.2100067138672,145.37554931640625,0
2020-02-06,GLAXO,176.2100067138672,182.0,176.1999969482422,176.8000030517578,145.86231994628906,274100
2020-02-07,GLAXO,175.0,177.0,169.14999389648438,172.0399932861328,141.93524169921875,102300
2020-02-10,GLAXO,174.8000030517578,174.8000030517578,163.0,165.63999938964844,136.65516662597656,72800
2020-02-11,GLAXO,168.99000549316406,168.99000549316406,163.0,166.9600067138672,137.7441864013672,62600
2020-02-12,GLAXO,169.44000244140625,174.49000549316406,169.44000244140625,172.41000366210938,142.24049377441406,123000
2020-02-13,GLAXO,173.0,176.39999389648438,171.0,171.47999572753906,141.4732208251953,170500
2020-02-14,GLAXO,171.0,171.0,167.99000549316406,168.27000427246094,138.824951171875,20900
2020-02-17,GLAXO,169.74000549316406,169.74000549316406,166.25999450683594,166.61000061035156,137.45542907714844,23600
2020-02-18,GLAXO,166.63999938964844,168.60000610351562,166.0,166.52000427246094,137.3811798095703,12000
2020-02-19,GLAXO,166.52000427246094,166.52000427246094,166.52000427246094,166.52000427246094,137.3811798095703,0
2020-02-20,GLAXO,174.99000549316406,174.99000549316406,168.0,168.88999938964844,139.33645629882812,86500
2020-02-21,GLAXO,169.0,172.8000030517578,168.25999450683594,168.66000366210938,139.14671325683594,36600
2020-02-24,GLAXO,167.02000427246094,167.05999755859375,164.66000366210938,166.07000732421875,137.00991821289062,43800
2020-02-25,GLAXO,166.0,170.0,164.39999389648438,167.52999877929688,138.21444702148438,47200
2020-02-26,GLAXO,167.5,167.52999877929688,164.0,166.25,137.158447265625,62200
2020-02-27,GLAXO,163.25,164.89999389648438,160.25,163.02999877929688,134.50189208984375,111900
2020-02-28,GLAXO,163.0,166.0,161.8000030517578,163.22000122070312,134.6586456298828,61800
2020-03-02,GLAXO,164.0,170.0,164.0,169.7100067138672,140.0129852294922,376100
2020-03-03,GLAXO,171.5,173.85000610351562,170.0,171.16000366210938,141.209228515625,170300
2020-03-04,GLAXO,171.0,176.39999389648438,170.0,173.0,142.72726440429688,237500
2020-03-05,GLAXO,174.0,179.6999969482422,174.0,176.9499969482422,145.98606872558594,292600
2020-03-06,GLAXO,176.0,176.10000610351562,170.0,173.00999450683594,142.73550415039062,109700
2020-03-09,GLAXO,162.0,179.0,160.89999389648438,178.22999572753906,147.0420684814453,406100
2020-03-10,GLAXO,180.0,186.99000549316406,177.60000610351562,185.72999572753906,153.2296905517578,589800
2020-03-11,GLAXO,185.0,193.0,177.5,185.97999572753906,153.43592834472656,1469900
2020-03-12,GLAXO,181.0,184.00999450683594,173.0,174.1199951171875,143.65127563476562,249100
2020-03-13,GLAXO,170.0,185.99000549316406,163.50999450683594,185.22999572753906,152.81716918945312,337300
2020-03-16,GLAXO,178.0,183.10000610351562,174.1199951171875,175.1699981689453,144.51754760742188,118800
2020-03-17,GLAXO,174.14999389648438,185.0,174.0,177.86000061035156,146.73681640625,315900
2020-03-18,GLAXO,175.0,175.0,164.52999877929688,164.52999877929688,135.73941040039062,93600
2020-03-19,GLAXO,152.1999969482422,168.0,152.1999969482422,157.36000061035156,129.82406616210938,742200
2020-03-20,GLAXO,161.5,163.0,157.0,160.97000122070312,132.80235290527344,73300
2020-03-23,GLAXO,160.97000122070312,160.97000122070312,160.97000122070312,160.97000122070312,132.80235290527344,0
2020-03-24,GLAXO,149.0,150.11000061035156,148.89999389648438,149.25999450683594,123.14146423339844,60300
2020-03-25,GLAXO,152.75,154.0,145.99000549316406,149.4600067138672,123.30645751953125,75600
2020-03-26,GLAXO,150.0,159.8800048828125,150.0,155.8300018310547,128.56179809570312,118700
2020-03-27,GLAXO,153.10000610351562,162.0,153.00999450683594,158.11000061035156,130.4428253173828,15500
2020-03-30,GLAXO,158.0,164.8000030517578,155.0,164.0500030517578,135.3433837890625,37600
2020-03-31,GLAXO,164.89999389648438,171.8000030517578,161.0,169.0399932861328,139.460205078125,93700
2020-04-01,GLAXO,169.0,174.35000610351562,166.10000610351562,172.00999450683594,141.91050720214844,85300
2020-04-02,GLAXO,173.89999389648438,178.5,172.02000427246094,175.83999633789062,145.07028198242188,88300
2020-04-03,GLAXO,176.2100067138672,177.89999389648438,170.0,171.47999572753906,141.4732208251953,118400
2020-04-06,GLAXO,170.00999450683594,170.00999450683594,163.00999450683594,164.19000244140625,135.4589080810547,64300
2020-04-07,GLAXO,165.0,166.0,163.00999450683594,164.17999267578125,135.4506378173828,59000
2020-04-08,GLAXO,164.0,164.0,160.49000549316406,160.8300018310547,132.68685913085938,10600
2020-04-09,GLAXO,164.89999389648438,164.89999389648438,157.0500030517578,158.75999450683594,130.97906494140625,288000
2020-04-10,GLAXO,158.99000549316406,163.0,157.0500030517578,162.07000732421875,133.70986938476562,90500
2020-04-13,GLAXO,162.0,162.0,157.1999969482422,158.13999938964844,130.46759033203125,31700
2020-04-14,GLAXO,161.0,164.39999389648438,158.14999389648438,162.91000366210938,134.40289306640625,180400
2020-04-15,GLAXO,162.9499969482422,167.5,162.5,163.27000427246094,134.6999053955078,163800
2020-04-16,GLAXO,164.0,170.0,164.0,168.39999389648438,138.93222045898438,177600
2020-04-17,GLAXO,177.9499969482422,181.02999877929688,177.0,181.02999877929688,149.35211181640625,263500
2020-04-20,GLAXO,184.0,186.0,178.10000610351562,178.9600067138672,152.70558166503906,393100
2020-04-21,GLAXO,177.0,177.0,172.0,174.0399932861328,148.50735473632812,131600
2020-04-22,GLAXO,171.0,177.60000610351562,170.5,175.61000061035156,149.84703063964844,69200
2020-04-23,GLAXO,177.0,178.5,174.60000610351562,175.0800018310547,149.39479064941406,36500
2020-04-24,GLAXO,175.07000732421875,176.0,173.0,173.88999938964844,148.3793487548828,19200
2020-04-27,GLAXO,173.0,173.0500030517578,167.0,168.9199981689453,144.13848876953125,47800
2020-04-28,GLAXO,170.0,173.0,170.0,172.4600067138672,147.15916442871094,42800
2020-04-29,GLAXO,173.99000549316406,175.0,172.0,173.0800018310547,147.68820190429688,49700
2020-04-30,GLAXO,173.47000122070312,176.89999389648438,173.3000030517578,174.1999969482422,148.6438751220703,85300
2020-05-01,GLAXO,174.1999969482422,174.1999969482422,174.1999969482422,174.1999969482422,148.6438751220703,0
2020-05-04,GLAXO,174.0,175.0,171.1999969482422,173.5800018310547,148.11485290527344,50400
2020-05-05,GLAXO,172.05999755859375,177.0,171.89999389648438,173.1300048828125,147.73086547851562,56100
2020-05-06,GLAXO,171.1199951171875,173.49000549316406,171.0,172.47000122070312,147.16769409179688,24200
2020-05-07,GLAXO,172.10000610351562,174.75,168.0,168.97000122070312,144.18115234375,59000
2020-05-08,GLAXO,169.5,170.5,168.0,168.49000549316406,143.77159118652344,15200
2020-05-11,GLAXO,170.0,181.0800018310547,170.0,179.5399932861328,153.20046997070312,302700
2020-05-12,GLAXO,180.0,181.0,175.02000427246094,178.5,152.3130645751953,202600
2020-05-13,GLAXO,174.0,174.99000549316406,173.3000030517578,173.99000549316406,148.46469116210938,57200
2020-05-14,GLAXO,174.99000549316406,175.4499969482422,173.0,174.36000061035156,148.78042602539062,70700
2020-05-15,GLAXO,174.5,175.0,169.0,170.5,145.4866943359375,130700
2020-05-18,GLAXO,172.0,173.8000030517578,167.0,167.3300018310547,142.78175354003906,126800
2020-05-19,GLAXO,169.8000030517578,179.8699951171875,168.89999389648438,173.41000366210938,147.9698028564453,1331600
2020-05-20,GLAXO,175.89999389648438,175.89999389648438,172.0,174.0500030517578,148.51588439941406,396200
2020-05-21,GLAXO,174.5,175.0,170.0,170.8000030517578,145.74269104003906,78200
2020-05-22,GLAXO,170.8000030517578,170.8000030517578,170.8000030517578,170.8000030517578,145.74269104003906,0
2020-05-25,GLAXO,170.8000030517578,170.8000030517578,170.8000030517578,170.8000030517578,145.74269104003906,0
2020-05-26,GLAXO,170.8000030517578,170.8000030517578,170.8000030517578,170.8000030517578,145.74269104003906,0
2020-05-27,GLAXO,170.8000030517578,170.8000030517578,170.8000030517578,170.8000030517578,145.74269104003906,0
2020-05-28,GLAXO,175.0,183.61000061035156,171.5,182.80999755859375,155.99075317382812,867000
2020-05-29,GLAXO,184.0,186.10000610351562,179.5,181.5,154.8729248046875,384600
2020-06-01,GLAXO,182.25,183.97999572753906,177.5,177.72999572753906,151.656005859375,107600
2020-06-02,GLAXO,176.60000610351562,178.5,174.5,174.99000549316406,149.3179931640625,74300
2020-06-03,GLAXO,172.5500030517578,174.25,172.0,172.92999267578125,147.56019592285156,85100
2020-06-04,GLAXO,173.0,174.5,172.0,172.52000427246094,147.21035766601562,38000
2020-06-05,GLAXO,171.9499969482422,179.6999969482422,171.89999389648438,177.5800018310547,151.5280303955078,128600
2020-06-08,GLAXO,177.5,184.85000610351562,177.0,180.52000427246094,154.03672790527344,332100
2020-06-09,GLAXO,181.58999633789062,184.0,179.0,183.1300048828125,156.26382446289062,165800
2020-06-10,GLAXO,183.0,185.99000549316406,182.0,182.3800048828125,155.62384033203125,242400
2020-06-11,GLAXO,183.47000122070312,183.5399932861328,179.2100067138672,179.88999938964844,153.4991455078125,83400
2020-06-12,GLAXO,179.0,179.0,177.0,177.80999755859375,151.72427368164062,45200
2020-06-15,GLAXO,177.99000549316406,181.0,175.00999450683594,175.19000244140625,149.48866271972656,153700
2020-06-16,GLAXO,178.4499969482422,179.69000244140625,176.25,177.1300048828125,151.14405822753906,94800
2020-06-17,GLAXO,178.89999389648438,182.0,173.00999450683594,174.00999450683594,148.48175048828125,177700
2020-06-18,GLAXO,174.0500030517578,180.97999572753906,174.0,178.22999572753906,152.08265686035156,305400
2020-06-19,GLAXO,178.22999572753906,179.0,176.5,177.58999633789062,151.5365447998047,88400
2020-06-22,GLAXO,175.11000061035156,178.4499969482422,172.1999969482422,177.57000732421875,151.51950073242188,74500
2020-06-23,GLAXO,177.57000732421875,179.00999450683594,175.8000030517578,176.02999877929688,150.20541381835938,77100
2020-06-24,GLAXO,175.0,177.6999969482422,173.60000610351562,173.8800048828125,148.37083435058594,66900
2020-06-25,GLAXO,174.99000549316406,174.99000549316406,172.5,172.5500030517578,147.23594665527344,42500
2020-06-26,GLAXO,174.0,175.0,173.0500030517578,174.00999450683594,148.48175048828125,24000
2020-06-29,GLAXO,173.0,175.0,173.0,173.6999969482422,148.2172393798828,12100
2020-06-30,GLAXO,174.5,176.89999389648438,172.00999450683594,174.0800018310547,148.54148864746094,39100
2020-07-01,GLAXO,174.0,174.5,173.1999969482422,173.5,148.0465850830078,38500
2020-07-02,GLAXO,173.5,178.0,173.5,176.6199951171875,150.7088623046875,137000
2020-07-03,GLAXO,177.8800048828125,182.5,177.8800048828125,181.36000061035156,154.7534637451172,292400
2020-07-06,GLAXO,185.0,192.47999572753906,184.0,190.25999450683594,162.34779357910156,773900
2020-07-07,GLAXO,189.25,199.0,187.1999969482422,198.22999572753906,169.14854431152344,690800
2020-07-08,GLAXO,199.0,203.8000030517578,198.66000366210938,199.44000244140625,170.18104553222656,244100
2020-07-09,GLAXO,200.39999389648438,200.39999389648438,194.0,194.9600067138672,166.35829162597656,207600
2020-07-10,GLAXO,193.0,194.0,188.0,188.75,161.059326171875,232500
2020-07-13,GLAXO,189.10000610351562,190.0,188.35000610351562,189.5500030517578,161.74197387695312,119600
2020-07-14,GLAXO,189.0,193.60000610351562,187.0,187.8000030517578,160.24868774414062,430400
2020-07-15,GLAXO,188.5,189.77000427246094,186.3000030517578,187.16000366210938,159.7025909423828,254900
2020-07-16,GLAXO,189.49000549316406,191.14999389648438,188.0,189.14999389648438,161.40065002441406,133400
2020-07-17,GLAXO,191.0,191.10000610351562,188.85000610351562,189.89999389648438,162.0406036376953,127900
2020-07-20,GLAXO,195.0,195.0,188.0,189.3300018310547,161.55422973632812,200000
2020-07-21,GLAXO,189.5,189.5,181.50999450683594,186.49000549316406,159.13087463378906,177500
2020-07-22,GLAXO,186.64999389648438,189.50999450683594,186.0,188.52999877929688,160.87159729003906,137900
2020-07-23,GLAXO,189.49000549316406,189.97999572753906,187.0,187.83999633789062,160.28282165527344,136700
2020-07-24,GLAXO,185.60000610351562,186.0,183.0,184.64999389648438,157.56080627441406,42200
2020-07-27,GLAXO,184.2899932861328,190.0,184.2899932861328,188.63999938964844,160.9654541015625,87900
2020-07-28,GLAXO,189.97999572753906,190.0,185.1999969482422,186.3800048828125,159.03701782226562,131300
2020-07-29,GLAXO,187.0,188.39999389648438,184.0,185.64999389648438,158.4141082763672,217800
2020-07-30,GLAXO,185.60000610351562,189.10000610351562,185.60000610351562,188.72999572753906,161.04226684570312,164000
2020-07-31,GLAXO,188.72999572753906,188.72999572753906,188.72999572753906,188.72999572753906,161.04226684570312,0
2020-08-03,GLAXO,188.97999572753906,194.35000610351562,188.97999572753906,192.1699981689453,163.9775848388672,282300
2020-08-04,GLAXO,192.0500030517578,192.0500030517578,186.0,186.64999389648438,159.26739501953125,163700
2020-08-05,GLAXO,186.64999389648438,188.60000610351562,184.99000549316406,185.6699981689453,158.43118286132812,162500
2020-08-06,GLAXO,185.11000061035156,187.49000549316406,184.89999389648438,185.3800048828125,158.18373107910156,152800
2020-08-07,GLAXO,185.0,186.0,183.00999450683594,183.97999572753906,156.98910522460938,37700
2020-08-10,GLAXO,185.5,187.0,183.0,183.11000061035156,156.2467498779297,94800
2020-08-11,GLAXO,185.4499969482422,185.4499969482422,183.0,183.9499969482422,156.96351623535156,43600
2020-08-12,GLAXO,184.99000549316406,185.0,183.5,183.99000549316406,156.99765014648438,56100
2020-08-13,GLAXO,182.60000610351562,183.5500030517578,180.0,180.07000732421875,153.65272521972656,46500
2020-08-14,GLAXO,180.07000732421875,180.07000732421875,180.07000732421875,180.07000732421875,153.65272521972656,0
2020-08-17,GLAXO,181.88999938964844,185.0,181.0,183.14999389648438,156.28085327148438,45100
2020-08-18,GLAXO,183.0,186.1999969482422,182.00999450683594,183.0399932861328,156.18699645996094,98700
2020-08-19,GLAXO,183.5,184.60000610351562,179.97999572753906,180.8800048828125,154.34390258789062,61100
2020-08-20,GLAXO,180.8800048828125,181.75,179.5,180.02999877929688,153.6186065673828,35700
2020-08-21,GLAXO,179.99000549316406,180.89999389648438,175.05999755859375,176.5399932861328,150.64059448242188,32800
2020-08-24,GLAXO,179.99000549316406,187.47000122070312,179.00999450683594,184.9600067138672,157.82534790039062,301900
2020-08-25,GLAXO,185.11000061035156,187.0,183.10000610351562,183.72000122070312,156.7672576904297,69200
2020-08-26,GLAXO,182.0,185.0,181.11000061035156,183.19000244140625,156.3150177001953,59500
2020-08-27,GLAXO,184.5,185.0,183.0,184.0500030517578,157.048828125,85000
2020-08-28,GLAXO,183.5,184.0,182.0,182.14999389648438,155.42758178710938,18000
2020-08-31,GLAXO,183.11000061035156,183.64999389648438,182.4499969482422,182.60000610351562,155.8115692138672,19300
2020-09-01,GLAXO,182.8000030517578,183.49000549316406,181.5,181.9600067138672,155.2654571533203,290800
2020-09-02,GLAXO,183.0,186.0,182.6999969482422,183.27000427246094,156.38328552246094,388800
2020-09-03,GLAXO,184.49000549316406,184.89999389648438,182.39999389648438,183.9499969482422,156.96351623535156,94900
2020-09-04,GLAXO,183.02999877929688,183.75,182.0500030517578,182.9499969482422,156.11021423339844,53100
2020-09-07,GLAXO,182.5,184.27000427246094,182.39999389648438,182.94000244140625,156.1016845703125,40900
2020-09-08,GLAXO,182.85000610351562,184.0,177.0,178.33999633789062,152.17652893066406,208600
2020-09-09,GLAXO,179.0500030517578,181.5,176.6999969482422,179.14999389648438,152.86767578125,17500
2020-09-10,GLAXO,177.5,180.8000030517578,177.5,179.38999938964844,153.07249450683594,26000
2020-09-11,GLAXO,178.5500030517578,181.25,178.5500030517578,180.13999938964844,153.7124481201172,47000
2020-09-14,GLAXO,180.10000610351562,180.60000610351562,179.0,180.0,153.59300231933594,35400
2020-09-15,GLAXO,182.0,186.0,180.0500030517578,184.4199981689453,157.3645477294922,297600
2020-09-16,GLAXO,187.10000610351562,188.38999938964844,183.5,184.3800048828125,157.33042907714844,407200
2020-09-17,GLAXO,185.0,185.75,183.0,183.42999267578125,156.51979064941406,118100
2020-09-18,GLAXO,184.0,185.0,182.75,183.57000732421875,156.63926696777344,168600
2020-09-21,GLAXO,184.0,188.39999389648438,183.0,186.9600067138672,159.5319366455078,524700
2020-09-22,GLAXO,185.0,189.5,185.0,188.27000427246094,160.6497344970703,438500
2020-09-23,GLAXO,192.0,192.00999450683594,184.0,184.69000244140625,157.59495544433594,629700
2020-09-24,GLAXO,183.22999572753906,186.5,183.0,185.88999938964844,158.61888122558594,234900
2020-09-25,GLAXO,186.0,187.0,182.5,183.4199981689453,156.51126098632812,123400
2020-09-28,GLAXO,184.5,184.5,178.0,180.35000610351562,153.8916778564453,103000
2020-09-29,GLAXO,180.25,184.0,180.0,182.3800048828125,155.62384033203125,218500
2020-09-30,GLAXO,183.0,186.5,183.0,183.6300048828125,156.6904754638672,408900
2020-10-01,GLAXO,184.0,186.5,182.99000549316406,185.7100067138672,158.46531677246094,149300
2020-10-02,GLAXO,186.5,190.4499969482422,182.60000610351562,183.63999938964844,156.698974609375,892800
2020-10-05,GLAXO,182.97999572753906,182.97999572753906,172.0,175.6300048828125,149.86410522460938,130500
2020-10-06,GLAXO,175.0,176.0,170.99000549316406,172.0500030517578,146.80929565429688,96000
2020-10-07,GLAXO,173.25,177.99000549316406,172.97999572753906,176.82000732421875,150.87953186035156,46600
2020-10-08,GLAXO,176.82000732421875,178.8000030517578,173.60000610351562,174.02999877929688,148.4988250732422,65900
2020-10-09,GLAXO,174.0,175.99000549316406,173.64999389648438,174.1999969482422,148.6438751220703,31700
2020-10-12,GLAXO,175.88999938964844,177.25,175.0,175.0500030517578,149.3691864013672,148300
2020-10-13,GLAXO,171.10000610351562,175.0,171.10000610351562,173.1300048828125,147.73086547851562,11000
2020-10-14,GLAXO,174.0,176.1999969482422,174.0,175.11000061035156,149.42041015625,157900
2020-10-15,GLAXO,175.0,176.97999572753906,173.8000030517578,174.08999633789062,148.5500030517578,81300
2020-10-16,GLAXO,172.0500030517578,173.8000030517578,171.75,173.5399932861328,148.08071899414062,6500
2020-10-19,GLAXO,174.5,175.6999969482422,172.99000549316406,173.74000549316406,148.2513885498047,31400
2020-10-20,GLAXO,175.0,175.5,174.0,175.0800018310547,149.39479064941406,21300
2020-10-21,GLAXO,175.0,176.0,173.8000030517578,174.82000732421875,149.1729278564453,31400
2020-10-22,GLAXO,175.49000549316406,175.49000549316406,172.5,173.13999938964844,147.73941040039062,22200
2020-10-23,GLAXO,170.0,174.5,170.0,174.1300048828125,148.5841522216797,22700
2020-10-26,GLAXO,172.02999877929688,174.0,171.49000549316406,173.5,148.0465850830078,30000
2020-10-27,GLAXO,172.10000610351562,174.25,172.0,172.3000030517578,147.0226287841797,25700
2020-10-28,GLAXO,171.92999267578125,176.0,171.0,172.11000061035156,146.86048889160156,102900
2020-10-29,GLAXO,172.0,172.0,165.0,165.77000427246094,141.45062255859375,140600
2020-10-30,GLAXO,165.77000427246094,165.77000427246094,165.77000427246094,165.77000427246094,141.45062255859375,0
2020-11-02,GLAXO,160.35000610351562,169.0,160.35000610351562,167.0500030517578,142.54283142089844,97000
2020-11-03,GLAXO,173.74000549316406,179.57000732421875,173.0,179.30999755859375,153.00421142578125,273400
2020-11-04,GLAXO,182.47999572753906,182.5,172.5,174.3800048828125,148.7974853515625,43500
2020-11-05,GLAXO,172.5500030517578,175.89999389648438,172.5,173.92999267578125,148.41348266601562,26300
2020-11-06,GLAXO,174.99000549316406,175.0,173.0,173.00999450683594,147.6284637451172,7000
2020-11-09,GLAXO,173.0,185.97999572753906,172.89999389648438,184.32000732421875,157.2792205810547,337300
2020-11-10,GLAXO,196.5,196.5,188.14999389648438,190.1199951171875,162.22833251953125,691300
2020-11-11,GLAXO,189.9499969482422,189.9499969482422,185.5,186.0800018310547,158.78102111816406,65400
2020-11-12,GLAXO,185.02000427246094,185.02000427246094,181.50999450683594,182.02999877929688,155.32518005371094,29500
2020-11-13,GLAXO,180.0,183.0,180.0,181.02999877929688,154.4718780517578,54700
2020-11-16,GLAXO,182.8000030517578,182.89999389648438,179.00999450683594,181.44000244140625,154.82174682617188,84800
2020-11-17,GLAXO,179.0,183.0,179.0,180.02000427246094,153.61007690429688,21500
2020-11-18,GLAXO,180.0,182.9499969482422,178.0,180.17999267578125,153.74658203125,97800
2020-11-19,GLAXO,180.00999450683594,183.0,180.00999450683594,181.8300018310547,155.15452575683594,49600
2020-11-20,GLAXO,181.10000610351562,182.0,177.02999877929688,180.77999877929688,154.25856018066406,87000
2020-11-23,GLAXO,177.52999877929688,178.89999389648438,177.0,178.5,152.3130645751953,8300
2020-11-24,GLAXO,179.0,181.39999389648438,179.0,180.69000244140625,154.18177795410156,30500
2020-11-25,GLAXO,180.00999450683594,181.0,177.10000610351562,178.82000732421875,152.58612060546875,50100
2020-11-26,GLAXO,179.02999877929688,185.0,179.0,182.44000244140625,155.67503356933594,67500
2020-11-27,GLAXO,183.0,183.99000549316406,179.5,180.0399932861328,153.62710571289062,22200
2020-11-30,GLAXO,180.0500030517578,180.5,178.0,179.74000549316406,153.3711395263672,13800
2020-12-01,GLAXO,180.0,182.97999572753906,179.57000732421875,180.8800048828125,154.34390258789062,61900
2020-12-02,GLAXO,181.8000030517578,184.88999938964844,180.0,182.97000122070312,156.1272735595703,79900
2020-12-03,GLAXO,183.0,183.0,180.61000061035156,181.0500030517578,154.48895263671875,15900
2020-12-04,GLAXO,181.5500030517578,182.22000122070312,180.11000061035156,181.1199951171875,154.54869079589844,21600
2020-12-07,GLAXO,181.1999969482422,183.83999633789062,181.1999969482422,181.89999389648438,155.21424865722656,17900
2020-12-08,GLAXO,180.0,186.6699981689453,180.0,186.00999450683594,158.72129821777344,161800
2020-12-09,GLAXO,186.0,186.5,183.60000610351562,185.4600067138672,158.25198364257812,86000
2020-12-10,GLAXO,184.50999450683594,186.47999572753906,184.0,185.1199951171875,157.9618682861328,59400
2020-12-11,GLAXO,185.0,187.39999389648438,185.0,186.77999877929688,159.37832641601562,72700
2020-12-14,GLAXO,188.0,192.0,187.9600067138672,190.4600067138672,162.51846313476562,196000
2020-12-15,GLAXO,191.89999389648438,193.0,188.89999389648438,190.4199981689453,162.48431396484375,122200
2020-12-16,GLAXO,190.00999450683594,192.0,189.50999450683594,191.35000610351562,163.27789306640625,82700
2020-12-17,GLAXO,190.25,195.00999450683594,190.25,192.0399932861328,163.8666534423828,137500
2020-12-18,GLAXO,192.0,198.5,192.0,197.33999633789062,168.38912963867188,291400
2020-12-21,GLAXO,197.99000549316406,199.6999969482422,192.0,194.58999633789062,166.04254150390625,216300
2020-12-22,GLAXO,195.99000549316406,197.75,192.3000030517578,193.94000244140625,165.48793029785156,78100
2020-12-23,GLAXO,191.0,196.0,190.0,191.10000610351562,163.06455993652344,230500
2020-12-24,GLAXO,193.0,193.0,183.00999450683594,188.50999450683594,160.8545379638672,415500
2020-12-25,GLAXO,188.50999450683594,188.50999450683594,188.50999450683594,188.50999450683594,160.8545379638672,0
2020-12-28,GLAXO,188.0,199.5,185.0,195.3300018310547,166.6739959716797,698400
2020-12-29,GLAXO,196.5,198.0,190.0,190.60000610351562,162.63792419433594,75300
2020-12-30,GLAXO,190.0800018310547,193.49000549316406,190.0,190.6999969482422,162.72323608398438,40600
2020-12-31,GLAXO,190.6999969482422,194.47999572753906,190.5500030517578,191.8300018310547,163.68748474121094,65300
2021-01-01,GLAXO,193.0,195.0,189.00999450683594,190.1699981689453,162.27099609375,94900
2021-01-04,GLAXO,190.89999389648438,191.0500030517578,185.0,186.47999572753906,159.12234497070312,60900
2021-01-05,GLAXO,188.0,189.0,186.5,186.75999450683594,159.36126708984375,74700
2021-01-06,GLAXO,187.97999572753906,188.47999572753906,186.5,187.22000122070312,159.7537841796875,36000
2021-01-07,GLAXO,188.39999389648438,191.99000549316406,187.36000061035156,188.3300018310547,160.70094299316406,76100
2021-01-08,GLAXO,188.0,190.89999389648438,188.0,189.0500030517578,161.31532287597656,17000
2021-01-11,GLAXO,191.0,192.5,189.0,190.33999633789062,162.4160614013672,78300
2021-01-12,GLAXO,190.0,191.0,189.0,189.3699951171875,161.58834838867188,22700
2021-01-13,GLAXO,191.24000549316406,191.24000549316406,188.5500030517578,189.16000366210938,161.4091796875,42100
2021-01-14,GLAXO,189.3000030517578,189.49000549316406,187.60000610351562,188.02000427246094,160.43641662597656,19300
2021-01-15,GLAXO,190.89999389648438,190.89999389648438,186.0,188.82000732421875,161.1190643310547,73200
2021-01-18,GLAXO,186.0,193.0,185.10000610351562,187.0399932861328,159.60018920898438,103600
2021-01-19,GLAXO,187.16000366210938,187.5,185.5,186.5,159.139404296875,29700
2021-01-20,GLAXO,186.5,188.0,185.0500030517578,186.5500030517578,159.18206787109375,7700
2021-01-21,GLAXO,186.0,187.49000549316406,185.3000030517578,185.69000244140625,158.4482421875,8000
2021-01-22,GLAXO,185.60000610351562,187.63999938964844,185.0,185.3000030517578,158.11546325683594,7200
2021-01-25,GLAXO,188.8000030517578,188.8000030517578,186.0,186.8800048828125,159.46365356445312,224700
2021-01-26,GLAXO,186.0500030517578,188.0,186.0,187.02999877929688,159.59164428710938,102200
2021-01-27,GLAXO,188.0,190.5,187.10000610351562,188.08999633789062,160.49615478515625,159400
2021-01-28,GLAXO,189.89999389648438,191.75,187.6300048828125,187.9499969482422,160.37667846679688,44700
2021-01-29,GLAXO,186.60000610351562,189.8800048828125,186.0,186.36000061035156,159.0199432373047,36200
2021-02-01,GLAXO,185.0,189.39999389648438,185.0,186.0500030517578,158.75543212890625,65100
2021-02-02,GLAXO,187.5,190.0,186.10000610351562,188.6999969482422,161.0166473388672,63300
2021-02-03,GLAXO,189.99000549316406,193.89999389648438,187.0,192.0,163.83253479003906,266400
2021-02-04,GLAXO,190.0,191.0,189.52999877929688,190.0399932861328,162.16006469726562,13800
2021-02-05,GLAXO,190.0399932861328,190.0399932861328,190.0399932861328,190.0399932861328,162.16006469726562,0
2021-02-08,GLAXO,191.8000030517578,193.47999572753906,189.60000610351562,189.99000549316406,162.11740112304688,63000
2021-02-09,GLAXO,191.39999389648438,192.25,189.89999389648438,190.0,162.12594604492188,55100
2021-02-10,GLAXO,186.11000061035156,191.0,186.11000061035156,188.14999389648438,160.54733276367188,4000
2021-02-11,GLAXO,191.0,191.0,182.0,183.27000427246094,156.38328552246094,127000
2021-02-12,GLAXO,184.9499969482422,187.5,183.27000427246094,185.32000732421875,158.13253784179688,38700
2021-02-15,GLAXO,185.1199951171875,187.66000366210938,185.0,187.0,159.56607055664062,60700
2021-02-16,GLAXO,187.10000610351562,190.0,187.10000610351562,188.05999755859375,160.47055053710938,63800
2021-02-17,GLAXO,188.60000610351562,189.47000122070312,187.0,187.1300048828125,159.677001953125,3600
2021-02-18,GLAXO,186.5,186.5,185.0,185.88999938964844,158.61888122558594,5700
2021-02-19,GLAXO,186.49000549316406,186.66000366210938,183.0,184.25999450683594,157.22802734375,46700
2021-02-22,GLAXO,185.0,185.0,182.02000427246094,183.3000030517578,156.4088897705078,29200
2021-02-23,GLAXO,184.0,184.0,180.0,180.11000061035156,153.68685913085938,79800
2021-02-24,GLAXO,179.0,182.8300018310547,178.0,178.08999633789062,151.96319580078125,31100
2021-02-25,GLAXO,180.0,180.02000427246094,179.0,180.00999450683594,153.6015167236328,15400
2021-02-26,GLAXO,182.0,184.0,178.10000610351562,180.25,153.80630493164062,16600
2021-03-01,GLAXO,178.1999969482422,180.25,178.1999969482422,178.5800018310547,152.38133239746094,7200
2021-03-02,GLAXO,179.0,184.0,178.0,183.41000366210938,156.5027313232422,28300
2021-03-03,GLAXO,180.25,182.99000549316406,179.99000549316406,180.22000122070312,153.7807159423828,24600
2021-03-04,GLAXO,178.25,180.00999450683594,174.8000030517578,175.3699951171875,149.64224243164062,45300
2021-03-05,GLAXO,176.0,178.9499969482422,175.1999969482422,177.72000122070312,151.64747619628906,15000
2021-03-08,GLAXO,180.0,180.0,173.5,173.86000061035156,148.35377502441406,53400
2021-03-09,GLAXO,173.8000030517578,174.97999572753906,168.0500030517578,168.64999389648438,143.90809631347656,20800
2021-03-10,GLAXO,166.00999450683594,166.5,156.10000610351562,157.02000427246094,133.9842987060547,229000
2021-03-11,GLAXO,157.0,159.8000030517578,149.75,150.27999877929688,128.2330780029297,121900
2021-03-12,GLAXO,150.27999877929688,160.0,148.16000366210938,153.99000549316406,131.3988037109375,117400
2021-03-15,GLAXO,156.0,159.0,153.64999389648438,158.4199981689453,135.17889404296875,73600
2021-03-16,GLAXO,158.0,159.0,156.0,156.16000366210938,133.25045776367188,66900
2021-03-17,GLAXO,158.0,158.99000549316406,157.0,158.14999389648438,134.94851684570312,74300
2021-03-18,GLAXO,158.0,159.8800048828125,156.0,157.24000549316406,134.17202758789062,44600
2021-03-19,GLAXO,158.0,159.39999389648438,157.0,159.1300048828125,135.7847442626953,16700
2021-03-22,GLAXO,159.0,159.89999389648438,156.0,156.99000549316406,133.9586944580078,90700
2021-03-23,GLAXO,156.99000549316406,156.99000549316406,156.99000549316406,156.99000549316406,133.9586944580078,0
2021-03-24,GLAXO,157.89999389648438,157.99000549316406,156.0,157.25999450683594,134.1890869140625,23800
2021-03-25,GLAXO,157.25,158.6999969482422,157.0,157.3000030517578,134.22320556640625,21400
2021-03-26,GLAXO,156.10000610351562,157.3000030517578,155.0500030517578,155.9600067138672,133.07981872558594,43000
2021-03-29,GLAXO,155.39999389648438,156.8000030517578,153.0500030517578,153.99000549316406,131.3988037109375,33000
2021-03-30,GLAXO,155.0,155.60000610351562,154.0,155.25999450683594,132.48248291015625,31600
2021-03-31,GLAXO,157.39999389648438,158.1999969482422,156.02000427246094,157.0800018310547,134.03549194335938,43300
2021-04-01,GLAXO,156.0,157.25,156.0,157.02000427246094,133.9842987060547,19900
2021-04-02,GLAXO,156.0,157.39999389648438,155.10000610351562,156.2899932861328,133.3613739013672,16300
2021-04-05,GLAXO,155.0,157.0,154.0,154.24000549316406,131.6121368408203,11500
2021-04-06,GLAXO,154.00999450683594,156.0,154.0,155.75,132.90061950683594,16700
2021-04-07,GLAXO,157.75,157.75,155.0,156.00999450683594,133.12245178222656,11800
2021-04-08,GLAXO,156.89999389648438,159.39999389648438,155.0,158.72000122070312,135.43487548828125,39300
2021-04-09,GLAXO,159.0,159.75,158.10000610351562,158.8800048828125,135.57142639160156,30700
2021-04-12,GLAXO,158.8800048828125,160.0,157.0,157.92999267578125,134.76077270507812,29400
2021-04-13,GLAXO,155.22000122070312,159.0,155.16000366210938,158.8000030517578,135.50315856933594,23300
2021-04-14,GLAXO,159.8000030517578,159.99000549316406,157.5,159.72999572753906,136.29672241210938,9800
2021-04-15,GLAXO,159.9499969482422,160.0,159.00999450683594,159.88999938964844,136.43324279785156,17600
2021-04-16,GLAXO,159.00999450683594,162.0,158.00999450683594,160.2100067138672,136.706298828125,52400
2021-04-19,GLAXO,157.0,157.0,152.14999389648438,153.17999267578125,136.23492431640625,24300
2021-04-20,GLAXO,154.0,155.5,153.44000244140625,153.9600067138672,136.92864990234375,10600
2021-04-21,GLAXO,154.0500030517578,155.5,153.00999450683594,153.82000732421875,136.80413818359375,14800
2021-04-22,GLAXO,151.72999572753906,153.89999389648438,151.72999572753906,152.55999755859375,135.6835174560547,12100
2021-04-23,GLAXO,151.0,152.5,151.0,152.30999755859375,135.46116638183594,14600
2021-04-26,GLAXO,152.30999755859375,156.0,148.0,154.02000427246094,136.9820098876953,101700
2021-04-27,GLAXO,154.02000427246094,156.5,153.0,153.33999633789062,136.37722778320312,19500
2021-04-28,GLAXO,156.0,156.0,151.0,151.35000610351562,134.6073760986328,19700
2021-04-29,GLAXO,150.1999969482422,153.5,150.0,151.33999633789062,134.59844970703125,11400
2021-04-30,GLAXO,150.00999450683594,150.00999450683594,147.88999938964844,148.17999267578125,131.78802490234375,21300
2021-05-03,GLAXO,149.0,149.99000549316406,147.0,147.33999633789062,131.0409698486328,11900
2021-05-04,GLAXO,148.0,150.0,148.0,148.5800018310547,132.143798828125,11800
2021-05-05,GLAXO,150.0,150.8000030517578,146.00999450683594,146.6999969482422,130.47177124023438,32100
2021-05-06,GLAXO,147.64999389648438,148.75,146.5,146.75999450683594,130.52513122558594,13800
2021-05-07,GLAXO,146.75999450683594,146.75999450683594,146.75999450683594,146.75999450683594,130.52513122558594,0
2021-05-10,GLAXO,146.75999450683594,146.75999450683594,146.75999450683594,146.75999450683594,130.52513122558594,0
2021-05-11,GLAXO,146.75999450683594,146.75999450683594,146.75999450683594,146.75999450683594,130.52513122558594,0
2021-05-12,GLAXO,146.75999450683594,146.75999450683594,146.75999450683594,146.75999450683594,130.52513122558594,0
2021-05-13,GLAXO,146.75999450683594,146.75999450683594,146.75999450683594,146.75999450683594,130.52513122558594,0
2021-05-14,GLAXO,146.75999450683594,146.75999450683594,146.75999450683594,146.75999450683594,130.52513122558594,0
2021-05-17,GLAXO,148.89999389648438,148.89999389648438,145.0,146.72000122070312,130.4895477294922,23800
2021-05-18,GLAXO,146.5,151.0,146.5,147.88999938964844,131.5301055908203,40400
2021-05-19,GLAXO,146.5500030517578,148.0800018310547,146.0,147.83999633789062,131.4856414794922,12900
2021-05-20,GLAXO,148.0,149.0,146.5500030517578,147.1300048828125,130.8542022705078,23900
2021-05-21,GLAXO,147.8000030517578,148.5,147.0,147.82000732421875,131.46786499023438,13900
2021-05-24,GLAXO,148.0,150.77000427246094,148.0,148.80999755859375,132.3483428955078,13000
2021-05-25,GLAXO,148.10000610351562,149.0,147.8000030517578,148.3000030517578,131.894775390625,17200
2021-05-26,GLAXO,148.89999389648438,149.9499969482422,148.0,148.3699951171875,131.95701599121094,27200
2021-05-27,GLAXO,148.14999389648438,151.0,148.0,149.0500030517578,132.56179809570312,57000
2021-05-28,GLAXO,148.50999450683594,150.75,148.50999450683594,150.3300018310547,133.7001953125,39300
2021-05-31,GLAXO,152.88999938964844,153.0,148.8300018310547,149.02999877929688,132.54400634765625,277800
2021-06-01,GLAXO,149.3000030517578,155.14999389648438,149.3000030517578,153.9199981689453,136.89306640625,716400
2021-06-02,GLAXO,154.5,155.5,151.5,152.1300048828125,135.30108642578125,368700
2021-06-03,GLAXO,153.99000549316406,158.5,152.14999389648438,154.4499969482422,137.36444091796875,592300
2021-06-04,GLAXO,157.5,166.02999877929688,157.0,166.02999877929688,147.66343688964844,944300
2021-06-07,GLAXO,171.5,173.5,164.0,165.63999938964844,147.31658935546875,759700
2021-06-08,GLAXO,165.5,168.99000549316406,162.0,164.83999633789062,146.60507202148438,421400
2021-06-09,GLAXO,166.0,166.5,164.0,164.05999755859375,145.91136169433594,177800
2021-06-10,GLAXO,164.0,170.0,164.0,166.0800018310547,147.70790100097656,243400
2021-06-11,GLAXO,167.39999389648438,167.39999389648438,163.5,163.94000244140625,145.80465698242188,69100
2021-06-14,GLAXO,166.88999938964844,167.0,163.5500030517578,165.42999267578125,147.1298065185547,191700
2021-06-15,GLAXO,165.0,168.89999389648438,164.1999969482422,165.4600067138672,147.156494140625,185800
2021-06-16,GLAXO,164.5,165.64999389648438,164.3000030517578,164.47000122070312,146.2760009765625,64500
2021-06-17,GLAXO,164.5,166.5,163.5,164.8000030517578,146.5695037841797,82800
2021-06-18,GLAXO,164.89999389648438,168.99000549316406,164.89999389648438,167.17999267578125,148.68621826171875,130400
2021-06-21,GLAXO,167.25,170.5,165.5,166.61000061035156,148.17926025390625,269900
2021-06-22,GLAXO,167.00999450683594,167.00999450683594,164.32000732421875,165.1699981689453,146.8985595703125,130400
2021-06-23,GLAXO,165.25999450683594,166.49000549316406,162.52000427246094,163.9199981689453,145.78684997558594,101400
2021-06-24,GLAXO,165.0,173.25,164.0,171.8000030517578,152.79513549804688,809700
2021-06-25,GLAXO,172.32000732421875,173.0,167.0,167.52000427246094,148.9886016845703,245900
2021-06-28,GLAXO,166.97999572753906,167.57000732421875,162.00999450683594,162.6999969482422,144.70181274414062,336000
2021-06-29,GLAXO,163.0,166.0,163.0,164.0399932861328,145.89358520507812,187200
2021-06-30,GLAXO,169.94000244140625,169.9499969482422,164.0,165.6699981689453,147.34326171875,128900
2021-07-01,GLAXO,166.1999969482422,171.0,166.0,168.1199951171875,149.522216796875,180300
2021-07-02,GLAXO,169.85000610351562,170.5,166.3000030517578,166.9199981689453,148.45497131347656,125400
2021-07-05,GLAXO,168.0,168.0,166.0,166.3800048828125,147.9747314453125,52000
2021-07-06,GLAXO,166.99000549316406,167.5,164.00999450683594,164.6699981689453,146.45387268066406,91900
2021-07-07,GLAXO,163.3699951171875,165.10000610351562,163.3699951171875,164.3300018310547,146.15150451660156,30000
2021-07-08,GLAXO,165.77000427246094,169.0,165.4499969482422,167.7899932861328,149.22872924804688,164500
2021-07-09,GLAXO,168.0,168.60000610351562,164.5,165.1199951171875,146.85409545898438,48500
2021-07-12,GLAXO,165.1199951171875,166.0,164.25,164.6699981689453,146.45387268066406,20800
2021-07-13,GLAXO,168.39999389648438,170.0,164.64999389648438,165.02000427246094,146.76516723632812,197400
2021-07-14,GLAXO,164.52999877929688,166.0,164.00999450683594,165.22000122070312,146.9430389404297,18100
2021-07-15,GLAXO,164.10000610351562,165.5,164.10000610351562,164.91000366210938,146.66734313964844,16400
2021-07-16,GLAXO,165.0,165.5,163.8000030517578,164.1199951171875,145.96473693847656,30700
2021-07-19,GLAXO,164.02999877929688,167.39999389648438,164.02999877929688,165.92999267578125,147.57449340820312,98100
2021-07-20,GLAXO,165.92999267578125,165.92999267578125,165.92999267578125,165.92999267578125,147.57449340820312,0
2021-07-21,GLAXO,165.92999267578125,165.92999267578125,165.92999267578125,165.92999267578125,147.57449340820312,0
2021-07-22,GLAXO,165.92999267578125,165.92999267578125,165.92999267578125,165.92999267578125,147.57449340820312,0
2021-07-23,GLAXO,165.92999267578125,165.92999267578125,165.92999267578125,165.92999267578125,147.57449340820312,0
2021-07-26,GLAXO,166.88999938964844,167.0,164.00999450683594,165.0,146.74737548828125,58300
2021-07-27,GLAXO,166.38999938964844,168.0,164.0,164.27999877929688,146.10702514648438,253400
2021-07-28,GLAXO,165.99000549316406,165.99000549316406,161.99000549316406,162.30999755859375,144.3549346923828,41200
2021-07-29,GLAXO,162.30999755859375,164.0500030517578,160.80999755859375,161.00999450683594,143.19876098632812,60500
2021-07-30,GLAXO,161.5,162.67999267578125,160.10000610351562,160.77999877929688,142.9941864013672,23400
2021-08-02,GLAXO,161.89999389648438,162.1699981689453,160.5,160.99000549316406,143.1809844970703,8500
2021-08-03,GLAXO,161.0,162.4499969482422,160.75999450683594,162.24000549316406,144.29270935058594,53400
2021-08-04,GLAXO,162.0,162.39999389648438,160.10000610351562,161.13999938964844,143.3143768310547,37200
2021-08-05,GLAXO,160.5,161.60000610351562,159.8000030517578,160.0,142.3004913330078,122100
2021-08-06,GLAXO,160.5,160.74000549316406,159.0,160.0,142.3004913330078,23800
2021-08-09,GLAXO,160.52000427246094,161.97999572753906,159.0,159.36000061035156,141.7312774658203,34700
2021-08-10,GLAXO,162.0,162.0,158.0,159.3699951171875,141.74017333984375,14800
2021-08-11,GLAXO,159.00999450683594,161.0,159.00999450683594,160.97999572753906,143.1720733642578,49500
2021-08-12,GLAXO,162.22000122070312,162.22000122070312,158.75,159.0800018310547,141.48226928710938,8100
2021-08-13,GLAXO,160.58999633789062,160.58999633789062,158.08999633789062,159.47999572753906,141.83799743652344,4500
2021-08-16,GLAXO,156.00999450683594,160.0,156.0,158.83999633789062,141.26878356933594,15000
2021-08-17,GLAXO,161.97999572753906,162.0,159.0,159.97999572753906,142.28269958496094,16400
2021-08-18,GLAXO,159.97999572753906,159.97999572753906,159.97999572753906,159.97999572753906,142.28269958496094,0
2021-08-19,GLAXO,159.97999572753906,159.97999572753906,159.97999572753906,159.97999572753906,142.28269958496094,0
2021-08-20,GLAXO,160.0,162.0,159.0,161.19000244140625,143.35885620117188,21400
2021-08-23,GLAXO,159.10000610351562,162.25,158.00999450683594,159.8300018310547,142.1492919921875,30300
2021-08-24,GLAXO,158.2100067138672,162.0,158.1999969482422,160.0,142.3004913330078,31300
2021-08-25,GLAXO,159.11000061035156,160.5,158.1199951171875,158.83999633789062,141.26878356933594,60800
2021-08-26,GLAXO,158.82000732421875,159.0,157.0,157.44000244140625,140.023681640625,82600
2021-08-27,GLAXO,157.0,160.0,153.0,157.88999938964844,140.4239044189453,108200
2021-08-30,GLAXO,157.88999938964844,161.0,156.0,159.6699981689453,142.00698852539062,38500
2021-08-31,GLAXO,156.0,163.5,156.0,162.5399932861328,144.5594940185547,72000
2021-09-01,GLAXO,159.99000549316406,161.38999938964844,158.0,158.27999877929688,140.770751953125,115400
2021-09-02,GLAXO,158.27999877929688,158.5,157.0,157.02000427246094,139.650146484375,105000
2021-09-03,GLAXO,156.80999755859375,160.0,155.0,155.0399932861328,137.88917541503906,106300
2021-09-06,GLAXO,155.0,156.99000549316406,155.0,155.7100067138672,138.48507690429688,7500
2021-09-07,GLAXO,155.0,155.5,154.61000061035156,155.0,137.85360717773438,40100
2021-09-08,GLAXO,155.13999938964844,155.3000030517578,153.00999450683594,154.02000427246094,136.9820098876953,53300
2021-09-09,GLAXO,154.00999450683594,155.14999389648438,153.60000610351562,153.72000122070312,136.71519470214844,85800
2021-09-10,GLAXO,154.0,155.49000549316406,153.5,153.6300048828125,136.63514709472656,28400
2021-09-13,GLAXO,154.0,154.02000427246094,153.11000061035156,153.52000427246094,136.53732299804688,25500
2021-09-14,GLAXO,154.8800048828125,154.8800048828125,152.0,152.7899932861328,135.8880615234375,7100
2021-09-15,GLAXO,154.5500030517578,154.5500030517578,151.0,152.8000030517578,135.89695739746094,3800
2021-09-16,GLAXO,151.0,152.9499969482422,146.25,151.72999572753906,134.94532775878906,6000
2021-09-17,GLAXO,151.72999572753906,151.72999572753906,150.52000427246094,150.75999450683594,134.08262634277344,10800
2021-09-20,GLAXO,149.25999450683594,150.25,149.16000366210938,149.1699981689453,132.66851806640625,5600
2021-09-21,GLAXO,149.1699981689453,149.1699981689453,149.1699981689453,149.1699981689453,132.66851806640625,0
2021-09-22,GLAXO,144.00999450683594,153.0,143.0,149.3800048828125,132.8553009033203,48400
2021-09-23,GLAXO,149.3800048828125,154.99000549316406,146.0,152.89999389648438,135.98590087890625,52100
2021-09-24,GLAXO,151.99000549316406,151.99000549316406,149.0,149.38999938964844,132.86419677734375,14800
2021-09-27,GLAXO,147.0,148.0,146.7100067138672,148.0,131.62796020507812,6000
2021-09-28,GLAXO,148.02000427246094,149.89999389648438,148.02000427246094,148.61000061035156,132.17047119140625,4800
2021-09-29,GLAXO,148.25,149.85000610351562,148.0,149.39999389648438,132.87307739257812,4300
2021-09-30,GLAXO,148.0,149.0,143.10000610351562,147.82000732421875,131.46786499023438,3900
2021-10-01,GLAXO,147.5500030517578,150.0,145.14999389648438,149.50999450683594,132.9709014892578,8200
2021-10-04,GLAXO,149.50999450683594,151.00999450683594,148.5,149.0800018310547,132.58847045898438,270900
2021-10-05,GLAXO,149.0,149.75,148.0,149.0,132.51731872558594,16300
2021-10-06,GLAXO,148.0,148.00999450683594,147.00999450683594,147.94000244140625,131.57460021972656,64400
2021-10-07,GLAXO,147.0,148.89999389648438,147.0,148.0,131.62796020507812,3800
2021-10-08,GLAXO,147.39999389648438,147.39999389648438,142.0,144.5,128.51513671875,16100
2021-10-11,GLAXO,144.5,144.5,141.10000610351562,142.0399932861328,126.32725524902344,7100
2021-10-12,GLAXO,148.47000122070312,148.47000122070312,141.00999450683594,144.13999938964844,128.1949462890625,14700
2021-10-13,GLAXO,146.85000610351562,146.85000610351562,144.0,144.42999267578125,128.45286560058594,1500
2021-10-14,GLAXO,141.5,152.89999389648438,141.10000610351562,150.0399932861328,133.44227600097656,34700
2021-10-15,GLAXO,146.0500030517578,151.3000030517578,146.0500030517578,151.0,134.29608154296875,48800
2021-10-18,GLAXO,151.0,151.0,147.5,149.92999267578125,133.3444366455078,40400
2021-10-19,GLAXO,149.92999267578125,149.92999267578125,149.92999267578125,149.92999267578125,133.3444366455078,0
2021-10-20,GLAXO,148.0,150.0,148.0,149.3300018310547,132.81082153320312,15600
2021-10-21,GLAXO,148.64999389648438,150.44000244140625,148.0,150.05999755859375,133.4600830078125,29700
2021-10-22,GLAXO,147.60000610351562,148.00999450683594,147.60000610351562,148.00999450683594,131.6368408203125,1100
2021-10-25,GLAXO,148.8000030517578,148.8000030517578,147.00999450683594,148.00999450683594,131.6368408203125,1500
2021-10-26,GLAXO,147.57000732421875,148.89999389648438,147.0,148.89999389648438,132.42837524414062,20600
2021-10-27,GLAXO,151.99000549316406,151.99000549316406,148.52000427246094,148.52000427246094,132.09042358398438,900
2021-10-28,GLAXO,148.0,149.35000610351562,148.0,148.02999877929688,131.65463256835938,5000
2021-10-29,GLAXO,149.0,150.0,147.3000030517578,147.9600067138672,131.59239196777344,8900
2021-11-01,GLAXO,147.00999450683594,150.0,147.0,148.2899932861328,131.88587951660156,30500
2021-11-02,GLAXO,148.89999389648438,149.8000030517578,147.35000610351562,148.0,131.62796020507812,31200
2021-11-03,GLAXO,148.9499969482422,148.9499969482422,147.00999450683594,147.02999877929688,130.7652587890625,4200
2021-11-04,GLAXO,146.1699981689453,148.42999267578125,146.14999389648438,148.24000549316406,131.84140014648438,6300
2021-11-05,GLAXO,148.8800048828125,149.0,148.05999755859375,148.10000610351562,131.71688842773438,9200
2021-11-08,GLAXO,150.9499969482422,150.9499969482422,147.52999877929688,147.5800018310547,131.25440979003906,7000
2021-11-09,GLAXO,146.3000030517578,148.0,146.1999969482422,146.2100067138672,130.0359649658203,3700
2021-11-10,GLAXO,146.7899932861328,147.7899932861328,145.0399932861328,145.4499969482422,129.3600311279297,6500
2021-11-11,GLAXO,149.89999389648438,149.89999389648438,145.0,145.4600067138672,129.36892700195312,8500
2021-11-12,GLAXO,146.0,146.85000610351562,143.5,145.2899932861328,129.2177276611328,6400
2021-11-15,GLAXO,145.0,147.5,144.0,144.50999450683594,128.52401733398438,3700
2021-11-16,GLAXO,146.25999450683594,146.25999450683594,145.3000030517578,145.60000610351562,129.4934539794922,800
2021-11-17,GLAXO,143.0500030517578,145.89999389648438,143.0500030517578,144.07000732421875,128.13270568847656,1000
2021-11-18,GLAXO,144.30999755859375,144.99000549316406,144.0,144.1999969482422,128.24830627441406,5700
2021-11-19,GLAXO,145.0,145.39999389648438,144.5,145.0500030517578,129.00428771972656,56900
2021-11-22,GLAXO,147.97000122070312,149.0,143.10000610351562,145.99000549316406,129.84031677246094,2600
2021-11-23,GLAXO,147.0,147.0,142.10000610351562,143.07000732421875,127.24332427978516,5600
2021-11-24,GLAXO,143.0,143.0,139.0500030517578,140.6999969482422,125.13549041748047,3700
2021-11-25,GLAXO,140.10000610351562,145.0,136.7100067138672,140.22000122070312,124.70860290527344,18400
2021-11-26,GLAXO,137.0500030517578,139.0,137.0500030517578,138.6699981689453,123.3300552368164,600
2021-11-29,GLAXO,139.0,142.89999389648438,139.0,141.94000244140625,126.23832702636719,27000
2021-11-30,GLAXO,142.0,142.0,139.8000030517578,140.08999633789062,124.59295654296875,5900
2021-12-01,GLAXO,140.0,140.0500030517578,139.00999450683594,139.86000061035156,124.38841247558594,9800
2021-12-02,GLAXO,140.0,140.0,129.3800048828125,132.42999267578125,117.78032684326172,52600
2021-12-03,GLAXO,133.0,142.36000061035156,127.5,135.69000244140625,120.67970275878906,93700
2021-12-06,GLAXO,130.11000061035156,136.5,130.11000061035156,134.6300048828125,119.73697662353516,4600
2021-12-07,GLAXO,135.0,137.10000610351562,135.0,136.92999267578125,121.78253173828125,2900
2021-12-08,GLAXO,138.5,138.5,134.10000610351562,135.52999877929688,120.53740692138672,2800
2021-12-09,GLAXO,134.0,136.99000549316406,132.0,135.1699981689453,120.21723175048828,11700
2021-12-10,GLAXO,132.5,138.1999969482422,130.0,134.57000732421875,119.68360900878906,232600
2021-12-13,GLAXO,131.0500030517578,132.5,129.5,131.02000427246094,116.52631378173828,13800
2021-12-14,GLAXO,131.0,133.1999969482422,128.0,131.0399932861328,116.54409790039062,34300
2021-12-15,GLAXO,133.0,136.8000030517578,130.25,133.10000610351562,118.376220703125,117800
2021-12-16,GLAXO,134.0,134.0,130.6199951171875,131.02999877929688,116.53520202636719,22100
2021-12-17,GLAXO,131.49000549316406,131.89999389648438,130.5,131.5,116.95320892333984,20300
2021-12-20,GLAXO,131.0,133.5,131.0,131.64999389648438,117.08661651611328,6700
2021-12-21,GLAXO,131.64999389648438,134.0,130.0,130.38999938964844,115.96600341796875,63500
2021-12-22,GLAXO,130.99000549316406,133.0,127.70999908447266,130.52000427246094,116.08161926269531,95800
2021-12-23,GLAXO,131.0,132.0,130.8000030517578,131.0,116.5085220336914,19800
2021-12-24,GLAXO,131.5,131.99000549316406,130.14999389648438,130.5,116.06383514404297,2200
2021-12-27,GLAXO,131.49000549316406,131.49000549316406,130.0,130.94000244140625,116.45516204833984,30800
2021-12-28,GLAXO,131.49000549316406,131.97999572753906,130.0,131.3800048828125,116.84648895263672,14400
2021-12-29,GLAXO,130.05999755859375,132.97999572753906,130.0,132.52000427246094,117.86038208007812,47400
2021-12-30,GLAXO,131.64999389648438,134.0,131.64999389648438,133.80999755859375,119.00767517089844,23800
2021-12-31,GLAXO,134.0,138.0,133.5,136.50999450683594,121.40899658203125,52400
2022-01-03,GLAXO,134.0,137.9600067138672,134.0,137.13999938964844,121.96929931640625,19500
2022-01-04,GLAXO,139.3000030517578,139.39999389648438,137.13999938964844,138.33999633789062,123.03655242919922,10700
2022-01-05,GLAXO,135.5,138.00999450683594,135.0,137.4499969482422,122.24501037597656,10000
2022-01-06,GLAXO,136.5,137.89999389648438,136.5,136.50999450683594,121.40899658203125,3600
2022-01-07,GLAXO,137.3000030517578,137.3000030517578,135.0,135.52000427246094,120.52851104736328,10600
2022-01-10,GLAXO,136.75,137.0,134.5,136.6199951171875,121.50682067871094,8400
2022-01-11,GLAXO,136.0,137.0,135.0,136.61000061035156,121.4979248046875,23000
2022-01-12,GLAXO,136.61000061035156,137.41000366210938,136.0,136.99000549316406,121.83589935302734,73300
2022-01-13,GLAXO,136.5,137.0,136.0,137.0,121.84480285644531,4900
2022-01-14,GLAXO,135.50999450683594,137.0,133.3300018310547,135.97000122070312,120.92872619628906,13500
2022-01-17,GLAXO,136.0,142.5,136.0,140.61000061035156,125.05545043945312,268900
2022-01-18,GLAXO,140.97999572753906,141.0,136.05999755859375,136.88999938964844,121.74696350097656,112200
2022-01-19,GLAXO,136.88999938964844,136.88999938964844,130.50999450683594,131.6300048828125,117.0688247680664,50800
2022-01-20,GLAXO,129.11000061035156,133.0,129.11000061035156,132.7100067138672,118.02936553955078,22000
2022-01-21,GLAXO,132.6999969482422,134.0,131.0,131.24000549316406,116.72197723388672,28500
2022-01-24,GLAXO,131.24000549316406,132.0,131.24000549316406,131.66000366210938,117.09550476074219,2600
2022-01-25,GLAXO,132.9499969482422,132.9499969482422,131.0,131.47999572753906,116.9354248046875,21100
2022-01-26,GLAXO,131.8000030517578,132.75,131.5,132.5,117.84259033203125,12400
2022-01-27,GLAXO,133.0,133.89999389648438,131.55999755859375,132.83999633789062,118.14497375488281,5800
2022-01-28,GLAXO,130.11000061035156,133.0,130.11000061035156,131.89999389648438,117.3089599609375,3800
2022-01-31,GLAXO,131.60000610351562,137.8000030517578,131.5,133.89999389648438,119.08770751953125,21500
2022-02-01,GLAXO,133.0,137.0,132.99000549316406,135.0,120.0660400390625,11300
2022-02-02,GLAXO,135.0,136.97999572753906,135.0,135.89999389648438,120.8664779663086,5300
2022-02-03,GLAXO,135.89999389648438,136.5,135.0,135.9600067138672,120.91984558105469,18400
2022-02-04,GLAXO,133.25,137.0,133.25,136.52000427246094,121.41789245605469,23000
2022-02-07,GLAXO,136.97999572753906,136.99000549316406,135.3000030517578,135.39999389648438,120.42178344726562,1700
2022-02-08,GLAXO,133.55999755859375,136.89999389648438,133.55999755859375,135.8800048828125,120.84870147705078,44300
2022-02-09,GLAXO,137.0,137.99000549316406,135.22000122070312,136.0399932861328,120.99098205566406,41600
2022-02-10,GLAXO,137.49000549316406,137.49000549316406,133.0,133.22999572753906,118.49182891845703,96100
2022-02-11,GLAXO,133.1999969482422,134.0,131.5,132.07000732421875,117.46016693115234,16600
2022-02-14,GLAXO,132.0,135.89999389648438,130.25,133.49000549316406,118.72308349609375,23500
2022-02-15,GLAXO,133.49000549316406,133.49000549316406,132.07000732421875,133.0500030517578,118.33174896240234,3100
2022-02-16,GLAXO,133.5,134.0500030517578,133.0,133.0,118.28727722167969,25800
2022-02-17,GLAXO,133.8000030517578,134.0,132.5,133.38999938964844,118.6341323852539,13600
2022-02-18,GLAXO,132.5,133.85000610351562,131.1999969482422,133.67999267578125,118.89204406738281,19600
2022-02-21,GLAXO,132.25,133.99000549316406,131.0500030517578,133.67999267578125,118.89204406738281,23300
2022-02-22,GLAXO,134.94000244140625,134.94000244140625,131.0,131.39999389648438,116.86426544189453,10200
2022-02-23,GLAXO,132.5,132.5,131.0,131.1699981689453,116.65972137451172,5900
2022-02-24,GLAXO,128.0500030517578,132.0,125.0,127.37999725341797,113.28897094726562,147500
2022-02-25,GLAXO,128.0,136.92999267578125,127.75,135.7100067138672,120.69749450683594,271800
2022-02-28,GLAXO,137.0,140.0,135.61000061035156,136.77000427246094,121.64024353027344,65400
2022-03-01,GLAXO,137.5,137.5,136.8000030517578,137.02000427246094,121.86259460449219,16600
2022-03-02,GLAXO,136.0,139.0,135.0500030517578,136.5,121.40010070800781,92700
2022-03-03,GLAXO,137.99000549316406,138.0,135.50999450683594,136.25999450683594,121.1866455078125,14100
2022-03-04,GLAXO,136.89999389648438,137.5,135.25,135.85000610351562,120.82201385498047,7300
2022-03-07,GLAXO,133.5,136.0,130.10000610351562,130.92999267578125,116.4462661743164,83200
2022-03-08,GLAXO,130.5,132.99000549316406,129.5,130.88999938964844,116.41069030761719,43100
2022-03-09,GLAXO,131.0,132.0,130.0,131.52000427246094,116.97101593017578,25400
2022-03-10,GLAXO,132.00999450683594,134.0,132.00999450683594,133.3800048828125,118.62525939941406,36800
2022-03-11,GLAXO,131.3000030517578,133.3800048828125,131.10000610351562,132.8000030517578,118.10941314697266,1500
2022-03-14,GLAXO,132.8000030517578,133.89999389648438,132.0,133.02999877929688,118.31396484375,9800
2022-03-15,GLAXO,132.00999450683594,133.0500030517578,132.00999450683594,132.60000610351562,117.93153381347656,13900
2022-03-16,GLAXO,132.00999450683594,135.4499969482422,132.00999450683594,134.36000061035156,119.49683380126953,17600
2022-03-17,GLAXO,135.5,135.60000610351562,133.50999450683594,133.75999450683594,118.96320343017578,14100
2022-03-18,GLAXO,132.0,137.5,130.0,132.72999572753906,118.0471420288086,35500
2022-03-21,GLAXO,133.0,133.39999389648438,131.0,131.5800018310547,117.02436065673828,12200
2022-03-22,GLAXO,132.41000366210938,132.9499969482422,131.52000427246094,131.80999755859375,117.22892761230469,19500
2022-03-23,GLAXO,131.80999755859375,131.80999755859375,131.80999755859375,131.80999755859375,117.22892761230469,0
2022-03-24,GLAXO,131.25,134.5,130.02000427246094,131.47000122070312,116.92654418945312,45600
2022-03-25,GLAXO,132.0,132.0,131.0,131.41000366210938,116.8731689453125,15500
2022-03-28,GLAXO,131.50999450683594,133.10000610351562,131.50999450683594,132.50999450683594,117.85147094726562,25300
2022-03-29,GLAXO,133.85000610351562,135.97999572753906,133.5,135.25999450683594,120.2972640991211,40000
2022-03-30,GLAXO,133.5500030517578,138.0,133.0,135.9499969482422,120.91093444824219,32200
2022-03-31,GLAXO,134.99000549316406,137.5,134.99000549316406,136.67999267578125,121.56019592285156,41600
2022-04-01,GLAXO,136.99000549316406,140.00999450683594,133.25,137.89999389648438,122.64522552490234,81800
2022-04-04,GLAXO,133.5,137.89999389648438,133.5,135.10000610351562,120.15497589111328,22900
2022-04-05,GLAXO,136.0,137.8300018310547,135.5,136.0399932861328,120.99098205566406,37200
2022-04-06,GLAXO,137.5,138.14999389648438,136.60000610351562,137.80999755859375,122.565185546875,26800
2022-04-07,GLAXO,137.5,140.0,135.0,135.85000610351562,120.82201385498047,22800
2022-04-08,GLAXO,141.3800048828125,141.3800048828125,135.0,135.9499969482422,120.91093444824219,39200
2022-04-11,GLAXO,137.5,140.60000610351562,135.10000610351562,140.19000244140625,124.6819076538086,52800
2022-04-12,GLAXO,138.0,141.60000610351562,138.0,141.1199951171875,125.50902557373047,24300
2022-04-13,GLAXO,141.1999969482422,144.6999969482422,140.5,142.64999389648438,126.86976623535156,52100
2022-04-14,GLAXO,140.0,144.39999389648438,140.0,140.69000244140625,125.12660217285156,125200
2022-04-15,GLAXO,132.89999389648438,134.5,132.8000030517578,133.5399932861328,124.9862060546875,46000
2022-04-18,GLAXO,133.11000061035156,133.25,131.0,131.1300048828125,122.73057556152344,22800
2022-04-19,GLAXO,131.0,131.0,129.8800048828125,130.0,121.67296600341797,50200
2022-04-20,GLAXO,130.0,130.0,128.00999450683594,129.61000061035156,121.30793762207031,28900
2022-04-21,GLAXO,128.50999450683594,134.0,128.0,129.94000244140625,121.61680603027344,19700
2022-04-22,GLAXO,128.75999450683594,129.4499969482422,128.0500030517578,128.77000427246094,120.5217514038086,17000
2022-04-25,GLAXO,128.6999969482422,128.6999969482422,128.0,128.2100067138672,119.99761962890625,6700
2022-04-26,GLAXO,127.91999816894531,127.91999816894531,125.0,125.1500015258789,117.13362121582031,26100
2022-04-27,GLAXO,124.5,130.0,124.0,127.44999694824219,119.28628540039062,19200
2022-04-28,GLAXO,125.01000213623047,129.39999389648438,124.2699966430664,127.37000274658203,119.21141815185547,24500
2022-04-29,GLAXO,127.37000274658203,127.37000274658203,127.37000274658203,127.37000274658203,119.21141815185547,0
2022-05-02,GLAXO,127.37000274658203,127.37000274658203,127.37000274658203,127.37000274658203,119.21141815185547,0
2022-05-03,GLAXO,127.37000274658203,127.37000274658203,127.37000274658203,127.37000274658203,119.21141815185547,0
2022-05-04,GLAXO,127.37000274658203,127.37000274658203,127.37000274658203,127.37000274658203,119.21141815185547,0
2022-05-05,GLAXO,127.37000274658203,127.37000274658203,127.37000274658203,127.37000274658203,119.21141815185547,0
2022-05-06,GLAXO,128.89999389648438,128.89999389648438,124.0999984741211,126.70999908447266,118.59369659423828,11000
2022-05-09,GLAXO,124.0,127.98999786376953,123.0,125.25,117.22721862792969,59100
2022-05-10,GLAXO,123.0,128.0,122.0,125.83999633789062,117.7794189453125,26500
2022-05-11,GLAXO,125.44999694824219,128.5,122.0,125.6500015258789,117.60160064697266,46200
2022-05-12,GLAXO,125.98999786376953,125.98999786376953,123.0999984741211,124.69999694824219,116.71244812011719,14700
2022-05-13,GLAXO,124.98999786376953,126.4800033569336,124.0,125.94000244140625,117.8730239868164,7500
2022-05-16,GLAXO,122.01000213623047,127.5,122.0,125.5,117.4612045288086,7400
2022-05-17,GLAXO,124.0,125.0,123.0,124.80000305175781,116.80604553222656,14100
2022-05-18,GLAXO,124.0,125.0,123.0,123.51000213623047,115.59867858886719,35500
2022-05-19,GLAXO,123.0,125.9000015258789,122.69999694824219,124.41999816894531,116.45037841796875,12000
2022-05-20,GLAXO,124.0,124.94999694824219,124.0,124.19000244140625,116.23512268066406,1900
2022-05-23,GLAXO,122.75,126.48999786376953,120.0,124.05999755859375,116.11343383789062,18600
2022-05-24,GLAXO,123.0,125.5,123.0,124.95999908447266,116.95579528808594,8400
2022-05-25,GLAXO,124.94999694824219,124.94999694824219,122.5999984741211,124.61000061035156,116.62821197509766,6900
2022-05-26,GLAXO,125.0,125.0,122.0,122.9000015258789,115.02774810791016,34400
2022-05-27,GLAXO,123.01000213623047,125.94999694824219,123.01000213623047,124.44999694824219,116.47846221923828,22900
2022-05-30,GLAXO,124.4000015258789,124.4000015258789,123.19999694824219,124.0,116.05728149414062,5600
2022-05-31,GLAXO,124.4000015258789,125.0,122.51000213623047,123.77999877929688,115.85137939453125,19500
2022-06-01,GLAXO,123.0,124.4000015258789,120.0,120.83999633789062,113.09968566894531,119100
2022-06-02,GLAXO,120.75,121.9000015258789,119.94000244140625,120.73999786376953,113.006103515625,50500
2022-06-03,GLAXO,120.0999984741211,121.0,118.5,120.4800033569336,112.76276397705078,18700
2022-06-06,GLAXO,119.69999694824219,120.0,118.1500015258789,119.80000305175781,112.1263198852539,35400
2022-06-07,GLAXO,120.0,120.0,119.80000305175781,119.91999816894531,112.2386245727539,3900
2022-06-08,GLAXO,119.0,121.0,117.0,119.22000122070312,111.58346557617188,92000
2022-06-09,GLAXO,119.9800033569336,126.0,119.9800033569336,121.16999816894531,113.40856170654297,99400
2022-06-10,GLAXO,122.9000015258789,123.75,121.0,121.9000015258789,114.091796875,22100
2022-06-13,GLAXO,124.8499984741211,125.69999694824219,121.01000213623047,121.25,113.48343658447266,12300
2022-06-14,GLAXO,120.9000015258789,120.9000015258789,119.0,119.88999938964844,112.2105484008789,16800
2022-06-15,GLAXO,119.06999969482422,120.66000366210938,119.06999969482422,120.0,112.3134994506836,8100
2022-06-16,GLAXO,120.0,120.0,119.0,119.9000015258789,112.21990966796875,5300
2022-06-17,GLAXO,119.5999984741211,120.0,119.5999984741211,119.94999694824219,112.2667007446289,21000
2022-06-20,GLAXO,120.0,120.5,119.0,119.02999877929688,111.40563201904297,9800
2022-06-21,GLAXO,119.19999694824219,121.0,119.0999984741211,121.0,113.24944305419922,10400
2022-06-22,GLAXO,121.0,121.01000213623047,119.5,120.69999694824219,112.96866607666016,15000
2022-06-23,GLAXO,121.25,123.9000015258789,119.0,119.6500015258789,111.98592376708984,50800
2022-06-24,GLAXO,119.0999984741211,121.37999725341797,117.9000015258789,118.91000366210938,111.29332733154297,28300
2022-06-27,GLAXO,119.75,119.93000030517578,118.75,119.0,111.37755584716797,2400
2022-06-28,GLAXO,119.98999786376953,121.80000305175781,119.01000213623047,119.61000061035156,111.948486328125,5900
2022-06-29,GLAXO,119.61000061035156,119.61000061035156,118.0,119.41999816894531,111.77064514160156,6200
2022-06-30,GLAXO,118.25,127.80000305175781,118.0,124.93000030517578,116.9277114868164,144300
2022-07-01,GLAXO,123.5999984741211,123.5999984741211,120.83000183105469,121.8499984741211,114.04499816894531,4000
2022-07-04,GLAXO,120.5999984741211,121.25,120.5999984741211,120.83000183105469,113.09033966064453,3100
2022-07-05,GLAXO,121.0,121.0,119.5,119.94999694824219,112.2667007446289,16500
2022-07-06,GLAXO,119.94999694824219,121.0,119.1500015258789,120.79000091552734,113.05290222167969,6400
2022-07-07,GLAXO,120.79000091552734,121.44999694824219,120.02999877929688,121.2300033569336,113.46471405029297,2800
2022-07-08,GLAXO,121.2300033569336,121.2300033569336,121.2300033569336,121.2300033569336,113.46471405029297,0
2022-07-11,GLAXO,121.2300033569336,121.2300033569336,121.2300033569336,121.2300033569336,113.46471405029297,0
2022-07-12,GLAXO,121.2300033569336,121.2300033569336,121.2300033569336,121.2300033569336,113.46471405029297,0
2022-07-13,GLAXO,119.6500015258789,121.80000305175781,119.6500015258789,121.79000091552734,113.98884582519531,2400
2022-07-14,GLAXO,120.5,122.01000213623047,120.1500015258789,121.4000015258789,113.62382507324219,7600
2022-07-15,GLAXO,121.5,121.83999633789062,115.0,120.86000061035156,113.11841583251953,11100
2022-07-18,GLAXO,121.83999633789062,121.83999633789062,119.0999984741211,119.5,111.84552764892578,5300
2022-07-19,GLAXO,119.5,122.25,117.91000366210938,119.4000015258789,111.75193786621094,16700
2022-07-20,GLAXO,120.80000305175781,121.75,118.0,118.94000244140625,111.32140350341797,10700
2022-07-21,GLAXO,119.9000015258789,120.0,115.25,118.12000274658203,110.55392456054688,30300
2022-07-22,GLAXO,116.5999984741211,120.0,116.0,119.31999969482422,111.67706298828125,16500
2022-07-25,GLAXO,119.80000305175781,119.80000305175781,118.30000305175781,119.31999969482422,111.67706298828125,1300
2022-07-26,GLAXO,119.98999786376953,119.98999786376953,117.75,119.56999969482422,111.91104888916016,2300
2022-07-27,GLAXO,119.56999969482422,119.56999969482422,115.0,118.7300033569336,111.1248550415039,16500
2022-07-28,GLAXO,118.7300033569336,119.0,118.7300033569336,118.94000244140625,111.32140350341797,1800
2022-07-29,GLAXO,118.75,120.5,118.0,118.5999984741211,111.00318145751953,9300
2022-08-01,GLAXO,118.0,119.0,118.0,118.5,110.90957641601562,2800
2022-08-02,GLAXO,116.66000366210938,118.5,116.05000305175781,117.55999755859375,110.02978515625,6500
2022-08-03,GLAXO,117.0999984741211,122.0,117.0,119.98999786376953,112.30413818359375,25600
2022-08-04,GLAXO,120.0,120.48999786376953,119.5,120.48999786376953,112.7721176147461,6000
2022-08-05,GLAXO,118.75,127.98999786376953,118.75,125.18000030517578,117.16169738769531,23800
2022-08-08,GLAXO,125.18000030517578,125.18000030517578,125.18000030517578,125.18000030517578,117.16169738769531,0
2022-08-09,GLAXO,125.18000030517578,125.18000030517578,125.18000030517578,125.18000030517578,117.16169738769531,0
2022-08-10,GLAXO,122.0,126.69999694824219,122.0,124.62999725341797,116.64691925048828,64400
2022-08-11,GLAXO,122.5,123.94999694824219,122.25,123.33999633789062,115.4395523071289,10600
2022-08-12,GLAXO,121.25,125.9000015258789,121.25,123.54000091552734,115.62674713134766,43600
2022-08-15,GLAXO,124.0,128.5,122.0,123.7699966430664,115.84201049804688,250500
2022-08-16,GLAXO,124.9000015258789,125.0,121.19999694824219,122.08000183105469,114.26026916503906,67400
2022-08-17,GLAXO,122.9000015258789,122.9000015258789,121.3499984741211,121.7699966430664,113.97012329101562,11300
2022-08-18,GLAXO,121.0,125.80000305175781,120.0,122.98999786376953,115.11197662353516,86300
2022-08-19,GLAXO,121.5,122.5,121.12000274658203,121.6500015258789,113.85781860351562,7400
2022-08-22,GLAXO,120.5199966430664,121.9000015258789,120.5199966430664,121.47000122070312,113.68933868408203,3500
2022-08-23,GLAXO,120.77999877929688,124.88999938964844,118.51000213623047,118.73999786376953,111.13420104980469,79400
2022-08-24,GLAXO,119.0,120.19999694824219,117.0199966430664,117.7699966430664,110.22633361816406,51500
2022-08-25,GLAXO,118.0,119.0,116.5,117.62000274658203,110.08595275878906,72100
2022-08-26,GLAXO,117.5,117.5,116.0,117.20999908447266,109.70220947265625,57500
2022-08-29,GLAXO,115.19999694824219,119.80000305175781,115.19999694824219,117.97000122070312,110.41353607177734,14000
2022-08-30,GLAXO,118.5,119.48999786376953,114.98999786376953,117.95999908447266,110.4041748046875,35900
2022-08-31,GLAXO,118.5,119.80000305175781,117.0,119.12000274658203,111.4898681640625,5800
2022-09-01,GLAXO,117.5199966430664,117.55000305175781,117.0,117.29000091552734,109.77708435058594,16600
2022-09-02,GLAXO,116.75,117.5,116.0199966430664,117.47000122070312,109.945556640625,7700
2022-09-05,GLAXO,115.80000305175781,117.4800033569336,115.05000305175781,116.77999877929688,109.29975891113281,7600
2022-09-06,GLAXO,116.98999786376953,116.98999786376953,115.80000305175781,115.93000030517578,108.50420379638672,11900
2022-09-07,GLAXO,115.5,116.0,114.94999694824219,115.51000213623047,108.1111068725586,49500
2022-09-08,GLAXO,115.0199966430664,115.0199966430664,113.80000305175781,114.7300033569336,107.38107299804688,87300
2022-09-09,GLAXO,114.06999969482422,117.0,112.66000366210938,114.87000274658203,107.51210021972656,70900
2022-09-12,GLAXO,114.19999694824219,115.0,113.26000213623047,114.91000366210938,107.5495376586914,10300
2022-09-13,GLAXO,114.12999725341797,115.0,114.0,114.62999725341797,107.28746795654297,20500
2022-09-14,GLAXO,113.5,114.5,113.5,114.44000244140625,107.1096420288086,9800
2022-09-15,GLAXO,114.0,114.9000015258789,114.0,114.54000091552734,107.20323181152344,16100
2022-09-16,GLAXO,114.0,114.51000213623047,113.0,114.4800033569336,107.14707946777344,13100
2022-09-19,GLAXO,113.30000305175781,114.87000274658203,113.05999755859375,113.9800033569336,106.67910766601562,9100
2022-09-20,GLAXO,113.0199966430664,114.0,111.0,113.08999633789062,105.84611511230469,81700
2022-09-21,GLAXO,112.0999984741211,113.88999938964844,111.80000305175781,113.26000213623047,106.0052261352539,20600
2022-09-22,GLAXO,112.98999786376953,113.25,111.2699966430664,113.02999877929688,105.78996276855469,10600
2022-09-23,GLAXO,111.25,113.0,110.0,112.63999938964844,105.42493438720703,48800
2022-09-26,GLAXO,112.69999694824219,112.8499984741211,111.0,112.47000122070312,105.26583099365234,67300
2022-09-27,GLAXO,112.98999786376953,113.0,112.0,112.68000030517578,105.46237182617188,4200
2022-09-28,GLAXO,112.0,113.0,111.9000015258789,112.41999816894531,105.21903228759766,16700
2022-09-29,GLAXO,112.0,117.48999786376953,111.0199966430664,112.98999786376953,105.75251770019531,36000
2022-09-30,GLAXO,112.0,113.0,111.0,112.70999908447266,105.49046325683594,31300
2022-10-03,GLAXO,113.0,113.0,111.61000061035156,112.58000183105469,105.36878967285156,3300
2022-10-04,GLAXO,111.55000305175781,112.88999938964844,111.5199966430664,112.72000122070312,105.49981689453125,11600
2022-10-05,GLAXO,112.0,112.98999786376953,111.55999755859375,112.51000213623047,105.30326843261719,9800
2022-10-06,GLAXO,112.94000244140625,112.94000244140625,111.51000213623047,112.5,105.29391479492188,4000
2022-10-07,GLAXO,112.0,112.5,111.0,112.3499984741211,105.15351104736328,15300
2022-10-10,GLAXO,111.76000213623047,112.3499984741211,111.0999984741211,111.95999908447266,104.78849029541016,24600
2022-10-11,GLAXO,112.80000305175781,112.80000305175781,111.36000061035156,111.9000015258789,104.73234558105469,8200
2022-10-12,GLAXO,111.25,111.98999786376953,110.41000366210938,111.7300033569336,104.57323455810547,22500
2022-10-13,GLAXO,112.1500015258789,112.5999984741211,111.5,112.16000366210938,104.97569274902344,29800
2022-10-14,GLAXO,112.0,112.0,110.11000061035156,111.94999694824219,104.77913665771484,11800
2022-10-17,GLAXO,112.0,112.0,110.0,111.5999984741211,104.45155334472656,21900
2022-10-18,GLAXO,112.25,112.25,109.5,111.47000122070312,104.32987976074219,35400
2022-10-19,GLAXO,112.0,112.0,110.75,111.38999938964844,104.2550048828125,37700
2022-10-20,GLAXO,110.75,111.9800033569336,110.1500015258789,111.30000305175781,104.1707763671875,13300
2022-10-21,GLAXO,110.1500015258789,112.0,109.05000305175781,111.29000091552734,104.16141510009766,45900
2022-10-24,GLAXO,110.30000305175781,111.79000091552734,110.0,111.02999877929688,103.91806030273438,15000
2022-10-25,GLAXO,110.30000305175781,111.73999786376953,109.1500015258789,111.16999816894531,104.04910278320312,15400
2022-10-26,GLAXO,110.5,115.48999786376953,109.0,111.83000183105469,104.66682434082031,26200
2022-10-27,GLAXO,112.69999694824219,113.25,110.6500015258789,111.61000061035156,104.46092224121094,24000
2022-10-28,GLAXO,112.77999877929688,112.80000305175781,110.01000213623047,111.6500015258789,104.49835968017578,24700
2022-10-31,GLAXO,111.5,111.5,110.58000183105469,110.88999938964844,103.78704071044922,600
2022-11-01,GLAXO,110.88999938964844,113.0,110.30000305175781,112.0999984741211,104.9195327758789,32500
2022-11-02,GLAXO,110.0999984741211,111.73999786376953,110.0999984741211,111.5199966430664,104.37667846679688,47400
2022-11-03,GLAXO,111.0,111.5,111.0,111.12000274658203,104.0022964477539,11200
2022-11-04,GLAXO,110.51000213623047,112.5,110.0999984741211,112.19000244140625,105.00376892089844,23900
2022-11-07,GLAXO,111.5,112.19000244140625,111.0,111.0,103.88998413085938,12400
2022-11-08,GLAXO,111.01000213623047,111.5,110.75,111.31999969482422,104.18949127197266,9100
2022-11-09,GLAXO,111.31999969482422,111.31999969482422,111.31999969482422,111.31999969482422,104.18949127197266,0
2022-11-10,GLAXO,111.0,111.25,111.0,111.22000122070312,104.09590148925781,11100
2022-11-11,GLAXO,111.4800033569336,111.5,110.69999694824219,111.05000305175781,103.9367904663086,7100
2022-11-14,GLAXO,111.3499984741211,111.3499984741211,110.0,110.73999786376953,103.64663696289062,21500
2022-11-15,GLAXO,110.73999786376953,111.25,110.69999694824219,110.75,103.65599822998047,2800
2022-11-16,GLAXO,110.9000015258789,110.98999786376953,110.0,110.79000091552734,103.69343566894531,16200
2022-11-17,GLAXO,110.0999984741211,110.97000122070312,110.0,110.5,103.42201232910156,16600
2022-11-18,GLAXO,110.5,111.0,110.0999984741211,110.58000183105469,103.49689483642578,23200
2022-11-21,GLAXO,110.0,110.4000015258789,110.0,110.38999938964844,103.31906127929688,24200
2022-11-22,GLAXO,109.5,110.9000015258789,109.5,110.5999984741211,103.51561737060547,3800
2022-11-23,GLAXO,110.5,111.80000305175781,110.0,110.93000030517578,103.82447814941406,7400
2022-11-24,GLAXO,109.55999755859375,110.93000030517578,109.55999755859375,110.66000366210938,103.57176971435547,8300
2022-11-25,GLAXO,111.25,111.4000015258789,110.2699966430664,111.08999633789062,103.9742202758789,4600
2022-11-28,GLAXO,109.0199966430664,111.08999633789062,109.0199966430664,110.30000305175781,103.23483276367188,20000
2022-11-29,GLAXO,109.5,110.5,109.5,110.05999755859375,103.01020050048828,8000
2022-11-30,GLAXO,110.0,110.01000213623047,109.5,110.0,102.95404815673828,8700
2022-12-01,GLAXO,109.55999755859375,110.0,106.11000061035156,109.69000244140625,102.66390228271484,239800
2022-12-02,GLAXO,109.94999694824219,111.75,108.05999755859375,110.54000091552734,103.4594497680664,66500
2022-12-05,GLAXO,109.0,110.54000091552734,108.0199966430664,109.0,102.01809692382812,24800
2022-12-06,GLAXO,108.19999694824219,108.19999694824219,106.5,106.63999938964844,99.80926513671875,13900
2022-12-07,GLAXO,107.0,107.0,103.33000183105469,103.61000061035156,96.97335052490234,77400
2022-12-08,GLAXO,101.25,103.0,99.5,100.37000274658203,93.94088745117188,48200
2022-12-09,GLAXO,102.0,102.0,97.55000305175781,98.13999938964844,91.85372924804688,7800
2022-12-12,GLAXO,101.0,101.0,98.0999984741211,98.7300033569336,92.40593719482422,4000
2022-12-13,GLAXO,100.0,100.4800033569336,97.5,98.7300033569336,92.40593719482422,16000
2022-12-14,GLAXO,98.0,98.0,95.69999694824219,97.66999816894531,91.41383361816406,5400
2022-12-15,GLAXO,96.25,97.98999786376953,95.0,95.08000183105469,88.98973083496094,29500
2022-12-16,GLAXO,94.25,95.9000015258789,91.0,95.11000061035156,89.01780700683594,83000
2022-12-19,GLAXO,95.5,95.5,92.5,92.51000213623047,86.5843505859375,15400
2022-12-20,GLAXO,93.0,93.0,87.52999877929688,87.98999786376953,82.35387420654297,57300
2022-12-21,GLAXO,87.25,89.98999786376953,87.0,88.44000244140625,82.77505493164062,58200
2022-12-22,GLAXO,87.8499984741211,89.9800033569336,86.0,88.6500015258789,82.97159576416016,49600
2022-12-23,GLAXO,88.0,92.0,88.0,89.7699966430664,84.01985931396484,71600
2022-12-26,GLAXO,91.0,91.0,89.0999984741211,90.05000305175781,84.28192901611328,39900
2022-12-27,GLAXO,90.05000305175781,95.87999725341797,90.0,91.91000366210938,86.02278900146484,233600
2022-12-28,GLAXO,93.0,93.51000213623047,88.06999969482422,89.0199966430664,83.31788635253906,43400
2022-12-29,GLAXO,88.55000305175781,89.88999938964844,88.19999694824219,89.30000305175781,83.57996368408203,17100
2022-12-30,GLAXO,88.19999694824219,92.44999694824219,87.0,87.7699966430664,82.14795684814453,282500
2023-01-02,GLAXO,87.5,89.98999786376953,87.0,87.43000030517578,81.82974243164062,59200
2023-01-03,GLAXO,87.5,88.5,86.51000213623047,86.70999908447266,81.1558609008789,15700
2023-01-04,GLAXO,87.87000274658203,90.0,86.5,86.6500015258789,81.09971618652344,35000
2023-01-05,GLAXO,87.94999694824219,87.94999694824219,86.7300033569336,86.91999816894531,81.35240936279297,3800
2023-01-06,GLAXO,86.94999694824219,87.94999694824219,86.6500015258789,87.22000122070312,81.6332015991211,10800
2023-01-09,GLAXO,86.0,86.5,85.11000061035156,86.30999755859375,80.78148651123047,5600
2023-01-10,GLAXO,87.81999969482422,88.6500015258789,86.76000213623047,87.94000244140625,82.30708312988281,4900
2023-01-11,GLAXO,88.0,88.0,86.12000274658203,87.08999633789062,81.51152038574219,32100
2023-01-12,GLAXO,87.19000244140625,88.5,87.19000244140625,87.51000213623047,81.90462493896484,18000
2023-01-13,GLAXO,88.0,88.5,87.0,87.0,81.42728424072266,28800
2023-01-16,GLAXO,88.3499984741211,88.3499984741211,86.05000305175781,86.44000244140625,80.90316009521484,8800
2023-01-17,GLAXO,87.0,88.33999633789062,82.51000213623047,84.38999938964844,78.98446655273438,31600
2023-01-18,GLAXO,84.95999908447266,84.95999908447266,83.02999877929688,83.5,78.15148162841797,18800
2023-01-19,GLAXO,83.5,84.4000015258789,83.25,83.54000091552734,78.18891906738281,21700
2023-01-20,GLAXO,84.75,84.75,82.5,82.98999786376953,77.67414855957031,20600
2023-01-23,GLAXO,82.75,82.98999786376953,80.0999984741211,80.7300033569336,75.55891418457031,18100
2023-01-24,GLAXO,80.0,83.0199966430664,80.0,82.0,76.74755859375,3300
2023-01-25,GLAXO,82.0,82.0,80.5,81.11000061035156,75.91456604003906,35500
2023-01-26,GLAXO,81.0,84.88999938964844,81.0,82.12999725341797,76.86923217773438,17500
2023-01-27,GLAXO,81.5,82.44999694824219,80.58999633789062,81.01000213623047,75.82097625732422,10800
2023-01-30,GLAXO,80.19999694824219,81.98999786376953,80.0,80.4000015258789,75.25004577636719,5000
2023-01-31,GLAXO,80.75,83.5,80.4000015258789,83.04000091552734,77.72093963623047,36600
2023-02-01,GLAXO,83.0999984741211,83.5,82.0999984741211,82.69000244140625,77.39336395263672,6800
2023-02-02,GLAXO,83.77999877929688,85.0,82.01000213623047,83.0199966430664,77.70222473144531,21700
2023-02-03,GLAXO,83.98999786376953,83.98999786376953,82.11000061035156,83.41000366210938,78.06724548339844,3300
2023-02-06,GLAXO,83.9000015258789,83.9000015258789,83.37000274658203,83.43000030517578,78.0859603881836,1400
2023-02-07,GLAXO,84.5,86.98999786376953,83.61000061035156,84.41999816894531,79.0125503540039,44200
2023-02-08,GLAXO,84.0,90.75,84.0,90.58999633789062,84.7873306274414,86300
2023-02-09,GLAXO,91.88999938964844,96.0,89.0,90.9000015258789,85.07748413085938,323800
2023-02-10,GLAXO,91.0999984741211,91.0999984741211,87.5,88.01000213623047,82.37258911132812,30100
2023-02-13,GLAXO,87.5,88.01000213623047,85.5,86.02999877929688,80.51941680908203,33400
2023-02-14,GLAXO,85.0999984741211,86.0,84.51000213623047,84.51000213623047,79.09678649902344,6100
2023-02-15,GLAXO,83.0199966430664,84.5,83.0,84.2699966430664,78.87215423583984,13900
2023-02-16,GLAXO,83.69999694824219,83.70999908447266,82.5,82.9800033569336,77.664794921875,4900
2023-02-17,GLAXO,82.81999969482422,83.97000122070312,81.19999694824219,83.0,77.68350219726562,27000
2023-02-20,GLAXO,82.75,83.0,82.5,83.0,77.68350219726562,8300
2023-02-21,GLAXO,83.83000183105469,83.83000183105469,82.5999984741211,83.1500015258789,77.82389831542969,17500
2023-02-22,GLAXO,84.5,84.88999938964844,82.0,83.48999786376953,78.14212036132812,11000
2023-02-23,GLAXO,84.48999786376953,84.48999786376953,83.25,83.30000305175781,77.96429443359375,3900
2023-02-24,GLAXO,83.0,83.87000274658203,82.0,82.33000183105469,77.05642700195312,17600
2023-02-27,GLAXO,82.76000213623047,83.5,82.5,83.5,78.15148162841797,6400
2023-02-28,GLAXO,83.0,83.01000213623047,82.19999694824219,82.44999694824219,77.16873168945312,3800
2023-03-01,GLAXO,82.0,82.5,81.1500015258789,82.02999877929688,76.775634765625,11600
2023-03-02,GLAXO,82.0,85.0,81.0,82.1500015258789,76.88795471191406,11200
2023-03-03,GLAXO,83.4000015258789,85.5,82.1500015258789,84.75,79.32141876220703,34700
2023-03-06,GLAXO,86.4000015258789,86.4000015258789,84.0999984741211,84.93000030517578,79.48987579345703,1700
2023-03-07,GLAXO,85.4000015258789,85.48999786376953,84.5,84.58999633789062,79.17166137695312,2100
2023-03-08,GLAXO,84.0999984741211,85.0,83.98999786376953,84.61000061035156,79.19037628173828,15600
2023-03-09,GLAXO,85.0,85.0,80.0,83.63999938964844,78.28250885009766,359100
2023-03-10,GLAXO,83.9000015258789,84.75,83.01000213623047,84.1500015258789,78.75984954833984,67500
2023-03-13,GLAXO,85.0,85.0,83.76000213623047,83.91999816894531,78.54457092285156,17400
2023-03-14,GLAXO,84.8499984741211,84.8499984741211,83.5999984741211,84.0,78.61945343017578,28300
2023-03-15,GLAXO,84.0,84.19999694824219,82.5,82.55999755859375,77.27168273925781,107400
2023-03-16,GLAXO,83.69999694824219,84.3499984741211,81.0,83.08999633789062,77.76773071289062,200600
2023-03-17,GLAXO,83.5,84.37000274658203,82.0,82.5,77.21553039550781,117700
2023-03-20,GLAXO,82.3499984741211,82.5,81.5,81.83000183105469,76.58844757080078,151300
2023-03-21,GLAXO,81.98999786376953,82.5,80.0,81.04000091552734,75.84906005859375,25300
2023-03-22,GLAXO,82.44000244140625,82.48999786376953,80.0,80.1500015258789,75.01605987548828,20000
2023-03-23,GLAXO,80.1500015258789,80.1500015258789,80.1500015258789,80.1500015258789,75.01605987548828,0
2023-03-24,GLAXO,80.1500015258789,80.9000015258789,79.0,79.19000244140625,74.11756134033203,4000
2023-03-27,GLAXO,79.51000213623047,79.51000213623047,78.0,78.05000305175781,73.05057525634766,6100
2023-03-28,GLAXO,78.05000305175781,79.4000015258789,78.0,78.25,73.23775482177734,1000
2023-03-29,GLAXO,78.5,79.7699966430664,78.0,79.0,73.9397201538086,13300
2023-03-30,GLAXO,78.0199966430664,84.48999786376953,78.01000213623047,82.37999725341797,77.10321807861328,40700
2023-03-31,GLAXO,80.77999877929688,83.38999938964844,80.0,82.54000091552734,77.25296783447266,51300
2023-04-03,GLAXO,81.44999694824219,82.54000091552734,80.77999877929688,80.88999938964844,75.70865631103516,17800
2023-04-04,GLAXO,80.05999755859375,80.0999984741211,79.19999694824219,79.33999633789062,74.2579345703125,4700
2023-04-05,GLAXO,79.66000366210938,80.25,79.33999633789062,80.0,74.87567138671875,14800
2023-04-06,GLAXO,80.0,80.0,79.9000015258789,80.0,74.87567138671875,15000
2023-04-07,GLAXO,80.05000305175781,80.0999984741211,79.51000213623047,79.72000122070312,74.61360168457031,12600
2023-04-10,GLAXO,80.0,81.4000015258789,78.0999984741211,78.87999725341797,73.82740783691406,3800
2023-04-11,GLAXO,78.5,78.69999694824219,78.0,78.06999969482422,73.06929016113281,6800
2023-04-12,GLAXO,79.0,79.0,77.5,78.12999725341797,73.12544250488281,31200
2023-04-13,GLAXO,78.98999786376953,78.98999786376953,75.80000305175781,75.98999786376953,71.12252044677734,38400
2023-04-14,GLAXO,75.98999786376953,75.98999786376953,75.98999786376953,75.98999786376953,71.12252044677734,0
2023-04-17,GLAXO,77.0,77.0,75.80000305175781,76.29000091552734,71.40331268310547,30200
2023-04-18,GLAXO,75.62999725341797,76.29000091552734,75.5,75.66999816894531,70.82301330566406,22900
2023-04-19,GLAXO,76.44999694824219,76.5,75.66999816894531,75.94000244140625,71.07572937011719,25000
2023-04-20,GLAXO,76.5,77.0,75.5199966430664,76.0,71.13188934326172,39600
2023-04-21,GLAXO,76.0,76.0,76.0,76.0,71.13188934326172,0
2023-04-24,GLAXO,76.0,76.0,76.0,76.0,71.13188934326172,0
2023-04-25,GLAXO,76.0,76.0,76.0,76.0,71.13188934326172,0
2023-04-26,GLAXO,76.0,76.0,75.5,76.0,71.13188934326172,121500
2023-04-27,GLAXO,76.0,76.0,73.0,74.0199966430664,69.2787094116211,73500
2023-04-28,GLAXO,74.02999877929688,76.19999694824219,73.5,75.86000061035156,71.0008544921875,313500
2023-05-01,GLAXO,75.86000061035156,75.86000061035156,75.86000061035156,75.86000061035156,71.0008544921875,0
2023-05-02,GLAXO,76.5999984741211,76.5999984741211,73.51000213623047,74.4000015258789,69.6343765258789,153300
2023-05-03,GLAXO,74.4000015258789,76.0,74.12000274658203,75.87000274658203,71.01021575927734,298000
2023-05-04,GLAXO,76.48999786376953,76.5,75.0999984741211,75.62000274658203,70.77622985839844,53800
2023-05-05,GLAXO,75.0,79.30000305175781,75.0,78.41999816894531,73.3968734741211,291300
2023-05-08,GLAXO,77.30000305175781,80.8499984741211,78.0,79.88999938964844,74.77271270751953,188100
2023-05-09,GLAXO,80.0,82.79000091552734,79.80000305175781,81.83999633789062,76.5978012084961,649900
2023-05-10,GLAXO,81.0,82.55999755859375,81.0,82.5,77.21553039550781,75500
2023-05-11,GLAXO,82.5,83.5,82.5,83.2699966430664,77.93621063232422,54500
2023-05-12,GLAXO,83.4000015258789,84.88999938964844,83.4000015258789,84.0,78.61945343017578,320400
2023-05-15,GLAXO,84.0,84.47000122070312,84.0,84.0,78.61945343017578,16800
2023-05-16,GLAXO,84.0,84.69999694824219,84.0,84.0,78.61945343017578,93100
2023-05-17,GLAXO,84.05000305175781,84.55000305175781,84.0,84.0,78.61945343017578,93300
2023-05-18,GLAXO,84.0,84.05000305175781,84.0,84.0,78.61945343017578,93400
2023-05-19,GLAXO,84.0,85.30000305175781,84.0,85.0199966430664,79.57410430908203,49400
2023-05-22,GLAXO,84.0,84.87000274658203,84.0,84.04000091552734,78.65689086914062,25400
2023-05-23,GLAXO,84.05999755859375,86.0,84.0,84.06999969482422,78.68496704101562,177100
2023-05-24,GLAXO,84.05000305175781,84.05000305175781,82.1500015258789,82.37000274658203,77.09386444091797,20700
2023-05-25,GLAXO,82.30999755859375,83.44999694824219,81.87999725341797,81.97000122070312,76.71949005126953,22900
2023-05-26,GLAXO,81.80000305175781,82.5,81.80000305175781,82.44999694824219,77.16873168945312,2200
2023-05-29,GLAXO,80.30000305175781,82.3499984741211,80.30000305175781,81.80999755859375,76.56973266601562,11600
2023-05-30,GLAXO,81.0,81.37999725341797,80.20999908447266,80.55999755859375,75.39979553222656,14400
2023-05-31,GLAXO,80.1500015258789,84.19000244140625,80.1500015258789,80.31999969482422,75.1751708984375,27600
2023-06-01,GLAXO,80.5,80.5,80.19999694824219,80.31999969482422,75.1751708984375,12500
2023-06-02,GLAXO,80.25,80.5,80.0,80.16000366210938,75.02542877197266,3800
2023-06-05,GLAXO,80.0999984741211,80.0999984741211,79.5,80.0,74.87567138671875,45200
2023-06-06,GLAXO,80.0,81.0999984741211,79.3499984741211,79.55000305175781,74.45449829101562,79900
2023-06-07,GLAXO,80.8499984741211,80.8499984741211,78.30000305175781,79.0199966430664,73.95843505859375,72200
2023-06-08,GLAXO,79.0,80.0,77.5199966430664,78.08000183105469,73.07865142822266,11200
2023-06-09,GLAXO,79.9000015258789,79.9000015258789,77.5,79.58999633789062,74.49192810058594,17300
2023-06-12,GLAXO,79.79000091552734,79.80000305175781,79.5,79.5199966430664,74.4264144897461,1800
2023-06-13,GLAXO,79.0999984741211,79.77999877929688,78.33999633789062,78.4800033569336,73.45303344726562,2400
2023-06-14,GLAXO,78.01000213623047,78.01000213623047,77.5,77.58999633789062,72.62003326416016,2800
2023-06-15,GLAXO,79.0,79.0,77.30000305175781,77.91000366210938,72.91954040527344,13300
2023-06-16,GLAXO,78.11000061035156,78.11000061035156,77.0,77.12999725341797,72.18950653076172,800
2023-06-19,GLAXO,77.5,77.5,76.0,76.02999877929688,71.15995788574219,4200
2023-06-20,GLAXO,76.25,76.25,75.5,75.61000061035156,70.7668685913086,6300
2023-06-21,GLAXO,75.0,77.38999938964844,74.01000213623047,74.25,69.49397277832031,17100
2023-06-22,GLAXO,77.0,77.0,75.0,75.0,70.19593811035156,1800
2023-06-23,GLAXO,74.0,76.0,71.01000213623047,72.20999908447266,67.58465576171875,18300
2023-06-26,GLAXO,74.4000015258789,74.4000015258789,73.19999694824219,74.12000274658203,69.37230682373047,2200
2023-06-27,GLAXO,75.51000213623047,75.63999938964844,74.5199966430664,75.37000274658203,70.54224395751953,10000
2023-06-28,GLAXO,75.37000274658203,75.37000274658203,75.37000274658203,75.37000274658203,70.54224395751953,0
2023-06-29,GLAXO,75.37000274658203,75.37000274658203,75.37000274658203,75.37000274658203,70.54224395751953,0
2023-06-30,GLAXO,75.37000274658203,75.37000274658203,75.37000274658203,75.37000274658203,70.54224395751953,0
2023-07-03,GLAXO,78.0,80.0,78.0,80.0,74.87567138671875,30000
2023-07-04,GLAXO,80.0999984741211,80.0999984741211,78.1500015258789,78.51000213623047,73.48110961914062,8500
2023-07-05,GLAXO,78.11000061035156,79.9800033569336,78.11000061035156,78.5,73.47174835205078,12500
2023-07-06,GLAXO,78.5,81.5,78.5,80.12000274658203,74.98799133300781,34000
2023-07-07,GLAXO,79.5,80.0,79.5,79.83000183105469,74.71656799316406,3500
2023-07-10,GLAXO,82.48999786376953,82.48999786376953,80.0,80.11000061035156,74.97862243652344,151000
2023-07-11,GLAXO,81.0,83.9000015258789,80.98999786376953,83.02999877929688,77.71158599853516,243000
2023-07-12,GLAXO,83.0,83.5,81.0,81.26000213623047,76.05496215820312,87500
2023-07-13,GLAXO,81.94999694824219,83.44999694824219,81.05999755859375,81.08999633789062,75.8958511352539,74000
2023-07-14,GLAXO,81.9000015258789,81.9000015258789,79.5999984741211,80.29000091552734,75.1470947265625,22000
2023-07-17,GLAXO,80.5,82.0,80.5,80.94000244140625,75.75545501708984,31500
2023-07-18,GLAXO,80.9800033569336,80.9800033569336,80.0,80.0,74.87567138671875,21000
2023-07-19,GLAXO,80.0,80.0,79.55000305175781,79.55000305175781,74.45449829101562,17500
2023-07-20,GLAXO,80.5,80.5,79.55000305175781,79.9800033569336,74.85694885253906,47500
2023-07-21,GLAXO,79.55000305175781,80.0,74.5999984741211,79.91000366210938,74.79144287109375,32500
2023-07-24,GLAXO,79.5,79.93000030517578,78.80000305175781,78.81999969482422,73.77124786376953,49000
2023-07-25,GLAXO,78.80000305175781,79.0,78.5999984741211,78.5999984741211,73.56534576416016,10000
2023-07-26,GLAXO,78.0199966430664,81.0,78.0,79.4000015258789,74.31410217285156,119000
2023-07-27,GLAXO,79.4000015258789,79.4000015258789,79.4000015258789,79.4000015258789,74.31410217285156,0
2023-07-28,GLAXO,79.4000015258789,79.4000015258789,79.4000015258789,79.4000015258789,74.31410217285156,0
2023-07-31,GLAXO,80.0,80.44999694824219,79.6500015258789,79.98999786376953,74.8663101196289,12000
2023-08-01,GLAXO,80.9000015258789,80.97000122070312,80.0,80.48999786376953,75.33428192138672,6500
2023-08-02,GLAXO,80.0,81.19999694824219,80.0,80.83000183105469,75.65250396728516,21000
2023-08-03,GLAXO,81.5,85.9000015258789,81.5,82.5199966430664,77.23424530029297,209500
2023-08-04,GLAXO,82.5199966430664,84.94999694824219,81.12000274658203,81.62999725341797,76.40125274658203,11000
2023-08-07,GLAXO,82.9000015258789,83.38999938964844,81.0999984741211,81.16000366210938,75.96137237548828,41000
2023-08-08,GLAXO,80.5,81.5,78.5999984741211,79.02999877929688,73.96780395507812,12000
2023-08-09,GLAXO,78.5,80.1500015258789,78.5,80.11000061035156,74.97862243652344,20000
2023-08-10,GLAXO,80.0,80.0,79.5,80.0,74.87567138671875,3000
2023-08-11,GLAXO,80.0,80.0,79.0,80.0,74.87567138671875,18000
2023-08-14,GLAXO,80.0,80.0,80.0,80.0,74.87567138671875,0
2023-08-15,GLAXO,80.0,80.75,80.0,80.25,75.10965728759766,44500
2023-08-16,GLAXO,78.51000213623047,79.01000213623047,78.25,79.0,73.9397201538086,9500
2023-08-17,GLAXO,78.69999694824219,79.73999786376953,77.98999786376953,78.12999725341797,73.12544250488281,27000
2023-08-18,GLAXO,78.5,79.0,77.12999725341797,77.30000305175781,72.34861755371094,42000
2023-08-21,GLAXO,78.0,78.0,75.0,75.05999755859375,70.25209045410156,51000
2023-08-22,GLAXO,73.80000305175781,74.94999694824219,71.01000213623047,72.11000061035156,67.49105072021484,78000
2023-08-23,GLAXO,72.66000366210938,72.94999694824219,71.01000213623047,71.4800033569336,66.90140533447266,24000
2023-08-24,GLAXO,72.0,73.0,71.5,72.54000091552734,67.89351654052734,22500
2023-08-25,GLAXO,71.55000305175781,72.5,71.5199966430664,72.5,67.8560791015625,32000
2023-08-28,GLAXO,73.87999725341797,73.87999725341797,71.5,71.9800033569336,67.369384765625,5000
2023-08-29,GLAXO,70.0,71.45999908447266,70.0,70.5,65.98417663574219,4000
2023-08-30,GLAXO,70.25,70.94999694824219,69.30000305175781,69.3499984741211,64.90785217285156,11500
2023-08-31,GLAXO,69.0,69.05000305175781,68.0,68.05999755859375,63.70047378540039,12500
2023-09-01,GLAXO,68.0,71.0,68.0,70.0,65.5162124633789,8000
2023-09-04,GLAXO,69.5,70.0,69.33999633789062,70.0,65.5162124633789,16000
2023-09-05,GLAXO,70.0,70.0,69.05999755859375,69.05999755859375,64.63642120361328,2000
2023-09-06,GLAXO,72.19999694824219,72.19999694824219,70.0,70.05000305175781,65.5630111694336,12500
2023-09-07,GLAXO,70.94000244140625,70.94000244140625,70.0,70.0,65.5162124633789,24000
2023-09-08,GLAXO,70.9800033569336,71.47000122070312,70.9800033569336,71.0,66.45215606689453,6500
2023-09-11,GLAXO,71.0,71.0,71.0,71.0,66.45215606689453,0
2023-09-12,GLAXO,70.0,70.0,69.20999908447266,69.20999908447266,64.77680969238281,7000
2023-09-13,GLAXO,70.5,70.75,70.5,70.75,66.2181625366211,2500
2023-09-14,GLAXO,70.75,70.75,70.75,70.75,66.2181625366211,0
2023-09-15,GLAXO,70.81999969482422,71.47000122070312,70.81999969482422,71.0,66.45215606689453,13000
2023-09-18,GLAXO,70.98999786376953,70.98999786376953,70.98999786376953,70.98999786376953,66.44279479980469,500
2023-09-19,GLAXO,71.4000015258789,72.69999694824219,71.4000015258789,72.43000030517578,67.79055786132812,18500
2023-09-20,GLAXO,73.98999786376953,73.98999786376953,71.5,71.5,66.92013549804688,14500
2023-09-21,GLAXO,71.98999786376953,72.0,71.5,71.5,66.92013549804688,28000
2023-09-22,GLAXO,71.0,72.5,69.20999908447266,72.0,67.38809967041016,29500
2023-09-25,GLAXO,72.0,72.0,71.1500015258789,71.5,66.92013549804688,30000
2023-09-26,GLAXO,71.0,71.80000305175781,71.0,71.5,66.92013549804688,21500
2023-09-27,GLAXO,71.1500015258789,72.86000061035156,71.12999725341797,72.16999816894531,67.5472183227539,45500
2023-09-28,GLAXO,72.16999816894531,72.16999816894531,72.16999816894531,72.16999816894531,67.5472183227539,0
2023-09-29,GLAXO,72.16999816894531,72.16999816894531,72.16999816894531,72.16999816894531,67.5472183227539,0
2023-10-02,GLAXO,72.94000244140625,72.94000244140625,71.55000305175781,72.01000213623047,67.3974609375,12000
2023-10-03,GLAXO,72.0,72.0,71.98999786376953,72.0,67.38809967041016,37500
2023-10-04,GLAXO,71.98999786376953,73.0,71.98999786376953,72.45999908447266,67.81864166259766,55000
2023-10-05,GLAXO,72.80000305175781,74.94000244140625,72.80000305175781,74.06999969482422,69.32550811767578,109500
2023-10-06,GLAXO,75.0,77.0199966430664,75.0,76.0,71.13188934326172,81000
2023-10-09,GLAXO,76.0,77.87999725341797,76.0,76.0,71.13188934326172,15000
2023-10-10,GLAXO,76.88999938964844,77.87999725341797,75.98999786376953,76.0,71.13188934326172,41000
2023-10-11,GLAXO,75.51000213623047,75.55999755859375,75.5,75.5,70.66390991210938,8000
2023-10-12,GLAXO,76.98999786376953,77.0,75.5,77.0,72.06782531738281,29000
2023-10-13,GLAXO,77.0,82.77999877929688,76.05000305175781,82.31999969482422,77.04705810546875,419000
2023-10-16,GLAXO,82.80000305175781,82.81999969482422,76.1500015258789,78.9000015258789,73.84613037109375,97500
2023-10-17,GLAXO,78.5,78.9000015258789,76.0,76.30000305175781,71.41266632080078,91500
2023-10-18,GLAXO,76.1500015258789,76.1500015258789,74.05000305175781,75.80000305175781,70.94469451904297,6000
2023-10-19,GLAXO,77.0,79.0,75.1500015258789,77.16000366210938,72.21758270263672,63000
2023-10-20,GLAXO,77.5,79.44999694824219,77.5,78.11000061035156,73.10672760009766,22500
2023-10-23,GLAXO,78.5,81.5,78.5,79.68000030517578,74.57616424560547,61000
2023-10-24,GLAXO,79.5,80.0,77.3499984741211,78.19999694824219,73.19095611572266,16500
2023-10-25,GLAXO,78.0,78.5,77.5999984741211,77.5999984741211,72.62939453125,9500
2023-10-26,GLAXO,77.06999969482422,77.69999694824219,77.0,77.0,72.06782531738281,19000
2023-10-27,GLAXO,76.01000213623047,76.44999694824219,75.0,75.51000213623047,70.67327117919922,13500
2023-10-30,GLAXO,75.5,76.75,75.0,76.19999694824219,71.31907653808594,11000
2023-10-31,GLAXO,76.5,76.75,74.0,75.0,70.19593811035156,27000
2023-11-01,GLAXO,75.9000015258789,76.9000015258789,75.6500015258789,76.11000061035156,71.2348403930664,24000
2023-11-02,GLAXO,77.0,77.0,75.4000015258789,76.12999725341797,71.2535629272461,16500
2023-11-03,GLAXO,77.0,81.48999786376953,76.05999755859375,80.94000244140625,75.75545501708984,243500
2023-11-06,GLAXO,81.75,82.75,80.5,80.87999725341797,75.69930267333984,112000
2023-11-07,GLAXO,80.5,80.9000015258789,80.0,80.19999694824219,75.06285858154297,31000
2023-11-08,GLAXO,80.0,81.0,80.0,80.47000122070312,75.31555938720703,35500
2023-11-09,GLAXO,80.47000122070312,80.47000122070312,80.47000122070312,80.47000122070312,75.31555938720703,0
2023-11-10,GLAXO,80.01000213623047,81.0,79.5999984741211,80.11000061035156,74.97862243652344,81000
2023-11-13,GLAXO,80.98999786376953,83.01000213623047,80.0,82.66000366210938,77.36528778076172,303000
2023-11-14,GLAXO,82.0,82.66000366210938,81.05000305175781,81.58999633789062,76.36381530761719,28500
2023-11-15,GLAXO,82.4000015258789,82.5,80.05000305175781,81.72000122070312,76.4854965209961,237500
2023-11-16,GLAXO,82.5,84.0,81.20999908447266,82.4800033569336,77.19681549072266,120500
2023-11-17,GLAXO,83.5,86.0,81.5,83.83000183105469,78.4603500366211,124000
2023-11-20,GLAXO,84.19999694824219,89.5,84.19999694824219,89.0,83.29917907714844,280000
2023-11-21,GLAXO,89.4000015258789,91.5,87.0999984741211,87.56999969482422,81.96077728271484,220500
2023-11-22,GLAXO,88.0,92.0,87.05000305175781,90.4000015258789,84.60951232910156,505500
2023-11-23,GLAXO,91.11000061035156,93.0,90.5999984741211,91.41000366210938,85.55481719970703,392000
2023-11-24,GLAXO,90.0999984741211,94.0,90.0999984741211,91.61000061035156,85.74200439453125,216000
2023-11-27,GLAXO,91.98999786376953,92.5,90.25,91.68000030517578,85.80751037597656,100500
2023-11-28,GLAXO,90.4000015258789,94.0,90.0,90.63999938964844,84.83413696289062,166000
2023-11-29,GLAXO,89.55000305175781,91.3499984741211,85.0,87.16000366210938,81.57704162597656,126500
2023-11-30,GLAXO,87.98999786376953,89.0,86.5999984741211,86.83000183105469,81.26817321777344,90500
2023-12-01,GLAXO,87.0,88.98999786376953,83.25,88.0,82.36323547363281,60000
2023-12-04,GLAXO,88.88999938964844,89.5,88.11000061035156,89.05999755859375,83.35533142089844,126000
2023-12-05,GLAXO,90.0,90.44000244140625,87.61000061035156,88.01000213623047,82.37258911132812,330000
2023-12-06,GLAXO,87.4000015258789,92.5999984741211,87.4000015258789,91.6500015258789,85.7794418334961,1362000
2023-12-07,GLAXO,93.0,95.72000122070312,91.05000305175781,94.33000183105469,88.28777313232422,952500
2023-12-08,GLAXO,97.5,97.5,95.0,95.44000244140625,89.32667541503906,413000
2023-12-11,GLAXO,95.0,95.98999786376953,92.86000061035156,93.30000305175781,87.3237533569336,140000
2023-12-12,GLAXO,93.0999984741211,94.5,92.5,92.8499984741211,86.9025650024414,215500
2023-12-13,GLAXO,93.98999786376953,93.98999786376953,89.0,89.9000015258789,84.14152526855469,333000
2023-12-14,GLAXO,89.0999984741211,90.44999694824219,88.11000061035156,89.16999816894531,83.45829010009766,69000
2023-12-15,GLAXO,89.16000366210938,90.5,88.5,89.08999633789062,83.38341522216797,98500
2023-12-18,GLAXO,90.0,90.0,88.01000213623047,88.13999938964844,82.49427032470703,139000
2023-12-19,GLAXO,86.1500015258789,86.98999786376953,82.62000274658203,84.54000091552734,79.12486267089844,244000
2023-12-20,GLAXO,84.5,85.75,81.80000305175781,83.72000122070312,78.35738372802734,52000
2023-12-21,GLAXO,85.5999984741211,85.5999984741211,83.25,84.83000183105469,79.39629364013672,29000
2023-12-22,GLAXO,84.75,85.9000015258789,82.5,82.66999816894531,77.37464141845703,71000
2023-12-25,GLAXO,82.66999816894531,82.66999816894531,82.66999816894531,82.66999816894531,77.37464141845703,0
2023-12-26,GLAXO,81.16000366210938,81.16000366210938,76.55999755859375,77.19999694824219,72.25501251220703,135000
2023-12-27,GLAXO,75.01000213623047,79.95999908447266,75.01000213623047,79.38999938964844,74.30474090576172,54000
2023-12-28,GLAXO,80.1500015258789,82.5,79.75,81.97000122070312,76.71949005126953,85500
2023-12-29,GLAXO,81.97000122070312,85.44999694824219,81.0,82.98999786376953,77.67414855957031,96500
2024-01-01,GLAXO,82.98999786376953,86.0,82.98999786376953,85.0199966430664,79.57410430908203,77000
2024-01-02,GLAXO,85.0,85.0,83.9000015258789,84.4000015258789,78.99382781982422,26000
2024-01-03,GLAXO,83.26000213623047,86.0,83.26000213623047,83.9800033569336,78.6007308959961,120500
2024-01-04,GLAXO,83.5,84.0,83.0,83.2300033569336,77.8987808227539,34000
2024-01-05,GLAXO,83.51000213623047,85.8499984741211,82.98999786376953,83.69999694824219,78.33866882324219,150000
2024-01-08,GLAXO,83.11000061035156,84.0999984741211,81.0,82.0999984741211,76.84115600585938,62000
2024-01-09,GLAXO,82.94999694824219,82.94999694824219,81.44999694824219,82.16000366210938,76.89730834960938,30500
2024-01-10,GLAXO,82.0,82.87999725341797,82.0,82.52999877929688,77.24360656738281,48000
2024-01-11,GLAXO,82.12000274658203,82.51000213623047,82.12000274658203,82.12000274658203,76.85987091064453,19000
2024-01-12,GLAXO,83.51000213623047,83.69999694824219,82.48999786376953,83.19999694824219,77.87069702148438,191500
2024-01-15,GLAXO,81.1500015258789,84.37999725341797,81.1500015258789,82.5,77.21553039550781,12500
2024-01-16,GLAXO,82.5,82.5,82.5,82.5,77.21553039550781,0
2024-01-17,GLAXO,81.5,82.0,81.5,81.9800033569336,76.72885131835938,30000
2024-01-18,GLAXO,80.5999984741211,81.95999908447266,79.79000091552734,80.01000213623047,74.88502502441406,134500
2024-01-19,GLAXO,81.69999694824219,81.75,80.0,80.13999938964844,75.00669860839844,40000
2024-01-22,GLAXO,80.0,80.0,79.5199966430664,79.94000244140625,74.81951141357422,40000
2024-01-23,GLAXO,80.80000305175781,80.9000015258789,79.1500015258789,79.58000183105469,74.48257446289062,22000
2024-01-24,GLAXO,80.01000213623047,81.0,79.80000305175781,79.80000305175781,74.6884765625,34500
2024-01-25,GLAXO,79.80000305175781,79.80000305175781,79.5,79.5999984741211,74.50128936767578,9500
2024-01-26,GLAXO,79.5,79.98999786376953,79.0,79.61000061035156,74.51065063476562,6500
2024-01-29,GLAXO,78.05000305175781,79.5,78.05000305175781,79.13999938964844,74.07074737548828,6500
2024-01-30,GLAXO,78.69999694824219,79.5,77.6500015258789,77.80999755859375,72.82594299316406,33000
2024-01-31,GLAXO,77.0,78.6500015258789,77.0,78.4800033569336,73.45303344726562,13000
2024-02-01,GLAXO,78.5,79.5,78.5,79.18000030517578,74.10818481445312,6000
2024-02-02,GLAXO,78.3499984741211,83.48999786376953,78.3499984741211,82.48999786376953,77.20616912841797,92000
2024-02-06,GLAXO,80.52999877929688,82.54000091552734,80.52999877929688,81.9000015258789,76.65396118164062,42500
2024-02-07,GLAXO,82.8499984741211,82.88999938964844,81.0,82.0,76.74755859375,218000
2024-02-08,GLAXO,82.0,82.0,82.0,82.0,76.74755859375,0
2024-02-09,GLAXO,81.0,83.0,80.0,82.4800033569336,77.19681549072266,53000
2024-02-12,GLAXO,80.05999755859375,80.05999755859375,79.4000015258789,79.4000015258789,74.31410217285156,8500
2024-02-13,GLAXO,78.25,79.94000244140625,78.25,79.26000213623047,74.18306732177734,109500
2024-02-14,GLAXO,81.94999694824219,81.94999694824219,79.7699966430664,79.98999786376953,74.8663101196289,25000
2024-02-15,GLAXO,80.0,80.5,79.0,79.02999877929688,73.96780395507812,10500
2024-02-16,GLAXO,78.16000366210938,79.0,78.0,78.4000015258789,73.37815856933594,22500
2024-02-19,GLAXO,79.88999938964844,79.88999938964844,77.0,79.0,73.9397201538086,11000
2024-02-20,GLAXO,80.98999786376953,84.93000030517578,80.98999786376953,84.93000030517578,79.48987579345703,1229500
2024-02-21,GLAXO,91.30000305175781,91.30000305175781,91.30000305175781,91.30000305175781,85.45185852050781,776000
2024-02-22,GLAXO,94.5,94.9800033569336,86.0,86.7300033569336,81.17459106445312,366500
2024-02-23,GLAXO,87.94999694824219,89.0,86.5,87.94000244140625,82.30708312988281,137000
2024-02-26,GLAXO,86.51000213623047,89.48999786376953,86.51000213623047,88.44999694824219,82.78440856933594,60000
2024-02-27,GLAXO,86.58999633789062,88.5,86.58999633789062,87.29000091552734,81.69871520996094,15500
2024-02-28,GLAXO,87.01000213623047,87.69999694824219,85.98999786376953,85.98999786376953,80.48197937011719,11000
2024-02-29,GLAXO,87.94000244140625,87.94999694824219,86.5,86.7300033569336,81.17459106445312,9500
2024-03-01,GLAXO,86.69999694824219,87.55000305175781,85.1500015258789,86.9800033569336,81.40857696533203,43500
2024-03-04,GLAXO,87.48999786376953,88.5,87.05000305175781,87.30000305175781,81.70807647705078,29000
2024-03-05,GLAXO,87.30000305175781,87.30000305175781,85.0,86.0,80.49134826660156,19500
2024-03-06,GLAXO,87.0,87.30000305175781,87.0,87.0,81.42728424072266,19000
2024-03-07,GLAXO,85.25,86.80000305175781,85.25,86.80000305175781,81.24009704589844,7000
2024-03-08,GLAXO,86.5,86.98999786376953,86.5,86.98999786376953,81.41793060302734,1000
2024-03-11,GLAXO,87.5,90.5,86.4000015258789,86.8499984741211,81.28689575195312,133500
2024-03-12,GLAXO,86.5,87.4000015258789,86.0,86.0,80.49134826660156,10000
2024-03-13,GLAXO,86.0,86.01000213623047,81.25,83.05000305175781,77.73030090332031,20000
2024-03-14,GLAXO,85.44999694824219,85.5,83.0,85.05999755859375,79.6115493774414,57000
2024-03-15,GLAXO,85.0,85.94999694824219,84.30000305175781,84.30000305175781,78.90023040771484,6000
2024-03-18,GLAXO,85.9800033569336,85.9800033569336,84.6500015258789,84.94000244140625,79.49923706054688,7000
2024-03-19,GLAXO,86.0,86.0,84.9000015258789,84.97000122070312,79.5273208618164,15500
2024-03-20,GLAXO,84.5999984741211,85.94000244140625,84.5999984741211,85.1500015258789,79.69578552246094,8500
2024-03-21,GLAXO,85.0,86.0,84.1500015258789,84.44999694824219,79.0406265258789,14000
2024-03-22,GLAXO,84.5,85.75,83.69999694824219,84.1500015258789,78.75984954833984,20500
2024-03-26,GLAXO,84.98999786376953,84.98999786376953,83.0,83.23999786376953,77.90813446044922,19500
2024-03-27,GLAXO,82.30000305175781,85.0,82.20999908447266,84.43000030517578,79.02191162109375,20500
2024-03-28,GLAXO,83.5,87.0,81.0999984741211,85.68000030517578,80.19184875488281,46500
2024-03-29,GLAXO,83.75,86.0,83.75,84.81999969482422,79.38692474365234,42000
2024-04-01,GLAXO,85.8499984741211,85.8499984741211,82.0999984741211,84.25,78.85343933105469,21000
2024-04-02,GLAXO,84.5,84.5,84.5,84.5,79.0874252319336,500
2024-04-03,GLAXO,83.4000015258789,83.8499984741211,82.8499984741211,83.04000091552734,77.72093963623047,44500
2024-04-04,GLAXO,89.2699966430664,89.2699966430664,85.55000305175781,89.2699966430664,83.5518798828125,284500
2024-04-08,GLAXO,91.9000015258789,93.80000305175781,87.5,92.7300033569336,86.7902603149414,620000
2024-04-09,GLAXO,93.98999786376953,95.0,90.0999984741211,94.0,87.97891235351562,413000
2024-04-15,GLAXO,93.5,94.0,91.05999755859375,92.77999877929688,86.8370590209961,69000
2024-04-16,GLAXO,93.0,93.75,90.25,90.52999877929688,84.73117065429688,122500
2024-04-17,GLAXO,92.83999633789062,92.9000015258789,91.0,91.83000183105469,85.94791412353516,128000
2024-04-18,GLAXO,91.0,92.25,90.5,91.33999633789062,85.48928833007812,78500
2024-04-19,GLAXO,93.4000015258789,93.4000015258789,90.0999984741211,91.5,85.63904571533203,28000
2024-04-22,GLAXO,91.01000213623047,98.36000061035156,90.0,98.36000061035156,92.05963134765625,308000
2024-04-23,GLAXO,100.0,104.0,98.0199966430664,98.88999938964844,92.5556869506836,581500
2024-04-24,GLAXO,99.0,100.25,96.5999984741211,97.3499984741211,91.11432647705078,118000
2024-04-25,GLAXO,97.5,100.75,96.5,98.0199966430664,91.74141693115234,260500
2024-04-26,GLAXO,98.4800033569336,102.0,98.0,100.4000015258789,93.96896362304688,280000
2024-04-29,GLAXO,100.98999786376953,102.75,99.0,99.2300033569336,92.87391662597656,122500
2024-04-30,GLAXO,98.0,103.94999694824219,96.0,99.68000030517578,93.29508209228516,406500
2024-05-02,GLAXO,101.0,102.9000015258789,97.1500015258789,98.08000183105469,91.79756927490234,163000
2024-05-03,GLAXO,97.30999755859375,101.80000305175781,97.30999755859375,100.11000061035156,93.69754028320312,226500
2024-05-06,GLAXO,100.55000305175781,107.62000274658203,100.5,107.62000274658203,100.72649383544922,252000
2024-05-07,GLAXO,109.0,115.69000244140625,107.4000015258789,115.69000244140625,108.27957916259766,532000
2024-05-08,GLAXO,122.0,124.37000274658203,117.01000213623047,123.88999938964844,115.95433044433594,904500
2024-05-09,GLAXO,124.75,133.17999267578125,124.75,133.17999267578125,124.64925384521484,387500
2024-05-10,GLAXO,136.0,141.0,131.0,133.00999450683594,124.49015808105469,433000
2024-05-13,GLAXO,137.0,141.5,131.2100067138672,137.1999969482422,128.41175842285156,380500
2024-05-14,GLAXO,135.66000366210938,140.0,134.75999450683594,135.27999877929688,126.61474609375,135000
2024-05-15,GLAXO,137.0,137.5,128.9499969482422,131.75999450683594,123.32022094726562,160500
2024-05-16,GLAXO,133.3300018310547,137.0,132.0500030517578,135.85000610351562,127.14824676513672,219500
2024-05-17,GLAXO,136.25,138.1999969482422,135.0,137.25999450683594,128.46792602539062,138000
2024-05-20,GLAXO,140.89999389648438,140.89999389648438,134.0,135.44000244140625,126.76449584960938,58000
2024-05-21,GLAXO,134.60000610351562,139.49000549316406,134.60000610351562,138.1199951171875,129.27284240722656,121000
2024-05-22,GLAXO,138.0,138.8000030517578,134.0,135.33999633789062,126.67091369628906,49000
2024-05-23,GLAXO,133.0500030517578,134.99000549316406,132.24000549316406,133.4600067138672,124.91134643554688,44500
2024-05-24,GLAXO,133.5,136.0,133.0,133.1999969482422,124.66797637939453,43000
2024-05-27,GLAXO,131.27999877929688,133.7899932861328,129.0,132.10000610351562,123.63845825195312,64802
2024-05-28,GLAXO,132.10000610351562,132.10000610351562,132.10000610351562,132.10000610351562,123.63845825195312,0
2024-05-29,GLAXO,131.27999877929688,132.89999389648438,128.0,129.0500030517578,120.7838134765625,39390
2024-05-30,GLAXO,128.50999450683594,130.97999572753906,126.01000213623047,126.8499984741211,118.7247314453125,50734
2024-05-31,GLAXO,127.94999694824219,129.94000244140625,124.30999755859375,126.05000305175781,117.97598266601562,72936
2024-06-03,GLAXO,124.05999755859375,127.0,123.01000213623047,123.9800033569336,116.03856658935547,38823
2024-06-04,GLAXO,123.0,124.94999694824219,120.0,121.01000213623047,113.2588119506836,49702
2024-06-05,GLAXO,120.0,124.0,119.0,121.2300033569336,113.46471405029297,54940
2024-06-06,GLAXO,122.94999694824219,124.0,121.5,123.12999725341797,115.24300384521484,47959
2024-06-07,GLAXO,121.5,131.0,118.0,129.13999938964844,120.8680419921875,226791
2024-06-10,GLAXO,129.13999938964844,131.6999969482422,128.02000427246094,130.88999938964844,122.50595092773438,52589
2024-06-11,GLAXO,131.39999389648438,132.99000549316406,125.19999694824219,128.22999572753906,120.0163345336914,33072
2024-06-12,GLAXO,132.5,132.5,126.76000213623047,130.00999450683594,121.68231964111328,66708
2024-06-13,GLAXO,133.0,141.05999755859375,133.0,141.05999755859375,132.02452087402344,612047
2024-06-14,GLAXO,145.99000549316406,145.99000549316406,138.10000610351562,140.24000549316406,131.25704956054688,238703
2024-06-20,GLAXO,139.3000030517578,142.6999969482422,139.0500030517578,141.67999267578125,132.60479736328125,96306
2024-06-21,GLAXO,141.67999267578125,143.5,136.38999938964844,140.02000427246094,131.0511474609375,63867
2024-06-24,GLAXO,136.60000610351562,139.99000549316406,136.60000610351562,139.50999450683594,130.57379150390625,95306
2024-06-25,GLAXO,137.0,139.5399932861328,136.0,139.50999450683594,130.57379150390625,75817
2024-06-26,GLAXO,138.97999572753906,139.50999450683594,137.14999389648438,139.50999450683594,130.57379150390625,110398
2024-06-27,GLAXO,138.63999938964844,145.5,138.02000427246094,141.6999969482422,132.62351989746094,35449
2024-06-28,GLAXO,141.99000549316406,146.0,139.0,143.83999633789062,134.62644958496094,70214
2024-07-01,GLAXO,143.0,144.0,141.05999755859375,142.3800048828125,133.25997924804688,8524
2024-07-02,GLAXO,142.0,146.0,141.16000366210938,144.66000366210938,135.39393615722656,56066
2024-07-03,GLAXO,144.6699981689453,147.0,143.10000610351562,144.00999450683594,134.7855682373047,19941
2024-07-04,GLAXO,146.0,151.0,142.0,145.66000366210938,136.3298797607422,187650
2024-07-05,GLAXO,143.5,146.97999572753906,142.0,145.49000549316406,136.17076110839844,43123
2024-07-08,GLAXO,150.0,150.0,141.47999572753906,145.86000061035156,136.51705932617188,5915
2024-07-09,GLAXO,146.0,146.97999572753906,143.30999755859375,145.00999450683594,135.72149658203125,364045
2024-07-10,GLAXO,145.00999450683594,149.89999389648438,145.0,146.69000244140625,137.2938995361328,484285
2024-07-11,GLAXO,144.0,148.0,144.0,147.69000244140625,138.2298583984375,33074
2024-07-12,GLAXO,149.39999389648438,149.39999389648438,139.1999969482422,145.92999267578125,136.58258056640625,10026
2024-07-15,GLAXO,147.39999389648438,149.99000549316406,145.0,145.3300018310547,136.02101135253906,22111
2024-07-16,GLAXO,145.3300018310547,145.3300018310547,145.3300018310547,145.3300018310547,136.02101135253906,0
2024-07-17,GLAXO,145.3300018310547,145.3300018310547,145.3300018310547,145.3300018310547,136.02101135253906,0
2024-07-18,GLAXO,146.9499969482422,146.99000549316406,143.75,144.4600067138672,135.2067413330078,48853
2024-07-19,GLAXO,145.0,145.85000610351562,140.10000610351562,140.6999969482422,131.6875762939453,38387
2024-07-22,GLAXO,142.89999389648438,142.89999389648438,137.5500030517578,137.72999572753906,128.90780639648438,9018
2024-07-23,GLAXO,137.00999450683594,140.5,130.25,137.02000427246094,128.24331665039062,80234
2024-07-24,GLAXO,138.49000549316406,138.5,136.0,138.00999450683594,129.16989135742188,15841
2024-07-25,GLAXO,138.0,140.5,136.0,136.69000244140625,127.93443298339844,7515
2024-07-26,GLAXO,143.9499969482422,143.9499969482422,137.0,137.5500030517578,128.73934936523438,15385
2024-07-29,GLAXO,139.0,139.0,137.0,138.97000122070312,130.06838989257812,11480
2024-07-30,GLAXO,140.0,141.0,136.0500030517578,136.82000732421875,128.0561065673828,32108
2024-07-31,GLAXO,139.0,139.0,133.97999572753906,134.27999877929688,125.6788101196289,2801
2024-08-01,GLAXO,139.75,139.75,132.0,134.00999450683594,125.42610168457031,62764
2024-08-02,GLAXO,135.0,137.9499969482422,132.22999572753906,136.0500030517578,127.3354263305664,23111
2024-08-05,GLAXO,138.99000549316406,138.99000549316406,134.0,134.1699981689453,125.57585144042969,15297
2024-08-06,GLAXO,135.99000549316406,137.0,135.0,136.64999389648438,127.8969955444336,15705
2024-08-07,GLAXO,138.0,141.0,132.0,136.0,127.28863525390625,71503
2024-08-08,GLAXO,136.0,139.7899932861328,136.0,137.0,128.22459411621094,48473
2024-08-09,GLAXO,139.0,139.0,135.0,136.99000549316406,128.21522521972656,56017
2024-08-12,GLAXO,140.89999389648438,140.89999389648438,135.0,135.27000427246094,126.60540008544922,52804
2024-08-13,GLAXO,137.8000030517578,138.0,133.0,137.3800048828125,128.58023071289062,53025
2024-08-15,GLAXO,137.3800048828125,141.0,137.0,137.32000732421875,128.5240936279297,60325
2024-08-16,GLAXO,138.92999267578125,138.92999267578125,135.0,135.22999572753906,126.56795501708984,37177
2024-08-19,GLAXO,134.0,138.85000610351562,134.0,136.0,127.28863525390625,44142
2024-08-20,GLAXO,125.5999984741211,138.0,125.5999984741211,136.0,127.28863525390625,35903
2024-08-21,GLAXO,136.0,136.5,135.0,135.2100067138672,126.54924774169922,56717
2024-08-22,GLAXO,135.1999969482422,138.0,135.14999389648438,137.00999450683594,128.2339324951172,175669
2024-08-23,GLAXO,139.89999389648438,150.7100067138672,139.0,150.7100067138672,141.05641174316406,13104334
2024-08-26,GLAXO,155.0,165.77999877929688,155.0,165.77999877929688,155.16110229492188,2098208
2024-08-27,GLAXO,167.97000122070312,167.97000122070312,155.25,156.77999877929688,146.7375946044922,952121
2024-08-28,GLAXO,155.0,161.0,154.99000549316406,158.50999450683594,148.3567657470703,413529
2024-08-29,GLAXO,158.50999450683594,163.89999389648438,156.8000030517578,159.00999450683594,148.82473754882812,513046
2024-08-30,GLAXO,159.00999450683594,160.5,156.0,158.25,148.11343383789062,135216
2024-09-02,GLAXO,159.99000549316406,160.19000244140625,155.14999389648438,155.94000244140625,145.95140075683594,35153
2024-09-03,GLAXO,154.0,158.85000610351562,153.8000030517578,155.75,145.77357482910156,96201
2024-09-04,GLAXO,155.75,162.0500030517578,155.75,160.4499969482422,150.17250061035156,236064
2024-09-05,GLAXO,163.99000549316406,163.99000549316406,159.5,160.5800018310547,150.294189453125,95280
2024-09-06,GLAXO,162.19000244140625,164.5,161.0500030517578,163.3800048828125,152.9148406982422,164921
2024-09-09,GLAXO,164.47999572753906,179.72000122070312,163.3800048828125,174.25,163.08856201171875,843581
2024-09-10,GLAXO,174.3000030517578,177.47000122070312,168.50999450683594,176.0800018310547,164.8013458251953,279130
2024-09-11,GLAXO,178.0,178.0,171.5,173.10000610351562,162.01222229003906,89999
2024-09-12,GLAXO,175.0,176.94000244140625,172.0,174.2899932861328,163.12599182128906,169420
2024-09-13,GLAXO,175.5,177.94000244140625,169.6999969482422,170.0399932861328,159.14820861816406,131156
2024-09-16,GLAXO,170.0,173.0,168.0,172.07000732421875,161.04820251464844,64014
2024-09-17,GLAXO,172.07000732421875,172.07000732421875,172.07000732421875,172.07000732421875,161.04820251464844,0
2024-09-18,GLAXO,172.07000732421875,174.0,170.0,171.5,160.51470947265625,56865
2024-09-19,GLAXO,170.10000610351562,179.39999389648438,169.0,173.60000610351562,162.48019409179688,381147
2024-09-20,GLAXO,175.47000122070312,182.4499969482422,171.0,179.50999450683594,168.01162719726562,547544
2024-09-23,GLAXO,179.5,185.0,179.5,182.4199981689453,170.73524475097656,195181
2024-09-24,GLAXO,184.88999938964844,190.0,182.0,189.5800018310547,177.4365997314453,299448
2024-09-25,GLAXO,190.00999450683594,206.0,190.00999450683594,203.6999969482422,190.6521759033203,1079677
2024-09-26,GLAXO,210.0,210.0,190.0,193.8300018310547,181.41439819335938,532111
2024-09-27,GLAXO,195.00999450683594,207.6999969482422,195.0,197.6300048828125,184.9709930419922,385867
2024-09-30,GLAXO,199.99000549316406,202.89999389648438,191.00999450683594,192.33999633789062,180.0198211669922,102983
2024-10-01,GLAXO,192.35000610351562,198.39999389648438,188.0,197.5800018310547,184.92417907714844,119953
2024-10-02,GLAXO,197.0,205.5,195.0,196.9600067138672,184.34390258789062,190147
2024-10-03,GLAXO,199.97999572753906,202.0,195.0,195.6199951171875,183.0897216796875,62627
2024-10-04,GLAXO,197.0,202.89999389648438,196.0,196.86000061035156,184.25030517578125,186883
2024-10-07,GLAXO,197.0,203.47000122070312,195.0,200.72000122070312,187.86305236816406,231070
2024-10-08,GLAXO,201.0,207.0,200.00999450683594,200.92999267578125,188.05958557128906,542740
2024-10-09,GLAXO,200.92999267578125,200.92999267578125,200.92999267578125,200.92999267578125,188.05958557128906,0
2024-10-10,GLAXO,207.5,211.89999389648438,206.0,210.41000366210938,196.932373046875,523314
2024-10-11,GLAXO,211.5,215.0,207.89999389648438,213.4199981689453,199.7495574951172,432422
2024-10-14,GLAXO,213.4499969482422,218.97999572753906,210.10000610351562,215.5399932861328,201.73374938964844,347207
2024-10-15,GLAXO,217.99000549316406,217.99000549316406,208.0,210.58999633789062,197.100830078125,283946
2024-10-16,GLAXO,210.0,219.99000549316406,208.5,218.8000030517578,204.7849578857422,434481
2024-10-17,GLAXO,218.8800048828125,219.0,211.5,212.2100067138672,198.61708068847656,146871
2024-10-18,GLAXO,214.0,215.0,208.14999389648438,210.35000610351562,196.87623596191406,165879
2024-10-21,GLAXO,210.36000061035156,215.0,209.52000427246094,211.19000244140625,197.66241455078125,114387
2024-10-22,GLAXO,211.22000122070312,216.55999755859375,211.0,212.88999938964844,199.25350952148438,165423
2024-10-23,GLAXO,213.0,216.97000122070312,211.0,212.63999938964844,199.01951599121094,249886
2024-10-24,GLAXO,211.02000427246094,221.0,211.02000427246094,219.27000427246094,205.224853515625,850197
2024-10-25,GLAXO,219.5,226.0,210.00999450683594,212.77000427246094,199.14120483398438,497719
2024-10-28,GLAXO,212.39999389648438,234.0500030517578,211.0,234.0500030517578,219.05812072753906,766195
2024-10-29,GLAXO,257.4599914550781,257.4599914550781,248.0,257.4599914550781,240.96861267089844,1660271
2024-10-30,GLAXO,268.0,274.989990234375,261.1000061035156,269.760009765625,252.4807586669922,822283
2024-10-31,GLAXO,270.1499938964844,274.1000061035156,248.00999450683594,259.7699890136719,243.13064575195312,613869
2024-11-01,GLAXO,262.9800109863281,284.739990234375,262.9800109863281,279.19000244140625,261.3067321777344,833629
2024-11-04,GLAXO,281.0,298.5899963378906,280.010009765625,291.510009765625,272.83758544921875,880722
2024-11-05,GLAXO,302.989990234375,304.8999938964844,284.0,291.3399963378906,272.678466796875,937297
2024-11-06,GLAXO,291.3599853515625,293.5,278.1099853515625,280.1600036621094,262.214599609375,509867
2024-11-07,GLAXO,283.75,289.20001220703125,277.1000061035156,284.82000732421875,266.57611083984375,336085
2024-11-08,GLAXO,285.0,287.3999938964844,282.0,286.1600036621094,267.8302917480469,232415
2024-11-11,GLAXO,286.1600036621094,314.7799987792969,286.0,314.7799987792969,294.6170349121094,1668800
2024-11-12,GLAXO,321.0,346.260009765625,307.5,323.6499938964844,302.9188537597656,2546497
2024-11-13,GLAXO,324.989990234375,345.0,315.6000061035156,324.3399963378906,303.5646667480469,976391
2024-11-14,GLAXO,325.1600036621094,331.8500061035156,314.0,316.70001220703125,296.4140625,693461
2024-11-15,GLAXO,317.0,326.0,299.1000061035156,303.3999938964844,283.9659729003906,511171
2024-11-18,GLAXO,305.0,313.07000732421875,305.0,305.94000244140625,286.34326171875,259062
2024-11-19,GLAXO,308.0,329.25,308.0,325.4200134277344,304.57550048828125,990349
2024-11-20,GLAXO,330.0,340.0,317.55999755859375,321.25,300.6725769042969,1047451
2024-11-21,GLAXO,324.20001220703125,353.3800048828125,318.0,353.3800048828125,330.7445373535156,954936
2024-11-22,GLAXO,360.1000061035156,382.0,345.010009765625,357.739990234375,334.8252258300781,1891203
2024-11-25,GLAXO,360.0,372.0,352.25,366.1600036621094,342.7059326171875,1225068
2024-11-26,GLAXO,364.9800109863281,364.9800109863281,329.5400085449219,330.489990234375,309.32073974609375,1158303
2024-11-27,GLAXO,352.5,363.5400085449219,341.0,358.05999755859375,335.1247863769531,1120956
2024-11-28,GLAXO,364.0,368.8900146484375,355.0,362.739990234375,339.5049743652344,952340
2024-11-29,GLAXO,365.0,368.8999938964844,361.5,365.0799865722656,341.6950988769531,752097
2024-12-02,GLAXO,366.2699890136719,380.0,365.0,373.95001220703125,349.9969482421875,833221
2024-12-03,GLAXO,377.0,397.0,368.5,384.1700134277344,359.5623474121094,883904
2024-12-04,GLAXO,386.45001220703125,410.0,382.30999755859375,392.6499938964844,367.4991149902344,1305652
2024-12-05,GLAXO,393.0,404.989990234375,379.70001220703125,386.2099914550781,361.47161865234375,1418075
2024-12-06,GLAXO,390.0,392.5,378.0,380.739990234375,356.3520202636719,579027
2024-12-09,GLAXO,383.5,385.79998779296875,366.010009765625,376.7099914550781,352.5801696777344,644773
2024-12-10,GLAXO,377.0,401.0,374.0,380.6499938964844,356.26776123046875,970773
2024-12-11,GLAXO,386.989990234375,393.8800048828125,381.79998779296875,391.32000732421875,366.25433349609375,420951
2024-12-12,GLAXO,392.0,425.0,392.0,421.32000732421875,394.3327331542969,1182620
2024-12-13,GLAXO,424.8500061035156,444.0,410.0,419.8800048828125,392.98492431640625,596237
2024-12-16,GLAXO,422.0,435.69000244140625,412.0,416.9700012207031,390.2613525390625,599342
2024-12-17,GLAXO,420.0,421.0,395.0,399.6300048828125,374.0320739746094,404274
2024-12-18,GLAXO,395.0,410.0,383.0199890136719,388.5299987792969,363.6430358886719,317525
2024-12-19,GLAXO,388.5299987792969,396.0,360.0,378.6600036621094,354.4052429199219,386844
2024-12-20,GLAXO,378.0,399.0,375.0,383.0299987792969,358.4953308105469,341164
2024-12-23,GLAXO,394.0,419.0,380.1099853515625,411.2300109863281,384.8890380859375,417735
2024-12-24,GLAXO,417.0,417.0,398.0,399.9700012207031,374.3502502441406,177041
2024-12-26,GLAXO,400.010009765625,400.010009765625,371.04998779296875,377.2799987792969,353.1136474609375,542853
2024-12-27,GLAXO,385.0,388.0,372.17999267578125,380.9200134277344,356.5205078125,177519
2024-12-30,GLAXO,381.0899963378906,408.0,381.0199890136719,402.7900085449219,376.9896240234375,357383
2024-12-31,GLAXO,402.80999755859375,407.4800109863281,391.20001220703125,396.9100036621094,371.48626708984375,125436
2025-01-01,GLAXO,396.9100036621094,396.9100036621094,396.9100036621094,396.9100036621094,371.48626708984375,0
2025-01-02,GLAXO,409.8800048828125,417.0,401.010009765625,404.010009765625,378.1315002441406,140962
2025-01-03,GLAXO,404.0,408.0,391.2799987792969,395.2699890136719,369.9513244628906,97031
2025-01-06,GLAXO,398.9800109863281,407.0,391.0,393.3999938964844,368.20111083984375,134684
2025-01-07,GLAXO,380.010009765625,397.9800109863281,379.0199890136719,387.0899963378906,362.2952575683594,252025
2025-01-08,GLAXO,390.989990234375,394.94000244140625,376.0,376.5400085449219,352.42108154296875,143189
2025-01-09,GLAXO,375.510009765625,383.0,372.0,373.6400146484375,349.7068176269531,97570
2025-01-10,GLAXO,379.70001220703125,379.70001220703125,360.5,364.8599853515625,341.4891662597656,97790
2025-01-13,GLAXO,370.0,372.75,364.0299987792969,365.7799987792969,342.35028076171875,156941
2025-01-14,GLAXO,367.0,390.0,365.0,387.95001220703125,363.1001892089844,336837
2025-01-15,GLAXO,392.0,424.0,382.3999938964844,407.6300048828125,381.51959228515625,2419896
2025-01-16,GLAXO,407.6300048828125,414.0,392.3999938964844,401.4599914550781,375.74481201171875,394767
2025-01-17,GLAXO,402.0,413.0,394.0,407.55999755859375,381.4541015625,624735
2025-01-20,GLAXO,409.0,426.989990234375,405.0,416.3299865722656,389.662353515625,1048195
2025-01-21,GLAXO,418.8999938964844,418.8999938964844,403.0,407.1199951171875,381.0422668457031,153915
2025-01-22,GLAXO,409.0,409.0,396.0,399.80999755859375,374.20050048828125,264983
2025-01-23,GLAXO,399.0199890136719,423.0,397.0,410.55999755859375,384.2619323730469,727237
2025-01-24,GLAXO,412.8999938964844,418.0,405.0,415.6400146484375,389.0165710449219,728871
2025-01-27,GLAXO,420.0,421.0,410.0,413.30999755859375,386.83575439453125,125720
2025-01-28,GLAXO,414.0,427.0,411.0,416.8699951171875,390.1677551269531,614327
2025-01-29,GLAXO,416.79998779296875,417.95001220703125,410.0,411.4599914550781,385.104248046875,199948
2025-01-30,GLAXO,413.3900146484375,416.0,409.9800109863281,414.1300048828125,387.603271484375,109793
2025-01-31,GLAXO,416.9800109863281,419.0,411.1000061035156,412.6600036621094,386.2274169921875,201632
2025-02-03,GLAXO,416.0,416.9700012207031,402.0,404.5400085449219,378.6275329589844,112406
2025-02-04,GLAXO,404.54998779296875,409.95001220703125,394.0,396.2900085449219,370.9059753417969,335027
2025-02-06,GLAXO,396.29998779296875,410.0,394.0,407.7099914550781,381.594482421875,299901
2025-02-07,GLAXO,409.989990234375,409.989990234375,397.0,399.8699951171875,374.25665283203125,117103
2025-02-10,GLAXO,400.0,403.9800109863281,397.0,402.010009765625,376.2596130371094,73647
2025-02-11,GLAXO,403.5,407.0,401.20001220703125,402.4200134277344,376.6433410644531,211281
2025-02-12,GLAXO,403.8900146484375,405.0,397.7699890136719,400.45001220703125,374.7995300292969,93361
2025-02-13,GLAXO,399.0,404.25,396.1099853515625,397.4599914550781,372.00103759765625,119103
2025-02-14,GLAXO,401.0,402.0,389.8999938964844,390.3999938964844,365.39324951171875,129994
2025-02-17,GLAXO,395.0,395.0,385.54998779296875,386.8299865722656,362.0519104003906,124620
2025-02-18,GLAXO,388.0,411.0,385.0,406.55999755859375,380.5181579589844,352536
2025-02-19,GLAXO,408.0,412.5,406.0,408.1099853515625,381.9688415527344,256846
2025-02-20,GLAXO,406.0,411.0,398.0,399.6700134277344,374.0694885253906,285034
2025-02-21,GLAXO,400.010009765625,403.0,396.010009765625,400.0,374.3783264160156,138860
2025-02-24,GLAXO,400.0,400.75,392.0,399.30999755859375,373.7325439453125,188220
2025-02-25,GLAXO,403.010009765625,406.989990234375,398.0,399.2200012207031,373.6482849121094,214741
2025-02-26,GLAXO,404.0,404.0,394.0,394.95001220703125,369.6518249511719,29043
2025-02-27,GLAXO,396.9599914550781,400.0,388.0,390.0,365.0188903808594,140823
2025-02-28,GLAXO,394.7300109863281,401.0,388.0,394.94000244140625,369.6424865722656,156836
2025-03-03,GLAXO,399.0,399.0,388.0,393.6700134277344,368.4538269042969,40287
2025-03-04,GLAXO,395.0,402.0,393.0,399.79998779296875,374.1911315917969,70513
2025-03-05,GLAXO,397.0,399.9800109863281,388.0,390.80999755859375,365.7769775390625,108629
2025-03-06,GLAXO,394.8500061035156,395.0,389.05999755859375,392.1700134277344,367.0498962402344,29684
2025-03-07,GLAXO,398.3999938964844,398.3999938964844,391.1499938964844,394.80999755859375,369.520751953125,26621
2025-03-10,GLAXO,396.82000732421875,398.0,392.0,393.07000732421875,367.8922424316406,43718
2025-03-11,GLAXO,394.0,394.0,388.0,389.6199951171875,364.6632080078125,86542
2025-03-12,GLAXO,391.0,407.0,390.0,393.510009765625,368.3040771484375,383859
2025-03-13,GLAXO,394.8999938964844,398.5,391.010009765625,392.7799987792969,367.62078857421875,82897
2025-03-14,GLAXO,397.82000732421875,402.0,389.989990234375,394.2099914550781,368.959228515625,303573
2025-03-17,GLAXO,396.989990234375,402.0,392.0,395.9100036621094,370.55035400390625,315316
2025-03-18,GLAXO,399.0,400.0,387.0,395.29998779296875,369.9793701171875,239266
2025-03-19,GLAXO,396.0,412.489990234375,395.29998779296875,409.25,383.0358581542969,666366
2025-03-20,GLAXO,410.010009765625,420.0,408.0,412.0799865722656,385.6845703125,400498
2025-03-21,GLAXO,413.7900085449219,415.0,406.0,408.1000061035156,381.95947265625,79422
2025-03-24,GLAXO,409.010009765625,419.5,401.0,411.6199951171875,385.2539978027344,606885
2025-03-25,GLAXO,414.9800109863281,432.0,412.5,417.1499938964844,390.4298095703125,1024744
2025-03-26,GLAXO,424.8500061035156,426.0,416.0,417.67999267578125,390.9258728027344,264000
2025-03-27,GLAXO,418.0,424.0,417.67999267578125,418.42999267578125,391.6278076171875,146294
2025-03-28,GLAXO,418.42999267578125,418.42999267578125,418.42999267578125,418.42999267578125,391.6278076171875,0
2025-03-31,GLAXO,418.42999267578125,418.42999267578125,418.42999267578125,418.42999267578125,391.6278076171875,0
2025-04-03,GLAXO,421.95001220703125,424.0,418.0,418.6000061035156,391.78692626953125,441227
2025-04-04,GLAXO,418.6000061035156,422.989990234375,415.0,416.1600036621094,389.50323486328125,275970
2025-04-07,GLAXO,411.0,414.5,380.5,403.0,377.1861877441406,371150
2025-04-08,GLAXO,407.95001220703125,411.989990234375,404.0,409.0799865722656,382.8767395019531,205034
2025-04-09,GLAXO,400.1000061035156,409.0,391.2200012207031,404.3699951171875,378.46844482421875,156341
2025-04-10,GLAXO,415.0,418.0,406.0,416.30999755859375,389.64361572265625,666044
2025-04-11,GLAXO,415.0,457.94000244140625,410.010009765625,445.8800048828125,417.31951904296875,4316470
2025-04-14,GLAXO,451.989990234375,481.0,450.0,468.3999938964844,438.39703369140625,1578220
2025-04-15,GLAXO,469.0,470.0,452.510009765625,455.2300109863281,426.07061767578125,485719
2025-04-16,GLAXO,457.29998779296875,460.0,437.5,445.1400146484375,416.6269226074219,935796
2025-04-17,GLAXO,447.8500061035156,459.0,440.5,455.8699951171875,426.66961669921875,700732
2025-04-18,GLAXO,453.989990234375,458.0,436.0,440.0199890136719,421.0715026855469,555736
2025-04-21,GLAXO,440.0199890136719,461.92999267578125,435.0,457.3699951171875,437.6744079589844,1102080
2025-04-22,GLAXO,459.95001220703125,475.0,459.0,467.1199951171875,447.0045471191406,1738858
2025-04-23,GLAXO,467.2200012207031,469.8999938964844,453.0,455.260009765625,435.6552734375,875607
2025-04-24,GLAXO,449.9800109863281,452.0,436.0,444.4599914550781,425.3203430175781,509583
2025-04-25,GLAXO,444.3999938964844,458.239990234375,400.0199890136719,409.57000732421875,391.93280029296875,1961536
2025-04-28,GLAXO,414.0,416.0,381.20001220703125,382.45001220703125,365.9806823730469,1148051
2025-04-29,GLAXO,380.0,388.9800109863281,375.010009765625,380.1199951171875,363.7510070800781,843493
2025-04-30,GLAXO,379.0,379.0,362.0,366.760009765625,350.96630859375,567675
2025-05-02,GLAXO,373.0,382.989990234375,371.1000061035156,372.2900085449219,356.2582092285156,338604
2025-05-05,GLAXO,373.010009765625,378.0,369.0,369.17999267578125,353.2820739746094,187694
2025-05-06,GLAXO,370.20001220703125,374.8500061035156,359.0,365.0199890136719,349.3012390136719,244668
2025-05-07,GLAXO,332.010009765625,366.0,332.010009765625,349.8299865722656,334.7653503417969,656632
2025-05-08,GLAXO,363.8999938964844,363.8999938964844,314.8500061035156,316.5899963378906,302.9567565917969,892605
2025-05-09,GLAXO,318.0,333.95001220703125,301.0,327.1000061035156,313.0141906738281,374601
2025-05-12,GLAXO,359.80999755859375,359.80999755859375,359.80999755859375,359.80999755859375,344.3155822753906,214724
2025-05-13,GLAXO,380.0,380.0,354.5,375.6300048828125,359.4543762207031,1491667
2025-05-14,GLAXO,378.0,378.0,366.0,369.1199951171875,353.22467041015625,588318
2025-05-15,GLAXO,370.0,377.92999267578125,368.20001220703125,371.5899963378906,355.58831787109375,293045
2025-05-16,GLAXO,374.5,390.0,372.0,379.0899963378906,362.7653503417969,795137
2025-05-19,GLAXO,381.0,382.0,373.0,376.6600036621094,360.44000244140625,239013
2025-05-20,GLAXO,378.0,378.0,372.44000244140625,374.6700134277344,358.53570556640625,109051
2025-05-21,GLAXO,375.6000061035156,384.0,375.6000061035156,381.92999267578125,365.4830322265625,309789
2025-05-22,GLAXO,382.5,399.8900146484375,381.5,383.7099914550781,367.1864013671875,715019
2025-05-23,GLAXO,383.0,397.0,382.5,390.4200134277344,373.6074523925781,297573
2025-05-26,GLAXO,390.4200134277344,398.0,382.0,391.1700134277344,374.3251647949219,197722
2025-05-27,GLAXO,390.0,394.3999938964844,384.8399963378906,385.67999267578125,369.0715637207031,316147
2025-05-28,GLAXO,385.67999267578125,385.67999267578125,385.67999267578125,385.67999267578125,369.0715637207031,0
2025-05-29,GLAXO,386.0299987792969,388.0,380.010009765625,380.45001220703125,364.0668029785156,361141
2025-05-30,GLAXO,380.0,385.0,377.0,378.80999755859375,362.4974060058594,162241
2025-06-02,GLAXO,379.489990234375,382.9700012207031,372.0,372.32000732421875,356.2868957519531,305114
2025-06-03,GLAXO,373.32000732421875,379.0,368.0,377.80999755859375,361.54046630859375,887825
2025-06-04,GLAXO,379.8999938964844,386.8999938964844,376.5,377.6499938964844,361.3873596191406,646914
2025-06-05,GLAXO,380.0,385.0,375.29998779296875,377.5,361.2438049316406,315711
2025-06-06,GLAXO,377.5,377.5,377.5,377.5,361.2438049316406,0
2025-06-09,GLAXO,377.5,377.5,377.5,377.5,361.2438049316406,0
2025-06-10,GLAXO,380.0,392.9200134277344,379.0,391.0,374.1624450683594,643322
2025-06-11,GLAXO,409.70001220703125,409.70001220703125,396.1700134277344,400.05999755859375,382.8323059082031,668374
2025-06-12,GLAXO,400.1000061035156,404.9800109863281,391.010009765625,392.75,375.8371276855469,403073
2025-06-13,GLAXO,384.010009765625,389.95001220703125,381.0,384.32000732421875,367.7701416015625,230485
2025-06-16,GLAXO,384.32000732421875,384.32000732421875,384.32000732421875,384.32000732421875,367.7701416015625,0
2025-06-17,GLAXO,385.0,388.0,380.6000061035156,382.3900146484375,365.9232482910156,147442
2025-06-18,GLAXO,380.0,380.0,373.010009765625,374.6499938964844,358.51654052734375,127355
2025-06-19,GLAXO,375.0299987792969,380.0,362.5799865722656,365.9200134277344,350.1625061035156,188240
2025-06-20,GLAXO,367.0299987792969,372.0,361.30999755859375,363.1400146484375,347.502197265625,237703
2025-06-23,GLAXO,358.0,362.9800109863281,333.3399963378906,343.1099853515625,328.334716796875,306127
2025-06-24,GLAXO,364.8800048828125,377.0,358.0,370.82000732421875,354.85150146484375,429503
2025-06-25,GLAXO,374.0,374.0,366.0,367.05999755859375,351.2533874511719,166292
2025-06-26,GLAXO,368.8500061035156,380.0,365.5,378.54998779296875,362.24859619140625,406928
2025-06-27,GLAXO,380.0,392.1499938964844,375.010009765625,390.3999938964844,373.58831787109375,397292
2025-06-30,GLAXO,394.0,400.0,388.0,390.7200012207031,373.89453125,241241
2025-07-01,GLAXO,391.0,393.0,387.70001220703125,388.989990234375,372.239013671875,175931
2025-07-02,GLAXO,390.010009765625,399.0,388.0,390.92999267578125,374.0954895019531,508839
2025-07-03,GLAXO,391.0,393.0,386.2699890136719,390.92999267578125,374.0954895019531,233326
2025-07-04,GLAXO,394.989990234375,400.0,388.0,399.0199890136719,381.83709716796875,802541
2025-07-07,GLAXO,400.0,411.0,399.1000061035156,407.5799865722656,390.0284729003906,1064235
2025-07-08,GLAXO,407.0,407.0,401.0,401.8399963378906,384.5356750488281,353904
2025-07-09,GLAXO,400.5,403.0,395.0,397.4599914550781,380.3442687988281,212252
2025-07-10,GLAXO,398.989990234375,401.0,395.0,395.9800109863281,378.92803955078125,92558
2025-07-11,GLAXO,397.0,399.5,392.20001220703125,394.1400146484375,377.1672668457031,93284
2025-07-14,GLAXO,394.0,395.5,390.0,390.42999267578125,373.6170349121094,171405
2025-07-15,GLAXO,388.510009765625,398.92999267578125,388.0,390.2699890136719,373.4638977050781,540126
2025-07-16,GLAXO,390.0,395.3999938964844,388.1099853515625,393.5,376.5548095703125,559490
2025-07-17,GLAXO,394.05999755859375,401.0,393.5,396.3299865722656,379.262939453125,263415
2025-07-18,GLAXO,398.94000244140625,399.79998779296875,389.0,392.42999267578125,375.5308837890625,206151
2025-07-21,GLAXO,392.6499938964844,400.0,390.0199890136719,398.010009765625,380.8706359863281,372333
2025-07-22,GLAXO,396.989990234375,402.79998779296875,390.0,390.67999267578125,373.85626220703125,485765
2025-07-23,GLAXO,392.0,395.0,390.0,391.9100036621094,375.0332946777344,201502
2025-07-24,GLAXO,394.79998779296875,397.0,390.239990234375,390.8800048828125,374.0476379394531,233038
2025-07-25,GLAXO,390.8800048828125,395.95001220703125,390.8800048828125,393.94000244140625,376.97589111328125,151788
2025-07-28,GLAXO,394.8999938964844,422.79998779296875,391.0,411.7900085449219,394.0572204589844,1503922
2025-07-29,GLAXO,417.0,429.0,417.0,421.6600036621094,403.502197265625,1741425
2025-07-30,GLAXO,423.5,444.8900146484375,422.010009765625,429.6199951171875,411.119384765625,1693619
2025-07-31,GLAXO,434.0,436.0,422.0,423.9200134277344,405.66485595703125,421560
2025-08-01,GLAXO,425.0,429.45001220703125,415.0,416.7900085449219,398.8418884277344,227614
2025-08-04,GLAXO,424.9700012207031,428.0,417.5,421.9700012207031,403.798828125,363480
2025-08-05,GLAXO,423.0,426.010009765625,417.8500061035156,418.6199951171875,400.59307861328125,357302
2025-08-06,GLAXO,418.6199951171875,423.0,415.0,419.6700134277344,401.5978698730469,307450
2025-08-07,GLAXO,421.0,439.70001220703125,420.04998779296875,430.7699890136719,412.2198486328125,703480
2025-08-08,GLAXO,435.0,436.0,424.0,425.6000061035156,407.2724914550781,323116
2025-08-11,GLAXO,420.0,433.5799865722656,420.0,429.6499938964844,411.1481018066406,208301
2025-08-12,GLAXO,430.0,437.8999938964844,426.1300048828125,427.6199951171875,409.20550537109375,246682
2025-08-13,GLAXO,428.0,430.0,417.5,423.2300109863281,405.00457763671875,848325
2025-08-15,GLAXO,424.8999938964844,427.0,419.0,422.0799865722656,403.9040832519531,301068
2025-08-18,GLAXO,424.8999938964844,440.54998779296875,422.0,431.2699890136719,412.6983337402344,1122071
2025-08-19,GLAXO,430.04998779296875,436.5,428.0,429.5400085449219,411.0428466796875,484889
2025-08-20,GLAXO,432.0,437.45001220703125,428.0,429.2799987792969,410.7940368652344,669570
2025-08-21,GLAXO,432.0,432.1000061035156,422.0,425.2099914550781,406.8992919921875,502478
2025-08-22,GLAXO,425.2099914550781,436.0,422.0,423.79998779296875,405.5500183105469,676321
2025-08-25,GLAXO,424.0,427.9800109863281,416.0,420.0799865722656,401.9902038574219,401048
2025-08-26,GLAXO,420.0899963378906,432.0,400.0199890136719,405.5899963378906,388.12420654296875,2411687
2025-08-27,GLAXO,405.0,410.0,396.6000061035156,397.70001220703125,380.573974609375,517244
2025-08-28,GLAXO,395.0,405.0,394.0,403.0299987792969,385.6744384765625,675528
2025-08-29,GLAXO,407.7900085449219,412.0,404.69000244140625,409.3999938964844,391.7701110839844,572188
2025-09-01,GLAXO,410.0,410.0,405.0,407.739990234375,390.18157958984375,236023
2025-09-02,GLAXO,408.0,409.79998779296875,405.0,406.82000732421875,389.3012390136719,226181
2025-09-03,GLAXO,409.0,417.5,408.0,414.760009765625,396.8992919921875,575001
2025-09-04,GLAXO,416.0,417.79998779296875,409.0,414.80999755859375,396.9471435546875,392922
2025-09-05,GLAXO,414.0,414.4800109863281,405.0,407.7900085449219,394.9905700683594,160260
2025-09-08,GLAXO,407.7900085449219,409.9700012207031,403.0,406.0400085449219,393.2955017089844,358408
2025-09-09,GLAXO,406.0,407.44000244140625,400.0,406.1300048828125,393.3826599121094,423376
2025-09-10,GLAXO,405.8999938964844,407.8999938964844,403.0,404.8699951171875,392.1622009277344,402246
2025-09-11,GLAXO,405.0,420.0,403.0,408.4200134277344,395.6007995605469,693466
2025-09-12,GLAXO,410.0,421.5,408.4200134277344,413.2900085449219,400.31793212890625,707575
2025-09-15,GLAXO,418.0,418.0,409.0,411.5799865722656,398.6615905761719,82352
2025-09-16,GLAXO,410.010009765625,417.79998779296875,410.010009765625,412.3599853515625,399.4171142578125,117021
2025-09-17,GLAXO,416.0,417.0,410.6499938964844,411.9100036621094,398.98126220703125,167030
2025-09-18,GLAXO,413.0,416.0,410.80999755859375,415.5400085449219,402.497314453125,200914
2025-09-19,GLAXO,416.0,417.0,414.0199890136719,415.9700012207031,402.913818359375,124332
2025-09-22,GLAXO,420.0,455.0,420.0,449.29998779296875,435.1976623535156,2668922
2025-09-23,GLAXO,449.29998779296875,449.29998779296875,449.29998779296875,449.29998779296875,435.1976623535156,0
2025-09-24,GLAXO,452.0,452.0,444.5,445.79998779296875,431.8075256347656,292405
2025-09-25,GLAXO,446.0,455.0,442.0,449.7699890136719,435.6529235839844,403220
2025-09-26,GLAXO,450.0,455.0,445.54998779296875,451.19000244140625,437.0283508300781,341103
2025-09-29,GLAXO,455.0,455.0,446.010009765625,451.79998779296875,437.61920166015625,314688
2025-09-30,GLAXO,447.29998779296875,451.0,445.510009765625,446.489990234375,432.4758605957031,183500
2025-10-01,GLAXO,449.989990234375,455.0,447.0,449.489990234375,435.3817138671875,225893
2025-10-02,GLAXO,454.8999938964844,454.8999938964844,447.0,448.8999938964844,434.8102111816406,130729
2025-10-03,GLAXO,447.010009765625,449.6000061035156,440.5,443.4599914550781,429.54095458984375,169018
2025-10-06,GLAXO,411.0,445.0,411.0,438.5299987792969,424.7657165527344,239214
2025-10-07,GLAXO,438.5299987792969,438.5299987792969,438.5299987792969,438.5299987792969,424.7657165527344,0
2025-10-08,GLAXO,439.5799865722656,439.5799865722656,432.0,433.1499938964844,419.5545654296875,181988
2025-10-09,GLAXO,434.0,439.989990234375,428.0,430.0199890136719,416.5227966308594,70791
2025-10-10,GLAXO,432.010009765625,439.0,425.1000061035156,429.989990234375,416.4937438964844,260421
2025-10-13,GLAXO,425.010009765625,429.9599914550781,410.0,411.9800109863281,399.049072265625,268442
2025-10-14,GLAXO,429.0,429.0,420.010009765625,423.5799865722656,410.2849426269531,358758
2025-10-15,GLAXO,425.0,427.989990234375,420.0,421.4700012207031,408.2411804199219,128231
2025-10-16,GLAXO,422.010009765625,441.0,420.0,430.1099853515625,416.6099853515625,234459
2025-10-17,GLAXO,430.0,430.0,423.5,428.32000732421875,414.8761901855469,103061
2025-10-20,GLAXO,428.3299865722656,428.3299865722656,422.0,423.739990234375,410.4399108886719,137866
2025-10-21,GLAXO,426.0,427.489990234375,418.0400085449219,419.30999755859375,406.14898681640625,129981
2025-10-22,GLAXO,427.0,427.0,418.0,419.29998779296875,406.1392822265625,71241
2025-10-23,GLAXO,423.0,423.0,413.0,417.9200134277344,404.8026123046875,184347
2025-10-24,GLAXO,418.94000244140625,421.0,398.0,398.7300109863281,386.2149353027344,588417
2025-10-27,GLAXO,399.0,402.989990234375,387.010009765625,399.70001220703125,387.1545104980469,377502
2025-10-28,GLAXO,402.5,402.5,394.0,396.95001220703125,384.4908142089844,142610
2025-10-29,GLAXO,394.0,400.0,391.010009765625,396.95001220703125,384.4908142089844,204535
2025-10-30,GLAXO,398.0,400.0,388.0199890136719,393.9700012207031,381.6043395996094,97708
2025-10-31,GLAXO,400.0,400.0,397.6000061035156,398.7200012207031,386.2052307128906,86499
2025-11-03,GLAXO,400.0,403.0,398.0,400.30999755859375,387.7453308105469,75054
2025-11-04,GLAXO,403.0,403.0,395.0,396.20001220703125,383.76434326171875,62272
2025-11-05,GLAXO,395.0,397.0199890136719,390.0,390.8299865722656,378.5628662109375,97473
2025-11-06,GLAXO,391.0,393.7900085449219,386.0,388.6499938964844,376.4512939453125,78051
2025-11-07,GLAXO,389.0,399.3999938964844,387.1300048828125,398.3800048828125,385.87591552734375,227011
2025-11-10,GLAXO,398.239990234375,410.0,398.239990234375,402.6300048828125,389.9925231933594,265155
2025-11-11,GLAXO,402.29998779296875,402.29998779296875,393.0,395.239990234375,382.83447265625,95991
2025-11-12,GLAXO,395.0,398.5,393.0,394.6000061035156,382.2145690917969,26709
2025-11-13,GLAXO,395.510009765625,398.0,393.0,394.010009765625,381.6430969238281,64401
2025-11-14,GLAXO,394.010009765625,397.0,392.0,393.75,381.3912353515625,95209
2025-11-17,GLAXO,398.8999938964844,398.8999938964844,388.0,390.1400146484375,377.8945617675781,111563
2025-11-18,GLAXO,393.95001220703125,393.95001220703125,387.0,388.260009765625,376.0735778808594,133925
2025-11-19,GLAXO,389.989990234375,391.9800109863281,388.0,389.0799865722656,376.8677978515625,57624
2025-11-20,GLAXO,390.0,395.0,388.0899963378906,392.20001220703125,379.889892578125,144786
2025-11-21,GLAXO,394.0,394.0,389.05999755859375,389.5299987792969,377.3036804199219,110285
2025-11-24,GLAXO,377.0,390.0,377.0,386.3299865722656,374.2041320800781,68275
2025-11-25,GLAXO,389.0,390.0,381.0,386.1199951171875,374.000732421875,236729
2025-11-26,GLAXO,388.8999938964844,388.8999938964844,382.0,386.0400085449219,373.9232482910156,101391
2025-11-27,GLAXO,387.0,391.8299865722656,385.0199890136719,388.6199951171875,376.4222412109375,75472
2025-11-28,GLAXO,390.0,404.989990234375,387.0,399.4800109863281,386.94140625,316141
2025-12-01,GLAXO,404.989990234375,407.9700012207031,398.0,399.44000244140625,386.90264892578125,216295
2025-12-02,GLAXO,399.44000244140625,401.4800109863281,395.0,395.489990234375,383.0766296386719,79195
2025-12-03,GLAXO,395.5299987792969,397.32000732421875,392.8999938964844,394.5400085449219,382.1564636230469,32421
2025-12-04,GLAXO,395.0299987792969,397.0,392.5,393.010009765625,380.6744689941406,42639
2025-12-05,GLAXO,397.0,398.0,391.0,394.1300048828125,381.7593078613281,69064
2025-12-08,GLAXO,394.1400146484375,399.0,389.94000244140625,390.5299987792969,378.2723083496094,159056
2025-12-09,GLAXO,392.0,394.989990234375,390.010009765625,391.6700134277344,379.37652587890625,102321
2025-12-10,GLAXO,391.6700134277344,393.9800109863281,389.0,389.94000244140625,377.7008361816406,171228
2025-12-11,GLAXO,389.0,392.8900146484375,389.0,390.4700012207031,378.2142028808594,52069
2025-12-12,GLAXO,392.95001220703125,394.239990234375,389.5,390.5,378.2432556152344,104159
2025-12-15,GLAXO,391.0,393.0,388.5299987792969,390.4200134277344,378.165771484375,110172
2025-12-16,GLAXO,391.6300048828125,392.5,385.0,386.2900085449219,374.1654052734375,165339
2025-12-17,GLAXO,389.20001220703125,389.489990234375,382.5,383.80999755859375,371.7632141113281,240133
2025-12-18,GLAXO,383.80999755859375,386.8999938964844,383.1099853515625,384.7699890136719,372.6930847167969,114345
2025-12-19,GLAXO,385.0299987792969,386.0,384.5,385.20001220703125,373.109619140625,51452
2025-12-22,GLAXO,385.32000732421875,388.0,384.010009765625,386.82000732421875,374.67877197265625,351988
2025-12-23,GLAXO,387.0,395.0,385.0,385.1300048828125,373.04180908203125,585007
2025-12-24,GLAXO,387.5199890136719,387.5199890136719,383.54998779296875,384.5299987792969,372.46063232421875,341919
2025-12-26,GLAXO,383.0,389.9700012207031,383.0,387.8900146484375,375.7151794433594,140170
2025-12-29,GLAXO,387.8500061035156,390.0,385.29998779296875,387.3500061035156,375.192138671875,84788
2025-12-30,GLAXO,385.3500061035156,389.9800109863281,385.3500061035156,387.25,375.0952453613281,154767
2025-12-31,GLAXO,386.989990234375,391.0,385.260009765625,389.7799987792969,377.54583740234375,114674
