Date,Symbol,Open,High,Low,Close,Adj Close,Volume
2015-01-01,JSBL,7.199999809265137,7.199999809265137,7.150000095367432,7.150000095367432,7.150000095367432,124000
2015-01-02,JSBL,7.099999904632568,7.190000057220459,7.0,7.019999980926514,7.019999980926514,1131500
2015-01-05,JSBL,6.71999979019165,7.179999828338623,6.71999979019165,7.0,7.0,989500
2015-01-06,JSBL,7.150000095367432,7.360000133514404,7.010000228881836,7.050000190734863,7.050000190734863,598000
2015-01-07,JSBL,6.949999809265137,7.5,6.949999809265137,7.380000114440918,7.380000114440918,2355000
2015-01-08,JSBL,7.440000057220459,7.820000171661377,7.440000057220459,7.590000152587891,7.590000152587891,3359500
2015-01-09,JSBL,7.679999828338623,7.889999866485596,7.570000171661377,7.670000076293945,7.670000076293945,2958500
2015-01-12,JSBL,7.71999979019165,7.809999942779541,7.550000190734863,7.570000171661377,7.570000171661377,495000
2015-01-13,JSBL,7.599999904632568,7.599999904632568,7.199999809265137,7.269999980926514,7.269999980926514,398500
2015-01-14,JSBL,7.25,7.480000019073486,7.25,7.360000133514404,7.360000133514404,878500
2015-01-15,JSBL,7.360000133514404,7.429999828338623,7.099999904632568,7.309999942779541,7.309999942779541,2324500
2015-01-16,JSBL,7.429999828338623,7.699999809265137,7.309999942779541,7.400000095367432,7.400000095367432,1352000
2015-01-19,JSBL,7.480000019073486,7.550000190734863,7.360000133514404,7.46999979019165,7.46999979019165,562500
2015-01-20,JSBL,7.389999866485596,7.489999771118164,7.25,7.260000228881836,7.260000228881836,388500
2015-01-21,JSBL,7.300000190734863,7.550000190734863,7.25,7.369999885559082,7.369999885559082,802000
2015-01-22,JSBL,7.300000190734863,7.559999942779541,7.25,7.489999771118164,7.489999771118164,1235500
2015-01-23,JSBL,7.480000019073486,7.699999809265137,7.449999809265137,7.519999980926514,7.519999980926514,2090000
2015-01-26,JSBL,7.489999771118164,8.100000381469727,7.400000095367432,7.809999942779541,7.809999942779541,4161500
2015-01-27,JSBL,7.940000057220459,7.989999771118164,7.650000095367432,7.710000038146973,7.710000038146973,1670000
2015-01-28,JSBL,7.889999866485596,7.980000019073486,7.690000057220459,7.880000114440918,7.880000114440918,967500
2015-01-29,JSBL,7.96999979019165,8.0,7.699999809265137,7.730000019073486,7.730000019073486,962500
2015-01-30,JSBL,7.900000095367432,7.900000095367432,7.650000095367432,7.739999771118164,7.739999771118164,689000
2015-02-02,JSBL,7.800000190734863,7.900000095367432,7.619999885559082,7.690000057220459,7.690000057220459,812000
2015-02-03,JSBL,7.699999809265137,7.699999809265137,7.550000190734863,7.619999885559082,7.619999885559082,174500
2015-02-04,JSBL,7.599999904632568,7.840000152587891,7.5,7.579999923706055,7.579999923706055,1528000
2015-02-05,JSBL,7.579999923706055,7.579999923706055,7.579999923706055,7.579999923706055,7.579999923706055,0
2015-02-06,JSBL,7.699999809265137,7.699999809265137,7.5,7.599999904632568,7.599999904632568,209500
2015-02-09,JSBL,7.699999809265137,7.800000190734863,7.5,7.550000190734863,7.550000190734863,894000
2015-02-10,JSBL,7.550000190734863,7.650000095367432,7.300000190734863,7.309999942779541,7.309999942779541,600000
2015-02-11,JSBL,7.309999942779541,7.489999771118164,7.300000190734863,7.400000095367432,7.400000095367432,585000
2015-02-12,JSBL,7.320000171661377,7.320000171661377,7.199999809265137,7.28000020980835,7.28000020980835,562000
2015-02-13,JSBL,7.449999809265137,7.579999923706055,7.400000095367432,7.510000228881836,7.510000228881836,549500
2015-02-16,JSBL,7.269999980926514,7.5,7.260000228881836,7.429999828338623,7.429999828338623,592500
2015-02-17,JSBL,7.409999847412109,7.550000190734863,7.199999809265137,7.260000228881836,7.260000228881836,446500
2015-02-18,JSBL,7.289999961853027,7.340000152587891,7.199999809265137,7.239999771118164,7.239999771118164,240500
2015-02-19,JSBL,7.150000095367432,7.400000095367432,7.150000095367432,7.389999866485596,7.389999866485596,1112000
2015-02-20,JSBL,7.449999809265137,7.5,7.300000190734863,7.449999809265137,7.449999809265137,1462500
2015-02-23,JSBL,7.489999771118164,8.09000015258789,7.489999771118164,7.849999904632568,7.849999904632568,2343500
2015-02-24,JSBL,7.900000095367432,8.0,7.510000228881836,7.590000152587891,7.590000152587891,2223500
2015-02-25,JSBL,7.869999885559082,7.869999885559082,7.46999979019165,7.570000171661377,7.570000171661377,1555000
2015-02-26,JSBL,7.409999847412109,7.550000190734863,7.400000095367432,7.420000076293945,7.420000076293945,384500
2015-02-27,JSBL,7.300000190734863,7.400000095367432,7.050000190734863,7.090000152587891,7.090000152587891,1124500
2015-03-02,JSBL,7.199999809265137,7.21999979019165,7.010000228881836,7.03000020980835,7.03000020980835,634000
2015-03-03,JSBL,7.0,7.159999847412109,6.900000095367432,7.099999904632568,7.099999904632568,989000
2015-03-04,JSBL,7.050000190734863,7.349999904632568,7.010000228881836,7.230000019073486,7.230000019073486,466000
2015-03-05,JSBL,7.199999809265137,7.25,7.010000228881836,7.019999980926514,7.019999980926514,348500
2015-03-06,JSBL,7.019999980926514,7.25,6.800000190734863,7.090000152587891,7.090000152587891,1339500
2015-03-09,JSBL,7.110000133514404,7.199999809265137,7.010000228881836,7.099999904632568,7.099999904632568,109000
2015-03-10,JSBL,7.010000228881836,7.199999809265137,7.0,7.0,7.0,429000
2015-03-11,JSBL,6.760000228881836,7.059999942779541,6.75,6.949999809265137,6.949999809265137,667500
2015-03-12,JSBL,6.920000076293945,7.0,6.849999904632568,6.900000095367432,6.900000095367432,147000
2015-03-13,JSBL,7.0,7.199999809265137,7.0,7.110000133514404,7.110000133514404,400500
2015-03-16,JSBL,6.869999885559082,7.099999904632568,6.869999885559082,7.0,7.0,234000
2015-03-17,JSBL,7.050000190734863,7.099999904632568,7.0,7.0,7.0,355000
2015-03-18,JSBL,6.900000095367432,7.0,6.309999942779541,6.880000114440918,6.880000114440918,316500
2015-03-19,JSBL,6.650000095367432,6.889999866485596,6.53000020980835,6.579999923706055,6.579999923706055,311500
2015-03-20,JSBL,6.699999809265137,6.800000190734863,6.610000133514404,6.650000095367432,6.650000095367432,173500
2015-03-23,JSBL,6.650000095367432,6.650000095367432,6.650000095367432,6.650000095367432,6.650000095367432,0
2015-03-24,JSBL,6.739999771118164,6.739999771118164,6.519999980926514,6.519999980926514,6.519999980926514,613500
2015-03-25,JSBL,6.78000020980835,6.880000114440918,6.099999904632568,6.139999866485596,6.139999866485596,505500
2015-03-26,JSBL,6.199999809265137,6.25,5.75,6.0,6.0,1126500
2015-03-27,JSBL,6.050000190734863,6.300000190734863,5.869999885559082,5.960000038146973,5.960000038146973,561500
2015-03-30,JSBL,6.929999828338623,6.960000038146973,5.130000114440918,5.71999979019165,5.71999979019165,780000
2015-03-31,JSBL,6.0,6.650000095367432,6.0,6.420000076293945,6.420000076293945,999000
2015-04-01,JSBL,6.159999847412109,6.570000171661377,6.159999847412109,6.260000228881836,6.260000228881836,408000
2015-04-02,JSBL,6.489999771118164,6.550000190734863,6.320000171661377,6.5,6.5,2505500
2015-04-03,JSBL,6.730000019073486,6.75,6.460000038146973,6.519999980926514,6.519999980926514,1803000
2015-04-06,JSBL,6.599999904632568,6.75,6.5,6.710000038146973,6.710000038146973,389000
2015-04-07,JSBL,6.769999980926514,6.829999923706055,6.460000038146973,6.5,6.5,3654000
2015-04-08,JSBL,6.599999904632568,6.75,6.5,6.650000095367432,6.650000095367432,2879500
2015-04-09,JSBL,6.730000019073486,6.889999866485596,6.599999904632568,6.760000228881836,6.760000228881836,598000
2015-04-10,JSBL,6.849999904632568,6.849999904632568,6.699999809265137,6.789999961853027,6.789999961853027,1279000
2015-04-13,JSBL,6.739999771118164,7.0,6.739999771118164,6.880000114440918,6.880000114440918,1568000
2015-04-14,JSBL,6.699999809265137,6.900000095367432,6.699999809265137,6.769999980926514,6.769999980926514,463500
2015-04-15,JSBL,6.949999809265137,7.0,6.650000095367432,6.650000095367432,6.650000095367432,1533500
2015-04-16,JSBL,6.75,7.349999904632568,6.75,7.210000038146973,7.210000038146973,4858500
2015-04-17,JSBL,7.400000095367432,7.400000095367432,6.949999809265137,7.010000228881836,7.010000228881836,2084000
2015-04-20,JSBL,7.199999809265137,7.440000057220459,7.019999980926514,7.199999809265137,7.199999809265137,7648000
2015-04-21,JSBL,7.150000095367432,7.400000095367432,7.099999904632568,7.119999885559082,7.119999885559082,4521500
2015-04-22,JSBL,7.199999809265137,7.599999904632568,7.179999828338623,7.409999847412109,7.409999847412109,3636500
2015-04-23,JSBL,7.5,7.53000020980835,7.210000038146973,7.380000114440918,7.380000114440918,1128000
2015-04-24,JSBL,7.349999904632568,8.300000190734863,7.349999904632568,7.820000171661377,7.820000171661377,7082500
2015-04-27,JSBL,7.989999771118164,8.100000381469727,7.590000152587891,7.670000076293945,7.670000076293945,2376500
2015-04-28,JSBL,7.360000133514404,7.489999771118164,7.0,7.019999980926514,7.019999980926514,2948000
2015-04-29,JSBL,7.099999904632568,7.159999847412109,6.860000133514404,6.909999847412109,6.909999847412109,803500
2015-04-30,JSBL,6.820000171661377,6.949999809265137,6.559999942779541,6.630000114440918,6.630000114440918,960000
2015-05-01,JSBL,6.630000114440918,6.630000114440918,6.630000114440918,6.630000114440918,6.630000114440918,0
2015-05-04,JSBL,6.510000228881836,6.840000152587891,6.5,6.769999980926514,6.769999980926514,1125500
2015-05-05,JSBL,6.599999904632568,6.599999904632568,6.539999961853027,6.559999942779541,6.559999942779541,129000
2015-05-06,JSBL,6.599999904632568,6.610000133514404,6.400000095367432,6.550000190734863,6.550000190734863,1701500
2015-05-07,JSBL,6.449999809265137,6.449999809265137,6.25,6.329999923706055,6.329999923706055,1279000
2015-05-08,JSBL,6.389999866485596,6.699999809265137,6.389999866485596,6.460000038146973,6.460000038146973,923500
2015-05-11,JSBL,6.489999771118164,6.489999771118164,6.0,6.190000057220459,6.190000057220459,207500
2015-05-12,JSBL,6.199999809265137,6.360000133514404,6.010000228881836,6.320000171661377,6.320000171661377,96000
2015-05-13,JSBL,6.25,6.349999904632568,6.099999904632568,6.190000057220459,6.190000057220459,135000
2015-05-14,JSBL,6.329999923706055,6.5,6.199999809265137,6.28000020980835,6.28000020980835,645500
2015-05-15,JSBL,6.300000190734863,6.489999771118164,6.210000038146973,6.210000038146973,6.210000038146973,17000
2015-05-18,JSBL,6.210000038146973,6.210000038146973,6.099999904632568,6.150000095367432,6.150000095367432,429500
2015-05-19,JSBL,6.099999904632568,6.139999866485596,6.0,6.010000228881836,6.010000228881836,177000
2015-05-20,JSBL,5.920000076293945,6.099999904632568,5.900000095367432,6.059999942779541,6.059999942779541,621000
2015-05-21,JSBL,6.0,6.039999961853027,5.949999809265137,6.010000228881836,6.010000228881836,54500
2015-05-22,JSBL,6.0,6.099999904632568,5.800000190734863,5.800000190734863,5.800000190734863,725500
2015-05-25,JSBL,6.0,6.0,5.510000228881836,5.730000019073486,5.730000019073486,345500
2015-05-26,JSBL,5.849999904632568,5.940000057220459,5.849999904632568,5.849999904632568,5.849999904632568,60500
2015-05-27,JSBL,6.190000057220459,6.539999961853027,5.989999771118164,6.320000171661377,6.320000171661377,2180000
2015-05-28,JSBL,6.21999979019165,6.550000190734863,6.21999979019165,6.510000228881836,6.510000228881836,93000
2015-05-29,JSBL,6.679999828338623,6.840000152587891,6.019999980926514,6.460000038146973,6.460000038146973,1124000
2015-06-01,JSBL,6.400000095367432,6.650000095367432,6.300000190734863,6.420000076293945,6.420000076293945,101000
2015-06-02,JSBL,6.449999809265137,6.5,6.300000190734863,6.309999942779541,6.309999942779541,470500
2015-06-03,JSBL,6.25,6.400000095367432,6.199999809265137,6.210000038146973,6.210000038146973,472000
2015-06-04,JSBL,6.300000190734863,6.300000190734863,6.190000057220459,6.260000228881836,6.260000228881836,941500
2015-06-05,JSBL,6.260000228881836,6.260000228881836,6.260000228881836,6.260000228881836,6.260000228881836,0
2015-06-08,JSBL,6.260000228881836,6.260000228881836,6.260000228881836,6.260000228881836,6.260000228881836,0
2015-06-09,JSBL,6.0,6.449999809265137,6.0,6.360000133514404,6.360000133514404,1336500
2015-06-10,JSBL,6.199999809265137,6.5,6.03000020980835,6.320000171661377,6.320000171661377,359500
2015-06-11,JSBL,6.199999809265137,6.440000057220459,6.199999809265137,6.300000190734863,6.300000190734863,268000
2015-06-12,JSBL,6.380000114440918,6.489999771118164,6.25,6.260000228881836,6.260000228881836,484500
2015-06-15,JSBL,6.489999771118164,6.75,6.179999828338623,6.230000019073486,6.230000019073486,1315500
2015-06-16,JSBL,6.110000133514404,6.690000057220459,6.099999904632568,6.369999885559082,6.369999885559082,1675500
2015-06-17,JSBL,6.369999885559082,6.650000095367432,6.360000133514404,6.449999809265137,6.449999809265137,628000
2015-06-18,JSBL,6.590000152587891,6.650000095367432,6.400000095367432,6.400000095367432,6.400000095367432,165000
2015-06-19,JSBL,6.150000095367432,6.349999904632568,6.150000095367432,6.329999923706055,6.329999923706055,19000
2015-06-22,JSBL,6.329999923706055,6.349999904632568,6.21999979019165,6.300000190734863,6.300000190734863,115500
2015-06-23,JSBL,6.300000190734863,6.300000190734863,6.25,6.260000228881836,6.260000228881836,158500
2015-06-24,JSBL,6.199999809265137,6.400000095367432,6.150000095367432,6.349999904632568,6.349999904632568,314500
2015-06-25,JSBL,6.300000190734863,7.0,6.300000190734863,6.789999961853027,6.789999961853027,4565000
2015-06-26,JSBL,6.840000152587891,7.320000171661377,6.840000152587891,7.110000133514404,7.110000133514404,4134000
2015-06-29,JSBL,7.289999961853027,7.699999809265137,7.119999885559082,7.389999866485596,7.389999866485596,3311500
2015-06-30,JSBL,7.400000095367432,7.670000076293945,7.21999979019165,7.380000114440918,7.380000114440918,538500
2015-07-01,JSBL,7.110000133514404,7.739999771118164,7.110000133514404,7.599999904632568,7.599999904632568,1404500
2015-07-02,JSBL,7.800000190734863,7.949999809265137,7.449999809265137,7.619999885559082,7.619999885559082,1388500
2015-07-03,JSBL,7.75,7.75,7.400000095367432,7.5,7.5,443500
2015-07-06,JSBL,7.449999809265137,7.449999809265137,7.199999809265137,7.400000095367432,7.400000095367432,432000
2015-07-07,JSBL,7.21999979019165,7.5,7.21999979019165,7.389999866485596,7.389999866485596,401000
2015-07-08,JSBL,7.269999980926514,7.329999923706055,7.199999809265137,7.260000228881836,7.260000228881836,512500
2015-07-09,JSBL,7.170000076293945,8.260000228881836,7.150000095367432,8.239999771118164,8.239999771118164,4950000
2015-07-10,JSBL,8.25,8.550000190734863,7.699999809265137,7.789999961853027,7.789999961853027,1857000
2015-07-13,JSBL,7.900000095367432,8.5,7.550000190734863,8.40999984741211,8.40999984741211,3619000
2015-07-14,JSBL,8.5,9.0600004196167,8.489999771118164,8.710000038146973,8.710000038146973,4740000
2015-07-15,JSBL,8.949999809265137,9.0,8.529999732971191,8.670000076293945,8.670000076293945,896500
2015-07-16,JSBL,8.899999618530273,9.020000457763672,8.600000381469727,8.8100004196167,8.8100004196167,2474500
2015-07-17,JSBL,8.8100004196167,8.8100004196167,8.8100004196167,8.8100004196167,8.8100004196167,0
2015-07-20,JSBL,8.8100004196167,8.8100004196167,8.8100004196167,8.8100004196167,8.8100004196167,0
2015-07-21,JSBL,8.8100004196167,8.8100004196167,8.8100004196167,8.8100004196167,8.8100004196167,0
2015-07-22,JSBL,8.930000305175781,9.75,8.890000343322754,9.319999694824219,9.319999694824219,4532000
2015-07-23,JSBL,9.5,9.550000190734863,8.989999771118164,9.25,9.25,1784500
2015-07-24,JSBL,9.390000343322754,9.5,8.899999618530273,9.149999618530273,9.149999618530273,1614500
2015-07-27,JSBL,9.020000457763672,9.25,8.800000190734863,8.84000015258789,8.84000015258789,1448500
2015-07-28,JSBL,8.75,8.9399995803833,8.5,8.600000381469727,8.600000381469727,1138000
2015-07-29,JSBL,8.800000190734863,9.199999809265137,8.600000381469727,9.039999961853027,9.039999961853027,1840500
2015-07-30,JSBL,9.029999732971191,9.149999618530273,8.5,8.699999809265137,8.699999809265137,2031000
2015-07-31,JSBL,8.699999809265137,8.800000190734863,8.520000457763672,8.640000343322754,8.640000343322754,124000
2015-08-03,JSBL,8.449999809265137,8.699999809265137,8.449999809265137,8.600000381469727,8.600000381469727,251000
2015-08-04,JSBL,8.550000190734863,8.550000190734863,8.0,8.489999771118164,8.489999771118164,280000
2015-08-05,JSBL,8.649999618530273,8.699999809265137,8.449999809265137,8.489999771118164,8.489999771118164,401500
2015-08-06,JSBL,8.300000190734863,8.75,8.300000190734863,8.600000381469727,8.600000381469727,529000
2015-08-07,JSBL,8.800000190734863,9.0,8.5,8.75,8.75,1528500
2015-08-10,JSBL,8.850000381469727,8.9399995803833,8.59000015258789,8.609999656677246,8.609999656677246,719500
2015-08-11,JSBL,8.75,9.100000381469727,8.579999923706055,8.630000114440918,8.630000114440918,2052500
2015-08-12,JSBL,8.850000381469727,8.850000381469727,8.399999618530273,8.470000267028809,8.470000267028809,1407000
2015-08-13,JSBL,8.5,8.600000381469727,8.25,8.460000038146973,8.460000038146973,560000
2015-08-14,JSBL,8.460000038146973,8.460000038146973,8.460000038146973,8.460000038146973,8.460000038146973,0
2015-08-17,JSBL,8.279999732971191,8.489999771118164,7.909999847412109,8.119999885559082,8.119999885559082,1398500
2015-08-18,JSBL,8.140000343322754,8.479999542236328,8.0600004196167,8.15999984741211,8.15999984741211,241000
2015-08-19,JSBL,8.109999656677246,8.25,7.949999809265137,8.0,8.0,1307500
2015-08-20,JSBL,8.0,8.100000381469727,7.900000095367432,7.989999771118164,7.989999771118164,1803000
2015-08-21,JSBL,7.800000190734863,8.0,7.5,7.949999809265137,7.949999809265137,823000
2015-08-24,JSBL,7.5,7.599999904632568,7.0,7.269999980926514,7.269999980926514,993000
2015-08-25,JSBL,7.150000095367432,7.900000095367432,7.150000095367432,7.840000152587891,7.840000152587891,498500
2015-08-26,JSBL,7.849999904632568,8.829999923706055,7.800000190734863,8.510000228881836,8.510000228881836,6606000
2015-08-27,JSBL,8.640000343322754,8.640000343322754,8.300000190734863,8.430000305175781,8.430000305175781,1491500
2015-08-28,JSBL,8.479999542236328,8.479999542236328,8.0,8.119999885559082,8.119999885559082,522500
2015-08-31,JSBL,8.100000381469727,8.300000190734863,8.100000381469727,8.15999984741211,8.15999984741211,190500
2015-09-01,JSBL,8.0,8.09000015258789,7.159999847412109,7.570000171661377,7.570000171661377,7388500
2015-09-02,JSBL,7.699999809265137,7.829999923706055,7.5,7.559999942779541,7.559999942779541,1532500
2015-09-03,JSBL,7.400000095367432,7.800000190734863,7.400000095367432,7.659999847412109,7.659999847412109,80000
2015-09-04,JSBL,7.699999809265137,7.699999809265137,7.130000114440918,7.300000190734863,7.300000190734863,510000
2015-09-07,JSBL,7.199999809265137,7.199999809265137,7.0,7.190000057220459,7.190000057220459,397000
2015-09-08,JSBL,7.199999809265137,7.389999866485596,7.199999809265137,7.349999904632568,7.349999904632568,50500
2015-09-09,JSBL,7.300000190734863,7.400000095367432,7.199999809265137,7.369999885559082,7.369999885559082,238000
2015-09-10,JSBL,7.199999809265137,7.5,7.199999809265137,7.400000095367432,7.400000095367432,53000
2015-09-11,JSBL,7.400000095367432,7.400000095367432,7.010000228881836,7.010000228881836,7.010000228881836,165500
2015-09-14,JSBL,6.960000038146973,7.25,6.960000038146973,7.110000133514404,7.110000133514404,231000
2015-09-15,JSBL,7.0,7.25,7.0,7.150000095367432,7.150000095367432,351500
2015-09-16,JSBL,7.199999809265137,7.199999809265137,7.150000095367432,7.199999809265137,7.199999809265137,281500
2015-09-17,JSBL,7.300000190734863,7.650000095367432,7.199999809265137,7.199999809265137,7.199999809265137,204000
2015-09-18,JSBL,7.199999809265137,7.429999828338623,7.010000228881836,7.429999828338623,7.429999828338623,29500
2015-09-21,JSBL,7.099999904632568,7.25,7.0,7.119999885559082,7.119999885559082,726500
2015-09-22,JSBL,7.400000095367432,7.400000095367432,6.940000057220459,6.940000057220459,6.940000057220459,414500
2015-09-23,JSBL,6.989999771118164,7.139999866485596,6.880000114440918,6.96999979019165,6.96999979019165,214500
2015-09-24,JSBL,6.96999979019165,6.96999979019165,6.96999979019165,6.96999979019165,6.96999979019165,0
2015-09-25,JSBL,6.96999979019165,6.96999979019165,6.96999979019165,6.96999979019165,6.96999979019165,0
2015-09-28,JSBL,6.800000190734863,7.0,6.800000190734863,6.820000171661377,6.820000171661377,93000
2015-09-29,JSBL,6.75,7.0,6.510000228881836,6.980000019073486,6.980000019073486,210000
2015-09-30,JSBL,6.550000190734863,6.940000057220459,6.550000190734863,6.920000076293945,6.920000076293945,72500
2015-10-01,JSBL,6.900000095367432,7.0,6.75,6.980000019073486,6.980000019073486,385000
2015-10-02,JSBL,7.050000190734863,7.389999866485596,6.900000095367432,7.130000114440918,7.130000114440918,203000
2015-10-05,JSBL,7.239999771118164,7.5,6.900000095367432,7.099999904632568,7.099999904632568,644000
2015-10-06,JSBL,7.239999771118164,7.239999771118164,7.190000057220459,7.190000057220459,7.190000057220459,2000
2015-10-07,JSBL,7.199999809265137,7.199999809265137,7.0,7.070000171661377,7.070000171661377,20500
2015-10-08,JSBL,7.239999771118164,7.239999771118164,7.0,7.019999980926514,7.019999980926514,67500
2015-10-09,JSBL,7.25,7.25,7.0,7.039999961853027,7.039999961853027,156000
2015-10-12,JSBL,7.150000095367432,7.300000190734863,7.150000095367432,7.199999809265137,7.199999809265137,59500
2015-10-13,JSBL,7.059999942779541,7.340000152587891,7.059999942779541,7.199999809265137,7.199999809265137,154000
2015-10-14,JSBL,7.059999942779541,7.539999961853027,7.059999942779541,7.199999809265137,7.199999809265137,347500
2015-10-15,JSBL,7.599999904632568,7.599999904632568,7.25,7.260000228881836,7.260000228881836,84500
2015-10-16,JSBL,7.25,7.440000057220459,7.25,7.320000171661377,7.320000171661377,215500
2015-10-19,JSBL,7.300000190734863,7.599999904632568,7.300000190734863,7.550000190734863,7.550000190734863,504500
2015-10-20,JSBL,7.5,7.699999809265137,7.5,7.5,7.5,343500
2015-10-21,JSBL,7.599999904632568,7.599999904632568,7.389999866485596,7.519999980926514,7.519999980926514,444500
2015-10-22,JSBL,7.599999904632568,7.800000190734863,7.5,7.5,7.5,447500
2015-10-23,JSBL,7.5,7.5,7.5,7.5,7.5,0
2015-10-26,JSBL,7.75,7.900000095367432,7.5,7.730000019073486,7.730000019073486,1391000
2015-10-27,JSBL,7.699999809265137,8.100000381469727,7.699999809265137,7.889999866485596,7.889999866485596,1062000
2015-10-28,JSBL,8.100000381469727,8.890000343322754,8.0,8.869999885559082,8.869999885559082,6784500
2015-10-29,JSBL,9.0600004196167,9.119999885559082,8.449999809265137,8.5,8.5,528500
2015-10-30,JSBL,8.260000228881836,8.970000267028809,8.199999809265137,8.520000457763672,8.520000457763672,726500
2015-11-02,JSBL,8.3100004196167,8.640000343322754,8.119999885559082,8.210000038146973,8.210000038146973,290500
2015-11-03,JSBL,8.050000190734863,8.350000381469727,8.0,8.239999771118164,8.239999771118164,456500
2015-11-04,JSBL,8.390000343322754,8.40999984741211,8.199999809265137,8.239999771118164,8.239999771118164,320500
2015-11-05,JSBL,8.119999885559082,8.399999618530273,8.0,8.069999694824219,8.069999694824219,582000
2015-11-06,JSBL,8.0,8.170000076293945,8.0,8.079999923706055,8.079999923706055,313000
2015-11-09,JSBL,8.079999923706055,8.079999923706055,8.079999923706055,8.079999923706055,8.079999923706055,0
2015-11-10,JSBL,7.940000057220459,7.940000057220459,7.400000095367432,7.5,7.5,377500
2015-11-11,JSBL,7.400000095367432,8.0,7.400000095367432,7.900000095367432,7.900000095367432,189500
2015-11-12,JSBL,7.809999942779541,8.100000381469727,7.800000190734863,7.980000019073486,7.980000019073486,335000
2015-11-13,JSBL,7.849999904632568,8.0,7.849999904632568,8.0,8.0,160000
2015-11-16,JSBL,7.849999904632568,7.900000095367432,7.809999942779541,7.900000095367432,7.900000095367432,14000
2015-11-17,JSBL,8.010000228881836,8.300000190734863,8.010000228881836,8.100000381469727,8.100000381469727,207000
2015-11-18,JSBL,8.239999771118164,8.300000190734863,8.100000381469727,8.239999771118164,8.239999771118164,268500
2015-11-19,JSBL,8.149999618530273,8.149999618530273,7.909999847412109,8.100000381469727,8.100000381469727,254000
2015-11-20,JSBL,8.100000381469727,8.100000381469727,8.0,8.050000190734863,8.050000190734863,37500
2015-11-23,JSBL,7.75,8.0,7.699999809265137,7.960000038146973,7.960000038146973,71000
2015-11-24,JSBL,7.789999961853027,8.0,7.789999961853027,7.940000057220459,7.940000057220459,334000
2015-11-25,JSBL,7.75,8.0,7.75,7.800000190734863,7.800000190734863,114000
2015-11-26,JSBL,7.900000095367432,7.949999809265137,7.800000190734863,7.800000190734863,7.800000190734863,162000
2015-11-27,JSBL,7.75,7.860000133514404,7.75,7.860000133514404,7.860000133514404,73000
2015-11-30,JSBL,7.800000190734863,8.0,7.699999809265137,7.800000190734863,7.800000190734863,348000
2015-12-01,JSBL,7.619999885559082,8.0,7.570000171661377,7.760000228881836,7.760000228881836,285000
2015-12-02,JSBL,7.5,7.75,7.400000095367432,7.539999961853027,7.539999961853027,421500
2015-12-03,JSBL,7.559999942779541,7.75,7.5,7.659999847412109,7.659999847412109,128000
2015-12-04,JSBL,7.789999961853027,7.900000095367432,7.5,7.510000228881836,7.510000228881836,263000
2015-12-07,JSBL,7.75,7.769999980926514,7.599999904632568,7.71999979019165,7.71999979019165,229500
2015-12-08,JSBL,7.789999961853027,7.800000190734863,7.559999942779541,7.800000190734863,7.800000190734863,278000
2015-12-09,JSBL,7.610000133514404,7.849999904632568,7.599999904632568,7.71999979019165,7.71999979019165,18000
2015-12-10,JSBL,7.650000095367432,8.050000190734863,7.650000095367432,8.0,8.0,170000
2015-12-11,JSBL,7.75,8.350000381469727,7.75,8.079999923706055,8.079999923706055,107500
2015-12-14,JSBL,8.149999618530273,8.25,7.760000228881836,8.0,8.0,160000
2015-12-15,JSBL,7.849999904632568,7.849999904632568,7.550000190734863,7.670000076293945,7.670000076293945,133500
2015-12-16,JSBL,7.610000133514404,7.739999771118164,7.610000133514404,7.730000019073486,7.730000019073486,9000
2015-12-17,JSBL,7.730000019073486,7.829999923706055,7.639999866485596,7.75,7.75,7500
2015-12-18,JSBL,7.699999809265137,7.699999809265137,7.699999809265137,7.699999809265137,7.699999809265137,4000
2015-12-21,JSBL,7.800000190734863,8.1899995803833,7.670000076293945,8.079999923706055,8.079999923706055,109500
2015-12-22,JSBL,7.800000190734863,7.900000095367432,7.760000228881836,7.900000095367432,7.900000095367432,9000
2015-12-23,JSBL,7.809999942779541,7.900000095367432,7.519999980926514,7.630000114440918,7.630000114440918,156500
2015-12-24,JSBL,7.630000114440918,7.630000114440918,7.630000114440918,7.630000114440918,7.630000114440918,0
2015-12-25,JSBL,7.630000114440918,7.630000114440918,7.630000114440918,7.630000114440918,7.630000114440918,0
2015-12-28,JSBL,7.849999904632568,8.0,7.849999904632568,7.900000095367432,7.900000095367432,34500
2015-12-29,JSBL,8.0600004196167,8.149999618530273,7.619999885559082,7.730000019073486,7.730000019073486,326000
2015-12-30,JSBL,7.800000190734863,7.889999866485596,7.800000190734863,7.860000133514404,7.860000133514404,56500
2015-12-31,JSBL,7.949999809265137,7.949999809265137,7.75,7.75,7.75,12500
2016-01-01,JSBL,7.900000095367432,7.989999771118164,7.760000228881836,7.760000228881836,7.760000228881836,3000
2016-01-04,JSBL,7.710000038146973,7.900000095367432,7.710000038146973,7.800000190734863,7.800000190734863,69500
2016-01-05,JSBL,7.889999866485596,7.889999866485596,7.860000133514404,7.869999885559082,7.869999885559082,175500
2016-01-06,JSBL,7.599999904632568,7.849999904632568,7.599999904632568,7.800000190734863,7.800000190734863,81500
2016-01-07,JSBL,7.900000095367432,7.900000095367432,7.550000190734863,7.610000133514404,7.610000133514404,1760000
2016-01-08,JSBL,7.889999866485596,7.889999866485596,7.5,7.510000228881836,7.510000228881836,642000
2016-01-11,JSBL,7.610000133514404,7.610000133514404,7.349999904632568,7.369999885559082,7.369999885559082,31000
2016-01-12,JSBL,7.309999942779541,7.5,7.199999809265137,7.46999979019165,7.46999979019165,130000
2016-01-13,JSBL,7.550000190734863,7.650000095367432,7.230000019073486,7.25,7.25,330500
2016-01-14,JSBL,7.230000019073486,7.230000019073486,6.900000095367432,6.989999771118164,6.989999771118164,803500
2016-01-15,JSBL,7.0,7.380000114440918,6.489999771118164,6.550000190734863,6.550000190734863,396500
2016-01-18,JSBL,6.599999904632568,6.889999866485596,6.25,6.789999961853027,6.789999961853027,285500
2016-01-19,JSBL,6.900000095367432,7.199999809265137,6.769999980926514,7.099999904632568,7.099999904632568,295500
2016-01-20,JSBL,7.0,7.190000057220459,7.0,7.150000095367432,7.150000095367432,387000
2016-01-21,JSBL,7.099999904632568,7.099999904632568,6.900000095367432,6.920000076293945,6.920000076293945,90500
2016-01-22,JSBL,6.760000228881836,7.190000057220459,6.75,6.929999828338623,6.929999828338623,140000
2016-01-25,JSBL,7.099999904632568,7.150000095367432,7.019999980926514,7.019999980926514,7.019999980926514,30000
2016-01-26,JSBL,7.0,7.050000190734863,7.0,7.0,7.0,21500
2016-01-27,JSBL,7.099999904632568,7.099999904632568,6.909999847412109,6.909999847412109,6.909999847412109,29500
2016-01-28,JSBL,7.0,7.099999904632568,6.809999942779541,7.03000020980835,7.03000020980835,14500
2016-01-29,JSBL,7.0,7.0,6.949999809265137,6.960000038146973,6.960000038146973,59000
2016-02-01,JSBL,7.0,7.5,7.0,7.380000114440918,7.380000114440918,724500
2016-02-02,JSBL,7.489999771118164,7.550000190734863,7.25,7.309999942779541,7.309999942779541,81000
2016-02-03,JSBL,7.489999771118164,7.599999904632568,7.230000019073486,7.489999771118164,7.489999771118164,640500
2016-02-04,JSBL,7.5,7.699999809265137,7.480000019073486,7.5,7.5,310500
2016-02-05,JSBL,7.5,7.5,7.5,7.5,7.5,0
2016-02-08,JSBL,7.800000190734863,7.800000190734863,7.420000076293945,7.449999809265137,7.449999809265137,419000
2016-02-09,JSBL,7.5,7.739999771118164,7.260000228881836,7.300000190734863,7.300000190734863,570500
2016-02-10,JSBL,7.449999809265137,7.449999809265137,6.980000019073486,6.989999771118164,6.989999771118164,594000
2016-02-11,JSBL,7.0,7.139999866485596,7.0,7.110000133514404,7.110000133514404,1006000
2016-02-12,JSBL,7.099999904632568,7.289999961853027,7.0,7.0,7.0,327000
2016-02-15,JSBL,7.28000020980835,7.5,7.190000057220459,7.190000057220459,7.190000057220459,23500
2016-02-16,JSBL,7.389999866485596,7.480000019073486,7.099999904632568,7.139999866485596,7.139999866485596,134000
2016-02-17,JSBL,7.099999904632568,7.150000095367432,6.75,6.800000190734863,6.800000190734863,118000
2016-02-18,JSBL,7.0,7.0,6.710000038146973,6.96999979019165,6.96999979019165,154000
2016-02-19,JSBL,7.090000152587891,7.239999771118164,6.800000190734863,6.980000019073486,6.980000019073486,80500
2016-02-22,JSBL,7.5,7.5,6.699999809265137,6.849999904632568,6.849999904632568,213000
2016-02-23,JSBL,6.699999809265137,6.869999885559082,6.610000133514404,6.690000057220459,6.690000057220459,95000
2016-02-24,JSBL,6.940000057220459,6.940000057220459,6.630000114440918,6.699999809265137,6.699999809265137,80500
2016-02-25,JSBL,6.849999904632568,6.869999885559082,6.639999866485596,6.679999828338623,6.679999828338623,85000
2016-02-26,JSBL,6.650000095367432,7.190000057220459,6.650000095367432,7.03000020980835,7.03000020980835,1208000
2016-02-29,JSBL,7.239999771118164,7.239999771118164,7.0,7.039999961853027,7.039999961853027,168000
2016-03-01,JSBL,7.019999980926514,7.019999980926514,6.900000095367432,6.929999828338623,6.929999828338623,68000
2016-03-02,JSBL,7.0,7.019999980926514,7.0,7.019999980926514,7.019999980926514,3000
2016-03-03,JSBL,6.630000114440918,7.25,6.630000114440918,7.039999961853027,7.039999961853027,163500
2016-03-04,JSBL,7.050000190734863,7.289999961853027,6.900000095367432,7.139999866485596,7.139999866485596,102000
2016-03-07,JSBL,7.389999866485596,7.389999866485596,7.119999885559082,7.150000095367432,7.150000095367432,85500
2016-03-08,JSBL,7.110000133514404,7.199999809265137,7.099999904632568,7.099999904632568,7.099999904632568,103500
2016-03-09,JSBL,7.090000152587891,7.090000152587891,7.0,7.019999980926514,7.019999980926514,36500
2016-03-10,JSBL,7.099999904632568,7.110000133514404,6.900000095367432,7.0,7.0,71500
2016-03-11,JSBL,7.0,7.0,6.900000095367432,6.920000076293945,6.920000076293945,37000
2016-03-14,JSBL,6.900000095367432,6.989999771118164,6.699999809265137,6.75,6.75,147000
2016-03-15,JSBL,6.800000190734863,6.849999904632568,6.75,6.849999904632568,6.849999904632568,104000
2016-03-16,JSBL,7.050000190734863,7.050000190734863,6.900000095367432,6.949999809265137,6.949999809265137,53500
2016-03-17,JSBL,7.0,7.0,6.929999828338623,6.929999828338623,6.929999828338623,16500
2016-03-18,JSBL,7.0,7.0,7.0,7.0,7.0,5000
2016-03-21,JSBL,7.090000152587891,7.099999904632568,6.900000095367432,6.920000076293945,6.920000076293945,58000
2016-03-22,JSBL,7.0,7.050000190734863,6.800000190734863,6.900000095367432,6.900000095367432,83000
2016-03-23,JSBL,6.900000095367432,6.900000095367432,6.900000095367432,6.900000095367432,6.900000095367432,0
2016-03-24,JSBL,6.869999885559082,7.099999904632568,6.800000190734863,7.0,7.0,158000
2016-03-25,JSBL,7.090000152587891,7.099999904632568,7.0,7.010000228881836,7.010000228881836,91000
2016-03-28,JSBL,6.769999980926514,7.090000152587891,6.760000228881836,6.949999809265137,6.949999809265137,23000
2016-03-29,JSBL,6.949999809265137,6.949999809265137,6.949999809265137,6.949999809265137,6.949999809265137,10000
2016-03-30,JSBL,6.909999847412109,6.909999847412109,6.5,6.820000171661377,6.820000171661377,92500
2016-03-31,JSBL,6.820000171661377,6.949999809265137,6.800000190734863,6.900000095367432,6.900000095367432,16500
2016-04-01,JSBL,6.809999942779541,6.849999904632568,6.599999904632568,6.690000057220459,6.690000057220459,564000
2016-04-04,JSBL,6.53000020980835,6.940000057220459,6.5,6.880000114440918,6.880000114440918,341000
2016-04-05,JSBL,6.889999866485596,7.050000190734863,6.5,6.510000228881836,6.510000228881836,12119500
2016-04-06,JSBL,6.53000020980835,6.800000190734863,6.53000020980835,6.699999809265137,6.699999809265137,668500
2016-04-07,JSBL,6.900000095367432,6.900000095367432,6.71999979019165,6.75,6.75,209500
2016-04-08,JSBL,6.849999904632568,6.849999904632568,6.5,6.760000228881836,6.760000228881836,478000
2016-04-11,JSBL,6.510000228881836,6.75,6.489999771118164,6.5,6.5,1394000
2016-04-12,JSBL,6.519999980926514,6.610000133514404,6.5,6.599999904632568,6.599999904632568,1287500
2016-04-13,JSBL,6.53000020980835,6.53000020980835,6.349999904632568,6.460000038146973,6.460000038146973,30500
2016-04-14,JSBL,6.5,6.5,6.400000095367432,6.460000038146973,6.460000038146973,134000
2016-04-15,JSBL,6.5,6.550000190734863,6.409999847412109,6.420000076293945,6.420000076293945,1570000
2016-04-18,JSBL,6.5,6.840000152587891,6.489999771118164,6.739999771118164,6.739999771118164,752500
2016-04-19,JSBL,6.739999771118164,6.800000190734863,6.420000076293945,6.519999980926514,6.519999980926514,879500
2016-04-20,JSBL,6.699999809265137,6.730000019073486,6.449999809265137,6.5,6.5,263500
2016-04-21,JSBL,6.510000228881836,6.510000228881836,6.400000095367432,6.440000057220459,6.440000057220459,179500
2016-04-22,JSBL,6.5,6.5,6.400000095367432,6.489999771118164,6.489999771118164,67500
2016-04-25,JSBL,6.440000057220459,6.440000057220459,6.300000190734863,6.329999923706055,6.329999923706055,315500
2016-04-26,JSBL,6.349999904632568,6.400000095367432,6.349999904632568,6.400000095367432,6.400000095367432,82500
2016-04-27,JSBL,6.349999904632568,6.550000190734863,6.349999904632568,6.460000038146973,6.460000038146973,1178500
2016-04-28,JSBL,6.480000019073486,6.5,6.449999809265137,6.5,6.5,672000
2016-04-29,JSBL,6.630000114440918,6.630000114440918,6.420000076293945,6.489999771118164,6.489999771118164,1696000
2016-05-02,JSBL,6.5,6.679999828338623,6.5,6.599999904632568,6.599999904632568,2448000
2016-05-03,JSBL,6.510000228881836,6.599999904632568,6.510000228881836,6.599999904632568,6.599999904632568,790500
2016-05-04,JSBL,6.599999904632568,6.599999904632568,6.539999961853027,6.539999961853027,6.539999961853027,12000
2016-05-05,JSBL,6.599999904632568,6.599999904632568,6.5,6.5,6.5,115000
2016-05-06,JSBL,6.650000095367432,6.690000057220459,6.510000228881836,6.510000228881836,6.510000228881836,68500
2016-05-09,JSBL,6.550000190734863,6.550000190734863,6.369999885559082,6.380000114440918,6.380000114440918,270000
2016-05-10,JSBL,6.400000095367432,6.5,6.329999923706055,6.360000133514404,6.360000133514404,159000
2016-05-11,JSBL,6.400000095367432,6.5,6.300000190734863,6.360000133514404,6.360000133514404,28000
2016-05-12,JSBL,6.349999904632568,6.400000095367432,6.159999847412109,6.159999847412109,6.159999847412109,336000
2016-05-13,JSBL,6.449999809265137,6.5,6.239999771118164,6.25,6.25,592000
2016-05-16,JSBL,6.25,6.5,6.25,6.28000020980835,6.28000020980835,511000
2016-05-17,JSBL,6.400000095367432,6.400000095367432,6.199999809265137,6.300000190734863,6.300000190734863,692500
2016-05-18,JSBL,6.300000190734863,6.300000190734863,6.210000038146973,6.239999771118164,6.239999771118164,142500
2016-05-19,JSBL,6.369999885559082,6.400000095367432,6.210000038146973,6.300000190734863,6.300000190734863,469000
2016-05-20,JSBL,6.329999923706055,6.349999904632568,6.309999942779541,6.320000171661377,6.320000171661377,79000
2016-05-23,JSBL,6.159999847412109,6.179999828338623,6.0,6.150000095367432,6.150000095367432,710500
2016-05-24,JSBL,6.110000133514404,6.150000095367432,6.099999904632568,6.099999904632568,6.099999904632568,602000
2016-05-25,JSBL,6.099999904632568,6.25,6.099999904632568,6.110000133514404,6.110000133514404,1729000
2016-05-26,JSBL,6.25,6.25,6.110000133514404,6.139999866485596,6.139999866485596,1072500
2016-05-27,JSBL,6.099999904632568,6.190000057220459,6.099999904632568,6.110000133514404,6.110000133514404,504000
2016-05-30,JSBL,6.110000133514404,6.110000133514404,6.0,6.090000152587891,6.090000152587891,262000
2016-05-31,JSBL,6.099999904632568,6.099999904632568,6.0,6.039999961853027,6.039999961853027,223000
2016-06-01,JSBL,6.0,6.099999904632568,5.949999809265137,6.050000190734863,6.050000190734863,530000
2016-06-02,JSBL,6.130000114440918,6.239999771118164,6.0,6.21999979019165,6.21999979019165,411000
2016-06-03,JSBL,6.150000095367432,6.199999809265137,6.099999904632568,6.199999809265137,6.199999809265137,443500
2016-06-06,JSBL,6.170000076293945,6.170000076293945,6.050000190734863,6.050000190734863,6.050000190734863,274000
2016-06-07,JSBL,6.050000190734863,6.050000190734863,6.050000190734863,6.050000190734863,6.050000190734863,0
2016-06-08,JSBL,6.179999828338623,6.25,6.0,6.099999904632568,6.099999904632568,330000
2016-06-09,JSBL,6.099999904632568,6.099999904632568,6.019999980926514,6.019999980926514,6.019999980926514,16500
2016-06-10,JSBL,6.0,6.0,5.849999904632568,5.860000133514404,5.860000133514404,42000
2016-06-13,JSBL,5.949999809265137,5.960000038146973,5.929999828338623,5.960000038146973,5.960000038146973,9000
2016-06-14,JSBL,6.0,6.099999904632568,5.900000095367432,6.0,6.0,302500
2016-06-15,JSBL,5.900000095367432,6.050000190734863,5.900000095367432,5.96999979019165,5.96999979019165,30000
2016-06-16,JSBL,6.050000190734863,6.099999904632568,5.989999771118164,6.059999942779541,6.059999942779541,671000
2016-06-17,JSBL,6.150000095367432,6.150000095367432,6.059999942779541,6.150000095367432,6.150000095367432,67500
2016-06-20,JSBL,6.059999942779541,6.150000095367432,6.0,6.010000228881836,6.010000228881836,132000
2016-06-21,JSBL,6.0,6.010000228881836,6.0,6.0,6.0,158500
2016-06-22,JSBL,5.960000038146973,6.0,5.960000038146973,6.0,6.0,43000
2016-06-23,JSBL,5.960000038146973,6.0,5.960000038146973,5.980000019073486,5.980000019073486,23000
2016-06-24,JSBL,5.960000038146973,5.960000038146973,5.510000228881836,5.650000095367432,5.650000095367432,630500
2016-06-27,JSBL,5.909999847412109,5.909999847412109,5.909999847412109,5.909999847412109,5.909999847412109,500
2016-06-28,JSBL,5.760000228881836,5.900000095367432,5.650000095367432,5.880000114440918,5.880000114440918,1407500
2016-06-29,JSBL,5.699999809265137,5.989999771118164,5.699999809265137,5.900000095367432,5.900000095367432,34500
2016-06-30,JSBL,5.929999828338623,6.150000095367432,5.659999847412109,5.940000057220459,5.940000057220459,241000
2016-07-01,JSBL,5.940000057220459,5.940000057220459,5.940000057220459,5.940000057220459,5.940000057220459,0
2016-07-04,JSBL,5.989999771118164,6.0,5.730000019073486,5.840000152587891,5.840000152587891,13500
2016-07-05,JSBL,5.840000152587891,5.840000152587891,5.840000152587891,5.840000152587891,5.840000152587891,0
2016-07-06,JSBL,5.840000152587891,5.840000152587891,5.840000152587891,5.840000152587891,5.840000152587891,0
2016-07-07,JSBL,5.840000152587891,5.840000152587891,5.840000152587891,5.840000152587891,5.840000152587891,0
2016-07-08,JSBL,5.840000152587891,5.840000152587891,5.840000152587891,5.840000152587891,5.840000152587891,0
2016-07-11,JSBL,5.75,6.0,5.75,6.0,6.0,307500
2016-07-12,JSBL,5.989999771118164,6.0,5.880000114440918,5.909999847412109,5.909999847412109,214500
2016-07-13,JSBL,5.900000095367432,6.0,5.860000133514404,6.0,6.0,240000
2016-07-14,JSBL,5.800000190734863,6.0,5.699999809265137,5.900000095367432,5.900000095367432,425000
2016-07-15,JSBL,5.75,5.920000076293945,5.75,5.820000171661377,5.820000171661377,398000
2016-07-18,JSBL,5.820000171661377,5.849999904632568,5.800000190734863,5.849999904632568,5.849999904632568,59500
2016-07-19,JSBL,5.949999809265137,6.099999904632568,5.900000095367432,5.900000095367432,5.900000095367432,842500
2016-07-20,JSBL,5.860000133514404,5.900000095367432,5.849999904632568,5.900000095367432,5.900000095367432,188000
2016-07-21,JSBL,5.860000133514404,5.900000095367432,5.849999904632568,5.900000095367432,5.900000095367432,152000
2016-07-22,JSBL,5.920000076293945,5.920000076293945,5.900000095367432,5.900000095367432,5.900000095367432,131000
2016-07-25,JSBL,5.820000171661377,5.900000095367432,5.820000171661377,5.860000133514404,5.860000133514404,8000
2016-07-26,JSBL,5.900000095367432,5.900000095367432,5.849999904632568,5.849999904632568,5.849999904632568,20000
2016-07-27,JSBL,5.909999847412109,5.920000076293945,5.869999885559082,5.920000076293945,5.920000076293945,26500
2016-07-28,JSBL,5.849999904632568,5.949999809265137,5.840000152587891,5.900000095367432,5.900000095367432,330500
2016-07-29,JSBL,5.900000095367432,5.949999809265137,5.849999904632568,5.849999904632568,5.849999904632568,42000
2016-08-01,JSBL,5.849999904632568,5.849999904632568,5.849999904632568,5.849999904632568,5.849999904632568,0
2016-08-02,JSBL,5.900000095367432,6.0,5.900000095367432,6.0,6.0,240000
2016-08-03,JSBL,6.0,6.0,5.889999866485596,5.889999866485596,5.889999866485596,228000
2016-08-04,JSBL,5.96999979019165,5.96999979019165,5.849999904632568,5.849999904632568,5.849999904632568,355500
2016-08-05,JSBL,5.900000095367432,5.940000057220459,5.849999904632568,5.849999904632568,5.849999904632568,67500
2016-08-08,JSBL,5.949999809265137,5.949999809265137,5.860000133514404,5.889999866485596,5.889999866485596,48500
2016-08-09,JSBL,5.900000095367432,5.949999809265137,5.900000095367432,5.949999809265137,5.949999809265137,89000
2016-08-10,JSBL,5.989999771118164,6.440000057220459,5.989999771118164,6.190000057220459,6.190000057220459,6463000
2016-08-11,JSBL,6.199999809265137,6.25,6.150000095367432,6.150000095367432,6.150000095367432,118000
2016-08-12,JSBL,6.199999809265137,6.340000152587891,6.119999885559082,6.179999828338623,6.179999828338623,163000
2016-08-15,JSBL,6.150000095367432,6.25,6.110000133514404,6.119999885559082,6.119999885559082,111500
2016-08-16,JSBL,6.130000114440918,6.150000095367432,6.019999980926514,6.050000190734863,6.050000190734863,255000
2016-08-17,JSBL,6.190000057220459,6.190000057220459,6.0,6.039999961853027,6.039999961853027,149500
2016-08-18,JSBL,6.010000228881836,6.099999904632568,6.0,6.019999980926514,6.019999980926514,279500
2016-08-19,JSBL,6.0,6.099999904632568,6.0,6.050000190734863,6.050000190734863,26500
2016-08-22,JSBL,6.010000228881836,6.010000228881836,6.010000228881836,6.010000228881836,6.010000228881836,80000
2016-08-23,JSBL,6.090000152587891,6.090000152587891,6.0,6.079999923706055,6.079999923706055,174500
2016-08-24,JSBL,6.150000095367432,6.159999847412109,6.0,6.03000020980835,6.03000020980835,83000
2016-08-25,JSBL,6.050000190734863,6.25,6.0,6.099999904632568,6.099999904632568,255000
2016-08-26,JSBL,6.269999980926514,6.289999961853027,6.0,6.039999961853027,6.039999961853027,197500
2016-08-29,JSBL,6.119999885559082,6.5,6.050000190734863,6.360000133514404,6.360000133514404,1022000
2016-08-30,JSBL,6.300000190734863,6.380000114440918,6.25,6.260000228881836,6.260000228881836,207500
2016-08-31,JSBL,6.25,6.25,6.099999904632568,6.110000133514404,6.110000133514404,177000
2016-09-01,JSBL,6.110000133514404,6.190000057220459,6.03000020980835,6.059999942779541,6.059999942779541,414500
2016-09-02,JSBL,6.050000190734863,6.099999904632568,6.0,6.070000171661377,6.070000171661377,142500
2016-09-05,JSBL,6.090000152587891,6.25,6.03000020980835,6.050000190734863,6.050000190734863,502500
2016-09-06,JSBL,6.070000171661377,6.150000095367432,6.0,6.099999904632568,6.099999904632568,5343000
2016-09-07,JSBL,6.099999904632568,6.230000019073486,6.050000190734863,6.179999828338623,6.179999828338623,721000
2016-09-08,JSBL,6.099999904632568,6.599999904632568,6.070000171661377,6.559999942779541,6.559999942779541,1256500
2016-09-09,JSBL,6.5,7.239999771118164,6.5,6.78000020980835,6.78000020980835,10450500
2016-09-12,JSBL,6.78000020980835,6.78000020980835,6.78000020980835,6.78000020980835,6.78000020980835,0
2016-09-13,JSBL,6.78000020980835,6.78000020980835,6.78000020980835,6.78000020980835,6.78000020980835,0
2016-09-14,JSBL,6.78000020980835,6.78000020980835,6.78000020980835,6.78000020980835,6.78000020980835,0
2016-09-15,JSBL,6.880000114440918,7.050000190734863,6.610000133514404,6.829999923706055,6.829999923706055,2811500
2016-09-16,JSBL,7.0,7.179999828338623,6.849999904632568,6.900000095367432,6.900000095367432,2406000
2016-09-19,JSBL,6.900000095367432,7.449999809265137,6.900000095367432,7.269999980926514,7.269999980926514,9098000
2016-09-20,JSBL,7.349999904632568,7.400000095367432,6.860000133514404,7.039999961853027,7.039999961853027,8733500
2016-09-21,JSBL,7.159999847412109,7.199999809265137,6.699999809265137,6.920000076293945,6.920000076293945,3182000
2016-09-22,JSBL,7.0,7.449999809265137,7.0,7.130000114440918,7.130000114440918,4934500
2016-09-23,JSBL,7.099999904632568,7.409999847412109,6.900000095367432,6.940000057220459,6.940000057220459,6573500
2016-09-26,JSBL,7.039999961853027,7.25,7.0,7.050000190734863,7.050000190734863,1932000
2016-09-27,JSBL,7.199999809265137,8.039999961853027,7.099999904632568,7.809999942779541,7.809999942779541,21216000
2016-09-28,JSBL,7.980000019073486,8.3100004196167,7.849999904632568,7.960000038146973,7.960000038146973,14722500
2016-09-29,JSBL,8.0,8.09000015258789,7.510000228881836,7.789999961853027,7.789999961853027,9313500
2016-09-30,JSBL,7.900000095367432,8.0,7.75,7.800000190734863,7.800000190734863,1286500
2016-10-03,JSBL,8.0,8.0,7.550000190734863,7.880000114440918,7.880000114440918,2724500
2016-10-04,JSBL,7.900000095367432,7.909999847412109,7.619999885559082,7.659999847412109,7.659999847412109,1203500
2016-10-05,JSBL,7.659999847412109,8.65999984741211,7.659999847412109,8.65999984741211,8.65999984741211,17223000
2016-10-06,JSBL,8.850000381469727,9.0,8.5,8.630000114440918,8.630000114440918,12026000
2016-10-07,JSBL,8.789999961853027,8.789999961853027,8.300000190734863,8.430000305175781,8.430000305175781,1629500
2016-10-10,JSBL,8.550000190734863,8.899999618530273,8.300000190734863,8.800000190734863,8.800000190734863,4538000
2016-10-11,JSBL,8.800000190734863,8.800000190734863,8.800000190734863,8.800000190734863,8.800000190734863,0
2016-10-12,JSBL,8.800000190734863,8.800000190734863,8.800000190734863,8.800000190734863,8.800000190734863,0
2016-10-13,JSBL,8.970000267028809,9.020000457763672,8.640000343322754,8.670000076293945,8.670000076293945,3459500
2016-10-14,JSBL,8.520000457763672,8.699999809265137,8.5,8.619999885559082,8.619999885559082,1384500
2016-10-17,JSBL,8.5,8.699999809265137,8.329999923706055,8.380000114440918,8.380000114440918,1773500
2016-10-18,JSBL,8.300000190734863,8.300000190734863,8.109999656677246,8.229999542236328,8.229999542236328,1545000
2016-10-19,JSBL,8.300000190734863,8.300000190734863,8.069999694824219,8.210000038146973,8.210000038146973,542000
2016-10-20,JSBL,8.34000015258789,8.5,8.100000381469727,8.239999771118164,8.239999771118164,2297500
2016-10-21,JSBL,8.600000381469727,8.699999809265137,8.029999732971191,8.170000076293945,8.170000076293945,1635500
2016-10-24,JSBL,8.050000190734863,8.149999618530273,7.800000190734863,7.949999809265137,7.949999809265137,1529000
2016-10-25,JSBL,7.699999809265137,8.100000381469727,7.519999980926514,7.869999885559082,7.869999885559082,1448500
2016-10-26,JSBL,8.0,8.050000190734863,7.699999809265137,7.730000019073486,7.730000019073486,1238500
2016-10-27,JSBL,7.550000190734863,7.75,7.300000190734863,7.409999847412109,7.409999847412109,1228000
2016-10-28,JSBL,7.260000228881836,7.630000114440918,7.170000076293945,7.489999771118164,7.489999771118164,1857500
2016-10-31,JSBL,7.369999885559082,7.599999904632568,7.309999942779541,7.369999885559082,7.369999885559082,461000
2016-11-01,JSBL,7.5,8.279999732971191,7.489999771118164,8.15999984741211,8.15999984741211,1830000
2016-11-02,JSBL,8.25,8.720000267028809,7.800000190734863,8.40999984741211,8.40999984741211,4222500
2016-11-03,JSBL,8.520000457763672,8.779999732971191,8.350000381469727,8.510000228881836,8.510000228881836,4036500
2016-11-04,JSBL,8.449999809265137,8.489999771118164,8.25,8.359999656677246,8.359999656677246,1633000
2016-11-07,JSBL,8.229999542236328,8.489999771118164,8.210000038146973,8.390000343322754,8.390000343322754,1586000
2016-11-08,JSBL,8.5,8.609999656677246,8.350000381469727,8.359999656677246,8.359999656677246,1440500
2016-11-09,JSBL,8.359999656677246,8.359999656677246,8.359999656677246,8.359999656677246,8.359999656677246,0
2016-11-10,JSBL,8.5,8.699999809265137,8.399999618530273,8.460000038146973,8.460000038146973,2679000
2016-11-11,JSBL,8.420000076293945,8.970000267028809,8.420000076293945,8.859999656677246,8.859999656677246,4306000
2016-11-14,JSBL,8.899999618530273,9.5,8.649999618530273,9.279999732971191,9.279999732971191,9727000
2016-11-15,JSBL,9.350000381469727,9.800000190734863,9.199999809265137,9.350000381469727,9.350000381469727,6218500
2016-11-16,JSBL,9.449999809265137,9.460000038146973,9.069999694824219,9.210000038146973,9.210000038146973,2000000
2016-11-17,JSBL,9.25,10.210000038146973,9.25,10.100000381469727,10.100000381469727,21101500
2016-11-18,JSBL,10.1899995803833,10.1899995803833,9.510000228881836,9.59000015258789,9.59000015258789,5789500
2016-11-21,JSBL,9.600000381469727,9.920000076293945,9.510000228881836,9.609999656677246,9.609999656677246,3384000
2016-11-22,JSBL,9.569999694824219,9.9399995803833,9.569999694824219,9.680000305175781,9.680000305175781,4363000
2016-11-23,JSBL,9.649999618530273,9.649999618530273,9.260000228881836,9.380000114440918,9.380000114440918,3805500
2016-11-24,JSBL,9.399999618530273,9.649999618530273,9.100000381469727,9.15999984741211,9.15999984741211,1664500
2016-11-25,JSBL,9.300000190734863,9.449999809265137,9.199999809265137,9.229999542236328,9.229999542236328,1039000
2016-11-28,JSBL,9.399999618530273,9.399999618530273,8.90999984741211,8.979999542236328,8.979999542236328,1789500
2016-11-29,JSBL,9.010000228881836,9.550000190734863,9.010000228881836,9.15999984741211,9.15999984741211,6842500
2016-11-30,JSBL,9.260000228881836,9.350000381469727,9.0,9.050000190734863,9.050000190734863,1280500
2016-12-01,JSBL,9.300000190734863,9.5,8.949999809265137,8.989999771118164,8.989999771118164,5796500
2016-12-02,JSBL,9.079999923706055,9.140000343322754,8.90999984741211,9.0,9.0,1756000
2016-12-05,JSBL,9.0,9.25,9.0,9.119999885559082,9.119999885559082,1462500
2016-12-06,JSBL,9.119999885559082,9.34000015258789,9.100000381469727,9.25,9.25,2146500
2016-12-07,JSBL,9.25,9.380000114440918,9.0,9.079999923706055,9.079999923706055,1758500
2016-12-08,JSBL,9.140000343322754,9.329999923706055,9.100000381469727,9.1899995803833,9.1899995803833,2362000
2016-12-09,JSBL,9.229999542236328,9.699999809265137,9.199999809265137,9.649999618530273,9.649999618530273,6637500
2016-12-12,JSBL,9.649999618530273,9.649999618530273,9.649999618530273,9.649999618530273,9.649999618530273,0
2016-12-13,JSBL,9.739999771118164,10.100000381469727,9.699999809265137,9.829999923706055,9.829999923706055,8932500
2016-12-14,JSBL,9.800000190734863,9.989999771118164,9.569999694824219,9.8100004196167,9.8100004196167,2101500
2016-12-15,JSBL,9.869999885559082,10.15999984741211,9.850000381469727,9.979999542236328,9.979999542236328,6818000
2016-12-16,JSBL,9.979999542236328,10.069999694824219,9.600000381469727,9.699999809265137,9.699999809265137,3378000
2016-12-19,JSBL,9.890000343322754,10.050000190734863,9.75,9.960000038146973,9.960000038146973,3910500
2016-12-20,JSBL,10.100000381469727,10.739999771118164,9.989999771118164,10.550000190734863,10.550000190734863,16149000
2016-12-21,JSBL,10.550000190734863,11.0,10.100000381469727,10.779999732971191,10.779999732971191,8302000
2016-12-22,JSBL,10.899999618530273,11.180000305175781,10.300000190734863,10.399999618530273,10.399999618530273,6856000
2016-12-23,JSBL,10.390000343322754,10.949999809265137,10.390000343322754,10.550000190734863,10.550000190734863,3676500
2016-12-26,JSBL,10.420000076293945,10.739999771118164,10.170000076293945,10.270000457763672,10.270000457763672,3928500
2016-12-27,JSBL,10.270000457763672,10.600000381469727,10.25,10.5,10.5,2970500
2016-12-28,JSBL,10.550000190734863,10.84000015258789,10.5,10.5600004196167,10.5600004196167,2768500
2016-12-29,JSBL,10.600000381469727,11.199999809265137,10.489999771118164,11.039999961853027,11.039999961853027,5110500
2016-12-30,JSBL,11.25,11.350000381469727,10.649999618530273,10.8100004196167,10.8100004196167,7006000
2017-01-02,JSBL,10.970000267028809,11.0,10.699999809265137,10.859999656677246,10.859999656677246,3237500
2017-01-03,JSBL,10.920000076293945,11.199999809265137,10.649999618530273,11.079999923706055,11.079999923706055,4886500
2017-01-04,JSBL,11.100000381469727,11.199999809265137,10.699999809265137,10.760000228881836,10.760000228881836,7985000
2017-01-05,JSBL,10.529999732971191,10.899999618530273,10.5,10.510000228881836,10.510000228881836,3451000
2017-01-06,JSBL,10.600000381469727,11.289999961853027,10.600000381469727,10.920000076293945,10.920000076293945,7798500
2017-01-09,JSBL,11.0,11.109999656677246,10.819999694824219,10.9399995803833,10.9399995803833,1560500
2017-01-10,JSBL,10.850000381469727,11.140000343322754,10.710000038146973,11.010000228881836,11.010000228881836,1272000
2017-01-11,JSBL,11.09000015258789,11.680000305175781,10.899999618530273,11.569999694824219,11.569999694824219,5463000
2017-01-12,JSBL,11.5,11.800000190734863,11.300000190734863,11.609999656677246,11.609999656677246,1978500
2017-01-13,JSBL,11.75,11.899999618530273,11.449999809265137,11.640000343322754,11.640000343322754,1482000
2017-01-16,JSBL,11.600000381469727,11.739999771118164,11.239999771118164,11.5,11.5,1812500
2017-01-17,JSBL,11.5,11.579999923706055,10.899999618530273,11.319999694824219,11.319999694824219,2404500
2017-01-18,JSBL,11.319999694824219,11.600000381469727,11.100000381469727,11.4399995803833,11.4399995803833,1274500
2017-01-19,JSBL,11.649999618530273,11.899999618530273,11.350000381469727,11.800000190734863,11.800000190734863,3372000
2017-01-20,JSBL,12.010000228881836,12.350000381469727,11.850000381469727,12.020000457763672,12.020000457763672,4059500
2017-01-23,JSBL,12.109999656677246,12.699999809265137,12.050000190734863,12.350000381469727,12.350000381469727,1648500
2017-01-24,JSBL,12.600000381469727,12.600000381469727,12.100000381469727,12.180000305175781,12.180000305175781,6085500
2017-01-25,JSBL,12.350000381469727,12.680000305175781,12.199999809265137,12.479999542236328,12.479999542236328,3826000
2017-01-26,JSBL,12.699999809265137,12.699999809265137,12.25,12.489999771118164,12.489999771118164,653000
2017-01-27,JSBL,12.4399995803833,12.4399995803833,12.109999656677246,12.210000038146973,12.210000038146973,831500
2017-01-30,JSBL,12.300000190734863,12.300000190734863,11.609999656677246,11.729999542236328,11.729999542236328,708500
2017-01-31,JSBL,11.600000381469727,12.0,11.300000190734863,11.65999984741211,11.65999984741211,886500
2017-02-01,JSBL,11.880000114440918,12.050000190734863,11.770000457763672,12.010000228881836,12.010000228881836,4717000
2017-02-02,JSBL,12.109999656677246,12.149999618530273,11.40999984741211,11.520000457763672,11.520000457763672,2583000
2017-02-03,JSBL,11.40999984741211,11.5,11.100000381469727,11.1899995803833,11.1899995803833,644000
2017-02-06,JSBL,11.479999542236328,11.649999618530273,11.050000190734863,11.239999771118164,11.239999771118164,1175000
2017-02-07,JSBL,11.300000190734863,12.0,11.300000190734863,11.949999809265137,11.949999809265137,4675000
2017-02-08,JSBL,11.880000114440918,11.989999771118164,11.680000305175781,11.6899995803833,11.6899995803833,172500
2017-02-09,JSBL,11.619999885559082,11.979999542236328,11.449999809265137,11.470000267028809,11.470000267028809,664000
2017-02-10,JSBL,11.399999618530273,11.600000381469727,11.3100004196167,11.34000015258789,11.34000015258789,866000
2017-02-13,JSBL,11.5,11.600000381469727,11.199999809265137,11.319999694824219,11.319999694824219,1121000
2017-02-14,JSBL,10.800000190734863,11.199999809265137,10.75,11.170000076293945,11.170000076293945,635000
2017-02-15,JSBL,10.800000190734863,11.300000190734863,10.5,10.789999961853027,10.789999961853027,731000
2017-02-16,JSBL,11.100000381469727,11.100000381469727,10.949999809265137,10.949999809265137,10.949999809265137,168000
2017-02-17,JSBL,11.199999809265137,11.5,11.0,11.359999656677246,11.359999656677246,697000
2017-02-20,JSBL,11.5,11.899999618530273,11.25,11.279999732971191,11.279999732971191,2669500
2017-02-21,JSBL,11.050000190734863,11.5,11.050000190734863,11.09000015258789,11.09000015258789,71500
2017-02-22,JSBL,11.130000114440918,11.359999656677246,11.0,11.170000076293945,11.170000076293945,429500
2017-02-23,JSBL,11.0,11.329999923706055,10.600000381469727,10.630000114440918,10.630000114440918,4280000
2017-02-24,JSBL,10.520000457763672,10.899999618530273,10.5,10.789999961853027,10.789999961853027,1306000
2017-02-27,JSBL,10.600000381469727,10.600000381469727,10.25,10.289999961853027,10.289999961853027,388500
2017-02-28,JSBL,10.199999809265137,10.5,10.199999809265137,10.380000114440918,10.380000114440918,242000
2017-03-01,JSBL,10.050000190734863,10.640000343322754,10.0,10.420000076293945,10.420000076293945,611000
2017-03-02,JSBL,10.5,10.789999961853027,10.5,10.720000267028809,10.720000267028809,240000
2017-03-03,JSBL,10.970000267028809,10.970000267028809,10.510000228881836,10.720000267028809,10.720000267028809,435000
2017-03-06,JSBL,10.9399995803833,10.9399995803833,10.5,10.510000228881836,10.510000228881836,132500
2017-03-07,JSBL,10.699999809265137,10.699999809265137,10.25,10.359999656677246,10.359999656677246,159500
2017-03-08,JSBL,10.460000038146973,10.460000038146973,10.0,10.210000038146973,10.210000038146973,199000
2017-03-09,JSBL,10.300000190734863,10.300000190734863,10.0,10.109999656677246,10.109999656677246,81000
2017-03-10,JSBL,10.0,10.5,10.0,10.300000190734863,10.300000190734863,561000
2017-03-13,JSBL,10.6899995803833,10.6899995803833,10.119999885559082,10.300000190734863,10.300000190734863,202000
2017-03-14,JSBL,10.25,10.399999618530273,10.199999809265137,10.350000381469727,10.350000381469727,270500
2017-03-15,JSBL,10.25,10.399999618530273,10.199999809265137,10.25,10.25,334500
2017-03-16,JSBL,10.119999885559082,10.300000190734863,10.119999885559082,10.260000228881836,10.260000228881836,165500
2017-03-17,JSBL,10.119999885559082,10.430000305175781,10.010000228881836,10.119999885559082,10.119999885559082,5061500
2017-03-20,JSBL,10.550000190734863,10.800000190734863,10.300000190734863,10.710000038146973,10.710000038146973,5373000
2017-03-21,JSBL,10.6899995803833,10.6899995803833,10.5,10.5,10.5,2314500
2017-03-22,JSBL,10.300000190734863,10.800000190734863,10.300000190734863,10.699999809265137,10.699999809265137,2888500
2017-03-23,JSBL,10.699999809265137,10.699999809265137,10.699999809265137,10.699999809265137,10.699999809265137,0
2017-03-24,JSBL,10.520000457763672,10.680000305175781,10.399999618530273,10.449999809265137,10.449999809265137,354500
2017-03-27,JSBL,10.869999885559082,10.880000114440918,10.449999809265137,10.569999694824219,10.569999694824219,215000
2017-03-28,JSBL,10.399999618530273,10.800000190734863,10.350000381469727,10.460000038146973,10.460000038146973,265500
2017-03-29,JSBL,10.699999809265137,10.699999809265137,10.300000190734863,10.300000190734863,10.300000190734863,871000
2017-03-30,JSBL,10.020000457763672,10.300000190734863,10.0,10.279999732971191,10.279999732971191,5147500
2017-03-31,JSBL,10.220000267028809,10.710000038146973,10.010000228881836,10.420000076293945,10.420000076293945,412500
2017-04-03,JSBL,10.489999771118164,10.5,10.020000457763672,10.109999656677246,10.109999656677246,171000
2017-04-04,JSBL,10.489999771118164,10.489999771118164,9.970000267028809,10.0,10.0,312000
2017-04-05,JSBL,10.0,10.0,10.0,10.0,10.0,0
2017-04-06,JSBL,9.9399995803833,10.390000343322754,9.9399995803833,10.300000190734863,10.300000190734863,1335000
2017-04-07,JSBL,10.149999618530273,10.25,10.149999618530273,10.25,10.25,9000
2017-04-10,JSBL,10.100000381469727,10.239999771118164,10.0,10.199999809265137,10.199999809265137,347500
2017-04-11,JSBL,10.199999809265137,10.390000343322754,10.199999809265137,10.300000190734863,10.300000190734863,34000
2017-04-12,JSBL,10.300000190734863,10.399999618530273,10.0,10.140000343322754,10.140000343322754,1174500
2017-04-13,JSBL,10.199999809265137,10.199999809265137,10.0,10.0,10.0,410500
2017-04-14,JSBL,10.029999732971191,10.140000343322754,10.029999732971191,10.119999885559082,10.119999885559082,8500
2017-04-17,JSBL,9.949999809265137,10.079999923706055,9.949999809265137,10.039999961853027,10.039999961853027,460000
2017-04-18,JSBL,10.100000381469727,10.390000343322754,9.869999885559082,10.199999809265137,10.199999809265137,1169000
2017-04-19,JSBL,9.279999732971191,10.25,9.279999732971191,10.010000228881836,10.010000228881836,953500
2017-04-20,JSBL,10.010000228881836,10.25,9.899999618530273,9.960000038146973,9.960000038146973,3148000
2017-04-21,JSBL,10.199999809265137,10.34000015258789,10.0,10.119999885559082,10.119999885559082,2691500
2017-04-24,JSBL,10.199999809265137,10.300000190734863,10.0,10.010000228881836,10.010000228881836,454000
2017-04-25,JSBL,10.010000228881836,10.25,10.010000228881836,10.039999961853027,10.039999961853027,260000
2017-04-26,JSBL,10.020000457763672,10.100000381469727,9.899999618530273,9.979999542236328,9.979999542236328,221000
2017-04-27,JSBL,9.899999618530273,10.100000381469727,8.979999542236328,9.039999961853027,9.039999961853027,5334000
2017-04-28,JSBL,9.0,9.699999809265137,8.699999809265137,9.449999809265137,9.449999809265137,6001500
2017-05-01,JSBL,9.449999809265137,9.449999809265137,9.449999809265137,9.449999809265137,9.449999809265137,0
2017-05-02,JSBL,9.59000015258789,9.59000015258789,9.399999618530273,9.470000267028809,9.470000267028809,1617500
2017-05-03,JSBL,9.5,9.520000457763672,9.399999618530273,9.5,9.5,398000
2017-05-04,JSBL,9.6899995803833,10.149999618530273,9.6899995803833,9.710000038146973,9.710000038146973,1692500
2017-05-05,JSBL,9.9399995803833,10.100000381469727,9.899999618530273,10.0,10.0,1266000
2017-05-08,JSBL,10.050000190734863,10.229999542236328,10.010000228881836,10.029999732971191,10.029999732971191,1172500
2017-05-09,JSBL,9.760000228881836,10.010000228881836,9.760000228881836,9.899999618530273,9.899999618530273,1616500
2017-05-10,JSBL,9.899999618530273,10.149999618530273,9.899999618530273,9.989999771118164,9.989999771118164,278500
2017-05-11,JSBL,9.960000038146973,10.220000267028809,9.899999618530273,9.920000076293945,9.920000076293945,772500
2017-05-12,JSBL,9.960000038146973,10.100000381469727,9.899999618530273,10.0,10.0,874500
2017-05-15,JSBL,10.0,10.1899995803833,9.949999809265137,9.979999542236328,9.979999542236328,2366500
2017-05-16,JSBL,9.899999618530273,10.0,9.75,9.850000381469727,9.850000381469727,591000
2017-05-17,JSBL,9.899999618530273,10.0,9.800000190734863,9.829999923706055,9.829999923706055,115000
2017-05-18,JSBL,9.65999984741211,10.0,9.65999984741211,9.819999694824219,9.819999694824219,530500
2017-05-19,JSBL,9.770000457763672,9.899999618530273,9.5,9.720000267028809,9.720000267028809,353500
2017-05-22,JSBL,10.0,10.0,9.520000457763672,9.609999656677246,9.609999656677246,100500
2017-05-23,JSBL,9.9399995803833,10.0,9.600000381469727,9.609999656677246,9.609999656677246,447000
2017-05-24,JSBL,9.609999656677246,9.899999618530273,9.609999656677246,9.770000457763672,9.770000457763672,43500
2017-05-25,JSBL,9.800000190734863,9.800000190734863,9.449999809265137,9.449999809265137,9.449999809265137,760500
2017-05-26,JSBL,9.5,9.680000305175781,9.5,9.5,9.5,467000
2017-05-29,JSBL,9.399999618530273,9.399999618530273,9.25,9.3100004196167,9.3100004196167,47000
2017-05-30,JSBL,9.319999694824219,9.399999618530273,9.199999809265137,9.319999694824219,9.319999694824219,345000
2017-05-31,JSBL,9.199999809265137,9.25,9.180000305175781,9.239999771118164,9.239999771118164,420500
2017-06-01,JSBL,9.25,9.479999542236328,8.699999809265137,8.9399995803833,8.9399995803833,386500
2017-06-02,JSBL,8.760000228881836,9.800000190734863,8.760000228881836,9.4399995803833,9.4399995803833,434500
2017-06-05,JSBL,9.319999694824219,9.399999618530273,9.319999694824219,9.399999618530273,9.399999618530273,14000
2017-06-06,JSBL,9.25,9.600000381469727,9.0,9.359999656677246,9.359999656677246,52000
2017-06-07,JSBL,9.680000305175781,9.6899995803833,9.220000267028809,9.220000267028809,9.220000267028809,48500
2017-06-08,JSBL,9.149999618530273,9.149999618530273,9.149999618530273,9.149999618530273,9.149999618530273,58500
2017-06-09,JSBL,9.170000076293945,9.25,9.100000381469727,9.25,9.25,63500
2017-06-12,JSBL,9.069999694824219,9.069999694824219,8.800000190734863,8.8100004196167,8.8100004196167,73000
2017-06-13,JSBL,9.0,9.0,8.760000228881836,8.84000015258789,8.84000015258789,157500
2017-06-14,JSBL,8.899999618530273,8.899999618530273,8.800000190734863,8.800000190734863,8.800000190734863,6500
2017-06-15,JSBL,8.850000381469727,8.850000381469727,8.850000381469727,8.850000381469727,8.850000381469727,500
2017-06-16,JSBL,9.1899995803833,9.1899995803833,8.800000190734863,9.0,9.0,222000
2017-06-19,JSBL,8.710000038146973,8.710000038146973,8.699999809265137,8.699999809265137,8.699999809265137,810500
2017-06-20,JSBL,8.710000038146973,8.84000015258789,8.010000228881836,8.479999542236328,8.479999542236328,1231000
2017-06-21,JSBL,8.010000228881836,8.5,8.0,8.010000228881836,8.010000228881836,2667500
2017-06-22,JSBL,8.25,8.449999809265137,8.119999885559082,8.369999885559082,8.369999885559082,852000
2017-06-23,JSBL,8.369999885559082,8.369999885559082,8.369999885559082,8.369999885559082,8.369999885559082,0
2017-06-26,JSBL,8.369999885559082,8.369999885559082,8.369999885559082,8.369999885559082,8.369999885559082,0
2017-06-27,JSBL,8.369999885559082,8.369999885559082,8.369999885559082,8.369999885559082,8.369999885559082,0
2017-06-28,JSBL,8.369999885559082,8.369999885559082,8.369999885559082,8.369999885559082,8.369999885559082,0
2017-06-29,JSBL,8.989999771118164,9.369999885559082,8.0600004196167,8.899999618530273,8.899999618530273,208500
2017-06-30,JSBL,8.850000381469727,9.699999809265137,8.850000381469727,9.59000015258789,9.59000015258789,275000
2017-07-03,JSBL,8.710000038146973,9.199999809265137,8.710000038146973,8.729999542236328,8.729999542236328,82000
2017-07-04,JSBL,8.699999809265137,8.899999618530273,8.699999809265137,8.899999618530273,8.899999618530273,4000
2017-07-05,JSBL,8.520000457763672,8.979999542236328,8.510000228881836,8.600000381469727,8.600000381469727,38000
2017-07-06,JSBL,9.449999809265137,9.479999542236328,8.489999771118164,8.489999771118164,8.489999771118164,155500
2017-07-07,JSBL,8.5,8.520000457763672,8.220000267028809,8.5,8.5,571000
2017-07-10,JSBL,8.869999885559082,9.0,8.760000228881836,8.989999771118164,8.989999771118164,126000
2017-07-11,JSBL,8.25,8.989999771118164,8.170000076293945,8.25,8.25,1139500
2017-07-12,JSBL,8.600000381469727,8.600000381469727,7.800000190734863,7.900000095367432,7.900000095367432,2988000
2017-07-13,JSBL,8.0,8.149999618530273,7.989999771118164,8.0,8.0,998500
2017-07-14,JSBL,8.239999771118164,8.600000381469727,8.100000381469727,8.5,8.5,536500
2017-07-17,JSBL,8.15999984741211,8.390000343322754,8.15999984741211,8.390000343322754,8.390000343322754,303000
2017-07-18,JSBL,8.300000190734863,8.449999809265137,8.25,8.449999809265137,8.449999809265137,393500
2017-07-19,JSBL,8.5,8.5,8.199999809265137,8.300000190734863,8.300000190734863,144000
2017-07-20,JSBL,8.5,8.5,8.319999694824219,8.399999618530273,8.399999618530273,47000
2017-07-21,JSBL,8.399999618530273,8.399999618530273,8.399999618530273,8.399999618530273,8.399999618530273,1000
2017-07-24,JSBL,8.399999618530273,8.399999618530273,8.399999618530273,8.399999618530273,8.399999618530273,0
2017-07-25,JSBL,8.399999618530273,8.5,8.399999618530273,8.430000305175781,8.430000305175781,128500
2017-07-26,JSBL,8.300000190734863,8.640000343322754,8.25,8.25,8.25,5000
2017-07-27,JSBL,8.25,8.449999809265137,8.199999809265137,8.300000190734863,8.300000190734863,40000
2017-07-28,JSBL,7.559999942779541,8.989999771118164,7.559999942779541,8.819999694824219,8.819999694824219,74000
2017-07-31,JSBL,8.199999809265137,8.869999885559082,8.199999809265137,8.270000457763672,8.270000457763672,128500
2017-08-01,JSBL,8.59000015258789,8.59000015258789,8.149999618530273,8.319999694824219,8.319999694824219,6500
2017-08-02,JSBL,8.399999618530273,8.600000381469727,8.329999923706055,8.579999923706055,8.579999923706055,226000
2017-08-03,JSBL,8.449999809265137,8.600000381469727,8.449999809265137,8.550000190734863,8.550000190734863,53500
2017-08-04,JSBL,8.890000343322754,8.899999618530273,8.489999771118164,8.600000381469727,8.600000381469727,64000
2017-08-07,JSBL,8.5,8.6899995803833,8.329999923706055,8.649999618530273,8.649999618530273,507500
2017-08-08,JSBL,8.600000381469727,8.600000381469727,8.5,8.550000190734863,8.550000190734863,103000
2017-08-09,JSBL,8.5,8.5,8.420000076293945,8.5,8.5,55500
2017-08-10,JSBL,8.449999809265137,8.460000038146973,8.449999809265137,8.449999809265137,8.449999809265137,81500
2017-08-11,JSBL,8.420000076293945,9.0,8.420000076293945,8.449999809265137,8.449999809265137,27500
2017-08-14,JSBL,8.449999809265137,8.449999809265137,8.449999809265137,8.449999809265137,8.449999809265137,0
2017-08-15,JSBL,8.489999771118164,8.489999771118164,8.119999885559082,8.239999771118164,8.239999771118164,5098000
2017-08-16,JSBL,8.199999809265137,8.289999961853027,8.170000076293945,8.289999961853027,8.289999961853027,526000
2017-08-17,JSBL,8.890000343322754,8.890000343322754,8.0,8.199999809265137,8.199999809265137,117000
2017-08-18,JSBL,7.5,8.0,7.5,7.989999771118164,7.989999771118164,50500
2017-08-21,JSBL,7.989999771118164,8.0,7.75,7.75,7.75,69500
2017-08-22,JSBL,7.510000228881836,7.550000190734863,7.510000228881836,7.550000190734863,7.550000190734863,15500
2017-08-23,JSBL,8.0,8.010000228881836,7.980000019073486,8.0,8.0,138500
2017-08-24,JSBL,8.199999809265137,8.199999809265137,7.900000095367432,7.900000095367432,7.900000095367432,86500
2017-08-25,JSBL,8.149999618530273,8.470000267028809,8.010000228881836,8.140000343322754,8.140000343322754,78500
2017-08-28,JSBL,8.140000343322754,8.140000343322754,8.140000343322754,8.140000343322754,8.140000343322754,0
2017-08-29,JSBL,7.599999904632568,8.0,7.599999904632568,7.929999828338623,7.929999828338623,35500
2017-08-30,JSBL,7.519999980926514,8.850000381469727,7.519999980926514,7.900000095367432,7.900000095367432,104000
2017-08-31,JSBL,7.900000095367432,7.900000095367432,7.900000095367432,7.900000095367432,7.900000095367432,0
2017-09-01,JSBL,7.900000095367432,7.900000095367432,7.900000095367432,7.900000095367432,7.900000095367432,0
2017-09-04,JSBL,7.900000095367432,7.900000095367432,7.900000095367432,7.900000095367432,7.900000095367432,0
2017-09-05,JSBL,8.0,8.25,8.0,8.25,8.25,4500
2017-09-06,JSBL,8.109999656677246,8.449999809265137,8.0,8.149999618530273,8.149999618530273,12535500
2017-09-07,JSBL,8.0,8.229999542236328,7.909999847412109,8.029999732971191,8.029999732971191,4123500
2017-09-08,JSBL,8.239999771118164,8.239999771118164,8.020000457763672,8.130000114440918,8.130000114440918,4000
2017-09-11,JSBL,8.100000381469727,8.100000381469727,8.0,8.0,8.0,8000
2017-09-12,JSBL,8.010000228881836,8.010000228881836,8.010000228881836,8.010000228881836,8.010000228881836,16000
2017-09-13,JSBL,8.0,8.149999618530273,8.0,8.149999618530273,8.149999618530273,75500
2017-09-14,JSBL,8.149999618530273,8.15999984741211,8.149999618530273,8.149999618530273,8.149999618530273,28500
2017-09-15,JSBL,8.149999618530273,8.199999809265137,8.149999618530273,8.199999809265137,8.199999809265137,120000
2017-09-18,JSBL,8.390000343322754,8.399999618530273,8.300000190734863,8.300000190734863,8.300000190734863,78500
2017-09-19,JSBL,8.470000267028809,8.600000381469727,8.100000381469727,8.25,8.25,533500
2017-09-20,JSBL,8.199999809265137,8.449999809265137,8.050000190734863,8.100000381469727,8.100000381469727,9000
2017-09-21,JSBL,8.880000114440918,8.880000114440918,8.0,8.100000381469727,8.100000381469727,51500
2017-09-22,JSBL,8.34000015258789,8.34000015258789,8.0,8.0,8.0,1002000
2017-09-25,JSBL,8.010000228881836,8.010000228881836,7.900000095367432,8.0,8.0,133000
2017-09-26,JSBL,7.949999809265137,8.0,7.900000095367432,8.0,8.0,28000
2017-09-27,JSBL,7.860000133514404,8.130000114440918,7.860000133514404,8.130000114440918,8.130000114440918,10000
2017-09-28,JSBL,8.350000381469727,8.350000381469727,8.0,8.149999618530273,8.149999618530273,31000
2017-09-29,JSBL,8.0,8.899999618530273,8.0,8.579999923706055,8.579999923706055,138500
2017-10-02,JSBL,8.399999618530273,8.800000190734863,8.25,8.25,8.25,152500
2017-10-03,JSBL,8.020000457763672,8.369999885559082,8.0,8.0,8.0,4261000
2017-10-04,JSBL,8.0,8.0,7.599999904632568,7.599999904632568,7.599999904632568,13000
2017-10-05,JSBL,7.650000095367432,8.0,7.650000095367432,8.0,8.0,28000
2017-10-06,JSBL,7.800000190734863,8.100000381469727,7.699999809265137,8.029999732971191,8.029999732971191,94500
2017-10-09,JSBL,8.479999542236328,8.479999542236328,7.949999809265137,7.949999809265137,7.949999809265137,379500
2017-10-10,JSBL,8.010000228881836,8.100000381469727,7.800000190734863,7.989999771118164,7.989999771118164,6100000
2017-10-11,JSBL,8.0,8.0,7.650000095367432,7.769999980926514,7.769999980926514,389000
2017-10-12,JSBL,7.829999923706055,7.829999923706055,7.519999980926514,7.590000152587891,7.590000152587891,59000
2017-10-13,JSBL,7.75,7.75,7.5,7.5,7.5,19500
2017-10-16,JSBL,7.5,7.75,7.480000019073486,7.5,7.5,664000
2017-10-17,JSBL,7.510000228881836,7.510000228881836,7.5,7.5,7.5,12500
2017-10-18,JSBL,7.5,7.5,7.5,7.5,7.5,500
2017-10-19,JSBL,7.449999809265137,7.449999809265137,7.420000076293945,7.420000076293945,7.420000076293945,401500
2017-10-20,JSBL,7.5,7.5,7.5,7.5,7.5,10000
2017-10-23,JSBL,7.510000228881836,7.610000133514404,7.409999847412109,7.570000171661377,7.570000171661377,328000
2017-10-24,JSBL,7.610000133514404,7.980000019073486,7.599999904632568,7.800000190734863,7.800000190734863,1603500
2017-10-25,JSBL,7.809999942779541,8.0,7.809999942779541,7.820000171661377,7.820000171661377,132500
2017-10-26,JSBL,7.650000095367432,8.569999694824219,7.619999885559082,8.09000015258789,8.09000015258789,122500
2017-10-27,JSBL,7.75,8.300000190734863,7.710000038146973,7.96999979019165,7.96999979019165,186000
2017-10-30,JSBL,8.260000228881836,8.5,7.710000038146973,7.989999771118164,7.989999771118164,137000
2017-10-31,JSBL,7.699999809265137,7.699999809265137,7.619999885559082,7.619999885559082,7.619999885559082,15000
2017-11-01,JSBL,7.699999809265137,7.75,7.610000133514404,7.659999847412109,7.659999847412109,43500
2017-11-02,JSBL,7.659999847412109,7.659999847412109,7.659999847412109,7.659999847412109,7.659999847412109,0
2017-11-03,JSBL,7.949999809265137,8.0,7.75,7.869999885559082,7.869999885559082,1329500
2017-11-06,JSBL,7.630000114440918,7.650000095367432,7.599999904632568,7.650000095367432,7.650000095367432,22000
2017-11-07,JSBL,7.599999904632568,7.599999904632568,7.599999904632568,7.599999904632568,7.599999904632568,2000
2017-11-08,JSBL,7.599999904632568,7.599999904632568,7.599999904632568,7.599999904632568,7.599999904632568,265000
2017-11-09,JSBL,8.0,8.0,7.699999809265137,7.699999809265137,7.699999809265137,331000
2017-11-10,JSBL,7.980000019073486,7.989999771118164,7.980000019073486,7.989999771118164,7.989999771118164,1080000
2017-11-13,JSBL,7.920000076293945,7.920000076293945,7.900000095367432,7.900000095367432,7.900000095367432,1009500
2017-11-14,JSBL,7.900000095367432,7.900000095367432,7.900000095367432,7.900000095367432,7.900000095367432,500000
2017-11-15,JSBL,7.900000095367432,7.900000095367432,7.300000190734863,7.889999866485596,7.889999866485596,4000
2017-11-16,JSBL,7.889999866485596,7.889999866485596,7.889999866485596,7.889999866485596,7.889999866485596,0
2017-11-17,JSBL,7.880000114440918,8.0,7.880000114440918,8.0,8.0,165000
2017-11-20,JSBL,8.0,8.0,8.0,8.0,8.0,0
2017-11-21,JSBL,8.0,8.0,8.0,8.0,8.0,0
2017-11-22,JSBL,7.5,7.5,7.5,7.5,7.5,10000
2017-11-23,JSBL,7.5,7.5,7.010000228881836,7.460000038146973,7.460000038146973,109500
2017-11-24,JSBL,7.5,7.800000190734863,7.5,7.699999809265137,7.699999809265137,305000
2017-11-27,JSBL,7.699999809265137,7.699999809265137,7.400000095367432,7.400000095367432,7.400000095367432,437500
2017-11-28,JSBL,7.699999809265137,7.699999809265137,7.019999980926514,7.079999923706055,7.079999923706055,257500
2017-11-29,JSBL,7.5,7.739999771118164,7.480000019073486,7.480000019073486,7.480000019073486,253500
2017-11-30,JSBL,7.710000038146973,7.710000038146973,7.300000190734863,7.409999847412109,7.409999847412109,1704500
2017-12-01,JSBL,7.409999847412109,7.409999847412109,7.409999847412109,7.409999847412109,7.409999847412109,0
2017-12-04,JSBL,7.5,7.5,7.159999847412109,7.5,7.5,522500
2017-12-05,JSBL,7.25,7.5,7.25,7.400000095367432,7.400000095367432,204000
2017-12-06,JSBL,7.400000095367432,7.400000095367432,7.400000095367432,7.400000095367432,7.400000095367432,0
2017-12-07,JSBL,7.650000095367432,7.650000095367432,7.210000038146973,7.210000038146973,7.210000038146973,1506000
2017-12-08,JSBL,7.0,7.449999809265137,7.0,7.0,7.0,166500
2017-12-11,JSBL,6.75,7.300000190734863,6.75,7.170000076293945,7.170000076293945,125500
2017-12-12,JSBL,6.610000133514404,7.0,6.5,7.0,7.0,6224500
2017-12-13,JSBL,7.0,7.0,7.0,7.0,7.0,68500
2017-12-14,JSBL,6.650000095367432,6.650000095367432,6.570000171661377,6.570000171661377,6.570000171661377,63000
2017-12-15,JSBL,7.0,7.199999809265137,6.949999809265137,7.0,7.0,4615000
2017-12-18,JSBL,7.0,7.0,6.989999771118164,7.0,7.0,5500
2017-12-19,JSBL,7.179999828338623,7.179999828338623,6.599999904632568,6.599999904632568,6.599999904632568,27000
2017-12-20,JSBL,6.570000171661377,7.0,6.570000171661377,7.0,7.0,13500
2017-12-21,JSBL,6.900000095367432,6.949999809265137,6.619999885559082,6.900000095367432,6.900000095367432,439500
2017-12-22,JSBL,7.010000228881836,7.5,7.0,7.320000171661377,7.320000171661377,1706500
2017-12-25,JSBL,7.320000171661377,7.320000171661377,7.320000171661377,7.320000171661377,7.320000171661377,0
2017-12-26,JSBL,7.25,7.349999904632568,7.0,7.010000228881836,7.010000228881836,424500
2017-12-27,JSBL,7.03000020980835,7.050000190734863,7.0,7.019999980926514,7.019999980926514,830500
2017-12-28,JSBL,7.159999847412109,7.309999942779541,7.010000228881836,7.03000020980835,7.03000020980835,402000
2017-12-29,JSBL,7.349999904632568,7.900000095367432,7.099999904632568,7.519999980926514,7.519999980926514,743500
2018-01-01,JSBL,7.5,7.5,7.480000019073486,7.5,7.5,112000
2018-01-02,JSBL,7.489999771118164,7.699999809265137,7.269999980926514,7.400000095367432,7.400000095367432,300000
2018-01-03,JSBL,7.650000095367432,7.650000095367432,7.199999809265137,7.25,7.25,496500
2018-01-04,JSBL,7.380000114440918,8.199999809265137,7.380000114440918,7.789999961853027,7.789999961853027,1567000
2018-01-05,JSBL,7.949999809265137,8.5,7.849999904632568,8.289999961853027,8.289999961853027,5914500
2018-01-08,JSBL,8.390000343322754,8.449999809265137,8.100000381469727,8.149999618530273,8.149999618530273,463000
2018-01-09,JSBL,8.199999809265137,8.239999771118164,8.020000457763672,8.050000190734863,8.050000190734863,14500
2018-01-10,JSBL,8.100000381469727,8.199999809265137,8.029999732971191,8.029999732971191,8.029999732971191,48500
2018-01-11,JSBL,8.119999885559082,8.470000267028809,8.119999885559082,8.220000267028809,8.220000267028809,1427000
2018-01-12,JSBL,8.100000381469727,8.100000381469727,8.0,8.010000228881836,8.010000228881836,170500
2018-01-15,JSBL,8.0,8.0,8.0,8.0,8.0,2000
2018-01-16,JSBL,7.5,8.0,7.5,7.880000114440918,7.880000114440918,425000
2018-01-17,JSBL,8.199999809265137,8.199999809265137,7.949999809265137,7.949999809265137,7.949999809265137,1072000
2018-01-18,JSBL,8.100000381469727,8.100000381469727,7.710000038146973,7.75,7.75,257500
2018-01-19,JSBL,8.050000190734863,8.300000190734863,8.0,8.010000228881836,8.010000228881836,987000
2018-01-22,JSBL,8.020000457763672,8.079999923706055,8.0,8.0,8.0,165500
2018-01-23,JSBL,7.949999809265137,8.199999809265137,7.949999809265137,8.0,8.0,141500
2018-01-24,JSBL,8.010000228881836,8.350000381469727,8.010000228881836,8.350000381469727,8.350000381469727,830500
2018-01-25,JSBL,8.25,8.6899995803833,8.25,8.40999984741211,8.40999984741211,672000
2018-01-26,JSBL,8.75,8.800000190734863,8.25,8.649999618530273,8.649999618530273,181500
2018-01-29,JSBL,8.649999618530273,8.649999618530273,8.649999618530273,8.649999618530273,8.649999618530273,0
2018-01-30,JSBL,8.800000190734863,9.0,8.630000114440918,8.649999618530273,8.649999618530273,629000
2018-01-31,JSBL,8.449999809265137,8.550000190734863,8.449999809265137,8.5,8.5,60500
2018-02-01,JSBL,8.699999809265137,8.699999809265137,8.600000381469727,8.600000381469727,8.600000381469727,1500
2018-02-02,JSBL,8.699999809265137,8.699999809265137,8.40999984741211,8.40999984741211,8.40999984741211,9500
2018-02-05,JSBL,8.40999984741211,8.40999984741211,8.40999984741211,8.40999984741211,8.40999984741211,0
2018-02-06,JSBL,8.40999984741211,8.40999984741211,8.40999984741211,8.40999984741211,8.40999984741211,0
2018-02-07,JSBL,8.3100004196167,8.699999809265137,8.3100004196167,8.680000305175781,8.680000305175781,105000
2018-02-08,JSBL,8.680000305175781,8.680000305175781,8.680000305175781,8.680000305175781,8.680000305175781,0
2018-02-09,JSBL,8.300000190734863,8.550000190734863,8.300000190734863,8.550000190734863,8.550000190734863,23500
2018-02-12,JSBL,8.5,8.5,8.5,8.5,8.5,5000
2018-02-13,JSBL,8.399999618530273,8.399999618530273,8.300000190734863,8.359999656677246,8.359999656677246,51500
2018-02-14,JSBL,8.25,8.25,8.25,8.25,8.25,28500
2018-02-15,JSBL,8.109999656677246,8.109999656677246,8.0,8.020000457763672,8.020000457763672,56500
2018-02-16,JSBL,7.909999847412109,8.899999618530273,7.900000095367432,8.609999656677246,8.609999656677246,127500
2018-02-19,JSBL,8.300000190734863,8.300000190734863,8.300000190734863,8.300000190734863,8.300000190734863,4000
2018-02-20,JSBL,8.199999809265137,8.550000190734863,8.199999809265137,8.3100004196167,8.3100004196167,4000
2018-02-21,JSBL,8.600000381469727,8.600000381469727,8.15999984741211,8.15999984741211,8.15999984741211,6500
2018-02-22,JSBL,8.050000190734863,8.5,8.050000190734863,8.5,8.5,57000
2018-02-23,JSBL,8.130000114440918,8.770000457763672,8.109999656677246,8.489999771118164,8.489999771118164,83500
2018-02-26,JSBL,8.300000190734863,8.739999771118164,8.25,8.5,8.5,273000
2018-02-27,JSBL,8.220000267028809,8.350000381469727,8.220000267028809,8.350000381469727,8.350000381469727,6000
2018-02-28,JSBL,8.210000038146973,8.5,8.210000038146973,8.300000190734863,8.300000190734863,40500
2018-03-01,JSBL,8.5,8.699999809265137,8.399999618530273,8.399999618530273,8.399999618530273,121500
2018-03-02,JSBL,8.210000038146973,8.399999618530273,8.0,8.239999771118164,8.239999771118164,713500
2018-03-05,JSBL,8.149999618530273,8.149999618530273,8.0,8.140000343322754,8.140000343322754,221000
2018-03-06,JSBL,8.069999694824219,8.25,8.0600004196167,8.079999923706055,8.079999923706055,69000
2018-03-07,JSBL,8.25,8.350000381469727,8.020000457763672,8.069999694824219,8.069999694824219,203500
2018-03-08,JSBL,8.039999961853027,8.050000190734863,7.820000171661377,8.0,8.0,143000
2018-03-09,JSBL,8.0,8.350000381469727,7.909999847412109,7.989999771118164,7.989999771118164,147500
2018-03-12,JSBL,7.840000152587891,7.840000152587891,7.800000190734863,7.800000190734863,7.800000190734863,7500
2018-03-13,JSBL,7.809999942779541,7.989999771118164,7.800000190734863,7.989999771118164,7.989999771118164,16000
2018-03-14,JSBL,7.849999904632568,7.849999904632568,7.820000171661377,7.849999904632568,7.849999904632568,5000
2018-03-15,JSBL,7.820000171661377,7.889999866485596,7.809999942779541,7.840000152587891,7.840000152587891,10500
2018-03-16,JSBL,7.989999771118164,7.989999771118164,7.800000190734863,7.809999942779541,7.809999942779541,10500
2018-03-19,JSBL,7.75,7.900000095367432,7.699999809265137,7.900000095367432,7.900000095367432,3500
2018-03-20,JSBL,7.989999771118164,8.149999618530273,7.909999847412109,7.949999809265137,7.949999809265137,46500
2018-03-21,JSBL,7.920000076293945,8.0,7.920000076293945,8.0,8.0,1000
2018-03-22,JSBL,8.0,8.489999771118164,8.0,8.40999984741211,8.40999984741211,128000
2018-03-23,JSBL,8.40999984741211,8.40999984741211,8.40999984741211,8.40999984741211,8.40999984741211,0
2018-03-26,JSBL,8.25,8.25,8.020000457763672,8.050000190734863,8.050000190734863,183000
2018-03-27,JSBL,8.100000381469727,8.199999809265137,8.100000381469727,8.1899995803833,8.1899995803833,210000
2018-03-28,JSBL,8.199999809265137,8.289999961853027,8.15999984741211,8.199999809265137,8.199999809265137,130000
2018-03-29,JSBL,8.0600004196167,8.789999961853027,8.010000228881836,8.649999618530273,8.649999618530273,885500
2018-03-30,JSBL,8.890000343322754,9.149999618530273,8.399999618530273,8.930000305175781,8.930000305175781,11965000
2018-04-02,JSBL,8.5,8.5,8.25,8.289999961853027,8.289999961853027,296500
2018-04-03,JSBL,8.210000038146973,8.75,8.15999984741211,8.600000381469727,8.600000381469727,171500
2018-04-04,JSBL,8.399999618530273,8.600000381469727,8.399999618530273,8.520000457763672,8.520000457763672,3035500
2018-04-05,JSBL,8.399999618530273,8.59000015258789,8.399999618530273,8.449999809265137,8.449999809265137,30000
2018-04-06,JSBL,8.5,9.449999809265137,8.5,9.229999542236328,9.229999542236328,1979500
2018-04-09,JSBL,9.0,9.100000381469727,8.850000381469727,8.979999542236328,8.979999542236328,70000
2018-04-10,JSBL,8.989999771118164,8.989999771118164,8.760000228881836,8.930000305175781,8.930000305175781,3000
2018-04-11,JSBL,8.800000190734863,9.149999618530273,8.800000190734863,8.8100004196167,8.8100004196167,173000
2018-04-12,JSBL,8.8100004196167,8.8100004196167,8.649999618530273,8.649999618530273,8.649999618530273,99500
2018-04-13,JSBL,8.520000457763672,9.390000343322754,8.520000457763672,9.100000381469727,9.100000381469727,397000
2018-04-16,JSBL,8.800000190734863,9.0,8.75,8.760000228881836,8.760000228881836,53500
2018-04-17,JSBL,8.699999809265137,9.1899995803833,8.600000381469727,8.609999656677246,8.609999656677246,44500
2018-04-18,JSBL,8.65999984741211,8.960000038146973,8.65999984741211,8.699999809265137,8.699999809265137,73500
2018-04-19,JSBL,9.199999809265137,9.199999809265137,8.609999656677246,8.609999656677246,8.609999656677246,13500
2018-04-20,JSBL,8.529999732971191,8.5600004196167,8.529999732971191,8.550000190734863,8.550000190734863,13500
2018-04-23,JSBL,8.520000457763672,8.550000190734863,8.520000457763672,8.550000190734863,8.550000190734863,2000
2018-04-24,JSBL,8.649999618530273,9.550000190734863,8.649999618530273,9.25,9.25,1291000
2018-04-25,JSBL,9.140000343322754,9.140000343322754,8.789999961853027,8.8100004196167,8.8100004196167,154000
2018-04-26,JSBL,9.0,9.0,8.600000381469727,8.649999618530273,8.649999618530273,102500
2018-04-27,JSBL,8.800000190734863,9.100000381469727,8.710000038146973,9.0,9.0,5100500
2018-04-30,JSBL,8.899999618530273,9.100000381469727,8.699999809265137,8.850000381469727,8.850000381469727,5500
2018-05-01,JSBL,8.850000381469727,8.850000381469727,8.850000381469727,8.850000381469727,8.850000381469727,0
2018-05-02,JSBL,8.850000381469727,8.850000381469727,8.850000381469727,8.850000381469727,8.850000381469727,0
2018-05-03,JSBL,8.609999656677246,8.65999984741211,8.609999656677246,8.640000343322754,8.640000343322754,8500
2018-05-04,JSBL,8.699999809265137,8.699999809265137,8.699999809265137,8.699999809265137,8.699999809265137,1500
2018-05-07,JSBL,8.510000228881836,8.510000228881836,8.25,8.5,8.5,337000
2018-05-08,JSBL,8.25,8.399999618530273,8.0,8.0600004196167,8.0600004196167,697000
2018-05-09,JSBL,8.100000381469727,8.25,8.100000381469727,8.25,8.25,46500
2018-05-10,JSBL,8.130000114440918,8.130000114440918,8.130000114440918,8.130000114440918,8.130000114440918,1000
2018-05-11,JSBL,8.199999809265137,8.25,8.0600004196167,8.0600004196167,8.0600004196167,2002500
2018-05-14,JSBL,8.100000381469727,8.100000381469727,7.699999809265137,7.710000038146973,7.710000038146973,40500
2018-05-15,JSBL,7.710000038146973,7.710000038146973,7.710000038146973,7.710000038146973,7.710000038146973,0
2018-05-16,JSBL,7.710000038146973,7.710000038146973,7.710000038146973,7.710000038146973,7.710000038146973,0
2018-05-17,JSBL,8.359999656677246,8.390000343322754,8.359999656677246,8.380000114440918,8.380000114440918,2500
2018-05-18,JSBL,8.899999618530273,8.899999618530273,8.479999542236328,8.479999542236328,8.479999542236328,1000
2018-05-21,JSBL,8.479999542236328,8.479999542236328,8.479999542236328,8.479999542236328,8.479999542236328,0
2018-05-22,JSBL,8.0,8.010000228881836,7.989999771118164,8.0,8.0,142500
2018-05-23,JSBL,8.010000228881836,8.010000228881836,7.699999809265137,7.75,7.75,15000
2018-05-24,JSBL,7.75,7.989999771118164,7.5,7.659999847412109,7.659999847412109,1694000
2018-05-25,JSBL,7.650000095367432,7.659999847412109,7.5,7.510000228881836,7.510000228881836,305500
2018-05-28,JSBL,7.400000095367432,7.96999979019165,7.400000095367432,7.739999771118164,7.739999771118164,320500
2018-05-29,JSBL,7.75,7.75,7.699999809265137,7.699999809265137,7.699999809265137,12500
2018-05-30,JSBL,7.53000020980835,7.949999809265137,7.269999980926514,7.639999866485596,7.639999866485596,1783500
2018-05-31,JSBL,7.599999904632568,7.75,7.519999980926514,7.610000133514404,7.610000133514404,7500
2018-06-01,JSBL,7.75,7.75,7.599999904632568,7.599999904632568,7.599999904632568,2000
2018-06-04,JSBL,7.519999980926514,7.800000190734863,7.519999980926514,7.75,7.75,910000
2018-06-05,JSBL,7.75,7.75,7.659999847412109,7.699999809265137,7.699999809265137,4000
2018-06-06,JSBL,7.880000114440918,8.100000381469727,7.880000114440918,8.0,8.0,576500
2018-06-07,JSBL,7.900000095367432,8.25,7.809999942779541,8.25,8.25,6500
2018-06-08,JSBL,8.25,8.25,8.25,8.25,8.25,0
2018-06-11,JSBL,7.809999942779541,7.820000171661377,7.809999942779541,7.809999942779541,7.809999942779541,3000
2018-06-12,JSBL,7.710000038146973,7.71999979019165,7.519999980926514,7.53000020980835,7.53000020980835,20500
2018-06-13,JSBL,7.989999771118164,7.989999771118164,7.5,7.599999904632568,7.599999904632568,429000
2018-06-14,JSBL,7.75,8.149999618530273,7.619999885559082,7.849999904632568,7.849999904632568,244000
2018-06-15,JSBL,7.849999904632568,7.849999904632568,7.849999904632568,7.849999904632568,7.849999904632568,0
2018-06-18,JSBL,7.849999904632568,7.849999904632568,7.849999904632568,7.849999904632568,7.849999904632568,0
2018-06-19,JSBL,7.849999904632568,7.849999904632568,7.849999904632568,7.849999904632568,7.849999904632568,0
2018-06-20,JSBL,7.800000190734863,8.0,7.75,7.989999771118164,7.989999771118164,84000
2018-06-21,JSBL,7.699999809265137,7.699999809265137,7.599999904632568,7.639999866485596,7.639999866485596,126500
2018-06-22,JSBL,7.550000190734863,7.699999809265137,7.550000190734863,7.550000190734863,7.550000190734863,14500
2018-06-25,JSBL,7.550000190734863,7.550000190734863,7.550000190734863,7.550000190734863,7.550000190734863,400000
2018-06-26,JSBL,7.800000190734863,8.399999618530273,7.710000038146973,8.170000076293945,8.170000076293945,45500
2018-06-27,JSBL,8.0,8.0,7.699999809265137,7.75,7.75,2929000
2018-06-28,JSBL,7.75,7.980000019073486,7.599999904632568,7.619999885559082,7.619999885559082,227000
2018-06-29,JSBL,7.849999904632568,8.449999809265137,7.800000190734863,8.34000015258789,8.34000015258789,4751000
2018-07-02,JSBL,8.350000381469727,8.350000381469727,7.900000095367432,7.920000076293945,7.920000076293945,73000
2018-07-03,JSBL,7.75,8.0,7.699999809265137,7.739999771118164,7.739999771118164,513000
2018-07-04,JSBL,7.75,7.75,7.599999904632568,7.599999904632568,7.599999904632568,12000
2018-07-05,JSBL,7.599999904632568,7.599999904632568,7.5,7.5,7.5,615000
2018-07-06,JSBL,7.409999847412109,7.5,7.400000095367432,7.5,7.5,80000
2018-07-09,JSBL,7.5,7.5,7.019999980926514,7.210000038146973,7.210000038146973,2964000
2018-07-10,JSBL,7.25,7.300000190734863,7.070000171661377,7.099999904632568,7.099999904632568,141500
2018-07-11,JSBL,7.210000038146973,7.309999942779541,7.210000038146973,7.300000190734863,7.300000190734863,19000
2018-07-12,JSBL,7.300000190734863,7.320000171661377,7.300000190734863,7.300000190734863,7.300000190734863,933000
2018-07-13,JSBL,7.650000095367432,8.0,7.510000228881836,7.610000133514404,7.610000133514404,888500
2018-07-16,JSBL,7.650000095367432,7.650000095367432,7.5,7.5,7.5,81000
2018-07-17,JSBL,7.5,7.949999809265137,7.449999809265137,7.5,7.5,1235500
2018-07-18,JSBL,7.5,7.760000228881836,7.449999809265137,7.5,7.5,4086500
2018-07-19,JSBL,7.699999809265137,7.739999771118164,7.5,7.630000114440918,7.630000114440918,1404500
2018-07-20,JSBL,7.75,8.5,7.75,8.170000076293945,8.170000076293945,298000
2018-07-23,JSBL,8.239999771118164,8.25,7.78000020980835,8.0,8.0,187000
2018-07-24,JSBL,8.300000190734863,8.649999618530273,8.199999809265137,8.5600004196167,8.5600004196167,725000
2018-07-25,JSBL,8.5600004196167,8.5600004196167,8.5600004196167,8.5600004196167,8.5600004196167,0
2018-07-26,JSBL,8.760000228881836,8.760000228881836,8.199999809265137,8.260000228881836,8.260000228881836,68500
2018-07-27,JSBL,7.849999904632568,8.960000038146973,7.849999904632568,8.670000076293945,8.670000076293945,410500
2018-07-30,JSBL,8.5,8.5,8.25,8.350000381469727,8.350000381469727,90000
2018-07-31,JSBL,8.15999984741211,8.600000381469727,7.860000133514404,8.029999732971191,8.029999732971191,332500
2018-08-01,JSBL,8.0,8.350000381469727,8.0,8.100000381469727,8.100000381469727,77500
2018-08-02,JSBL,8.010000228881836,8.010000228881836,8.0,8.0,8.0,65000
2018-08-03,JSBL,7.769999980926514,8.0,7.769999980926514,7.989999771118164,7.989999771118164,12000
2018-08-06,JSBL,8.449999809265137,8.5,8.050000190734863,8.430000305175781,8.430000305175781,128500
2018-08-07,JSBL,8.470000267028809,8.470000267028809,8.470000267028809,8.470000267028809,8.470000267028809,5000
2018-08-08,JSBL,8.4399995803833,8.4399995803833,8.4399995803833,8.4399995803833,8.4399995803833,500
2018-08-09,JSBL,8.050000190734863,8.050000190734863,8.010000228881836,8.020000457763672,8.020000457763672,64500
2018-08-10,JSBL,8.0600004196167,8.350000381469727,8.0,8.020000457763672,8.020000457763672,179000
2018-08-13,JSBL,8.100000381469727,8.100000381469727,8.100000381469727,8.100000381469727,8.100000381469727,5000
2018-08-14,JSBL,8.100000381469727,8.100000381469727,8.100000381469727,8.100000381469727,8.100000381469727,0
2018-08-15,JSBL,8.0,8.010000228881836,8.0,8.0,8.0,23500
2018-08-16,JSBL,8.0,8.0,8.0,8.0,8.0,0
2018-08-17,JSBL,7.739999771118164,8.25,7.739999771118164,7.889999866485596,7.889999866485596,40500
2018-08-20,JSBL,7.789999961853027,7.940000057220459,7.75,7.769999980926514,7.769999980926514,284000
2018-08-21,JSBL,7.769999980926514,7.769999980926514,7.769999980926514,7.769999980926514,7.769999980926514,0
2018-08-22,JSBL,7.769999980926514,7.769999980926514,7.769999980926514,7.769999980926514,7.769999980926514,0
2018-08-23,JSBL,7.769999980926514,7.769999980926514,7.769999980926514,7.769999980926514,7.769999980926514,0
2018-08-24,JSBL,7.699999809265137,7.71999979019165,7.699999809265137,7.699999809265137,7.699999809265137,2000
2018-08-27,JSBL,7.550000190734863,7.699999809265137,7.550000190734863,7.610000133514404,7.610000133514404,13500
2018-08-28,JSBL,7.610000133514404,7.849999904632568,7.519999980926514,7.699999809265137,7.699999809265137,67000
2018-08-29,JSBL,7.849999904632568,7.849999904632568,7.5,7.510000228881836,7.510000228881836,67500
2018-08-30,JSBL,7.5,7.630000114440918,7.5,7.5,7.5,10500
2018-08-31,JSBL,7.510000228881836,7.510000228881836,7.5,7.510000228881836,7.510000228881836,2000
2018-09-03,JSBL,7.510000228881836,7.550000190734863,7.400000095367432,7.550000190734863,7.550000190734863,54500
2018-09-04,JSBL,7.519999980926514,7.550000190734863,7.5,7.5,7.5,30000
2018-09-05,JSBL,7.5,7.5,7.349999904632568,7.5,7.5,52000
2018-09-06,JSBL,7.5,7.550000190734863,7.449999809265137,7.449999809265137,7.449999809265137,50000
2018-09-07,JSBL,7.5,7.5,7.449999809265137,7.449999809265137,7.449999809265137,63000
2018-09-10,JSBL,7.400000095367432,7.539999961853027,7.400000095367432,7.539999961853027,7.539999961853027,24500
2018-09-11,JSBL,7.5,7.510000228881836,7.5,7.510000228881836,7.510000228881836,5500
2018-09-12,JSBL,7.5,7.5,7.449999809265137,7.449999809265137,7.449999809265137,30500
2018-09-13,JSBL,7.400000095367432,7.510000228881836,7.400000095367432,7.400000095367432,7.400000095367432,59500
2018-09-14,JSBL,7.420000076293945,7.449999809265137,7.400000095367432,7.429999828338623,7.429999828338623,45500
2018-09-17,JSBL,7.400000095367432,7.53000020980835,7.400000095367432,7.519999980926514,7.519999980926514,2000
2018-09-18,JSBL,7.599999904632568,7.599999904632568,7.599999904632568,7.599999904632568,7.599999904632568,500
2018-09-19,JSBL,7.5,7.5,7.449999809265137,7.449999809265137,7.449999809265137,5500
2018-09-20,JSBL,7.449999809265137,7.449999809265137,7.449999809265137,7.449999809265137,7.449999809265137,0
2018-09-21,JSBL,7.449999809265137,7.449999809265137,7.449999809265137,7.449999809265137,7.449999809265137,0
2018-09-24,JSBL,7.449999809265137,7.449999809265137,7.400000095367432,7.400000095367432,7.400000095367432,69500
2018-09-25,JSBL,7.400000095367432,7.400000095367432,7.400000095367432,7.400000095367432,7.400000095367432,0
2018-09-26,JSBL,7.409999847412109,7.409999847412109,7.400000095367432,7.400000095367432,7.400000095367432,17500
2018-09-27,JSBL,7.400000095367432,7.400000095367432,7.400000095367432,7.400000095367432,7.400000095367432,0
2018-09-28,JSBL,7.400000095367432,7.420000076293945,7.400000095367432,7.409999847412109,7.409999847412109,21500
2018-10-01,JSBL,7.679999828338623,7.679999828338623,7.400000095367432,7.400000095367432,7.400000095367432,14500
2018-10-02,JSBL,7.599999904632568,7.639999866485596,7.5,7.510000228881836,7.510000228881836,107000
2018-10-03,JSBL,7.400000095367432,8.399999618530273,7.400000095367432,8.029999732971191,8.029999732971191,248000
2018-10-04,JSBL,7.619999885559082,8.369999885559082,7.619999885559082,8.130000114440918,8.130000114440918,41000
2018-10-05,JSBL,7.550000190734863,7.550000190734863,7.400000095367432,7.5,7.5,218500
2018-10-08,JSBL,7.400000095367432,7.400000095367432,7.150000095367432,7.25,7.25,1151500
2018-10-09,JSBL,7.5,7.989999771118164,7.5,7.760000228881836,7.760000228881836,25000
2018-10-10,JSBL,7.5,7.880000114440918,7.5,7.730000019073486,7.730000019073486,12500
2018-10-11,JSBL,7.800000190734863,7.800000190734863,7.099999904632568,7.369999885559082,7.369999885559082,43500
2018-10-12,JSBL,7.400000095367432,7.96999979019165,7.099999904632568,7.710000038146973,7.710000038146973,171000
2018-10-15,JSBL,7.710000038146973,7.710000038146973,7.710000038146973,7.710000038146973,7.710000038146973,0
2018-10-16,JSBL,7.710000038146973,7.710000038146973,7.710000038146973,7.710000038146973,7.710000038146973,0
2018-10-17,JSBL,7.159999847412109,7.800000190734863,7.159999847412109,7.800000190734863,7.800000190734863,10000
2018-10-18,JSBL,7.309999942779541,7.739999771118164,7.239999771118164,7.510000228881836,7.510000228881836,116500
2018-10-19,JSBL,7.25,7.300000190734863,7.230000019073486,7.25,7.25,438500
2018-10-22,JSBL,7.25,7.25,7.199999809265137,7.199999809265137,7.199999809265137,65500
2018-10-23,JSBL,7.239999771118164,7.239999771118164,7.0,7.0,7.0,25000
2018-10-24,JSBL,7.400000095367432,7.400000095367432,7.03000020980835,7.25,7.25,333500
2018-10-25,JSBL,7.25,7.25,7.21999979019165,7.21999979019165,7.21999979019165,31000
2018-10-26,JSBL,7.230000019073486,7.230000019073486,7.0,7.0,7.0,350000
2018-10-29,JSBL,7.119999885559082,7.25,7.110000133514404,7.210000038146973,7.210000038146973,41500
2018-10-30,JSBL,7.210000038146973,7.210000038146973,7.210000038146973,7.210000038146973,7.210000038146973,0
2018-10-31,JSBL,7.210000038146973,7.210000038146973,7.210000038146973,7.210000038146973,7.210000038146973,0
2018-11-01,JSBL,7.0,7.099999904632568,7.0,7.010000228881836,7.010000228881836,15000
2018-11-02,JSBL,6.610000133514404,7.099999904632568,6.610000133514404,7.099999904632568,7.099999904632568,13000
2018-11-05,JSBL,7.0,7.0,7.0,7.0,7.0,4000
2018-11-06,JSBL,7.0,7.0,6.75,6.75,6.75,1500
2018-11-07,JSBL,7.0,7.489999771118164,6.989999771118164,7.449999809265137,7.449999809265137,102000
2018-11-08,JSBL,7.449999809265137,7.449999809265137,7.449999809265137,7.449999809265137,7.449999809265137,0
2018-11-09,JSBL,7.199999809265137,7.460000038146973,6.599999904632568,7.389999866485596,7.389999866485596,369500
2018-11-12,JSBL,6.849999904632568,7.150000095367432,6.760000228881836,7.119999885559082,7.119999885559082,8500
2018-11-13,JSBL,6.760000228881836,7.099999904632568,6.75,7.099999904632568,7.099999904632568,3000
2018-11-14,JSBL,7.099999904632568,7.099999904632568,6.800000190734863,6.849999904632568,6.849999904632568,98000
2018-11-15,JSBL,6.949999809265137,7.0,6.840000152587891,6.900000095367432,6.900000095367432,108000
2018-11-16,JSBL,6.849999904632568,7.0,6.849999904632568,6.949999809265137,6.949999809265137,83500
2018-11-19,JSBL,7.0,7.059999942779541,7.0,7.059999942779541,7.059999942779541,4000
2018-11-20,JSBL,6.960000038146973,7.099999904632568,6.960000038146973,7.010000228881836,7.010000228881836,12000
2018-11-21,JSBL,7.010000228881836,7.010000228881836,7.010000228881836,7.010000228881836,7.010000228881836,0
2018-11-22,JSBL,7.010000228881836,7.099999904632568,7.010000228881836,7.010000228881836,7.010000228881836,27500
2018-11-23,JSBL,6.960000038146973,6.960000038146973,6.960000038146973,6.960000038146973,6.960000038146973,8000
2018-11-26,JSBL,6.960000038146973,6.960000038146973,6.960000038146973,6.960000038146973,6.960000038146973,0
2018-11-27,JSBL,7.010000228881836,7.010000228881836,6.699999809265137,6.949999809265137,6.949999809265137,52000
2018-11-28,JSBL,6.949999809265137,6.949999809265137,6.949999809265137,6.949999809265137,6.949999809265137,5500
2018-11-29,JSBL,6.849999904632568,6.849999904632568,6.5,6.590000152587891,6.590000152587891,507500
2018-11-30,JSBL,6.570000171661377,6.570000171661377,6.570000171661377,6.570000171661377,6.570000171661377,6000
2018-12-03,JSBL,6.400000095367432,6.800000190734863,6.340000152587891,6.800000190734863,6.800000190734863,21000
2018-12-04,JSBL,6.300000190734863,6.849999904632568,6.300000190734863,6.789999961853027,6.789999961853027,14000
2018-12-05,JSBL,6.510000228881836,6.730000019073486,6.460000038146973,6.730000019073486,6.730000019073486,82000
2018-12-06,JSBL,6.409999847412109,6.599999904632568,6.409999847412109,6.53000020980835,6.53000020980835,239500
2018-12-07,JSBL,6.599999904632568,6.599999904632568,6.449999809265137,6.5,6.5,345000
2018-12-10,JSBL,6.599999904632568,6.96999979019165,6.5,6.829999923706055,6.829999923706055,174000
2018-12-11,JSBL,6.829999923706055,6.949999809265137,6.599999904632568,6.880000114440918,6.880000114440918,59500
2018-12-12,JSBL,6.550000190734863,6.78000020980835,6.550000190734863,6.71999979019165,6.71999979019165,26000
2018-12-13,JSBL,6.75,6.880000114440918,6.5,6.739999771118164,6.739999771118164,115000
2018-12-14,JSBL,6.800000190734863,6.800000190734863,6.650000095367432,6.75,6.75,28500
2018-12-17,JSBL,6.400000095367432,6.699999809265137,6.199999809265137,6.650000095367432,6.650000095367432,71500
2018-12-18,JSBL,6.650000095367432,6.650000095367432,6.650000095367432,6.650000095367432,6.650000095367432,0
2018-12-19,JSBL,6.5,6.739999771118164,6.5,6.739999771118164,6.739999771118164,34500
2018-12-20,JSBL,6.739999771118164,6.849999904632568,6.550000190734863,6.849999904632568,6.849999904632568,3000
2018-12-21,JSBL,6.75,6.849999904632568,6.599999904632568,6.710000038146973,6.710000038146973,29000
2018-12-24,JSBL,6.710000038146973,6.710000038146973,6.710000038146973,6.710000038146973,6.710000038146973,0
2018-12-25,JSBL,6.710000038146973,6.710000038146973,6.710000038146973,6.710000038146973,6.710000038146973,0
2018-12-26,JSBL,6.96999979019165,7.25,6.96999979019165,7.0,7.0,100000
2018-12-27,JSBL,6.75,6.75,6.699999809265137,6.730000019073486,6.730000019073486,26000
2018-12-28,JSBL,6.510000228881836,6.75,6.5,6.590000152587891,6.590000152587891,232500
2018-12-31,JSBL,6.510000228881836,7.460000038146973,6.5,7.369999885559082,7.369999885559082,290000
2019-01-01,JSBL,7.369999885559082,7.369999885559082,7.369999885559082,7.369999885559082,7.369999885559082,0
2019-01-02,JSBL,7.369999885559082,7.369999885559082,7.369999885559082,7.369999885559082,7.369999885559082,0
2019-01-03,JSBL,6.610000133514404,6.630000114440918,6.599999904632568,6.610000133514404,6.610000133514404,77000
2019-01-04,JSBL,7.0,7.0,7.0,7.0,7.0,2500
2019-01-07,JSBL,7.0,7.0,7.0,7.0,7.0,0
2019-01-08,JSBL,6.659999847412109,6.949999809265137,6.650000095367432,6.949999809265137,6.949999809265137,6000
2019-01-09,JSBL,6.699999809265137,6.699999809265137,6.699999809265137,6.699999809265137,6.699999809265137,12000
2019-01-10,JSBL,6.699999809265137,6.75,6.699999809265137,6.75,6.75,2000
2019-01-11,JSBL,7.199999809265137,7.239999771118164,6.75,7.190000057220459,7.190000057220459,22500
2019-01-14,JSBL,7.190000057220459,7.190000057220459,7.190000057220459,7.190000057220459,7.190000057220459,0
2019-01-15,JSBL,6.800000190734863,7.0,6.800000190734863,7.0,7.0,2000
2019-01-16,JSBL,7.0,7.0,7.0,7.0,7.0,0
2019-01-17,JSBL,6.650000095367432,6.929999828338623,6.650000095367432,6.929999828338623,6.929999828338623,8500
2019-01-18,JSBL,6.659999847412109,6.96999979019165,6.659999847412109,6.889999866485596,6.889999866485596,41000
2019-01-21,JSBL,6.75,6.75,6.75,6.75,6.75,1000
2019-01-22,JSBL,6.800000190734863,6.800000190734863,6.800000190734863,6.800000190734863,6.800000190734863,2000
2019-01-23,JSBL,7.0,7.0,6.820000171661377,6.820000171661377,6.820000171661377,10500
2019-01-24,JSBL,7.0,7.190000057220459,6.900000095367432,6.980000019073486,6.980000019073486,2139500
2019-01-25,JSBL,6.809999942779541,7.25,6.800000190734863,7.159999847412109,7.159999847412109,130000
2019-01-28,JSBL,6.840000152587891,6.900000095367432,6.829999923706055,6.900000095367432,6.900000095367432,7000
2019-01-29,JSBL,6.869999885559082,6.869999885559082,6.800000190734863,6.800000190734863,6.800000190734863,58500
2019-01-30,JSBL,6.800000190734863,6.800000190734863,6.800000190734863,6.800000190734863,6.800000190734863,0
2019-01-31,JSBL,6.800000190734863,7.199999809265137,6.800000190734863,6.929999828338623,6.929999828338623,68000
2019-02-01,JSBL,6.909999847412109,7.03000020980835,6.800000190734863,6.809999942779541,6.809999942779541,1112500
2019-02-04,JSBL,6.809999942779541,6.960000038146973,6.809999942779541,6.940000057220459,6.940000057220459,42500
2019-02-05,JSBL,6.940000057220459,6.940000057220459,6.940000057220459,6.940000057220459,6.940000057220459,0
2019-02-06,JSBL,6.860000133514404,7.03000020980835,6.849999904632568,7.0,7.0,148000
2019-02-07,JSBL,6.949999809265137,6.960000038146973,6.949999809265137,6.960000038146973,6.960000038146973,2000
2019-02-08,JSBL,7.170000076293945,7.289999961853027,7.170000076293945,7.239999771118164,7.239999771118164,25000
2019-02-11,JSBL,6.949999809265137,6.949999809265137,6.949999809265137,6.949999809265137,6.949999809265137,5000
2019-02-12,JSBL,6.849999904632568,6.849999904632568,6.849999904632568,6.849999904632568,6.849999904632568,1000
2019-02-13,JSBL,6.860000133514404,6.860000133514404,6.599999904632568,6.639999866485596,6.639999866485596,68500
2019-02-14,JSBL,6.75,6.75,6.75,6.75,6.75,2500
2019-02-15,JSBL,6.75,6.75,6.75,6.75,6.75,5000
2019-02-18,JSBL,6.75,6.75,6.75,6.75,6.75,0
2019-02-19,JSBL,6.75,6.75,6.670000076293945,6.670000076293945,6.670000076293945,5500
2019-02-20,JSBL,6.650000095367432,6.949999809265137,6.650000095367432,6.849999904632568,6.849999904632568,14000
2019-02-21,JSBL,6.699999809265137,6.75,6.699999809265137,6.699999809265137,6.699999809265137,10500
2019-02-22,JSBL,6.699999809265137,6.699999809265137,6.699999809265137,6.699999809265137,6.699999809265137,0
2019-02-25,JSBL,6.75,6.75,6.610000133514404,6.610000133514404,6.610000133514404,14000
2019-02-26,JSBL,6.5,6.5,6.300000190734863,6.300000190734863,6.300000190734863,27500
2019-02-27,JSBL,6.099999904632568,6.099999904632568,5.800000190734863,6.099999904632568,6.099999904632568,140500
2019-02-28,JSBL,6.099999904632568,6.25,6.099999904632568,6.099999904632568,6.099999904632568,63500
2019-03-01,JSBL,6.480000019073486,6.5,6.460000038146973,6.489999771118164,6.489999771118164,36500
2019-03-04,JSBL,6.349999904632568,6.349999904632568,6.039999961853027,6.079999923706055,6.079999923706055,368500
2019-03-05,JSBL,6.150000095367432,6.150000095367432,5.849999904632568,6.130000114440918,6.130000114440918,69500
2019-03-06,JSBL,6.150000095367432,6.150000095367432,6.150000095367432,6.150000095367432,6.150000095367432,2000
2019-03-07,JSBL,5.940000057220459,5.949999809265137,5.880000114440918,5.900000095367432,5.900000095367432,275000
2019-03-08,JSBL,5.900000095367432,5.900000095367432,5.900000095367432,5.900000095367432,5.900000095367432,0
2019-03-11,JSBL,5.900000095367432,5.900000095367432,5.610000133514404,5.769999980926514,5.769999980926514,36000
2019-03-12,JSBL,5.900000095367432,6.159999847412109,5.599999904632568,5.650000095367432,5.650000095367432,565000
2019-03-13,JSBL,5.550000190734863,6.179999828338623,5.550000190734863,5.71999979019165,5.71999979019165,418000
2019-03-14,JSBL,5.579999923706055,5.900000095367432,5.579999923706055,5.900000095367432,5.900000095367432,52000
2019-03-15,JSBL,5.619999885559082,5.650000095367432,5.619999885559082,5.650000095367432,5.650000095367432,4500
2019-03-18,JSBL,5.559999942779541,5.690000057220459,5.510000228881836,5.53000020980835,5.53000020980835,6500
2019-03-19,JSBL,5.559999942779541,5.559999942779541,5.0,5.260000228881836,5.260000228881836,866500
2019-03-20,JSBL,5.309999942779541,5.599999904632568,5.199999809265137,5.400000095367432,5.400000095367432,51500
2019-03-21,JSBL,5.400000095367432,5.639999866485596,5.099999904632568,5.519999980926514,5.519999980926514,3500
2019-03-22,JSBL,5.159999847412109,5.650000095367432,5.099999904632568,5.349999904632568,5.349999904632568,13500
2019-03-25,JSBL,5.349999904632568,5.349999904632568,5.349999904632568,5.349999904632568,5.349999904632568,0
2019-03-26,JSBL,5.099999904632568,5.150000095367432,5.0,5.03000020980835,5.03000020980835,148500
2019-03-27,JSBL,5.099999904632568,5.21999979019165,5.050000190734863,5.170000076293945,5.170000076293945,59000
2019-03-28,JSBL,5.010000228881836,5.510000228881836,5.0,5.5,5.5,1720500
2019-03-29,JSBL,5.75,5.980000019073486,5.400000095367432,5.769999980926514,5.769999980926514,277000
2019-04-01,JSBL,5.650000095367432,5.650000095367432,5.400000095367432,5.400000095367432,5.400000095367432,30500
2019-04-02,JSBL,5.21999979019165,5.21999979019165,5.210000038146973,5.210000038146973,5.210000038146973,11500
2019-04-03,JSBL,5.130000114440918,5.199999809265137,5.110000133514404,5.199999809265137,5.199999809265137,20000
2019-04-04,JSBL,5.019999980926514,5.050000190734863,5.019999980926514,5.050000190734863,5.050000190734863,5500
2019-04-05,JSBL,5.0,5.25,5.0,5.25,5.25,50500
2019-04-08,JSBL,5.050000190734863,5.050000190734863,5.0,5.0,5.0,6500
2019-04-09,JSBL,5.0,5.0,5.0,5.0,5.0,16500
2019-04-10,JSBL,5.139999866485596,5.179999828338623,5.0,5.0,5.0,2000
2019-04-11,JSBL,5.150000095367432,5.199999809265137,4.699999809265137,5.0,5.0,94500
2019-04-12,JSBL,5.300000190734863,5.300000190734863,5.300000190734863,5.300000190734863,5.300000190734863,660000
2019-04-15,JSBL,5.0,5.590000152587891,4.800000190734863,5.449999809265137,5.449999809265137,679000
2019-04-16,JSBL,5.489999771118164,5.489999771118164,5.150000095367432,5.400000095367432,5.400000095367432,2000
2019-04-17,JSBL,5.400000095367432,5.400000095367432,5.400000095367432,5.400000095367432,5.400000095367432,0
2019-04-18,JSBL,4.809999942779541,5.300000190734863,4.800000190734863,5.199999809265137,5.199999809265137,10000
2019-04-19,JSBL,5.340000152587891,5.340000152587891,5.340000152587891,5.340000152587891,5.340000152587891,442000
2019-04-22,JSBL,5.340000152587891,5.340000152587891,5.340000152587891,5.340000152587891,5.340000152587891,442000
2019-04-23,JSBL,4.630000114440918,4.920000076293945,4.619999885559082,4.900000095367432,4.900000095367432,24500
2019-04-24,JSBL,4.900000095367432,5.150000095367432,4.900000095367432,5.150000095367432,5.150000095367432,5000
2019-04-25,JSBL,5.0,5.0,5.0,5.0,5.0,1000
2019-04-26,JSBL,5.179999828338623,5.179999828338623,5.179999828338623,5.179999828338623,5.179999828338623,500
2019-04-29,JSBL,5.019999980926514,5.019999980926514,5.019999980926514,5.019999980926514,5.019999980926514,2000
2019-04-30,JSBL,4.800000190734863,4.800000190734863,4.800000190734863,4.800000190734863,4.800000190734863,500
2019-05-01,JSBL,4.800000190734863,4.800000190734863,4.800000190734863,4.800000190734863,4.800000190734863,0
2019-05-02,JSBL,4.760000228881836,4.760000228881836,4.760000228881836,4.760000228881836,4.760000228881836,500
2019-05-03,JSBL,4.760000228881836,4.760000228881836,4.760000228881836,4.760000228881836,4.760000228881836,0
2019-05-06,JSBL,4.760000228881836,4.760000228881836,4.760000228881836,4.760000228881836,4.760000228881836,0
2019-05-07,JSBL,4.760000228881836,4.760000228881836,4.760000228881836,4.760000228881836,4.760000228881836,0
2019-05-08,JSBL,4.760000228881836,4.760000228881836,4.760000228881836,4.760000228881836,4.760000228881836,0
2019-05-09,JSBL,4.889999866485596,4.900000095367432,4.889999866485596,4.900000095367432,4.900000095367432,5500
2019-05-10,JSBL,4.900000095367432,4.900000095367432,4.900000095367432,4.900000095367432,4.900000095367432,0
2019-05-13,JSBL,4.5,4.5,4.5,4.5,4.5,2000
2019-05-14,JSBL,4.5,4.5,4.300000190734863,4.300000190734863,4.300000190734863,26000
2019-05-15,JSBL,4.900000095367432,4.940000057220459,4.900000095367432,4.920000076293945,4.920000076293945,3000
2019-05-16,JSBL,4.5,4.5,4.5,4.5,4.5,15000
2019-05-17,JSBL,4.5,4.5,4.010000228881836,4.099999904632568,4.099999904632568,86000
2019-05-20,JSBL,4.449999809265137,4.5,4.110000133514404,4.179999828338623,4.179999828338623,37500
2019-05-21,JSBL,4.5,4.599999904632568,4.5,4.599999904632568,4.599999904632568,470500
2019-05-22,JSBL,4.849999904632568,4.96999979019165,4.75,4.860000133514404,4.860000133514404,5000
2019-05-23,JSBL,4.650000095367432,4.800000190734863,4.449999809265137,4.659999847412109,4.659999847412109,26000
2019-05-24,JSBL,4.75,4.75,4.5,4.5,4.5,4000
2019-05-27,JSBL,4.5,4.5,4.5,4.5,4.5,0
2019-05-28,JSBL,4.050000190734863,4.199999809265137,4.050000190734863,4.159999847412109,4.159999847412109,15000
2019-05-29,JSBL,4.159999847412109,4.159999847412109,4.159999847412109,4.159999847412109,4.159999847412109,0
2019-05-30,JSBL,4.550000190734863,4.550000190734863,4.0,4.03000020980835,4.03000020980835,109000
2019-05-31,JSBL,4.03000020980835,4.03000020980835,4.03000020980835,4.03000020980835,4.03000020980835,0
2019-06-03,JSBL,4.150000095367432,4.150000095367432,4.0,4.0,4.0,90000
2019-06-04,JSBL,4.0,4.0,4.0,4.0,4.0,0
2019-06-05,JSBL,4.0,4.0,4.0,4.0,4.0,0
2019-06-06,JSBL,4.0,4.0,4.0,4.0,4.0,0
2019-06-07,JSBL,4.0,4.0,4.0,4.0,4.0,0
2019-06-10,JSBL,4.400000095367432,4.46999979019165,3.75,4.260000228881836,4.260000228881836,26000
2019-06-11,JSBL,4.050000190734863,4.199999809265137,4.050000190734863,4.199999809265137,4.199999809265137,7500
2019-06-12,JSBL,4.199999809265137,4.25,4.010000228881836,4.010000228881836,4.010000228881836,4000
2019-06-13,JSBL,4.21999979019165,4.21999979019165,4.21999979019165,4.21999979019165,4.21999979019165,500
2019-06-14,JSBL,4.239999771118164,4.25,4.239999771118164,4.239999771118164,4.239999771118164,5000
2019-06-17,JSBL,4.28000020980835,4.650000095367432,4.210000038146973,4.340000152587891,4.340000152587891,72000
2019-06-18,JSBL,4.190000057220459,4.449999809265137,4.159999847412109,4.400000095367432,4.400000095367432,115000
2019-06-19,JSBL,4.489999771118164,4.800000190734863,4.489999771118164,4.539999961853027,4.539999961853027,190500
2019-06-20,JSBL,4.5,4.5,4.429999828338623,4.5,4.5,140000
2019-06-21,JSBL,4.5,4.5,4.199999809265137,4.239999771118164,4.239999771118164,63500
2019-06-24,JSBL,4.400000095367432,4.400000095367432,4.150000095367432,4.210000038146973,4.210000038146973,30500
2019-06-25,JSBL,4.110000133514404,4.400000095367432,4.019999980926514,4.320000171661377,4.320000171661377,37500
2019-06-26,JSBL,4.199999809265137,5.289999961853027,4.199999809265137,4.880000114440918,4.880000114440918,540500
2019-06-27,JSBL,4.989999771118164,5.400000095367432,4.599999904632568,5.110000133514404,5.110000133514404,224000
2019-06-28,JSBL,5.5,5.599999904632568,4.809999942779541,5.480000019073486,5.480000019073486,740500
2019-07-01,JSBL,4.75,5.449999809265137,4.75,5.400000095367432,5.400000095367432,8000
2019-07-02,JSBL,4.840000152587891,4.900000095367432,4.670000076293945,4.690000057220459,4.690000057220459,31500
2019-07-03,JSBL,4.690000057220459,4.690000057220459,4.690000057220459,4.690000057220459,4.690000057220459,0
2019-07-04,JSBL,4.96999979019165,5.0,4.880000114440918,4.889999866485596,4.889999866485596,12000
2019-07-05,JSBL,4.889999866485596,4.889999866485596,4.889999866485596,4.889999866485596,4.889999866485596,0
2019-07-08,JSBL,4.510000228881836,4.650000095367432,4.409999847412109,4.650000095367432,4.650000095367432,5500
2019-07-09,JSBL,4.690000057220459,4.690000057220459,4.650000095367432,4.650000095367432,4.650000095367432,3000
2019-07-10,JSBL,4.400000095367432,4.400000095367432,4.400000095367432,4.400000095367432,4.400000095367432,2000
2019-07-11,JSBL,4.349999904632568,4.449999809265137,4.309999942779541,4.429999828338623,4.429999828338623,17000
2019-07-12,JSBL,4.429999828338623,4.429999828338623,4.429999828338623,4.429999828338623,4.429999828338623,0
2019-07-15,JSBL,4.21999979019165,4.75,4.199999809265137,4.699999809265137,4.699999809265137,8000
2019-07-16,JSBL,4.260000228881836,4.300000190734863,4.25,4.300000190734863,4.300000190734863,3000
2019-07-17,JSBL,4.300000190734863,4.300000190734863,4.300000190734863,4.300000190734863,4.300000190734863,9500
2019-07-18,JSBL,4.210000038146973,4.489999771118164,4.0,4.079999923706055,4.079999923706055,28500
2019-07-19,JSBL,4.480000019073486,4.489999771118164,4.480000019073486,4.489999771118164,4.489999771118164,7500
2019-07-22,JSBL,4.059999942779541,4.489999771118164,4.010000228881836,4.389999866485596,4.389999866485596,2500
2019-07-23,JSBL,4.010000228881836,4.489999771118164,4.010000228881836,4.489999771118164,4.489999771118164,3000
2019-07-24,JSBL,4.25,4.25,4.25,4.25,4.25,1500
2019-07-25,JSBL,4.25,4.25,4.25,4.25,4.25,0
2019-07-26,JSBL,4.010000228881836,4.46999979019165,4.010000228881836,4.46999979019165,4.46999979019165,2000
2019-07-29,JSBL,4.449999809265137,4.449999809265137,4.400000095367432,4.400000095367432,4.400000095367432,6000
2019-07-30,JSBL,4.059999942779541,4.460000038146973,4.050000190734863,4.460000038146973,4.460000038146973,1500
2019-07-31,JSBL,4.059999942779541,4.389999866485596,4.059999942779541,4.389999866485596,4.389999866485596,14500
2019-08-01,JSBL,4.489999771118164,4.489999771118164,4.489999771118164,4.489999771118164,4.489999771118164,25000
2019-08-02,JSBL,4.489999771118164,4.489999771118164,4.25,4.489999771118164,4.489999771118164,11500
2019-08-05,JSBL,4.25,4.480000019073486,4.25,4.480000019073486,4.480000019073486,4500
2019-08-06,JSBL,4.159999847412109,4.239999771118164,4.159999847412109,4.239999771118164,4.239999771118164,1500
2019-08-07,JSBL,4.239999771118164,4.239999771118164,4.239999771118164,4.239999771118164,4.239999771118164,0
2019-08-08,JSBL,4.059999942779541,4.440000057220459,4.050000190734863,4.440000057220459,4.440000057220459,3000
2019-08-09,JSBL,4.579999923706055,4.590000152587891,4.579999923706055,4.590000152587891,4.590000152587891,6000
2019-08-12,JSBL,4.590000152587891,4.590000152587891,4.590000152587891,4.590000152587891,4.590000152587891,0
2019-08-13,JSBL,4.590000152587891,4.590000152587891,4.590000152587891,4.590000152587891,4.590000152587891,0
2019-08-14,JSBL,4.590000152587891,4.590000152587891,4.590000152587891,4.590000152587891,4.590000152587891,0
2019-08-15,JSBL,4.590000152587891,4.590000152587891,4.590000152587891,4.590000152587891,4.590000152587891,0
2019-08-16,JSBL,4.25,4.579999923706055,4.139999866485596,4.309999942779541,4.309999942779541,6500
2019-08-19,JSBL,4.309999942779541,4.309999942779541,4.309999942779541,4.309999942779541,4.309999942779541,0
2019-08-20,JSBL,4.400000095367432,4.449999809265137,4.25,4.449999809265137,4.449999809265137,17500
2019-08-21,JSBL,4.269999980926514,4.449999809265137,4.260000228881836,4.449999809265137,4.449999809265137,9500
2019-08-22,JSBL,4.590000152587891,4.650000095367432,4.5,4.510000228881836,4.510000228881836,3176000
2019-08-23,JSBL,4.550000190734863,4.599999904632568,4.550000190734863,4.550000190734863,4.550000190734863,17500
2019-08-26,JSBL,4.639999866485596,4.650000095367432,4.639999866485596,4.650000095367432,4.650000095367432,19500
2019-08-27,JSBL,4.369999885559082,4.579999923706055,4.349999904632568,4.519999980926514,4.519999980926514,50000
2019-08-28,JSBL,4.309999942779541,4.309999942779541,4.199999809265137,4.199999809265137,4.199999809265137,85000
2019-08-29,JSBL,4.489999771118164,4.489999771118164,4.489999771118164,4.489999771118164,4.489999771118164,500
2019-08-30,JSBL,4.650000095367432,4.650000095367432,4.489999771118164,4.489999771118164,4.489999771118164,3500
2019-09-02,JSBL,4.150000095367432,4.440000057220459,4.150000095367432,4.300000190734863,4.300000190734863,1000
2019-09-03,JSBL,4.110000133514404,4.349999904632568,4.110000133514404,4.349999904632568,4.349999904632568,3000
2019-09-04,JSBL,4.28000020980835,4.28000020980835,4.28000020980835,4.28000020980835,4.28000020980835,7000
2019-09-05,JSBL,4.590000152587891,4.590000152587891,4.199999809265137,4.329999923706055,4.329999923706055,41500
2019-09-06,JSBL,4.210000038146973,4.300000190734863,4.210000038146973,4.28000020980835,4.28000020980835,21500
2019-09-09,JSBL,4.28000020980835,4.28000020980835,4.28000020980835,4.28000020980835,4.28000020980835,0
2019-09-10,JSBL,4.28000020980835,4.28000020980835,4.28000020980835,4.28000020980835,4.28000020980835,0
2019-09-11,JSBL,4.28000020980835,4.28000020980835,4.28000020980835,4.28000020980835,4.28000020980835,0
2019-09-12,JSBL,4.28000020980835,4.28000020980835,4.28000020980835,4.28000020980835,4.28000020980835,0
2019-09-13,JSBL,4.28000020980835,4.28000020980835,4.28000020980835,4.28000020980835,4.28000020980835,0
2019-09-16,JSBL,4.300000190734863,4.309999942779541,4.300000190734863,4.300000190734863,4.300000190734863,9000
2019-09-17,JSBL,4.300000190734863,4.300000190734863,4.199999809265137,4.239999771118164,4.239999771118164,70000
2019-09-18,JSBL,4.210000038146973,4.210000038146973,4.210000038146973,4.210000038146973,4.210000038146973,4500
2019-09-19,JSBL,4.25,4.25,4.199999809265137,4.21999979019165,4.21999979019165,100000
2019-09-20,JSBL,4.210000038146973,4.230000019073486,4.199999809265137,4.199999809265137,4.199999809265137,223500
2019-09-23,JSBL,4.300000190734863,4.300000190734863,4.199999809265137,4.199999809265137,4.199999809265137,181500
2019-09-24,JSBL,4.300000190734863,4.300000190734863,4.0,4.199999809265137,4.199999809265137,260000
2019-09-25,JSBL,4.289999961853027,4.489999771118164,4.289999961853027,4.489999771118164,4.489999771118164,4500
2019-09-26,JSBL,4.150000095367432,4.300000190734863,4.119999885559082,4.300000190734863,4.300000190734863,6500
2019-09-27,JSBL,4.300000190734863,4.300000190734863,3.9000000953674316,4.070000171661377,4.070000171661377,136500
2019-09-30,JSBL,4.050000190734863,4.079999923706055,4.050000190734863,4.079999923706055,4.079999923706055,2500
2019-10-01,JSBL,4.090000152587891,4.130000114440918,4.070000171661377,4.090000152587891,4.090000152587891,16500
2019-10-02,JSBL,4.25,4.25,4.25,4.25,4.25,500
2019-10-03,JSBL,4.010000228881836,4.300000190734863,4.0,4.090000152587891,4.090000152587891,297500
2019-10-04,JSBL,4.070000171661377,4.190000057220459,4.019999980926514,4.190000057220459,4.190000057220459,31000
2019-10-07,JSBL,4.110000133514404,4.389999866485596,4.110000133514404,4.300000190734863,4.300000190734863,19500
2019-10-08,JSBL,4.289999961853027,4.300000190734863,4.150000095367432,4.199999809265137,4.199999809265137,86000
2019-10-09,JSBL,4.119999885559082,4.400000095367432,4.119999885559082,4.369999885559082,4.369999885559082,51000
2019-10-10,JSBL,4.25,4.349999904632568,4.25,4.349999904632568,4.349999904632568,27000
2019-10-11,JSBL,4.449999809265137,4.449999809265137,4.400000095367432,4.400000095367432,4.400000095367432,10500
2019-10-14,JSBL,4.159999847412109,4.5,4.159999847412109,4.199999809265137,4.199999809265137,223000
2019-10-15,JSBL,4.300000190734863,4.349999904632568,4.260000228881836,4.260000228881836,4.260000228881836,10000
2019-10-16,JSBL,4.130000114440918,4.28000020980835,4.130000114440918,4.28000020980835,4.28000020980835,22000
2019-10-17,JSBL,4.28000020980835,4.28000020980835,4.28000020980835,4.28000020980835,4.28000020980835,0
2019-10-18,JSBL,4.300000190734863,4.300000190734863,4.300000190734863,4.300000190734863,4.300000190734863,500
2019-10-21,JSBL,4.119999885559082,4.28000020980835,4.119999885559082,4.179999828338623,4.179999828338623,206000
2019-10-22,JSBL,4.070000171661377,4.070000171661377,4.070000171661377,4.070000171661377,4.070000171661377,2000
2019-10-23,JSBL,4.199999809265137,4.199999809265137,4.199999809265137,4.199999809265137,4.199999809265137,1000
2019-10-24,JSBL,4.199999809265137,4.199999809265137,4.090000152587891,4.090000152587891,4.090000152587891,13000
2019-10-25,JSBL,4.110000133514404,4.110000133514404,4.099999904632568,4.099999904632568,4.099999904632568,16000
2019-10-28,JSBL,4.119999885559082,4.230000019073486,4.099999904632568,4.230000019073486,4.230000019073486,34000
2019-10-29,JSBL,4.110000133514404,4.110000133514404,4.110000133514404,4.110000133514404,4.110000133514404,500
2019-10-30,JSBL,4.110000133514404,4.110000133514404,4.110000133514404,4.110000133514404,4.110000133514404,0
2019-10-31,JSBL,4.400000095367432,4.400000095367432,4.400000095367432,4.400000095367432,4.400000095367432,1000
2019-11-01,JSBL,4.449999809265137,4.449999809265137,4.230000019073486,4.230000019073486,4.230000019073486,9000
2019-11-04,JSBL,4.230000019073486,4.230000019073486,4.230000019073486,4.230000019073486,4.230000019073486,0
2019-11-05,JSBL,4.150000095367432,4.25,4.150000095367432,4.25,4.25,2000
2019-11-06,JSBL,4.150000095367432,4.489999771118164,4.150000095367432,4.480000019073486,4.480000019073486,7500
2019-11-07,JSBL,4.400000095367432,4.590000152587891,4.400000095367432,4.579999923706055,4.579999923706055,23000
2019-11-08,JSBL,4.460000038146973,4.5,4.300000190734863,4.480000019073486,4.480000019073486,132000
2019-11-11,JSBL,4.5,5.300000190734863,4.5,5.039999961853027,5.039999961853027,304000
2019-11-12,JSBL,5.050000190734863,5.480000019073486,4.659999847412109,5.369999885559082,5.369999885559082,125500
2019-11-13,JSBL,5.0,5.199999809265137,5.0,5.199999809265137,5.199999809265137,6000
2019-11-14,JSBL,5.099999904632568,5.099999904632568,5.050000190734863,5.050000190734863,5.050000190734863,19500
2019-11-15,JSBL,5.150000095367432,6.050000190734863,5.150000095367432,6.03000020980835,6.03000020980835,531000
2019-11-18,JSBL,6.400000095367432,6.989999771118164,6.099999904632568,6.710000038146973,6.710000038146973,866500
2019-11-19,JSBL,7.0,7.099999904632568,6.019999980926514,6.059999942779541,6.059999942779541,126000
2019-11-20,JSBL,6.099999904632568,6.300000190734863,5.889999866485596,5.889999866485596,5.889999866485596,70500
2019-11-21,JSBL,5.800000190734863,5.800000190734863,5.5,5.5,5.5,97000
2019-11-22,JSBL,6.300000190734863,6.300000190734863,5.199999809265137,5.489999771118164,5.489999771118164,110500
2019-11-25,JSBL,5.5,5.5,5.210000038146973,5.300000190734863,5.300000190734863,246000
2019-11-26,JSBL,5.5,5.5,5.03000020980835,5.28000020980835,5.28000020980835,465500
2019-11-27,JSBL,5.210000038146973,5.25,5.199999809265137,5.21999979019165,5.21999979019165,30500
2019-11-28,JSBL,5.25,5.400000095367432,5.150000095367432,5.159999847412109,5.159999847412109,580500
2019-11-29,JSBL,5.050000190734863,5.380000114440918,4.989999771118164,5.130000114440918,5.130000114440918,1425000
2019-12-02,JSBL,5.25,5.590000152587891,5.139999866485596,5.449999809265137,5.449999809265137,1881500
2019-12-03,JSBL,5.5,5.599999904632568,5.25,5.25,5.25,774500
2019-12-04,JSBL,5.340000152587891,5.400000095367432,5.199999809265137,5.300000190734863,5.300000190734863,824500
2019-12-05,JSBL,5.389999866485596,5.550000190734863,5.25,5.329999923706055,5.329999923706055,907500
2019-12-06,JSBL,5.309999942779541,6.329999923706055,5.309999942779541,5.989999771118164,5.989999771118164,2763500
2019-12-09,JSBL,5.849999904632568,6.0,5.699999809265137,5.71999979019165,5.71999979019165,242000
2019-12-10,JSBL,5.610000133514404,5.610000133514404,5.5,5.539999961853027,5.539999961853027,319500
2019-12-11,JSBL,5.409999847412109,5.599999904632568,5.400000095367432,5.480000019073486,5.480000019073486,156000
2019-12-12,JSBL,5.599999904632568,5.650000095367432,5.420000076293945,5.489999771118164,5.489999771118164,168500
2019-12-13,JSBL,5.599999904632568,5.610000133514404,5.519999980926514,5.570000171661377,5.570000171661377,92000
2019-12-16,JSBL,5.570000171661377,6.03000020980835,5.409999847412109,5.829999923706055,5.829999923706055,2696000
2019-12-17,JSBL,5.889999866485596,6.5,5.599999904632568,5.739999771118164,5.739999771118164,2686500
2019-12-18,JSBL,5.599999904632568,5.860000133514404,5.559999942779541,5.760000228881836,5.760000228881836,4882000
2019-12-19,JSBL,5.630000114440918,5.880000114440918,5.400000095367432,5.420000076293945,5.420000076293945,272000
2019-12-20,JSBL,5.739999771118164,5.71999979019165,5.550000190734863,5.679999828338623,5.679999828338623,41000
2019-12-23,JSBL,5.400000095367432,5.5,5.210000038146973,5.239999771118164,5.239999771118164,406000
2019-12-24,JSBL,5.150000095367432,5.480000019073486,5.150000095367432,5.389999866485596,5.389999866485596,2127500
2019-12-25,JSBL,5.389999866485596,5.389999866485596,5.389999866485596,5.389999866485596,5.389999866485596,0
2019-12-26,JSBL,5.489999771118164,5.5,5.400000095367432,5.5,5.5,103500
2019-12-27,JSBL,5.5,5.5,5.400000095367432,5.400000095367432,5.400000095367432,197500
2019-12-30,JSBL,5.260000228881836,5.480000019073486,5.25,5.360000133514404,5.360000133514404,23000
2019-12-31,JSBL,5.25,5.400000095367432,5.25,5.400000095367432,5.400000095367432,6500
2020-01-01,JSBL,5.579999923706055,5.579999923706055,5.449999809265137,5.53000020980835,5.53000020980835,203500
2020-01-02,JSBL,5.5,5.630000114440918,5.460000038146973,5.570000171661377,5.570000171661377,1203500
2020-01-03,JSBL,5.570000171661377,5.570000171661377,5.400000095367432,5.5,5.5,131000
2020-01-06,JSBL,5.349999904632568,5.349999904632568,5.150000095367432,5.199999809265137,5.199999809265137,288500
2020-01-07,JSBL,5.25,5.300000190734863,5.159999847412109,5.25,5.25,99500
2020-01-08,JSBL,5.340000152587891,5.349999904632568,5.110000133514404,5.230000019073486,5.230000019073486,53000
2020-01-09,JSBL,5.480000019073486,5.590000152587891,5.300000190734863,5.570000171661377,5.570000171661377,607500
2020-01-10,JSBL,5.5,5.690000057220459,5.5,5.619999885559082,5.619999885559082,332000
2020-01-13,JSBL,5.730000019073486,5.730000019073486,5.519999980926514,5.579999923706055,5.579999923706055,306000
2020-01-14,JSBL,5.53000020980835,5.599999904632568,5.5,5.550000190734863,5.550000190734863,16500
2020-01-15,JSBL,5.599999904632568,5.599999904632568,5.5,5.559999942779541,5.559999942779541,439500
2020-01-16,JSBL,5.510000228881836,6.0,5.510000228881836,5.75,5.75,1817000
2020-01-17,JSBL,5.659999847412109,5.900000095367432,5.579999923706055,5.619999885559082,5.619999885559082,715000
2020-01-20,JSBL,5.519999980926514,5.550000190734863,5.449999809265137,5.5,5.5,181000
2020-01-21,JSBL,5.409999847412109,5.409999847412109,5.349999904632568,5.360000133514404,5.360000133514404,227000
2020-01-22,JSBL,5.5,5.590000152587891,5.300000190734863,5.340000152587891,5.340000152587891,496000
2020-01-23,JSBL,5.5,5.5,5.349999904632568,5.46999979019165,5.46999979019165,62500
2020-01-24,JSBL,5.309999942779541,5.659999847412109,5.25,5.650000095367432,5.650000095367432,928500
2020-01-27,JSBL,5.650000095367432,5.670000076293945,5.5,5.630000114440918,5.630000114440918,74500
2020-01-28,JSBL,5.400000095367432,5.789999961853027,5.400000095367432,5.75,5.75,1066000
2020-01-29,JSBL,5.599999904632568,5.739999771118164,5.5,5.5,5.5,82000
2020-01-30,JSBL,5.380000114440918,5.550000190734863,5.380000114440918,5.519999980926514,5.519999980926514,28000
2020-01-31,JSBL,5.510000228881836,5.75,5.510000228881836,5.610000133514404,5.610000133514404,675000
2020-02-03,JSBL,5.610000133514404,5.78000020980835,5.449999809265137,5.690000057220459,5.690000057220459,1384000
2020-02-04,JSBL,5.769999980926514,6.25,5.699999809265137,6.070000171661377,6.070000171661377,2072000
2020-02-05,JSBL,6.070000171661377,6.070000171661377,6.070000171661377,6.070000171661377,6.070000171661377,0
2020-02-06,JSBL,6.010000228881836,6.25,6.0,6.090000152587891,6.090000152587891,822500
2020-02-07,JSBL,6.019999980926514,6.050000190734863,5.989999771118164,6.0,6.0,305500
2020-02-10,JSBL,6.0,6.0,5.78000020980835,5.800000190734863,5.800000190734863,589000
2020-02-11,JSBL,5.900000095367432,5.900000095367432,5.610000133514404,5.639999866485596,5.639999866485596,191500
2020-02-12,JSBL,5.650000095367432,5.880000114440918,5.599999904632568,5.639999866485596,5.639999866485596,307000
2020-02-13,JSBL,5.769999980926514,5.769999980926514,5.679999828338623,5.679999828338623,5.679999828338623,18000
2020-02-14,JSBL,5.610000133514404,5.869999885559082,5.510000228881836,5.869999885559082,5.869999885559082,10500
2020-02-17,JSBL,5.599999904632568,5.789999961853027,5.599999904632568,5.599999904632568,5.599999904632568,37500
2020-02-18,JSBL,5.610000133514404,5.78000020980835,5.550000190734863,5.650000095367432,5.650000095367432,20500
2020-02-19,JSBL,5.650000095367432,5.860000133514404,5.650000095367432,5.860000133514404,5.860000133514404,1000
2020-02-20,JSBL,5.869999885559082,5.880000114440918,5.650000095367432,5.650000095367432,5.650000095367432,22000
2020-02-21,JSBL,5.610000133514404,5.650000095367432,5.570000171661377,5.570000171661377,5.570000171661377,6500
2020-02-24,JSBL,5.610000133514404,5.610000133514404,5.360000133514404,5.489999771118164,5.489999771118164,59500
2020-02-25,JSBL,5.5,5.5,5.5,5.5,5.5,11000
2020-02-26,JSBL,5.739999771118164,5.75,5.320000171661377,5.349999904632568,5.349999904632568,74000
2020-02-27,JSBL,5.300000190734863,5.5,5.110000133514404,5.489999771118164,5.489999771118164,218000
2020-02-28,JSBL,5.489999771118164,5.489999771118164,5.489999771118164,5.489999771118164,5.489999771118164,0
2020-03-02,JSBL,5.5,5.5,5.449999809265137,5.5,5.5,69500
2020-03-03,JSBL,5.5,5.71999979019165,5.5,5.579999923706055,5.579999923706055,839000
2020-03-04,JSBL,5.510000228881836,5.599999904632568,5.409999847412109,5.53000020980835,5.53000020980835,597000
2020-03-05,JSBL,5.590000152587891,5.900000095367432,5.449999809265137,5.460000038146973,5.460000038146973,408500
2020-03-06,JSBL,5.409999847412109,5.590000152587891,5.329999923706055,5.349999904632568,5.349999904632568,88000
2020-03-09,JSBL,5.349999904632568,5.349999904632568,5.349999904632568,5.349999904632568,5.349999904632568,0
2020-03-10,JSBL,5.349999904632568,5.349999904632568,5.25,5.25,5.25,73500
2020-03-11,JSBL,5.400000095367432,5.400000095367432,5.309999942779541,5.309999942779541,5.309999942779541,115500
2020-03-12,JSBL,5.099999904632568,5.25,5.099999904632568,5.199999809265137,5.199999809265137,9000
2020-03-13,JSBL,4.71999979019165,5.25,4.71999979019165,5.179999828338623,5.179999828338623,660000
2020-03-16,JSBL,5.010000228881836,5.010000228881836,4.489999771118164,4.5,4.5,207000
2020-03-17,JSBL,4.699999809265137,4.800000190734863,4.5,4.5,4.5,145500
2020-03-18,JSBL,4.400000095367432,4.400000095367432,4.099999904632568,4.150000095367432,4.150000095367432,16500
2020-03-19,JSBL,4.150000095367432,4.199999809265137,4.0,4.199999809265137,4.199999809265137,158500
2020-03-20,JSBL,4.039999961853027,4.300000190734863,4.010000228881836,4.289999961853027,4.289999961853027,14000
2020-03-23,JSBL,4.289999961853027,4.289999961853027,4.289999961853027,4.289999961853027,4.289999961853027,0
2020-03-24,JSBL,4.289999961853027,4.289999961853027,4.289999961853027,4.289999961853027,4.289999961853027,0
2020-03-25,JSBL,4.0,4.489999771118164,4.0,4.050000190734863,4.050000190734863,4000
2020-03-26,JSBL,4.0,4.25,4.0,4.25,4.25,202500
2020-03-27,JSBL,4.010000228881836,4.199999809265137,3.9100000858306885,4.0,4.0,618000
2020-03-30,JSBL,4.0,4.0,3.809999942779541,3.950000047683716,3.950000047683716,36000
2020-03-31,JSBL,3.930000066757202,4.059999942779541,3.930000066757202,4.019999980926514,4.019999980926514,575500
2020-04-01,JSBL,3.930000066757202,3.990000009536743,3.9100000858306885,3.9600000381469727,3.9600000381469727,140000
2020-04-02,JSBL,3.859999895095825,4.960000038146973,3.859999895095825,4.690000057220459,4.690000057220459,3293500
2020-04-03,JSBL,5.0,5.679999828338623,4.559999942779541,5.389999866485596,5.389999866485596,1050000
2020-04-06,JSBL,5.199999809265137,5.199999809265137,5.0,5.0,5.0,155000
2020-04-07,JSBL,4.809999942779541,5.010000228881836,4.809999942779541,5.0,5.0,99000
2020-04-08,JSBL,4.849999904632568,4.849999904632568,4.800000190734863,4.820000171661377,4.820000171661377,15500
2020-04-09,JSBL,5.099999904632568,5.099999904632568,4.860000133514404,4.900000095367432,4.900000095367432,39500
2020-04-10,JSBL,5.0,5.0,4.989999771118164,4.989999771118164,4.989999771118164,101000
2020-04-13,JSBL,4.610000133514404,4.670000076293945,4.610000133514404,4.650000095367432,4.650000095367432,141000
2020-04-14,JSBL,4.599999904632568,4.599999904632568,4.599999904632568,4.599999904632568,4.599999904632568,5000
2020-04-15,JSBL,4.610000133514404,4.619999885559082,4.610000133514404,4.610000133514404,4.610000133514404,11000
2020-04-16,JSBL,4.75,4.75,4.75,4.75,4.75,500
2020-04-17,JSBL,4.889999866485596,5.0,4.889999866485596,4.960000038146973,4.960000038146973,19500
2020-04-20,JSBL,4.900000095367432,4.900000095367432,4.619999885559082,4.650000095367432,4.650000095367432,170500
2020-04-21,JSBL,4.650000095367432,4.650000095367432,4.650000095367432,4.650000095367432,4.650000095367432,0
2020-04-22,JSBL,4.849999904632568,4.849999904632568,4.849999904632568,4.849999904632568,4.849999904632568,500
2020-04-23,JSBL,4.610000133514404,4.849999904632568,4.550000190734863,4.849999904632568,4.849999904632568,90500
2020-04-24,JSBL,4.510000228881836,4.53000020980835,4.510000228881836,4.53000020980835,4.53000020980835,50500
2020-04-27,JSBL,4.550000190734863,4.559999942779541,4.550000190734863,4.550000190734863,4.550000190734863,35000
2020-04-28,JSBL,4.519999980926514,4.519999980926514,4.5,4.5,4.5,75000
2020-04-29,JSBL,4.46999979019165,4.5,4.449999809265137,4.5,4.5,137000
2020-04-30,JSBL,4.650000095367432,4.75,4.650000095367432,4.71999979019165,4.71999979019165,47000
2020-05-01,JSBL,4.71999979019165,4.71999979019165,4.71999979019165,4.71999979019165,4.71999979019165,0
2020-05-04,JSBL,4.75,4.96999979019165,4.75,4.869999885559082,4.869999885559082,51500
2020-05-05,JSBL,4.75,5.179999828338623,4.710000038146973,5.0,5.0,382000
2020-05-06,JSBL,4.820000171661377,5.190000057220459,4.800000190734863,5.059999942779541,5.059999942779541,82000
2020-05-07,JSBL,5.0,5.050000190734863,5.0,5.0,5.0,15000
2020-05-08,JSBL,5.039999961853027,5.050000190734863,4.909999847412109,4.909999847412109,4.909999847412109,12500
2020-05-11,JSBL,4.909999847412109,4.909999847412109,4.909999847412109,4.909999847412109,4.909999847412109,0
2020-05-12,JSBL,4.820000171661377,4.820000171661377,4.75,4.760000228881836,4.760000228881836,14000
2020-05-13,JSBL,4.71999979019165,4.71999979019165,4.699999809265137,4.699999809265137,4.699999809265137,25500
2020-05-14,JSBL,4.619999885559082,5.0,4.619999885559082,4.96999979019165,4.96999979019165,35500
2020-05-15,JSBL,4.710000038146973,4.710000038146973,4.710000038146973,4.710000038146973,4.710000038146973,1000
2020-05-18,JSBL,4.710000038146973,5.0,4.610000133514404,5.0,5.0,135000
2020-05-19,JSBL,4.800000190734863,4.800000190734863,4.800000190734863,4.800000190734863,4.800000190734863,2500
2020-05-20,JSBL,4.760000228881836,4.800000190734863,4.710000038146973,4.75,4.75,47500
2020-05-21,JSBL,4.949999809265137,4.949999809265137,4.940000057220459,4.940000057220459,4.940000057220459,20500
2020-05-22,JSBL,4.940000057220459,4.940000057220459,4.940000057220459,4.940000057220459,4.940000057220459,0
2020-05-25,JSBL,4.940000057220459,4.940000057220459,4.940000057220459,4.940000057220459,4.940000057220459,0
2020-05-26,JSBL,4.940000057220459,4.940000057220459,4.940000057220459,4.940000057220459,4.940000057220459,0
2020-05-27,JSBL,4.940000057220459,4.940000057220459,4.940000057220459,4.940000057220459,4.940000057220459,0
2020-05-28,JSBL,4.900000095367432,4.900000095367432,4.699999809265137,4.75,4.75,71000
2020-05-29,JSBL,4.989999771118164,5.539999961853027,4.710000038146973,5.25,5.25,510500
2020-06-01,JSBL,5.25,5.389999866485596,4.800000190734863,4.869999885559082,4.869999885559082,236500
2020-06-02,JSBL,4.71999979019165,5.150000095367432,4.71999979019165,5.0,5.0,71000
2020-06-03,JSBL,5.0,5.099999904632568,4.75,4.869999885559082,4.869999885559082,181500
2020-06-04,JSBL,4.849999904632568,4.849999904632568,4.739999771118164,4.760000228881836,4.760000228881836,11000
2020-06-05,JSBL,4.849999904632568,4.980000019073486,4.849999904632568,4.860000133514404,4.860000133514404,12000
2020-06-08,JSBL,4.760000228881836,4.860000133514404,4.699999809265137,4.760000228881836,4.760000228881836,541500
2020-06-09,JSBL,4.710000038146973,4.900000095367432,4.710000038146973,4.78000020980835,4.78000020980835,61500
2020-06-10,JSBL,4.849999904632568,4.989999771118164,4.800000190734863,4.989999771118164,4.989999771118164,67000
2020-06-11,JSBL,4.989999771118164,5.0,4.849999904632568,4.929999828338623,4.929999828338623,160500
2020-06-12,JSBL,4.800000190734863,4.849999904632568,4.800000190734863,4.849999904632568,4.849999904632568,1500
2020-06-15,JSBL,4.989999771118164,4.989999771118164,4.800000190734863,4.920000076293945,4.920000076293945,626000
2020-06-16,JSBL,4.920000076293945,5.389999866485596,4.860000133514404,5.139999866485596,5.139999866485596,346000
2020-06-17,JSBL,5.389999866485596,5.599999904632568,5.010000228881836,5.360000133514404,5.360000133514404,1165000
2020-06-18,JSBL,5.449999809265137,5.789999961853027,5.0,5.0,5.0,882000
2020-06-19,JSBL,5.230000019073486,5.300000190734863,4.900000095367432,5.0,5.0,503000
2020-06-22,JSBL,5.170000076293945,5.449999809265137,4.949999809265137,5.300000190734863,5.300000190734863,784500
2020-06-23,JSBL,5.389999866485596,5.389999866485596,5.179999828338623,5.239999771118164,5.239999771118164,128500
2020-06-24,JSBL,5.25,5.25,5.099999904632568,5.239999771118164,5.239999771118164,18500
2020-06-25,JSBL,5.010000228881836,5.25,5.0,5.21999979019165,5.21999979019165,41000
2020-06-26,JSBL,5.099999904632568,5.210000038146973,5.099999904632568,5.210000038146973,5.210000038146973,31000
2020-06-29,JSBL,5.0,5.440000057220459,5.0,5.340000152587891,5.340000152587891,155000
2020-06-30,JSBL,5.059999942779541,5.5,4.900000095367432,5.349999904632568,5.349999904632568,2137000
2020-07-01,JSBL,5.349999904632568,5.349999904632568,5.0,5.230000019073486,5.230000019073486,8784000
2020-07-02,JSBL,5.150000095367432,6.230000019073486,5.150000095367432,6.130000114440918,6.130000114440918,3613000
2020-07-03,JSBL,6.099999904632568,6.099999904632568,5.360000133514404,5.400000095367432,5.400000095367432,2646000
2020-07-06,JSBL,5.25,5.889999866485596,5.159999847412109,5.699999809265137,5.699999809265137,1177500
2020-07-07,JSBL,5.519999980926514,6.25,5.460000038146973,6.019999980926514,6.019999980926514,1420500
2020-07-08,JSBL,6.099999904632568,6.389999866485596,5.849999904632568,6.28000020980835,6.28000020980835,635000
2020-07-09,JSBL,6.199999809265137,6.0,5.730000019073486,5.78000020980835,5.78000020980835,2508000
2020-07-10,JSBL,5.789999961853027,5.800000190734863,5.599999904632568,5.610000133514404,5.610000133514404,251000
2020-07-13,JSBL,5.78000020980835,5.78000020980835,5.639999866485596,5.699999809265137,5.699999809265137,36000
2020-07-14,JSBL,5.75,6.21999979019165,5.659999847412109,5.710000038146973,5.710000038146973,2876500
2020-07-15,JSBL,5.940000057220459,6.679999828338623,5.400000095367432,5.480000019073486,5.480000019073486,12675000
2020-07-16,JSBL,5.53000020980835,6.460000038146973,5.5,6.179999828338623,6.179999828338623,31676000
2020-07-17,JSBL,6.199999809265137,6.489999771118164,5.900000095367432,5.980000019073486,5.980000019073486,4026000
2020-07-20,JSBL,6.050000190734863,6.349999904632568,5.900000095367432,5.929999828338623,5.929999828338623,2128000
2020-07-21,JSBL,5.860000133514404,6.0,5.71999979019165,5.75,5.75,908000
2020-07-22,JSBL,5.769999980926514,5.829999923706055,5.699999809265137,5.75,5.75,2906000
2020-07-23,JSBL,5.699999809265137,5.849999904632568,5.610000133514404,5.639999866485596,5.639999866485596,362000
2020-07-24,JSBL,5.610000133514404,5.889999866485596,5.599999904632568,5.739999771118164,5.739999771118164,128500
2020-07-27,JSBL,5.75,6.289999961853027,5.610000133514404,5.880000114440918,5.880000114440918,2682000
2020-07-28,JSBL,6.0,6.079999923706055,5.800000190734863,5.929999828338623,5.929999828338623,3464500
2020-07-29,JSBL,6.0,6.050000190734863,5.800000190734863,5.800000190734863,5.800000190734863,2251000
2020-07-30,JSBL,5.960000038146973,6.0,5.739999771118164,5.800000190734863,5.800000190734863,794500
2020-07-31,JSBL,5.800000190734863,5.800000190734863,5.800000190734863,5.800000190734863,5.800000190734863,0
2020-08-03,JSBL,5.800000190734863,5.989999771118164,5.800000190734863,5.840000152587891,5.840000152587891,966000
2020-08-04,JSBL,5.849999904632568,5.960000038146973,5.809999942779541,5.820000171661377,5.820000171661377,457500
2020-08-05,JSBL,5.820000171661377,5.860000133514404,5.760000228881836,5.809999942779541,5.809999942779541,249500
2020-08-06,JSBL,5.900000095367432,5.920000076293945,5.599999904632568,5.900000095367432,5.900000095367432,1284500
2020-08-07,JSBL,5.809999942779541,6.03000020980835,5.809999942779541,5.949999809265137,5.949999809265137,2456500
2020-08-10,JSBL,6.019999980926514,6.050000190734863,5.650000095367432,5.71999979019165,5.71999979019165,3187000
2020-08-11,JSBL,5.699999809265137,6.0,5.699999809265137,5.849999904632568,5.849999904632568,1584000
2020-08-12,JSBL,5.949999809265137,5.949999809265137,5.650000095367432,5.730000019073486,5.730000019073486,825500
2020-08-13,JSBL,5.699999809265137,5.699999809265137,5.619999885559082,5.699999809265137,5.699999809265137,693000
2020-08-14,JSBL,5.699999809265137,5.699999809265137,5.699999809265137,5.699999809265137,5.699999809265137,0
2020-08-17,JSBL,5.630000114440918,5.800000190734863,5.599999904632568,5.619999885559082,5.619999885559082,648000
2020-08-18,JSBL,5.610000133514404,5.75,5.550000190734863,5.639999866485596,5.639999866485596,333500
2020-08-19,JSBL,5.639999866485596,5.699999809265137,5.570000171661377,5.610000133514404,5.610000133514404,190000
2020-08-20,JSBL,5.650000095367432,5.690000057220459,5.519999980926514,5.53000020980835,5.53000020980835,265500
2020-08-21,JSBL,5.699999809265137,5.699999809265137,5.519999980926514,5.519999980926514,5.519999980926514,14500
2020-08-24,JSBL,5.510000228881836,5.739999771118164,5.510000228881836,5.679999828338623,5.679999828338623,1186500
2020-08-25,JSBL,5.699999809265137,5.800000190734863,5.539999961853027,5.650000095367432,5.650000095367432,12775500
2020-08-26,JSBL,5.599999904632568,5.949999809265137,5.599999904632568,5.639999866485596,5.639999866485596,3957000
2020-08-27,JSBL,5.75,6.050000190734863,5.650000095367432,5.920000076293945,5.920000076293945,14414500
2020-08-28,JSBL,6.0,6.190000057220459,5.900000095367432,6.010000228881836,6.010000228881836,3988000
2020-08-31,JSBL,6.099999904632568,6.099999904632568,5.900000095367432,5.900000095367432,5.900000095367432,2507000
2020-09-01,JSBL,5.989999771118164,5.989999771118164,5.800000190734863,5.829999923706055,5.829999923706055,2266500
2020-09-02,JSBL,5.820000171661377,6.130000114440918,5.78000020980835,6.070000171661377,6.070000171661377,6357500
2020-09-03,JSBL,6.199999809265137,6.949999809265137,6.099999904632568,6.519999980926514,6.519999980926514,14858000
2020-09-04,JSBL,6.550000190734863,6.989999771118164,6.199999809265137,6.369999885559082,6.369999885559082,23760000
2020-09-07,JSBL,6.46999979019165,7.320000171661377,6.46999979019165,7.239999771118164,7.239999771118164,35204500
2020-09-08,JSBL,7.199999809265137,7.679999828338623,6.800000190734863,6.909999847412109,6.909999847412109,16475000
2020-09-09,JSBL,7.0,7.289999961853027,6.699999809265137,7.110000133514404,7.110000133514404,13931000
2020-09-10,JSBL,7.199999809265137,7.550000190734863,7.150000095367432,7.269999980926514,7.269999980926514,11712500
2020-09-11,JSBL,7.25,7.400000095367432,7.03000020980835,7.239999771118164,7.239999771118164,6253000
2020-09-14,JSBL,7.389999866485596,7.510000228881836,6.940000057220459,7.010000228881836,7.010000228881836,12405000
2020-09-15,JSBL,7.130000114440918,7.199999809265137,7.0,7.099999904632568,7.099999904632568,5278000
2020-09-16,JSBL,6.96999979019165,7.449999809265137,6.920000076293945,7.300000190734863,7.300000190734863,8645000
2020-09-17,JSBL,7.349999904632568,7.690000057220459,7.099999904632568,7.139999866485596,7.139999866485596,5256500
2020-09-18,JSBL,7.110000133514404,7.25,7.0,7.139999866485596,7.139999866485596,3975500
2020-09-21,JSBL,7.099999904632568,7.179999828338623,6.800000190734863,6.849999904632568,6.849999904632568,5151000
2020-09-22,JSBL,6.820000171661377,7.110000133514404,6.75,7.019999980926514,7.019999980926514,2516000
2020-09-23,JSBL,7.019999980926514,7.039999961853027,6.820000171661377,6.96999979019165,6.96999979019165,877000
2020-09-24,JSBL,6.949999809265137,7.090000152587891,6.75,7.010000228881836,7.010000228881836,1606000
2020-09-25,JSBL,6.980000019073486,7.0,6.659999847412109,6.789999961853027,6.789999961853027,838000
2020-09-28,JSBL,6.650000095367432,7.150000095367432,6.650000095367432,6.800000190734863,6.800000190734863,4857000
2020-09-29,JSBL,6.800000190734863,7.239999771118164,6.699999809265137,7.119999885559082,7.119999885559082,3609000
2020-09-30,JSBL,7.150000095367432,7.150000095367432,6.800000190734863,6.849999904632568,6.849999904632568,4078000
2020-10-01,JSBL,6.980000019073486,6.980000019073486,6.5,6.840000152587891,6.840000152587891,1720000
2020-10-02,JSBL,6.849999904632568,6.849999904632568,6.599999904632568,6.739999771118164,6.739999771118164,217000
2020-10-05,JSBL,6.510000228881836,6.699999809265137,6.300000190734863,6.480000019073486,6.480000019073486,1633500
2020-10-06,JSBL,6.5,6.800000190734863,6.300000190734863,6.789999961853027,6.789999961853027,1977000
2020-10-07,JSBL,6.75,6.949999809265137,6.699999809265137,6.760000228881836,6.760000228881836,1618000
2020-10-08,JSBL,6.699999809265137,6.820000171661377,6.550000190734863,6.639999866485596,6.639999866485596,144500
2020-10-09,JSBL,6.550000190734863,6.809999942779541,6.550000190734863,6.679999828338623,6.679999828338623,162000
2020-10-12,JSBL,6.78000020980835,6.800000190734863,6.550000190734863,6.570000171661377,6.570000171661377,158500
2020-10-13,JSBL,6.510000228881836,6.579999923706055,6.400000095367432,6.5,6.5,290500
2020-10-14,JSBL,6.5,6.639999866485596,6.449999809265137,6.539999961853027,6.539999961853027,190500
2020-10-15,JSBL,6.699999809265137,6.699999809265137,6.5,6.5,6.5,193000
2020-10-16,JSBL,6.449999809265137,6.650000095367432,6.449999809265137,6.599999904632568,6.599999904632568,545500
2020-10-19,JSBL,6.5,6.699999809265137,6.5,6.570000171661377,6.570000171661377,150000
2020-10-20,JSBL,6.690000057220459,7.429999828338623,6.599999904632568,7.0,7.0,2262500
2020-10-21,JSBL,7.0,7.0,6.800000190734863,6.880000114440918,6.880000114440918,1129500
2020-10-22,JSBL,6.760000228881836,7.190000057220459,6.710000038146973,6.739999771118164,6.739999771118164,1654000
2020-10-23,JSBL,6.659999847412109,6.75,6.289999961853027,6.329999923706055,6.329999923706055,3859000
2020-10-26,JSBL,6.5,6.550000190734863,6.349999904632568,6.5,6.5,446500
2020-10-27,JSBL,6.5,6.869999885559082,6.349999904632568,6.760000228881836,6.760000228881836,750000
2020-10-28,JSBL,6.699999809265137,6.940000057220459,6.519999980926514,6.550000190734863,6.550000190734863,2288500
2020-10-29,JSBL,6.409999847412109,6.5,6.059999942779541,6.369999885559082,6.369999885559082,852500
2020-10-30,JSBL,6.369999885559082,6.369999885559082,6.369999885559082,6.369999885559082,6.369999885559082,0
2020-11-02,JSBL,6.059999942779541,6.269999980926514,5.809999942779541,6.21999979019165,6.21999979019165,829000
2020-11-03,JSBL,6.28000020980835,6.829999923706055,6.28000020980835,6.710000038146973,6.710000038146973,1016000
2020-11-04,JSBL,6.550000190734863,6.699999809265137,6.550000190734863,6.550000190734863,6.550000190734863,73500
2020-11-05,JSBL,6.679999828338623,6.699999809265137,6.5,6.570000171661377,6.570000171661377,86500
2020-11-06,JSBL,6.550000190734863,6.690000057220459,6.5,6.53000020980835,6.53000020980835,96000
2020-11-09,JSBL,6.5,6.539999961853027,6.389999866485596,6.510000228881836,6.510000228881836,207000
2020-11-10,JSBL,6.78000020980835,6.78000020980835,6.480000019073486,6.480000019073486,6.480000019073486,72500
2020-11-11,JSBL,6.570000171661377,6.570000171661377,6.369999885559082,6.440000057220459,6.440000057220459,79000
2020-11-12,JSBL,6.420000076293945,6.5,6.300000190734863,6.349999904632568,6.349999904632568,66500
2020-11-13,JSBL,6.349999904632568,6.349999904632568,6.150000095367432,6.349999904632568,6.349999904632568,239500
2020-11-16,JSBL,6.21999979019165,6.489999771118164,6.21999979019165,6.269999980926514,6.269999980926514,12000
2020-11-17,JSBL,6.340000152587891,6.400000095367432,6.340000152587891,6.340000152587891,6.340000152587891,34000
2020-11-18,JSBL,6.110000133514404,6.5,6.110000133514404,6.329999923706055,6.329999923706055,110500
2020-11-19,JSBL,6.210000038146973,6.300000190734863,6.190000057220459,6.230000019073486,6.230000019073486,277000
2020-11-20,JSBL,6.159999847412109,6.159999847412109,6.119999885559082,6.119999885559082,6.119999885559082,49000
2020-11-23,JSBL,6.0,6.0,5.699999809265137,5.78000020980835,5.78000020980835,345000
2020-11-24,JSBL,5.820000171661377,5.940000057220459,5.800000190734863,5.869999885559082,5.869999885559082,57000
2020-11-25,JSBL,5.900000095367432,5.989999771118164,5.900000095367432,5.989999771118164,5.989999771118164,68500
2020-11-26,JSBL,6.039999961853027,6.130000114440918,5.989999771118164,6.019999980926514,6.019999980926514,82000
2020-11-27,JSBL,5.960000038146973,6.400000095367432,5.949999809265137,6.210000038146973,6.210000038146973,248500
2020-11-30,JSBL,6.119999885559082,6.400000095367432,6.03000020980835,6.300000190734863,6.300000190734863,126500
2020-12-01,JSBL,6.349999904632568,6.449999809265137,6.25,6.269999980926514,6.269999980926514,79500
2020-12-02,JSBL,6.210000038146973,6.389999866485596,6.210000038146973,6.269999980926514,6.269999980926514,140500
2020-12-03,JSBL,6.429999828338623,6.429999828338623,6.25,6.25,6.25,32500
2020-12-04,JSBL,6.300000190734863,6.400000095367432,6.25,6.300000190734863,6.300000190734863,146500
2020-12-07,JSBL,6.440000057220459,6.449999809265137,6.25,6.300000190734863,6.300000190734863,93500
2020-12-08,JSBL,6.400000095367432,6.400000095367432,6.150000095367432,6.159999847412109,6.159999847412109,544500
2020-12-09,JSBL,6.389999866485596,6.389999866485596,6.139999866485596,6.179999828338623,6.179999828338623,229500
2020-12-10,JSBL,6.110000133514404,6.320000171661377,6.039999961853027,6.110000133514404,6.110000133514404,414500
2020-12-11,JSBL,6.150000095367432,6.28000020980835,6.059999942779541,6.099999904632568,6.099999904632568,99500
2020-12-14,JSBL,6.25,6.289999961853027,6.150000095367432,6.25,6.25,262000
2020-12-15,JSBL,6.349999904632568,6.5,6.150000095367432,6.420000076293945,6.420000076293945,1197500
2020-12-16,JSBL,6.480000019073486,6.5,6.300000190734863,6.309999942779541,6.309999942779541,171000
2020-12-17,JSBL,6.480000019073486,6.5,6.349999904632568,6.420000076293945,6.420000076293945,544000
2020-12-18,JSBL,6.550000190734863,6.550000190734863,6.260000228881836,6.349999904632568,6.349999904632568,500000
2020-12-21,JSBL,6.25,6.400000095367432,6.019999980926514,6.090000152587891,6.090000152587891,771500
2020-12-22,JSBL,6.199999809265137,6.320000171661377,6.110000133514404,6.190000057220459,6.190000057220459,90500
2020-12-23,JSBL,6.300000190734863,6.300000190734863,6.199999809265137,6.199999809265137,6.199999809265137,34000
2020-12-24,JSBL,6.300000190734863,6.349999904632568,6.179999828338623,6.25,6.25,584000
2020-12-25,JSBL,6.25,6.25,6.25,6.25,6.25,0
2020-12-28,JSBL,6.25,6.349999904632568,6.159999847412109,6.300000190734863,6.300000190734863,230000
2020-12-29,JSBL,6.400000095367432,6.510000228881836,6.25,6.289999961853027,6.289999961853027,1026500
2020-12-30,JSBL,6.480000019073486,6.510000228881836,6.349999904632568,6.5,6.5,404500
2020-12-31,JSBL,6.5,6.53000020980835,6.400000095367432,6.420000076293945,6.420000076293945,168500
2021-01-01,JSBL,6.5,6.5,6.199999809265137,6.309999942779541,6.309999942779541,1003000
2021-01-04,JSBL,6.309999942779541,6.349999904632568,6.199999809265137,6.239999771118164,6.239999771118164,342500
2021-01-05,JSBL,6.389999866485596,6.5,6.300000190734863,6.380000114440918,6.380000114440918,3621000
2021-01-06,JSBL,6.320000171661377,6.400000095367432,6.300000190734863,6.360000133514404,6.360000133514404,126000
2021-01-07,JSBL,6.400000095367432,6.400000095367432,6.300000190734863,6.309999942779541,6.309999942779541,50000
2021-01-08,JSBL,6.300000190734863,6.699999809265137,6.300000190734863,6.590000152587891,6.590000152587891,9305500
2021-01-11,JSBL,6.789999961853027,6.980000019073486,6.480000019073486,6.809999942779541,6.809999942779541,5927500
2021-01-12,JSBL,6.849999904632568,7.199999809265137,6.75,6.960000038146973,6.960000038146973,3972000
2021-01-13,JSBL,7.050000190734863,7.199999809265137,6.909999847412109,7.090000152587891,7.090000152587891,2580500
2021-01-14,JSBL,6.929999828338623,7.0,6.849999904632568,6.849999904632568,6.849999904632568,1284000
2021-01-15,JSBL,6.800000190734863,6.989999771118164,6.800000190734863,6.849999904632568,6.849999904632568,253000
2021-01-18,JSBL,6.849999904632568,7.190000057220459,6.75,6.980000019073486,6.980000019073486,6479500
2021-01-19,JSBL,7.090000152587891,7.199999809265137,6.900000095367432,7.150000095367432,7.150000095367432,3663500
2021-01-20,JSBL,7.099999904632568,7.099999904632568,6.909999847412109,6.960000038146973,6.960000038146973,2127000
2021-01-21,JSBL,7.050000190734863,7.150000095367432,6.96999979019165,7.0,7.0,2853500
2021-01-22,JSBL,7.039999961853027,7.079999923706055,6.809999942779541,6.889999866485596,6.889999866485596,410500
2021-01-25,JSBL,6.949999809265137,7.739999771118164,6.849999904632568,7.510000228881836,7.510000228881836,8746000
2021-01-26,JSBL,7.639999866485596,7.900000095367432,7.210000038146973,7.260000228881836,7.260000228881836,65348500
2021-01-27,JSBL,7.349999904632568,7.599999904632568,7.25,7.300000190734863,7.300000190734863,10502000
2021-01-28,JSBL,7.300000190734863,7.349999904632568,7.050000190734863,7.110000133514404,7.110000133514404,3322000
2021-01-29,JSBL,7.03000020980835,7.199999809265137,6.929999828338623,6.980000019073486,6.980000019073486,6128500
2021-02-01,JSBL,7.099999904632568,7.099999904632568,6.849999904632568,6.849999904632568,6.849999904632568,1005500
2021-02-02,JSBL,6.900000095367432,7.389999866485596,6.900000095367432,7.0,7.0,3580000
2021-02-03,JSBL,7.010000228881836,7.03000020980835,6.849999904632568,6.880000114440918,6.880000114440918,948500
2021-02-04,JSBL,6.96999979019165,6.96999979019165,6.699999809265137,6.769999980926514,6.769999980926514,839000
2021-02-05,JSBL,6.769999980926514,6.769999980926514,6.769999980926514,6.769999980926514,6.769999980926514,0
2021-02-08,JSBL,6.75,6.849999904632568,6.699999809265137,6.800000190734863,6.800000190734863,1678500
2021-02-09,JSBL,6.78000020980835,6.940000057220459,6.769999980926514,6.889999866485596,6.889999866485596,1373500
2021-02-10,JSBL,6.900000095367432,6.940000057220459,6.889999866485596,6.900000095367432,6.900000095367432,1052500
2021-02-11,JSBL,6.820000171661377,6.949999809265137,6.599999904632568,6.650000095367432,6.650000095367432,1952000
2021-02-12,JSBL,6.699999809265137,6.78000020980835,6.599999904632568,6.690000057220459,6.690000057220459,241000
2021-02-15,JSBL,6.71999979019165,6.789999961853027,6.599999904632568,6.710000038146973,6.710000038146973,511000
2021-02-16,JSBL,6.78000020980835,6.78000020980835,6.599999904632568,6.710000038146973,6.710000038146973,582500
2021-02-17,JSBL,6.900000095367432,6.900000095367432,6.659999847412109,6.739999771118164,6.739999771118164,351500
2021-02-18,JSBL,6.699999809265137,6.940000057220459,6.599999904632568,6.659999847412109,6.659999847412109,717000
2021-02-19,JSBL,6.650000095367432,6.75,6.610000133514404,6.670000076293945,6.670000076293945,752500
2021-02-22,JSBL,6.650000095367432,6.78000020980835,6.440000057220459,6.480000019073486,6.480000019073486,3082500
2021-02-23,JSBL,6.5,6.579999923706055,6.349999904632568,6.360000133514404,6.360000133514404,1948000
2021-02-24,JSBL,6.429999828338623,6.5,6.079999923706055,6.130000114440918,6.130000114440918,3262000
2021-02-25,JSBL,6.170000076293945,6.239999771118164,6.050000190734863,6.099999904632568,6.099999904632568,2028000
2021-02-26,JSBL,6.110000133514404,6.199999809265137,5.980000019073486,6.0,6.0,1411500
2021-03-01,JSBL,6.010000228881836,6.090000152587891,5.800000190734863,5.949999809265137,5.949999809265137,1700500
2021-03-02,JSBL,6.0,6.0,5.900000095367432,5.929999828338623,5.929999828338623,1061500
2021-03-03,JSBL,6.0,6.050000190734863,5.809999942779541,5.920000076293945,5.920000076293945,3030500
2021-03-04,JSBL,5.769999980926514,5.929999828338623,5.760000228881836,5.849999904632568,5.849999904632568,271500
2021-03-05,JSBL,5.78000020980835,5.860000133514404,5.71999979019165,5.75,5.75,1528000
2021-03-08,JSBL,5.809999942779541,5.809999942779541,5.619999885559082,5.619999885559082,5.619999885559082,1948000
2021-03-09,JSBL,5.78000020980835,5.889999866485596,5.659999847412109,5.769999980926514,5.769999980926514,9322500
2021-03-10,JSBL,5.789999961853027,5.789999961853027,5.599999904632568,5.690000057220459,5.690000057220459,3783500
2021-03-11,JSBL,5.619999885559082,5.699999809265137,5.199999809265137,5.289999961853027,5.289999961853027,2799000
2021-03-12,JSBL,5.210000038146973,5.389999866485596,5.210000038146973,5.360000133514404,5.360000133514404,291000
2021-03-15,JSBL,5.369999885559082,5.449999809265137,5.300000190734863,5.400000095367432,5.400000095367432,1282000
2021-03-16,JSBL,5.489999771118164,5.489999771118164,5.400000095367432,5.460000038146973,5.460000038146973,107500
2021-03-17,JSBL,5.71999979019165,5.71999979019165,5.5,5.619999885559082,5.619999885559082,1290500
2021-03-18,JSBL,5.789999961853027,5.789999961853027,5.610000133514404,5.619999885559082,5.619999885559082,403000
2021-03-19,JSBL,5.599999904632568,5.699999809265137,5.599999904632568,5.679999828338623,5.679999828338623,152000
2021-03-22,JSBL,5.599999904632568,5.599999904632568,5.519999980926514,5.53000020980835,5.53000020980835,235500
2021-03-23,JSBL,5.53000020980835,5.53000020980835,5.53000020980835,5.53000020980835,5.53000020980835,0
2021-03-24,JSBL,5.599999904632568,5.650000095367432,5.599999904632568,5.650000095367432,5.650000095367432,55500
2021-03-25,JSBL,5.699999809265137,5.699999809265137,5.510000228881836,5.53000020980835,5.53000020980835,876500
2021-03-26,JSBL,5.53000020980835,5.650000095367432,5.5,5.519999980926514,5.519999980926514,67000
2021-03-29,JSBL,5.400000095367432,5.590000152587891,5.300000190734863,5.309999942779541,5.309999942779541,911500
2021-03-30,JSBL,5.25,5.380000114440918,5.25,5.329999923706055,5.329999923706055,36000
2021-03-31,JSBL,5.380000114440918,5.480000019073486,5.360000133514404,5.389999866485596,5.389999866485596,307000
2021-04-01,JSBL,5.46999979019165,5.46999979019165,5.300000190734863,5.300000190734863,5.300000190734863,741000
2021-04-02,JSBL,5.309999942779541,5.389999866485596,5.300000190734863,5.309999942779541,5.309999942779541,85000
2021-04-05,JSBL,5.309999942779541,5.309999942779541,5.010000228881836,5.050000190734863,5.050000190734863,2895000
2021-04-06,JSBL,5.019999980926514,5.179999828338623,5.010000228881836,5.139999866485596,5.139999866485596,81000
2021-04-07,JSBL,5.199999809265137,5.199999809265137,5.039999961853027,5.059999942779541,5.059999942779541,491000
2021-04-08,JSBL,5.170000076293945,5.170000076293945,5.059999942779541,5.099999904632568,5.099999904632568,61000
2021-04-09,JSBL,5.099999904632568,5.190000057220459,5.099999904632568,5.179999828338623,5.179999828338623,296500
2021-04-12,JSBL,5.179999828338623,5.179999828338623,5.050000190734863,5.059999942779541,5.059999942779541,30500
2021-04-13,JSBL,5.110000133514404,5.25,5.059999942779541,5.190000057220459,5.190000057220459,555000
2021-04-14,JSBL,5.25,5.25,5.199999809265137,5.25,5.25,30500
2021-04-15,JSBL,5.210000038146973,5.400000095367432,5.199999809265137,5.260000228881836,5.260000228881836,297500
2021-04-16,JSBL,5.25,5.380000114440918,5.25,5.380000114440918,5.380000114440918,5000
2021-04-19,JSBL,5.300000190734863,5.349999904632568,5.239999771118164,5.260000228881836,5.260000228881836,67000
2021-04-20,JSBL,5.489999771118164,5.590000152587891,5.25,5.309999942779541,5.309999942779541,102500
2021-04-21,JSBL,5.230000019073486,5.300000190734863,5.199999809265137,5.289999961853027,5.289999961853027,268500
2021-04-22,JSBL,5.210000038146973,5.25,5.150000095367432,5.170000076293945,5.170000076293945,312500
2021-04-23,JSBL,5.110000133514404,5.190000057220459,5.110000133514404,5.159999847412109,5.159999847412109,39000
2021-04-26,JSBL,5.25,5.25,5.099999904632568,5.179999828338623,5.179999828338623,209000
2021-04-27,JSBL,5.159999847412109,5.159999847412109,5.099999904632568,5.150000095367432,5.150000095367432,178500
2021-04-28,JSBL,5.099999904632568,5.159999847412109,5.099999904632568,5.119999885559082,5.119999885559082,40500
2021-04-29,JSBL,5.039999961853027,5.179999828338623,5.010000228881836,5.139999866485596,5.139999866485596,3966500
2021-04-30,JSBL,5.139999866485596,5.139999866485596,5.050000190734863,5.079999923706055,5.079999923706055,159000
2021-05-03,JSBL,5.010000228881836,5.099999904632568,4.929999828338623,5.070000171661377,5.070000171661377,438500
2021-05-04,JSBL,5.050000190734863,5.090000152587891,5.0,5.0,5.0,114500
2021-05-05,JSBL,4.909999847412109,5.099999904632568,4.909999847412109,5.099999904632568,5.099999904632568,276000
2021-05-06,JSBL,5.099999904632568,5.150000095367432,5.050000190734863,5.150000095367432,5.150000095367432,13000
2021-05-07,JSBL,5.150000095367432,5.150000095367432,5.150000095367432,5.150000095367432,5.150000095367432,0
2021-05-10,JSBL,5.150000095367432,5.150000095367432,5.150000095367432,5.150000095367432,5.150000095367432,0
2021-05-11,JSBL,5.150000095367432,5.150000095367432,5.150000095367432,5.150000095367432,5.150000095367432,0
2021-05-12,JSBL,5.150000095367432,5.150000095367432,5.150000095367432,5.150000095367432,5.150000095367432,0
2021-05-13,JSBL,5.150000095367432,5.150000095367432,5.150000095367432,5.150000095367432,5.150000095367432,0
2021-05-14,JSBL,5.150000095367432,5.150000095367432,5.150000095367432,5.150000095367432,5.150000095367432,0
2021-05-17,JSBL,5.070000171661377,5.150000095367432,5.050000190734863,5.139999866485596,5.139999866485596,113000
2021-05-18,JSBL,5.099999904632568,5.150000095367432,5.099999904632568,5.150000095367432,5.150000095367432,10500
2021-05-19,JSBL,5.050000190734863,5.119999885559082,5.050000190734863,5.099999904632568,5.099999904632568,752500
2021-05-20,JSBL,5.389999866485596,5.389999866485596,5.110000133514404,5.289999961853027,5.289999961853027,813500
2021-05-21,JSBL,5.289999961853027,5.400000095367432,5.159999847412109,5.329999923706055,5.329999923706055,1285000
2021-05-24,JSBL,5.389999866485596,5.440000057220459,5.320000171661377,5.340000152587891,5.340000152587891,201000
2021-05-25,JSBL,5.300000190734863,5.5,5.300000190734863,5.429999828338623,5.429999828338623,800000
2021-05-26,JSBL,5.429999828338623,5.480000019073486,5.300000190734863,5.429999828338623,5.429999828338623,191000
2021-05-27,JSBL,5.449999809265137,5.800000190734863,5.360000133514404,5.690000057220459,5.690000057220459,2533500
2021-05-28,JSBL,5.650000095367432,5.920000076293945,5.650000095367432,5.769999980926514,5.769999980926514,8307500
2021-05-31,JSBL,5.71999979019165,5.849999904632568,5.670000076293945,5.75,5.75,613500
2021-06-01,JSBL,5.889999866485596,6.639999866485596,5.809999942779541,5.980000019073486,5.980000019073486,5142500
2021-06-02,JSBL,6.090000152587891,6.090000152587891,5.809999942779541,5.820000171661377,5.820000171661377,497500
2021-06-03,JSBL,5.96999979019165,6.0,5.809999942779541,5.849999904632568,5.849999904632568,2922000
2021-06-04,JSBL,5.820000171661377,5.949999809265137,5.809999942779541,5.880000114440918,5.880000114440918,160500
2021-06-07,JSBL,5.849999904632568,6.0,5.800000190734863,6.0,6.0,802500
2021-06-08,JSBL,5.989999771118164,6.179999828338623,5.880000114440918,5.920000076293945,5.920000076293945,8406000
2021-06-09,JSBL,6.090000152587891,6.25,5.900000095367432,5.909999847412109,5.909999847412109,7905000
2021-06-10,JSBL,6.090000152587891,6.03000020980835,5.800000190734863,5.820000171661377,5.820000171661377,5197500
2021-06-11,JSBL,5.940000057220459,6.050000190734863,5.800000190734863,5.800000190734863,5.800000190734863,6719500
2021-06-14,JSBL,5.860000133514404,5.960000038146973,5.760000228881836,5.789999961853027,5.789999961853027,1717000
2021-06-15,JSBL,5.889999866485596,6.079999923706055,5.5,5.789999961853027,5.789999961853027,2242500
2021-06-16,JSBL,5.789999961853027,5.849999904632568,5.769999980926514,5.789999961853027,5.789999961853027,144500
2021-06-17,JSBL,5.71999979019165,5.960000038146973,5.710000038146973,5.75,5.75,217500
2021-06-18,JSBL,5.849999904632568,5.869999885559082,5.699999809265137,5.710000038146973,5.710000038146973,254000
2021-06-21,JSBL,5.900000095367432,5.900000095367432,5.679999828338623,5.710000038146973,5.710000038146973,60000
2021-06-22,JSBL,5.650000095367432,5.75,5.650000095367432,5.710000038146973,5.710000038146973,298000
2021-06-23,JSBL,5.840000152587891,5.840000152587891,5.599999904632568,5.650000095367432,5.650000095367432,344500
2021-06-24,JSBL,5.650000095367432,5.78000020980835,5.650000095367432,5.670000076293945,5.670000076293945,27000
2021-06-25,JSBL,5.639999866485596,5.699999809265137,5.46999979019165,5.519999980926514,5.519999980926514,577500
2021-06-28,JSBL,5.510000228881836,5.690000057220459,5.25,5.309999942779541,5.309999942779541,1185000
2021-06-29,JSBL,5.449999809265137,5.480000019073486,5.400000095367432,5.409999847412109,5.409999847412109,16500
2021-06-30,JSBL,5.480000019073486,5.889999866485596,5.400000095367432,5.710000038146973,5.710000038146973,998000
2021-07-01,JSBL,5.610000133514404,5.699999809265137,5.400000095367432,5.489999771118164,5.489999771118164,413000
2021-07-02,JSBL,5.5,5.679999828338623,5.46999979019165,5.489999771118164,5.489999771118164,191000
2021-07-05,JSBL,5.5,5.590000152587891,5.400000095367432,5.400000095367432,5.400000095367432,307500
2021-07-06,JSBL,5.420000076293945,5.420000076293945,5.400000095367432,5.400000095367432,5.400000095367432,54000
2021-07-07,JSBL,5.400000095367432,5.570000171661377,5.300000190734863,5.550000190734863,5.550000190734863,665000
2021-07-08,JSBL,5.550000190734863,5.800000190734863,5.5,5.650000095367432,5.650000095367432,5487500
2021-07-09,JSBL,5.75,5.75,5.5,5.510000228881836,5.510000228881836,301000
2021-07-12,JSBL,5.5,5.699999809265137,5.5,5.539999961853027,5.539999961853027,106000
2021-07-13,JSBL,5.510000228881836,5.679999828338623,5.510000228881836,5.599999904632568,5.599999904632568,77000
2021-07-14,JSBL,5.550000190734863,5.550000190734863,5.5,5.5,5.5,261000
2021-07-15,JSBL,5.429999828338623,5.590000152587891,5.429999828338623,5.570000171661377,5.570000171661377,14000
2021-07-16,JSBL,5.550000190734863,5.579999923706055,5.5,5.579999923706055,5.579999923706055,209500
2021-07-19,JSBL,5.630000114440918,5.650000095367432,5.5,5.610000133514404,5.610000133514404,56500
2021-07-20,JSBL,5.610000133514404,5.610000133514404,5.610000133514404,5.610000133514404,5.610000133514404,0
2021-07-21,JSBL,5.610000133514404,5.610000133514404,5.610000133514404,5.610000133514404,5.610000133514404,0
2021-07-22,JSBL,5.610000133514404,5.610000133514404,5.610000133514404,5.610000133514404,5.610000133514404,0
2021-07-23,JSBL,5.610000133514404,5.610000133514404,5.610000133514404,5.610000133514404,5.610000133514404,0
2021-07-26,JSBL,5.519999980926514,5.650000095367432,5.510000228881836,5.550000190734863,5.550000190734863,28000
2021-07-27,JSBL,5.550000190734863,5.630000114440918,5.460000038146973,5.480000019073486,5.480000019073486,162500
2021-07-28,JSBL,5.440000057220459,5.550000190734863,5.440000057220459,5.449999809265137,5.449999809265137,128500
2021-07-29,JSBL,5.449999809265137,5.449999809265137,5.320000171661377,5.329999923706055,5.329999923706055,94500
2021-07-30,JSBL,5.349999904632568,5.349999904632568,5.25,5.25,5.25,671500
2021-08-02,JSBL,5.239999771118164,5.380000114440918,5.239999771118164,5.340000152587891,5.340000152587891,22000
2021-08-03,JSBL,5.420000076293945,5.420000076293945,5.329999923706055,5.349999904632568,5.349999904632568,133000
2021-08-04,JSBL,5.409999847412109,5.409999847412109,5.300000190734863,5.320000171661377,5.320000171661377,106000
2021-08-05,JSBL,5.309999942779541,5.440000057220459,5.300000190734863,5.440000057220459,5.440000057220459,109000
2021-08-06,JSBL,5.329999923706055,5.440000057220459,5.329999923706055,5.360000133514404,5.360000133514404,77000
2021-08-09,JSBL,5.480000019073486,5.480000019073486,5.25,5.300000190734863,5.300000190734863,437000
2021-08-10,JSBL,5.269999980926514,5.300000190734863,5.210000038146973,5.21999979019165,5.21999979019165,285500
2021-08-11,JSBL,5.230000019073486,5.389999866485596,5.21999979019165,5.320000171661377,5.320000171661377,5000500
2021-08-12,JSBL,5.400000095367432,5.400000095367432,5.25,5.260000228881836,5.260000228881836,21000
2021-08-13,JSBL,5.300000190734863,5.300000190734863,5.25,5.289999961853027,5.289999961853027,45500
2021-08-16,JSBL,5.25,5.300000190734863,5.25,5.25,5.25,26000
2021-08-17,JSBL,5.300000190734863,5.300000190734863,5.300000190734863,5.300000190734863,5.300000190734863,500
2021-08-18,JSBL,5.300000190734863,5.300000190734863,5.300000190734863,5.300000190734863,5.300000190734863,0
2021-08-19,JSBL,5.300000190734863,5.300000190734863,5.300000190734863,5.300000190734863,5.300000190734863,0
2021-08-20,JSBL,5.369999885559082,5.369999885559082,5.349999904632568,5.349999904632568,5.349999904632568,6000
2021-08-23,JSBL,5.449999809265137,5.449999809265137,5.389999866485596,5.400000095367432,5.400000095367432,150000
2021-08-24,JSBL,5.369999885559082,5.480000019073486,5.360000133514404,5.480000019073486,5.480000019073486,79000
2021-08-25,JSBL,5.489999771118164,5.5,5.260000228881836,5.309999942779541,5.309999942779541,261500
2021-08-26,JSBL,5.230000019073486,5.28000020980835,5.050000190734863,5.159999847412109,5.159999847412109,187500
2021-08-27,JSBL,5.300000190734863,5.300000190734863,5.099999904632568,5.110000133514404,5.110000133514404,103500
2021-08-30,JSBL,5.179999828338623,5.199999809265137,5.179999828338623,5.199999809265137,5.199999809265137,10000
2021-08-31,JSBL,5.340000152587891,5.349999904632568,5.170000076293945,5.25,5.25,31000
2021-09-01,JSBL,5.150000095367432,5.25,5.119999885559082,5.159999847412109,5.159999847412109,574500
2021-09-02,JSBL,5.150000095367432,5.199999809265137,5.150000095367432,5.159999847412109,5.159999847412109,27000
2021-09-03,JSBL,5.269999980926514,5.400000095367432,5.170000076293945,5.239999771118164,5.239999771118164,1188500
2021-09-06,JSBL,5.179999828338623,5.179999828338623,5.150000095367432,5.159999847412109,5.159999847412109,14500
2021-09-07,JSBL,5.150000095367432,5.289999961853027,5.110000133514404,5.289999961853027,5.289999961853027,75500
2021-09-08,JSBL,5.289999961853027,5.289999961853027,5.110000133514404,5.170000076293945,5.170000076293945,174000
2021-09-09,JSBL,5.25,5.25,5.119999885559082,5.119999885559082,5.119999885559082,49000
2021-09-10,JSBL,5.130000114440918,5.150000095367432,5.119999885559082,5.119999885559082,5.119999885559082,61000
2021-09-13,JSBL,5.110000133514404,5.170000076293945,5.099999904632568,5.170000076293945,5.170000076293945,219500
2021-09-14,JSBL,5.150000095367432,5.199999809265137,5.019999980926514,5.070000171661377,5.070000171661377,237500
2021-09-15,JSBL,5.050000190734863,5.150000095367432,5.019999980926514,5.050000190734863,5.050000190734863,76500
2021-09-16,JSBL,5.019999980926514,5.699999809265137,5.019999980926514,5.53000020980835,5.53000020980835,2985000
2021-09-17,JSBL,5.5,5.800000190734863,5.5,5.630000114440918,5.630000114440918,2001000
2021-09-20,JSBL,5.650000095367432,5.659999847412109,5.349999904632568,5.440000057220459,5.440000057220459,892000
2021-09-21,JSBL,5.409999847412109,5.489999771118164,5.150000095367432,5.179999828338623,5.179999828338623,181000
2021-09-22,JSBL,5.25,5.25,4.960000038146973,5.079999923706055,5.079999923706055,556500
2021-09-23,JSBL,5.150000095367432,5.150000095367432,5.0,5.099999904632568,5.099999904632568,292000
2021-09-24,JSBL,4.980000019073486,5.150000095367432,4.980000019073486,5.0,5.0,896500
2021-09-27,JSBL,5.070000171661377,5.25,4.860000133514404,5.0,5.0,218500
2021-09-28,JSBL,5.019999980926514,5.079999923706055,5.019999980926514,5.079999923706055,5.079999923706055,6500
2021-09-29,JSBL,5.079999923706055,5.079999923706055,4.849999904632568,4.980000019073486,4.980000019073486,146500
2021-09-30,JSBL,5.0,5.150000095367432,4.949999809265137,5.110000133514404,5.110000133514404,13000
2021-10-01,JSBL,5.289999961853027,5.289999961853027,5.0,5.019999980926514,5.019999980926514,166000
2021-10-04,JSBL,5.239999771118164,5.239999771118164,5.03000020980835,5.099999904632568,5.099999904632568,38000
2021-10-05,JSBL,5.099999904632568,5.179999828338623,5.039999961853027,5.059999942779541,5.059999942779541,73500
2021-10-06,JSBL,5.25,5.25,4.949999809265137,4.980000019073486,4.980000019073486,102500
2021-10-07,JSBL,5.099999904632568,5.300000190734863,5.050000190734863,5.059999942779541,5.059999942779541,321500
2021-10-08,JSBL,5.190000057220459,5.190000057220459,5.0,5.0,5.0,41000
2021-10-11,JSBL,5.0,5.099999904632568,4.800000190734863,4.880000114440918,4.880000114440918,410000
2021-10-12,JSBL,4.820000171661377,5.0,4.75,5.0,5.0,2781500
2021-10-13,JSBL,4.900000095367432,5.039999961853027,4.900000095367432,4.989999771118164,4.989999771118164,55500
2021-10-14,JSBL,4.809999942779541,5.099999904632568,4.809999942779541,5.0,5.0,109500
2021-10-15,JSBL,4.96999979019165,5.0,4.860000133514404,4.900000095367432,4.900000095367432,318000
2021-10-18,JSBL,5.090000152587891,5.090000152587891,5.090000152587891,5.090000152587891,5.090000152587891,500
2021-10-19,JSBL,5.090000152587891,5.090000152587891,5.090000152587891,5.090000152587891,5.090000152587891,0
2021-10-20,JSBL,5.0,5.070000171661377,5.0,5.070000171661377,5.070000171661377,43000
2021-10-21,JSBL,5.0,5.300000190734863,5.0,5.130000114440918,5.130000114440918,904000
2021-10-22,JSBL,5.079999923706055,5.079999923706055,4.96999979019165,5.019999980926514,5.019999980926514,3034500
2021-10-25,JSBL,4.960000038146973,4.960000038146973,4.960000038146973,5.019999980926514,5.019999980926514,3000
2021-10-26,JSBL,5.139999866485596,5.139999866485596,4.960000038146973,4.96999979019165,4.96999979019165,13000
2021-10-27,JSBL,5.010000228881836,5.070000171661377,5.0,5.0,5.0,87000
2021-10-28,JSBL,5.010000228881836,5.010000228881836,4.940000057220459,4.949999809265137,4.949999809265137,82000
2021-10-29,JSBL,4.949999809265137,5.099999904632568,4.929999828338623,5.010000228881836,5.010000228881836,97500
2021-11-01,JSBL,5.010000228881836,5.119999885559082,4.900000095367432,4.949999809265137,4.949999809265137,2049500
2021-11-02,JSBL,5.0,5.050000190734863,4.960000038146973,5.0,5.0,293000
2021-11-03,JSBL,5.0,5.070000171661377,5.0,5.070000171661377,5.070000171661377,44000
2021-11-04,JSBL,5.190000057220459,5.190000057220459,5.0,5.099999904632568,5.099999904632568,66000
2021-11-05,JSBL,5.159999847412109,5.159999847412109,4.96999979019165,5.0,5.0,894500
2021-11-08,JSBL,5.050000190734863,5.050000190734863,5.010000228881836,5.010000228881836,5.010000228881836,30500
2021-11-09,JSBL,5.010000228881836,5.010000228881836,4.929999828338623,4.989999771118164,4.989999771118164,30500
2021-11-10,JSBL,4.940000057220459,4.989999771118164,4.940000057220459,4.989999771118164,4.989999771118164,164000
2021-11-11,JSBL,4.989999771118164,4.989999771118164,4.929999828338623,4.929999828338623,4.929999828338623,15500
2021-11-12,JSBL,4.920000076293945,4.920000076293945,4.820000171661377,4.829999923706055,4.829999923706055,80000
2021-11-15,JSBL,4.820000171661377,4.989999771118164,4.809999942779541,4.980000019073486,4.980000019073486,44000
2021-11-16,JSBL,4.960000038146973,4.960000038146973,4.960000038146973,4.960000038146973,4.960000038146973,8000
2021-11-17,JSBL,4.949999809265137,5.010000228881836,4.739999771118164,4.769999980926514,4.769999980926514,1857500
2021-11-18,JSBL,4.980000019073486,4.980000019073486,4.75,4.849999904632568,4.849999904632568,169500
2021-11-19,JSBL,4.789999961853027,4.96999979019165,4.789999961853027,4.929999828338623,4.929999828338623,84500
2021-11-22,JSBL,4.909999847412109,4.949999809265137,4.800000190734863,4.809999942779541,4.809999942779541,45000
2021-11-23,JSBL,4.849999904632568,4.849999904632568,4.75,4.760000228881836,4.760000228881836,74500
2021-11-24,JSBL,4.730000019073486,4.75,4.710000038146973,4.75,4.75,46000
2021-11-25,JSBL,4.760000228881836,4.760000228881836,4.599999904632568,4.619999885559082,4.619999885559082,93000
2021-11-26,JSBL,4.739999771118164,4.789999961853027,4.599999904632568,4.610000133514404,4.610000133514404,134500
2021-11-29,JSBL,4.71999979019165,4.949999809265137,4.650000095367432,4.760000228881836,4.760000228881836,31000
2021-11-30,JSBL,4.739999771118164,4.739999771118164,4.699999809265137,4.699999809265137,4.699999809265137,508500
2021-12-01,JSBL,4.849999904632568,4.849999904632568,4.800000190734863,4.800000190734863,4.800000190734863,34500
2021-12-02,JSBL,4.690000057220459,4.690000057220459,4.510000228881836,4.539999961853027,4.539999961853027,85000
2021-12-03,JSBL,4.510000228881836,4.599999904632568,4.510000228881836,4.550000190734863,4.550000190734863,60000
2021-12-06,JSBL,4.599999904632568,4.599999904632568,4.400000095367432,4.429999828338623,4.429999828338623,126000
2021-12-07,JSBL,4.449999809265137,4.599999904632568,4.449999809265137,4.5,4.5,135500
2021-12-08,JSBL,4.590000152587891,4.599999904632568,4.400000095367432,4.409999847412109,4.409999847412109,300500
2021-12-09,JSBL,4.909999847412109,4.909999847412109,4.320000171661377,4.400000095367432,4.400000095367432,79000
2021-12-10,JSBL,4.5,4.5,4.309999942779541,4.480000019073486,4.480000019073486,8000
2021-12-13,JSBL,4.309999942779541,4.349999904632568,4.309999942779541,4.349999904632568,4.349999904632568,20500
2021-12-14,JSBL,4.489999771118164,4.489999771118164,4.449999809265137,4.449999809265137,4.449999809265137,10500
2021-12-15,JSBL,4.590000152587891,4.610000133514404,4.400000095367432,4.599999904632568,4.599999904632568,97000
2021-12-16,JSBL,4.449999809265137,4.599999904632568,4.449999809265137,4.5,4.5,2000
2021-12-17,JSBL,4.5,4.880000114440918,4.400000095367432,4.690000057220459,4.690000057220459,22500
2021-12-20,JSBL,4.539999961853027,4.599999904632568,4.510000228881836,4.599999904632568,4.599999904632568,131500
2021-12-21,JSBL,4.619999885559082,4.670000076293945,4.510000228881836,4.670000076293945,4.670000076293945,13500
2021-12-22,JSBL,4.590000152587891,4.590000152587891,4.420000076293945,4.559999942779541,4.559999942779541,110000
2021-12-23,JSBL,4.599999904632568,4.699999809265137,4.53000020980835,4.679999828338623,4.679999828338623,38500
2021-12-24,JSBL,4.599999904632568,4.789999961853027,4.599999904632568,4.789999961853027,4.789999961853027,7000
2021-12-27,JSBL,4.699999809265137,4.699999809265137,4.599999904632568,4.679999828338623,4.679999828338623,11000
2021-12-28,JSBL,4.510000228881836,4.590000152587891,4.5,4.53000020980835,4.53000020980835,60000
2021-12-29,JSBL,4.599999904632568,4.739999771118164,4.510000228881836,4.539999961853027,4.539999961853027,866000
2021-12-30,JSBL,4.53000020980835,4.889999866485596,4.53000020980835,4.739999771118164,4.739999771118164,462000
2021-12-31,JSBL,4.599999904632568,4.849999904632568,4.599999904632568,4.820000171661377,4.820000171661377,5225500
2022-01-03,JSBL,4.650000095367432,4.699999809265137,4.5,4.559999942779541,4.559999942779541,645500
2022-01-04,JSBL,4.599999904632568,4.679999828338623,4.570000171661377,4.670000076293945,4.670000076293945,17000
2022-01-05,JSBL,4.699999809265137,4.699999809265137,4.550000190734863,4.599999904632568,4.599999904632568,46500
2022-01-06,JSBL,4.559999942779541,4.670000076293945,4.519999980926514,4.550000190734863,4.550000190734863,78000
2022-01-07,JSBL,4.610000133514404,4.690000057220459,4.579999923706055,4.690000057220459,4.690000057220459,13500
2022-01-10,JSBL,4.650000095367432,4.800000190734863,4.650000095367432,4.769999980926514,4.769999980926514,399500
2022-01-11,JSBL,4.829999923706055,4.949999809265137,4.789999961853027,4.909999847412109,4.909999847412109,8616000
2022-01-12,JSBL,4.900000095367432,5.0,4.869999885559082,4.920000076293945,4.920000076293945,489000
2022-01-13,JSBL,4.909999847412109,4.96999979019165,4.909999847412109,4.929999828338623,4.929999828338623,54500
2022-01-14,JSBL,4.920000076293945,4.989999771118164,4.920000076293945,4.940000057220459,4.940000057220459,53000
2022-01-17,JSBL,4.929999828338623,4.929999828338623,4.900000095367432,4.900000095367432,4.900000095367432,61000
2022-01-18,JSBL,4.940000057220459,4.940000057220459,4.849999904632568,4.900000095367432,4.900000095367432,14000
2022-01-19,JSBL,4.860000133514404,4.880000114440918,4.730000019073486,4.739999771118164,4.739999771118164,485500
2022-01-20,JSBL,4.989999771118164,4.989999771118164,4.610000133514404,4.75,4.75,290500
2022-01-21,JSBL,4.670000076293945,4.75,4.659999847412109,4.75,4.75,23000
2022-01-24,JSBL,4.659999847412109,4.659999847412109,4.659999847412109,4.659999847412109,4.659999847412109,1000
2022-01-25,JSBL,4.710000038146973,4.789999961853027,4.659999847412109,4.659999847412109,4.659999847412109,150500
2022-01-26,JSBL,4.650000095367432,4.659999847412109,4.610000133514404,4.630000114440918,4.630000114440918,38500
2022-01-27,JSBL,4.610000133514404,4.610000133514404,4.579999923706055,4.599999904632568,4.599999904632568,22500
2022-01-28,JSBL,4.880000114440918,4.889999866485596,4.599999904632568,4.599999904632568,4.599999904632568,116500
2022-01-31,JSBL,4.570000171661377,4.650000095367432,4.5,4.650000095367432,4.650000095367432,59000
2022-02-01,JSBL,4.699999809265137,4.78000020980835,4.659999847412109,4.670000076293945,4.670000076293945,17000
2022-02-02,JSBL,4.739999771118164,4.739999771118164,4.619999885559082,4.690000057220459,4.690000057220459,156000
2022-02-03,JSBL,4.599999904632568,4.789999961853027,4.599999904632568,4.730000019073486,4.730000019073486,39000
2022-02-04,JSBL,4.739999771118164,4.75,4.659999847412109,4.659999847412109,4.659999847412109,4000
2022-02-07,JSBL,4.619999885559082,4.659999847412109,4.519999980926514,4.579999923706055,4.579999923706055,81000
2022-02-08,JSBL,4.550000190734863,4.559999942779541,4.550000190734863,4.550000190734863,4.550000190734863,17000
2022-02-09,JSBL,4.699999809265137,4.699999809265137,4.550000190734863,4.610000133514404,4.610000133514404,48500
2022-02-10,JSBL,4.550000190734863,4.699999809265137,4.550000190734863,4.610000133514404,4.610000133514404,31500
2022-02-11,JSBL,4.730000019073486,4.730000019073486,4.519999980926514,4.559999942779541,4.559999942779541,13000
2022-02-14,JSBL,4.550000190734863,4.880000114440918,4.550000190734863,4.730000019073486,4.730000019073486,70500
2022-02-15,JSBL,4.619999885559082,4.619999885559082,4.599999904632568,4.599999904632568,4.599999904632568,6500
2022-02-16,JSBL,4.619999885559082,4.619999885559082,4.570000171661377,4.599999904632568,4.599999904632568,6500
2022-02-17,JSBL,4.679999828338623,4.690000057220459,4.570000171661377,4.570000171661377,4.570000171661377,13000
2022-02-18,JSBL,4.550000190734863,4.579999923706055,4.550000190734863,4.579999923706055,4.579999923706055,1000
2022-02-21,JSBL,4.559999942779541,4.559999942779541,4.5,4.510000228881836,4.510000228881836,115000
2022-02-22,JSBL,4.460000038146973,4.460000038146973,4.429999828338623,4.429999828338623,4.429999828338623,3500
2022-02-23,JSBL,4.449999809265137,4.53000020980835,4.420000076293945,4.5,4.5,85500
2022-02-24,JSBL,4.489999771118164,4.5,4.449999809265137,4.449999809265137,4.449999809265137,115500
2022-02-25,JSBL,4.5,4.5,4.230000019073486,4.429999828338623,4.429999828338623,10500
2022-02-28,JSBL,4.570000171661377,4.570000171661377,4.349999904632568,4.349999904632568,4.349999904632568,21000
2022-03-01,JSBL,4.5,4.539999961853027,4.349999904632568,4.5,4.5,29000
2022-03-02,JSBL,4.5,4.5,4.5,4.5,4.5,2709500
2022-03-03,JSBL,4.550000190734863,4.579999923706055,4.46999979019165,4.5,4.5,2025500
2022-03-04,JSBL,4.510000228881836,4.510000228881836,4.050000190734863,4.170000076293945,4.170000076293945,40000
2022-03-07,JSBL,4.389999866485596,4.5,4.389999866485596,4.400000095367432,4.400000095367432,192500
2022-03-08,JSBL,4.400000095367432,4.400000095367432,4.300000190734863,4.300000190734863,4.300000190734863,16500
2022-03-09,JSBL,4.5,4.5,4.360000133514404,4.360000133514404,4.360000133514404,98500
2022-03-10,JSBL,4.5,4.5,4.329999923706055,4.349999904632568,4.349999904632568,15000
2022-03-11,JSBL,4.230000019073486,4.489999771118164,4.230000019073486,4.289999961853027,4.289999961853027,18500
2022-03-14,JSBL,4.300000190734863,4.300000190734863,4.21999979019165,4.230000019073486,4.230000019073486,24500
2022-03-15,JSBL,4.21999979019165,4.429999828338623,4.199999809265137,4.429999828338623,4.429999828338623,11500
2022-03-16,JSBL,4.210000038146973,5.389999866485596,4.210000038146973,4.96999979019165,4.96999979019165,689500
2022-03-17,JSBL,4.710000038146973,4.78000020980835,4.599999904632568,4.599999904632568,4.599999904632568,11500
2022-03-18,JSBL,4.510000228881836,4.510000228881836,4.269999980926514,4.309999942779541,4.309999942779541,99000
2022-03-21,JSBL,4.369999885559082,4.369999885559082,4.25,4.25,4.25,6000
2022-03-22,JSBL,4.300000190734863,4.300000190734863,4.300000190734863,4.300000190734863,4.300000190734863,25000
2022-03-23,JSBL,4.300000190734863,4.300000190734863,4.300000190734863,4.300000190734863,4.300000190734863,0
2022-03-24,JSBL,4.210000038146973,4.300000190734863,4.199999809265137,4.300000190734863,4.300000190734863,30000
2022-03-25,JSBL,4.300000190734863,4.400000095367432,4.300000190734863,4.400000095367432,4.400000095367432,36000
2022-03-28,JSBL,4.21999979019165,4.340000152587891,4.21999979019165,4.340000152587891,4.340000152587891,20500
2022-03-29,JSBL,4.400000095367432,4.400000095367432,4.320000171661377,4.340000152587891,4.340000152587891,22500
2022-03-30,JSBL,4.360000133514404,4.380000114440918,4.320000171661377,4.380000114440918,4.380000114440918,20000
2022-03-31,JSBL,4.300000190734863,4.380000114440918,4.300000190734863,4.360000133514404,4.360000133514404,351000
2022-04-01,JSBL,4.369999885559082,4.590000152587891,4.369999885559082,4.480000019073486,4.480000019073486,21000
2022-04-04,JSBL,4.349999904632568,4.480000019073486,4.309999942779541,4.320000171661377,4.320000171661377,8000
2022-04-05,JSBL,4.320000171661377,4.320000171661377,4.320000171661377,4.320000171661377,4.320000171661377,0
2022-04-06,JSBL,4.320000171661377,4.320000171661377,4.320000171661377,4.320000171661377,4.320000171661377,0
2022-04-07,JSBL,4.579999923706055,4.579999923706055,4.400000095367432,4.400000095367432,4.400000095367432,72000
2022-04-08,JSBL,4.579999923706055,4.579999923706055,4.25,4.559999942779541,4.559999942779541,163000
2022-04-11,JSBL,4.559999942779541,4.880000114440918,4.559999942779541,4.789999961853027,4.789999961853027,387500
2022-04-12,JSBL,4.75,4.989999771118164,4.610000133514404,4.940000057220459,4.940000057220459,137000
2022-04-13,JSBL,4.900000095367432,5.0,4.849999904632568,4.900000095367432,4.900000095367432,403000
2022-04-14,JSBL,4.949999809265137,4.949999809265137,4.710000038146973,4.889999866485596,4.889999866485596,15500
2022-04-15,JSBL,4.71999979019165,4.949999809265137,4.710000038146973,4.75,4.75,4000
2022-04-18,JSBL,5.090000152587891,5.090000152587891,4.809999942779541,4.940000057220459,4.940000057220459,22000
2022-04-19,JSBL,4.710000038146973,4.800000190734863,4.710000038146973,4.75,4.75,18000
2022-04-20,JSBL,4.940000057220459,5.0,4.800000190734863,4.829999923706055,4.829999923706055,7703000
2022-04-21,JSBL,4.820000171661377,4.820000171661377,4.800000190734863,4.800000190734863,4.800000190734863,1000
2022-04-22,JSBL,4.710000038146973,5.0,4.710000038146973,4.820000171661377,4.820000171661377,77000
2022-04-25,JSBL,4.710000038146973,4.900000095367432,4.699999809265137,4.880000114440918,4.880000114440918,32000
2022-04-26,JSBL,4.659999847412109,4.849999904632568,4.650000095367432,4.75,4.75,10000
2022-04-27,JSBL,4.650000095367432,4.829999923706055,4.5,4.510000228881836,4.510000228881836,865500
2022-04-28,JSBL,4.5,4.690000057220459,4.449999809265137,4.510000228881836,4.510000228881836,32000
2022-04-29,JSBL,4.510000228881836,4.510000228881836,4.510000228881836,4.510000228881836,4.510000228881836,0
2022-05-02,JSBL,4.510000228881836,4.510000228881836,4.510000228881836,4.510000228881836,4.510000228881836,0
2022-05-03,JSBL,4.510000228881836,4.510000228881836,4.510000228881836,4.510000228881836,4.510000228881836,0
2022-05-04,JSBL,4.510000228881836,4.510000228881836,4.510000228881836,4.510000228881836,4.510000228881836,0
2022-05-05,JSBL,4.510000228881836,4.510000228881836,4.510000228881836,4.510000228881836,4.510000228881836,0
2022-05-06,JSBL,4.25,4.5,4.25,4.5,4.5,4000
2022-05-09,JSBL,4.420000076293945,4.5,4.300000190734863,4.5,4.5,64500
2022-05-10,JSBL,4.480000019073486,4.800000190734863,4.21999979019165,4.269999980926514,4.269999980926514,138500
2022-05-11,JSBL,4.230000019073486,4.269999980926514,4.0,4.199999809265137,4.199999809265137,2305000
2022-05-12,JSBL,4.28000020980835,4.28000020980835,4.28000020980835,4.28000020980835,4.28000020980835,500
2022-05-13,JSBL,4.03000020980835,4.289999961853027,4.03000020980835,4.289999961853027,4.289999961853027,1000
2022-05-16,JSBL,4.289999961853027,4.289999961853027,4.289999961853027,4.289999961853027,4.289999961853027,0
2022-05-17,JSBL,4.230000019073486,4.25,4.230000019073486,4.25,4.25,2000
2022-05-18,JSBL,4.039999961853027,4.349999904632568,4.0,4.349999904632568,4.349999904632568,24000
2022-05-19,JSBL,4.289999961853027,4.340000152587891,4.150000095367432,4.170000076293945,4.170000076293945,9500
2022-05-20,JSBL,4.170000076293945,4.170000076293945,4.170000076293945,4.170000076293945,4.170000076293945,0
2022-05-23,JSBL,4.019999980926514,4.210000038146973,4.019999980926514,4.199999809265137,4.199999809265137,3000
2022-05-24,JSBL,4.199999809265137,4.199999809265137,4.199999809265137,4.199999809265137,4.199999809265137,0
2022-05-25,JSBL,4.019999980926514,4.130000114440918,4.0,4.130000114440918,4.130000114440918,23000
2022-05-26,JSBL,4.099999904632568,4.150000095367432,3.9600000381469727,4.139999866485596,4.139999866485596,187000
2022-05-27,JSBL,4.150000095367432,4.289999961853027,4.070000171661377,4.150000095367432,4.150000095367432,91000
2022-05-30,JSBL,4.099999904632568,4.239999771118164,4.099999904632568,4.150000095367432,4.150000095367432,107500
2022-05-31,JSBL,4.050000190734863,4.230000019073486,4.050000190734863,4.199999809265137,4.199999809265137,153500
2022-06-01,JSBL,4.199999809265137,4.199999809265137,4.199999809265137,4.199999809265137,4.199999809265137,0
2022-06-02,JSBL,4.059999942779541,4.190000057220459,4.0,4.099999904632568,4.099999904632568,117000
2022-06-03,JSBL,4.150000095367432,4.159999847412109,3.9200000762939453,4.130000114440918,4.130000114440918,12500
2022-06-06,JSBL,4.099999904632568,4.150000095367432,4.0,4.139999866485596,4.139999866485596,56000
2022-06-07,JSBL,4.099999904632568,4.159999847412109,4.099999904632568,4.159999847412109,4.159999847412109,5000
2022-06-08,JSBL,4.170000076293945,4.170000076293945,4.170000076293945,4.170000076293945,4.170000076293945,1000
2022-06-09,JSBL,4.050000190734863,4.050000190734863,3.990000009536743,4.010000228881836,4.010000228881836,368000
2022-06-10,JSBL,4.0,4.0,3.9700000286102295,3.990000009536743,3.990000009536743,285500
2022-06-13,JSBL,3.950000047683716,3.950000047683716,3.5299999713897705,3.5799999237060547,3.5799999237060547,363000
2022-06-14,JSBL,3.5999999046325684,3.75,3.450000047683716,3.6500000953674316,3.6500000953674316,184500
2022-06-15,JSBL,3.75,3.75,3.700000047683716,3.7300000190734863,3.7300000190734863,64500
2022-06-16,JSBL,3.700000047683716,3.700000047683716,3.559999942779541,3.619999885559082,3.619999885559082,66500
2022-06-17,JSBL,3.6700000762939453,3.880000114440918,3.5999999046325684,3.75,3.75,202500
2022-06-20,JSBL,3.799999952316284,3.799999952316284,3.6500000953674316,3.759999990463257,3.759999990463257,53000
2022-06-21,JSBL,3.8299999237060547,3.9000000953674316,3.700000047683716,3.869999885559082,3.869999885559082,55000
2022-06-22,JSBL,3.950000047683716,4.010000228881836,3.950000047683716,4.010000228881836,4.010000228881836,527000
2022-06-23,JSBL,3.8499999046325684,4.050000190734863,3.8499999046325684,4.0,4.0,19000
2022-06-24,JSBL,3.9000000953674316,3.9000000953674316,3.5999999046325684,3.7200000286102295,3.7200000286102295,124000
2022-06-27,JSBL,3.9700000286102295,4.0,3.940000057220459,3.9800000190734863,3.9800000190734863,125500
2022-06-28,JSBL,3.9800000190734863,4.0,3.75,3.9200000762939453,3.9200000762939453,34000
2022-06-29,JSBL,4.0,4.0,3.950000047683716,3.990000009536743,3.990000009536743,25500
2022-06-30,JSBL,3.759999990463257,4.0,3.759999990463257,4.0,4.0,67500
2022-07-01,JSBL,4.0,4.0,4.0,4.0,4.0,10000
2022-07-04,JSBL,3.809999942779541,3.990000009536743,3.809999942779541,3.990000009536743,3.990000009536743,2500
2022-07-05,JSBL,3.990000009536743,3.990000009536743,3.990000009536743,3.990000009536743,3.990000009536743,0
2022-07-06,JSBL,3.799999952316284,3.9800000190734863,3.799999952316284,3.9800000190734863,3.9800000190734863,5000
2022-07-07,JSBL,3.8499999046325684,3.890000104904175,3.7100000381469727,3.890000104904175,3.890000104904175,51000
2022-07-08,JSBL,3.890000104904175,3.890000104904175,3.890000104904175,3.890000104904175,3.890000104904175,0
2022-07-11,JSBL,3.890000104904175,3.890000104904175,3.890000104904175,3.890000104904175,3.890000104904175,0
2022-07-12,JSBL,3.890000104904175,3.890000104904175,3.890000104904175,3.890000104904175,3.890000104904175,0
2022-07-13,JSBL,3.700000047683716,3.9000000953674316,3.700000047683716,3.9000000953674316,3.9000000953674316,2000
2022-07-14,JSBL,3.9000000953674316,3.9000000953674316,3.9000000953674316,3.9000000953674316,3.9000000953674316,0
2022-07-15,JSBL,3.9000000953674316,3.9000000953674316,3.9000000953674316,3.9000000953674316,3.9000000953674316,0
2022-07-18,JSBL,3.640000104904175,3.6500000953674316,3.5299999713897705,3.619999885559082,3.619999885559082,105000
2022-07-19,JSBL,3.5999999046325684,3.5999999046325684,3.5999999046325684,3.5999999046325684,3.5999999046325684,4000
2022-07-20,JSBL,3.5999999046325684,3.75,3.5999999046325684,3.5999999046325684,3.5999999046325684,2000
2022-07-21,JSBL,3.690000057220459,3.700000047683716,3.5,3.5,3.5,55000
2022-07-22,JSBL,3.5999999046325684,3.740000009536743,3.5999999046325684,3.740000009536743,3.740000009536743,1000
2022-07-25,JSBL,3.509999990463257,3.509999990463257,3.450000047683716,3.5,3.5,148500
2022-07-26,JSBL,3.5,3.5,3.5,3.5,3.5,36500
2022-07-27,JSBL,3.4200000762939453,3.6700000762939453,3.4100000858306885,3.6700000762939453,3.6700000762939453,8500
2022-07-28,JSBL,3.6700000762939453,3.6700000762939453,3.5,3.6500000953674316,3.6500000953674316,6500
2022-07-29,JSBL,3.5999999046325684,3.5999999046325684,3.5999999046325684,3.5999999046325684,3.5999999046325684,1000
2022-08-01,JSBL,3.5999999046325684,3.5999999046325684,3.5999999046325684,3.5999999046325684,3.5999999046325684,0
2022-08-02,JSBL,3.5999999046325684,3.690000057220459,3.5999999046325684,3.690000057220459,3.690000057220459,115000
2022-08-03,JSBL,3.6700000762939453,3.700000047683716,3.509999990463257,3.700000047683716,3.700000047683716,31500
2022-08-04,JSBL,3.7899999618530273,3.7899999618530273,3.5999999046325684,3.5999999046325684,3.5999999046325684,47000
2022-08-05,JSBL,3.700000047683716,3.8299999237060547,3.5999999046325684,3.799999952316284,3.799999952316284,246500
2022-08-08,JSBL,3.799999952316284,3.799999952316284,3.799999952316284,3.799999952316284,3.799999952316284,0
2022-08-09,JSBL,3.799999952316284,3.799999952316284,3.799999952316284,3.799999952316284,3.799999952316284,0
2022-08-10,JSBL,3.8499999046325684,3.890000104904175,3.759999990463257,3.869999885559082,3.869999885559082,7500
2022-08-11,JSBL,3.869999885559082,3.869999885559082,3.869999885559082,3.869999885559082,3.869999885559082,0
2022-08-12,JSBL,3.890000104904175,3.950000047683716,3.799999952316284,3.8299999237060547,3.8299999237060547,26500
2022-08-15,JSBL,3.890000104904175,3.990000009536743,3.75,3.75,3.75,223000
2022-08-16,JSBL,3.869999885559082,3.9800000190734863,3.8299999237060547,3.8299999237060547,3.8299999237060547,116000
2022-08-17,JSBL,3.940000057220459,3.950000047683716,3.8299999237060547,3.8299999237060547,3.8299999237060547,12500
2022-08-18,JSBL,3.8299999237060547,3.8399999141693115,3.8299999237060547,3.8399999141693115,3.8399999141693115,5000
2022-08-19,JSBL,3.950000047683716,3.950000047683716,3.9200000762939453,3.930000066757202,3.930000066757202,199000
2022-08-22,JSBL,3.930000066757202,3.930000066757202,3.930000066757202,3.930000066757202,3.930000066757202,0
2022-08-23,JSBL,3.7799999713897705,3.950000047683716,3.7799999713897705,3.8499999046325684,3.8499999046325684,74500
2022-08-24,JSBL,3.940000057220459,3.950000047683716,3.799999952316284,3.799999952316284,3.799999952316284,136000
2022-08-25,JSBL,3.9000000953674316,3.9000000953674316,3.809999942779541,3.809999942779541,3.809999942779541,7500
2022-08-26,JSBL,3.809999942779541,3.809999942779541,3.809999942779541,3.809999942779541,3.809999942779541,0
2022-08-29,JSBL,3.809999942779541,3.809999942779541,3.809999942779541,3.809999942779541,3.809999942779541,0
2022-08-30,JSBL,3.940000057220459,3.940000057220459,3.5999999046325684,3.8499999046325684,3.8499999046325684,179500
2022-08-31,JSBL,3.8499999046325684,4.0,3.8499999046325684,4.0,4.0,1505500
2022-09-01,JSBL,4.0,4.019999980926514,3.9600000381469727,3.9700000286102295,3.9700000286102295,594500
2022-09-02,JSBL,4.039999961853027,4.050000190734863,3.9000000953674316,3.9000000953674316,3.9000000953674316,7500
2022-09-05,JSBL,3.9000000953674316,3.9000000953674316,3.9000000953674316,3.9000000953674316,3.9000000953674316,1000
2022-09-06,JSBL,3.9800000190734863,4.0,3.9000000953674316,4.0,4.0,120000
2022-09-07,JSBL,4.050000190734863,4.050000190734863,4.019999980926514,4.03000020980835,4.03000020980835,2000
2022-09-08,JSBL,3.859999895095825,3.9200000762939453,3.859999895095825,3.9100000858306885,3.9100000858306885,6500
2022-09-09,JSBL,3.9100000858306885,3.9100000858306885,3.9100000858306885,3.9100000858306885,3.9100000858306885,0
2022-09-12,JSBL,3.9000000953674316,4.0,3.799999952316284,3.950000047683716,3.950000047683716,169500
2022-09-13,JSBL,3.990000009536743,4.0,3.950000047683716,4.0,4.0,5032500
2022-09-14,JSBL,4.0,4.050000190734863,3.799999952316284,3.8299999237060547,3.8299999237060547,3254500
2022-09-15,JSBL,3.9800000190734863,3.9800000190734863,3.859999895095825,3.880000114440918,3.880000114440918,19500
2022-09-16,JSBL,4.050000190734863,3.990000009536743,3.75,3.7699999809265137,3.7699999809265137,81500
2022-09-19,JSBL,3.940000057220459,3.940000057220459,3.75,3.8499999046325684,3.8499999046325684,66500
2022-09-20,JSBL,4.0,4.0,3.799999952316284,3.8299999237060547,3.8299999237060547,19000
2022-09-21,JSBL,3.9800000190734863,4.0,3.759999990463257,3.9000000953674316,3.9000000953674316,417000
2022-09-22,JSBL,3.9000000953674316,3.9000000953674316,3.809999942779541,3.9000000953674316,3.9000000953674316,162000
2022-09-23,JSBL,3.759999990463257,3.869999885559082,3.700000047683716,3.869999885559082,3.869999885559082,21500
2022-09-26,JSBL,3.9000000953674316,3.9000000953674316,3.700000047683716,3.7200000286102295,3.7200000286102295,53500
2022-09-27,JSBL,3.950000047683716,3.950000047683716,3.740000009536743,3.8399999141693115,3.8399999141693115,53500
2022-09-28,JSBL,3.9000000953674316,3.9000000953674316,3.799999952316284,3.9000000953674316,3.9000000953674316,85500
2022-09-29,JSBL,3.75,3.75,3.700000047683716,3.75,3.75,115000
2022-09-30,JSBL,3.950000047683716,3.950000047683716,3.950000047683716,3.950000047683716,3.950000047683716,500
2022-10-03,JSBL,3.700000047683716,3.799999952316284,3.619999885559082,3.7100000381469727,3.7100000381469727,50000
2022-10-04,JSBL,3.880000114440918,3.890000104904175,3.5999999046325684,3.619999885559082,3.619999885559082,148000
2022-10-05,JSBL,3.609999895095825,3.7200000286102295,3.609999895095825,3.700000047683716,3.700000047683716,4500
2022-10-06,JSBL,3.880000114440918,4.0,3.8499999046325684,3.859999895095825,3.859999895095825,357500
2022-10-07,JSBL,3.809999942779541,3.9000000953674316,3.700000047683716,3.8499999046325684,3.8499999046325684,138000
2022-10-10,JSBL,3.75,3.75,3.630000114440918,3.6500000953674316,3.6500000953674316,403500
2022-10-11,JSBL,3.8399999141693115,4.0,3.759999990463257,3.859999895095825,3.859999895095825,367500
2022-10-12,JSBL,3.859999895095825,3.9200000762939453,3.8499999046325684,3.9000000953674316,3.9000000953674316,52500
2022-10-13,JSBL,3.9000000953674316,3.9000000953674316,3.9000000953674316,3.9000000953674316,3.9000000953674316,0
2022-10-14,JSBL,3.9000000953674316,3.9000000953674316,3.9000000953674316,3.9000000953674316,3.9000000953674316,0
2022-10-17,JSBL,3.799999952316284,3.950000047683716,3.799999952316284,3.9000000953674316,3.9000000953674316,21500
2022-10-18,JSBL,3.9000000953674316,3.9000000953674316,3.9000000953674316,3.9000000953674316,3.9000000953674316,0
2022-10-19,JSBL,3.9000000953674316,3.9000000953674316,3.8499999046325684,3.890000104904175,3.890000104904175,58500
2022-10-20,JSBL,3.950000047683716,4.0,3.8499999046325684,3.8499999046325684,3.8499999046325684,162000
2022-10-21,JSBL,3.9000000953674316,3.9000000953674316,3.9000000953674316,3.9000000953674316,3.9000000953674316,1000
2022-10-24,JSBL,3.8499999046325684,4.090000152587891,3.8499999046325684,3.9100000858306885,3.9100000858306885,10500
2022-10-25,JSBL,3.9800000190734863,4.050000190734863,3.9100000858306885,3.9100000858306885,3.9100000858306885,76500
2022-10-26,JSBL,3.9100000858306885,3.9100000858306885,3.9100000858306885,3.9100000858306885,3.9100000858306885,0
2022-10-27,JSBL,3.7100000381469727,3.7100000381469727,3.5999999046325684,3.609999895095825,3.609999895095825,87500
2022-10-28,JSBL,3.799999952316284,3.819999933242798,3.75,3.819999933242798,3.819999933242798,14000
2022-10-31,JSBL,3.890000104904175,3.9000000953674316,3.799999952316284,3.799999952316284,3.799999952316284,39500
2022-11-01,JSBL,3.990000009536743,4.0,3.9000000953674316,3.9200000762939453,3.9200000762939453,71500
2022-11-02,JSBL,3.8499999046325684,3.8499999046325684,3.799999952316284,3.799999952316284,3.799999952316284,155500
2022-11-03,JSBL,3.799999952316284,3.9600000381469727,3.7699999809265137,3.7699999809265137,3.7699999809265137,72000
2022-11-04,JSBL,3.9000000953674316,3.9000000953674316,3.9000000953674316,3.9000000953674316,3.9000000953674316,33000
2022-11-07,JSBL,3.7200000286102295,3.9000000953674316,3.7200000286102295,3.9000000953674316,3.9000000953674316,42000
2022-11-08,JSBL,3.9800000190734863,4.010000228881836,3.9000000953674316,3.9800000190734863,3.9800000190734863,200500
2022-11-09,JSBL,3.9800000190734863,3.9800000190734863,3.9800000190734863,3.9800000190734863,3.9800000190734863,0
2022-11-10,JSBL,3.859999895095825,4.050000190734863,3.8499999046325684,4.039999961853027,4.039999961853027,39000
2022-11-11,JSBL,4.039999961853027,4.900000095367432,3.9700000286102295,4.710000038146973,4.710000038146973,1199500
2022-11-14,JSBL,4.599999904632568,4.940000057220459,4.409999847412109,4.889999866485596,4.889999866485596,1104500
2022-11-15,JSBL,4.880000114440918,4.940000057220459,4.610000133514404,4.78000020980835,4.78000020980835,477500
2022-11-16,JSBL,4.849999904632568,5.449999809265137,4.809999942779541,5.099999904632568,5.099999904632568,8809500
2022-11-17,JSBL,5.099999904632568,5.230000019073486,4.800000190734863,4.849999904632568,4.849999904632568,5835500
2022-11-18,JSBL,4.75,4.800000190734863,4.570000171661377,4.619999885559082,4.619999885559082,485500
2022-11-21,JSBL,4.559999942779541,4.730000019073486,4.5,4.599999904632568,4.599999904632568,130000
2022-11-22,JSBL,4.699999809265137,4.940000057220459,4.639999866485596,4.690000057220459,4.690000057220459,1400000
2022-11-23,JSBL,4.840000152587891,4.889999866485596,4.650000095367432,4.699999809265137,4.699999809265137,254500
2022-11-24,JSBL,4.789999961853027,5.0,4.789999961853027,4.880000114440918,4.880000114440918,8401500
2022-11-25,JSBL,4.949999809265137,5.0,4.900000095367432,4.909999847412109,4.909999847412109,2127500
2022-11-28,JSBL,4.800000190734863,4.900000095367432,4.699999809265137,4.78000020980835,4.78000020980835,123500
2022-11-29,JSBL,4.75,4.75,4.5,4.599999904632568,4.599999904632568,317500
2022-11-30,JSBL,4.550000190734863,4.650000095367432,4.550000190734863,4.550000190734863,4.550000190734863,65000
2022-12-01,JSBL,4.519999980926514,4.789999961853027,4.519999980926514,4.710000038146973,4.710000038146973,510000
2022-12-02,JSBL,4.659999847412109,4.659999847412109,4.5,4.579999923706055,4.579999923706055,117500
2022-12-05,JSBL,4.510000228881836,4.599999904632568,4.449999809265137,4.449999809265137,4.449999809265137,31500
2022-12-06,JSBL,4.590000152587891,4.590000152587891,4.409999847412109,4.590000152587891,4.590000152587891,36000
2022-12-07,JSBL,4.579999923706055,4.579999923706055,4.420000076293945,4.5,4.5,19500
2022-12-08,JSBL,4.590000152587891,4.599999904632568,4.429999828338623,4.510000228881836,4.510000228881836,22500
2022-12-09,JSBL,4.460000038146973,4.599999904632568,4.460000038146973,4.599999904632568,4.599999904632568,1500
2022-12-12,JSBL,4.460000038146973,4.460000038146973,4.300000190734863,4.309999942779541,4.309999942779541,141000
2022-12-13,JSBL,4.449999809265137,4.449999809265137,4.170000076293945,4.320000171661377,4.320000171661377,305000
2022-12-14,JSBL,4.300000190734863,4.760000228881836,4.300000190734863,4.570000171661377,4.570000171661377,1261500
2022-12-15,JSBL,4.409999847412109,4.599999904632568,4.25,4.519999980926514,4.519999980926514,212500
2022-12-16,JSBL,4.579999923706055,4.619999885559082,4.420000076293945,4.559999942779541,4.559999942779541,222000
2022-12-19,JSBL,4.599999904632568,4.599999904632568,4.320000171661377,4.400000095367432,4.400000095367432,34000
2022-12-20,JSBL,4.329999923706055,4.400000095367432,4.210000038146973,4.269999980926514,4.269999980926514,37000
2022-12-21,JSBL,4.21999979019165,4.300000190734863,4.179999828338623,4.179999828338623,4.179999828338623,46000
2022-12-22,JSBL,4.150000095367432,4.46999979019165,4.139999866485596,4.309999942779541,4.309999942779541,195500
2022-12-23,JSBL,4.400000095367432,4.46999979019165,4.199999809265137,4.429999828338623,4.429999828338623,9000
2022-12-26,JSBL,4.449999809265137,4.449999809265137,4.260000228881836,4.349999904632568,4.349999904632568,9500
2022-12-27,JSBL,4.300000190734863,4.300000190734863,4.199999809265137,4.269999980926514,4.269999980926514,6500
2022-12-28,JSBL,4.300000190734863,4.480000019073486,4.0,4.050000190734863,4.050000190734863,275500
2022-12-29,JSBL,4.25,4.25,4.099999904632568,4.199999809265137,4.199999809265137,7500
2022-12-30,JSBL,4.349999904632568,4.75,4.150000095367432,4.690000057220459,4.690000057220459,811500
2023-01-02,JSBL,4.349999904632568,4.5,4.349999904632568,4.420000076293945,4.420000076293945,67500
2023-01-03,JSBL,4.369999885559082,4.369999885559082,4.309999942779541,4.309999942779541,4.309999942779541,17000
2023-01-04,JSBL,4.690000057220459,4.690000057220459,4.449999809265137,4.449999809265137,4.449999809265137,7000
2023-01-05,JSBL,4.309999942779541,4.75,4.309999942779541,4.690000057220459,4.690000057220459,103000
2023-01-06,JSBL,4.409999847412109,5.25,4.369999885559082,4.880000114440918,4.880000114440918,411500
2023-01-09,JSBL,4.75,4.75,4.610000133514404,4.730000019073486,4.730000019073486,123000
2023-01-10,JSBL,4.659999847412109,4.659999847412109,4.570000171661377,4.650000095367432,4.650000095367432,2000
2023-01-11,JSBL,4.840000152587891,4.840000152587891,4.550000190734863,4.710000038146973,4.710000038146973,110000
2023-01-12,JSBL,4.519999980926514,4.71999979019165,4.519999980926514,4.699999809265137,4.699999809265137,139500
2023-01-13,JSBL,4.650000095367432,4.699999809265137,4.5,4.590000152587891,4.590000152587891,240500
2023-01-16,JSBL,4.519999980926514,4.590000152587891,4.46999979019165,4.480000019073486,4.480000019073486,85500
2023-01-17,JSBL,4.409999847412109,4.599999904632568,4.130000114440918,4.289999961853027,4.289999961853027,100500
2023-01-18,JSBL,4.349999904632568,4.980000019073486,4.349999904632568,4.809999942779541,4.809999942779541,652500
2023-01-19,JSBL,4.800000190734863,4.800000190734863,4.480000019073486,4.579999923706055,4.579999923706055,222000
2023-01-20,JSBL,4.460000038146973,4.539999961853027,4.449999809265137,4.449999809265137,4.449999809265137,41500
2023-01-23,JSBL,4.409999847412109,4.5,4.409999847412109,4.5,4.5,14500
2023-01-24,JSBL,4.320000171661377,4.480000019073486,4.320000171661377,4.480000019073486,4.480000019073486,10000
2023-01-25,JSBL,4.440000057220459,4.630000114440918,4.400000095367432,4.440000057220459,4.440000057220459,240500
2023-01-26,JSBL,4.309999942779541,4.760000228881836,4.300000190734863,4.699999809265137,4.699999809265137,1171000
2023-01-27,JSBL,4.699999809265137,4.699999809265137,4.400000095367432,4.440000057220459,4.440000057220459,126500
2023-01-30,JSBL,4.630000114440918,4.630000114440918,4.630000114440918,4.630000114440918,4.630000114440918,500
2023-01-31,JSBL,4.449999809265137,4.599999904632568,4.449999809265137,4.559999942779541,4.559999942779541,11500
2023-02-01,JSBL,4.559999942779541,4.559999942779541,4.559999942779541,4.559999942779541,4.559999942779541,0
2023-02-02,JSBL,4.320000171661377,4.449999809265137,4.320000171661377,4.389999866485596,4.389999866485596,64000
2023-02-03,JSBL,4.329999923706055,4.400000095367432,4.300000190734863,4.349999904632568,4.349999904632568,51500
2023-02-06,JSBL,4.400000095367432,4.550000190734863,4.400000095367432,4.5,4.5,38500
2023-02-07,JSBL,4.550000190734863,4.550000190734863,4.400000095367432,4.449999809265137,4.449999809265137,20000
2023-02-08,JSBL,4.539999961853027,4.539999961853027,4.349999904632568,4.449999809265137,4.449999809265137,30500
2023-02-09,JSBL,4.489999771118164,4.489999771118164,4.420000076293945,4.420000076293945,4.420000076293945,3500
2023-02-10,JSBL,4.5,4.5,4.349999904632568,4.349999904632568,4.349999904632568,537500
2023-02-13,JSBL,4.309999942779541,4.400000095367432,4.300000190734863,4.300000190734863,4.300000190734863,191000
2023-02-14,JSBL,4.25,4.260000228881836,4.210000038146973,4.25,4.25,93500
2023-02-15,JSBL,4.21999979019165,4.400000095367432,4.21999979019165,4.349999904632568,4.349999904632568,102000
2023-02-16,JSBL,4.440000057220459,4.590000152587891,4.400000095367432,4.489999771118164,4.489999771118164,242500
2023-02-17,JSBL,4.489999771118164,4.489999771118164,4.489999771118164,4.489999771118164,4.489999771118164,0
2023-02-20,JSBL,4.489999771118164,4.489999771118164,4.489999771118164,4.489999771118164,4.489999771118164,0
2023-02-21,JSBL,4.489999771118164,4.489999771118164,4.489999771118164,4.489999771118164,4.489999771118164,0
2023-02-22,JSBL,4.300000190734863,4.539999961853027,4.300000190734863,4.539999961853027,4.539999961853027,6000
2023-02-23,JSBL,4.400000095367432,4.400000095367432,4.25,4.309999942779541,4.309999942779541,132000
2023-02-24,JSBL,4.21999979019165,4.21999979019165,4.210000038146973,4.210000038146973,4.210000038146973,5000
2023-02-27,JSBL,4.210000038146973,4.21999979019165,4.210000038146973,4.21999979019165,4.21999979019165,18500
2023-02-28,JSBL,4.21999979019165,4.21999979019165,4.21999979019165,4.21999979019165,4.21999979019165,0
2023-03-01,JSBL,4.130000114440918,4.300000190734863,4.0,4.230000019073486,4.230000019073486,309500
2023-03-02,JSBL,4.159999847412109,4.300000190734863,4.150000095367432,4.269999980926514,4.269999980926514,30500
2023-03-03,JSBL,4.320000171661377,4.400000095367432,4.25,4.300000190734863,4.300000190734863,271000
2023-03-06,JSBL,4.130000114440918,4.300000190734863,4.130000114440918,4.21999979019165,4.21999979019165,75000
2023-03-07,JSBL,4.090000152587891,4.25,4.090000152587891,4.099999904632568,4.099999904632568,27000
2023-03-08,JSBL,4.110000133514404,4.110000133514404,4.0,4.0,4.0,24500
2023-03-09,JSBL,4.099999904632568,4.099999904632568,4.059999942779541,4.099999904632568,4.099999904632568,67000
2023-03-10,JSBL,4.150000095367432,4.25,4.150000095367432,4.239999771118164,4.239999771118164,21000
2023-03-13,JSBL,4.110000133514404,4.110000133514404,4.110000133514404,4.110000133514404,4.110000133514404,9000
2023-03-14,JSBL,4.340000152587891,4.340000152587891,4.03000020980835,4.099999904632568,4.099999904632568,39500
2023-03-15,JSBL,4.019999980926514,4.070000171661377,4.0,4.0,4.0,52000
2023-03-16,JSBL,4.059999942779541,4.389999866485596,4.059999942779541,4.25,4.25,75500
2023-03-17,JSBL,4.199999809265137,4.199999809265137,4.099999904632568,4.099999904632568,4.099999904632568,82500
2023-03-20,JSBL,4.010000228881836,4.139999866485596,4.0,4.139999866485596,4.139999866485596,112000
2023-03-21,JSBL,4.130000114440918,4.130000114440918,4.019999980926514,4.119999885559082,4.119999885559082,10000
2023-03-22,JSBL,4.050000190734863,4.050000190734863,3.9000000953674316,3.9100000858306885,3.9100000858306885,158000
2023-03-23,JSBL,3.9100000858306885,3.9100000858306885,3.9100000858306885,3.9100000858306885,3.9100000858306885,0
2023-03-24,JSBL,3.7200000286102295,4.099999904632568,3.7200000286102295,4.03000020980835,4.03000020980835,250500
2023-03-27,JSBL,4.099999904632568,4.099999904632568,4.099999904632568,4.099999904632568,4.099999904632568,5000
2023-03-28,JSBL,4.050000190734863,4.050000190734863,4.050000190734863,4.050000190734863,4.050000190734863,1000
2023-03-29,JSBL,3.9200000762939453,3.9200000762939453,3.9000000953674316,3.9000000953674316,3.9000000953674316,7000
2023-03-30,JSBL,3.9000000953674316,3.9000000953674316,3.9000000953674316,3.9000000953674316,3.9000000953674316,0
2023-03-31,JSBL,4.119999885559082,4.119999885559082,4.119999885559082,4.119999885559082,4.119999885559082,500
2023-04-03,JSBL,4.0,4.0,4.0,4.0,4.0,4500
2023-04-04,JSBL,4.0,4.0,4.0,4.0,4.0,45500
2023-04-05,JSBL,3.9200000762939453,4.0,3.9100000858306885,4.0,4.0,54500
2023-04-06,JSBL,4.110000133514404,4.110000133514404,4.110000133514404,4.110000133514404,4.110000133514404,500
2023-04-07,JSBL,4.0,5.0,4.0,4.090000152587891,4.090000152587891,26211000
2023-04-10,JSBL,4.28000020980835,5.0,4.28000020980835,4.460000038146973,4.460000038146973,10396500
2023-04-11,JSBL,4.449999809265137,4.599999904632568,4.349999904632568,4.409999847412109,4.409999847412109,393000
2023-04-12,JSBL,4.409999847412109,4.489999771118164,4.25,4.269999980926514,4.269999980926514,80000
2023-04-13,JSBL,4.199999809265137,4.349999904632568,4.199999809265137,4.349999904632568,4.349999904632568,26000
2023-04-14,JSBL,4.349999904632568,4.349999904632568,4.349999904632568,4.349999904632568,4.349999904632568,0
2023-04-17,JSBL,4.130000114440918,4.329999923706055,4.130000114440918,4.150000095367432,4.150000095367432,39500
2023-04-18,JSBL,4.179999828338623,4.25,4.159999847412109,4.199999809265137,4.199999809265137,12000
2023-04-19,JSBL,4.159999847412109,4.25,4.159999847412109,4.25,4.25,105000
2023-04-20,JSBL,4.170000076293945,4.170000076293945,4.099999904632568,4.099999904632568,4.099999904632568,404000
2023-04-21,JSBL,4.099999904632568,4.099999904632568,4.099999904632568,4.099999904632568,4.099999904632568,0
2023-04-24,JSBL,4.099999904632568,4.099999904632568,4.099999904632568,4.099999904632568,4.099999904632568,0
2023-04-25,JSBL,4.099999904632568,4.099999904632568,4.099999904632568,4.099999904632568,4.099999904632568,0
2023-04-26,JSBL,4.110000133514404,4.400000095367432,4.110000133514404,4.380000114440918,4.380000114440918,1056500
2023-04-27,JSBL,4.610000133514404,4.75,4.46999979019165,4.510000228881836,4.510000228881836,1481000
2023-04-28,JSBL,4.639999866485596,4.650000095367432,4.630000114440918,4.630000114440918,4.630000114440918,4500
2023-05-01,JSBL,4.630000114440918,4.630000114440918,4.630000114440918,4.630000114440918,4.630000114440918,0
2023-05-02,JSBL,4.739999771118164,4.789999961853027,4.440000057220459,4.480000019073486,4.480000019073486,231500
2023-05-03,JSBL,4.5,5.0,4.46999979019165,4.71999979019165,4.71999979019165,3851500
2023-05-04,JSBL,4.849999904632568,4.849999904632568,4.650000095367432,4.699999809265137,4.699999809265137,281000
2023-05-05,JSBL,4.590000152587891,4.699999809265137,4.590000152587891,4.670000076293945,4.670000076293945,83000
2023-05-08,JSBL,4.699999809265137,4.739999771118164,4.5,4.670000076293945,4.670000076293945,315000
2023-05-09,JSBL,4.460000038146973,4.599999904632568,4.349999904632568,4.400000095367432,4.400000095367432,264000
2023-05-10,JSBL,4.489999771118164,4.489999771118164,4.380000114440918,4.380000114440918,4.380000114440918,20500
2023-05-11,JSBL,4.5,4.75,4.5,4.690000057220459,4.690000057220459,92500
2023-05-12,JSBL,4.650000095367432,4.699999809265137,4.599999904632568,4.699999809265137,4.699999809265137,69000
2023-05-15,JSBL,4.599999904632568,4.699999809265137,4.599999904632568,4.699999809265137,4.699999809265137,43500
2023-05-16,JSBL,4.699999809265137,4.699999809265137,4.53000020980835,4.550000190734863,4.550000190734863,134500
2023-05-17,JSBL,4.610000133514404,4.610000133514404,4.449999809265137,4.46999979019165,4.46999979019165,57000
2023-05-18,JSBL,4.5,4.519999980926514,4.28000020980835,4.309999942779541,4.309999942779541,235000
2023-05-19,JSBL,4.320000171661377,4.5,4.320000171661377,4.489999771118164,4.489999771118164,148500
2023-05-22,JSBL,4.489999771118164,4.550000190734863,4.429999828338623,4.429999828338623,4.429999828338623,54500
2023-05-23,JSBL,4.679999828338623,4.679999828338623,4.420000076293945,4.510000228881836,4.510000228881836,64500
2023-05-24,JSBL,4.5,4.599999904632568,4.409999847412109,4.46999979019165,4.46999979019165,179500
2023-05-25,JSBL,4.400000095367432,4.539999961853027,4.400000095367432,4.5,4.5,102000
2023-05-26,JSBL,4.489999771118164,4.519999980926514,4.46999979019165,4.5,4.5,55000
2023-05-29,JSBL,4.590000152587891,4.590000152587891,4.309999942779541,4.329999923706055,4.329999923706055,75500
2023-05-30,JSBL,4.449999809265137,4.449999809265137,4.449999809265137,4.449999809265137,4.449999809265137,5000
2023-05-31,JSBL,4.329999923706055,4.329999923706055,4.25,4.25,4.25,8000
2023-06-01,JSBL,4.25,4.360000133514404,4.0,4.079999923706055,4.079999923706055,218500
2023-06-02,JSBL,4.199999809265137,4.639999866485596,4.199999809265137,4.559999942779541,4.559999942779541,146000
2023-06-05,JSBL,4.25,4.5,4.25,4.5,4.5,42000
2023-06-06,JSBL,4.550000190734863,4.630000114440918,4.5,4.510000228881836,4.510000228881836,59500
2023-06-07,JSBL,4.5,4.739999771118164,4.5,4.570000171661377,4.570000171661377,360000
2023-06-08,JSBL,4.510000228881836,4.599999904632568,4.510000228881836,4.599999904632568,4.599999904632568,18500
2023-06-09,JSBL,4.550000190734863,4.670000076293945,4.460000038146973,4.5,4.5,111500
2023-06-12,JSBL,4.449999809265137,4.650000095367432,4.449999809265137,4.5,4.5,143500
2023-06-13,JSBL,4.5,4.579999923706055,4.409999847412109,4.449999809265137,4.449999809265137,36500
2023-06-14,JSBL,4.699999809265137,4.699999809265137,4.449999809265137,4.579999923706055,4.579999923706055,59500
2023-06-15,JSBL,4.5,4.679999828338623,4.5,4.550000190734863,4.550000190734863,156500
2023-06-16,JSBL,4.5,4.5,4.480000019073486,4.480000019073486,4.480000019073486,6000
2023-06-19,JSBL,4.5,4.5,4.480000019073486,4.5,4.5,9000
2023-06-20,JSBL,4.730000019073486,4.75,4.489999771118164,4.5,4.5,169500
2023-06-21,JSBL,4.53000020980835,4.539999961853027,4.320000171661377,4.429999828338623,4.429999828338623,231000
2023-06-22,JSBL,4.400000095367432,4.510000228881836,4.400000095367432,4.5,4.5,85500
2023-06-23,JSBL,4.579999923706055,4.579999923706055,4.309999942779541,4.489999771118164,4.489999771118164,263000
2023-06-26,JSBL,4.5,4.75,4.449999809265137,4.670000076293945,4.670000076293945,210500
2023-06-27,JSBL,4.579999923706055,4.900000095367432,4.550000190734863,4.889999866485596,4.889999866485596,1497000
2023-06-28,JSBL,4.889999866485596,4.889999866485596,4.889999866485596,4.889999866485596,4.889999866485596,0
2023-06-29,JSBL,4.889999866485596,4.889999866485596,4.889999866485596,4.889999866485596,4.889999866485596,0
2023-06-30,JSBL,4.889999866485596,4.889999866485596,4.889999866485596,4.889999866485596,4.889999866485596,0
2023-07-03,JSBL,4.96999979019165,5.099999904632568,4.809999942779541,4.980000019073486,4.980000019073486,1728000
2023-07-04,JSBL,4.920000076293945,5.5,4.849999904632568,5.380000114440918,5.380000114440918,1450000
2023-07-05,JSBL,5.519999980926514,5.630000114440918,5.300000190734863,5.369999885559082,5.369999885559082,3092500
2023-07-06,JSBL,5.400000095367432,5.5,5.300000190734863,5.389999866485596,5.389999866485596,300500
2023-07-07,JSBL,5.25,5.5,5.099999904632568,5.239999771118164,5.239999771118164,1248000
2023-07-10,JSBL,5.300000190734863,5.400000095367432,5.170000076293945,5.300000190734863,5.300000190734863,1170500
2023-07-11,JSBL,5.25,5.289999961853027,5.179999828338623,5.210000038146973,5.210000038146973,754500
2023-07-12,JSBL,5.349999904632568,5.599999904632568,5.210000038146973,5.230000019073486,5.230000019073486,349000
2023-07-13,JSBL,5.210000038146973,5.25,5.199999809265137,5.199999809265137,5.199999809265137,455000
2023-07-14,JSBL,5.440000057220459,5.440000057220459,5.050000190734863,5.199999809265137,5.199999809265137,207500
2023-07-17,JSBL,5.090000152587891,5.599999904632568,5.050000190734863,5.480000019073486,5.480000019073486,3119500
2023-07-18,JSBL,5.349999904632568,5.400000095367432,5.110000133514404,5.199999809265137,5.199999809265137,1075000
2023-07-19,JSBL,5.199999809265137,5.389999866485596,5.150000095367432,5.150000095367432,5.150000095367432,597000
2023-07-20,JSBL,5.199999809265137,5.349999904632568,5.199999809265137,5.260000228881836,5.260000228881836,962000
2023-07-21,JSBL,5.349999904632568,5.349999904632568,5.170000076293945,5.199999809265137,5.199999809265137,638000
2023-07-24,JSBL,5.190000057220459,5.239999771118164,5.059999942779541,5.21999979019165,5.21999979019165,765500
2023-07-25,JSBL,5.190000057220459,5.349999904632568,5.170000076293945,5.25,5.25,1271000
2023-07-26,JSBL,5.300000190734863,5.380000114440918,5.199999809265137,5.340000152587891,5.340000152587891,928000
2023-07-27,JSBL,5.340000152587891,5.340000152587891,5.340000152587891,5.340000152587891,5.340000152587891,0
2023-07-28,JSBL,5.340000152587891,5.340000152587891,5.340000152587891,5.340000152587891,5.340000152587891,0
2023-07-31,JSBL,5.5,5.579999923706055,5.360000133514404,5.5,5.5,342000
2023-08-01,JSBL,5.599999904632568,5.599999904632568,5.360000133514404,5.420000076293945,5.420000076293945,671500
2023-08-02,JSBL,5.400000095367432,5.489999771118164,5.269999980926514,5.489999771118164,5.489999771118164,56000
2023-08-03,JSBL,5.400000095367432,5.630000114440918,5.300000190734863,5.409999847412109,5.409999847412109,868000
2023-08-04,JSBL,5.320000171661377,5.400000095367432,5.309999942779541,5.349999904632568,5.349999904632568,551000
2023-08-07,JSBL,5.340000152587891,6.090000152587891,5.340000152587891,5.690000057220459,5.690000057220459,11089500
2023-08-08,JSBL,5.610000133514404,5.690000057220459,5.449999809265137,5.489999771118164,5.489999771118164,1513000
2023-08-09,JSBL,5.5,5.599999904632568,5.130000114440918,5.349999904632568,5.349999904632568,21564500
2023-08-10,JSBL,5.449999809265137,5.75,5.329999923706055,5.570000171661377,5.570000171661377,851000
2023-08-11,JSBL,5.619999885559082,5.75,5.360000133514404,5.519999980926514,5.519999980926514,1110000
2023-08-14,JSBL,5.519999980926514,5.519999980926514,5.519999980926514,5.519999980926514,5.519999980926514,0
2023-08-15,JSBL,5.5,5.800000190734863,5.5,5.53000020980835,5.53000020980835,1570000
2023-08-16,JSBL,5.579999923706055,5.659999847412109,5.5,5.570000171661377,5.570000171661377,619000
2023-08-17,JSBL,5.460000038146973,5.840000152587891,5.449999809265137,5.590000152587891,5.590000152587891,14384000
2023-08-18,JSBL,5.679999828338623,5.949999809265137,5.579999923706055,5.619999885559082,5.619999885559082,5213500
2023-08-21,JSBL,5.699999809265137,6.0,5.699999809265137,5.789999961853027,5.789999961853027,3303000
2023-08-22,JSBL,5.75,6.199999809265137,5.75,5.989999771118164,5.989999771118164,9896500
2023-08-23,JSBL,6.139999866485596,6.440000057220459,5.809999942779541,5.920000076293945,5.920000076293945,12258500
2023-08-24,JSBL,5.96999979019165,6.199999809265137,5.900000095367432,5.989999771118164,5.989999771118164,4845500
2023-08-25,JSBL,6.0,6.28000020980835,6.0,6.199999809265137,6.199999809265137,16138500
2023-08-28,JSBL,6.199999809265137,6.289999961853027,6.0,6.079999923706055,6.079999923706055,4408000
2023-08-29,JSBL,6.010000228881836,6.099999904632568,5.949999809265137,6.0,6.0,3325500
2023-08-30,JSBL,5.929999828338623,6.0,5.860000133514404,5.900000095367432,5.900000095367432,422000
2023-08-31,JSBL,5.860000133514404,5.889999866485596,5.519999980926514,5.630000114440918,5.630000114440918,2294500
2023-09-01,JSBL,5.760000228881836,5.760000228881836,5.5,5.659999847412109,5.659999847412109,7310500
2023-09-04,JSBL,5.619999885559082,5.75,5.599999904632568,5.699999809265137,5.699999809265137,647000
2023-09-05,JSBL,5.789999961853027,5.789999961853027,5.650000095367432,5.71999979019165,5.71999979019165,321000
2023-09-06,JSBL,5.670000076293945,5.849999904632568,5.650000095367432,5.75,5.75,2474000
2023-09-07,JSBL,5.800000190734863,5.820000171661377,5.610000133514404,5.630000114440918,5.630000114440918,393000
2023-09-08,JSBL,5.699999809265137,5.800000190734863,5.519999980926514,5.769999980926514,5.769999980926514,104500
2023-09-11,JSBL,5.849999904632568,6.0,5.789999961853027,5.960000038146973,5.960000038146973,3260000
2023-09-12,JSBL,5.989999771118164,6.099999904632568,5.909999847412109,5.96999979019165,5.96999979019165,1472000
2023-09-13,JSBL,6.079999923706055,6.079999923706055,5.849999904632568,5.849999904632568,5.849999904632568,550500
2023-09-14,JSBL,5.800000190734863,5.949999809265137,5.800000190734863,5.949999809265137,5.949999809265137,2500
2023-09-15,JSBL,5.860000133514404,5.96999979019165,5.800000190734863,5.800000190734863,5.800000190734863,27500
2023-09-18,JSBL,5.769999980926514,5.849999904632568,5.699999809265137,5.820000171661377,5.820000171661377,307500
2023-09-19,JSBL,5.820000171661377,5.989999771118164,5.550000190734863,5.639999866485596,5.639999866485596,2996000
2023-09-20,JSBL,5.610000133514404,5.650000095367432,5.510000228881836,5.519999980926514,5.519999980926514,143500
2023-09-21,JSBL,5.550000190734863,5.730000019073486,5.5,5.699999809265137,5.699999809265137,1040500
2023-09-22,JSBL,5.710000038146973,5.800000190734863,5.659999847412109,5.760000228881836,5.760000228881836,834500
2023-09-25,JSBL,5.630000114440918,5.800000190734863,5.619999885559082,5.800000190734863,5.800000190734863,208500
2023-09-26,JSBL,5.760000228881836,5.800000190734863,5.760000228881836,5.78000020980835,5.78000020980835,13500
2023-09-27,JSBL,5.75,5.800000190734863,5.659999847412109,5.739999771118164,5.739999771118164,1406500
2023-09-28,JSBL,5.739999771118164,5.739999771118164,5.739999771118164,5.739999771118164,5.739999771118164,0
2023-09-29,JSBL,5.739999771118164,5.739999771118164,5.739999771118164,5.739999771118164,5.739999771118164,0
2023-10-02,JSBL,5.679999828338623,5.679999828338623,5.659999847412109,5.659999847412109,5.659999847412109,3000
2023-10-03,JSBL,5.690000057220459,5.699999809265137,5.650000095367432,5.650000095367432,5.650000095367432,41000
2023-10-04,JSBL,5.639999866485596,5.699999809265137,5.53000020980835,5.690000057220459,5.690000057220459,768000
2023-10-05,JSBL,5.570000171661377,5.789999961853027,5.570000171661377,5.78000020980835,5.78000020980835,856500
2023-10-06,JSBL,5.630000114440918,5.849999904632568,5.630000114440918,5.840000152587891,5.840000152587891,334000
2023-10-09,JSBL,5.809999942779541,6.0,5.75,5.989999771118164,5.989999771118164,953000
2023-10-10,JSBL,6.0,6.139999866485596,5.980000019073486,6.050000190734863,6.050000190734863,1386500
2023-10-11,JSBL,6.130000114440918,6.269999980926514,6.130000114440918,6.239999771118164,6.239999771118164,1335000
2023-10-12,JSBL,6.099999904632568,6.260000228881836,6.099999904632568,6.25,6.25,354000
2023-10-13,JSBL,6.300000190734863,6.389999866485596,6.150000095367432,6.199999809265137,6.199999809265137,293000
2023-10-16,JSBL,6.199999809265137,6.25,6.099999904632568,6.179999828338623,6.179999828338623,373000
2023-10-17,JSBL,6.099999904632568,6.25,6.050000190734863,6.230000019073486,6.230000019073486,473500
2023-10-18,JSBL,6.159999847412109,6.25,6.099999904632568,6.239999771118164,6.239999771118164,55500
2023-10-19,JSBL,6.199999809265137,6.25,6.119999885559082,6.159999847412109,6.159999847412109,282500
2023-10-20,JSBL,6.150000095367432,6.380000114440918,6.119999885559082,6.260000228881836,6.260000228881836,1328500
2023-10-23,JSBL,6.300000190734863,6.349999904632568,6.25,6.300000190734863,6.300000190734863,326500
2023-10-24,JSBL,6.289999961853027,6.400000095367432,6.099999904632568,6.239999771118164,6.239999771118164,11035000
2023-10-25,JSBL,6.400000095367432,6.650000095367432,6.260000228881836,6.349999904632568,6.349999904632568,9547500
2023-10-26,JSBL,6.449999809265137,6.639999866485596,6.360000133514404,6.460000038146973,6.460000038146973,2566500
2023-10-27,JSBL,6.360000133514404,6.5,6.320000171661377,6.400000095367432,6.400000095367432,892000
2023-10-30,JSBL,6.420000076293945,6.699999809265137,6.349999904632568,6.539999961853027,6.539999961853027,1954500
2023-10-31,JSBL,6.579999923706055,6.599999904632568,6.420000076293945,6.489999771118164,6.489999771118164,267500
2023-11-01,JSBL,6.510000228881836,6.889999866485596,6.510000228881836,6.880000114440918,6.880000114440918,3330500
2023-11-02,JSBL,6.800000190734863,7.010000228881836,6.619999885559082,6.869999885559082,6.869999885559082,2814000
2023-11-03,JSBL,6.75,7.130000114440918,6.710000038146973,6.880000114440918,6.880000114440918,3379000
2023-11-06,JSBL,6.860000133514404,7.119999885559082,6.849999904632568,7.099999904632568,7.099999904632568,2369500
2023-11-07,JSBL,7.099999904632568,7.449999809265137,6.909999847412109,7.019999980926514,7.019999980926514,3815500
2023-11-08,JSBL,7.139999866485596,7.300000190734863,6.900000095367432,7.25,7.25,5010000
2023-11-09,JSBL,7.25,7.25,7.25,7.25,7.25,0
2023-11-10,JSBL,7.25,7.5,7.25,7.5,7.5,4645500
2023-11-13,JSBL,7.550000190734863,7.699999809265137,7.400000095367432,7.53000020980835,7.53000020980835,2859000
2023-11-14,JSBL,7.519999980926514,7.699999809265137,7.300000190734863,7.510000228881836,7.510000228881836,850000
2023-11-15,JSBL,7.579999923706055,7.699999809265137,7.460000038146973,7.480000019073486,7.480000019073486,1444000
2023-11-16,JSBL,7.5,7.75,7.449999809265137,7.619999885559082,7.619999885559082,2504000
2023-11-17,JSBL,7.71999979019165,8.619999885559082,7.71999979019165,8.59000015258789,8.59000015258789,6796000
2023-11-20,JSBL,8.550000190734863,9.489999771118164,8.100000381469727,8.979999542236328,8.979999542236328,2324500
2023-11-21,JSBL,8.989999771118164,9.699999809265137,8.899999618530273,9.029999732971191,9.029999732971191,3129500
2023-11-22,JSBL,9.0,9.5,9.0,9.109999656677246,9.109999656677246,2263000
2023-11-23,JSBL,9.109999656677246,9.5,9.0,9.149999618530273,9.149999618530273,2428000
2023-11-24,JSBL,9.199999809265137,9.199999809265137,8.920000076293945,9.0,9.0,1112500
2023-11-27,JSBL,9.350000381469727,9.350000381469727,8.850000381469727,8.979999542236328,8.979999542236328,3137000
2023-11-28,JSBL,9.0,9.100000381469727,8.619999885559082,8.920000076293945,8.920000076293945,3638000
2023-11-29,JSBL,9.0,9.25,8.729999542236328,8.8100004196167,8.8100004196167,869500
2023-11-30,JSBL,8.75,8.869999885559082,8.600000381469727,8.800000190734863,8.800000190734863,2734000
2023-12-01,JSBL,9.100000381469727,9.199999809265137,8.529999732971191,8.90999984741211,8.90999984741211,1234500
2023-12-04,JSBL,8.989999771118164,9.0,8.75,8.859999656677246,8.859999656677246,1789500
2023-12-05,JSBL,8.779999732971191,8.850000381469727,8.75,8.800000190734863,8.800000190734863,1981500
2023-12-06,JSBL,8.75,9.010000228881836,8.75,9.0,9.0,2182500
2023-12-07,JSBL,8.979999542236328,9.550000190734863,8.979999542236328,9.420000076293945,9.420000076293945,3364000
2023-12-08,JSBL,9.449999809265137,9.600000381469727,9.25,9.579999923706055,9.579999923706055,2315500
2023-12-11,JSBL,9.210000038146973,10.079999923706055,9.0,10.039999961853027,10.039999961853027,25839500
2023-12-12,JSBL,10.199999809265137,11.039999961853027,9.699999809265137,10.020000457763672,10.020000457763672,4222500
2023-12-13,JSBL,10.0,10.0,9.699999809265137,9.800000190734863,9.800000190734863,1733500
2023-12-14,JSBL,9.619999885559082,10.0,9.619999885559082,9.979999542236328,9.979999542236328,2087500
2023-12-15,JSBL,10.0,10.5,9.770000457763672,10.09000015258789,10.09000015258789,4483000
2023-12-18,JSBL,9.75,10.0,9.75,9.899999618530273,9.899999618530273,846500
2023-12-19,JSBL,9.600000381469727,9.819999694824219,9.100000381469727,9.34000015258789,9.34000015258789,5469500
2023-12-20,JSBL,9.039999961853027,9.800000190734863,8.8100004196167,9.59000015258789,9.59000015258789,2248000
2023-12-21,JSBL,9.390000343322754,9.75,9.25,9.670000076293945,9.670000076293945,188000
2023-12-22,JSBL,9.5,9.600000381469727,9.199999809265137,9.40999984741211,9.40999984741211,294500
2023-12-25,JSBL,9.40999984741211,9.40999984741211,9.40999984741211,9.40999984741211,9.40999984741211,0
2023-12-26,JSBL,9.149999618530273,9.399999618530273,8.90999984741211,9.220000267028809,9.220000267028809,1400000
2023-12-27,JSBL,8.899999618530273,9.289999961853027,8.699999809265137,8.920000076293945,8.920000076293945,2022500
2023-12-28,JSBL,9.0,9.100000381469727,8.75,8.960000038146973,8.960000038146973,753500
2023-12-29,JSBL,8.899999618530273,9.199999809265137,8.75,9.039999961853027,9.039999961853027,730500
2024-01-01,JSBL,9.149999618530273,9.6899995803833,8.760000228881836,9.5,9.5,349500
2024-01-02,JSBL,9.109999656677246,9.5,9.020000457763672,9.460000038146973,9.460000038146973,566500
2024-01-03,JSBL,9.180000305175781,9.789999961853027,9.180000305175781,9.5,9.5,203000
2024-01-04,JSBL,9.449999809265137,10.5,9.449999809265137,10.079999923706055,10.079999923706055,1862000
2024-01-05,JSBL,10.0,10.199999809265137,9.800000190734863,10.0,10.0,1468500
2024-01-08,JSBL,9.75,9.850000381469727,9.75,9.800000190734863,9.800000190734863,260500
2024-01-09,JSBL,9.770000457763672,9.9399995803833,9.699999809265137,9.899999618530273,9.899999618530273,131000
2024-01-10,JSBL,9.760000228881836,9.899999618530273,9.739999771118164,9.800000190734863,9.800000190734863,124000
2024-01-11,JSBL,9.800000190734863,10.0,9.75,9.979999542236328,9.979999542236328,5286500
2024-01-12,JSBL,10.289999961853027,10.399999618530273,9.819999694824219,9.949999809265137,9.949999809265137,19919000
2024-01-15,JSBL,10.0,10.029999732971191,9.920000076293945,9.979999542236328,9.979999542236328,491500
2024-01-16,JSBL,9.989999771118164,9.989999771118164,9.8100004196167,9.979999542236328,9.979999542236328,122000
2024-01-17,JSBL,9.979999542236328,10.100000381469727,9.850000381469727,9.899999618530273,9.899999618530273,2565000
2024-01-18,JSBL,9.9399995803833,9.949999809265137,9.75,9.850000381469727,9.850000381469727,59500
2024-01-19,JSBL,9.989999771118164,10.010000228881836,9.5,9.880000114440918,9.880000114440918,828000
2024-01-22,JSBL,9.890000343322754,10.0,9.710000038146973,9.9399995803833,9.9399995803833,1020000
2024-01-23,JSBL,9.84000015258789,9.869999885559082,9.770000457763672,9.819999694824219,9.819999694824219,309500
2024-01-24,JSBL,9.800000190734863,10.0,9.800000190734863,9.989999771118164,9.989999771118164,572500
2024-01-25,JSBL,9.859999656677246,10.0600004196167,9.8100004196167,9.989999771118164,9.989999771118164,131000
2024-01-26,JSBL,9.819999694824219,9.979999542236328,9.8100004196167,9.930000305175781,9.930000305175781,124000
2024-01-29,JSBL,9.899999618530273,9.920000076293945,9.800000190734863,9.899999618530273,9.899999618530273,56500
2024-01-30,JSBL,9.899999618530273,9.899999618530273,9.5,9.569999694824219,9.569999694824219,77500
2024-01-31,JSBL,9.119999885559082,10.1899995803833,9.109999656677246,10.050000190734863,10.050000190734863,729000
2024-02-01,JSBL,9.720000267028809,9.960000038146973,9.720000267028809,9.9399995803833,9.9399995803833,37500
2024-02-02,JSBL,9.979999542236328,9.979999542236328,9.949999809265137,9.949999809265137,9.949999809265137,5500
2024-02-06,JSBL,9.529999732971191,9.899999618530273,9.529999732971191,9.850000381469727,9.850000381469727,58000
2024-02-07,JSBL,9.800000190734863,9.930000305175781,9.5,9.619999885559082,9.619999885559082,242500
2024-02-08,JSBL,9.619999885559082,9.619999885559082,9.619999885559082,9.619999885559082,9.619999885559082,0
2024-02-09,JSBL,9.880000114440918,9.890000343322754,9.399999618530273,9.779999732971191,9.779999732971191,67500
2024-02-12,JSBL,9.300000190734863,9.300000190734863,8.84000015258789,9.0,9.0,932000
2024-02-13,JSBL,9.010000228881836,9.010000228881836,8.300000190734863,8.470000267028809,8.470000267028809,1379500
2024-02-14,JSBL,8.75,9.470000267028809,8.75,9.34000015258789,9.34000015258789,460500
2024-02-15,JSBL,9.449999809265137,9.449999809265137,8.880000114440918,8.989999771118164,8.989999771118164,255000
2024-02-16,JSBL,8.850000381469727,8.979999542236328,8.5,8.619999885559082,8.619999885559082,238500
2024-02-19,JSBL,8.260000228881836,8.9399995803833,8.260000228881836,8.9399995803833,8.9399995803833,530000
2024-02-20,JSBL,9.199999809265137,9.270000457763672,8.619999885559082,9.180000305175781,9.180000305175781,532000
2024-02-21,JSBL,9.100000381469727,9.220000267028809,8.510000228881836,8.880000114440918,8.880000114440918,936500
2024-02-22,JSBL,8.850000381469727,8.899999618530273,8.65999984741211,8.800000190734863,8.800000190734863,526000
2024-02-23,JSBL,8.699999809265137,8.970000267028809,8.670000076293945,8.949999809265137,8.949999809265137,473000
2024-02-26,JSBL,8.970000267028809,9.239999771118164,8.699999809265137,9.069999694824219,9.069999694824219,519000
2024-02-27,JSBL,8.75,9.25,8.75,9.149999618530273,9.149999618530273,1632000
2024-02-28,JSBL,9.0,9.050000190734863,8.149999618530273,8.260000228881836,8.260000228881836,3027000
2024-02-29,JSBL,8.25,8.800000190734863,8.149999618530273,8.470000267028809,8.470000267028809,3526500
2024-03-01,JSBL,8.600000381469727,9.199999809265137,8.520000457763672,8.989999771118164,8.989999771118164,1851500
2024-03-04,JSBL,8.899999618530273,9.0,8.569999694824219,8.729999542236328,8.729999542236328,1201500
2024-03-05,JSBL,9.0,9.0,8.5,8.59000015258789,8.59000015258789,818000
2024-03-06,JSBL,8.59000015258789,8.930000305175781,8.520000457763672,8.75,8.75,400500
2024-03-07,JSBL,8.890000343322754,9.199999809265137,8.75,8.880000114440918,8.880000114440918,79000
2024-03-08,JSBL,8.609999656677246,8.930000305175781,8.569999694824219,8.880000114440918,8.880000114440918,465000
2024-03-11,JSBL,8.710000038146973,8.9399995803833,8.699999809265137,8.84000015258789,8.84000015258789,124500
2024-03-12,JSBL,8.760000228881836,8.850000381469727,8.699999809265137,8.789999961853027,8.789999961853027,112500
2024-03-13,JSBL,8.890000343322754,8.890000343322754,8.649999618530273,8.829999923706055,8.829999923706055,21000
2024-03-14,JSBL,8.619999885559082,8.850000381469727,8.619999885559082,8.75,8.75,150000
2024-03-15,JSBL,8.600000381469727,9.0,8.600000381469727,8.930000305175781,8.930000305175781,196500
2024-03-18,JSBL,8.899999618530273,9.100000381469727,8.850000381469727,9.020000457763672,9.020000457763672,398000
2024-03-19,JSBL,9.220000267028809,9.550000190734863,9.09000015258789,9.1899995803833,9.1899995803833,1168000
2024-03-20,JSBL,9.25,9.300000190734863,9.0,9.220000267028809,9.220000267028809,2756500
2024-03-21,JSBL,9.229999542236328,9.300000190734863,9.0600004196167,9.130000114440918,9.130000114440918,3033000
2024-03-22,JSBL,9.109999656677246,9.25,8.899999618530273,8.930000305175781,8.930000305175781,921000
2024-03-26,JSBL,9.0,9.220000267028809,9.0,9.170000076293945,9.170000076293945,232000
2024-03-27,JSBL,9.300000190734863,9.399999618530273,9.210000038146973,9.300000190734863,9.300000190734863,357500
2024-03-28,JSBL,9.3100004196167,9.449999809265137,9.029999732971191,9.300000190734863,9.300000190734863,230000
2024-03-29,JSBL,9.390000343322754,9.390000343322754,9.15999984741211,9.260000228881836,9.260000228881836,1298500
2024-04-01,JSBL,9.010000228881836,9.050000190734863,8.850000381469727,8.9399995803833,8.9399995803833,548500
2024-04-02,JSBL,8.800000190734863,9.170000076293945,8.800000190734863,9.069999694824219,9.069999694824219,261000
2024-04-03,JSBL,9.010000228881836,9.199999809265137,9.010000228881836,9.180000305175781,9.180000305175781,120000
2024-04-04,JSBL,9.180000305175781,9.180000305175781,8.880000114440918,9.15999984741211,9.15999984741211,48500
2024-04-08,JSBL,9.199999809265137,10.15999984741211,9.109999656677246,9.239999771118164,9.239999771118164,1396000
2024-04-09,JSBL,9.109999656677246,9.199999809265137,9.029999732971191,9.119999885559082,9.119999885559082,60000
2024-04-15,JSBL,9.050000190734863,9.239999771118164,9.050000190734863,9.229999542236328,9.229999542236328,58500
2024-04-16,JSBL,9.399999618530273,9.399999618530273,9.029999732971191,9.220000267028809,9.220000267028809,33500
2024-04-17,JSBL,9.050000190734863,9.3100004196167,9.050000190734863,9.260000228881836,9.260000228881836,240000
2024-04-18,JSBL,9.199999809265137,9.199999809265137,9.09000015258789,9.170000076293945,9.170000076293945,32500
2024-04-19,JSBL,9.100000381469727,9.199999809265137,9.020000457763672,9.09000015258789,9.09000015258789,112500
2024-04-22,JSBL,9.25,9.869999885559082,9.239999771118164,9.239999771118164,9.239999771118164,59500
2024-04-23,JSBL,9.220000267028809,9.4399995803833,9.010000228881836,9.15999984741211,9.15999984741211,205500
2024-04-24,JSBL,9.1899995803833,9.279999732971191,9.010000228881836,9.15999984741211,9.15999984741211,453000
2024-04-25,JSBL,9.050000190734863,9.109999656677246,9.050000190734863,9.050000190734863,9.050000190734863,27500
2024-04-26,JSBL,9.149999618530273,9.800000190734863,9.100000381469727,9.579999923706055,9.579999923706055,511500
2024-04-29,JSBL,9.59000015258789,10.579999923706055,9.130000114440918,9.960000038146973,9.960000038146973,698500
2024-04-30,JSBL,9.739999771118164,10.199999809265137,9.40999984741211,9.949999809265137,9.949999809265137,238500
2024-05-02,JSBL,9.600000381469727,9.600000381469727,9.0,9.329999923706055,9.329999923706055,2817500
2024-05-03,JSBL,9.119999885559082,9.25,8.899999618530273,9.170000076293945,9.170000076293945,1151000
2024-05-06,JSBL,8.899999618530273,9.289999961853027,8.619999885559082,9.100000381469727,9.100000381469727,208500
2024-05-07,JSBL,8.9399995803833,9.430000305175781,8.930000305175781,9.289999961853027,9.289999961853027,594500
2024-05-08,JSBL,9.149999618530273,9.220000267028809,8.829999923706055,9.170000076293945,9.170000076293945,676000
2024-05-09,JSBL,9.140000343322754,9.75,8.960000038146973,9.239999771118164,9.239999771118164,4782000
2024-05-10,JSBL,9.300000190734863,9.300000190734863,8.899999618530273,9.25,9.25,4484000
2024-05-13,JSBL,9.25,9.270000457763672,9.0600004196167,9.140000343322754,9.140000343322754,2025500
2024-05-14,JSBL,9.140000343322754,9.279999732971191,9.029999732971191,9.220000267028809,9.220000267028809,3296000
2024-05-15,JSBL,9.449999809265137,9.449999809265137,9.020000457763672,9.039999961853027,9.039999961853027,1681500
2024-05-16,JSBL,9.050000190734863,9.09000015258789,8.989999771118164,9.079999923706055,9.079999923706055,322500
2024-05-17,JSBL,9.199999809265137,9.199999809265137,8.970000267028809,9.039999961853027,9.039999961853027,311500
2024-05-20,JSBL,9.149999618530273,9.149999618530273,8.920000076293945,9.0,9.0,316182
2024-05-21,JSBL,9.09000015258789,9.149999618530273,9.0,9.0,9.0,455798
2024-05-22,JSBL,9.0,9.34000015258789,8.949999809265137,9.170000076293945,9.170000076293945,516242
2024-05-23,JSBL,9.0,9.380000114440918,9.0,9.279999732971191,9.279999732971191,220215
2024-05-24,JSBL,9.199999809265137,9.300000190734863,9.029999732971191,9.270000457763672,9.270000457763672,241111
2024-05-27,JSBL,9.270000457763672,9.270000457763672,9.020000457763672,9.020000457763672,9.020000457763672,33250
2024-05-28,JSBL,9.020000457763672,9.020000457763672,9.020000457763672,9.020000457763672,9.020000457763672,0
2024-05-29,JSBL,9.25,9.399999618530273,9.0,9.319999694824219,9.319999694824219,513170
2024-05-30,JSBL,9.199999809265137,9.34000015258789,9.050000190734863,9.3100004196167,9.3100004196167,54702
2024-05-31,JSBL,9.25,9.350000381469727,9.050000190734863,9.199999809265137,9.199999809265137,910613
2024-06-03,JSBL,9.229999542236328,9.239999771118164,8.869999885559082,9.0,9.0,1731997
2024-06-04,JSBL,8.869999885559082,9.119999885559082,8.869999885559082,9.0,9.0,1532694
2024-06-05,JSBL,8.949999809265137,9.140000343322754,8.9399995803833,9.09000015258789,9.09000015258789,1654
2024-06-06,JSBL,9.210000038146973,9.210000038146973,8.970000267028809,9.119999885559082,9.119999885559082,129812
2024-06-07,JSBL,9.0,9.1899995803833,8.989999771118164,9.079999923706055,9.079999923706055,898551
2024-06-10,JSBL,9.0,9.100000381469727,8.520000457763672,8.569999694824219,8.569999694824219,628528
2024-06-11,JSBL,8.619999885559082,9.5,8.100000381469727,9.180000305175781,9.180000305175781,3883223
2024-06-12,JSBL,9.0,9.319999694824219,9.0,9.180000305175781,9.180000305175781,371101
2024-06-13,JSBL,9.100000381469727,9.329999923706055,9.0,9.270000457763672,9.270000457763672,1067139
2024-06-14,JSBL,9.239999771118164,9.279999732971191,9.0,9.170000076293945,9.170000076293945,498733
2024-06-20,JSBL,9.220000267028809,9.59000015258789,9.149999618530273,9.399999618530273,9.399999618530273,2609568
2024-06-21,JSBL,9.25,9.5,9.140000343322754,9.289999961853027,9.289999961853027,1832134
2024-06-24,JSBL,9.1899995803833,9.550000190734863,9.079999923706055,9.109999656677246,9.109999656677246,16864576
2024-06-25,JSBL,9.239999771118164,9.289999961853027,9.100000381469727,9.25,9.25,346951
2024-06-26,JSBL,9.380000114440918,9.550000190734863,9.1899995803833,9.489999771118164,9.489999771118164,1978153
2024-06-27,JSBL,9.479999542236328,10.489999771118164,9.40999984741211,10.149999618530273,10.149999618530273,13366157
2024-06-28,JSBL,10.5,10.5,9.699999809265137,9.770000457763672,9.770000457763672,1120118
2024-07-01,JSBL,9.890000343322754,9.989999771118164,9.609999656677246,9.680000305175781,9.680000305175781,434964
2024-07-02,JSBL,9.699999809265137,10.680000305175781,9.699999809265137,10.479999542236328,10.479999542236328,1575780
2024-07-03,JSBL,10.460000038146973,11.479999542236328,10.460000038146973,11.010000228881836,11.010000228881836,2069471
2024-07-04,JSBL,11.399999618530273,11.40999984741211,10.180000305175781,10.369999885559082,10.369999885559082,1204944
2024-07-05,JSBL,10.729999542236328,11.369999885559082,10.109999656677246,11.109999656677246,11.109999656677246,1179492
2024-07-08,JSBL,11.350000381469727,12.109999656677246,11.350000381469727,11.920000076293945,11.920000076293945,995330
2024-07-09,JSBL,12.149999618530273,13.050000190734863,11.699999809265137,11.90999984741211,11.90999984741211,1123183
2024-07-10,JSBL,11.609999656677246,11.850000381469727,11.220000267028809,11.25,11.25,835312
2024-07-11,JSBL,11.0,11.739999771118164,11.0,11.390000343322754,11.390000343322754,162035
2024-07-12,JSBL,11.260000228881836,11.949999809265137,11.0,11.529999732971191,11.529999732971191,660674
2024-07-15,JSBL,11.449999809265137,11.75,10.899999618530273,11.039999961853027,11.039999961853027,638638
2024-07-16,JSBL,11.039999961853027,11.039999961853027,11.039999961853027,11.039999961853027,11.039999961853027,0
2024-07-17,JSBL,11.039999961853027,11.039999961853027,11.039999961853027,11.039999961853027,11.039999961853027,0
2024-07-18,JSBL,11.109999656677246,11.350000381469727,10.800000190734863,11.220000267028809,11.220000267028809,249831
2024-07-19,JSBL,10.800000190734863,11.199999809265137,10.149999618530273,10.420000076293945,10.420000076293945,874255
2024-07-22,JSBL,10.5,10.5,9.600000381469727,9.890000343322754,9.890000343322754,4250922
2024-07-23,JSBL,9.899999618530273,10.0,9.729999542236328,9.8100004196167,9.8100004196167,429933
2024-07-24,JSBL,9.850000381469727,10.170000076293945,9.770000457763672,9.989999771118164,9.989999771118164,381739
2024-07-25,JSBL,10.199999809265137,10.199999809265137,9.800000190734863,9.819999694824219,9.819999694824219,75124
2024-07-26,JSBL,10.0,10.0,9.4399995803833,9.720000267028809,9.720000267028809,748842
2024-07-29,JSBL,9.520000457763672,10.34000015258789,9.399999618530273,10.09000015258789,10.09000015258789,846369
2024-07-30,JSBL,10.229999542236328,10.449999809265137,9.899999618530273,10.149999618530273,10.149999618530273,405265
2024-07-31,JSBL,10.119999885559082,10.600000381469727,10.010000228881836,10.149999618530273,10.149999618530273,621802
2024-08-01,JSBL,10.09000015258789,10.34000015258789,9.8100004196167,10.180000305175781,10.180000305175781,216558
2024-08-02,JSBL,10.1899995803833,10.579999923706055,10.0,10.390000343322754,10.390000343322754,410320
2024-08-05,JSBL,10.029999732971191,10.829999923706055,9.510000228881836,9.550000190734863,9.550000190734863,1449491
2024-08-06,JSBL,9.75,9.979999542236328,9.449999809265137,9.859999656677246,9.859999656677246,1066829
2024-08-07,JSBL,9.890000343322754,10.25,9.75,10.149999618530273,10.149999618530273,424980
2024-08-08,JSBL,10.369999885559082,10.369999885559082,9.859999656677246,10.149999618530273,10.149999618530273,92859
2024-08-09,JSBL,9.989999771118164,10.380000114440918,9.8100004196167,10.210000038146973,10.210000038146973,10788959
2024-08-12,JSBL,9.899999618530273,10.34000015258789,9.899999618530273,9.989999771118164,9.989999771118164,221645
2024-08-13,JSBL,10.270000457763672,10.270000457763672,9.800000190734863,9.859999656677246,9.859999656677246,122223
2024-08-15,JSBL,9.899999618530273,10.199999809265137,9.899999618530273,10.0600004196167,10.0600004196167,386848
2024-08-16,JSBL,10.100000381469727,10.170000076293945,9.800000190734863,9.930000305175781,9.930000305175781,191658
2024-08-19,JSBL,10.0,10.0,9.3100004196167,9.40999984741211,9.40999984741211,872066
2024-08-20,JSBL,9.5,9.600000381469727,9.300000190734863,9.5,9.5,726117
2024-08-21,JSBL,9.5,9.9399995803833,9.5,9.899999618530273,9.899999618530273,187677
2024-08-22,JSBL,9.619999885559082,10.199999809265137,9.619999885559082,9.75,9.75,479226
2024-08-23,JSBL,9.550000190734863,10.050000190734863,9.430000305175781,9.90999984741211,9.90999984741211,549657
2024-08-26,JSBL,9.75,10.210000038146973,9.649999618530273,9.979999542236328,9.979999542236328,852653
2024-08-27,JSBL,10.0,10.0,9.449999809265137,9.739999771118164,9.739999771118164,930761
2024-08-28,JSBL,9.899999618530273,9.899999618530273,9.550000190734863,9.630000114440918,9.630000114440918,60073
2024-08-29,JSBL,9.520000457763672,9.739999771118164,9.399999618530273,9.510000228881836,9.510000228881836,39524
2024-08-30,JSBL,9.600000381469727,9.800000190734863,9.5,9.5,9.5,272812
2024-09-02,JSBL,9.5,9.5,9.220000267028809,9.260000228881836,9.260000228881836,1605164
2024-09-03,JSBL,9.489999771118164,9.489999771118164,9.0,9.069999694824219,9.069999694824219,58534
2024-09-04,JSBL,9.350000381469727,9.399999618530273,9.210000038146973,9.300000190734863,9.300000190734863,16486
2024-09-05,JSBL,9.260000228881836,9.390000343322754,9.210000038146973,9.239999771118164,9.239999771118164,10807
2024-09-06,JSBL,9.430000305175781,9.449999809265137,9.229999542236328,9.239999771118164,9.239999771118164,2462
2024-09-09,JSBL,9.479999542236328,9.479999542236328,9.0,9.350000381469727,9.350000381469727,29645
2024-09-10,JSBL,9.350000381469727,9.350000381469727,9.149999618530273,9.199999809265137,9.199999809265137,273402
2024-09-11,JSBL,9.4399995803833,9.449999809265137,9.149999618530273,9.199999809265137,9.199999809265137,15747
2024-09-12,JSBL,9.039999961853027,9.470000267028809,9.010000228881836,9.010000228881836,9.010000228881836,148323
2024-09-13,JSBL,9.050000190734863,9.470000267028809,9.0,9.300000190734863,9.300000190734863,19122
2024-09-16,JSBL,9.430000305175781,9.5,9.25,9.25,9.25,101391
2024-09-17,JSBL,9.25,9.25,9.25,9.25,9.25,0
2024-09-18,JSBL,9.350000381469727,9.350000381469727,9.0,9.029999732971191,9.029999732971191,148884
2024-09-19,JSBL,9.350000381469727,9.350000381469727,9.010000228881836,9.239999771118164,9.239999771118164,50211
2024-09-20,JSBL,9.020000457763672,9.1899995803833,8.84000015258789,9.0,9.0,751072
2024-09-23,JSBL,9.109999656677246,9.109999656677246,8.800000190734863,8.899999618530273,8.899999618530273,44270
2024-09-24,JSBL,9.350000381469727,9.350000381469727,8.550000190734863,8.800000190734863,8.800000190734863,39467
2024-09-25,JSBL,9.170000076293945,9.170000076293945,8.65999984741211,8.859999656677246,8.859999656677246,25522
2024-09-26,JSBL,8.899999618530273,9.0,8.600000381469727,8.670000076293945,8.670000076293945,106480
2024-09-27,JSBL,9.0,9.0,8.510000228881836,8.699999809265137,8.699999809265137,57538
2024-09-30,JSBL,8.899999618530273,9.149999618530273,8.520000457763672,8.619999885559082,8.619999885559082,21396
2024-10-01,JSBL,8.949999809265137,9.399999618530273,8.550000190734863,8.800000190734863,8.800000190734863,759177
2024-10-02,JSBL,9.0,9.0,8.8100004196167,8.899999618530273,8.899999618530273,159105
2024-10-03,JSBL,8.9399995803833,8.949999809265137,8.760000228881836,8.880000114440918,8.880000114440918,554
2024-10-04,JSBL,8.3100004196167,8.9399995803833,8.199999809265137,8.5600004196167,8.5600004196167,88507
2024-10-07,JSBL,8.9399995803833,9.0,8.510000228881836,8.739999771118164,8.739999771118164,253566
2024-10-08,JSBL,8.829999923706055,8.850000381469727,8.649999618530273,8.710000038146973,8.710000038146973,47546
2024-10-09,JSBL,8.710000038146973,8.710000038146973,8.710000038146973,8.710000038146973,8.710000038146973,0
2024-10-10,JSBL,8.90999984741211,8.90999984741211,8.5,8.600000381469727,8.600000381469727,31063
2024-10-11,JSBL,8.699999809265137,8.880000114440918,8.100000381469727,8.40999984741211,8.40999984741211,139397
2024-10-14,JSBL,8.84000015258789,8.850000381469727,8.699999809265137,8.75,8.75,44780
2024-10-15,JSBL,8.84000015258789,8.84000015258789,8.600000381469727,8.75,8.75,35178
2024-10-16,JSBL,8.800000190734863,8.800000190734863,8.699999809265137,8.789999961853027,8.789999961853027,6084
2024-10-17,JSBL,8.699999809265137,8.699999809265137,8.529999732971191,8.5600004196167,8.5600004196167,29359
2024-10-18,JSBL,8.699999809265137,8.699999809265137,8.130000114440918,8.470000267028809,8.470000267028809,68891
2024-10-21,JSBL,8.680000305175781,8.699999809265137,8.40999984741211,8.460000038146973,8.460000038146973,165340
2024-10-22,JSBL,8.680000305175781,8.680000305175781,8.520000457763672,8.600000381469727,8.600000381469727,60532
2024-10-23,JSBL,8.720000267028809,8.720000267028809,8.5,8.680000305175781,8.680000305175781,301160
2024-10-24,JSBL,8.550000190734863,8.720000267028809,8.479999542236328,8.510000228881836,8.510000228881836,743503
2024-10-25,JSBL,8.40999984741211,8.699999809265137,8.300000190734863,8.670000076293945,8.670000076293945,171217
2024-10-28,JSBL,8.729999542236328,8.739999771118164,8.5,8.670000076293945,8.670000076293945,27594
2024-10-29,JSBL,8.5600004196167,8.680000305175781,8.350000381469727,8.510000228881836,8.510000228881836,83233
2024-10-30,JSBL,8.359999656677246,8.649999618530273,8.359999656677246,8.619999885559082,8.619999885559082,44793
2024-10-31,JSBL,8.630000114440918,8.9399995803833,8.0,8.229999542236328,8.229999542236328,172576
2024-11-01,JSBL,8.640000343322754,8.75,8.069999694824219,8.199999809265137,8.199999809265137,52832
2024-11-04,JSBL,8.600000381469727,8.640000343322754,8.170000076293945,8.399999618530273,8.399999618530273,167464
2024-11-05,JSBL,8.319999694824219,9.09000015258789,8.3100004196167,8.869999885559082,8.869999885559082,590344
2024-11-06,JSBL,9.0,9.539999961853027,8.75,9.390000343322754,9.390000343322754,743507
2024-11-07,JSBL,9.529999732971191,9.529999732971191,9.109999656677246,9.239999771118164,9.239999771118164,37708
2024-11-08,JSBL,9.399999618530273,9.399999618530273,9.020000457763672,9.109999656677246,9.109999656677246,155837
2024-11-11,JSBL,9.25,9.300000190734863,9.0,9.079999923706055,9.079999923706055,157998
2024-11-12,JSBL,9.289999961853027,9.289999961853027,9.0,9.0,9.0,288015
2024-11-13,JSBL,9.239999771118164,9.25,8.970000267028809,9.0,9.0,720345
2024-11-14,JSBL,9.1899995803833,9.1899995803833,8.920000076293945,9.029999732971191,9.029999732971191,376527
2024-11-15,JSBL,9.15999984741211,9.15999984741211,8.609999656677246,8.949999809265137,8.949999809265137,94112
2024-11-18,JSBL,9.029999732971191,9.130000114440918,8.960000038146973,9.0,9.0,546737
2024-11-19,JSBL,9.130000114440918,9.130000114440918,9.0,9.09000015258789,9.09000015258789,277427
2024-11-20,JSBL,9.119999885559082,9.119999885559082,8.819999694824219,9.010000228881836,9.010000228881836,59567
2024-11-21,JSBL,9.09000015258789,9.09000015258789,8.800000190734863,9.0,9.0,372227
2024-11-22,JSBL,9.0,9.289999961853027,8.859999656677246,8.960000038146973,8.960000038146973,4359239
2024-11-25,JSBL,9.09000015258789,9.149999618530273,8.960000038146973,8.989999771118164,8.989999771118164,560148
2024-11-26,JSBL,9.079999923706055,9.100000381469727,8.5,8.529999732971191,8.529999732971191,1915456
2024-11-27,JSBL,8.75,8.970000267028809,8.649999618530273,8.949999809265137,8.949999809265137,388958
2024-11-28,JSBL,8.520000457763672,9.100000381469727,8.520000457763672,8.869999885559082,8.869999885559082,343564
2024-11-29,JSBL,8.930000305175781,9.100000381469727,8.8100004196167,9.050000190734863,9.050000190734863,530201
2024-12-02,JSBL,9.289999961853027,9.289999961853027,8.75,8.930000305175781,8.930000305175781,181236
2024-12-03,JSBL,9.149999618530273,9.199999809265137,8.920000076293945,9.15999984741211,9.15999984741211,364986
2024-12-04,JSBL,9.010000228881836,9.300000190734863,9.0,9.270000457763672,9.270000457763672,299714
2024-12-05,JSBL,9.140000343322754,9.270000457763672,9.069999694824219,9.149999618530273,9.149999618530273,7620745
2024-12-06,JSBL,9.199999809265137,9.680000305175781,9.199999809265137,9.5,9.5,8575053
2024-12-09,JSBL,9.5600004196167,9.729999542236328,9.300000190734863,9.5,9.5,2624982
2024-12-10,JSBL,9.529999732971191,9.6899995803833,9.100000381469727,9.34000015258789,9.34000015258789,1305996
2024-12-11,JSBL,9.970000267028809,9.970000267028809,9.229999542236328,9.4399995803833,9.4399995803833,3662887
2024-12-12,JSBL,9.520000457763672,9.729999542236328,9.050000190734863,9.289999961853027,9.289999961853027,1412501
2024-12-13,JSBL,9.180000305175781,9.470000267028809,9.0,9.109999656677246,9.109999656677246,1533459
2024-12-16,JSBL,9.239999771118164,9.399999618530273,8.90999984741211,9.0600004196167,9.0600004196167,533997
2024-12-17,JSBL,9.069999694824219,9.270000457763672,8.800000190734863,9.069999694824219,9.069999694824219,1296041
2024-12-18,JSBL,9.25,9.25,8.970000267028809,9.0,9.0,326857
2024-12-19,JSBL,9.100000381469727,9.100000381469727,8.199999809265137,8.359999656677246,8.359999656677246,1998817
2024-12-20,JSBL,8.920000076293945,8.920000076293945,8.319999694824219,8.649999618530273,8.649999618530273,121105
2024-12-23,JSBL,8.649999618530273,8.9399995803833,8.569999694824219,8.899999618530273,8.899999618530273,319350
2024-12-24,JSBL,9.0,9.0,8.699999809265137,8.899999618530273,8.899999618530273,20368
2024-12-26,JSBL,8.699999809265137,8.970000267028809,8.0600004196167,8.800000190734863,8.800000190734863,154034
2024-12-27,JSBL,8.920000076293945,8.979999542236328,8.5600004196167,8.6899995803833,8.6899995803833,122733
2024-12-30,JSBL,8.949999809265137,9.40999984741211,7.690000057220459,9.180000305175781,9.180000305175781,1137827
2024-12-31,JSBL,9.260000228881836,9.260000228881836,9.0,9.0600004196167,9.0600004196167,72940
2025-01-01,JSBL,9.0600004196167,9.0600004196167,9.0600004196167,9.0600004196167,9.0600004196167,0
2025-01-02,JSBL,9.25,10.119999885559082,9.199999809265137,9.600000381469727,9.600000381469727,16335926
2025-01-03,JSBL,9.800000190734863,10.100000381469727,9.300000190734863,9.350000381469727,9.350000381469727,9069399
2025-01-06,JSBL,9.359999656677246,9.489999771118164,8.8100004196167,9.020000457763672,9.020000457763672,3733045
2025-01-07,JSBL,8.899999618530273,9.680000305175781,8.899999618530273,9.40999984741211,9.40999984741211,11560002
2025-01-08,JSBL,9.550000190734863,10.40999984741211,9.550000190734863,10.40999984741211,10.40999984741211,13625008
2025-01-09,JSBL,11.010000228881836,11.399999618530273,10.520000457763672,10.960000038146973,10.960000038146973,9534118
2025-01-10,JSBL,11.100000381469727,11.100000381469727,10.5,10.729999542236328,10.729999542236328,1838578
2025-01-13,JSBL,10.979999542236328,11.75,10.720000267028809,11.65999984741211,11.65999984741211,6314847
2025-01-14,JSBL,11.899999618530273,11.899999618530273,11.25,11.34000015258789,11.34000015258789,1463404
2025-01-15,JSBL,11.020000457763672,11.550000190734863,11.020000457763672,11.1899995803833,11.1899995803833,1728974
2025-01-16,JSBL,11.199999809265137,11.40999984741211,10.75,11.130000114440918,11.130000114440918,1965316
2025-01-17,JSBL,11.199999809265137,11.470000267028809,11.0,11.25,11.25,766817
2025-01-20,JSBL,11.640000343322754,11.670000076293945,11.069999694824219,11.15999984741211,11.15999984741211,1348305
2025-01-21,JSBL,11.15999984741211,11.489999771118164,10.75,10.899999618530273,10.899999618530273,2041660
2025-01-22,JSBL,10.989999771118164,11.65999984741211,10.5,11.300000190734863,11.300000190734863,5478328
2025-01-23,JSBL,10.899999618530273,11.630000114440918,10.699999809265137,11.300000190734863,11.300000190734863,1810885
2025-01-24,JSBL,11.100000381469727,11.630000114440918,11.0,11.529999732971191,11.529999732971191,4258418
2025-01-27,JSBL,10.40999984741211,11.5,10.40999984741211,11.140000343322754,11.140000343322754,1237840
2025-01-28,JSBL,11.390000343322754,11.390000343322754,10.75,10.850000381469727,10.850000381469727,1029944
2025-01-29,JSBL,10.710000038146973,11.100000381469727,10.399999618530273,10.619999885559082,10.619999885559082,474950
2025-01-30,JSBL,10.989999771118164,10.989999771118164,10.609999656677246,10.729999542236328,10.729999542236328,84151
2025-01-31,JSBL,10.989999771118164,11.100000381469727,10.550000190734863,10.65999984741211,10.65999984741211,729351
2025-02-03,JSBL,10.579999923706055,10.899999618530273,10.579999923706055,10.649999618530273,10.649999618530273,62647
2025-02-04,JSBL,10.789999961853027,10.789999961853027,10.0,10.15999984741211,10.15999984741211,1261141
2025-02-06,JSBL,10.010000228881836,10.25,9.8100004196167,9.899999618530273,9.899999618530273,243857
2025-02-07,JSBL,10.0,10.0,9.399999618530273,9.789999961853027,9.789999961853027,544733
2025-02-10,JSBL,10.0,10.199999809265137,9.5,9.899999618530273,9.899999618530273,516061
2025-02-11,JSBL,10.180000305175781,10.180000305175781,9.800000190734863,10.050000190734863,10.050000190734863,194730
2025-02-12,JSBL,10.0,10.380000114440918,9.600000381469727,9.729999542236328,9.729999542236328,3951864
2025-02-13,JSBL,9.949999809265137,9.949999809265137,9.550000190734863,9.699999809265137,9.699999809265137,2591922
2025-02-14,JSBL,9.699999809265137,9.800000190734863,9.600000381469727,9.649999618530273,9.649999618530273,193737
2025-02-17,JSBL,9.399999618530273,9.800000190734863,9.399999618530273,9.479999542236328,9.479999542236328,525509
2025-02-18,JSBL,9.479999542236328,9.800000190734863,9.479999542236328,9.649999618530273,9.649999618530273,434137
2025-02-19,JSBL,9.800000190734863,9.800000190734863,9.579999923706055,9.649999618530273,9.649999618530273,236044
2025-02-20,JSBL,9.789999961853027,9.800000190734863,9.460000038146973,9.600000381469727,9.600000381469727,1807290
2025-02-21,JSBL,9.770000457763672,10.300000190734863,9.75,9.989999771118164,9.989999771118164,2695070
2025-02-24,JSBL,10.0,10.300000190734863,9.600000381469727,9.960000038146973,9.960000038146973,744117
2025-02-25,JSBL,10.0,10.279999732971191,9.949999809265137,9.970000267028809,9.970000267028809,813768
2025-02-26,JSBL,9.970000267028809,10.199999809265137,9.800000190734863,9.84000015258789,9.84000015258789,559391
2025-02-27,JSBL,10.0,10.0,9.550000190734863,9.619999885559082,9.619999885559082,1361274
2025-02-28,JSBL,9.5600004196167,9.890000343322754,9.15999984741211,9.239999771118164,9.239999771118164,1119246
2025-03-03,JSBL,9.289999961853027,9.289999961853027,8.510000228881836,8.5600004196167,8.5600004196167,1321510
2025-03-04,JSBL,8.699999809265137,8.899999618530273,8.270000457763672,8.40999984741211,8.40999984741211,427415
2025-03-05,JSBL,8.6899995803833,8.760000228881836,8.210000038146973,8.3100004196167,8.3100004196167,210689
2025-03-06,JSBL,8.489999771118164,8.489999771118164,7.800000190734863,7.869999885559082,7.869999885559082,2024795
2025-03-07,JSBL,8.239999771118164,8.239999771118164,7.800000190734863,8.029999732971191,8.029999732971191,1058152
2025-03-10,JSBL,8.029999732971191,8.279999732971191,8.0,8.149999618530273,8.149999618530273,301466
2025-03-11,JSBL,8.300000190734863,8.329999923706055,8.0,8.149999618530273,8.149999618530273,199523
2025-03-12,JSBL,8.050000190734863,8.199999809265137,8.050000190734863,8.069999694824219,8.069999694824219,254947
2025-03-13,JSBL,8.289999961853027,8.399999618530273,8.069999694824219,8.25,8.25,258259
2025-03-14,JSBL,8.289999961853027,8.390000343322754,7.989999771118164,8.0,8.0,755868
2025-03-17,JSBL,8.199999809265137,8.199999809265137,7.889999866485596,8.109999656677246,8.109999656677246,800985
2025-03-18,JSBL,8.199999809265137,8.239999771118164,8.0,8.0600004196167,8.0600004196167,269960
2025-03-19,JSBL,8.100000381469727,8.180000305175781,8.020000457763672,8.100000381469727,8.100000381469727,318522
2025-03-20,JSBL,8.1899995803833,8.199999809265137,8.029999732971191,8.039999961853027,8.039999961853027,205998
2025-03-21,JSBL,8.1899995803833,8.199999809265137,8.010000228881836,8.039999961853027,8.039999961853027,288749
2025-03-24,JSBL,8.289999961853027,8.4399995803833,8.020000457763672,8.119999885559082,8.119999885559082,193176
2025-03-25,JSBL,8.199999809265137,8.390000343322754,8.050000190734863,8.100000381469727,8.100000381469727,501197
2025-03-26,JSBL,8.050000190734863,8.300000190734863,8.050000190734863,8.15999984741211,8.15999984741211,240549
2025-03-27,JSBL,8.289999961853027,8.350000381469727,8.039999961853027,8.100000381469727,8.100000381469727,904852
2025-03-28,JSBL,8.100000381469727,8.100000381469727,8.100000381469727,8.100000381469727,8.100000381469727,0
2025-03-31,JSBL,8.100000381469727,8.100000381469727,8.100000381469727,8.100000381469727,8.100000381469727,0
2025-04-03,JSBL,8.289999961853027,8.399999618530273,8.020000457763672,8.319999694824219,8.319999694824219,363883
2025-04-04,JSBL,8.319999694824219,8.699999809265137,8.199999809265137,8.369999885559082,8.369999885559082,2474103
2025-04-07,JSBL,8.279999732971191,8.300000190734863,7.420000076293945,7.710000038146973,7.710000038146973,4184934
2025-04-08,JSBL,7.940000057220459,8.0,7.599999904632568,7.809999942779541,7.809999942779541,1452558
2025-04-09,JSBL,7.710000038146973,7.929999828338623,7.710000038146973,7.800000190734863,7.800000190734863,488192
2025-04-10,JSBL,7.980000019073486,8.100000381469727,7.900000095367432,8.0,8.0,984223
2025-04-11,JSBL,8.0,8.149999618530273,7.909999847412109,8.09000015258789,8.09000015258789,392371
2025-04-14,JSBL,8.09000015258789,8.449999809265137,8.010000228881836,8.279999732971191,8.279999732971191,728759
2025-04-15,JSBL,8.100000381469727,8.5,8.100000381469727,8.260000228881836,8.260000228881836,1330085
2025-04-16,JSBL,8.359999656677246,8.5,8.149999618530273,8.289999961853027,8.289999961853027,562619
2025-04-17,JSBL,8.260000228881836,8.470000267028809,8.130000114440918,8.369999885559082,8.369999885559082,1300684
2025-04-18,JSBL,8.390000343322754,8.779999732971191,8.359999656677246,8.420000076293945,8.420000076293945,1599117
2025-04-21,JSBL,8.640000343322754,8.699999809265137,8.149999618530273,8.520000457763672,8.520000457763672,525794
2025-04-22,JSBL,8.569999694824219,8.640000343322754,8.399999618530273,8.5600004196167,8.5600004196167,956962
2025-04-23,JSBL,8.699999809265137,8.699999809265137,8.270000457763672,8.449999809265137,8.449999809265137,1059596
2025-04-24,JSBL,8.25,8.789999961853027,8.199999809265137,8.369999885559082,8.369999885559082,2841818
2025-04-25,JSBL,8.380000114440918,8.699999809265137,8.119999885559082,8.5,8.5,333628
2025-04-28,JSBL,8.6899995803833,8.800000190734863,8.109999656677246,8.210000038146973,8.210000038146973,431149
2025-04-29,JSBL,8.100000381469727,8.6899995803833,8.100000381469727,8.34000015258789,8.34000015258789,834158
2025-04-30,JSBL,8.390000343322754,8.399999618530273,7.929999828338623,8.109999656677246,8.109999656677246,565489
2025-05-02,JSBL,8.4399995803833,8.470000267028809,8.100000381469727,8.460000038146973,8.460000038146973,276393
2025-05-05,JSBL,8.479999542236328,8.479999542236328,8.130000114440918,8.390000343322754,8.390000343322754,28863
2025-05-06,JSBL,8.390000343322754,8.399999618530273,8.15999984741211,8.170000076293945,8.170000076293945,860850
2025-05-07,JSBL,7.699999809265137,8.170000076293945,7.699999809265137,7.78000020980835,7.78000020980835,1123479
2025-05-08,JSBL,8.390000343322754,8.399999618530273,7.0,7.320000171661377,7.320000171661377,1040922
2025-05-09,JSBL,7.0,7.949999809265137,7.0,7.699999809265137,7.699999809265137,250975
2025-05-12,JSBL,8.489999771118164,8.5,7.860000133514404,8.369999885559082,8.369999885559082,1173005
2025-05-13,JSBL,8.300000190734863,8.380000114440918,8.149999618530273,8.1899995803833,8.1899995803833,417227
2025-05-14,JSBL,8.40999984741211,8.40999984741211,8.199999809265137,8.300000190734863,8.300000190734863,22139
2025-05-15,JSBL,8.390000343322754,8.399999618530273,8.210000038146973,8.279999732971191,8.279999732971191,27651
2025-05-16,JSBL,8.5,8.5,8.050000190734863,8.199999809265137,8.199999809265137,424359
2025-05-19,JSBL,8.050000190734863,8.289999961853027,8.050000190734863,8.15999984741211,8.15999984741211,63281
2025-05-20,JSBL,8.350000381469727,8.350000381469727,8.140000343322754,8.289999961853027,8.289999961853027,199586
2025-05-21,JSBL,8.199999809265137,8.59000015258789,8.170000076293945,8.5,8.5,1148146
2025-05-22,JSBL,8.59000015258789,8.699999809265137,8.550000190734863,8.600000381469727,8.600000381469727,1037650
2025-05-23,JSBL,8.5,8.800000190734863,8.40999984741211,8.6899995803833,8.6899995803833,175411
2025-05-26,JSBL,8.6899995803833,8.779999732971191,8.449999809265137,8.75,8.75,75024
2025-05-27,JSBL,8.40999984741211,8.75,8.40999984741211,8.6899995803833,8.6899995803833,116409
2025-05-28,JSBL,8.6899995803833,8.6899995803833,8.6899995803833,8.6899995803833,8.6899995803833,0
2025-05-29,JSBL,8.680000305175781,8.949999809265137,8.489999771118164,8.59000015258789,8.59000015258789,1572876
2025-05-30,JSBL,8.880000114440918,8.9399995803833,8.430000305175781,8.859999656677246,8.859999656677246,1610979
2025-06-02,JSBL,8.859999656677246,8.880000114440918,8.550000190734863,8.800000190734863,8.800000190734863,173100
2025-06-03,JSBL,8.5,9.199999809265137,8.5,9.100000381469727,9.100000381469727,1041188
2025-06-04,JSBL,9.199999809265137,9.789999961853027,9.0,9.6899995803833,9.6899995803833,2671364
2025-06-05,JSBL,9.75,10.0,9.15999984741211,9.880000114440918,9.880000114440918,2485939
2025-06-06,JSBL,9.880000114440918,9.880000114440918,9.880000114440918,9.880000114440918,9.880000114440918,0
2025-06-09,JSBL,9.880000114440918,9.880000114440918,9.880000114440918,9.880000114440918,9.880000114440918,0
2025-06-10,JSBL,9.800000190734863,9.979999542236328,9.199999809265137,9.8100004196167,9.8100004196167,168337
2025-06-11,JSBL,9.25,10.010000228881836,9.220000267028809,9.979999542236328,9.979999542236328,578093
2025-06-12,JSBL,9.460000038146973,10.270000457763672,9.460000038146973,10.0,10.0,688941
2025-06-13,JSBL,9.600000381469727,10.010000228881836,9.229999542236328,9.960000038146973,9.960000038146973,995244
2025-06-16,JSBL,9.960000038146973,9.960000038146973,9.960000038146973,9.960000038146973,9.960000038146973,0
2025-06-17,JSBL,9.800000190734863,10.760000228881836,9.800000190734863,10.3100004196167,10.3100004196167,2960804
2025-06-18,JSBL,10.449999809265137,10.5,10.15999984741211,10.239999771118164,10.239999771118164,244921
2025-06-19,JSBL,10.369999885559082,10.539999961853027,10.149999618530273,10.210000038146973,10.210000038146973,496519
2025-06-20,JSBL,10.489999771118164,10.489999771118164,9.819999694824219,10.010000228881836,10.010000228881836,241113
2025-06-23,JSBL,9.899999618530273,10.25,9.600000381469727,9.829999923706055,9.829999923706055,139504
2025-06-24,JSBL,10.399999618530273,10.670000076293945,10.010000228881836,10.399999618530273,10.399999618530273,1505916
2025-06-25,JSBL,10.399999618530273,10.640000343322754,10.180000305175781,10.319999694824219,10.319999694824219,359755
2025-06-26,JSBL,10.350000381469727,10.989999771118164,10.350000381469727,10.9399995803833,10.9399995803833,631758
2025-06-27,JSBL,10.9399995803833,11.949999809265137,10.9399995803833,11.630000114440918,11.630000114440918,1389951
2025-06-30,JSBL,11.15999984741211,12.789999961853027,11.15999984741211,12.329999923706055,12.329999923706055,5903847
2025-07-01,JSBL,12.449999809265137,13.5600004196167,12.350000381469727,13.5600004196167,13.5600004196167,5183531
2025-07-02,JSBL,14.90999984741211,14.920000076293945,14.029999732971191,14.920000076293945,14.920000076293945,4470625
2025-07-03,JSBL,15.25,16.40999984741211,15.25,16.010000228881836,16.010000228881836,4687938
2025-07-04,JSBL,16.25,16.75,14.4399995803833,15.75,15.75,2396932
2025-07-07,JSBL,15.9399995803833,15.9399995803833,14.619999885559082,14.880000114440918,14.880000114440918,1880222
2025-07-08,JSBL,14.880000114440918,15.199999809265137,13.510000228881836,13.819999694824219,13.819999694824219,2324207
2025-07-09,JSBL,13.800000190734863,14.279999732971191,13.800000190734863,14.109999656677246,14.109999656677246,1395772
2025-07-10,JSBL,14.100000381469727,14.979999542236328,13.6899995803833,14.770000457763672,14.770000457763672,1424214
2025-07-11,JSBL,14.899999618530273,15.350000381469727,14.75,14.899999618530273,14.899999618530273,1667580
2025-07-14,JSBL,15.100000381469727,15.100000381469727,14.300000190734863,14.789999961853027,14.789999961853027,529097
2025-07-15,JSBL,14.649999618530273,15.0,14.520000457763672,14.84000015258789,14.84000015258789,726603
2025-07-16,JSBL,14.699999809265137,14.890000343322754,14.600000381469727,14.619999885559082,14.619999885559082,650152
2025-07-17,JSBL,14.949999809265137,14.989999771118164,14.399999618530273,14.680000305175781,14.680000305175781,419220
2025-07-18,JSBL,14.649999618530273,14.800000190734863,13.600000381469727,14.460000038146973,14.460000038146973,249447
2025-07-21,JSBL,14.630000114440918,14.630000114440918,13.8100004196167,13.960000038146973,13.960000038146973,893995
2025-07-22,JSBL,13.899999618530273,14.399999618530273,13.829999923706055,14.050000190734863,14.050000190734863,437045
2025-07-23,JSBL,13.760000228881836,14.979999542236328,13.760000228881836,14.510000228881836,14.510000228881836,770153
2025-07-24,JSBL,14.350000381469727,15.399999618530273,14.350000381469727,15.100000381469727,15.100000381469727,811641
2025-07-25,JSBL,15.5,16.5,15.350000381469727,15.5600004196167,15.5600004196167,761754
2025-07-28,JSBL,15.75,16.0,14.029999732971191,15.0,15.0,2064640
2025-07-29,JSBL,15.149999618530273,15.489999771118164,13.989999771118164,14.09000015258789,14.09000015258789,2074866
2025-07-30,JSBL,14.09000015258789,14.729999542236328,13.800000190734863,14.359999656677246,14.359999656677246,801222
2025-07-31,JSBL,14.699999809265137,15.149999618530273,14.699999809265137,14.920000076293945,14.920000076293945,3062250
2025-08-01,JSBL,14.699999809265137,14.989999771118164,14.699999809265137,14.819999694824219,14.819999694824219,647733
2025-08-04,JSBL,14.699999809265137,16.149999618530273,14.600000381469727,14.779999732971191,14.779999732971191,2424579
2025-08-05,JSBL,14.609999656677246,15.100000381469727,14.609999656677246,14.800000190734863,14.800000190734863,547320
2025-08-06,JSBL,14.789999961853027,15.0,14.609999656677246,14.970000267028809,14.970000267028809,1277313
2025-08-07,JSBL,14.710000038146973,14.90999984741211,14.109999656677246,14.800000190734863,14.800000190734863,594658
2025-08-08,JSBL,14.59000015258789,15.399999618530273,14.119999885559082,15.0600004196167,15.0600004196167,2559548
2025-08-11,JSBL,15.390000343322754,16.0,14.819999694824219,15.260000228881836,15.260000228881836,1237838
2025-08-12,JSBL,15.5,15.5,15.109999656677246,15.329999923706055,15.329999923706055,748486
2025-08-13,JSBL,15.489999771118164,15.800000190734863,15.300000190734863,15.680000305175781,15.680000305175781,493440
2025-08-15,JSBL,15.680000305175781,15.800000190734863,15.399999618530273,15.600000381469727,15.600000381469727,259178
2025-08-18,JSBL,15.880000114440918,16.200000762939453,15.300000190734863,16.06999969482422,16.06999969482422,4574644
2025-08-19,JSBL,16.06999969482422,16.200000762939453,15.890000343322754,15.960000038146973,15.960000038146973,378648
2025-08-20,JSBL,16.0,16.25,15.819999694824219,15.819999694824219,15.819999694824219,530146
2025-08-21,JSBL,15.8100004196167,16.0,15.119999885559082,15.420000076293945,15.420000076293945,321599
2025-08-22,JSBL,15.75,15.75,13.90999984741211,14.119999885559082,14.119999885559082,2540607
2025-08-25,JSBL,14.300000190734863,14.399999618530273,13.800000190734863,14.050000190734863,14.050000190734863,516571
2025-08-26,JSBL,14.399999618530273,14.399999618530273,13.859999656677246,14.010000228881836,14.010000228881836,472667
2025-08-27,JSBL,14.0,14.140000343322754,13.600000381469727,13.720000267028809,13.720000267028809,2535261
2025-08-28,JSBL,13.989999771118164,13.989999771118164,13.25,13.739999771118164,13.739999771118164,858058
2025-08-29,JSBL,13.600000381469727,13.979999542236328,13.319999694824219,13.789999961853027,13.789999961853027,428396
2025-09-01,JSBL,13.979999542236328,14.279999732971191,13.800000190734863,14.220000267028809,14.220000267028809,2660722
2025-09-02,JSBL,14.300000190734863,14.390000343322754,13.899999618530273,14.210000038146973,14.210000038146973,555308
2025-09-03,JSBL,14.09000015258789,14.3100004196167,14.079999923706055,14.210000038146973,14.210000038146973,758406
2025-09-04,JSBL,14.289999961853027,14.5,14.100000381469727,14.420000076293945,14.420000076293945,599449
2025-09-05,JSBL,14.199999809265137,15.130000114440918,14.199999809265137,14.960000038146973,14.960000038146973,1056867
2025-09-08,JSBL,14.960000038146973,15.25,14.699999809265137,15.029999732971191,15.029999732971191,416128
2025-09-09,JSBL,15.0,15.199999809265137,14.699999809265137,15.0,15.0,688475
2025-09-10,JSBL,15.199999809265137,15.199999809265137,14.75,15.119999885559082,15.119999885559082,203106
2025-09-11,JSBL,15.119999885559082,15.199999809265137,14.819999694824219,15.050000190734863,15.050000190734863,208694
2025-09-12,JSBL,15.0600004196167,15.149999618530273,14.3100004196167,14.890000343322754,14.890000343322754,281979
2025-09-15,JSBL,14.609999656677246,15.100000381469727,14.260000228881836,14.90999984741211,14.90999984741211,224803
2025-09-16,JSBL,14.800000190734863,16.0,14.800000190734863,15.609999656677246,15.609999656677246,1700833
2025-09-17,JSBL,15.479999542236328,16.229999542236328,15.479999542236328,15.949999809265137,15.949999809265137,813062
2025-09-18,JSBL,16.010000228881836,17.549999237060547,16.010000228881836,17.549999237060547,17.549999237060547,1119372
2025-09-19,JSBL,18.5,19.309999465942383,15.819999694824219,18.399999618530273,18.399999618530273,1859583
2025-09-22,JSBL,18.84000015258789,19.5,18.299999237060547,19.049999237060547,19.049999237060547,1876782
2025-09-23,JSBL,19.049999237060547,19.049999237060547,19.049999237060547,19.049999237060547,19.049999237060547,0
2025-09-24,JSBL,19.75,21.399999618530273,19.209999084472656,20.15999984741211,20.15999984741211,1702011
2025-09-25,JSBL,20.15999984741211,22.18000030517578,19.729999542236328,22.139999389648438,22.139999389648438,3165670
2025-09-26,JSBL,22.1299991607666,22.1299991607666,21.40999984741211,21.610000610351562,21.610000610351562,276829
2025-09-29,JSBL,21.610000610351562,22.790000915527344,21.0,21.489999771118164,21.489999771118164,194116
2025-09-30,JSBL,21.5,22.399999618530273,21.489999771118164,22.040000915527344,22.040000915527344,1070698
2025-10-01,JSBL,22.049999237060547,22.200000762939453,20.020000457763672,22.020000457763672,22.020000457763672,262331
2025-10-02,JSBL,22.0,22.799999237060547,21.5,22.459999084472656,22.459999084472656,363429
2025-10-03,JSBL,22.790000915527344,24.5,22.25,22.510000228881836,22.510000228881836,939795
2025-10-06,JSBL,22.84000015258789,23.889999389648438,21.5,21.709999084472656,21.709999084472656,578728
2025-10-07,JSBL,21.709999084472656,21.709999084472656,21.709999084472656,21.709999084472656,21.709999084472656,0
2025-10-08,JSBL,22.43000030517578,23.450000762939453,21.440000534057617,21.989999771118164,21.989999771118164,602508
2025-10-09,JSBL,22.0,22.31999969482422,21.6299991607666,21.799999237060547,21.799999237060547,255377
2025-10-10,JSBL,21.989999771118164,22.3799991607666,20.860000610351562,21.989999771118164,21.989999771118164,219431
2025-10-13,JSBL,20.959999084472656,22.479999542236328,20.700000762939453,21.100000381469727,21.100000381469727,683377
2025-10-14,JSBL,21.110000610351562,22.200000762939453,21.010000228881836,21.610000610351562,21.610000610351562,283468
2025-10-15,JSBL,21.6299991607666,22.979999542236328,21.59000015258789,21.84000015258789,21.84000015258789,491019
2025-10-16,JSBL,21.799999237060547,23.049999237060547,21.299999237060547,22.610000610351562,22.610000610351562,443191
2025-10-17,JSBL,22.5,23.0,21.5,22.100000381469727,22.100000381469727,600005
2025-10-20,JSBL,22.020000457763672,23.399999618530273,21.5,23.34000015258789,23.34000015258789,683202
2025-10-21,JSBL,23.360000610351562,23.799999237060547,22.899999618530273,23.0,23.0,526734
2025-10-22,JSBL,23.100000381469727,23.190000534057617,22.100000381469727,22.920000076293945,22.920000076293945,125585
2025-10-23,JSBL,23.0,23.0,21.610000610351562,22.31999969482422,22.31999969482422,130832
2025-10-24,JSBL,22.0,22.0,20.100000381469727,20.290000915527344,20.290000915527344,227214
2025-10-27,JSBL,20.290000915527344,20.969999313354492,19.020000457763672,20.510000228881836,20.510000228881836,160321
2025-10-28,JSBL,20.100000381469727,21.5,20.100000381469727,20.290000915527344,20.290000915527344,165029
2025-10-29,JSBL,20.299999237060547,22.31999969482422,20.0,20.700000762939453,20.700000762939453,363400
2025-10-30,JSBL,20.049999237060547,21.700000762939453,19.5,19.989999771118164,19.989999771118164,88012
2025-10-31,JSBL,19.030000686645508,21.989999771118164,19.030000686645508,20.25,20.25,1216018
2025-11-03,JSBL,19.709999084472656,21.149999618530273,19.5,20.559999465942383,20.559999465942383,86675
2025-11-04,JSBL,20.8700008392334,21.0,19.610000610351562,20.100000381469727,20.100000381469727,32154
2025-11-05,JSBL,20.110000610351562,20.799999237060547,19.81999969482422,19.920000076293945,19.920000076293945,42349
2025-11-06,JSBL,19.920000076293945,19.989999771118164,19.0,19.8700008392334,19.8700008392334,18360
2025-11-07,JSBL,19.100000381469727,20.68000030517578,19.100000381469727,19.56999969482422,19.56999969482422,21920
2025-11-10,JSBL,20.0,20.5,17.610000610351562,19.989999771118164,19.989999771118164,470458
2025-11-11,JSBL,19.360000610351562,20.09000015258789,19.0,19.530000686645508,19.530000686645508,63716
2025-11-12,JSBL,18.600000381469727,19.770000457763672,18.600000381469727,19.0,19.0,230234
2025-11-13,JSBL,19.75,20.0,17.75,18.989999771118164,18.989999771118164,65071
2025-11-14,JSBL,18.510000228881836,19.989999771118164,18.5,19.399999618530273,19.399999618530273,781637
2025-11-17,JSBL,19.899999618530273,20.350000381469727,18.90999984741211,19.100000381469727,19.100000381469727,46522
2025-11-18,JSBL,19.010000228881836,19.600000381469727,18.90999984741211,19.40999984741211,19.40999984741211,106234
2025-11-19,JSBL,19.40999984741211,19.809999465942383,19.020000457763672,19.290000915527344,19.290000915527344,1064192
2025-11-20,JSBL,19.389999389648438,20.040000915527344,18.979999542236328,19.649999618530273,19.649999618530273,179051
2025-11-21,JSBL,19.5,19.989999771118164,19.020000457763672,19.450000762939453,19.450000762939453,265719
2025-11-24,JSBL,19.200000762939453,19.899999618530273,18.950000762939453,19.200000762939453,19.200000762939453,42925
2025-11-25,JSBL,19.549999237060547,19.549999237060547,17.280000686645508,17.280000686645508,17.280000686645508,2300462
2025-11-26,JSBL,17.0,17.399999618530273,16.5,16.940000534057617,16.940000534057617,280038
2025-11-27,JSBL,17.399999618530273,17.399999618530273,16.389999389648438,17.040000915527344,17.040000915527344,1017760
2025-11-28,JSBL,17.350000381469727,17.350000381469727,16.899999618530273,16.969999313354492,16.969999313354492,454691
2025-12-01,JSBL,17.0,17.469999313354492,16.389999389648438,17.15999984741211,17.15999984741211,554162
2025-12-02,JSBL,17.0,17.479999542236328,16.700000762939453,16.8700008392334,16.8700008392334,916030
2025-12-03,JSBL,16.989999771118164,16.989999771118164,16.75,16.959999084472656,16.959999084472656,74454
2025-12-04,JSBL,17.0,17.75,16.5,17.020000457763672,17.020000457763672,895135
2025-12-05,JSBL,17.0,17.200000762939453,16.559999465942383,17.040000915527344,17.040000915527344,290169
2025-12-08,JSBL,16.729999542236328,17.0,16.719999313354492,16.969999313354492,16.969999313354492,86484
2025-12-09,JSBL,17.09000015258789,17.149999618530273,16.760000228881836,17.09000015258789,17.09000015258789,248892
2025-12-10,JSBL,17.09000015258789,17.100000381469727,16.940000534057617,16.950000762939453,16.950000762939453,817439
2025-12-11,JSBL,17.0,17.0,16.59000015258789,16.729999542236328,16.729999542236328,83925
2025-12-12,JSBL,16.739999771118164,16.889999389648438,16.200000762939453,16.6299991607666,16.6299991607666,218972
2025-12-15,JSBL,16.700000762939453,16.889999389648438,16.489999771118164,16.540000915527344,16.540000915527344,161332
2025-12-16,JSBL,16.520000457763672,17.399999618530273,16.399999618530273,17.1299991607666,17.1299991607666,219538
2025-12-17,JSBL,17.0,18.75,16.700000762939453,17.0,17.0,821262
2025-12-18,JSBL,17.0,17.299999237060547,16.969999313354492,17.010000228881836,17.010000228881836,796144
2025-12-19,JSBL,17.18000030517578,17.190000534057617,16.389999389648438,16.90999984741211,16.90999984741211,120693
2025-12-22,JSBL,16.90999984741211,17.479999542236328,16.75,16.979999542236328,16.979999542236328,209270
2025-12-23,JSBL,16.760000228881836,17.25,16.700000762939453,16.989999771118164,16.989999771118164,34140
2025-12-24,JSBL,16.600000381469727,17.18000030517578,16.399999618530273,16.90999984741211,16.90999984741211,344151
2025-12-26,JSBL,17.100000381469727,17.100000381469727,16.5,16.56999969482422,16.56999969482422,116986
2025-12-29,JSBL,16.65999984741211,16.989999771118164,16.5,16.639999389648438,16.639999389648438,121249
2025-12-30,JSBL,17.09000015258789,17.700000762939453,16.5,17.139999389648438,17.139999389648438,790481
2025-12-31,JSBL,16.809999465942383,17.0,16.809999465942383,16.8700008392334,16.8700008392334,344978
