Date,Symbol,Open,High,Low,Close,Adj Close,Volume
2015-01-01,MTL,148.72085571289062,151.26112365722656,148.72085571289062,149.18272399902344,93.840576171875,82274
2015-01-02,MTL,150.10415649414062,150.10646057128906,148.48992919921875,148.74395751953125,93.5645980834961,17754
2015-01-05,MTL,149.6468963623047,149.6468963623047,146.87339782714844,147.19439697265625,92.58987426757812,50231
2015-01-06,MTL,147.79713439941406,151.26112365722656,145.9496612548828,148.5153350830078,93.42078399658203,110205
2015-01-07,MTL,148.95179748535156,149.8755340576172,147.56619262695312,147.8548583984375,93.00531768798828,59108
2015-01-08,MTL,148.95179748535156,148.95179748535156,147.45303344726562,147.81329345703125,92.97917175292969,58241
2015-01-09,MTL,148.4876251220703,148.8825225830078,146.87339782714844,147.16436767578125,92.57097625732422,67119
2015-01-12,MTL,148.72085571289062,148.72085571289062,147.1043243408203,147.66087341308594,92.88330078125,64520
2015-01-13,MTL,147.33526611328125,147.79713439941406,146.77178955078125,146.88955688476562,92.39812469482422,29229
2015-01-14,MTL,147.1043243408203,148.25668334960938,146.93113708496094,147.19439697265625,92.58987426757812,30095
2015-01-15,MTL,146.64247131347656,147.52000427246094,145.4901123046875,146.81105041503906,92.3487319946289,212399
2015-01-16,MTL,145.97506713867188,147.13897705078125,145.9496612548828,146.42308044433594,92.10470581054688,232967
2015-01-19,MTL,146.41152954101562,146.41152954101562,145.0490264892578,145.08135986328125,91.26071166992188,124928
2015-01-20,MTL,144.56407165527344,147.79713439941406,144.56407165527344,145.85267639160156,91.74588775634766,84656
2015-01-21,MTL,145.48779296875,146.27296447753906,145.09521484375,145.29843139648438,91.39724731445312,85522
2015-01-22,MTL,145.48779296875,151.95391845703125,145.48779296875,147.7047576904297,92.91089630126953,612948
2015-01-23,MTL,148.72085571289062,151.0301971435547,147.56619262695312,148.12506103515625,93.17528533935547,237298
2015-01-26,MTL,149.6215057373047,149.64459228515625,147.2659912109375,147.3398895263672,92.68138885498047,132072
2015-01-27,MTL,148.2589874267578,148.2589874267578,146.64247131347656,147.15513610839844,92.565185546875,61922
2015-01-28,MTL,147.13897705078125,148.14352416992188,146.98886108398438,147.13665771484375,92.55354309082031,58891
2015-01-29,MTL,147.79481506347656,149.59840393066406,146.18060302734375,146.8526153564453,92.37486267089844,146795
2015-01-30,MTL,147.68165588378906,147.68165588378906,146.87339782714844,147.15744018554688,92.56660461425781,126660
2015-02-02,MTL,147.33526611328125,149.60995483398438,147.33526611328125,149.2242889404297,93.86673736572266,121463
2015-02-03,MTL,149.38595581054688,156.6834259033203,149.38595581054688,156.50791931152344,98.44837951660156,608834
2015-02-04,MTL,157.7272491455078,160.15203857421875,154.72511291503906,155.43408203125,97.77288055419922,482823
2015-02-05,MTL,155.43408203125,155.43408203125,155.43408203125,155.43408203125,97.77288055419922,0
2015-02-06,MTL,153.57044982910156,156.78042602539062,151.74607849121094,152.11326599121094,95.68399047851562,83357
2015-02-09,MTL,151.95391845703125,154.72511291503906,151.72299194335938,153.2194366455078,96.37981414794922,90285
2015-02-10,MTL,152.53125,153.91685485839844,150.33738708496094,151.78765869140625,95.47917938232422,35075
2015-02-11,MTL,151.26112365722656,151.94931030273438,149.68154907226562,150.01177978515625,94.36209869384766,34858
2015-02-12,MTL,149.7600555419922,151.02557373046875,147.1066436767578,148.0626983642578,93.13604736328125,107606
2015-02-13,MTL,149.29818725585938,153.57044982910156,149.29818725585938,150.9170379638672,94.93153381347656,111287
2015-02-16,MTL,150.34893798828125,151.26112365722656,150.10646057128906,150.5706329345703,94.713623046875,17970
2015-02-17,MTL,152.41578674316406,152.41578674316406,149.41366577148438,150.18728637695312,94.47248840332031,32260
2015-02-18,MTL,150.18728637695312,150.221923828125,148.48992919921875,149.02337646484375,93.74034881591797,57808
2015-02-19,MTL,150.08335876464844,150.10646057128906,148.2589874267578,149.6422882080078,94.12967681884766,43735
2015-02-20,MTL,150.97015380859375,151.0301971435547,149.5291290283203,150.27041625976562,94.52478790283203,29012
2015-02-23,MTL,150.56832885742188,154.4941864013672,149.89862060546875,151.66064453125,95.3992691040039,196810
2015-02-24,MTL,150.14109802246094,152.1848602294922,148.95179748535156,149.2242889404297,93.86673736572266,41137
2015-02-25,MTL,149.6191864013672,150.33738708496094,149.18272399902344,149.31666564941406,93.92485046386719,49581
2015-02-26,MTL,149.6492156982422,150.5221405029297,149.18272399902344,149.39288330078125,93.97281646728516,29662
2015-02-27,MTL,149.43675231933594,150.79925537109375,148.95179748535156,148.9818115234375,93.71421813964844,133155
2015-03-02,MTL,149.41366577148438,149.5291290283203,145.48779296875,145.87576293945312,91.76039123535156,66686
2015-03-03,MTL,146.64247131347656,148.95179748535156,146.64247131347656,148.3513641357422,93.3176498413086,18403
2015-03-04,MTL,149.18272399902344,149.64459228515625,147.79713439941406,147.7994384765625,92.97045135498047,345338
2015-03-05,MTL,147.79713439941406,149.180419921875,147.79713439941406,148.95179748535156,93.69532775878906,30528
2015-03-06,MTL,148.95179748535156,150.56832885742188,147.8086700439453,149.58685302734375,94.09479522705078,145280
2015-03-09,MTL,149.98867797851562,150.10646057128906,148.95179748535156,149.79931640625,94.22843170166016,73614
2015-03-10,MTL,139.71678161621094,143.178466796875,139.7144775390625,141.12777709960938,90.51808166503906,47632
2015-03-11,MTL,139.7260284423828,141.79287719726562,139.7144775390625,140.61973571777344,90.19220733642578,60407
2015-03-12,MTL,140.869140625,140.869140625,140.4072723388672,140.6266632080078,90.19666290283203,7577
2015-03-13,MTL,141.10006713867188,146.64247131347656,141.10006713867188,144.5779266357422,92.7309799194336,20135
2015-03-16,MTL,147.4507293701172,147.4507293701172,142.0238037109375,142.0238037109375,91.09278106689453,42869
2015-03-17,MTL,141.1231689453125,142.0238037109375,140.6613006591797,141.3310089111328,90.64842224121094,37023
2015-03-18,MTL,141.1231689453125,141.1231689453125,136.9432830810547,138.37506103515625,88.75250244140625,227555
2015-03-19,MTL,138.559814453125,138.559814453125,137.86700439453125,137.86700439453125,88.42665100097656,28796
2015-03-20,MTL,137.86700439453125,138.56211853027344,137.4051513671875,138.28268432617188,88.69326782226562,37456
2015-03-23,MTL,138.28268432617188,138.28268432617188,138.28268432617188,138.28268432617188,88.69326782226562,0
2015-03-24,MTL,137.4051513671875,137.86700439453125,131.36856079101562,131.97821044921875,84.64962768554688,154373
2015-03-25,MTL,131.63182067871094,131.63182067871094,130.2462158203125,130.52565002441406,83.71797180175781,44601
2015-03-26,MTL,130.8281707763672,130.8281707763672,124.70382690429688,129.32249450683594,82.94628143310547,96131
2015-03-27,MTL,128.16781616210938,131.16995239257812,127.0131607055664,128.6019744873047,82.4841537475586,22300
2015-03-30,MTL,122.4198989868164,123.54916381835938,122.17280578613281,122.17280578613281,78.36052703857422,100029
2015-03-31,MTL,125.85848999023438,125.85848999023438,121.70401000976562,123.87246704101562,79.45066833496094,272373
2015-04-01,MTL,122.39450073242188,125.83309173583984,121.93263244628906,122.62081146240234,78.64788055419922,48065
2015-04-02,MTL,123.31822967529297,127.0131607055664,123.31822967529297,126.65752410888672,81.23699951171875,38755
2015-04-03,MTL,128.16781616210938,132.98277282714844,127.24408721923828,132.32691955566406,84.873291015625,29662
2015-04-06,MTL,133.94114685058594,135.55767822265625,133.94114685058594,134.6870574951172,86.38705444335938,16238
2015-04-07,MTL,133.94114685058594,134.63394165039062,133.0174102783203,133.24835205078125,85.46429443359375,46550
2015-04-08,MTL,133.2506561279297,137.17420959472656,133.24835205078125,135.73550415039062,87.05950927734375,6928
2015-04-09,MTL,135.09580993652344,135.09580993652344,133.2714385986328,135.093505859375,86.64773559570312,8010
2015-04-10,MTL,135.90176391601562,138.5574951171875,133.26220703125,137.05874633789062,87.9082260131836,18187
2015-04-13,MTL,137.176513671875,137.4051513671875,134.88796997070312,136.0957489013672,87.29058074951172,16454
2015-04-14,MTL,138.3057861328125,138.32887268066406,137.86700439453125,138.21340942382812,88.64881896972656,9093
2015-04-15,MTL,138.32887268066406,138.559814453125,137.17420959472656,137.8831787109375,88.43701934814453,23383
2015-04-16,MTL,140.63819885253906,140.63819885253906,136.48141479492188,138.08639526367188,88.56736755371094,29229
2015-04-17,MTL,136.28512573242188,140.4072723388672,136.28512573242188,138.28961181640625,88.69772338867188,44168
2015-04-20,MTL,140.869140625,140.869140625,137.4051513671875,138.21340942382812,88.64881896972656,18403
2015-04-21,MTL,136.9432830810547,138.5574951171875,136.71234130859375,137.61529541015625,88.26521301269531,6062
2015-04-22,MTL,138.18569946289062,143.178466796875,138.18569946289062,140.3172149658203,89.9981918334961,167148
2015-04-23,MTL,142.7165985107422,142.7165985107422,139.7144775390625,140.44883728027344,90.0826187133789,68634
2015-04-24,MTL,139.94540405273438,141.3310089111328,139.94540405273438,141.18321228027344,90.55364227294922,46766
2015-04-27,MTL,142.0238037109375,144.56407165527344,141.79287719726562,142.1739044189453,91.18904113769531,29878
2015-04-28,MTL,140.63819885253906,141.5619354248047,140.4072723388672,140.85528564453125,90.3432846069336,19269
2015-04-29,MTL,142.0238037109375,142.25473022460938,140.52505493164062,140.7675323486328,90.28704071044922,64737
2015-04-30,MTL,140.8806915283203,140.8806915283203,140.4072723388672,140.869140625,90.35218811035156,58675
2015-05-01,MTL,140.869140625,140.869140625,140.869140625,140.869140625,90.35218811035156,0
2015-05-04,MTL,141.573486328125,142.25473022460938,140.4072723388672,140.75367736816406,90.27814483642578,121030
2015-05-05,MTL,139.94540405273438,140.869140625,139.94540405273438,140.37725830078125,90.03672790527344,55210
2015-05-06,MTL,140.4072723388672,143.17616271972656,140.4072723388672,141.56655883789062,90.79950714111328,73397
2015-05-07,MTL,140.869140625,141.35641479492188,140.63819885253906,140.83218383789062,90.3284912109375,14289
2015-05-08,MTL,142.25242614746094,142.25242614746094,140.63819885253906,140.91993713378906,90.38475799560547,73181
2015-05-11,MTL,139.94540405273438,140.869140625,137.17420959472656,138.46511840820312,88.81026458740234,114535
2015-05-12,MTL,137.86932373046875,140.63819885253906,135.09580993652344,140.00775146484375,89.7997055053711,46766
2015-05-13,MTL,143.178466796875,145.25686645507812,141.13470458984375,141.47418212890625,90.7402572631836,133805
2015-05-14,MTL,142.0238037109375,142.0238037109375,139.2526092529297,141.22940063476562,90.58326721191406,26198
2015-05-15,MTL,139.94540405273438,141.3079071044922,139.94540405273438,140.5412139892578,90.1418685913086,11475
2015-05-18,MTL,140.84603881835938,140.869140625,139.94540405273438,140.1740264892578,89.9063491821289,33559
2015-05-19,MTL,141.10006713867188,141.10006713867188,139.9569549560547,140.10012817382812,89.85894012451172,29012
2015-05-20,MTL,140.08396911621094,140.4072723388672,140.08396911621094,140.13015747070312,89.87821197509766,9310
2015-05-21,MTL,140.1763458251953,140.63589477539062,139.9569549560547,140.0608673095703,89.8337631225586,7794
2015-05-22,MTL,140.1763458251953,140.1763458251953,139.09095764160156,139.515869140625,89.48422241210938,19919
2015-05-25,MTL,139.94540405273438,140.52273559570312,139.2526092529297,140.51580810546875,90.12555694580078,90718
2015-05-26,MTL,140.869140625,141.28482055664062,140.4072723388672,141.21554565429688,90.57435607910156,18620
2015-05-27,MTL,141.3310089111328,143.17616271972656,140.869140625,141.59426879882812,90.81726837158203,34209
2015-05-28,MTL,141.21554565429688,141.90602111816406,140.75367736816406,141.64276123046875,90.84837341308594,14073
2015-05-29,MTL,141.5619354248047,141.5619354248047,139.7144775390625,140.31028747558594,89.99375915527344,88337
2015-06-01,MTL,141.10006713867188,142.43948364257812,140.869140625,141.79287719726562,90.94466400146484,27064
2015-06-02,MTL,142.7165985107422,143.178466796875,141.33331298828125,141.52037048339844,90.76986694335938,153940
2015-06-03,MTL,141.79055786132812,145.02593994140625,141.5619354248047,143.66111755371094,92.14293670654297,788756
2015-06-04,MTL,144.56175231933594,147.1043243408203,143.8712615966797,145.7602996826172,93.48932647705078,122979
2015-06-05,MTL,145.7602996826172,145.7602996826172,145.7602996826172,145.7602996826172,93.48932647705078,0
2015-06-08,MTL,145.7602996826172,145.7602996826172,145.7602996826172,145.7602996826172,93.48932647705078,0
2015-06-09,MTL,150.10646057128906,151.26112365722656,148.72547912597656,149.73927307128906,96.0414047241211,85306
2015-06-10,MTL,149.18272399902344,150.10646057128906,149.18272399902344,149.7531280517578,96.05030059814453,22084
2015-06-11,MTL,148.95179748535156,150.10646057128906,148.95179748535156,149.0279998779297,95.5852279663086,14506
2015-06-12,MTL,148.95179748535156,156.4779052734375,147.79713439941406,156.3739776611328,100.29688262939453,323037
2015-06-15,MTL,164.19107055664062,164.19107055664062,161.42218017578125,162.25584411621094,104.0694351196289,813655
2015-06-16,MTL,162.57684326171875,162.9740447998047,157.03445434570312,162.33897399902344,104.12274169921875,325419
2015-06-17,MTL,162.57684326171875,163.2003631591797,160.279052734375,161.65542602539062,103.6843032836914,270424
2015-06-18,MTL,162.80776977539062,162.80776977539062,159.34378051757812,160.61390686035156,103.01631164550781,43519
2015-06-19,MTL,156.5725860595703,161.65310668945312,156.5725860595703,160.75477600097656,103.10664367675781,31177
2015-06-22,MTL,157.5194091796875,161.07577514648438,157.03445434570312,157.20765686035156,100.83155059814453,38322
2015-06-23,MTL,160.72706604003906,160.72706604003906,157.61178588867188,157.7064666748047,101.15150451660156,8227
2015-06-24,MTL,158.8819122314453,158.8819122314453,157.49632263183594,157.7849884033203,101.20184326171875,124061
2015-06-25,MTL,158.18911743164062,160.72706604003906,158.18911743164062,159.52853393554688,102.3201675415039,149826
2015-06-26,MTL,158.31150817871094,159.80564880371094,157.7849884033203,158.93272399902344,101.93800354003906,151342
2015-06-29,MTL,155.4179229736328,159.3414764404297,154.72511291503906,156.27467346191406,100.233154296875,73397
2015-06-30,MTL,155.99525451660156,159.92111206054688,155.93751525878906,158.37847900390625,101.58253479003906,63438
2015-07-01,MTL,159.126708984375,160.70628356933594,159.11285400390625,160.02734375,102.64007568359375,20568
2015-07-02,MTL,160.49844360351562,161.18893432617188,160.0365753173828,160.79173278808594,103.13037109375,30095
2015-07-03,MTL,161.1912384033203,161.88404846191406,160.75247192382812,160.78018188476562,103.12296295166016,2598
2015-07-06,MTL,162.09188842773438,162.09188842773438,158.18911743164062,159.08975219726562,102.03872680664062,17754
2015-07-07,MTL,159.34378051757812,159.34378051757812,158.0736541748047,158.9673614501953,101.9602279663086,87687
2015-07-08,MTL,158.18911743164062,159.11285400390625,158.08518981933594,159.11285400390625,102.05354309082031,6278
2015-07-09,MTL,159.34378051757812,159.34378051757812,157.9812774658203,158.28610229492188,101.52326202392578,17321
2015-07-10,MTL,159.34378051757812,159.34378051757812,157.03445434570312,157.265380859375,100.86858367919922,108906
2015-07-13,MTL,157.03445434570312,157.265380859375,156.5725860595703,156.57489013671875,100.42571258544922,11475
2015-07-14,MTL,157.03445434570312,157.9235382080078,155.18698120117188,156.63031005859375,100.46126556396484,20568
2015-07-15,MTL,157.03445434570312,157.03445434570312,156.34164428710938,157.03445434570312,100.72046661376953,4979
2015-07-16,MTL,157.9581756591797,160.49844360351562,157.49632263183594,157.84271240234375,101.23888397216797,24249
2015-07-17,MTL,157.84271240234375,157.84271240234375,157.84271240234375,157.84271240234375,101.23888397216797,0
2015-07-20,MTL,157.84271240234375,157.84271240234375,157.84271240234375,157.84271240234375,101.23888397216797,0
2015-07-21,MTL,157.84271240234375,157.84271240234375,157.84271240234375,157.84271240234375,101.23888397216797,0
2015-07-22,MTL,157.03445434570312,157.03445434570312,154.03231811523438,154.53114318847656,99.11487579345703,42869
2015-07-23,MTL,154.37872314453125,154.72511291503906,152.41578674316406,153.37646484375,98.37427520751953,55427
2015-07-24,MTL,153.3395233154297,154.03231811523438,152.41578674316406,154.00460815429688,98.77716064453125,46983
2015-07-27,MTL,155.4156036376953,155.4179229736328,153.57044982910156,154.72280883789062,99.23780059814453,34425
2015-07-28,MTL,153.57044982910156,155.856689453125,152.41578674316406,155.1246337890625,99.49554443359375,31610
2015-07-29,MTL,154.73666381835938,155.3024444580078,154.72511291503906,154.7436065673828,99.25113677978516,83790
2015-07-30,MTL,154.72511291503906,155.4179229736328,154.03231811523438,154.4941864013672,99.09117126464844,21867
2015-07-31,MTL,154.72511291503906,154.72511291503906,153.57044982910156,154.48495483398438,99.08525085449219,32043
2015-08-03,MTL,154.4941864013672,156.8035125732422,154.2632598876953,155.91673278808594,100.00358581542969,148960
2015-08-04,MTL,156.8035125732422,162.80776977539062,156.8035125732422,158.3484649658203,101.56326293945312,93966
2015-08-05,MTL,160.45225524902344,160.70628356933594,158.5355224609375,159.1151580810547,102.05501556396484,77295
2015-08-06,MTL,160.3829803466797,160.70628356933594,159.11285400390625,159.34378051757812,102.20166778564453,112153
2015-08-07,MTL,159.79409790039062,159.80564880371094,158.8819122314453,159.46156311035156,102.27719116210938,82274
2015-08-10,MTL,159.80564880371094,159.80564880371094,158.8819122314453,158.88653564453125,101.90840911865234,17754
2015-08-11,MTL,158.18911743164062,159.34378051757812,158.18911743164062,159.30914306640625,102.17943572998047,40487
2015-08-12,MTL,157.9581756591797,159.80564880371094,157.61178588867188,157.90737915039062,101.28038787841797,29012
2015-08-13,MTL,158.4200439453125,158.8819122314453,157.9581756591797,158.1567840576172,101.4403305053711,14073
2015-08-14,MTL,158.1567840576172,158.1567840576172,158.1567840576172,158.1567840576172,101.4403305053711,0
2015-08-17,MTL,158.8819122314453,159.11285400390625,155.87979125976562,157.04368591308594,100.72638702392578,21867
2015-08-18,MTL,157.03445434570312,157.03445434570312,154.72511291503906,155.4179229736328,99.68363189697266,33992
2015-08-19,MTL,155.4179229736328,155.99525451660156,154.72511291503906,154.72511291503906,99.23928833007812,14073
2015-08-20,MTL,154.95835876464844,155.6488494873047,153.57044982910156,154.33023071289062,98.98601531982422,15805
2015-08-21,MTL,153.3395233154297,153.51272583007812,151.26112365722656,153.51272583007812,98.4616470336914,15155
2015-08-24,MTL,146.896484375,149.8177947998047,145.8388214111328,146.52699279785156,93.98109436035156,82058
2015-08-25,MTL,145.48779296875,151.26112365722656,143.63803100585938,151.26112365722656,97.01752471923828,75996
2015-08-26,MTL,150.10646057128906,150.10646057128906,148.02806091308594,149.0672607421875,95.61039733886719,1515
2015-08-27,MTL,149.0672607421875,152.41578674316406,149.0672607421875,152.08555603027344,97.54630279541016,7577
2015-08-28,MTL,154.72280883789062,155.18698120117188,151.263427734375,152.78297424316406,97.99362182617188,144197
2015-08-31,MTL,153.57044982910156,154.72280883789062,151.26112365722656,152.2056427001953,97.62332153320312,23166
2015-09-01,MTL,150.33738708496094,152.41578674316406,147.79713439941406,148.97950744628906,95.55409240722656,38106
2015-09-02,MTL,150.56832885742188,151.4920654296875,150.1087646484375,151.0301971435547,96.86940002441406,8444
2015-09-03,MTL,152.3927001953125,152.41578674316406,150.79925537109375,151.45510864257812,97.14192962646484,33126
2015-09-04,MTL,147.10202026367188,152.41348266601562,147.10202026367188,147.83177185058594,94.81796264648438,139867
2015-09-07,MTL,147.2198028564453,147.2198028564453,142.0238037109375,144.95896911621094,92.9753646850586,16454
2015-09-08,MTL,144.3331298828125,146.52699279785156,144.3331298828125,145.47625732421875,93.3071517944336,66469
2015-09-09,MTL,147.33526611328125,151.26112365722656,145.48779296875,150.09490966796875,96.26951599121094,56509
2015-09-10,MTL,149.18272399902344,150.1087646484375,148.95179748535156,150.03948974609375,96.23396301269531,203738
2015-09-11,MTL,152.646728515625,152.646728515625,147.56851196289062,148.03268432617188,94.94682312011719,23166
2015-09-14,MTL,149.52450561523438,149.52450561523438,144.3331298828125,144.5987091064453,92.74430084228516,18620
2015-09-15,MTL,143.178466796875,145.71873474121094,143.178466796875,144.72340393066406,92.82427978515625,18620
2015-09-16,MTL,145.9496612548828,151.26112365722656,145.71873474121094,148.97720336914062,95.5526123046875,268692
2015-09-17,MTL,151.72299194335938,151.72299194335938,147.79713439941406,148.5130157470703,95.25487518310547,103493
2015-09-18,MTL,146.87570190429688,149.8755340576172,145.83419799804688,149.8755340576172,96.1288070678711,4546
2015-09-21,MTL,145.25917053222656,147.79713439941406,145.25917053222656,145.65406799316406,93.42120361328125,12341
2015-09-22,MTL,146.64247131347656,147.1043243408203,145.71873474121094,146.2960662841797,93.83297729492188,6278
2015-09-23,MTL,146.87339782714844,147.1043243408203,145.71873474121094,146.57318115234375,94.01071166992188,8444
2015-09-24,MTL,146.57318115234375,146.57318115234375,146.57318115234375,146.57318115234375,94.01071166992188,0
2015-09-25,MTL,146.57318115234375,146.57318115234375,146.57318115234375,146.57318115234375,94.01071166992188,0
2015-09-28,MTL,145.9496612548828,148.2589874267578,145.9496612548828,147.6193084716797,94.68170166015625,11691
2015-09-29,MTL,146.64247131347656,146.64247131347656,144.33082580566406,144.672607421875,92.79169464111328,16021
2015-09-30,MTL,145.48779296875,146.18060302734375,143.8712615966797,144.2592315673828,92.52656555175781,165848
2015-10-01,MTL,143.6403350830078,144.3331298828125,142.0238037109375,143.31240844726562,91.91927337646484,154806
2015-10-02,MTL,143.178466796875,143.40940856933594,142.0699920654297,142.8320770263672,91.61119079589844,18836
2015-10-05,MTL,143.17616271972656,146.18060302734375,143.17616271972656,143.81353759765625,92.24070739746094,30528
2015-10-06,MTL,144.7949981689453,146.64247131347656,144.7949981689453,145.31460571289062,93.20347595214844,9526
2015-10-07,MTL,147.5638885498047,147.5638885498047,144.3331298828125,144.40472412109375,92.619873046875,81841
2015-10-08,MTL,145.48779296875,145.71873474121094,143.8712615966797,145.48779296875,93.31454467773438,55210
2015-10-09,MTL,145.48779296875,146.5131378173828,144.3331298828125,144.587158203125,92.73690032958984,122762
2015-10-12,MTL,145.4993438720703,148.95179748535156,145.02593994140625,147.1689910888672,94.39286041259766,182736
2015-10-13,MTL,147.79713439941406,148.2589874267578,146.41152954101562,146.5870361328125,94.01959991455078,191614
2015-10-14,MTL,145.56861877441406,146.3168487548828,144.10220336914062,144.63104248046875,92.76502227783203,143115
2015-10-15,MTL,145.46240234375,145.9496612548828,144.33544921875,145.40696716308594,93.26271057128906,106740
2015-10-16,MTL,145.48779296875,146.41152954101562,145.46470642089844,145.74644470214844,93.48045349121094,16888
2015-10-19,MTL,147.0673828125,147.06968688964844,145.72103881835938,146.36996459960938,93.88037109375,16888
2015-10-20,MTL,146.18060302734375,147.1043243408203,145.71873474121094,147.0211944580078,94.29806518554688,24249
2015-10-21,MTL,146.64247131347656,147.54310607910156,145.03054809570312,146.15289306640625,93.74114227294922,49364
2015-10-22,MTL,141.3310089111328,141.966064453125,138.7930450439453,140.58277893066406,92.1710433959961,64737
2015-10-23,MTL,140.58277893066406,140.58277893066406,140.58277893066406,140.58277893066406,92.1710433959961,0
2015-10-26,MTL,142.0238037109375,142.4856719970703,137.4051513671875,137.77001953125,90.32689666748047,187500
2015-10-27,MTL,138.32887268066406,138.32887268066406,134.17208862304688,135.5045623779297,88.8415756225586,59974
2015-10-28,MTL,135.09580993652344,135.55767822265625,134.333740234375,134.4168701171875,88.12845611572266,93317
2015-10-29,MTL,133.94114685058594,135.093505859375,133.94114685058594,135.0357666015625,88.53422546386719,69500
2015-10-30,MTL,135.09580993652344,135.09580993652344,134.40301513671875,134.63394165039062,88.2707748413086,17537
2015-11-02,MTL,134.86488342285156,136.48141479492188,134.63394165039062,135.32675170898438,88.72500610351562,43735
2015-11-03,MTL,135.32675170898438,138.559814453125,135.32675170898438,138.32887268066406,90.69329833984375,50014
2015-11-04,MTL,137.4051513671875,137.63607788085938,136.25047302246094,136.8670654296875,89.73489379882812,6278
2015-11-05,MTL,137.17420959472656,140.1763458251953,135.7886199951172,138.69375610351562,90.93253326416016,69067
2015-11-06,MTL,138.559814453125,138.559814453125,136.27125549316406,136.71466064453125,89.63494873046875,2381
2015-11-09,MTL,136.71466064453125,136.71466064453125,136.71466064453125,136.71466064453125,89.63494873046875,0
2015-11-10,MTL,135.55767822265625,138.0979461669922,135.55767822265625,135.656982421875,88.94151306152344,17754
2015-11-11,MTL,135.09580993652344,140.869140625,135.09580993652344,138.10487365722656,90.54643249511719,205903
2015-11-12,MTL,138.56442260742188,145.009765625,138.559814453125,145.009765625,95.07351684570312,433675
2015-11-13,MTL,147.5638885498047,147.68165588378906,142.0238037109375,142.9937286376953,93.75174713134766,139001
2015-11-16,MTL,143.18077087402344,143.18077087402344,140.98460388183594,142.02149963378906,93.11431121826172,519847
2015-11-17,MTL,143.06300354003906,143.12074279785156,141.90834045410156,142.65887451171875,93.53219604492188,125577
2015-11-18,MTL,142.0238037109375,142.8320770263672,141.3356170654297,141.3356170654297,92.66462707519531,24465
2015-11-19,MTL,142.25242614746094,143.17616271972656,140.98460388183594,141.15550231933594,92.54653930664062,30961
2015-11-20,MTL,139.7144775390625,141.79287719726562,138.559814453125,139.56436157226562,91.5033187866211,40920
2015-11-23,MTL,139.04476928710938,139.9384765625,138.559814453125,139.02166748046875,91.14752197265625,84007
2015-11-24,MTL,139.25030517578125,139.712158203125,138.559814453125,139.32188415527344,91.34435272216797,274538
2015-11-25,MTL,138.56211853027344,138.57135009765625,137.4051513671875,138.559814453125,90.84471130371094,452512
2015-11-26,MTL,138.559814453125,138.559814453125,136.25047302246094,136.8116455078125,89.69855499267578,30961
2015-11-27,MTL,136.2481689453125,136.71234130859375,135.34983825683594,136.22508239746094,89.31398010253906,146362
2015-11-30,MTL,135.09580993652344,135.81170654296875,132.78648376464844,134.0797119140625,87.90740203857422,57375
2015-12-01,MTL,133.94114685058594,134.63394165039062,131.63182067871094,131.6826171875,86.33576202392578,79676
2015-12-02,MTL,131.63182067871094,135.09580993652344,131.63182067871094,135.01730346679688,88.52210998535156,18403
2015-12-03,MTL,135.32675170898438,138.32887268066406,135.32675170898438,138.08639526367188,90.53430938720703,30961
2015-12-04,MTL,138.559814453125,138.559814453125,137.4051513671875,137.6407012939453,90.24211120605469,100029
2015-12-07,MTL,137.4051513671875,138.27114868164062,136.01954650878906,136.2019805908203,89.29883575439453,18620
2015-12-08,MTL,137.4051513671875,138.0979461669922,137.05874633789062,137.17420959472656,89.93627166748047,26414
2015-12-09,MTL,138.0979461669922,138.0979461669922,136.25509643554688,136.98715209960938,89.81360626220703,45034
2015-12-10,MTL,137.4051513671875,137.4051513671875,135.5599822998047,136.2574005126953,89.33517456054688,30528
2015-12-11,MTL,135.58078002929688,135.58078002929688,132.78648376464844,132.93890380859375,87.1594467163086,33126
2015-12-14,MTL,131.6549072265625,133.47927856445312,130.47946166992188,133.24603271484375,87.36080169677734,27713
2015-12-15,MTL,130.9413299560547,132.78648376464844,129.32249450683594,131.6387481689453,86.30702209472656,39838
2015-12-16,MTL,131.6572265625,132.54861450195312,131.63182067871094,132.09368896484375,86.60529327392578,9959
2015-12-17,MTL,132.78648376464844,132.78648376464844,131.63182067871094,131.6941680908203,86.34334564208984,17537
2015-12-18,MTL,131.8650665283203,131.8650665283203,130.0383758544922,130.38015747070312,85.48184967041016,37673
2015-12-21,MTL,131.1676483154297,131.16995239257812,129.5534210205078,130.41249084472656,85.5030288696289,4979
2015-12-22,MTL,130.47483825683594,130.47715759277344,129.32249450683594,129.34095764160156,84.80049896240234,65603
2015-12-23,MTL,129.32249450683594,129.32249450683594,128.16551208496094,128.16781616210938,84.03133392333984,17537
2015-12-24,MTL,128.16781616210938,128.16781616210938,128.16781616210938,128.16781616210938,84.03133392333984,0
2015-12-25,MTL,128.16781616210938,128.16781616210938,128.16781616210938,128.16781616210938,84.03133392333984,0
2015-12-28,MTL,129.32249450683594,129.32249450683594,128.6296844482422,128.6573944091797,84.35232543945312,98729
2015-12-29,MTL,127.47502136230469,129.091552734375,127.24408721923828,127.47502136230469,83.5771255493164,6062
2015-12-30,MTL,127.47502136230469,129.32017517089844,127.07089233398438,128.16781616210938,84.03133392333984,17104
2015-12-31,MTL,128.16781616210938,128.16781616210938,127.04779815673828,127.65283966064453,83.6937255859375,65603
2016-01-01,MTL,127.47502136230469,129.32249450683594,126.7822265625,129.32017517089844,84.78687286376953,96348
2016-01-04,MTL,128.58349609375,130.13075256347656,128.16781616210938,128.16781616210938,84.03133392333984,13640
2016-01-05,MTL,127.01546478271484,128.38720703125,127.01546478271484,128.16781616210938,84.03133392333984,20352
2016-01-06,MTL,129.287841796875,129.55111694335938,128.3987579345703,128.71282958984375,84.38868713378906,39405
2016-01-07,MTL,128.16781616210938,128.16781616210938,127.02470397949219,127.16326141357422,83.37273406982422,40487
2016-01-08,MTL,127.24408721923828,127.24408721923828,127.24408721923828,127.24408721923828,83.42570495605469,4113
2016-01-11,MTL,128.3756561279297,128.3756561279297,120.89574432373047,121.08972930908203,79.39069366455078,29012
2016-01-12,MTL,118.93050384521484,118.93050384521484,115.46650695800781,115.64663696289062,75.822021484375,63871
2016-01-13,MTL,117.77352905273438,117.77584075927734,114.31184387207031,114.67440795898438,75.18458557128906,47199
2016-01-14,MTL,110.84784698486328,112.90315246582031,109.92411804199219,111.76696014404297,73.27835845947266,37023
2016-01-15,MTL,112.34891510009766,115.46650695800781,111.77157592773438,113.18719482421875,74.20952606201172,17104
2016-01-18,MTL,110.99795532226562,115.46419525146484,108.53852081298828,113.32344818115234,74.29884338378906,171478
2016-01-19,MTL,113.38810729980469,115.42031860351562,113.38810729980469,114.31184387207031,74.9468765258789,60190
2016-01-20,MTL,113.6190414428711,115.004638671875,113.15718078613281,113.56592559814453,74.45782470703125,34209
2016-01-21,MTL,111.3097152709961,114.31184387207031,111.10187530517578,113.15718078613281,74.1898422241211,32476
2016-01-22,MTL,113.38810729980469,113.6190414428711,110.84784698486328,110.97716522216797,72.76054382324219,464853
2016-01-25,MTL,113.15486907958984,115.46650695800781,111.60992431640625,114.66748046875,75.18004608154297,83574
2016-01-26,MTL,115.23326873779297,117.31397247314453,114.0809097290039,114.36495971679688,74.98171997070312,25548
2016-01-27,MTL,115.46650695800781,115.46650695800781,115.004638671875,115.15705871582031,75.50104522705078,2598
2016-01-28,MTL,115.45957946777344,115.46419525146484,113.38810729980469,113.76222229003906,74.58653259277344,15155
2016-01-29,MTL,116.13621520996094,116.85210418701172,114.0809097290039,114.30491638183594,74.94233703613281,25332
2016-02-01,MTL,114.31415557861328,115.45496368408203,114.31415557861328,114.54277801513672,75.09828186035156,2598
2016-02-02,MTL,115.46650695800781,115.7990493774414,115.004638671875,115.51499938964844,75.7357177734375,52829
2016-02-03,MTL,115.58197021484375,115.58197021484375,113.41351318359375,115.02311706542969,75.41321563720703,28363
2016-02-04,MTL,114.31184387207031,115.46650695800781,113.15718078613281,113.68832397460938,74.53807830810547,115401
2016-02-05,MTL,113.68832397460938,113.68832397460938,113.68832397460938,113.68832397460938,74.53807830810547,0
2016-02-08,MTL,113.15718078613281,115.46650695800781,113.15718078613281,115.3949203491211,75.65699005126953,14289
2016-02-09,MTL,115.46650695800781,115.46650695800781,114.7737045288086,115.45957946777344,75.69937896728516,19269
2016-02-10,MTL,115.16629028320312,115.16629028320312,114.0809097290039,114.8314437866211,75.28754425048828,11258
2016-02-11,MTL,114.31184387207031,114.42730712890625,112.9262466430664,113.03939819335938,74.11262512207031,38972
2016-02-12,MTL,112.23344421386719,114.31184387207031,112.23344421386719,112.87774658203125,74.00662994384766,119731
2016-02-15,MTL,111.3097152709961,114.30953216552734,110.85015869140625,113.54976654052734,74.44722747802734,24682
2016-02-16,MTL,113.8499755859375,113.8499755859375,112.00251007080078,112.24268341064453,73.59028625488281,40920
2016-02-17,MTL,112.00251007080078,112.23344421386719,111.3097152709961,111.34896850585938,73.00431060791016,42220
2016-02-18,MTL,112.92162322998047,113.15486907958984,111.33280944824219,111.84778594970703,73.33135986328125,97863
2016-02-19,MTL,111.3097152709961,111.54295349121094,111.3097152709961,111.5406494140625,73.12998962402344,267610
2016-02-22,MTL,112.4643783569336,112.60293579101562,111.59838104248047,111.67689514160156,73.21932220458984,143764
2016-02-23,MTL,112.00251007080078,112.23344421386719,109.92411804199219,110.84784698486328,72.6757583618164,670540
2016-02-24,MTL,110.85246276855469,112.6953125,110.85246276855469,112.14107513427734,73.52365112304688,105441
2016-02-25,MTL,112.9262466430664,112.9262466430664,110.84784698486328,111.0949478149414,72.83777618408203,72748
2016-02-26,MTL,108.53852081298828,108.53852081298828,106.22918701171875,107.7879867553711,72.16981506347656,10609
2016-02-29,MTL,106.693359375,109.00038146972656,106.693359375,107.26607513427734,71.82035827636719,15372
2016-03-01,MTL,107.26838684082031,107.61478424072266,107.0374526977539,107.15291595458984,71.74458312988281,5629
2016-03-02,MTL,107.38385009765625,109.00038146972656,107.38385009765625,108.64244079589844,72.74189758300781,6495
2016-03-03,MTL,107.38385009765625,109.67008972167969,107.38385009765625,108.2383041381836,72.47132110595703,9093
2016-03-04,MTL,107.50162506103516,109.11585235595703,107.49932098388672,108.82718658447266,72.86561584472656,4979
2016-03-07,MTL,107.84571838378906,109.69087219238281,107.84571838378906,109.11815643310547,73.06043243408203,19486
2016-03-08,MTL,109.03502655029297,109.69318389892578,109.00038146972656,109.46224975585938,73.29082489013672,6062
2016-03-09,MTL,108.76944732666016,109.69318389892578,108.53852081298828,109.1227798461914,73.06351470947266,66469
2016-03-10,MTL,108.76944732666016,109.00038146972656,106.93353271484375,107.49239349365234,71.97189331054688,57808
2016-03-11,MTL,110.84553527832031,110.84784698486328,107.38385009765625,107.69561004638672,72.10795593261719,36157
2016-03-14,MTL,108.76944732666016,108.76944732666016,107.38385009765625,107.92192840576172,72.25948333740234,32909
2016-03-15,MTL,108.97498321533203,108.97498321533203,106.8065185546875,106.9520034790039,71.61006927490234,24465
2016-03-16,MTL,107.0374526977539,107.82262420654297,106.92198944091797,107.32843017578125,71.86211395263672,19053
2016-03-17,MTL,108.06510162353516,108.07665252685547,107.15291595458984,107.80184173583984,72.17909240722656,15372
2016-03-18,MTL,108.07665252685547,110.38597869873047,107.84571838378906,109.49227142333984,73.31092071533203,21218
2016-03-21,MTL,108.65398406982422,109.00038146972656,108.53852081298828,108.70478820800781,72.78365325927734,8227
2016-03-22,MTL,108.65398406982422,109.69087219238281,108.65398406982422,109.11585235595703,73.05889129638672,16021
2016-03-23,MTL,109.11585235595703,109.11585235595703,109.11585235595703,109.11585235595703,73.05889129638672,0
2016-03-24,MTL,109.98184967041016,110.15504455566406,109.69318389892578,110.07653045654297,73.70211791992188,24465
2016-03-25,MTL,110.38597869873047,110.38597869873047,109.00038146972656,109.3929672241211,73.24443054199219,9310
2016-03-28,MTL,109.11585235595703,109.11585235595703,109.11585235595703,109.11585235595703,73.05889129638672,866
2016-03-29,MTL,110.27051544189453,114.28874969482422,109.69318389892578,113.15486907958984,75.76321411132812,52179
2016-03-30,MTL,113.6190414428711,116.62117004394531,113.15718078613281,116.45951843261719,77.9758529663086,77078
2016-03-31,MTL,117.77584075927734,122.28134155273438,117.77584075927734,122.28134155273438,81.87388610839844,78161
2016-04-01,MTL,124.7015151977539,124.7015151977539,121.23983001708984,123.72005462646484,82.83717346191406,48065
2016-04-04,MTL,125.3966293334961,125.3966293334961,121.93263244628906,121.93263244628906,81.64041137695312,22733
2016-04-05,MTL,122.39450073242188,123.54916381835938,121.93263244628906,121.97882080078125,81.67133331298828,23599
2016-04-06,MTL,120.31610107421875,121.9303207397461,120.08516693115234,120.73409271240234,80.8379135131836,196377
2016-04-07,MTL,120.73409271240234,120.73409271240234,120.73409271240234,120.73409271240234,80.8379135131836,0
2016-04-08,MTL,122.37140655517578,122.37140655517578,121.47076416015625,121.47076416015625,81.33114624023438,3031
2016-04-11,MTL,120.66481018066406,120.66481018066406,119.62329864501953,119.62329864501953,80.09417724609375,12990
2016-04-12,MTL,119.16143798828125,120.5331802368164,119.16143798828125,120.20063018798828,80.48072052001953,8444
2016-04-13,MTL,117.78045654296875,120.08516693115234,117.78045654296875,120.08516693115234,80.40342712402344,12557
2016-04-14,MTL,119.39237213134766,121.23983001708984,119.39237213134766,120.08516693115234,80.40342712402344,15155
2016-04-15,MTL,121.29756927490234,122.85636138916016,121.23983001708984,122.62542724609375,82.10426330566406,26198
2016-04-18,MTL,121.93263244628906,122.62542724609375,121.25138092041016,121.44998168945312,81.31722259521484,7361
2016-04-19,MTL,122.56769561767578,122.56769561767578,121.23983001708984,121.47076416015625,81.33114624023438,6928
2016-04-20,MTL,121.47076416015625,121.8171615600586,120.8934326171875,121.00890350341797,81.02191925048828,12341
2016-04-21,MTL,120.54703521728516,120.54703521728516,120.10826110839844,120.54703521728516,80.71265411376953,6278
2016-04-22,MTL,119.62329864501953,121.00890350341797,119.62329864501953,121.00890350341797,81.02191925048828,7144
2016-04-25,MTL,120.57012939453125,121.47076416015625,120.20063018798828,120.29531860351562,80.54412078857422,21651
2016-04-26,MTL,120.08516693115234,120.77796936035156,120.06207275390625,120.08516693115234,80.40342712402344,34209
2016-04-27,MTL,120.08516693115234,121.1243667602539,120.08516693115234,120.54703521728516,80.71265411376953,31827
2016-04-28,MTL,120.08747863769531,121.2375259399414,120.08516693115234,120.20063018798828,80.48072052001953,85955
2016-04-29,MTL,120.54703521728516,121.00890350341797,120.08516693115234,120.1890869140625,80.4729995727539,162601
2016-05-02,MTL,120.08516693115234,121.47076416015625,120.08516693115234,121.00428009033203,81.0188217163086,33126
2016-05-03,MTL,121.23983001708984,121.23983001708984,120.08516693115234,120.09671020507812,80.41114807128906,131423
2016-05-04,MTL,120.08516693115234,120.8703384399414,120.08516693115234,120.08747863769531,80.40496826171875,54777
2016-05-05,MTL,120.77796936035156,121.93263244628906,120.10826110839844,121.26292419433594,81.1919937133789,585018
2016-05-06,MTL,121.93263244628906,124.24195861816406,121.23983001708984,122.57231903076172,82.06871032714844,81841
2016-05-09,MTL,122.39450073242188,123.78009796142578,122.39450073242188,122.85867309570312,82.26042175292969,216079
2016-05-10,MTL,123.30437469482422,124.12649536132812,122.16356658935547,123.4914321899414,82.68408203125,14722
2016-05-11,MTL,123.54916381835938,123.66462707519531,123.31822967529297,123.47295379638672,82.67173767089844,17104
2016-05-12,MTL,123.30668640136719,123.31822967529297,122.39450073242188,122.62542724609375,82.10426330566406,95915
2016-05-13,MTL,122.62542724609375,122.62542724609375,122.16356658935547,122.39450073242188,81.94964599609375,11258
2016-05-16,MTL,122.39450073242188,123.66462707519531,122.39450073242188,123.54916381835938,82.7227554321289,50447
2016-05-17,MTL,123.54916381835938,125.05022430419922,123.54916381835938,123.93251037597656,82.97943115234375,63438
2016-05-18,MTL,124.47289276123047,124.70382690429688,121.2375259399414,121.23983001708984,81.17652893066406,2232032
2016-05-19,MTL,121.23983001708984,122.39450073242188,120.08516693115234,121.66706085205078,81.46258544921875,1773024
2016-05-20,MTL,122.16356658935547,127.74983215332031,122.16356658935547,127.33646392822266,85.258544921875,556005
2016-05-23,MTL,128.97608947753906,128.97608947753906,125.85848999023438,126.10790252685547,84.43598175048828,21001
2016-05-24,MTL,126.5512924194336,127.24178314208984,126.32035827636719,126.70140075683594,84.83335876464844,17321
2016-05-25,MTL,127.0131607055664,128.51422119140625,127.0131607055664,128.16781616210938,85.815185546875,41137
2016-05-26,MTL,129.091552734375,130.01528930664062,128.05235290527344,129.4956817626953,86.70426940917969,40271
2016-05-27,MTL,128.3987579345703,129.2993927001953,128.16781616210938,128.5119171142578,86.04557800292969,32909
2016-05-30,MTL,129.9921875,134.93646240234375,129.32249450683594,134.93646240234375,90.34715270996094,97430
2016-05-31,MTL,136.25047302246094,137.63607788085938,133.0174102783203,133.65478515625,89.48899841308594,155456
2016-06-01,MTL,133.47927856445312,135.09580993652344,133.47927856445312,134.5184783935547,90.06731414794922,11258
2016-06-02,MTL,136.22738647460938,136.8278045654297,135.61541748046875,136.32899475097656,91.27953338623047,44168
2016-06-03,MTL,138.5574951171875,143.14382934570312,138.42124938964844,141.50881958007812,94.74771118164062,899178
2016-06-06,MTL,141.3310089111328,141.3310089111328,135.7886199951172,135.97105407714844,91.03987884521484,90285
2016-06-07,MTL,136.25047302246094,137.86700439453125,135.58078002929688,136.20660400390625,91.19757080078125,25981
2016-06-08,MTL,137.7977294921875,138.559814453125,137.17420959472656,137.81158447265625,92.27220916748047,28796
2016-06-09,MTL,137.86700439453125,139.48353576660156,136.71234130859375,137.11647033691406,91.80677032470703,57592
2016-06-10,MTL,135.10043334960938,138.559814453125,135.10043334960938,138.5413360595703,92.76081085205078,48065
2016-06-13,MTL,139.2526092529297,139.2526092529297,136.71234130859375,137.33123779296875,91.9505844116211,89636
2016-06-14,MTL,136.8278045654297,137.38204956054688,134.17208862304688,135.15354919433594,90.49250030517578,123845
2016-06-15,MTL,137.34510803222656,137.34510803222656,134.86488342285156,135.8809814453125,90.97956085205078,3897
2016-06-16,MTL,134.91107177734375,134.91107177734375,133.1328887939453,133.21832275390625,89.19677734375,33559
2016-06-17,MTL,131.9204864501953,133.45619201660156,130.47715759277344,132.72874450683594,88.86895751953125,38106
2016-06-20,MTL,138.559814453125,139.3634490966797,135.09580993652344,138.71914672851562,92.87986755371094,240978
2016-06-21,MTL,138.32887268066406,138.559814453125,135.09580993652344,135.7863006591797,90.91617584228516,26414
2016-06-22,MTL,135.6731414794922,136.48141479492188,135.10043334960938,135.10043334960938,90.45695495605469,4763
2016-06-23,MTL,136.24586486816406,136.24586486816406,136.24586486816406,136.24586486816406,91.22386169433594,216
2016-06-24,MTL,133.0174102783203,135.7863006591797,130.24853515625,135.7863006591797,90.91617584228516,13640
2016-06-27,MTL,133.0174102783203,133.0174102783203,129.7843475341797,130.4886932373047,87.36913299560547,86388
2016-06-28,MTL,131.63182067871094,131.63182067871094,131.6295166015625,131.63182067871094,88.134521484375,6062
2016-06-29,MTL,133.24835205078125,133.24835205078125,131.8627471923828,133.0174102783203,89.06224060058594,184902
2016-06-30,MTL,132.78648376464844,132.78648376464844,131.63182067871094,131.68954467773438,88.17316436767578,3031
2016-07-01,MTL,131.68954467773438,131.68954467773438,131.68954467773438,131.68954467773438,88.17316436767578,0
2016-07-04,MTL,130.500244140625,133.94114685058594,129.5534210205078,131.01522827148438,87.72168731689453,21001
2016-07-05,MTL,131.01522827148438,131.01522827148438,131.01522827148438,131.01522827148438,87.72168731689453,0
2016-07-06,MTL,131.01522827148438,131.01522827148438,131.01522827148438,131.01522827148438,87.72168731689453,0
2016-07-07,MTL,131.01522827148438,131.01522827148438,131.01522827148438,131.01522827148438,87.72168731689453,0
2016-07-08,MTL,131.01522827148438,131.01522827148438,131.01522827148438,131.01522827148438,87.72168731689453,0
2016-07-11,MTL,130.47715759277344,131.63182067871094,128.3987579345703,130.4540557861328,87.345947265625,24249
2016-07-12,MTL,129.32249450683594,131.59486389160156,128.5165252685547,130.62033081054688,87.457275390625,23816
2016-07-13,MTL,131.6295166015625,131.86044311523438,130.47715759277344,130.59262084960938,87.438720703125,40054
2016-07-14,MTL,131.16995239257812,137.11647033691406,129.32249450683594,136.0334014892578,91.08161926269531,2489249
2016-07-15,MTL,136.71234130859375,139.59901428222656,136.71234130859375,137.40052795410156,91.9969711303711,339925
2016-07-18,MTL,134.40301513671875,138.0956268310547,132.8095703125,135.289794921875,90.58373260498047,148094
2016-07-19,MTL,134.40301513671875,135.09580993652344,133.83953857421875,133.93191528320312,89.67456817626953,56942
2016-07-20,MTL,133.94114685058594,136.48141479492188,133.94114685058594,136.135009765625,91.149658203125,134887
2016-07-21,MTL,136.71234130859375,138.32887268066406,134.40301513671875,134.89259338378906,90.3177719116211,594111
2016-07-22,MTL,134.40301513671875,135.7886199951172,133.94114685058594,135.04501342773438,90.41984558105469,23599
2016-07-25,MTL,134.18362426757812,135.09580993652344,132.78648376464844,133.37997436523438,89.30500030517578,41787
2016-07-26,MTL,132.78878784179688,134.17208862304688,131.16995239257812,133.54164123535156,89.41325378417969,212615
2016-07-27,MTL,132.78648376464844,133.94114685058594,131.63182067871094,133.10748291015625,89.12255096435547,925593
2016-07-28,MTL,133.82568359375,134.17208862304688,131.28541564941406,132.2022247314453,88.51644897460938,238164
2016-07-29,MTL,132.77493286132812,132.78648376464844,131.8627471923828,132.1260223388672,88.46541595458984,12774
2016-08-01,MTL,132.1260223388672,132.1260223388672,132.1260223388672,132.1260223388672,88.46541595458984,0
2016-08-02,MTL,132.78878784179688,134.86488342285156,132.78878784179688,134.6431884765625,90.15079498291016,58675
2016-08-03,MTL,133.91806030273438,134.40301513671875,133.59474182128906,133.87879943847656,89.63898468017578,43519
2016-08-04,MTL,133.47927856445312,134.17208862304688,133.47927856445312,133.48390197753906,89.37458038330078,12774
2016-08-05,MTL,133.0174102783203,134.86488342285156,133.0174102783203,133.94114685058594,89.68072509765625,22084
2016-08-08,MTL,133.94114685058594,133.94114685058594,133.47927856445312,133.8164520263672,89.59723663330078,9959
2016-08-09,MTL,133.24835205078125,135.09580993652344,131.63182067871094,131.80039978027344,88.24739837646484,1365330
2016-08-10,MTL,132.78648376464844,132.78648376464844,132.07058715820312,132.61097717285156,88.79011535644531,31394
2016-08-11,MTL,132.78648376464844,132.78648376464844,131.63182067871094,131.9759063720703,88.36489868164062,59324
2016-08-12,MTL,132.3130645751953,133.80258178710938,130.500244140625,131.1768798828125,87.82991027832031,156755
2016-08-15,MTL,131.16995239257812,131.6295166015625,130.71963500976562,131.21844482421875,87.8577651977539,20135
2016-08-16,MTL,130.86973571777344,131.6295166015625,130.47715759277344,130.7080841064453,87.51603698730469,16238
2016-08-17,MTL,131.32005310058594,131.54867553710938,129.7843475341797,129.97140502929688,87.02277374267578,25981
2016-08-18,MTL,130.2462158203125,130.46560668945312,128.91835021972656,129.38253784179688,86.62850189208984,53695
2016-08-19,MTL,129.3340301513672,129.9921875,128.16781616210938,129.08924865722656,86.43213653564453,14289
2016-08-22,MTL,127.02470397949219,127.02470397949219,127.02470397949219,127.02470397949219,85.0498275756836,37240
2016-08-23,MTL,128.16781616210938,128.16781616210938,127.0131607055664,127.14710235595703,85.13177490234375,15372
2016-08-24,MTL,128.16781616210938,129.091552734375,127.4634780883789,128.4333953857422,85.99300384521484,6928
2016-08-25,MTL,129.091552734375,129.32249450683594,127.61358642578125,127.7059555053711,85.50595092773438,26631
2016-08-26,MTL,128.16781616210938,129.5534210205078,127.7175064086914,127.93457794189453,85.65901184082031,28579
2016-08-29,MTL,128.28329467773438,128.7451629638672,127.59510803222656,127.9137954711914,85.64510345458984,53911
2016-08-30,MTL,127.12862396240234,128.6296844482422,127.01546478271484,127.73136138916016,85.52294921875,170395
2016-08-31,MTL,128.3987579345703,129.32249450683594,128.16781616210938,128.69435119628906,86.16773223876953,71016
2016-09-01,MTL,129.091552734375,129.091552734375,128.3987579345703,129.06153869628906,86.41358184814453,79893
2016-09-02,MTL,128.3987579345703,129.23011779785156,128.3987579345703,128.57656860351562,86.08887481689453,32909
2016-09-05,MTL,128.16781616210938,128.6296844482422,124.70382690429688,125.12181854248047,83.7757339477539,108689
2016-09-06,MTL,124.70382690429688,126.54898071289062,124.24195861816406,124.39437866210938,83.28865051269531,117566
2016-09-07,MTL,128.62738037109375,128.62738037109375,124.70382690429688,126.95311737060547,85.00187683105469,134238
2016-09-08,MTL,127.0131607055664,128.3987579345703,126.20719909667969,128.0893096923828,85.76262664794922,189665
2016-09-09,MTL,128.16781616210938,133.94114685058594,127.01546478271484,132.27381896972656,88.56438446044922,1536809
2016-09-12,MTL,132.27381896972656,132.27381896972656,132.27381896972656,132.27381896972656,88.56438446044922,0
2016-09-13,MTL,132.27381896972656,132.27381896972656,132.27381896972656,132.27381896972656,88.56438446044922,0
2016-09-14,MTL,132.27381896972656,132.27381896972656,132.27381896972656,132.27381896972656,88.56438446044922,0
2016-09-15,MTL,132.09368896484375,132.09368896484375,129.599609375,131.16995239257812,87.82528686523438,127093
2016-09-16,MTL,134.05892944335938,137.72845458984375,133.94114685058594,137.72845458984375,92.21654510498047,2164913
2016-09-19,MTL,143.75579833984375,144.6148681640625,138.32887268066406,144.6148681640625,96.82736206054688,3808463
2016-09-20,MTL,146.17828369140625,147.33526611328125,138.79074096679688,145.83189392089844,97.64224243164062,4611510
2016-09-21,MTL,145.48779296875,148.72085571289062,143.1900177001953,144.16917419433594,96.5289535522461,4450424
2016-09-22,MTL,145.48779296875,150.79925537109375,144.33544921875,148.898681640625,99.69560241699219,6120605
2016-09-23,MTL,149.18272399902344,152.15945434570312,147.79713439941406,149.4344482421875,100.05433654785156,1724309
2016-09-26,MTL,150.10646057128906,156.90512084960938,150.10646057128906,156.90512084960938,105.05635833740234,1632291
2016-09-27,MTL,160.2421112060547,163.26963806152344,158.18911743164062,159.6232147216797,106.87623596191406,1411231
2016-09-28,MTL,159.80564880371094,161.1912384033203,158.65098571777344,159.29066467285156,106.65359497070312,691759
2016-09-29,MTL,158.2699432373047,160.49844360351562,151.7276153564453,153.91455078125,103.05398559570312,1204461
2016-09-30,MTL,155.62576293945312,157.49632263183594,154.72280883789062,156.7989044189453,104.9852294921875,878826
2016-10-03,MTL,157.03445434570312,158.75489807128906,155.4179229736328,156.92359924316406,105.06871795654297,491701
2016-10-04,MTL,157.29078674316406,164.63214111328125,157.29078674316406,162.02029418945312,108.48123168945312,2065967
2016-10-05,MTL,165.1171112060547,170.11911010742188,164.1956787109375,170.11911010742188,113.90382385253906,1939090
2016-10-06,MTL,171.58323669433594,173.19976806640625,167.8883056640625,168.38941955566406,112.74568176269531,1243434
2016-10-07,MTL,169.40090942382812,170.42855834960938,168.3501739501953,169.89048767089844,113.75074005126953,496464
2016-10-10,MTL,170.88812255859375,178.3842010498047,169.27621459960938,178.3842010498047,119.43775177001953,1585091
2016-10-11,MTL,178.3842010498047,178.3842010498047,178.3842010498047,178.3842010498047,119.43775177001953,0
2016-10-12,MTL,178.3842010498047,178.3842010498047,178.3842010498047,178.3842010498047,119.43775177001953,0
2016-10-13,MTL,180.24322509765625,183.8226776123047,170.8904266357422,173.71243286132812,116.30972290039062,2753179
2016-10-14,MTL,174.58535766601562,175.97096252441406,169.96670532226562,170.67105102539062,114.27337646484375,1111577
2016-10-17,MTL,171.58323669433594,178.97308349609375,171.58323669433594,176.1326141357422,117.93018341064453,1143405
2016-10-18,MTL,176.89468383789062,176.89468383789062,172.73789978027344,174.94561767578125,117.13540649414062,413539
2016-10-19,MTL,177.12562561035156,177.35655212402344,173.2020721435547,175.70538330078125,117.64411926269531,644342
2016-10-20,MTL,171.80953979492188,173.6639404296875,170.42855834960938,171.7356414794922,117.29869079589844,478493
2016-10-21,MTL,172.0450897216797,172.0450897216797,168.11460876464844,168.46563720703125,115.06517791748047,230153
2016-10-24,MTL,169.04296875,169.04296875,160.0435028076172,160.2074737548828,109.42472076416016,788973
2016-10-25,MTL,156.01834106445312,159.34378051757812,153.34182739257812,154.9745330810547,105.85052490234375,887270
2016-10-26,MTL,155.3024444580078,162.09188842773438,155.18698120117188,157.74803161621094,107.74488067626953,1039262
2016-10-27,MTL,158.8819122314453,160.96031188964844,154.72511291503906,155.17774963378906,105.98934173583984,482174
2016-10-28,MTL,152.66981506347656,155.87979125976562,152.41578674316406,152.6628875732422,104.2716293334961,369804
2016-10-31,MTL,152.41578674316406,158.18911743164062,150.34201049804688,157.27923583984375,107.4246826171875,284065
2016-11-01,MTL,156.98826599121094,165.1425018310547,156.98826599121094,165.1425018310547,112.79545593261719,811707
2016-11-02,MTL,167.8883056640625,173.3983612060547,167.8883056640625,173.3983612060547,118.43437957763672,915849
2016-11-03,MTL,174.35443115234375,182.06759643554688,174.35443115234375,182.06759643554688,124.35559844970703,1437429
2016-11-04,MTL,180.3586883544922,190.98159790039062,180.3586883544922,186.6977996826172,127.51814270019531,935769
2016-11-07,MTL,186.1320037841797,190.75067138671875,186.1320037841797,189.47361755371094,129.4140625,1187573
2016-11-08,MTL,190.5197296142578,190.5197296142578,184.7464141845703,186.19436645507812,127.17426300048828,411807
2016-11-09,MTL,186.19436645507812,186.19436645507812,186.19436645507812,186.19436645507812,127.17426300048828,0
2016-11-10,MTL,188.90321350097656,191.21253967285156,188.90321350097656,190.39503479003906,130.04342651367188,829461
2016-11-11,MTL,189.58445739746094,192.13626098632812,187.28668212890625,188.20579528808594,128.54811096191406,651054
2016-11-14,MTL,190.5197296142578,191.21253967285156,188.2104034423828,189.4228057861328,129.37937927246094,755197
2016-11-15,MTL,188.2104034423828,189.36276245117188,184.7464141845703,185.6193389892578,126.7815170288086,388207
2016-11-16,MTL,186.5938720703125,188.2104034423828,184.63095092773438,185.6262664794922,126.78621673583984,421334
2016-11-17,MTL,185.66783142089844,187.044189453125,185.00274658203125,185.8225555419922,126.92032623291016,163467
2016-11-18,MTL,186.5938720703125,186.5938720703125,184.7464141845703,186.1320037841797,127.13166046142578,254835
2016-11-21,MTL,184.9773406982422,190.26109313964844,184.7464141845703,187.6376953125,128.1600799560547,355514
2016-11-22,MTL,188.2104034423828,189.8246307373047,187.28668212890625,188.31663513183594,128.62380981445312,240545
2016-11-23,MTL,188.2104034423828,190.51742553710938,186.82711791992188,189.36276245117188,129.33837890625,216296
2016-11-24,MTL,189.3650665283203,193.40640258789062,188.67227172851562,190.3303680419922,129.99928283691406,1501950
2016-11-25,MTL,191.6767120361328,195.13839721679688,190.98159790039062,193.1200408935547,131.90464782714844,588915
2016-11-28,MTL,193.98373413085938,195.13839721679688,191.90533447265625,194.203125,132.64439392089844,323037
2016-11-29,MTL,195.13839721679688,200.90017700195312,191.67440795898438,195.76422119140625,133.71066284179688,2326432
2016-11-30,MTL,195.80810546875,202.06639099121094,194.21466064453125,199.21437072753906,136.0671844482422,1182160
2016-12-01,MTL,199.9879913330078,202.06639099121094,195.83119201660156,196.45933532714844,134.18544006347656,2720702
2016-12-02,MTL,198.46383666992188,206.28091430664062,197.79412841796875,205.90219116210938,140.63510131835938,1628177
2016-12-05,MTL,207.3778533935547,213.72850036621094,206.68504333496094,209.99893188476562,143.43324279785156,977556
2016-12-06,MTL,211.53463745117188,211.9965057373047,205.64584350585938,208.3731689453125,142.32281494140625,560119
2016-12-07,MTL,207.83970642089844,211.9965057373047,205.76132202148438,208.17918395996094,142.1903076171875,426097
2016-12-08,MTL,208.30157470703125,211.9965057373047,208.30157470703125,210.59011840820312,143.8369903564453,473730
2016-12-09,MTL,209.68948364257812,215.2295684814453,209.68948364257812,212.5137939453125,145.1509246826172,379114
2016-12-12,MTL,212.5137939453125,212.5137939453125,212.5137939453125,212.5137939453125,145.1509246826172,0
2016-12-13,MTL,211.99880981445312,221.00289916992188,211.99880981445312,218.08621215820312,148.95701599121094,829461
2016-12-14,MTL,226.42982482910156,227.46902465820312,221.43704223632812,223.36996459960938,152.56588745117188,573759
2016-12-15,MTL,223.54315185546875,224.00502014160156,220.07916259765625,220.68882751464844,150.73464965820312,187067
2016-12-16,MTL,220.77195739746094,223.30992126464844,216.84609985351562,217.38648986816406,148.4790802001953,484989
2016-12-19,MTL,215.92236328125,216.037841796875,211.78866577148438,213.98715209960938,146.15725708007812,329316
2016-12-20,MTL,211.53463745117188,215.92236328125,210.1490478515625,210.881103515625,144.0357666015625,158054
2016-12-21,MTL,211.53463745117188,212.9202423095703,200.44985961914062,205.4611053466797,140.33380126953125,268476
2016-12-22,MTL,205.99224853515625,211.9965057373047,205.99224853515625,207.02914428710938,141.40481567382812,247690
2016-12-23,MTL,207.83970642089844,209.6871795654297,205.53038024902344,207.63648986816406,141.81964111328125,127959
2016-12-26,MTL,207.83970642089844,210.37997436523438,205.55348205566406,206.78665161132812,141.23916625976562,397950
2016-12-27,MTL,206.0176544189453,206.88134765625,203.7983856201172,205.32485961914062,140.24075317382812,47632
2016-12-28,MTL,205.55348205566406,207.83509826660156,200.91172790527344,201.52139282226562,137.6428985595703,143981
2016-12-29,MTL,202.99012756347656,207.3778533935547,200.4729461669922,206.51416015625,141.05307006835938,316108
2016-12-30,MTL,207.60877990722656,212.22744750976562,205.64584350585938,208.91586303710938,142.6934814453125,573326
2017-01-02,MTL,206.68504333496094,211.97341918945312,206.68504333496094,210.21832275390625,143.5830841064453,438222
2017-01-03,MTL,210.1490478515625,216.32650756835938,209.45623779296875,214.38204956054688,146.427001953125,708647
2017-01-04,MTL,215.92236328125,222.85035705566406,215.92236328125,217.29180908203125,148.41439819335938,404446
2017-01-05,MTL,218.9198760986328,222.15756225585938,216.84609985351562,221.27308654785156,151.13369750976562,1206410
2017-01-06,MTL,221.69569396972656,224.9287567138672,221.00289916992188,222.0213165283203,151.64474487304688,382578
2017-01-09,MTL,223.7740936279297,224.00502014160156,218.6935577392578,219.89903259277344,150.1951904296875,200274
2017-01-10,MTL,219.38636779785156,219.388671875,217.3310546875,218.06312561035156,148.9412078857422,70799
2017-01-11,MTL,219.73507690429688,226.5452880859375,215.69143676757812,222.00514221191406,151.6337127685547,399466
2017-01-12,MTL,224.2359619140625,227.0071563720703,221.94972229003906,222.33306884765625,151.85769653320312,250072
2017-01-13,MTL,223.74868774414062,224.6978302001953,220.0814666748047,221.81578063964844,151.50433349609375,227338
2017-01-16,MTL,220.54103088378906,232.90518188476562,219.88287353515625,228.9862518310547,156.40191650390625,991413
2017-01-17,MTL,230.93301391601562,234.39700317382812,226.08572387695312,232.29551696777344,158.66221618652344,708214
2017-01-18,MTL,234.39700317382812,243.9091339111328,234.39700317382812,243.9091339111328,166.59454345703125,606452
2017-01-19,MTL,250.56231689453125,256.1024169921875,250.10044860839844,256.1024169921875,174.92276000976562,532621
2017-01-20,MTL,260.9543151855469,265.5729675292969,256.7975158691406,261.2752990722656,178.45594787597656,939016
2017-01-23,MTL,265.1111145019531,270.1916198730469,261.4161682128906,265.5452575683594,181.37242126464844,544963
2017-01-24,MTL,265.54986572265625,267.4204406738281,254.83457946777344,256.2455749511719,175.0205535888672,577223
2017-01-25,MTL,256.2455749511719,262.1089782714844,254.48818969726562,256.522705078125,175.20985412597656,512053
2017-01-26,MTL,255.1809844970703,260.9543151855469,251.71697998046875,253.63604736328125,173.2382049560547,383877
2017-01-27,MTL,254.0240020751953,255.64285278320312,250.56231689453125,251.30130004882812,171.64353942871094,292509
2017-01-30,MTL,251.255126953125,251.255126953125,238.73623657226562,239.08956909179688,163.30270385742188,534570
2017-01-31,MTL,233.24234008789062,251.04266357421875,233.24234008789062,251.04266357421875,171.4668731689453,578089
2017-02-01,MTL,256.1047058105469,262.8017578125,256.1047058105469,262.1181945800781,179.03167724609375,1440027
2017-02-02,MTL,263.9564208984375,272.5009460449219,262.1066589355469,264.0465087890625,180.3487548828125,1090792
2017-02-03,MTL,263.2636413574219,267.4204406738281,259.7996520996094,262.4853820800781,179.28245544433594,1030385
2017-02-06,MTL,264.4183044433594,265.5729675292969,260.9543151855469,261.0582275390625,178.3076934814453,1136043
2017-02-07,MTL,262.33990478515625,262.33990478515625,253.79537963867188,254.8715362548828,174.08206176757812,426097
2017-02-08,MTL,257.0284423828125,257.0284423828125,248.02206420898438,254.268798828125,173.67039489746094,425881
2017-02-09,MTL,255.64285278320312,259.7996520996094,254.0263214111328,257.97064208984375,176.1988067626953,773384
2017-02-10,MTL,256.56658935546875,259.7996520996094,256.33563232421875,257.0376892089844,175.5615692138672,210017
2017-02-13,MTL,261.8780517578125,263.2636413574219,245.7127227783203,246.32470703125,168.2444305419922,923860
2017-02-14,MTL,242.4796600341797,245.8282012939453,240.1703338623047,243.4103240966797,166.25384521484375,329316
2017-02-15,MTL,243.6574249267578,243.6574249267578,231.2401580810547,231.54498291015625,158.14959716796875,512486
2017-02-16,MTL,235.5516815185547,243.1216583251953,234.45474243164062,243.1216583251953,166.05670166015625,677685
2017-02-17,MTL,255.27566528320312,255.27566528320312,255.27566528320312,255.27566528320312,174.35809326171875,17754
2017-02-20,MTL,268.0393371582031,268.0393371582031,268.0393371582031,268.0393371582031,183.07591247558594,44601
2017-02-21,MTL,274.810302734375,275.9649658203125,265.5729675292969,269.04388427734375,183.76202392578125,1780819
2017-02-22,MTL,269.960693359375,269.960693359375,255.592041015625,255.73060607910156,174.66885375976562,786591
2017-02-23,MTL,249.86952209472656,265.342041015625,245.71734619140625,262.0766296386719,179.00328063964844,1216153
2017-02-24,MTL,264.8801574707031,267.8822937011719,260.2615051269531,265.9886474609375,181.6752471923828,890950
2017-02-27,MTL,265.6006774902344,272.5009460449219,263.81787109375,265.94476318359375,181.64529418945312,788973
2017-02-28,MTL,265.5729675292969,267.6513671875,259.7996520996094,265.67919921875,181.46389770507812,639362
2017-03-01,MTL,266.6745300292969,278.96246337890625,266.0348205566406,278.96246337890625,190.53663635253906,1086245
2017-03-02,MTL,288.20208740234375,292.90850830078125,282.20013427734375,292.90850830078125,200.06202697753906,308531
2017-03-03,MTL,299.7510681152344,301.3675842285156,286.3800354003906,289.34521484375,197.6282501220703,1376806
2017-03-06,MTL,286.3546142578125,286.3546142578125,276.1958923339844,276.8171081542969,191.74949645996094,1014796
2017-03-07,MTL,277.11962890625,289.8209228515625,277.11962890625,287.27606201171875,198.99435424804688,280600
2017-03-08,MTL,288.897216796875,296.51800537109375,288.666259765625,289.98028564453125,200.86756896972656,202006
2017-03-09,MTL,287.5115966796875,292.1302490234375,286.35693359375,287.2275695800781,198.9607696533203,1226113
2017-03-10,MTL,285.1214599609375,287.5115966796875,284.047607421875,285.1422424316406,197.51622009277344,191830
2017-03-13,MTL,286.8188171386719,294.4673156738281,281.73828125,284.20233154296875,196.86520385742188,215430
2017-03-14,MTL,281.73828125,284.047607421875,275.0412292480469,282.8744812011719,195.9453887939453,141816
2017-03-15,MTL,282.6620178222656,284.0452880859375,277.3736572265625,282.4657287597656,195.6622772216797,239463
2017-03-16,MTL,280.5882263183594,282.638916015625,277.11962890625,281.26025390625,194.82723999023438,105441
2017-03-17,MTL,281.7844543457031,286.35693359375,279.428955078125,280.45660400390625,194.2705841064453,210017
2017-03-20,MTL,283.58575439453125,283.58575439453125,278.5052185058594,279.13104248046875,193.35235595703125,56726
2017-03-21,MTL,281.5073547363281,284.50946044921875,278.5052185058594,283.8143615722656,196.59646606445312,316325
2017-03-22,MTL,287.9734802246094,298.0028991699219,284.047607421875,297.2523498535156,205.9048309326172,950925
2017-03-23,MTL,297.2523498535156,297.2523498535156,297.2523498535156,297.2523498535156,205.9048309326172,0
2017-03-24,MTL,296.7489318847656,297.89202880859375,289.8209228515625,292.3381042480469,202.50082397460938,245525
2017-03-27,MTL,294.4396057128906,295.3633117675781,290.6869201660156,290.99176025390625,201.56817626953125,1039262
2017-03-28,MTL,288.666259765625,301.3675842285156,288.666259765625,295.7212829589844,204.8442840576172,491484
2017-03-29,MTL,300.1875305175781,307.1408996582031,297.9035949707031,298.96588134765625,207.0918731689453,761476
2017-03-30,MTL,302.0141906738281,304.8315734863281,295.13238525390625,298.3284912109375,206.6503143310547,1467741
2017-03-31,MTL,299.98199462890625,304.8315734863281,298.3654479980469,304.0025329589844,210.5806884765625,762125
2017-04-03,MTL,305.9862365722656,310.60491943359375,304.8315734863281,305.6767883300781,211.7404327392578,533271
2017-04-04,MTL,305.9862365722656,308.5265197753906,302.0603942871094,302.7554931640625,209.71688842773438,131856
2017-04-05,MTL,302.7554931640625,302.7554931640625,302.7554931640625,302.7554931640625,209.71688842773438,0
2017-04-06,MTL,306.90997314453125,307.1408996582031,302.753173828125,306.3557434082031,212.21075439453125,331481
2017-04-07,MTL,304.8315734863281,307.1408996582031,304.8315734863281,305.56134033203125,211.6604766845703,142465
2017-04-10,MTL,306.90997314453125,309.4502258300781,303.6769104003906,305.2541809082031,211.44772338867188,475895
2017-04-11,MTL,304.8315734863281,307.3718566894531,304.8315734863281,306.0024108886719,211.9659881591797,141816
2017-04-12,MTL,308.03924560546875,308.03924560546875,301.4114685058594,304.4136047363281,210.8654327392578,344905
2017-04-13,MTL,304.2542419433594,304.2542419433594,295.8298034667969,297.7211608886719,206.2296142578125,465935
2017-04-14,MTL,295.5942687988281,297.9012756347656,290.9755859375,291.936279296875,202.2224578857422,370237
2017-04-17,MTL,292.1302490234375,292.1302490234375,281.7406005859375,286.61328125,198.53524780273438,357462
2017-04-18,MTL,282.8929443359375,290.9294128417969,281.7613830566406,283.55804443359375,196.4188995361328,283848
2017-04-19,MTL,272.7319030761719,295.5942687988281,272.51251220703125,293.8160705566406,203.52459716796875,256134
2017-04-20,MTL,290.9755859375,308.5057373046875,288.666259765625,304.6376037597656,211.02059936523438,521796
2017-04-21,MTL,310.8358459472656,319.86761474609375,305.9862365722656,319.8583984375,221.56394958496094,1362083
2017-04-24,MTL,322.842041015625,325.61553955078125,316.8631896972656,321.6804504394531,222.82608032226562,507289
2017-04-25,MTL,325.3846130371094,331.3888854980469,323.30621337890625,329.30816650390625,228.10977172851562,645208
2017-04-26,MTL,332.5435485839844,342.88934326171875,329.31048583984375,339.11590576171875,234.9035186767578,1361650
2017-04-27,MTL,344.0901794433594,347.3232421875,331.9200134277344,336.55255126953125,233.12796020507812,425881
2017-04-28,MTL,336.0075378417969,340.6261901855469,332.5435485839844,339.464599609375,235.1450653076172,484339
2017-05-01,MTL,339.464599609375,339.464599609375,339.464599609375,339.464599609375,235.1450653076172,0
2017-05-02,MTL,342.24273681640625,342.24273681640625,337.39312744140625,338.34228515625,234.36761474609375,347719
2017-05-03,MTL,338.3168640136719,338.3168640136719,328.3867492675781,329.57373046875,228.2937469482422,299220
2017-05-04,MTL,332.5435485839844,334.6219482421875,329.0795593261719,329.5506591796875,228.27764892578125,180355
2017-05-05,MTL,330.2342224121094,333.8945007324219,329.0795593261719,330.6568298339844,229.0439453125,222142
2017-05-08,MTL,333.67510986328125,341.803955078125,332.5435485839844,337.8619384765625,234.03482055664062,1212256
2017-05-09,MTL,338.3168640136719,342.0118103027344,337.8550109863281,338.49237060546875,234.4715576171875,662529
2017-05-10,MTL,339.4738464355469,340.85711669921875,337.39312744140625,338.66094970703125,234.58839416503906,102843
2017-05-11,MTL,339.4692077636719,341.08807373046875,336.7003479003906,337.6309814453125,233.87489318847656,143548
2017-05-12,MTL,341.7808532714844,341.7808532714844,336.0075378417969,337.8111267089844,233.99964904785156,785509
2017-05-15,MTL,341.08807373046875,341.08807373046875,336.0075378417969,336.48095703125,233.07827758789062,234700
2017-05-16,MTL,338.3191833496094,340.395263671875,336.01214599609375,336.57794189453125,233.1454620361328,273672
2017-05-17,MTL,338.0328063964844,342.0118103027344,337.1622009277344,340.1966552734375,235.65211486816406,196160
2017-05-18,MTL,337.1622009277344,341.5014343261719,336.23846435546875,336.928955078125,233.3886260986328,90285
2017-05-19,MTL,337.1645202636719,339.4715270996094,337.1622009277344,337.4324035644531,233.73731994628906,105658
2017-05-22,MTL,342.9355163574219,343.6283264160156,338.3168640136719,339.439208984375,235.12745666503906,548427
2017-05-23,MTL,341.547607421875,354.482177734375,340.6261901855469,352.6023864746094,244.2454833984375,1066110
2017-05-24,MTL,355.6368408203125,363.9481201171875,353.3275146484375,358.0547180175781,248.02230834960938,533704
2017-05-25,MTL,362.3338928222656,362.3338928222656,353.5584411621094,357.8099365234375,247.85276794433594,693707
2017-05-26,MTL,357.7152404785156,359.100830078125,355.4059143066406,358.1424560546875,248.08306884765625,520713
2017-05-29,MTL,357.48431396484375,357.9461669921875,343.8592529296875,347.8821105957031,240.97581481933594,296189
2017-05-30,MTL,347.55419921875,351.015869140625,339.93341064453125,341.1203918457031,236.29202270507812,393620
2017-05-31,MTL,342.24273681640625,357.9461669921875,341.7808532714844,352.6878356933594,244.30470275878906,596493
2017-06-01,MTL,351.0181884765625,357.2533874511719,335.05377197265625,339.4091796875,235.1066131591797,323253
2017-06-02,MTL,331.157958984375,345.244873046875,322.4425354003906,336.09991455078125,232.81431579589844,352050
2017-06-05,MTL,341.7808532714844,352.1728515625,336.09991455078125,351.0967102050781,243.20252990722656,148094
2017-06-06,MTL,351.0181884765625,354.482177734375,347.55419921875,353.5538330078125,244.90452575683594,141382
2017-06-07,MTL,355.6368408203125,358.63897705078125,352.4037780761719,353.9764404296875,245.19732666015625,835307
2017-06-08,MTL,353.78936767578125,357.48431396484375,353.3275146484375,353.5630798339844,244.9109344482422,634166
2017-06-09,MTL,353.78936767578125,354.4360046386719,350.0944519042969,352.6023864746094,244.2454833984375,358112
2017-06-12,MTL,346.4018249511719,346.6304626464844,337.1622009277344,338.1990966796875,234.26841735839844,256134
2017-06-13,MTL,334.8528747558594,342.24273681640625,329.31048583984375,336.66571044921875,233.2062225341797,223874
2017-06-14,MTL,337.6240539550781,346.5149841308594,323.5948791503906,330.1649169921875,228.7032012939453,542148
2017-06-15,MTL,327.9248962402344,332.5435485839844,323.30621337890625,325.9942932128906,225.81423950195312,639795
2017-06-16,MTL,326.77020263671875,327.6939392089844,320.3040771484375,322.1631164550781,223.160400390625,386475
2017-06-19,MTL,320.99688720703125,322.8443603515625,310.60491943359375,312.3946228027344,216.39381408691406,531755
2017-06-20,MTL,318.57440185546875,328.01263427734375,296.7766418457031,297.8989562988281,206.35279846191406,266744
2017-06-21,MTL,302.5222473144531,312.7918395996094,285.2022705078125,308.5357360839844,213.72084045410156,350318
2017-06-22,MTL,316.37823486328125,323.9620666503906,310.60491943359375,323.0914611816406,223.80343627929688,151126
2017-06-23,MTL,323.0914611816406,323.0914611816406,323.0914611816406,323.0914611816406,223.80343627929688,0
2017-06-26,MTL,323.0914611816406,323.0914611816406,323.0914611816406,323.0914611816406,223.80343627929688,0
2017-06-27,MTL,323.0914611816406,323.0914611816406,323.0914611816406,323.0914611816406,223.80343627929688,0
2017-06-28,MTL,323.0914611816406,323.0914611816406,323.0914611816406,323.0914611816406,223.80343627929688,0
2017-06-29,MTL,323.30621337890625,323.30621337890625,309.4548645019531,317.4012756347656,219.8618927001953,396002
2017-06-30,MTL,314.2998352050781,319.84222412109375,314.06890869140625,317.403564453125,219.863525390625,22300
2017-07-03,MTL,314.53076171875,314.53076171875,301.5338439941406,301.5338439941406,208.8706512451172,110075
2017-07-04,MTL,300.2129211425781,312.91424560546875,288.68011474609375,309.6950378417969,214.52383422851562,565964
2017-07-05,MTL,309.6950378417969,311.75958251953125,297.9035949707031,299.8595886230469,207.7108612060547,48845
2017-07-06,MTL,289.8209228515625,302.0603942871094,287.7425231933594,293.4627380371094,203.2798309326172,92754
2017-07-07,MTL,293.515869140625,304.8315734863281,288.897216796875,301.2913818359375,208.70269775390625,25635
2017-07-10,MTL,305.5243835449219,311.75958251953125,297.9035949707031,310.4270935058594,215.03094482421875,103060
2017-07-11,MTL,301.3675842285156,302.5222473144531,294.90606689453125,295.9591369628906,205.0090789794922,151645
2017-07-12,MTL,291.8993225097656,300.2129211425781,291.8993225097656,297.3077697753906,205.94325256347656,79503
2017-07-13,MTL,300.2129211425781,309.4271545410156,293.2849426269531,299.8457336425781,207.70127868652344,34382
2017-07-14,MTL,300.6747741699219,309.4502258300781,300.2129211425781,306.93768310546875,212.61383056640625,102194
2017-07-17,MTL,297.44171142578125,309.4502258300781,297.2107849121094,307.5935363769531,213.06814575195312,85392
2017-07-18,MTL,307.6928405761719,313.5770263671875,307.6928405761719,311.718017578125,215.9250946044922,167927
2017-07-19,MTL,309.4502258300781,312.4523620605469,307.3718566894531,308.4941711425781,213.69198608398438,90156
2017-07-20,MTL,311.75958251953125,317.071044921875,300.217529296875,303.10650634765625,209.9600067138672,76992
2017-07-21,MTL,300.2129211425781,317.53057861328125,300.2129211425781,312.110595703125,216.19711303710938,88077
2017-07-24,MTL,312.2237548828125,318.4566345214844,310.60491943359375,316.06878662109375,218.9388885498047,103233
2017-07-25,MTL,318.68756103515625,318.74298095703125,314.06890869140625,315.5791931152344,218.5997314453125,27800
2017-07-26,MTL,316.840087890625,317.53289794921875,314.7663269042969,317.4866943359375,219.92112731933594,67725
2017-07-27,MTL,317.1864929199219,317.2996520996094,314.09197998046875,314.5284423828125,217.8719024658203,17580
2017-07-28,MTL,301.3675842285156,315.22125244140625,298.8065490722656,312.1567687988281,216.22909545898438,150000
2017-07-31,MTL,320.1886291503906,325.61553955078125,315.22357177734375,316.91400146484375,219.52435302734375,63828
2017-08-01,MTL,319.84222412109375,325.3846130371094,318.6644592285156,322.6988525390625,223.53150939941406,84266
2017-08-02,MTL,323.30621337890625,323.30621337890625,316.37823486328125,317.0040588378906,219.58676147460938,73960
2017-08-03,MTL,316.38055419921875,317.9023742675781,316.37823486328125,316.5306396484375,219.2588348388672,46940
2017-08-04,MTL,317.53289794921875,322.6111145019531,312.91424560546875,313.2952880859375,217.01773071289062,37067
2017-08-07,MTL,319.56048583984375,319.56048583984375,311.75958251953125,312.5378112792969,216.49298095703125,21564
2017-08-08,MTL,312.5678405761719,319.19561767578125,311.52862548828125,312.03668212890625,216.14590454101562,83660
2017-08-09,MTL,300.23602294921875,317.071044921875,300.23602294921875,315.48681640625,218.53578186035156,48325
2017-08-10,MTL,315.9163513183594,319.6112976074219,309.4502258300781,311.290771484375,215.6292266845703,82101
2017-08-11,MTL,318.68524169921875,318.68756103515625,309.4502258300781,310.2515869140625,214.90939331054688,102540
2017-08-14,MTL,310.2515869140625,310.2515869140625,310.2515869140625,310.2515869140625,214.90939331054688,0
2017-08-15,MTL,308.5265197753906,312.91424560546875,302.984130859375,304.4528503417969,210.89263916015625,88943
2017-08-16,MTL,305.177978515625,307.1986389160156,300.2129211425781,302.4945373535156,209.53610229492188,164463
2017-08-17,MTL,301.13665771484375,306.90997314453125,295.5942687988281,296.6195983886719,205.4665985107422,70929
2017-08-18,MTL,289.8209228515625,304.8315734863281,288.897216796875,290.6961669921875,201.3634490966797,33429
2017-08-21,MTL,294.2086486816406,294.2086486816406,285.2022705078125,286.4169921875,198.39932250976562,57332
2017-08-22,MTL,283.1238708496094,288.666259765625,272.5009460449219,281.9530334472656,195.30712890625,37326
2017-08-23,MTL,292.1302490234375,292.1302490234375,281.73828125,282.5257568359375,195.70384216308594,73354
2017-08-24,MTL,285.2022705078125,287.5115966796875,269.49884033203125,270.9190673828125,187.6639404296875,107217
2017-08-25,MTL,264.8801574707031,274.8079833984375,260.9543151855469,268.11785888671875,185.72357177734375,67465
2017-08-28,MTL,274.3484191894531,274.3484191894531,254.71218872070312,254.90155029296875,176.56871032714844,53088
2017-08-29,MTL,253.79537963867188,254.0263214111328,243.63433837890625,247.51400756835938,171.45143127441406,92840
2017-08-30,MTL,253.79537963867188,257.4903259277344,247.56019592285156,256.64971923828125,177.77969360351562,51356
2017-08-31,MTL,258.6449890136719,269.4803466796875,258.6449890136719,268.9284362792969,186.28509521484375,34382
2017-09-01,MTL,268.9284362792969,268.9284362792969,268.9284362792969,268.9284362792969,186.28509521484375,0
2017-09-04,MTL,268.9284362792969,268.9284362792969,268.9284362792969,268.9284362792969,186.28509521484375,0
2017-09-05,MTL,270.1916198730469,282.37335205078125,270.1916198730469,282.37335205078125,195.59828186035156,23903
2017-09-06,MTL,296.4902648925781,296.4902648925781,292.1302490234375,295.6335144042969,204.78350830078125,534094
2017-09-07,MTL,299.0582580566406,301.13665771484375,285.2022705078125,293.033203125,202.9822998046875,149653
2017-09-08,MTL,300.2106018066406,300.2129211425781,287.1651916503906,291.9432067871094,202.22726440429688,289867
2017-09-11,MTL,293.2849426269531,293.2849426269531,290.0518798828125,291.8993225097656,202.19686889648438,130860
2017-09-12,MTL,288.666259765625,299.2891845703125,281.9692077636719,293.7768249511719,203.49742126464844,405398
2017-09-13,MTL,295.46954345703125,297.9035949707031,293.2849426269531,297.1692199707031,205.8472900390625,285364
2017-09-14,MTL,296.9798583984375,298.71185302734375,296.7489318847656,298.0467529296875,206.45516967773438,182477
2017-09-15,MTL,297.9035949707031,297.9035949707031,286.35693359375,287.9688415527344,199.4742431640625,227944
2017-09-18,MTL,287.9734802246094,287.9734802246094,277.46832275390625,281.77984619140625,195.18716430664062,64347
2017-09-19,MTL,285.199951171875,290.9755859375,282.8929443359375,288.5023193359375,199.8438262939453,34988
2017-09-20,MTL,293.0285949707031,293.0285949707031,285.2022705078125,289.5322570800781,200.5572052001953,51703
2017-09-21,MTL,288.3198547363281,288.666259765625,286.5878601074219,287.07977294921875,198.8583984375,24076
2017-09-22,MTL,288.5484924316406,288.5508117675781,284.50946044921875,286.35693359375,198.35768127441406,7794
2017-09-25,MTL,289.7955322265625,290.0518798828125,286.1260070800781,286.8418884277344,198.69361877441406,21564
2017-09-26,MTL,286.5878601074219,290.9755859375,285.4331970214844,288.7632751464844,200.02456665039062,50837
2017-09-27,MTL,286.3684997558594,287.5115966796875,284.047607421875,285.63873291015625,197.8601837158203,19919
2017-09-28,MTL,286.35693359375,288.666259765625,285.2022705078125,286.05902099609375,198.1513214111328,33516
2017-09-29,MTL,286.8164978027344,289.1281433105469,286.35693359375,288.2713623046875,199.68380737304688,94053
2017-10-02,MTL,288.666259765625,288.666259765625,286.8188171386719,287.0566711425781,198.8424072265625,29012
2017-10-03,MTL,290.7146301269531,290.7146301269531,281.2763977050781,281.793701171875,195.1967315673828,36200
2017-10-04,MTL,281.04547119140625,281.74981689453125,270.1916198730469,278.00177001953125,192.5701446533203,55254
2017-10-05,MTL,282.6365966796875,286.35693359375,279.4266357421875,281.7960205078125,195.19839477539062,27973
2017-10-06,MTL,284.047607421875,295.8852233886719,280.8145446777344,290.99176025390625,201.56817626953125,39318
2017-10-09,MTL,289.8209228515625,289.8209228515625,286.5878601074219,288.38916015625,199.76539611816406,39232
2017-10-10,MTL,286.35693359375,288.19287109375,285.2022705078125,287.8002624511719,199.3574676513672,15588
2017-10-11,MTL,287.9734802246094,288.4353332519531,285.89508056640625,286.8095703125,198.67120361328125,46420
2017-10-12,MTL,287.2806701660156,287.2806701660156,282.8929443359375,283.8166809082031,196.59805297851562,70150
2017-10-13,MTL,286.1260070800781,286.1260070800781,277.1219177246094,278.865478515625,193.1684112548828,319399
2017-10-16,MTL,278.9670715332031,288.4353332519531,277.11962890625,287.821044921875,199.37188720703125,361836
2017-10-17,MTL,290.7446594238281,296.0561218261719,285.2022705078125,288.31524658203125,199.7141876220703,202223
2017-10-18,MTL,288.666259765625,288.666259765625,282.2232360839844,286.2738037109375,198.30014038085938,183776
2017-10-19,MTL,278.2742919921875,278.2742919921875,267.8822937011719,272.8103942871094,193.66079711914062,61056
2017-10-20,MTL,276.888671875,276.888671875,272.5009460449219,273.4039001464844,194.08209228515625,25981
2017-10-23,MTL,274.810302734375,274.810302734375,270.1916198730469,271.58184814453125,192.78868103027344,34642
2017-10-24,MTL,269.0392761230469,269.0392761230469,263.2659606933594,264.38134765625,187.67721557617188,40531
2017-10-25,MTL,269.960693359375,273.6579284667969,267.4204406738281,270.2516784667969,191.8444061279297,156322
2017-10-26,MTL,271.3462829589844,274.7525634765625,265.5729675292969,271.8728332519531,192.99522399902344,193822
2017-10-27,MTL,267.8846130371094,274.810302734375,267.8846130371094,271.16156005859375,192.49032592773438,103666
2017-10-30,MTL,266.0348205566406,269.0369567871094,259.56640625,263.1643371582031,186.8132781982422,128608
2017-10-31,MTL,260.074462890625,267.8822937011719,254.0263214111328,258.0399169921875,183.17562866210938,179705
2017-11-01,MTL,257.4903259277344,261.875732421875,257.4903259277344,258.34014892578125,183.3887481689453,33516
2017-11-02,MTL,258.6334228515625,259.843505859375,250.10044860839844,254.3149871826172,180.53138732910156,101414
2017-11-03,MTL,252.92938232421875,264.4183044433594,251.71697998046875,262.8987731933594,186.62478637695312,122546
2017-11-06,MTL,263.2659606933594,266.7276306152344,263.2636413574219,264.9425048828125,188.0755615234375,12124
2017-11-07,MTL,266.0348205566406,278.1888427734375,263.7254943847656,272.33929443359375,193.3263702392578,37413
2017-11-08,MTL,273.6556091308594,282.8929443359375,272.7319030761719,278.890869140625,197.97714233398438,46766
2017-11-09,MTL,278.73614501953125,284.74041748046875,277.3505554199219,282.6596984863281,200.65252685546875,57419
2017-11-10,MTL,279.428955078125,283.8166809082031,277.1173095703125,278.98785400390625,198.04600524902344,29272
2017-11-13,MTL,277.1219177246094,279.428955078125,275.0412292480469,277.75238037109375,197.16893005371094,78204
2017-11-14,MTL,274.810302734375,277.58148193359375,271.3462829589844,276.81939697265625,196.50665283203125,695353
2017-11-15,MTL,275.9649658203125,276.888671875,274.8125915527344,275.62548828125,195.65911865234375,106870
2017-11-16,MTL,275.04351806640625,276.888671875,272.5009460449219,274.33917236328125,194.74603271484375,265271
2017-11-17,MTL,275.5030822753906,275.6185607910156,272.5009460449219,272.7272644042969,193.60174560546875,83140
2017-11-20,MTL,272.5471496582031,274.8079833984375,267.8822937011719,271.2239074707031,192.53457641601562,32390
2017-11-21,MTL,268.34417724609375,272.496337890625,268.34417724609375,270.1292724609375,191.75753784179688,35767
2017-11-22,MTL,269.960693359375,271.173095703125,267.6513671875,268.1640319824219,190.3624725341797,28926
2017-11-23,MTL,271.1153564453125,271.1153564453125,263.4714660644531,264.3051452636719,187.62315368652344,250895
2017-11-24,MTL,265.5706481933594,266.4967041015625,264.4183044433594,265.54986572265625,188.5067138671875,139261
2017-11-27,MTL,265.5729675292969,265.66534423828125,260.9543151855469,263.2497863769531,186.87399291992188,83487
2017-11-28,MTL,265.342041015625,265.342041015625,258.87591552734375,260.7672424316406,185.11166381835938,24942
2017-11-29,MTL,260.9543151855469,260.9543151855469,256.33563232421875,258.87359619140625,183.76739501953125,77425
2017-11-30,MTL,266.7276306152344,270.65350341796875,264.4183044433594,268.3072204589844,190.46409606933594,230716
2017-12-01,MTL,268.3072204589844,268.3072204589844,268.3072204589844,268.3072204589844,190.46409606933594,0
2017-12-04,MTL,269.03466796875,269.0369567871094,263.2636413574219,268.1963806152344,190.3853759765625,66512
2017-12-05,MTL,269.49884033203125,273.60943603515625,269.0369567871094,269.7020568847656,191.45428466796875,252800
2017-12-06,MTL,269.7020568847656,269.7020568847656,269.7020568847656,269.7020568847656,191.45428466796875,0
2017-12-07,MTL,265.5752868652344,265.5752868652344,257.6288757324219,259.3724060058594,184.12152099609375,42523
2017-12-08,MTL,259.7996520996094,272.33929443359375,258.6449890136719,263.2821044921875,186.8968963623047,55080
2017-12-11,MTL,263.2636413574219,263.2636413574219,251.71697998046875,253.99168395996094,180.30189514160156,126270
2017-12-12,MTL,245.94366455078125,252.8716583251953,245.94366455078125,249.5739288330078,177.16586303710938,75952
2017-12-13,MTL,256.33563232421875,261.6470947265625,248.48623657226562,256.37030029296875,181.9904022216797,32996
2017-12-14,MTL,254.02862548828125,257.4903259277344,249.86952209472656,253.82078552246094,180.1805877685547,82534
2017-12-15,MTL,253.79537963867188,259.7950134277344,249.40765380859375,253.97781372070312,180.2920379638672,64607
2017-12-18,MTL,254.0263214111328,254.0263214111328,246.8673858642578,250.62698364257812,177.9133758544922,50490
2017-12-19,MTL,247.33387756347656,253.79537963867188,242.4796600341797,249.1859588623047,176.8904266357422,105485
2017-12-20,MTL,251.71697998046875,257.4903259277344,251.71697998046875,254.5205078125,180.67730712890625,159440
2017-12-21,MTL,253.79537963867188,259.7996520996094,253.79537963867188,258.9497985839844,183.821533203125,137442
2017-12-22,MTL,256.33563232421875,266.4967041015625,256.33563232421875,264.6977233886719,187.9018096923828,70669
2017-12-25,MTL,264.6977233886719,264.6977233886719,264.6977233886719,264.6977233886719,187.9018096923828,0
2017-12-26,MTL,267.8822937011719,269.0369567871094,263.49456787109375,267.12713623046875,189.62637329101562,19399
2017-12-27,MTL,263.506103515625,269.0369567871094,263.49456787109375,267.4435119628906,189.85098266601562,30485
2017-12-28,MTL,268.9422912597656,270.1916198730469,264.6723327636719,269.7066650390625,191.45755004882812,37326
2017-12-29,MTL,269.0023193359375,272.5009460449219,267.8799743652344,270.56805419921875,192.06898498535156,127742
2018-01-01,MTL,267.8822937011719,270.1916198730469,267.8822937011719,269.0369567871094,190.98211669921875,3550
2018-01-02,MTL,269.0369567871094,277.11962890625,267.8799743652344,275.38763427734375,195.4903106689453,71535
2018-01-03,MTL,275.9649658203125,279.1980285644531,272.5009460449219,272.6995544433594,193.58209228515625,366339
2018-01-04,MTL,274.7872009277344,277.11962890625,273.88885498046875,275.570068359375,195.61976623535156,401155
2018-01-05,MTL,276.42681884765625,281.27410888671875,270.1916198730469,272.8127136230469,193.6623992919922,337240
2018-01-08,MTL,272.96051025390625,286.35693359375,272.96051025390625,284.5926208496094,202.02468872070312,572287
2018-01-09,MTL,287.5185241699219,289.1281433105469,277.8170471191406,278.8262023925781,197.9312744140625,188885
2018-01-10,MTL,280.3526916503906,292.76531982421875,279.6598815917969,292.1279602050781,207.37376403808594,724365
2018-01-11,MTL,295.5919494628906,301.5985107421875,291.8993225097656,293.26416015625,208.18040466308594,779706
2018-01-12,MTL,295.47186279296875,298.134521484375,286.35693359375,288.2205810546875,204.6000518798828,242581
2018-01-15,MTL,288.897216796875,290.9755859375,280.5905456542969,284.0014343261719,201.60499572753906,77338
2018-01-16,MTL,288.4099426269531,293.97772216796875,286.8188171386719,292.585205078125,207.69839477539062,309960
2018-01-17,MTL,291.8993225097656,294.4396057128906,288.640869140625,293.3772888183594,208.26065063476562,325202
2018-01-18,MTL,293.3772888183594,293.3772888183594,293.3772888183594,293.3772888183594,208.26065063476562,0
2018-01-19,MTL,299.0582580566406,313.8379821777344,295.5942687988281,313.8379821777344,222.78515625,718909
2018-01-22,MTL,315.22357177734375,318.4566345214844,312.9188537597656,315.2997741699219,223.82284545898438,312384
2018-01-23,MTL,313.37841796875,314.06890869140625,308.2955627441406,309.33709716796875,219.59007263183594,221103
2018-01-24,MTL,309.6811828613281,312.221435546875,304.8315734863281,309.2862854003906,219.55404663085938,301126
2018-01-25,MTL,309.2862854003906,309.2862854003906,309.2862854003906,309.2862854003906,219.55404663085938,0
2018-01-26,MTL,304.8315734863281,305.9862365722656,302.5222473144531,303.7923889160156,215.6540985107422,39578
2018-01-29,MTL,302.984130859375,303.7923889160156,299.2891845703125,302.3790588378906,214.65081787109375,77684
2018-01-30,MTL,302.3790588378906,302.3790588378906,302.3790588378906,302.3790588378906,214.65081787109375,0
2018-01-31,MTL,304.8315734863281,308.06463623046875,303.6792297363281,304.7599792480469,216.3409423828125,49451
2018-02-01,MTL,304.8315734863281,306.90765380859375,300.2129211425781,301.75323486328125,214.20651245117188,49624
2018-02-02,MTL,300.2129211425781,304.3235168457031,286.6663818359375,296.9336853027344,210.7852325439453,120727
2018-02-05,MTL,296.9336853027344,296.9336853027344,296.9336853027344,296.9336853027344,210.7852325439453,0
2018-02-06,MTL,296.9336853027344,296.9336853027344,296.9336853027344,296.9336853027344,210.7852325439453,0
2018-02-07,MTL,299.9842834472656,304.1387939453125,295.5942687988281,297.4832763671875,211.17543029785156,61922
2018-02-08,MTL,301.3652648925781,301.3675842285156,293.7467956542969,298.33544921875,211.7803497314453,87471
2018-02-09,MTL,297.9035949707031,299.98199462890625,294.4511413574219,298.8850402832031,212.17047119140625,52655
2018-02-12,MTL,299.98199462890625,299.98199462890625,294.4396057128906,295.69586181640625,209.90655517578125,60710
2018-02-13,MTL,295.5942687988281,297.9035949707031,293.2849426269531,295.5111389160156,209.77540588378906,30311
2018-02-14,MTL,294.4396057128906,296.28704833984375,293.5181579589844,295.3656311035156,209.67213439941406,67205
2018-02-15,MTL,296.7489318847656,305.9862365722656,296.51800537109375,298.6217956542969,211.98362731933594,121247
2018-02-16,MTL,300.2106018066406,300.2129211425781,296.8643798828125,298.4786071777344,211.88197326660156,22603
2018-02-19,MTL,300.2129211425781,300.2129211425781,294.9014587402344,296.0030212402344,210.1246337890625,14722
2018-02-20,MTL,295.5942687988281,297.67034912109375,293.2849426269531,294.0262145996094,208.72132873535156,47373
2018-02-21,MTL,300.20831298828125,301.3675842285156,294.9014587402344,298.3031005859375,211.75735473632812,97690
2018-02-22,MTL,298.3031005859375,310.8358459472656,295.8251953125,308.7020263671875,219.13929748535156,541282
2018-02-23,MTL,311.52862548828125,311.52862548828125,304.8315734863281,305.9192810058594,217.16390991210938,223268
2018-02-26,MTL,306.4504089355469,311.75958251953125,305.29345703125,308.5680847167969,219.044189453125,162298
2018-02-27,MTL,310.3670349121094,314.7593994140625,308.2955627441406,311.8473205566406,221.37210083007812,247517
2018-02-28,MTL,312.4523620605469,318.676025390625,312.4523620605469,317.5790710449219,225.4408416748047,280774
2018-03-01,MTL,316.8424072265625,322.38018798828125,316.37823486328125,321.151611328125,227.97695922851562,284844
2018-03-02,MTL,323.30621337890625,324.69183349609375,318.68756103515625,319.81451416015625,227.0277099609375,160306
2018-03-05,MTL,320.5350341796875,320.5350341796875,312.221435546875,316.2720031738281,224.5130157470703,73874
2018-03-06,MTL,316.4936828613281,318.68756103515625,314.06890869140625,315.59075927734375,224.02935791015625,44082
2018-03-07,MTL,314.53076171875,320.7659606933594,314.53076171875,317.6876220703125,225.5178985595703,112500
2018-03-08,MTL,316.6091613769531,320.99688720703125,316.37823486328125,317.5513610839844,225.42117309570312,113712
2018-03-09,MTL,316.38055419921875,320.99688720703125,316.38055419921875,319.89996337890625,227.08839416503906,77598
2018-03-12,MTL,320.53271484375,324.68951416015625,318.68756103515625,321.0615539550781,227.9129638671875,196074
2018-03-13,MTL,305.9862365722656,309.21929931640625,302.5222473144531,303.61688232421875,220.2828369140625,114925
2018-03-14,MTL,305.98394775390625,305.98394775390625,295.5942687988281,299.9727478027344,217.63890075683594,98643
2018-03-15,MTL,301.3675842285156,301.5985107421875,299.0582580566406,299.7025451660156,217.44288635253906,21478
2018-03-16,MTL,300.44384765625,300.44384765625,286.35693359375,289.6800537109375,210.1712188720703,114925
2018-03-19,MTL,290.2828063964844,299.0582580566406,288.666259765625,296.37481689453125,215.0284881591797,55860
2018-03-20,MTL,298.134521484375,301.3675842285156,293.3080139160156,294.6751403808594,213.7953338623047,86431
2018-03-21,MTL,293.7583312988281,300.1644287109375,293.7583312988281,298.0513916015625,216.244873046875,90762
2018-03-22,MTL,299.7487487792969,299.7487487792969,296.1023254394531,297.2107849121094,215.63497924804688,18013
2018-03-23,MTL,297.2107849121094,297.2107849121094,297.2107849121094,297.2107849121094,215.63497924804688,0
2018-03-26,MTL,296.9798583984375,297.9035949707031,295.5942687988281,295.8436584472656,214.6431121826172,48585
2018-03-27,MTL,296.9798583984375,298.7811279296875,292.82305908203125,293.3357238769531,212.82351684570312,49624
2018-03-28,MTL,295.13238525390625,295.13238525390625,290.7446594238281,291.23193359375,211.29718017578125,41657
2018-03-29,MTL,288.6893615722656,295.5711669921875,288.6893615722656,294.3495178222656,213.55909729003906,91628
2018-03-30,MTL,294.9014587402344,300.2106018066406,292.1302490234375,296.1392517089844,214.8576202392578,68244
2018-04-02,MTL,295.5942687988281,304.8315734863281,295.5942687988281,302.7762756347656,219.67294311523438,158660
2018-04-03,MTL,304.8315734863281,317.9139404296875,304.8315734863281,317.9139404296875,230.65570068359375,467494
2018-04-04,MTL,323.30621337890625,330.2342224121094,316.4013366699219,318.1402587890625,230.81993103027344,319833
2018-04-05,MTL,317.7638244628906,320.5350341796875,316.37823486328125,316.8978271484375,229.9185333251953,140387
2018-04-06,MTL,322.15155029296875,322.15155029296875,313.16827392578125,314.787109375,228.3871307373047,64694
2018-04-09,MTL,313.3760986328125,317.53289794921875,309.4502258300781,310.8658752441406,225.5421905517578,109988
2018-04-10,MTL,311.75958251953125,314.06890869140625,309.4502258300781,309.80126953125,224.76979064941406,122113
2018-04-11,MTL,312.6809997558594,312.6809997558594,309.4271545410156,309.7643127441406,224.74295043945312,44082
2018-04-12,MTL,312.4292907714844,312.4523620605469,304.8315734863281,305.2403259277344,221.46066284179688,81495
2018-04-13,MTL,310.11993408203125,310.11993408203125,304.8315734863281,305.0555725097656,221.32664489746094,21997
2018-04-16,MTL,307.1408996582031,307.1408996582031,302.5222473144531,302.8340148925781,219.71481323242188,17927
2018-04-17,MTL,300.6747741699219,309.912109375,300.6747741699219,307.92608642578125,223.4092559814453,54907
2018-04-18,MTL,308.50341796875,310.6995849609375,306.6790466308594,307.4826965332031,223.08761596679688,85739
2018-04-19,MTL,309.4271545410156,314.7616882324219,309.4271545410156,311.16607666015625,225.7599639892578,1081092
2018-04-20,MTL,311.75958251953125,315.22125244140625,307.1547546386719,310.3808898925781,225.19027709960938,1268679
2018-04-23,MTL,307.3718566894531,310.60491943359375,307.3718566894531,308.0577087402344,223.5047607421875,38452
2018-04-24,MTL,308.2955627441406,310.7896423339844,305.75531005859375,308.9560546875,224.1565399169922,86172
2018-04-25,MTL,308.9883728027344,310.8358459472656,308.5265197753906,309.0738220214844,224.24195861816406,76299
2018-04-26,MTL,308.9860534667969,308.9860534667969,294.2086486816406,300.8318176269531,218.2621612548828,289780
2018-04-27,MTL,301.13665771484375,306.4481201171875,301.13665771484375,303.5152587890625,220.20912170410156,145583
2018-04-30,MTL,303.2150573730469,306.6790466308594,299.0582580566406,303.13885498046875,219.93603515625,133631
2018-05-01,MTL,303.13885498046875,303.13885498046875,303.13885498046875,303.13885498046875,219.93603515625,0
2018-05-02,MTL,305.5243835449219,307.5796813964844,301.8294372558594,303.5221862792969,220.214111328125,148527
2018-05-03,MTL,304.1387939453125,305.9862365722656,298.134521484375,303.9032287597656,220.4905548095703,250548
2018-05-04,MTL,305.29345703125,310.60491943359375,302.5222473144531,303.2889404296875,220.04486083984375,248383
2018-05-07,MTL,305.9631652832031,306.90997314453125,300.2152404785156,300.644775390625,218.12646484375,83054
2018-05-08,MTL,301.07659912109375,301.07659912109375,293.2849426269531,294.6497497558594,213.7769012451172,174855
2018-05-09,MTL,299.0559387207031,299.0559387207031,292.3912048339844,295.3517761230469,214.28622436523438,38625
2018-05-10,MTL,293.515869140625,298.82733154296875,290.9755859375,295.1670227050781,214.15220642089844,25981
2018-05-11,MTL,296.0561218261719,298.1322021484375,292.1302490234375,293.1001892089844,212.65269470214844,105311
2018-05-14,MTL,294.4141845703125,294.4141845703125,279.428955078125,281.0062255859375,203.8781280517578,264059
2018-05-15,MTL,281.73828125,286.1236877441406,277.0965270996094,281.9715270996094,204.57847595214844,391801
2018-05-16,MTL,281.9715270996094,282.8929443359375,278.0433349609375,281.9715270996094,204.57847595214844,72315
2018-05-17,MTL,283.8143615722656,283.8166809082031,279.3134765625,282.4911193847656,204.95547485351562,235133
2018-05-18,MTL,281.7613830566406,281.7613830566406,277.11962890625,280.0801696777344,203.20628356933594,341744
2018-05-21,MTL,281.73828125,281.9692077636719,279.428955078125,280.5489807128906,203.54640197753906,58718
2018-05-22,MTL,279.91851806640625,286.16064453125,279.89080810546875,283.60882568359375,205.7664031982422,224827
2018-05-23,MTL,285.2022705078125,289.1281433105469,281.73828125,283.92059326171875,205.99258422851562,145063
2018-05-24,MTL,284.047607421875,285.77960205078125,281.7613830566406,283.0961608886719,205.39442443847656,135537
2018-05-25,MTL,285.2022705078125,285.2022705078125,279.1957092285156,279.75225830078125,202.96832275390625,54041
2018-05-28,MTL,279.428955078125,284.0452880859375,278.2742919921875,281.9438171386719,204.5583953857422,265098
2018-05-29,MTL,283.58575439453125,286.1260070800781,277.38751220703125,282.87677001953125,205.2352752685547,232448
2018-05-30,MTL,285.174560546875,285.64105224609375,279.428955078125,281.2071228027344,204.0238800048828,235133
2018-05-31,MTL,282.8929443359375,289.8209228515625,279.454345703125,283.6573181152344,205.80157470703125,502829
2018-06-01,MTL,282.8929443359375,285.1653137207031,281.2763977050781,281.7960205078125,204.45114135742188,49711
2018-06-04,MTL,281.73828125,284.9713439941406,280.581298828125,281.8214111328125,204.46958923339844,72834
2018-06-05,MTL,282.43109130859375,286.35693359375,281.73828125,283.2970886230469,205.5402069091797,79590
2018-06-06,MTL,285.2022705078125,285.6641540527344,281.73828125,282.6481628417969,205.0693817138672,335681
2018-06-07,MTL,283.58575439453125,283.8143615722656,280.5836181640625,281.8999328613281,204.52655029296875,84613
2018-06-08,MTL,281.8999328613281,281.8999328613281,281.8999328613281,281.8999328613281,204.52655029296875,0
2018-06-11,MTL,281.7406005859375,283.1238708496094,280.9300231933594,282.8444519042969,205.21182250976562,35248
2018-06-12,MTL,281.2787170410156,284.9482421875,279.428955078125,280.3804016113281,203.424072265625,71622
2018-06-13,MTL,281.5050354003906,283.41253662109375,280.8145446777344,282.442626953125,204.92025756835938,29792
2018-06-14,MTL,281.9715270996094,284.9713439941406,281.73828125,283.6619567871094,205.8049774169922,73181
2018-06-15,MTL,283.6619567871094,283.6619567871094,283.6619567871094,283.6619567871094,205.8049774169922,0
2018-06-19,MTL,284.2785339355469,285.38702392578125,283.1285095214844,283.7935791015625,205.90045166015625,24076
2018-06-20,MTL,282.4079895019531,284.0452880859375,277.58148193359375,278.4613342285156,202.03172302246094,105485
2018-06-21,MTL,277.1427001953125,278.22808837890625,271.3462829589844,274.0135803222656,198.80477905273438,622518
2018-06-22,MTL,262.5708312988281,274.810302734375,262.5708312988281,266.4366455078125,193.30747985839844,48758
2018-06-25,MTL,265.5729675292969,265.80389404296875,260.9543151855469,263.38372802734375,191.09249877929688,28839
2018-06-26,MTL,263.2659606933594,269.0369567871094,263.2636413574219,265.3789978027344,192.5401611328125,304503
2018-06-27,MTL,266.0348205566406,272.2723388671875,266.0348205566406,271.60955810546875,197.06060791015625,170525
2018-06-28,MTL,269.2794494628906,278.73614501953125,269.2794494628906,273.9142761230469,198.73272705078125,113106
2018-06-29,MTL,276.888671875,279.428955078125,271.3462829589844,274.3622741699219,199.05776977539062,45640
2018-07-02,MTL,274.810302734375,274.8125915527344,265.5729675292969,266.5428771972656,193.38455200195312,35767
2018-07-03,MTL,267.8822937011719,267.8822937011719,259.7996520996094,263.29827880859375,191.030517578125,174163
2018-07-04,MTL,261.6470947265625,261.6470947265625,257.2593688964844,257.538818359375,186.85183715820312,38625
2018-07-05,MTL,260.7210693359375,261.8780517578125,255.64285278320312,256.5596618652344,186.14144897460938,41916
2018-07-06,MTL,256.56658935546875,258.18310546875,253.79537963867188,255.4419403076172,185.3305206298828,163943
2018-07-09,MTL,255.85069274902344,255.85069274902344,246.8697052001953,247.985107421875,179.9203643798828,140646
2018-07-10,MTL,244.09619140625,245.94366455078125,241.3249969482422,242.26258850097656,175.76849365234375,214867
2018-07-11,MTL,244.76589965820312,247.09832763671875,243.86526489257812,245.78201293945312,178.32191467285156,102800
2018-07-12,MTL,243.63433837890625,245.94366455078125,242.2487335205078,244.47030639648438,177.3702850341797,271420
2018-07-13,MTL,244.78900146484375,246.8673858642578,241.55824279785156,242.57666015625,175.99635314941406,367119
2018-07-16,MTL,242.5951385498047,247.09832763671875,240.1703338623047,240.48902893066406,174.4817657470703,362875
2018-07-17,MTL,242.4796600341797,243.86526489257812,241.0940704345703,242.42886352539062,175.88916015625,156495
2018-07-18,MTL,244.07080078125,248.25299072265625,244.07080078125,247.34080505371094,179.45291137695312,195554
2018-07-19,MTL,248.830322265625,256.56658935546875,245.94366455078125,251.647705078125,182.5776824951172,129388
2018-07-20,MTL,252.4097900390625,254.0263214111328,248.94578552246094,253.67298889160156,184.04705810546875,122199
2018-07-23,MTL,250.33139038085938,252.88319396972656,249.40765380859375,249.4954071044922,181.01614379882812,343476
2018-07-24,MTL,253.54135131835938,259.80194091796875,252.64071655273438,256.90142822265625,186.38943481445312,73614
2018-07-25,MTL,256.90142822265625,256.90142822265625,256.90142822265625,256.90142822265625,186.38943481445312,0
2018-07-26,MTL,263.2636413574219,265.80389404296875,259.3377685546875,265.4482727050781,192.59039306640625,211403
2018-07-27,MTL,265.5729675292969,267.6513671875,262.34222412109375,264.778564453125,192.1044921875,380716
2018-07-30,MTL,266.2657775878906,277.11962890625,266.2657775878906,276.48455810546875,200.5975341796875,265011
2018-07-31,MTL,274.3484191894531,274.9257507324219,271.3462829589844,272.556396484375,197.74754333496094,886837
2018-08-01,MTL,272.5032653808594,273.4246826171875,270.1916198730469,270.5449523925781,196.2881622314453,73701
2018-08-02,MTL,278.9670715332031,278.9670715332031,272.0390930175781,273.7110595703125,198.58526611328125,56120
2018-08-03,MTL,272.5032653808594,275.9649658203125,271.3462829589844,272.385498046875,197.62356567382812,542148
2018-08-06,MTL,273.1960754394531,282.8929443359375,273.1937561035156,277.200439453125,201.11692810058594,129734
2018-08-07,MTL,279.428955078125,280.5836181640625,276.6577453613281,277.41290283203125,201.27105712890625,160392
2018-08-08,MTL,275.0412292480469,282.6620178222656,275.0412292480469,279.7753601074219,202.98509216308594,29705
2018-08-09,MTL,280.4681396484375,281.73828125,274.810302734375,275.8564147949219,200.14178466796875,383314
2018-08-10,MTL,277.11962890625,280.5836181640625,275.9649658203125,277.80548095703125,201.55592346191406,1134528
2018-08-13,MTL,273.6556091308594,280.5836181640625,273.6556091308594,276.7016296386719,200.7550506591797,17580
2018-08-14,MTL,276.7016296386719,276.7016296386719,276.7016296386719,276.7016296386719,200.7550506591797,0
2018-08-15,MTL,279.1402893066406,279.38275146484375,275.0412292480469,277.04571533203125,201.00466918945312,294804
2018-08-16,MTL,277.11962890625,277.57916259765625,271.5772399902344,275.1659240722656,199.6408233642578,145323
2018-08-17,MTL,274.810302734375,277.58148193359375,273.6556091308594,276.4222106933594,200.55233764648438,211230
2018-08-20,MTL,276.1958923339844,277.11962890625,274.8125915527344,276.466064453125,200.58413696289062,26327
2018-08-21,MTL,276.466064453125,276.466064453125,276.466064453125,276.466064453125,200.58413696289062,0
2018-08-22,MTL,276.466064453125,276.466064453125,276.466064453125,276.466064453125,200.58413696289062,0
2018-08-23,MTL,276.466064453125,276.466064453125,276.466064453125,276.466064453125,200.58413696289062,0
2018-08-24,MTL,276.4637756347656,282.8860168457031,276.4637756347656,282.0431213378906,204.63043212890625,17840
2018-08-27,MTL,279.89544677734375,289.0126647949219,279.89312744140625,284.34552001953125,206.30088806152344,55687
2018-08-28,MTL,286.5878601074219,288.20440673828125,282.8929443359375,283.86517333984375,205.952392578125,31957
2018-08-29,MTL,285.2022705078125,288.4353332519531,285.1560974121094,287.66632080078125,208.71022033691406,49105
2018-08-30,MTL,287.9157409667969,290.9755859375,284.047607421875,286.37310791015625,207.77197265625,93620
2018-08-31,MTL,289.8232421875,294.4396057128906,287.5115966796875,289.6800537109375,210.1712188720703,94313
2018-09-03,MTL,288.4353332519531,288.4353332519531,279.1980285644531,283.177001953125,205.45309448242188,42436
2018-09-04,MTL,284.0245056152344,286.35693359375,269.01849365234375,277.63690185546875,201.43360900878906,85652
2018-09-05,MTL,277.627685546875,280.5836181640625,272.5009460449219,275.851806640625,200.13845825195312,46420
2018-09-06,MTL,278.27197265625,279.428955078125,272.5009460449219,273.5955810546875,198.50146484375,25721
2018-09-07,MTL,278.0433349609375,278.9693908691406,272.7319030761719,275.9002990722656,200.17364501953125,32217
2018-09-10,MTL,275.9649658203125,278.27197265625,272.0414123535156,276.918701171875,200.9125213623047,14203
2018-09-11,MTL,277.0965270996094,277.58148193359375,272.5009460449219,274.2791442871094,198.9974365234375,324336
2018-09-12,MTL,276.8840637207031,276.888671875,260.95660400390625,261.508544921875,189.73199462890625,99422
2018-09-13,MTL,259.80194091796875,264.98870849609375,259.80194091796875,262.36529541015625,190.3535919189453,48931
2018-09-14,MTL,263.2613220214844,267.8822937011719,262.1089782714844,263.2774963378906,191.0154571533203,39838
2018-09-17,MTL,262.1089782714844,267.8822937011719,254.0263214111328,262.1366882324219,190.187744140625,71795
2018-09-18,MTL,262.56622314453125,267.6513671875,260.9543151855469,265.80621337890625,192.85009765625,56726
2018-09-19,MTL,265.5729675292969,265.5729675292969,258.6449890136719,261.3053283691406,189.58456420898438,447662
2018-09-20,MTL,261.3053283691406,261.3053283691406,261.3053283691406,261.3053283691406,189.58456420898438,0
2018-09-21,MTL,261.3053283691406,261.3053283691406,261.3053283691406,261.3053283691406,189.58456420898438,0
2018-09-24,MTL,265.5729675292969,265.5729675292969,249.6385955810547,251.1881561279297,182.24427795410156,56466
2018-09-25,MTL,255.1786651611328,255.1809844970703,242.4819793701172,245.33399963378906,177.99693298339844,52569
2018-09-26,MTL,242.4796600341797,246.6041259765625,240.1703338623047,241.872314453125,175.4853515625,31437
2018-09-27,MTL,242.36419677734375,247.09832763671875,240.1703338623047,244.33868408203125,177.27476501464844,41310
2018-09-28,MTL,241.3480987548828,243.63201904296875,232.31861877441406,234.20071411132812,169.9193878173828,87124
2018-10-01,MTL,235.54705810546875,240.1703338623047,230.93301391601562,234.19378662109375,169.91436767578125,35248
2018-10-02,MTL,234.632568359375,240.16802978515625,226.5452880859375,232.21238708496094,168.47679138183594,132419
2018-10-03,MTL,232.20314025878906,236.4730987548828,227.46902465820312,231.1847381591797,167.731201171875,61056
2018-10-04,MTL,232.08767700195312,232.7804718017578,229.33958435058594,230.6304931640625,167.32908630371094,507160
2018-10-05,MTL,232.08767700195312,232.08767700195312,221.69569396972656,228.4135284423828,165.72061157226562,163943
2018-10-08,MTL,230.00927734375,230.00927734375,216.993896484375,219.0053253173828,158.89471435546875,73441
2018-10-09,MTL,219.38404846191406,229.953857421875,217.07704162597656,224.1043243408203,162.59414672851562,468534
2018-10-10,MTL,220.88973999023438,225.15968322753906,219.5018310546875,222.04209899902344,161.0979461669922,93620
2018-10-11,MTL,221.71878051757812,230.93301391601562,210.95730590820312,220.66111755371094,160.09596252441406,269948
2018-10-12,MTL,225.15968322753906,228.39044189453125,218.6935577392578,224.65394592285156,162.99293518066406,119428
2018-10-15,MTL,221.69569396972656,224.00502014160156,217.76983642578125,219.17620849609375,159.0186767578125,124105
2018-10-16,MTL,218.26634216308594,225.3883056640625,213.613037109375,214.82081604003906,155.8586883544922,241974
2018-10-17,MTL,214.7677001953125,225.390625,214.7677001953125,221.63795471191406,160.8047637939453,255225
2018-10-18,MTL,221.69569396972656,228.62136840820312,218.92449951171875,224.8548583984375,163.13868713378906,138828
2018-10-19,MTL,226.31436157226562,232.08767700195312,224.46688842773438,230.67898559570312,167.36424255371094,102800
2018-10-22,MTL,213.6245880126953,221.4647674560547,213.6245880126953,218.39566040039062,163.35853576660156,85565
2018-10-23,MTL,217.07704162597656,219.38636779785156,215.24111938476562,215.7099151611328,161.349609375,51183
2018-10-24,MTL,218.00076293945312,226.49447631835938,218.00076293945312,226.49447631835938,169.4163818359375,295410
2018-10-25,MTL,234.3946990966797,237.81712341308594,226.5452880859375,237.81712341308594,177.8856658935547,404273
2018-10-26,MTL,241.0940704345703,249.6385955810547,227.75306701660156,237.21670532226562,177.43653869628906,505168
2018-10-29,MTL,237.62545776367188,242.4796600341797,229.77835083007812,235.8241729736328,176.39491271972656,302685
2018-10-30,MTL,236.68093872070312,236.68324279785156,229.78065490722656,230.7875213623047,172.62753295898438,104186
2018-10-31,MTL,229.08555603027344,235.5493621826172,226.31436157226562,229.83609008789062,171.91586303710938,273412
2018-11-01,MTL,229.08555603027344,233.24234008789062,227.70457458496094,232.10153198242188,173.6104278564453,112586
2018-11-02,MTL,230.93301391601562,237.8610076904297,230.93301391601562,232.2747344970703,173.73997497558594,88510
2018-11-05,MTL,231.166259765625,240.1703338623047,228.62368774414062,235.32073974609375,176.01837158203125,290473
2018-11-06,MTL,233.24234008789062,234.39700317382812,231.1639404296875,232.011474609375,173.5430450439453,306235
2018-11-07,MTL,233.24234008789062,235.5516815185547,231.6258087158203,232.75045776367188,174.09579467773438,204215
2018-11-08,MTL,233.23773193359375,233.24465942382812,230.93301391601562,232.96060180664062,174.2529754638672,34642
2018-11-09,MTL,233.0067901611328,233.24234008789062,231.6258087158203,232.69964599609375,174.05776977539062,76385
2018-11-12,MTL,231.1639404296875,237.85638427734375,229.77835083007812,230.1686248779297,172.16464233398438,37413
2018-11-13,MTL,228.8546142578125,233.24234008789062,228.62368774414062,230.79214477539062,172.63101196289062,71622
2018-11-14,MTL,228.8546142578125,232.08767700195312,228.8546142578125,230.8106231689453,172.64483642578125,70150
2018-11-15,MTL,230.93301391601562,233.01141357421875,230.2540740966797,230.53350830078125,172.43753051757812,34901
2018-11-16,MTL,228.87771606445312,230.93301391601562,228.6005859375,228.73684692382812,171.09365844726562,143158
2018-11-19,MTL,228.8546142578125,229.77835083007812,228.3927459716797,229.2333526611328,171.4650115966797,96911
2018-11-20,MTL,228.62831115722656,230.124755859375,228.62831115722656,229.2402801513672,171.47024536132812,47806
2018-11-21,MTL,229.2402801513672,229.2402801513672,229.2402801513672,229.2402801513672,171.47024536132812,0
2018-11-22,MTL,228.87771606445312,232.08767700195312,228.8546142578125,230.27947998046875,172.24752807617188,48845
2018-11-23,MTL,229.78065490722656,230.93301391601562,228.1618194580078,229.89151000976562,171.95733642578125,71795
2018-11-26,MTL,228.85923767089844,230.6766815185547,227.46902465820312,229.01858520507812,171.30438232421875,43908
2018-11-27,MTL,228.69296264648438,230.35568237304688,226.77621459960938,229.81298828125,171.8986053466797,9699
2018-11-28,MTL,228.8546142578125,229.08555603027344,226.31436157226562,228.0093994140625,170.54953002929688,81062
2018-11-29,MTL,227.2380828857422,230.00927734375,227.0071563720703,228.5266876220703,170.9364471435547,63741
2018-11-30,MTL,227.699951171875,228.62368774414062,225.15968322753906,227.43899536132812,170.1228790283203,122026
2018-12-03,MTL,225.16200256347656,225.1827850341797,217.31259155273438,221.00289916992188,165.30870056152344,50404
2018-12-04,MTL,226.31436157226562,226.31436157226562,216.61517333984375,219.4071502685547,164.11512756347656,1069920
2018-12-05,MTL,220.54103088378906,222.85035705566406,218.23170471191406,221.6887664794922,165.82171630859375,110508
2018-12-06,MTL,219.38636779785156,221.69569396972656,210.60629272460938,210.60629272460938,157.53213500976562,310393
2018-12-07,MTL,213.38211059570312,213.613037109375,203.22105407714844,208.97360229492188,156.31089782714844,144977
2018-12-10,MTL,211.78636169433594,213.613037109375,210.15135192871094,212.36138916015625,158.8449249267578,44341
2018-12-11,MTL,212.92254638671875,214.0749053955078,209.80264282226562,212.11428833007812,158.6601104736328,24682
2018-12-12,MTL,207.8651123046875,209.91810607910156,201.5098419189453,202.4104766845703,151.40170288085938,203608
2018-12-13,MTL,200.91172790527344,202.06639099121094,196.29306030273438,198.96495056152344,148.82449340820312,120900
2018-12-14,MTL,199.29519653320312,205.53038024902344,196.29306030273438,202.98318481445312,151.830078125,68677
2018-12-17,MTL,201.60452270507812,203.22105407714844,198.60238647460938,202.50054931640625,151.4690704345703,13510
2018-12-18,MTL,199.75706481933594,203.91384887695312,196.29306030273438,201.4521026611328,150.68484497070312,444024
2018-12-19,MTL,202.75918579101562,203.22105407714844,200.91172790527344,202.45436096191406,151.4345245361328,8227
2018-12-20,MTL,204.3734130859375,212.4583740234375,200.91172790527344,209.22531127929688,156.49916076660156,50057
2018-12-21,MTL,210.1490478515625,211.3037109375,203.22105407714844,206.48182678222656,154.44705200195312,167667
2018-12-24,MTL,210.1490478515625,213.613037109375,203.47508239746094,212.78860473632812,159.1644744873047,50837
2018-12-25,MTL,212.78860473632812,212.78860473632812,212.78860473632812,212.78860473632812,159.1644744873047,0
2018-12-26,MTL,211.53463745117188,211.53463745117188,203.48663330078125,207.6849822998047,155.34698486328125,65646
2018-12-27,MTL,205.76132202148438,207.60877990722656,205.53038024902344,207.38246154785156,155.1207275390625,25981
2018-12-28,MTL,202.06639099121094,207.585693359375,199.75706481933594,201.5098419189453,150.72804260253906,123412
2018-12-31,MTL,200.91172790527344,201.37359619140625,191.43653869628906,192.1339569091797,143.71495056152344,263972
2019-01-01,MTL,191.67440795898438,195.83119201660156,182.89894104003906,189.47592163085938,141.72674560546875,205470
2019-01-02,MTL,188.2104034423828,188.2104034423828,180.0030517578125,180.13006591796875,134.73609924316406,225173
2019-01-03,MTL,178.97308349609375,180.820556640625,174.81629943847656,179.3541259765625,134.15570068359375,34209
2019-01-04,MTL,176.89468383789062,183.5617218017578,176.89468383789062,181.9636688232422,136.1075897216797,43086
2019-01-07,MTL,180.83209228515625,186.1320037841797,180.82286071777344,185.43690490722656,138.70556640625,47416
2019-01-08,MTL,184.7464141845703,191.0000762939453,182.4370880126953,184.4993133544922,138.00428771972656,473946
2019-01-09,MTL,184.74411010742188,187.0557403564453,179.43495178222656,181.82049560546875,136.0005340576172,317624
2019-01-10,MTL,181.972900390625,190.91001892089844,180.12774658203125,185.36761474609375,138.65374755859375,672272
2019-01-11,MTL,182.4370880126953,194.6349639892578,176.89700317382812,183.61253356933594,137.3409881591797,1314450
2019-01-14,MTL,179.89219665527344,183.1298828125,177.81842041015625,178.93844604492188,133.84475708007812,488453
2019-01-15,MTL,179.43495178222656,179.43495178222656,175.50909423828125,176.39817810058594,131.94468688964844,259815
2019-01-16,MTL,177.05633544921875,179.43495178222656,175.50909423828125,175.6083984375,131.3539276123047,654085
2019-01-17,MTL,176.89468383789062,177.12330627441406,174.81629943847656,175.83470153808594,131.523193359375,214997
2019-01-18,MTL,175.50909423828125,177.7953338623047,167.775146484375,173.60389709472656,129.85458374023438,174076
2019-01-21,MTL,176.66375732421875,177.87615966796875,174.35443115234375,177.38888549804688,132.6857147216797,101328
2019-01-22,MTL,176.66375732421875,178.97308349609375,176.20188903808594,177.76760864257812,132.96900939941406,71232
2019-01-23,MTL,175.74002075195312,183.8226776123047,175.74002075195312,182.54100036621094,136.5395050048828,106091
2019-01-24,MTL,190.98159790039062,190.98159790039062,186.36294555664062,187.87554931640625,140.5296630859375,198109
2019-01-25,MTL,190.5220489501953,193.51956176757812,187.57534790039062,191.84298706054688,143.49729919433594,114318
2019-01-28,MTL,191.67440795898438,194.907470703125,190.98159790039062,193.29554748535156,144.58380126953125,85955
2019-01-29,MTL,190.98391723632812,197.9095916748047,190.98391723632812,196.87501525878906,147.26123046875,267826
2019-01-30,MTL,198.60238647460938,201.37359619140625,198.55389404296875,200.3320770263672,149.84707641601562,163250
2019-01-31,MTL,199.526123046875,205.53038024902344,199.526123046875,204.42420959472656,152.90797424316406,108039
2019-02-01,MTL,204.14479064941406,208.76344299316406,201.1888427734375,207.29933166503906,155.05853271484375,192913
2019-02-04,MTL,208.52096557617188,217.07704162597656,208.52096557617188,213.4075164794922,159.62744140625,332780
2019-02-05,MTL,213.4075164794922,213.4075164794922,213.4075164794922,213.4075164794922,159.62744140625,0
2019-02-06,MTL,214.74229431152344,215.92236328125,210.20677185058594,212.0265350341797,158.59446716308594,115401
2019-02-07,MTL,212.45606994628906,213.33592224121094,210.403076171875,211.83485412597656,158.4510498046875,60407
2019-02-08,MTL,211.7655792236328,212.4583740234375,207.14691162109375,209.8765411376953,156.98626708984375,91801
2019-02-11,MTL,209.6871795654297,210.26451110839844,205.99224853515625,208.3824005126953,155.86865234375,46333
2019-02-12,MTL,207.83970642089844,207.83970642089844,199.0642547607422,203.19334411621094,151.98727416992188,178406
2019-02-13,MTL,202.75918579101562,206.91598510742188,196.29306030273438,200.9163360595703,150.2841033935547,80326
2019-02-14,MTL,200.9071044921875,202.06639099121094,193.05999755859375,198.2698516845703,148.30453491210938,145063
2019-02-15,MTL,198.39454650878906,200.10345458984375,196.5240020751953,197.4869842529297,147.718994140625,64520
2019-02-18,MTL,198.60238647460938,199.75706481933594,193.98373413085938,196.34848022460938,146.86737060546875,67768
2019-02-19,MTL,196.39698791503906,197.6786651611328,196.29306030273438,196.96739196777344,147.330322265625,45467
2019-02-20,MTL,196.2953643798828,196.341552734375,195.13839721679688,196.16836547851562,146.73265075683594,58241
2019-02-21,MTL,196.7549285888672,197.44541931152344,192.8313751220703,194.84280395507812,145.7411346435547,228421
2019-02-22,MTL,195.1407012939453,198.60238647460938,194.21466064453125,196.29306030273438,146.82589721679688,85522
2019-02-25,MTL,196.5240020751953,196.5240020751953,193.2909393310547,194.18234252929688,145.24713134765625,240329
2019-02-26,MTL,191.67440795898438,196.0621337890625,187.3444061279297,190.54283142089844,142.5247802734375,243793
2019-02-27,MTL,184.75796508789062,195.12684631347656,181.28240966796875,193.5357208251953,144.76344299316406,109122
2019-02-28,MTL,188.63763427734375,192.30023193359375,184.74871826171875,190.93310546875,146.75680541992188,234700
2019-03-01,MTL,193.98143005371094,193.98373413085938,189.6537322998047,190.9238739013672,146.7497100830078,61273
2019-03-04,MTL,185.9588165283203,191.21253967285156,185.9588165283203,189.68838500976562,145.80007934570312,42220
2019-03-05,MTL,188.2104034423828,189.82693481445312,185.67015075683594,187.41368103027344,144.05165100097656,66252
2019-03-06,MTL,189.81539916992188,189.81539916992188,184.9773406982422,186.0604248046875,143.01150512695312,95049
2019-03-07,MTL,186.1897430419922,188.90321350097656,182.89894104003906,187.83860778808594,144.37828063964844,84007
2019-03-08,MTL,185.9010772705078,188.44134521484375,184.7464141845703,187.31439208984375,143.975341796875,40271
2019-03-11,MTL,187.0557403564453,188.83392333984375,184.74871826171875,188.0579833984375,144.54690551757812,24032
2019-03-12,MTL,189.12721252441406,193.2909393310547,186.36294555664062,189.32582092285156,145.5214080810547,136403
2019-03-13,MTL,190.28880310058594,190.51742553710938,188.44134521484375,189.97935485839844,146.023681640625,26414
2019-03-14,MTL,188.67457580566406,190.75067138671875,188.2104034423828,190.1894989013672,146.18524169921875,24249
2019-03-15,MTL,188.62840270996094,190.05787658691406,187.0557403564453,187.98178100585938,144.48831176757812,76429
2019-03-18,MTL,188.2104034423828,188.67227172851562,187.0557403564453,188.40208435058594,144.81138610839844,54128
2019-03-19,MTL,188.44134521484375,191.67208862304688,188.2104034423828,190.09251403808594,146.11068725585938,152208
2019-03-20,MTL,189.3650665283203,191.67208862304688,188.67227172851562,190.1918182373047,146.18701171875,142249
2019-03-21,MTL,190.8661346435547,191.67440795898438,189.94239807128906,190.6906280517578,146.57040405273438,107390
2019-03-22,MTL,191.21484375,192.82907104492188,190.75067138671875,191.91456604003906,147.5111846923828,60840
2019-03-25,MTL,189.7114715576172,192.82907104492188,189.7114715576172,191.9930877685547,147.57151794433594,23166
2019-03-26,MTL,186.45069885253906,196.0159454345703,186.45069885253906,194.81739807128906,149.74237060546875,169313
2019-03-27,MTL,197.44772338867188,203.22105407714844,195.16148376464844,199.2328338623047,153.13621520996094,163250
2019-03-28,MTL,197.44772338867188,207.60877990722656,196.54708862304688,203.51434326171875,156.42709350585938,187067
2019-03-29,MTL,205.4818878173828,210.1490478515625,203.22105407714844,206.69659423828125,158.87307739257812,197676
2019-04-01,MTL,201.1426544189453,207.14691162109375,201.1426544189453,204.39649963378906,157.1051483154297,94832
2019-04-02,MTL,203.4519805908203,205.06851196289062,201.1426544189453,202.87234497070312,155.9336700439453,43735
2019-04-03,MTL,204.01084899902344,204.01084899902344,200.6807861328125,201.72230529785156,155.04969787597656,30961
2019-04-04,MTL,201.1426544189453,203.22105407714844,199.9879913330078,202.4959259033203,155.6443328857422,58025
2019-04-05,MTL,203.22105407714844,203.90692138671875,201.37359619140625,203.19334411621094,156.18035888671875,57375
2019-04-08,MTL,202.6437225341797,205.50729370117188,202.3319549560547,203.6575164794922,156.5371551513672,99812
2019-04-09,MTL,203.22105407714844,205.47265625,201.61607360839844,203.96926879882812,156.7767791748047,119515
2019-04-10,MTL,203.22105407714844,204.83758544921875,202.07794189453125,203.74526977539062,156.60459899902344,133372
2019-04-11,MTL,203.22105407714844,204.37109375,201.3966827392578,203.88844299316406,156.71463012695312,62788
2019-04-12,MTL,196.3046112060547,205.53038024902344,196.3046112060547,204.47732543945312,157.1672821044922,157404
2019-04-15,MTL,204.6066436767578,207.7080841064453,203.4519805908203,206.35018920898438,158.6068115234375,215646
2019-04-16,MTL,205.53038024902344,207.83970642089844,204.37571716308594,206.76126098632812,158.92276000976562,36374
2019-04-17,MTL,206.6827392578125,207.1446075439453,203.68753051757812,206.56495666503906,158.77188110351562,39621
2019-04-18,MTL,205.528076171875,206.22317504882812,204.6066436767578,206.01072692871094,158.3459014892578,19486
2019-04-19,MTL,206.66195678710938,207.83740234375,205.53269958496094,206.36866760253906,158.6210174560547,34209
2019-04-22,MTL,204.4126739501953,207.14691162109375,204.4126739501953,206.5233917236328,158.7399139404297,18187
2019-04-23,MTL,206.6827392578125,206.68504333496094,204.83758544921875,206.4564208984375,158.6884765625,31394
2019-04-24,MTL,205.08236694335938,206.45411682128906,204.37571716308594,205.6227569580078,158.0476837158203,34209
2019-04-25,MTL,206.22317504882812,206.33865356445312,203.22105407714844,203.9600372314453,156.76968383789062,332780
2019-04-26,MTL,204.77291870117188,214.0749053955078,201.6507110595703,208.3269805908203,160.12623596191406,67119
2019-04-29,MTL,205.76132202148438,210.1490478515625,205.06851196289062,208.52096557617188,160.27536010742188,218245
2019-04-30,MTL,208.2784881591797,216.037841796875,205.53269958496094,209.8557586669922,161.30128479003906,235133
2019-05-01,MTL,209.8557586669922,209.8557586669922,209.8557586669922,209.8557586669922,161.30128479003906,0
2019-05-02,MTL,209.6871795654297,211.97341918945312,205.64584350585938,207.87896728515625,159.78187561035156,18620
2019-05-03,MTL,207.87896728515625,207.87896728515625,207.87896728515625,207.87896728515625,159.78187561035156,0
2019-05-06,MTL,205.52577209472656,205.52577209472656,196.29306030273438,204.70826721191406,157.3448028564453,151992
2019-05-07,MTL,198.60470581054688,205.29945373535156,198.60470581054688,204.95074462890625,157.53115844726562,122762
2019-05-08,MTL,199.8263397216797,203.68292236328125,197.44772338867188,203.30880737304688,156.2691192626953,165848
2019-05-09,MTL,200.67617797851562,202.0432891845703,197.44772338867188,197.46157836914062,151.77474975585938,6928
2019-05-10,MTL,193.98373413085938,204.83758544921875,193.98373413085938,203.74757385253906,156.6063690185547,177757
2019-05-13,MTL,208.5325164794922,208.5325164794922,193.56112670898438,202.85386657714844,155.91946411132812,252021
2019-05-14,MTL,196.5240020751953,202.06639099121094,194.3324432373047,199.9094696044922,153.6562957763672,56509
2019-05-15,MTL,195.16842651367188,201.25811767578125,194.07611083984375,200.27203369140625,153.93496704101562,189232
2019-05-16,MTL,194.56106567382812,198.3714599609375,190.78530883789062,196.08291625976562,150.715087890625,65170
2019-05-17,MTL,192.8313751220703,194.67652893066406,187.51991271972656,193.58653259277344,148.7963104248047,260248
2019-05-20,MTL,190.5197296142578,191.66285705566406,183.9081268310547,189.26345825195312,145.4734649658203,234050
2019-05-21,MTL,187.97947692871094,188.2104034423828,183.36080932617188,186.00498962402344,142.96890258789062,113669
2019-05-22,MTL,187.28668212890625,193.97218322753906,186.36294555664062,193.58421325683594,148.79452514648438,215646
2019-05-23,MTL,193.98373413085938,195.13839721679688,192.13626098632812,194.07379150390625,149.1708221435547,415488
2019-05-24,MTL,190.5197296142578,192.0207977294922,189.3650665283203,190.05325317382812,146.0805206298828,182087
2019-05-27,MTL,185.92416381835938,193.52186584472656,185.20828247070312,190.5289764404297,146.44615173339844,203305
2019-05-28,MTL,187.51991271972656,193.98373413085938,181.28240966796875,190.48971557617188,146.41598510742188,467668
2019-05-29,MTL,190.48971557617188,190.48971557617188,190.48971557617188,190.48971557617188,146.41598510742188,0
2019-05-30,MTL,192.82907104492188,199.75706481933594,192.59812927246094,199.158935546875,153.07940673828125,312861
2019-05-31,MTL,199.158935546875,199.158935546875,199.158935546875,199.158935546875,153.07940673828125,0
2019-06-03,MTL,195.1407012939453,199.7339630126953,192.82907104492188,199.1219940185547,153.05101013183594,423499
2019-06-04,MTL,199.1219940185547,199.1219940185547,199.1219940185547,199.1219940185547,153.05101013183594,0
2019-06-05,MTL,199.1219940185547,199.1219940185547,199.1219940185547,199.1219940185547,153.05101013183594,0
2019-06-06,MTL,199.1219940185547,199.1219940185547,199.1219940185547,199.1219940185547,153.05101013183594,0
2019-06-07,MTL,199.1219940185547,199.1219940185547,199.1219940185547,199.1219940185547,153.05101013183594,0
2019-06-10,MTL,193.52186584472656,199.0642547607422,191.67440795898438,196.6071319580078,151.1180419921875,130557
2019-06-11,MTL,195.13839721679688,196.98585510253906,195.13839721679688,196.37850952148438,150.9423065185547,19486
2019-06-12,MTL,196.29306030273438,198.14053344726562,192.82907104492188,196.28382873535156,150.86952209472656,96997
2019-06-13,MTL,197.216796875,197.44541931152344,194.4456024169922,195.6279754638672,150.3654327392578,66686
2019-06-14,MTL,194.56106567382812,196.03903198242188,193.98373413085938,194.94903564453125,149.84353637695312,20135
2019-06-17,MTL,195.13839721679688,195.13839721679688,193.98373413085938,194.7550506591797,149.6944580078125,8660
2019-06-18,MTL,193.2909393310547,194.9051513671875,190.5197296142578,193.9098358154297,149.04478454589844,18620
2019-06-19,MTL,192.59812927246094,193.98373413085938,190.05787658691406,191.60511779785156,147.27334594726562,96564
2019-06-20,MTL,193.47567749023438,194.907470703125,192.82907104492188,194.2400665283203,149.29864501953125,27713
2019-06-21,MTL,194.907470703125,196.29306030273438,193.06231689453125,194.6534423828125,149.61634826660156,37456
2019-06-24,MTL,192.25404357910156,195.13839721679688,185.32374572753906,190.59132385253906,146.49411010742188,64304
2019-06-25,MTL,187.0557403564453,190.58670043945312,186.16665649414062,190.51512145996094,146.4355010986328,203305
2019-06-26,MTL,186.82481384277344,195.13609313964844,186.5938720703125,193.32557678222656,148.59571838378906,179705
2019-06-27,MTL,191.67440795898438,196.0621337890625,189.4112548828125,193.1038818359375,148.42530822753906,47416
2019-06-28,MTL,193.51956176757812,199.526123046875,191.67208862304688,199.15200805664062,153.0740966796875,267393
2019-07-01,MTL,197.44772338867188,199.75706481933594,196.4085235595703,199.26979064941406,153.1645965576172,315675
2019-07-02,MTL,196.2953643798828,199.64158630371094,196.2953643798828,199.42913818359375,153.28709411621094,30961
2019-07-03,MTL,200.44985961914062,200.85398864746094,196.98585510253906,198.43380737304688,152.5220489501953,128392
2019-07-04,MTL,198.60238647460938,198.60238647460938,194.67652893066406,196.623291015625,151.1304473876953,17537
2019-07-05,MTL,194.44790649414062,198.09434509277344,193.98373413085938,197.5146942138672,151.81561279296875,8444
2019-07-08,MTL,196.7549285888672,197.4246368408203,194.67652893066406,196.7664794921875,151.24049377441406,17970
2019-07-09,MTL,196.29306030273438,197.216796875,193.29554748535156,196.28150939941406,150.86773681640625,38106
2019-07-10,MTL,195.03448486328125,196.05520629882812,194.3878631591797,195.74575805664062,150.4559326171875,3680
2019-07-11,MTL,194.21466064453125,196.29306030273438,193.98373413085938,196.20761108398438,150.81092834472656,21001
2019-07-12,MTL,196.29306030273438,196.29306030273438,192.82907104492188,193.7966766357422,148.9578094482422,291209
2019-07-15,MTL,193.2909393310547,193.98373413085938,190.53128051757812,192.75747680664062,148.1590576171875,11042
2019-07-16,MTL,195.13839721679688,195.13839721679688,190.75067138671875,192.60968017578125,148.0454559326172,38755
2019-07-17,MTL,193.97911071777344,193.98373413085938,188.2104034423828,190.73681640625,146.60592651367188,42869
2019-07-18,MTL,195.13609313964844,195.13839721679688,186.94027709960938,190.02554321289062,146.05921936035156,187500
2019-07-19,MTL,189.36276245117188,190.2841796875,187.05343627929688,190.06710815429688,146.09117126464844,51097
2019-07-22,MTL,189.3650665283203,190.5197296142578,187.0557403564453,188.57066345214844,144.9409637451172,16238
2019-07-23,MTL,188.20809936523438,188.42979431152344,184.9773406982422,186.40451049804688,143.27597045898438,50880
2019-07-24,MTL,186.40451049804688,186.40451049804688,184.74411010742188,184.7464141845703,142.0015106201172,17321
2019-07-25,MTL,184.74411010742188,184.74411010742188,178.28028869628906,182.65415954589844,140.3933563232422,39838
2019-07-26,MTL,181.28472900390625,183.4762725830078,173.66162109375,179.94300842285156,138.3094940185547,82707
2019-07-29,MTL,179.91990661621094,180.12774658203125,173.91334533691406,178.80450439453125,137.43441772460938,39838
2019-07-30,MTL,175.5321807861328,181.2801055908203,175.5321807861328,180.28709411621094,138.57394409179688,28579
2019-07-31,MTL,180.3586883544922,182.20614624023438,180.12774658203125,181.34938049316406,139.39047241210938,58891
2019-08-01,MTL,181.3378448486328,181.34014892578125,178.28028869628906,181.05148315429688,139.1614990234375,12124
2019-08-02,MTL,181.05148315429688,181.05148315429688,175.50909423828125,178.8645477294922,137.48056030273438,15805
2019-08-05,MTL,176.66375732421875,176.89468383789062,174.365966796875,176.03330993652344,135.30435180664062,18187
2019-08-06,MTL,175.50909423828125,176.4328155517578,173.19976806640625,174.53224182128906,134.15061950683594,21218
2019-08-07,MTL,174.53224182128906,174.53224182128906,174.53224182128906,174.53224182128906,134.15061950683594,0
2019-08-08,MTL,169.04527282714844,169.7357635498047,166.50270080566406,168.09152221679688,129.2000732421875,35724
2019-08-09,MTL,167.4264373779297,167.4264373779297,165.12864685058594,166.1863250732422,127.73567199707031,14073
2019-08-12,MTL,166.1863250732422,166.1863250732422,166.1863250732422,166.1863250732422,127.73567199707031,0
2019-08-13,MTL,166.1863250732422,166.1863250732422,166.1863250732422,166.1863250732422,127.73567199707031,0
2019-08-14,MTL,166.1863250732422,166.1863250732422,166.1863250732422,166.1863250732422,127.73567199707031,0
2019-08-15,MTL,166.1863250732422,166.1863250732422,166.1863250732422,166.1863250732422,127.73567199707031,0
2019-08-16,MTL,165.1147918701172,165.1147918701172,157.87734985351562,157.87734985351562,121.34917449951172,72098
2019-08-19,MTL,160.0365753173828,161.42218017578125,150.10646057128906,155.33016967773438,119.39131164550781,144414
2019-08-20,MTL,153.5935516357422,157.03445434570312,153.58892822265625,156.0368194580078,119.93446350097656,206553
2019-08-21,MTL,154.2632598876953,156.8035125732422,154.07850646972656,156.14535522460938,120.01791381835938,28146
2019-08-22,MTL,158.18911743164062,159.11285400390625,155.53338623046875,156.75271606445312,120.4847412109375,636548
2019-08-23,MTL,156.99981689453125,156.99981689453125,153.57276916503906,155.574951171875,119.57950592041016,66902
2019-08-26,MTL,154.72511291503906,155.99525451660156,152.646728515625,154.65353393554688,118.87125396728516,79676
2019-08-27,MTL,152.8799591064453,154.9560546875,152.8799591064453,154.72511291503906,118.92627716064453,30744
2019-08-28,MTL,154.9560546875,154.9560546875,154.44337463378906,154.67201232910156,118.88545989990234,45684
2019-08-29,MTL,154.72511291503906,154.72743225097656,152.41578674316406,153.45498657226562,117.95000457763672,39405
2019-08-30,MTL,154.72511291503906,154.72511291503906,152.41578674316406,154.00460815429688,118.3724594116211,31177
2019-09-02,MTL,153.57044982910156,153.57044982910156,152.1848602294922,152.58668518066406,117.2826156616211,22517
2019-09-03,MTL,153.10858154296875,153.10858154296875,150.56832885742188,151.69528198242188,116.59745788574219,12774
2019-09-04,MTL,150.1087646484375,155.6488494873047,147.79713439941406,153.59815979003906,118.06002807617188,29445
2019-09-05,MTL,153.57044982910156,161.1912384033203,153.57044982910156,160.1774444580078,123.11710357666016,286446
2019-09-06,MTL,165.1171112060547,165.1171112060547,160.0365753173828,162.37362670898438,124.80513000488281,170612
2019-09-09,MTL,162.37362670898438,162.37362670898438,162.37362670898438,162.37362670898438,124.80513000488281,0
2019-09-10,MTL,162.37362670898438,162.37362670898438,162.37362670898438,162.37362670898438,124.80513000488281,0
2019-09-11,MTL,162.83087158203125,168.0961456298828,162.33436584472656,167.23707580566406,128.5433349609375,179922
2019-09-12,MTL,169.59719848632812,169.59719848632812,167.4264373779297,167.7635955810547,128.9480438232422,162817
2019-09-13,MTL,167.0800323486328,168.3270721435547,160.49844360351562,161.55149841308594,124.1732177734375,328233
2019-09-16,MTL,162.80776977539062,162.80776977539062,160.49844360351562,161.59075927734375,124.20343017578125,89203
2019-09-17,MTL,160.72938537597656,161.88404846191406,159.57470703125,160.66934204101562,123.49517822265625,71882
2019-09-18,MTL,159.45924377441406,161.65310668945312,159.45924377441406,160.6924285888672,123.51293182373047,20785
2019-09-19,MTL,159.85183715820312,162.34359741210938,159.80564880371094,162.05723571777344,124.56193542480469,39405
2019-09-20,MTL,162.80776977539062,165.09400939941406,161.65310668945312,162.0364532470703,124.54595184326172,146362
2019-09-23,MTL,162.4613800048828,162.78468322753906,161.21664428710938,161.57228088378906,124.18919372558594,33559
2019-09-24,MTL,161.42218017578125,162.34359741210938,160.49844360351562,161.5884552001953,124.20166015625,24032
2019-09-25,MTL,162.3459014892578,162.73619079589844,160.731689453125,160.82867431640625,123.6176528930664,59324
2019-09-26,MTL,160.49844360351562,161.1912384033203,159.34378051757812,159.88185119628906,122.88987731933594,26847
2019-09-27,MTL,160.26751708984375,161.65310668945312,160.0365753173828,161.65310668945312,124.25130462646484,55210
2019-09-30,MTL,162.57684326171875,162.8054656982422,161.42218017578125,161.6346435546875,124.2371597290039,22950
2019-10-01,MTL,161.65310668945312,162.80776977539062,161.65310668945312,162.35745239257812,124.79271697998047,156105
2019-10-02,MTL,163.95089721679688,163.95089721679688,161.88404846191406,162.41519165039062,124.83709716796875,63871
2019-10-03,MTL,163.7292022705078,165.1171112060547,162.80776977539062,164.31576538085938,126.29792022705078,78161
2019-10-04,MTL,165.1171112060547,165.1171112060547,163.8469696044922,164.53285217285156,126.46475982666016,51746
2019-10-07,MTL,164.21646118164062,166.733642578125,164.21646118164062,165.63670349121094,127.31324768066406,85955
2019-10-08,MTL,166.2717742919922,166.733642578125,164.88848876953125,165.2556610107422,127.02035522460938,51313
2019-10-09,MTL,165.11941528320312,166.2717742919922,163.9624481201172,166.23944091796875,127.77652740478516,24249
2019-10-10,MTL,166.2717742919922,169.27389526367188,166.2717742919922,167.66661071777344,128.8734588623047,124928
2019-10-11,MTL,168.5811004638672,172.0450897216797,168.3501739501953,170.9412384033203,131.39047241210938,102627
2019-10-14,MTL,171.352294921875,174.1234893798828,167.4264373779297,170.9112091064453,131.36737060546875,108256
2019-10-15,MTL,170.9181365966797,174.09808349609375,170.8904266357422,173.1096954345703,133.05718994140625,184036
2019-10-16,MTL,173.23440551757812,175.7377166748047,173.23440551757812,174.44911193847656,134.0867156982422,483257
2019-10-17,MTL,167.5733642578125,167.5733642578125,162.11497497558594,162.5384521484375,128.3294219970703,77559
2019-10-18,MTL,163.91798400878906,163.93096923828125,161.5953826904297,161.98507690429688,127.89250946044922,28098
2019-10-21,MTL,163.1541748046875,163.1541748046875,155.1003875732422,155.8538055419922,123.05167388916016,85065
2019-10-22,MTL,155.1003875732422,157.04888916015625,152.5023956298828,156.7085418701172,123.7265396118164,17128
2019-10-23,MTL,156.6591796875,158.47518920898438,156.6591796875,157.072265625,124.01371002197266,21555
2019-10-24,MTL,157.1787872314453,158.477783203125,153.2817840576172,153.9546661376953,121.5522689819336,46189
2019-10-25,MTL,150.70977783203125,155.61997985839844,150.70977783203125,153.4740447998047,121.17281341552734,29445
2019-10-28,MTL,154.06639099121094,155.87718200683594,151.72299194335938,151.90484619140625,119.93385314941406,138760
2019-10-29,MTL,151.46319580078125,151.9827880859375,151.2163848876953,151.6190643310547,119.70821380615234,30215
2019-10-30,MTL,151.9827880859375,152.76219177246094,151.72299194335938,152.1724395751953,120.14512634277344,24057
2019-10-31,MTL,152.1724395751953,153.8013916015625,152.1724395751953,153.29217529296875,121.02920532226562,72940
2019-11-01,MTL,154.4508819580078,156.39938354492188,153.54159545898438,155.43812561035156,122.7235107421875,54849
2019-11-04,MTL,155.87979125976562,160.0365753173828,155.87979125976562,159.54295349121094,125.96436309814453,56582
2019-11-05,MTL,160.0365753173828,160.42628479003906,158.73757934570312,158.96360778808594,125.50696563720703,44457
2019-11-06,MTL,160.0365753173828,163.1541748046875,160.0365753173828,161.43429565429688,127.45767211914062,59083
2019-11-07,MTL,164.7129669189453,164.7129669189453,161.60836791992188,163.6010284423828,129.16836547851562,100846
2019-11-08,MTL,164.77792358398438,164.77792358398438,163.1541748046875,163.74131774902344,129.27915954589844,163972
2019-11-11,MTL,164.68699645996094,168.84378051757812,164.68699645996094,166.2172088623047,131.23391723632812,125288
2019-11-12,MTL,169.5426483154297,169.5426483154297,163.67637634277344,164.67919921875,130.01962280273438,140107
2019-11-13,MTL,163.67376708984375,164.9727783203125,162.37217712402344,164.21156311035156,129.65042114257812,58121
2019-11-14,MTL,166.2717742919922,172.42123413085938,164.98056030273438,172.42123413085938,136.13223266601562,1242688
2019-11-15,MTL,174.06576538085938,181.0413818359375,173.8059539794922,181.0413818359375,142.9381103515625,1006929
2019-11-18,MTL,185.75674438476562,190.09280395507812,185.75674438476562,190.00965881347656,150.0188751220703,1207084
2019-11-19,MTL,192.23873901367188,194.57693481445312,185.4969482421875,186.00355529785156,146.8558807373047,367975
2019-11-20,MTL,186.02174377441406,186.02174377441406,179.78135681152344,180.610107421875,142.59759521484375,385874
2019-11-21,MTL,180.5607452392578,181.85975646972656,174.0865478515625,174.45545959472656,137.73828125,424942
2019-11-22,MTL,174.58535766601562,181.34014892578125,174.58535766601562,179.5657196044922,141.77304077148438,575828
2019-11-25,MTL,179.26174926757812,180.3009490966797,176.66375732421875,177.91598510742188,140.4705047607422,288106
2019-11-26,MTL,180.3009490966797,182.1195526123047,172.7667694091797,174.33595275878906,137.6439666748047,1043303
2019-11-27,MTL,175.36476135253906,176.66375732421875,173.33831787109375,174.33074951171875,137.6398468017578,507314
2019-11-28,MTL,174.7152557373047,183.04702758789062,174.7152557373047,183.04702758789062,144.5216064453125,635297
2019-11-29,MTL,186.01394653320312,192.19717407226562,181.85975646972656,190.4799041748047,150.39013671875,3180527
2019-12-02,MTL,190.17333984375,190.95274353027344,184.45774841308594,186.4556121826172,147.2128143310547,206890
2019-12-03,MTL,187.0531463623047,187.83514404296875,181.91171264648438,182.1013641357422,143.77499389648438,132602
2019-12-04,MTL,185.23715209960938,185.23715209960938,181.85975646972656,183.70433044433594,145.0406036376953,96228
2019-12-05,MTL,185.23715209960938,186.27374267578125,179.2643585205078,180.17884826660156,142.2571258544922,266744
2019-12-06,MTL,179.26174926757812,181.32716369628906,178.74215698242188,180.4412384033203,142.46426391601562,81023
2019-12-09,MTL,179.52154541015625,180.3009490966797,176.66375732421875,177.26129150390625,139.95358276367188,74672
2019-12-10,MTL,177.183349609375,177.183349609375,174.61134338378906,175.538818359375,138.59364318847656,106620
2019-12-11,MTL,175.39073181152344,175.8843536376953,173.28636169433594,174.1177215576172,137.47164916992188,90261
2019-12-12,MTL,174.58535766601562,174.58535766601562,171.47036743164062,173.97482299804688,137.3588409423828,426482
2019-12-13,MTL,174.06576538085938,177.183349609375,173.8059539794922,175.63754272460938,138.6715850830078,93148
2019-12-16,MTL,175.37774658203125,184.4187774658203,175.37774658203125,184.4187774658203,145.6046905517578,295997
2019-12-17,MTL,186.79335021972656,186.79335021972656,180.5607452392578,182.1767120361328,143.83448791503906,229022
2019-12-18,MTL,180.5607452392578,183.93814086914062,180.5607452392578,180.92967224121094,142.84991455078125,91416
2019-12-19,MTL,179.52154541015625,184.71754455566406,179.26174926757812,181.73245239257812,143.48370361328125,359700
2019-12-20,MTL,182.3793487548828,182.89894104003906,179.26174926757812,181.4310760498047,143.24578857421875,155889
2019-12-23,MTL,178.22515869140625,181.85975646972656,178.22254943847656,179.17861938476562,141.46739196777344,64087
2019-12-24,MTL,181.59994506835938,181.85975646972656,176.6923370361328,181.0569610595703,142.9503936767578,145689
2019-12-25,MTL,181.0569610595703,181.0569610595703,181.0569610595703,181.0569610595703,142.9503936767578,0
2019-12-26,MTL,179.26174926757812,184.19534301757812,177.96275329589844,181.7090606689453,143.4652862548828,106620
2019-12-27,MTL,181.85975646972656,185.23715209960938,180.5633544921875,183.8030548095703,145.1185302734375,512510
2019-12-30,MTL,184.4317626953125,186.27633666992188,183.15875244140625,185.59567260742188,146.5338592529297,303503
2019-12-31,MTL,183.68093872070312,184.45774841308594,181.8623504638672,183.008056640625,144.49087524414062,102579
2020-01-01,MTL,182.95350646972656,184.45774841308594,182.3793487548828,183.7848663330078,145.1041717529297,48114
2020-01-02,MTL,184.45774841308594,186.53614807128906,183.6783447265625,184.83445739746094,145.93287658691406,155119
2020-01-03,MTL,184.97994995117188,187.83514404296875,183.95114135742188,184.8084716796875,145.91233825683594,241724
2020-01-06,MTL,181.85975646972656,183.15875244140625,180.3009490966797,181.10372924804688,142.98731994628906,178021
2020-01-07,MTL,182.3793487548828,185.75674438476562,181.34014892578125,185.4268035888672,146.40054321289062,138375
2020-01-08,MTL,183.93814086914062,184.84744262695312,179.78135681152344,182.94570922851562,144.44163513183594,413010
2020-01-09,MTL,185.75674438476562,189.6537322998047,184.1979522705078,186.56211853027344,147.2969207763672,487875
2020-01-10,MTL,186.27633666992188,188.84317016601562,184.45774841308594,187.7519989013672,148.2363739013672,161855
2020-01-13,MTL,186.01654052734375,189.6537322998047,185.75674438476562,189.1627197265625,149.35015869140625,108545
2020-01-14,MTL,189.13414001464844,190.17333984375,187.31553649902344,189.00164794921875,149.22299194335938,103348
2020-01-15,MTL,188.354736328125,189.6537322998047,187.83514404296875,189.17051696777344,149.3563232421875,35796
2020-01-16,MTL,189.49525451660156,190.17333984375,186.40625,189.6537322998047,149.7378387451172,39261
2020-01-17,MTL,187.0687255859375,190.04344177246094,185.8217010498047,189.89015197753906,149.9244842529297,30215
2020-01-20,MTL,188.354736328125,189.6537322998047,187.0557403564453,189.30821228027344,149.46505737304688,61585
2020-01-21,MTL,192.2257537841797,192.2257537841797,187.83514404296875,188.64572143554688,148.94198608398438,51963
2020-01-22,MTL,189.13414001464844,189.39393615722656,187.83514404296875,189.15492248535156,149.34400939941406,52155
2020-01-23,MTL,188.354736328125,190.69293212890625,187.0557403564453,189.7784423828125,149.83631896972656,170900
2020-01-24,MTL,189.6537322998047,192.25173950195312,188.8743438720703,191.54507446289062,151.23110961914062,122594
2020-01-27,MTL,190.95274353027344,191.4723358154297,189.6537322998047,191.08782958984375,150.87010192871094,42147
2020-01-28,MTL,190.17333984375,190.43313598632812,188.87693786621094,189.64854431152344,149.7337188720703,27713
2020-01-29,MTL,189.6537322998047,190.17333984375,189.39393615722656,189.4536895751953,149.57986450195312,7505
2020-01-30,MTL,189.4536895751953,190.43313598632812,188.8743438720703,190.1681365966797,150.14398193359375,15396
2020-01-31,MTL,189.67971801757812,190.56044006347656,189.39393615722656,189.64334106445312,149.72964477539062,94688
2020-02-03,MTL,188.92630004882812,189.6537322998047,181.85975646972656,183.935546875,145.22314453125,79099
2020-02-04,MTL,184.725341796875,186.7959442138672,184.725341796875,185.7853240966797,146.68359375,15973
2020-02-05,MTL,185.7853240966797,185.7853240966797,185.7853240966797,185.7853240966797,146.68359375,0
2020-02-06,MTL,186.01654052734375,187.0557403564453,184.9773406982422,185.99835205078125,146.85177612304688,30600
2020-02-07,MTL,185.75674438476562,185.75674438476562,181.34014892578125,182.3793487548828,143.99447631835938,60816
2020-02-10,MTL,181.85975646972656,181.85975646972656,173.54615783691406,174.95687866210938,138.13418579101562,68706
2020-02-11,MTL,172.7667694091797,181.34014892578125,172.51995849609375,176.83522033691406,139.61720275878906,99884
2020-02-12,MTL,177.96275329589844,180.3009490966797,177.183349609375,178.0458984375,140.57308959960938,18475
2020-02-13,MTL,176.14414978027344,179.23577880859375,176.14414978027344,178.4563751220703,140.89715576171875,11932
2020-02-14,MTL,175.42970275878906,176.66375732421875,174.06576538085938,175.23745727539062,138.355712890625,11547
2020-02-17,MTL,174.06576538085938,177.96275329589844,174.06576538085938,177.50550842285156,140.1464385986328,12509
2020-02-18,MTL,175.3673553466797,176.66375732421875,175.3673553466797,176.14935302734375,139.07568359375,10392
2020-02-19,MTL,176.14935302734375,176.14935302734375,176.14935302734375,176.14935302734375,139.07568359375,0
2020-02-20,MTL,186.01654052734375,186.01654052734375,181.88572692871094,182.3611602783203,143.98008728027344,54849
2020-02-21,MTL,181.85975646972656,181.85975646972656,174.58535766601562,179.73199462890625,141.904296875,16743
2020-02-24,MTL,184.45774841308594,186.53614807128906,180.5607452392578,181.8623504638672,143.58627319335938,994035
2020-02-25,MTL,183.899169921875,187.0531463623047,181.85975646972656,181.9480743408203,143.6539764404297,603157
2020-02-26,MTL,181.08035278320312,183.935546875,179.26174926757812,180.30615234375,142.3575897216797,170900
2020-02-27,MTL,177.31326293945312,179.26174926757812,175.91033935546875,177.04046630859375,139.7792510986328,838145
2020-02-28,MTL,174.06576538085938,176.40396118164062,171.46775817871094,172.44720458984375,136.1527099609375,385104
2020-03-02,MTL,170.21812438964844,179.001953125,170.21812438964844,177.65618896484375,140.26536560058594,197267
2020-03-03,MTL,177.7029571533203,179.52154541015625,172.5069580078125,172.7174072265625,136.36605834960938,176289
2020-03-04,MTL,172.7667694091797,174.8399658203125,169.3893585205078,170.36102294921875,134.50558471679688,181101
2020-03-05,MTL,172.7667694091797,173.23699951171875,168.86976623535156,169.54005432128906,133.85745239257812,276559
2020-03-06,MTL,168.86976623535156,170.16876220703125,166.2717742919922,167.1836700439453,131.99696350097656,90261
2020-03-09,MTL,155.87979125976562,168.60997009277344,155.87979125976562,166.26138305664062,131.26881408691406,216705
2020-03-10,MTL,166.2717742919922,166.7887725830078,163.67376708984375,165.8586883544922,133.0295867919922,155311
2020-03-11,MTL,165.75216674804688,166.2717742919922,164.58306884765625,165.25595092773438,132.54617309570312,66012
2020-03-12,MTL,159.51698303222656,170.16876220703125,158.477783203125,162.35919189453125,130.22274780273438,177059
2020-03-13,MTL,153.2817840576172,164.9727783203125,153.2817840576172,164.1829833984375,131.685546875,120669
2020-03-16,MTL,163.28147888183594,163.28147888183594,154.59378051757812,157.59185791015625,126.39903259277344,180716
2020-03-17,MTL,155.3601837158203,157.1787872314453,153.2817840576172,153.98583984375,123.50678253173828,97382
2020-03-18,MTL,153.2817840576172,153.2817840576172,142.43775939941406,143.65621948242188,115.22174072265625,157621
2020-03-19,MTL,133.04339599609375,142.75990295410156,132.88232421875,138.6576690673828,111.21257781982422,79676
2020-03-20,MTL,142.37020874023438,143.40940856933594,138.73300170898438,141.3310089111328,113.35677337646484,64280
2020-03-23,MTL,141.3310089111328,141.3310089111328,141.3310089111328,141.3310089111328,113.35677337646484,0
2020-03-24,MTL,130.73118591308594,130.93902587890625,130.73118591308594,130.73118591308594,104.85502624511719,39453
2020-03-25,MTL,133.53701782226562,133.53701782226562,120.92633819580078,121.71353149414062,97.62226104736328,202848
2020-03-26,MTL,126.52242279052734,130.83509826660156,124.70382690429688,126.37693786621094,101.36261749267578,94688
2020-03-27,MTL,126.39512634277344,133.79681396484375,125.61312866210938,129.969970703125,104.24446105957031,127790
2020-03-30,MTL,127.30182647705078,131.84571838378906,124.70382690429688,131.29234313964844,105.30510711669922,30792
2020-03-31,MTL,132.33154296875,141.1387481689453,132.33154296875,141.1387481689453,113.20256042480469,70438
2020-04-01,MTL,142.88980102539062,149.38479614257812,142.88980102539062,146.8101806640625,117.7514419555664,63318
2020-04-02,MTL,146.78680419921875,150.03428649902344,144.5005645751953,147.9740753173828,118.68494415283203,155504
2020-04-03,MTL,150.6837921142578,152.76219177246094,148.34559631347656,149.2393035888672,119.69975280761719,129137
2020-04-06,MTL,150.68638610839844,151.9827880859375,142.88980102539062,147.50643920898438,118.30986785888672,711317
2020-04-07,MTL,148.08839416503906,150.39801025390625,147.04660034179688,149.63160705566406,120.01441192626953,146459
2020-04-08,MTL,151.20338439941406,151.72039794921875,148.08580017089844,151.00595092773438,121.11672973632812,279253
2020-04-09,MTL,153.93128967285156,158.477783203125,151.20338439941406,157.47496032714844,126.30529022216797,86027
2020-04-10,MTL,157.44638061523438,160.29637145996094,157.44378662109375,159.73780822753906,128.12020874023438,16166
2020-04-13,MTL,156.78907775878906,159.25718688964844,156.13958740234375,157.19956970214844,126.08439636230469,204003
2020-04-14,MTL,157.37362670898438,168.97369384765625,157.37362670898438,167.3525390625,134.22775268554688,163202
2020-04-15,MTL,168.86976623535156,168.92172241210938,158.76356506347656,160.462646484375,128.7016143798828,158968
2020-04-16,MTL,164.79090881347656,164.84288024902344,160.81597900390625,161.4031219482422,129.45594787597656,15588
2020-04-17,MTL,172.7667694091797,173.50718688964844,167.19406127929688,173.50718688964844,139.16419982910156,121824
2020-04-20,MTL,186.51795959472656,186.51795959472656,179.26174926757812,180.7348175048828,144.9612274169922,437644
2020-04-21,MTL,179.26174926757812,179.26174926757812,174.3255615234375,175.77264404296875,140.9812469482422,51963
2020-04-22,MTL,175.6245574951172,175.6245574951172,170.9481658935547,171.75613403320312,137.75973510742188,78522
2020-04-23,MTL,177.7029571533203,177.7029571533203,166.79136657714844,168.7061004638672,135.3134002685547,73133
2020-04-24,MTL,170.16876220703125,170.16876220703125,166.5315704345703,167.82276916503906,134.6049346923828,19630
2020-04-27,MTL,167.57077026367188,167.57077026367188,165.75216674804688,167.4408721923828,134.298583984375,12509
2020-04-28,MTL,166.56015014648438,167.57077026367188,164.9727783203125,165.66903686523438,132.8774871826172,13279
2020-04-29,MTL,164.7129669189453,171.46775817871094,164.7129669189453,170.98973083496094,137.14505004882812,88337
2020-04-30,MTL,177.96275329589844,182.50924682617188,176.11817932128906,181.8285675048828,145.83851623535156,192456
2020-05-01,MTL,181.8285675048828,181.8285675048828,181.8285675048828,181.8285675048828,145.83851623535156,0
2020-05-04,MTL,181.8285675048828,183.93814086914062,181.8285675048828,183.82383728027344,147.43882751464844,65435
2020-05-05,MTL,183.93814086914062,184.9773406982422,181.85975646972656,184.28887939453125,147.8118133544922,51963
2020-05-06,MTL,183.15875244140625,186.13345336914062,183.15875244140625,185.86326599121094,149.07460021972656,107582
2020-05-07,MTL,183.15875244140625,189.36276245117188,183.15875244140625,188.40150451660156,151.1103973388672,269823
2020-05-08,MTL,188.354736328125,188.8743438720703,184.45774841308594,188.32876586914062,151.0520782470703,17513
2020-05-11,MTL,187.57534790039062,187.57534790039062,187.0557403564453,187.1934356689453,150.14146423339844,48883
2020-05-12,MTL,187.0557403564453,187.0557403564453,184.9773406982422,186.30491638183594,149.42880249023438,51000
2020-05-13,MTL,186.01654052734375,189.13414001464844,184.9773406982422,188.56777954101562,151.24374389648438,160123
2020-05-14,MTL,195.62913513183594,202.7086639404297,195.62913513183594,201.6019287109375,161.697998046875,259045
2020-05-15,MTL,200.04312133789062,205.24171447753906,195.2394256591797,196.7384796142578,157.7971954345703,116435
2020-05-18,MTL,196.1487274169922,197.47889709472656,190.4461212158203,191.3346405029297,153.46298217773438,83525
2020-05-19,MTL,192.25173950195312,194.8497314453125,190.95274353027344,193.57931518554688,155.2633514404297,81986
2020-05-20,MTL,194.58993530273438,195.37193298339844,192.77133178710938,193.89886474609375,155.51966857910156,26558
2020-05-21,MTL,194.8497314453125,194.8497314453125,192.90122985839844,194.27816772460938,155.82386779785156,16166
2020-05-22,MTL,194.27816772460938,194.27816772460938,194.27816772460938,194.27816772460938,155.82386779785156,0
2020-05-25,MTL,194.27816772460938,194.27816772460938,194.27816772460938,194.27816772460938,155.82386779785156,0
2020-05-26,MTL,194.27816772460938,194.27816772460938,194.27816772460938,194.27816772460938,155.82386779785156,0
2020-05-27,MTL,194.27816772460938,194.27816772460938,194.27816772460938,194.27816772460938,155.82386779785156,0
2020-05-28,MTL,192.6414337158203,192.6414337158203,192.25173950195312,192.42840576171875,154.34024047851562,3464
2020-05-29,MTL,192.25173950195312,195.88893127441406,192.25173950195312,193.40524291992188,155.12371826171875,79099
2020-06-01,MTL,193.2909393310547,197.18792724609375,193.2909393310547,195.81878662109375,157.05955505371094,31562
2020-06-02,MTL,198.74671936035156,199.78591918945312,194.85491943359375,195.31736755371094,156.6573944091797,18283
2020-06-03,MTL,195.62913513183594,195.62913513183594,190.95274353027344,192.67520141601562,154.5382080078125,56389
2020-06-04,MTL,192.51153564453125,194.58993530273438,190.17333984375,192.86746215820312,154.69239807128906,52348
2020-06-05,MTL,191.7321319580078,193.8079376220703,191.21253967285156,192.10365295410156,154.0797882080078,99114
2020-06-08,MTL,188.87693786621094,193.5507354736328,188.8743438720703,191.21253967285156,153.36505126953125,4426
2020-06-09,MTL,191.49832153320312,191.7321319580078,188.48724365234375,188.8197784423828,151.4458770751953,165704
2020-06-10,MTL,189.13414001464844,190.43313598632812,187.05833435058594,187.6688690185547,150.52279663085938,36181
2020-06-11,MTL,189.6537322998047,193.55332946777344,188.354736328125,190.2590789794922,152.60031127929688,202078
2020-06-12,MTL,192.76873779296875,193.2909393310547,187.14666748046875,188.3027801513672,151.03121948242188,71593
2020-06-15,MTL,187.04275512695312,187.0557403564453,180.820556640625,181.40249633789062,145.49673461914062,38298
2020-06-16,MTL,180.04115295410156,181.85975646972656,176.6689453125,177.91079711914062,142.69618225097656,140492
2020-06-17,MTL,179.26174926757812,181.85975646972656,179.001953125,179.17861938476562,143.71304321289062,67167
2020-06-18,MTL,179.17861938476562,179.17861938476562,172.7667694091797,174.28138732910156,139.78512573242188,74672
2020-06-19,MTL,178.48236083984375,178.48236083984375,169.1295623779297,170.329833984375,136.61575317382812,56966
2020-06-22,MTL,177.9601593017578,182.1195526123047,168.86976623535156,180.958251953125,145.14044189453125,146266
2020-06-23,MTL,181.59994506835938,184.0550537109375,180.17105102539062,183.3380126953125,147.0491485595703,62548
2020-06-24,MTL,180.04115295410156,182.3793487548828,179.9242401123047,180.9400634765625,145.12583923339844,24826
2020-06-25,MTL,179.52154541015625,181.08035278320312,179.26174926757812,179.41763305664062,143.90475463867188,36181
2020-06-26,MTL,181.85455322265625,183.15875244140625,180.5633544921875,181.87274169921875,145.87391662597656,20015
2020-06-29,MTL,181.87274169921875,184.45774841308594,181.85975646972656,183.9017791748047,147.50135803222656,51385
2020-06-30,MTL,182.76904296875,184.1979522705078,182.41831970214844,183.46011352539062,147.14707946777344,67936
2020-07-01,MTL,184.14598083496094,184.14598083496094,180.79457092285156,182.64434814453125,146.4927978515625,19053
2020-07-02,MTL,182.76904296875,184.17196655273438,181.87274169921875,182.2234649658203,146.15521240234375,17128
2020-07-03,MTL,182.23646545410156,183.41854858398438,182.2234649658203,182.9561004638672,146.7428436279297,5003
2020-07-06,MTL,185.7307586669922,185.75674438476562,180.5607452392578,181.5323944091797,145.60092163085938,56966
2020-07-07,MTL,181.85975646972656,185.62684631347656,181.85714721679688,183.99530029296875,147.57632446289062,40608
2020-07-08,MTL,184.46034240722656,194.8497314453125,184.45774841308594,194.32752990722656,155.86346435546875,278868
2020-07-09,MTL,192.25173950195312,194.8367462158203,192.19976806640625,193.67543029785156,155.34042358398438,134526
2020-07-10,MTL,192.25173950195312,193.0311279296875,191.2151336669922,191.73992919921875,153.78807067871094,15396
2020-07-13,MTL,194.82374572753906,194.8497314453125,192.24913024902344,192.45697021484375,154.3631591796875,37144
2020-07-14,MTL,195.36932373046875,196.92813110351562,192.25173950195312,192.89083862304688,154.71115112304688,96420
2020-07-15,MTL,192.51153564453125,193.0311279296875,181.85975646972656,184.7747039794922,148.2014923095703,99499
2020-07-16,MTL,187.0531463623047,193.5507354736328,185.75674438476562,193.22857666015625,154.98204040527344,195920
2020-07-17,MTL,194.84713745117188,196.4085235595703,192.2777099609375,193.4571990966797,155.16542053222656,105658
2020-07-20,MTL,193.0311279296875,193.5507354736328,191.7321319580078,193.14804077148438,154.91744995117188,74672
2020-07-21,MTL,193.0311279296875,193.0311279296875,190.43313598632812,190.52667236328125,152.81494140625,85642
2020-07-22,MTL,191.4723358154297,204.81564331054688,189.92652893066406,204.81564331054688,164.27561950683594,290993
2020-07-23,MTL,213.03570556640625,220.1750030517578,211.9965057373047,214.44122314453125,171.99600219726562,621440
2020-07-24,MTL,217.97189331054688,217.97189331054688,208.3878936767578,209.603759765625,168.1160125732422,140107
2020-07-27,MTL,216.9326934814453,224.9864959716797,216.9326934814453,222.88990783691406,178.77239990234375,640686
2020-07-28,MTL,224.7266845703125,225.50608825683594,220.82969665527344,222.40408325195312,178.3827362060547,135873
2020-07-29,MTL,222.38848876953125,224.20709228515625,220.9595947265625,221.94683837890625,178.01597595214844,126636
2020-07-30,MTL,222.06375122070312,222.15467834472656,221.08949279785156,221.81173706054688,177.90762329101562,34642
2020-07-31,MTL,221.81173706054688,221.81173706054688,221.81173706054688,221.81173706054688,177.90762329101562,0
2020-08-03,MTL,222.12869262695312,226.5452880859375,221.3492889404297,224.92674255371094,180.4060516357422,91609
2020-08-04,MTL,220.82969665527344,225.37619018554688,220.82969665527344,223.7004852294922,179.42250061035156,64087
2020-08-05,MTL,220.8271026611328,223.4276885986328,220.8271026611328,223.02500915527344,178.88075256347656,20015
2020-08-06,MTL,225.50608825683594,227.58448791503906,222.12869262695312,223.1678924560547,178.995361328125,51770
2020-08-07,MTL,221.39865112304688,224.7266845703125,220.82969665527344,224.03302001953125,179.68922424316406,55234
2020-08-10,MTL,226.02049255371094,240.31466674804688,226.02049255371094,236.11370849609375,189.37872314453125,565820
2020-08-11,MTL,236.42286682128906,237.1970672607422,228.62628173828125,230.80599975585938,185.12159729003906,88722
2020-08-12,MTL,233.040283203125,233.040283203125,228.88868713378906,229.80836486816406,184.32142639160156,37721
2020-08-13,MTL,227.32469177246094,230.96188354492188,226.5972442626953,227.1610107421875,182.1980743408203,63702
2020-08-14,MTL,227.1610107421875,227.1610107421875,227.1610107421875,227.1610107421875,182.1980743408203,0
2020-08-17,MTL,227.32469177246094,232.26087951660156,227.32469177246094,231.1515350341797,185.39874267578125,49268
2020-08-18,MTL,233.793701171875,235.11868286132812,229.93048095703125,230.94110107421875,185.22998046875,24441
2020-08-19,MTL,227.32728576660156,232.77528381347656,227.32728576660156,231.16712951660156,185.41122436523438,47921
2020-08-20,MTL,228.106689453125,232.25828552246094,228.1040802001953,230.42149353027344,184.8131866455078,28675
2020-08-21,MTL,229.9226837158203,231.2216796875,228.88348388671875,230.9488983154297,185.23622131347656,25789
2020-08-24,MTL,231.2216796875,231.2216796875,228.38986206054688,228.79774475097656,183.51083374023438,20015
2020-08-25,MTL,227.32469177246094,233.30007934570312,227.32469177246094,231.2216796875,185.4550018310547,24249
2020-08-26,MTL,228.649658203125,232.7804718017578,228.649658203125,231.33338928222656,185.54461669921875,32909
2020-08-27,MTL,228.9094696044922,233.30007934570312,228.9094696044922,230.504638671875,184.87989807128906,34449
2020-08-28,MTL,229.9226837158203,233.040283203125,228.88348388671875,230.83717346191406,185.1466064453125,7698
2020-08-31,MTL,229.7278289794922,231.7412872314453,229.7278289794922,230.366943359375,184.7694549560547,39453
2020-09-01,MTL,233.30007934570312,233.30007934570312,227.32469177246094,227.5870819091797,182.53981018066406,48691
2020-09-02,MTL,229.6628875732422,229.6628875732422,226.0256805419922,227.01551818847656,182.0813751220703,30600
2020-09-03,MTL,226.8700408935547,230.43968200683594,226.15818786621094,226.9349822998047,182.01678466796875,26174
2020-09-04,MTL,227.32208251953125,227.32208251953125,223.4276885986328,224.3681640625,179.95803833007812,50038
2020-09-07,MTL,226.0256805419922,227.6884002685547,224.7292938232422,225.01766967773438,180.47897338867188,22517
2020-09-08,MTL,226.79989624023438,227.32469177246094,224.7266845703125,224.91114807128906,180.39352416992188,77944
2020-09-09,MTL,224.7266845703125,225.2462921142578,222.12869262695312,222.90029907226562,178.7807159423828,37721
2020-09-10,MTL,222.9106903076172,226.0126953125,221.115478515625,221.6272735595703,177.75965881347656,62740
2020-09-11,MTL,221.933837890625,223.4276885986328,220.18019104003906,221.32591247558594,177.51795959472656,64665
2020-09-14,MTL,230.96188354492188,230.96188354492188,218.23170471191406,218.9513397216797,175.6134033203125,71208
2020-09-15,MTL,217.12754821777344,229.9226837158203,217.12754821777344,225.81785583496094,181.12078857421875,506159
2020-09-16,MTL,227.19479370117188,232.5206756591797,221.08949279785156,229.57974243164062,184.1380615234375,466705
2020-09-17,MTL,232.00108337402344,239.79507446289062,227.06488037109375,229.67587280273438,184.2151641845703,568322
2020-09-18,MTL,235.8980712890625,237.7166748046875,229.9226837158203,236.92169189453125,190.0268096923828,132987
2020-09-21,MTL,243.9518585205078,243.9518585205078,233.040283203125,234.03271484375,187.70962524414062,136066
2020-09-22,MTL,233.75473022460938,236.39169311523438,228.62368774414062,229.3069610595703,183.91929626464844,103156
2020-09-23,MTL,229.93048095703125,233.5546875,228.62368774414062,230.01361083984375,184.486083984375,65435
2020-09-24,MTL,228.9094696044922,229.9226837158203,226.80508422851562,228.50677490234375,183.27748107910156,109315
2020-09-25,MTL,228.63148498535156,230.96188354492188,224.7266845703125,225.360595703125,180.75404357910156,81216
2020-09-28,MTL,228.88088989257812,231.2216796875,225.2462921142578,226.45176696777344,181.6292266845703,104503
2020-09-29,MTL,226.45176696777344,229.6628875732422,224.7292938232422,228.0573272705078,182.91700744628906,46574
2020-09-30,MTL,229.9226837158203,230.18247985839844,223.43289184570312,224.79164123535156,180.29766845703125,55234
2020-10-01,MTL,224.9864959716797,229.9226837158203,222.38848876953125,227.27012634277344,182.2855987548828,98345
2020-10-02,MTL,228.49378967285156,233.30007934570312,226.2880859375,227.56370544433594,182.52105712890625,109892
2020-10-05,MTL,227.53253173828125,228.3638916015625,223.68748474121094,224.44351196289062,180.01844787597656,87567
2020-10-06,MTL,223.68748474121094,226.0256805419922,222.88211059570312,223.86155700683594,179.5517120361328,83525
2020-10-07,MTL,224.77865600585938,231.2216796875,224.77865600585938,229.2705841064453,183.89010620117188,126058
2020-10-08,MTL,231.2216796875,233.81967163085938,228.06771850585938,229.70704650878906,184.2401580810547,75827
2020-10-09,MTL,229.9226837158203,238.49607849121094,229.1692657470703,236.84893798828125,189.9684295654297,217667
2020-10-12,MTL,237.7166748046875,246.29005432128906,236.67747497558594,238.84939575195312,191.5729522705078,350462
2020-10-13,MTL,242.907470703125,242.907470703125,236.4176788330078,240.16917419433594,192.63150024414062,117398
2020-10-14,MTL,239.0156707763672,241.0940704345703,237.52182006835938,237.75564575195312,190.69566345214844,50808
2020-10-15,MTL,236.46963500976562,241.61366271972656,235.8980712890625,236.7216339111328,189.8663330078125,239030
2020-10-16,MTL,233.81707763671875,233.81707763671875,220.82969665527344,225.3632049560547,183.78160095214844,120477
2020-10-19,MTL,226.54788208007812,230.8293914794922,226.54788208007812,228.68603515625,186.49131774902344,53695
2020-10-20,MTL,229.9226837158203,233.040283203125,229.19784545898438,231.83480834960938,189.05914306640625,49461
2020-10-21,MTL,230.707275390625,235.11868286132812,230.70208740234375,233.1104278564453,190.09938049316406,104118
2020-10-22,MTL,233.81967163085938,240.8342742919922,233.81967163085938,238.4389190673828,194.44473266601562,410893
2020-10-23,MTL,237.7166748046875,241.0940704345703,237.7166748046875,239.3612060546875,195.19686889648438,128945
2020-10-26,MTL,241.35386657714844,257.3107604980469,240.31466674804688,254.37762451171875,207.4425811767578,1380486
2020-10-27,MTL,253.30465698242188,253.82424926757812,245.5106658935547,246.8616180419922,201.31333923339844,178984
2020-10-28,MTL,245.5106658935547,249.40765380859375,240.05487060546875,240.8004913330078,196.37054443359375,93148
2020-10-29,MTL,236.93727111816406,240.31207275390625,235.11868286132812,238.0232391357422,194.10574340820312,71208
2020-10-30,MTL,238.0232391357422,238.0232391357422,238.0232391357422,238.0232391357422,194.10574340820312,0
2020-11-02,MTL,233.81967163085938,233.81967163085938,223.4276885986328,229.3199462890625,187.00827026367188,134911
2020-11-03,MTL,233.78070068359375,239.0156707763672,229.14328002929688,235.69284057617188,192.20530700683594,164164
2020-11-04,MTL,236.93727111816406,242.91265869140625,236.67747497558594,241.28890991210938,196.7688446044922,117398
2020-11-05,MTL,243.04257202148438,252.00564575195312,240.574462890625,251.72506713867188,205.27944946289062,346035
2020-11-06,MTL,252.00564575195312,254.60104370117188,245.5106658935547,246.471923828125,200.9955596923828,108160
2020-11-09,MTL,244.73385620117188,253.3020477294922,244.73385620117188,245.6145782470703,200.29640197753906,112201
2020-11-10,MTL,248.10865783691406,248.10865783691406,243.17247009277344,246.90838623046875,201.35147094726562,89492
2020-11-11,MTL,244.53640747070312,248.10865783691406,244.2636260986328,247.75013732910156,202.03793334960938,70631
2020-11-12,MTL,253.30465698242188,253.30465698242188,246.80966186523438,246.8486328125,201.30274963378906,75057
2020-11-13,MTL,247.5890655517578,248.10865783691406,243.2010498046875,246.32643127441406,200.8769073486328,266936
2020-11-16,MTL,238.23626708984375,253.30465698242188,238.23626708984375,246.76548767089844,201.2349395751953,119322
2020-11-17,MTL,247.84886169433594,249.0959014892578,247.19935607910156,247.703369140625,201.99978637695312,50423
2020-11-18,MTL,247.0694580078125,250.70664978027344,246.29005432128906,248.15542602539062,202.3684539794922,42340
2020-11-19,MTL,244.73126220703125,249.22579956054688,244.73126220703125,248.1684112548828,202.3790283203125,31947
2020-11-20,MTL,248.10865783691406,251.97967529296875,247.978759765625,250.7222442626953,204.461669921875,68706
2020-11-23,MTL,244.23764038085938,246.80966186523438,242.91265869140625,244.50523376464844,199.39175415039062,64280
2020-11-24,MTL,251.48605346679688,252.00564575195312,246.80966186523438,250.5637664794922,204.3324432373047,151462
2020-11-25,MTL,251.48605346679688,251.48605346679688,248.64125061035156,249.16604614257812,203.19259643554688,24057
2020-11-26,MTL,250.4468536376953,256.64306640625,250.4468536376953,252.2264862060547,205.6883544921875,228830
2020-11-27,MTL,253.30465698242188,265.5152282714844,253.30465698242188,261.00250244140625,212.84512329101562,168591
2020-11-30,MTL,261.0986328125,267.5962219238281,259.7996520996094,266.1075744628906,217.0082550048828,162432
2020-12-01,MTL,266.2686462402344,276.4242248535156,266.2686462402344,271.3996887207031,221.3238983154297,154157
2020-12-02,MTL,274.088623046875,291.7524108886719,274.088623046875,291.7524108886719,237.92140197753906,569862
2020-12-03,MTL,293.5736083984375,300.0685729980469,283.70379638671875,285.6470947265625,232.94256591796875,196690
2020-12-04,MTL,288.375,288.3775939941406,277.9856262207031,280.09259033203125,228.41287231445312,101231
2020-12-07,MTL,277.4686279296875,283.7012023925781,276.1670227050781,282.7607421875,230.58871459960938,49653
2020-12-08,MTL,282.927001953125,287.3384094238281,280.6095886230469,283.67523193359375,231.33450317382812,68514
2020-12-09,MTL,284.48321533203125,287.07861328125,281.622802734375,281.9163818359375,229.9001922607422,51770
2020-12-10,MTL,284.2207946777344,287.59820556640625,283.2231750488281,285.76141357421875,233.0357666015625,128560
2020-12-11,MTL,286.0393981933594,287.83203125,285.77960205078125,285.8783264160156,233.131103515625,32140
2020-12-14,MTL,285.7951965332031,288.3775939941406,285.260009765625,285.9302978515625,233.17352294921875,90839
2020-12-15,MTL,291.4952087402344,300.06597900390625,291.4952087402344,294.6309814453125,240.26882934570312,246536
2020-12-16,MTL,293.57098388671875,295.3921813964844,288.7023620605469,289.7285461425781,236.27093505859375,62355
2020-12-17,MTL,290.9755859375,292.2720031738281,288.3775939941406,288.9439697265625,235.63108825683594,42725
2020-12-18,MTL,288.13079833984375,288.13079833984375,283.1816101074219,285.6549072265625,232.94891357421875,123364
2020-12-21,MTL,285.77960205078125,285.77960205078125,279.28460693359375,280.978515625,229.13534545898438,132987
2020-12-22,MTL,280.5836181640625,281.622802734375,270.451416015625,273.4832763671875,223.02308654785156,75250
2020-12-23,MTL,275.3720397949219,277.725830078125,273.3092346191406,274.9823303222656,224.2455596923828,65242
2020-12-24,MTL,279.022216796875,279.28460693359375,275.38763427734375,277.6998291015625,226.46160888671875,40800
2020-12-25,MTL,277.6998291015625,277.6998291015625,277.6998291015625,277.6998291015625,226.46160888671875,0
2020-12-28,MTL,275.6864013671875,281.8825988769531,259.7996520996094,278.98583984375,227.5103759765625,45996
2020-12-29,MTL,280.5654296875,281.622802734375,277.9856262207031,280.56024169921875,228.7942657470703,120862
2020-12-30,MTL,279.28460693359375,284.4806213378906,278.24542236328125,283.0309143066406,230.80906677246094,59853
2020-12-31,MTL,293.5736083984375,293.5736083984375,283.0309143066406,284.24420166015625,231.7985076904297,55812
2021-01-01,MTL,283.1816101074219,285.77960205078125,281.1058044433594,285.1197204589844,232.5124969482422,15973
2021-01-04,MTL,279.5548095703125,284.21820068359375,277.46600341796875,278.5831604003906,227.1819610595703,196613
2021-01-05,MTL,274.60821533203125,283.1816101074219,274.088623046875,281.53448486328125,229.58876037597656,217783
2021-01-06,MTL,290.6898193359375,290.6898193359375,283.1556396484375,287.2059020996094,234.2137451171875,372902
2021-01-07,MTL,287.8528137207031,290.1961975097656,287.0812072753906,289.59088134765625,236.1586456298828,139954
2021-01-08,MTL,290.9729919433594,292.27459716796875,287.31243896484375,291.5965270996094,237.79429626464844,182140
2021-01-11,MTL,288.897216796875,294.61279296875,288.897216796875,290.2195739746094,236.67137145996094,125558
2021-01-12,MTL,292.28759765625,302.4067687988281,292.28759765625,301.640380859375,245.98487854003906,485912
2021-01-13,MTL,305.7841796875,305.7841796875,292.2771911621094,293.895751953125,239.66925048828125,141339
2021-01-14,MTL,294.09320068359375,296.1716003417969,290.9755859375,291.8485107421875,237.99974060058594,41647
2021-01-15,MTL,292.01739501953125,296.1455993652344,292.01739501953125,295.6520080566406,241.1014862060547,24788
2021-01-18,MTL,294.61279296875,296.1716003417969,293.5865783691406,294.90118408203125,240.48915100097656,83294
2021-01-19,MTL,294.8725891113281,294.8985595703125,288.3775939941406,289.164794921875,235.8112335205078,154195
2021-01-20,MTL,290.9755859375,290.9755859375,287.4682922363281,289.45318603515625,236.04637145996094,17936
2021-01-21,MTL,287.8580017089844,289.6766052246094,285.77960205078125,288.4789123535156,235.2518768310547,184295
2021-01-22,MTL,287.3384094238281,287.3384094238281,285.5198059082031,285.74322509765625,233.02098083496094,93610
2021-01-25,MTL,285.77960205078125,286.0393981933594,285.27301025390625,285.71466064453125,232.99761962890625,42186
2021-01-26,MTL,285.77960205078125,285.77960205078125,284.2207946777344,285.61334228515625,232.91502380371094,35565
2021-01-27,MTL,285.7821960449219,285.7821960449219,280.5836181640625,281.8436279296875,229.84085083007812,72979
2021-01-28,MTL,280.5862121582031,285.7744140625,277.725830078125,279.28460693359375,227.7540283203125,95227
2021-01-29,MTL,281.89300537109375,283.1816101074219,276.6866149902344,278.27398681640625,226.92984008789062,72440
2021-02-01,MTL,279.28460693359375,290.7157897949219,279.28460693359375,287.455322265625,234.41712951660156,195304
2021-02-02,MTL,285.77960205078125,292.8331604003906,283.1816101074219,291.8822937011719,238.02725219726562,352733
2021-02-03,MTL,294.09320068359375,294.09320068359375,291.4952087402344,291.92645263671875,238.0633087158203,36874
2021-02-04,MTL,286.0393981933594,295.13238525390625,286.0393981933594,293.26702880859375,239.1565399169922,51963
2021-02-05,MTL,293.26702880859375,293.26702880859375,293.26702880859375,293.26702880859375,239.1565399169922,0
2021-02-08,MTL,292.27459716796875,293.8334045410156,290.9755859375,292.6539001464844,238.65655517578125,48190
2021-02-09,MTL,292.27459716796875,293.7034912109375,290.9755859375,293.2098693847656,239.10992431640625,24172
2021-02-10,MTL,290.9755859375,292.794189453125,288.3775939941406,290.2845458984375,236.7243194580078,21555
2021-02-11,MTL,290.9755859375,293.5736083984375,286.8837585449219,287.01885986328125,234.06121826171875,41801
2021-02-12,MTL,288.3775939941406,293.5736083984375,287.6007995605469,292.18365478515625,238.2730712890625,50423
2021-02-15,MTL,290.9755859375,293.5995788574219,288.650390625,292.9604797363281,238.90658569335938,70977
2021-02-16,MTL,293.57098388671875,302.4431457519531,293.57098388671875,300.17510986328125,244.79000854492188,116243
2021-02-17,MTL,305.2619934082031,322.606201171875,303.965576171875,314.5238342285156,256.49127197265625,583141
2021-02-18,MTL,319.29376220703125,319.29376220703125,312.0713195800781,313.7288513183594,255.8429718017578,107852
2021-02-19,MTL,313.5781555175781,337.2563171386719,313.5781555175781,337.2563171386719,275.02935791015625,316551
2021-02-22,MTL,337.71875,340.3349304199219,331.7641296386719,334.56219482421875,272.8323059082031,278214
2021-02-23,MTL,335.42730712890625,337.2199401855469,332.05511474609375,333.3151550292969,271.8154602050781,122786
2021-02-24,MTL,335.14154052734375,335.14154052734375,328.67510986328125,331.4549865722656,270.2984619140625,231101
2021-02-25,MTL,331.2445373535156,337.6070251464844,331.2445373535156,334.8401794433594,273.0590515136719,215704
2021-02-26,MTL,334.8401794433594,337.2199401855469,328.64654541015625,331.20556640625,270.0950622558594,115781
2021-03-01,MTL,332.55133056640625,335.1155700683594,329.945556640625,332.3824768066406,271.0547790527344,108160
2021-03-02,MTL,333.842529296875,335.14154052734375,330.9847412109375,332.5357360839844,271.1798095703125,111239
2021-03-03,MTL,332.5435485839844,341.116943359375,332.5435485839844,337.17578125,274.9637451171875,179753
2021-03-04,MTL,329.945556640625,337.2199401855469,329.945556640625,334.8089904785156,273.03363037109375,144034
2021-03-05,MTL,337.7395324707031,337.7395324707031,334.8168029785156,337.414794921875,275.1585998535156,126174
2021-03-08,MTL,338.0279235839844,338.0279235839844,329.9481506347656,331.6861877441406,270.48699951171875,223402
2021-03-09,MTL,331.7641296386719,333.9724426269531,324.7495422363281,326.6201171875,266.3556823730469,157352
2021-03-10,MTL,315.65655517578125,315.9780578613281,306.8883361816406,308.5805969238281,256.75018310546875,102916
2021-03-11,MTL,309.8110656738281,314.1951904296875,301.0428466796875,304.66705322265625,253.49398803710938,155333
2021-03-12,MTL,309.7818603515625,309.7818603515625,304.5501403808594,305.3421936035156,254.05577087402344,122213
2021-03-15,MTL,306.8883361816406,320.2745056152344,306.8883361816406,314.0081481933594,261.2661437988281,133573
2021-03-16,MTL,311.59393310546875,318.02398681640625,310.1179504394531,317.3634338378906,264.05792236328125,45026
2021-03-17,MTL,318.5793151855469,325.88616943359375,318.5793151855469,320.49371337890625,266.662353515625,89094
2021-03-18,MTL,321.4991455078125,322.65655517578125,312.73382568359375,317.5885009765625,264.2451477050781,134120
2021-03-19,MTL,316.8285827636719,324.1325378417969,312.73382568359375,314.1951904296875,261.4217224121094,99427
2021-03-22,MTL,315.65655517578125,315.65655517578125,313.9029235839844,314.01397705078125,261.27099609375,20460
2021-03-23,MTL,314.01397705078125,314.01397705078125,314.01397705078125,314.01397705078125,261.27099609375,0
2021-03-24,MTL,315.97222900390625,322.3788757324219,315.37890625,321.66864013671875,267.6399230957031,56043
2021-03-25,MTL,323.5625915527344,324.1325378417969,321.3559265136719,322.59808349609375,268.41326904296875,50637
2021-03-26,MTL,324.44818115234375,324.44818115234375,318.6085510253906,321.0841064453125,267.153564453125,114755
2021-03-29,MTL,320.3592529296875,324.4248046875,315.9488525390625,320.3008117675781,266.5018615722656,166350
2021-03-30,MTL,321.5020446777344,324.1325378417969,317.14715576171875,322.8932800292969,268.65887451171875,57959
2021-03-31,MTL,324.4189453125,326.1784362792969,318.90374755859375,321.4289855957031,267.4405517578125,108870
2021-04-01,MTL,324.933349609375,324.933349609375,320.625244140625,322.86114501953125,268.6321716308594,79856
2021-04-02,MTL,322.1012268066406,322.96343994140625,321.41436767578125,321.4903564453125,267.4915466308594,33119
2021-04-05,MTL,320.0436096191406,321.7943420410156,320.0406799316406,321.5020446777344,267.5013427734375,65828
2021-04-06,MTL,323.83734130859375,326.7483825683594,320.6544494628906,321.31207275390625,267.3432312011719,64802
2021-04-07,MTL,320.18682861328125,324.4248046875,309.8110656738281,311.6377868652344,259.29388427734375,270978
2021-04-08,MTL,312.73382568359375,319.4532165527344,312.73382568359375,318.9884948730469,265.409912109375,37635
2021-04-09,MTL,318.5793151855469,321.5020446777344,315.65655517578125,317.1910095214844,263.9143981933594,84920
2021-04-12,MTL,317.1179504394531,318.5793151855469,315.8027038574219,317.09747314453125,263.8365173339844,114618
2021-04-13,MTL,317.1763916015625,318.5763854980469,316.9718017578125,317.15594482421875,263.8852233886719,57617
2021-04-14,MTL,317.7024841308594,320.0406799316406,317.4365234375,318.6056213378906,265.0914306640625,136994
2021-04-15,MTL,318.5793151855469,318.5793151855469,315.10125732421875,316.5713806152344,263.3988342285156,33530
2021-04-16,MTL,316.3872375488281,318.5793151855469,315.65655517578125,318.4068603515625,264.9260559082031,36540
2021-04-19,MTL,315.072021484375,317.1179504394531,301.62738037109375,314.75634765625,261.888671875,30929
2021-04-20,MTL,314.1951904296875,318.5793151855469,313.0260925292969,317.2202453613281,263.9386901855469,38593
2021-04-21,MTL,314.22442626953125,318.5763854980469,312.73382568359375,316.8022766113281,263.5909423828125,28534
2021-04-22,MTL,312.8215026855469,315.072021484375,312.7630615234375,312.9442443847656,260.38092041015625,9511
2021-04-23,MTL,312.73382568359375,313.61065673828125,311.5647277832031,312.68121337890625,260.1620788574219,9922
2021-04-26,MTL,313.318359375,318.5793151855469,312.4415588378906,315.82025146484375,262.7738952636719,76845
2021-04-27,MTL,318.5793151855469,320.0406799316406,312.73382568359375,312.78350830078125,260.2471923828125,94294
2021-04-28,MTL,312.73382568359375,315.65655517578125,311.2724609375,311.8920593261719,259.5054626464844,48242
2021-04-29,MTL,307.18353271484375,311.2724609375,307.18060302734375,308.8611755371094,256.983642578125,30177
2021-04-30,MTL,309.8081359863281,309.8081359863281,299.8737487792969,305.0586853027344,253.81982421875,53579
2021-05-03,MTL,306.8883361816406,308.3497009277344,299.5814514160156,306.3768615722656,254.91664123535156,54606
2021-05-04,MTL,306.8883361816406,312.73382568359375,306.8591003417969,309.9455261230469,257.8858642578125,13822
2021-05-05,MTL,311.2724609375,311.2724609375,308.05743408203125,309.4544982910156,257.477294921875,9169
2021-05-06,MTL,311.26953125,312.87994384765625,311.1993713378906,312.5467529296875,260.0501708984375,8827
2021-05-07,MTL,312.5467529296875,312.5467529296875,312.5467529296875,312.5467529296875,260.0501708984375,0
2021-05-10,MTL,312.5467529296875,312.5467529296875,312.5467529296875,312.5467529296875,260.0501708984375,0
2021-05-11,MTL,312.5467529296875,312.5467529296875,312.5467529296875,312.5467529296875,260.0501708984375,0
2021-05-12,MTL,312.5467529296875,312.5467529296875,312.5467529296875,312.5467529296875,260.0501708984375,0
2021-05-13,MTL,312.5467529296875,312.5467529296875,312.5467529296875,312.5467529296875,260.0501708984375,0
2021-05-14,MTL,312.5467529296875,312.5467529296875,312.5467529296875,312.5467529296875,260.0501708984375,0
2021-05-17,MTL,312.73382568359375,312.73382568359375,306.8883361816406,311.7371520996094,259.3765869140625,53306
2021-05-18,MTL,311.7108459472656,314.4874572753906,309.8110656738281,313.6135559082031,260.9378662109375,34282
2021-05-19,MTL,310.6878967285156,311.28997802734375,306.92047119140625,309.9396667480469,257.8810119628906,67744
2021-05-20,MTL,309.9396667480469,311.5647277832031,309.8110656738281,309.95721435546875,257.89556884765625,20186
2021-05-21,MTL,313.75677490234375,313.75677490234375,309.8110656738281,311.2490539550781,258.97052001953125,17928
2021-05-24,MTL,312.4386291503906,322.96343994140625,312.4386291503906,321.61895751953125,267.5985412597656,192558
2021-05-25,MTL,322.8143615722656,328.8089294433594,321.4991455078125,328.1366882324219,273.0215759277344,60080
2021-05-26,MTL,327.9350280761719,333.19305419921875,327.9320983886719,331.6673583984375,275.9592590332031,62133
2021-05-27,MTL,331.7316589355469,334.6544189453125,321.4991455078125,324.5154113769531,270.0085144042969,146711
2021-05-28,MTL,328.8059997558594,331.7316589355469,322.96343994140625,328.1425476074219,273.02642822265625,50432
2021-05-31,MTL,329.97509765625,333.19012451171875,327.406005859375,330.51873779296875,275.0035400390625,11290
2021-06-01,MTL,334.0698547363281,334.0698547363281,327.3475341796875,328.1162414550781,273.0045471191406,21965
2021-06-02,MTL,330.2644348144531,330.2702941894531,325.3016357421875,326.4414978027344,271.6111145019531,36951
2021-06-03,MTL,322.96343994140625,328.7767639160156,315.7004089355469,319.0966491699219,265.49993896484375,114207
2021-06-04,MTL,317.1179504394531,325.88616943359375,317.1179504394531,321.26239013671875,267.3019104003906,56111
2021-06-07,MTL,323.10955810546875,327.37677001953125,321.7943420410156,323.22064208984375,268.9313049316406,157728
2021-06-08,MTL,322.96343994140625,324.1325378417969,318.5793151855469,320.5258483886719,266.6891174316406,16628
2021-06-09,MTL,319.4561462402344,327.3475341796875,319.4561462402344,320.1517333984375,266.3777770996094,672312
2021-06-10,MTL,321.5020446777344,322.671142578125,320.1517333984375,321.4289855957031,267.4405517578125,222051
2021-06-11,MTL,322.0778503417969,329.1011962890625,321.5020446777344,328.3646545410156,273.2113037109375,254623
2021-06-14,MTL,329.97802734375,331.43939208984375,326.4707336425781,328.5020446777344,273.3255920410156,93131
2021-06-15,MTL,321.5049743652344,324.7463073730469,321.5049743652344,322.3291931152344,268.1895446777344,64323
2021-06-16,MTL,324.4248046875,324.4248046875,318.9154357910156,320.3709411621094,266.5602111816406,70618
2021-06-17,MTL,320.08453369140625,323.5450439453125,320.03485107421875,321.25946044921875,267.29949951171875,10332
2021-06-18,MTL,320.0436096191406,322.96343994140625,311.2724609375,314.7212829589844,261.8594665527344,109828
2021-06-21,MTL,315.6741027832031,320.0406799316406,315.65655517578125,317.19683837890625,263.9192199707031,19502
2021-06-22,MTL,310.1033630371094,320.33294677734375,310.1033630371094,319.92376708984375,266.1881408691406,23060
2021-06-23,MTL,320.03192138671875,325.5939025878906,320.03192138671875,323.63275146484375,269.2741394042969,65965
2021-06-24,MTL,327.9320983886719,327.9320983886719,322.2327575683594,322.475341796875,268.3111877441406,55290
2021-06-25,MTL,322.679931640625,326.4707336425781,317.14715576171875,324.1062316894531,269.6680908203125,60217
2021-06-28,MTL,323.2557067871094,323.2849426269531,317.45697021484375,319.7893371582031,266.0762939453125,41809
2021-06-29,MTL,319.9705505371094,320.9175109863281,315.9488525390625,317.20855712890625,263.92901611328125,251202
2021-06-30,MTL,319.98223876953125,321.4991455078125,314.2390441894531,315.5425720214844,262.5428161621094,84851
2021-07-01,MTL,314.2828674316406,318.5763854980469,314.2828674316406,315.8406982421875,262.7908630371094,17449
2021-07-02,MTL,315.8027038574219,318.570556640625,315.65655517578125,316.4924621582031,263.33319091796875,43999
2021-07-05,MTL,315.10125732421875,319.1638488769531,315.072021484375,316.22357177734375,263.10943603515625,14849
2021-07-06,MTL,319.1638488769531,319.1638488769531,315.072021484375,315.4198303222656,262.4407043457031,364383
2021-07-07,MTL,315.4198303222656,316.8256530761719,314.7797546386719,315.55426025390625,262.5525207519531,256402
2021-07-08,MTL,315.069091796875,321.8644714355469,314.1951904296875,320.0173034667969,266.26593017578125,321067
2021-07-09,MTL,320.3037414550781,321.20977783203125,317.41021728515625,317.92462158203125,264.5248107910156,49268
2021-07-12,MTL,317.1179504394531,320.33294677734375,317.1179504394531,319.6841125488281,265.98870849609375,66649
2021-07-13,MTL,315.96343994140625,320.0377502441406,315.96343994140625,316.93963623046875,263.7052307128906,39072
2021-07-14,MTL,319.1667785644531,322.08660888671875,317.1179504394531,320.1692810058594,266.3924255371094,260440
2021-07-15,MTL,318.5822448730469,322.96343994140625,318.28704833984375,321.7943420410156,267.74456787109375,64938
2021-07-16,MTL,321.4991455078125,322.3759460449219,319.4853515625,320.9204406738281,267.01739501953125,13617
2021-07-19,MTL,318.87158203125,321.4991455078125,317.9947509765625,318.87744140625,265.31756591796875,12659
2021-07-20,MTL,318.87744140625,318.87744140625,318.87744140625,318.87744140625,265.31756591796875,0
2021-07-21,MTL,318.87744140625,318.87744140625,318.87744140625,318.87744140625,265.31756591796875,0
2021-07-22,MTL,318.87744140625,318.87744140625,318.87744140625,318.87744140625,265.31756591796875,0
2021-07-23,MTL,318.87744140625,318.87744140625,318.87744140625,318.87744140625,265.31756591796875,0
2021-07-26,MTL,317.9947509765625,318.87158203125,315.9488525390625,318.46533203125,264.9746398925781,39346
2021-07-27,MTL,318.5793151855469,319.8887023925781,318.5793151855469,319.0177307128906,265.43426513671875,6021
2021-07-28,MTL,318.87158203125,319.1960144042969,317.9947509765625,318.4039611816406,264.923583984375,60696
2021-07-29,MTL,317.120849609375,321.5020446777344,316.2411193847656,320.8853454589844,266.9882507324219,9443
2021-07-30,MTL,318.7283630371094,322.057373046875,317.439453125,319.2953796386719,265.6653137207031,24771
2021-08-02,MTL,319.1638488769531,320.18682861328125,318.5793151855469,318.78973388671875,265.24456787109375,46463
2021-08-03,MTL,321.20684814453125,321.47283935546875,318.86865234375,320.8122863769531,266.92742919921875,9511
2021-08-04,MTL,319.0177307128906,320.0406799316406,318.5793151855469,318.7196044921875,265.18621826171875,240048
2021-08-05,MTL,320.9175109863281,322.96343994140625,318.90081787109375,322.6390075683594,268.4472961425781,142468
2021-08-06,MTL,321.4991455078125,322.671142578125,319.47076416015625,319.47076416015625,265.81121826171875,20665
2021-08-09,MTL,321.4962158203125,324.5709533691406,318.87158203125,319.0118713378906,265.42938232421875,133230
2021-08-10,MTL,318.5793151855469,321.20977783203125,317.1179504394531,318.74005126953125,265.2032470703125,22170
2021-08-11,MTL,318.87158203125,321.20977783203125,317.1179504394531,317.1383972167969,263.87060546875,49610
2021-08-12,MTL,317.7024841308594,318.5763854980469,309.8403015136719,312.0323486328125,259.6221618652344,472569
2021-08-13,MTL,315.6536560058594,315.65655517578125,308.3789367675781,315.0164794921875,262.1050720214844,162792
2021-08-16,MTL,314.4874572753906,315.6419372558594,309.8110656738281,315.1655578613281,262.2291259765625,67744
2021-08-17,MTL,314.35595703125,320.9613342285156,312.7630615234375,319.0323486328125,265.4464416503906,63775
2021-08-18,MTL,319.0323486328125,319.0323486328125,319.0323486328125,319.0323486328125,265.4464416503906,0
2021-08-19,MTL,319.0323486328125,319.0323486328125,319.0323486328125,319.0323486328125,265.4464416503906,0
2021-08-20,MTL,315.97515869140625,319.9530029296875,315.97515869140625,318.8394470214844,265.2859191894531,112496
2021-08-23,MTL,318.6523742675781,321.5020446777344,317.1179504394531,318.7605285644531,265.2202453613281,80130
2021-08-24,MTL,319.1667785644531,322.671142578125,318.28704833984375,321.77386474609375,267.7275085449219,16012
2021-08-25,MTL,322.96343994140625,328.8089294433594,320.0436096191406,323.8665466308594,269.4686584472656,83962
2021-08-26,MTL,326.4678039550781,327.2160339355469,322.08660888671875,323.2001647949219,268.9142150878906,24702
2021-08-27,MTL,325.5939025878906,326.7483825683594,323.2586364746094,324.7200012207031,270.1788024902344,107296
2021-08-30,MTL,324.4248046875,327.3124694824219,321.5342102050781,325.86279296875,271.1296081542969,119339
2021-08-31,MTL,323.8431701660156,327.63983154296875,320.1137390136719,324.3341979980469,269.8578186035156,93542
2021-09-01,MTL,321.5020446777344,326.4414978027344,320.0991516113281,323.7467346191406,269.36895751953125,445060
2021-09-02,MTL,320.33587646484375,322.08660888671875,320.33587646484375,320.9379577636719,267.0319519042969,10880
2021-09-03,MTL,319.1638488769531,320.9379577636719,316.2703552246094,317.2903747558594,263.9970703125,62543
2021-09-06,MTL,317.1179504394531,319.4269104003906,315.3350524902344,315.7384033203125,262.7057800292969,71987
2021-09-07,MTL,314.4874572753906,315.7384033203125,312.73382568359375,312.93548583984375,260.3736267089844,20733
2021-09-08,MTL,314.7797546386719,315.35845947265625,309.2703552246094,311.19061279296875,258.92181396484375,17586
2021-09-09,MTL,311.2724609375,312.73382568359375,310.3956298828125,311.1116943359375,258.8561096191406,20391
2021-09-10,MTL,314.4874572753906,321.5020446777344,312.73089599609375,318.3513488769531,264.87982177734375,165050
2021-09-13,MTL,319.1638488769531,322.79974365234375,318.3513488769531,319.1200256347656,265.5194091796875,52074
2021-09-14,MTL,316.53338623046875,318.5763854980469,314.1951904296875,316.504150390625,263.3428955078125,13822
2021-09-15,MTL,317.9918518066406,318.5793151855469,315.9488525390625,317.8018493652344,264.4225769042969,25797
2021-09-16,MTL,318.28704833984375,318.5793151855469,314.53131103515625,314.8703308105469,261.9835205078125,22992
2021-09-17,MTL,317.1179504394531,331.8778076171875,309.2557373046875,322.2298278808594,268.10687255859375,665264
2021-09-20,MTL,322.96343994140625,325.00933837890625,321.20977783203125,322.54547119140625,268.3695068359375,185099
2021-09-21,MTL,322.54547119140625,322.54547119140625,322.54547119140625,322.54547119140625,268.3695068359375,0
2021-09-22,MTL,318.87158203125,320.0406799316406,312.73382568359375,315.25323486328125,262.30206298828125,269404
2021-09-23,MTL,317.1179504394531,324.7170715332031,314.1951904296875,320.18975830078125,266.4094543457031,318946
2021-09-24,MTL,317.439453125,322.96343994140625,317.1179504394531,317.83984375,264.4542236328125,43041
2021-09-27,MTL,320.0114440917969,322.96343994140625,316.2411193847656,321.1776428222656,267.23138427734375,119202
2021-09-28,MTL,321.1776428222656,321.1776428222656,321.1776428222656,321.1776428222656,267.23138427734375,0
2021-09-29,MTL,321.5049743652344,321.5049743652344,315.09832763671875,316.7262878417969,263.5277404785156,116944
2021-09-30,MTL,317.123779296875,318.5793151855469,310.8369445800781,313.6690979003906,260.9839782714844,404345
2021-10-01,MTL,316.48077392578125,317.41021728515625,314.1951904296875,315.6507263183594,262.6328430175781,78487
2021-10-04,MTL,316.2411193847656,320.0406799316406,315.65655517578125,317.1734619140625,263.8998107910156,119202
2021-10-05,MTL,317.41021728515625,319.7396545410156,315.09539794921875,316.0394592285156,262.9562072753906,81772
2021-10-06,MTL,316.53338623046875,321.20977783203125,316.53338623046875,319.77471923828125,266.0640869140625,55085
2021-10-07,MTL,319.5087585449219,324.7141418457031,319.5087585449219,322.8728332519531,268.6418762207031,161012
2021-10-08,MTL,324.7170715332031,330.8548583984375,324.7170715332031,327.6222839355469,272.59356689453125,200838
2021-10-11,MTL,327.3475341796875,327.3475341796875,324.4248046875,326.0235595703125,271.2633972167969,93268
2021-10-12,MTL,327.3446350097656,327.3446350097656,318.1058349609375,319.4444580078125,265.789306640625,364246
2021-10-13,MTL,319.7484130859375,321.4991455078125,314.1951904296875,314.73297119140625,261.86920166015625,563169
2021-10-14,MTL,315.65655517578125,317.1179504394531,311.5647277832031,314.34716796875,261.5481872558594,210213
2021-10-15,MTL,312.73675537109375,321.443603515625,312.73675537109375,319.1170959472656,265.5169372558594,74792
2021-10-18,MTL,316.53338623046875,322.96051025390625,314.1951904296875,321.5079040527344,267.5061950683594,103327
2021-10-19,MTL,321.5079040527344,321.5079040527344,321.5079040527344,321.5079040527344,267.5061950683594,0
2021-10-20,MTL,323.8402404785156,329.3934631347656,321.5049743652344,327.4673767089844,272.4646911621094,251475
2021-10-21,MTL,314.9551086425781,319.1638488769531,312.854248046875,314.6604919433594,269.0119323730469,102985
2021-10-22,MTL,313.0611572265625,313.9029235839844,306.8883361816406,310.89013671875,265.7886047363281,31420
2021-10-25,MTL,311.7529602050781,311.7529602050781,310.3956298828125,310.89013671875,265.7886047363281,25546
2021-10-26,MTL,311.7564392089844,317.41021728515625,311.2724609375,312.6473083496094,267.2908020019531,95458
2021-10-27,MTL,315.6425476074219,317.4067077636719,312.32464599609375,314.5026550292969,268.8769836425781,25318
2021-10-28,MTL,312.5,316.32293701171875,310.78143310546875,314.1308898925781,268.5591735839844,18931
2021-10-29,MTL,315.6495361328125,315.6495361328125,312.1492614746094,312.4964904785156,267.1618957519531,43053
2021-11-01,MTL,315.30584716796875,320.9175109863281,311.0970764160156,318.8131408691406,272.5621643066406,52233
2021-11-02,MTL,317.41021728515625,319.51458740234375,315.65655517578125,317.4978942871094,271.43768310546875,39175
2021-11-03,MTL,315.65655517578125,317.41021728515625,303.38104248046875,310.92523193359375,265.81854248046875,224731
2021-11-04,MTL,308.6419677734375,314.9551086425781,308.6419677734375,312.18084716796875,266.8919982910156,109086
2021-11-05,MTL,312.18084716796875,314.9410705566406,310.3921203613281,312.1632995605469,266.87701416015625,63182
2021-11-08,MTL,312.2229309082031,315.3023376464844,312.1492614746094,313.64337158203125,268.1423645019531,93177
2021-11-09,MTL,312.1492614746094,314.6043701171875,311.44781494140625,313.6328430175781,268.1333923339844,82000
2021-11-10,MTL,314.21856689453125,315.6214904785156,313.2014465332031,313.9520263671875,268.40625,53545
2021-11-11,MTL,315.65655517578125,315.65655517578125,313.9029235839844,315.18658447265625,269.4617004394531,18931
2021-11-12,MTL,315.6530456542969,317.05596923828125,312.1492614746094,312.4579162597656,267.1288757324219,50067
2021-11-15,MTL,312.11419677734375,315.65655517578125,308.6419677734375,312.5035095214844,267.1678771972656,49553
2021-11-16,MTL,313.9029235839844,316.3580322265625,312.145751953125,315.14801025390625,269.4287109375,57594
2021-11-17,MTL,315.30584716796875,315.30584716796875,312.15277099609375,313.4154052734375,267.9474792480469,204145
2021-11-18,MTL,314.0958251953125,314.8498840332031,312.2369384765625,312.8577575683594,267.4707336425781,138169
2021-11-19,MTL,310.746337890625,314.6043701171875,310.746337890625,313.545166015625,268.0583801269531,177857
2021-11-22,MTL,311.1040954589844,313.9029235839844,311.1040954589844,313.1383361816406,267.7106018066406,334901
2021-11-23,MTL,313.6924743652344,313.9029235839844,308.6419677734375,310.9673156738281,265.85455322265625,361703
2021-11-24,MTL,311.44781494140625,314.6043701171875,310.3921203613281,310.53240966796875,265.4826965332031,818693
2021-11-25,MTL,312.1492614746094,313.8959045410156,311.4758605957031,312.2369384765625,266.9399719238281,419981
2021-11-26,MTL,310.9813537597656,313.9029235839844,310.97784423828125,313.2049560546875,267.767578125,240071
2021-11-29,MTL,312.1492614746094,315.6214904785156,312.1492614746094,314.19403076171875,268.6131286621094,39004
2021-11-30,MTL,315.30584716796875,315.6214904785156,308.6419677734375,312.6788635253906,267.31781005859375,1197846
2021-12-01,MTL,312.6788635253906,315.65655517578125,312.16680908203125,314.11334228515625,268.544189453125,475066
2021-12-02,MTL,313.2014465332031,315.6530456542969,310.3956298828125,313.0506591796875,267.6356201171875,1291821
2021-12-03,MTL,312.1492614746094,313.9029235839844,309.02777099609375,310.6726989746094,265.6026611328125,315513
2021-12-06,MTL,311.4443054199219,311.44781494140625,306.8883361816406,307.7055358886719,263.06597900390625,24007
2021-12-07,MTL,306.8883361816406,311.4443054199219,306.8883361816406,308.68756103515625,263.905517578125,28340
2021-12-08,MTL,309.69415283203125,311.0970764160156,308.67706298828125,310.3956298828125,265.36578369140625,46189
2021-12-09,MTL,310.3956298828125,310.57098388671875,307.2390441894531,309.1049499511719,264.26239013671875,99563
2021-12-10,MTL,307.2390441894531,308.6419677734375,307.0636901855469,308.6419677734375,263.86651611328125,91124
2021-12-13,MTL,310.3780822753906,310.3956298828125,305.9062805175781,306.61474609375,262.1334228515625,104867
2021-12-14,MTL,308.291259765625,308.6384582519531,306.6778869628906,307.0496520996094,262.5052185058594,29823
2021-12-15,MTL,306.8883361816406,308.291259765625,305.1802673339844,306.56915283203125,262.09442138671875,83654
2021-12-16,MTL,307.2390441894531,310.3956298828125,304.4332275390625,304.8470764160156,260.6221923828125,166224
2021-12-17,MTL,304.4332275390625,305.48541259765625,303.0303039550781,303.5037841796875,259.4737854003906,43851
2021-12-20,MTL,304.4332275390625,304.4332275390625,299.87725830078125,302.0622863769531,258.24139404296875,107718
2021-12-21,MTL,301.62738037109375,304.4332275390625,299.45635986328125,301.6238708496094,257.8665771484375,43965
2021-12-22,MTL,301.62738037109375,303.9071350097656,301.2766418457031,303.2863464355469,259.28790283203125,131497
2021-12-23,MTL,303.43365478515625,305.8361511230469,303.43365478515625,304.71380615234375,260.50823974609375,65862
2021-12-24,MTL,305.8361511230469,305.8361511230469,303.06536865234375,303.3564758300781,259.3478088378906,18589
2021-12-27,MTL,303.451171875,304.0824890136719,303.0303039550781,303.6826477050781,259.6266174316406,258603
2021-12-28,MTL,303.73175048828125,306.8883361816406,303.73175048828125,306.62176513671875,262.139404296875,107775
2021-12-29,MTL,306.53759765625,306.8883361816406,287.7735595703125,299.5265197753906,256.07354736328125,78864
2021-12-30,MTL,301.62738037109375,306.8883361816406,299.8035888671875,301.45904541015625,257.7256774902344,116956
2021-12-31,MTL,301.62738037109375,305.48541259765625,299.8737487792969,302.41302490234375,258.541259765625,137028
2022-01-03,MTL,301.5607604980469,305.6397399902344,301.5607604980469,304.8470764160156,260.6221923828125,14826
2022-01-04,MTL,305.16973876953125,308.6384582519531,305.1346740722656,308.157958984375,263.4527587890625,39346
2022-01-05,MTL,310.3570556640625,312.9033508300781,307.6248474121094,312.0265197753906,266.7601013183594,32076
2022-01-06,MTL,310.78143310546875,315.65655517578125,310.0448913574219,310.2272644042969,265.22186279296875,83682
2022-01-07,MTL,310.746337890625,310.746337890625,308.291259765625,308.7892761230469,263.9924621582031,20243
2022-01-10,MTL,308.7892761230469,312.4824523925781,308.7892761230469,311.43377685546875,266.2533264160156,30507
2022-01-11,MTL,312.1492614746094,313.9029235839844,310.0834655761719,312.4964904785156,267.1618957519531,37635
2022-01-12,MTL,312.8963317871094,313.86785888671875,312.5175476074219,312.65081787109375,267.2938232421875,15539
2022-01-13,MTL,312.1492614746094,312.8507385253906,311.0970764160156,312.70343017578125,267.3388366699219,7698
2022-01-14,MTL,311.454833984375,314.253662109375,311.4513244628906,313.9099426269531,268.37030029296875,17107
2022-01-17,MTL,313.9029235839844,313.9029235839844,313.2014465332031,313.8959045410156,268.3582458496094,15681
2022-01-18,MTL,314.9551086425781,315.3619384765625,313.9730529785156,314.75518798828125,269.0929260253906,32361
2022-01-19,MTL,314.9551086425781,315.65655517578125,310.3991394042969,311.2689514160156,266.1124267578125,43338
2022-01-20,MTL,309.42059326171875,310.3956298828125,308.291259765625,309.7888488769531,264.8470764160156,35212
2022-01-21,MTL,308.68756103515625,315.30584716796875,307.6248474121094,310.12554931640625,265.1348571777344,35497
2022-01-24,MTL,311.7564392089844,312.107177734375,310.3956298828125,311.3671569824219,266.19635009765625,9123
2022-01-25,MTL,311.3671569824219,311.3776550292969,310.4306945800781,310.7919616699219,265.70458984375,14826
2022-01-26,MTL,308.7752380371094,312.1492614746094,308.7752380371094,310.2027282714844,265.2008972167969,55598
2022-01-27,MTL,310.0448913574219,312.1317443847656,308.6419677734375,308.9576416015625,264.13641357421875,37920
2022-01-28,MTL,308.3263244628906,310.0238342285156,308.291259765625,308.9541320800781,264.1333923339844,158669
2022-01-31,MTL,308.6419677734375,310.3780822753906,308.6419677734375,310.03436279296875,265.05694580078125,52034
2022-02-01,MTL,310.3956298828125,310.3956298828125,308.6419677734375,309.2838134765625,264.41522216796875,50181
2022-02-02,MTL,309.2838134765625,313.55218505859375,308.6419677734375,312.32464599609375,267.01495361328125,147121
2022-02-03,MTL,314.2501525878906,320.9175109863281,312.1492614746094,315.51275634765625,269.7406005859375,96228
2022-02-04,MTL,315.270751953125,327.9285888671875,313.5556945800781,326.2696533203125,278.9369201660156,145696
2022-02-07,MTL,326.1784362792969,330.38720703125,325.8277282714844,326.5642395019531,279.18878173828125,38633
2022-02-08,MTL,326.6063537597656,329.6857604980469,322.671142578125,326.77117919921875,279.3656921386719,277706
2022-02-09,MTL,326.77117919921875,329.6857604980469,324.4248046875,328.54937744140625,280.88592529296875,35069
2022-02-10,MTL,329.64715576171875,331.43939208984375,325.47698974609375,331.2219543457031,283.1708068847656,312634
2022-02-11,MTL,328.0057373046875,330.032958984375,326.1784362792969,329.3174743652344,281.5426330566406,47187
2022-02-14,MTL,328.98077392578125,329.6857604980469,325.83123779296875,326.5993347167969,279.2187805175781,36495
2022-02-15,MTL,326.96759033203125,336.7003479003906,326.9184875488281,333.3122863769531,284.9579162597656,42197
2022-02-16,MTL,333.54376220703125,338.4539794921875,333.5086975097656,337.0966491699219,288.1932373046875,76982
2022-02-17,MTL,338.4539794921875,343.0134582519531,338.4539794921875,341.0528869628906,291.5755310058594,92806
2022-02-18,MTL,341.9612731933594,341.9612731933594,337.5806579589844,338.6363525390625,289.50958251953125,25945
2022-02-21,MTL,340.2076416015625,340.2076416015625,335.6481628417969,335.9988708496094,287.2547302246094,25660
2022-02-22,MTL,333.2000427246094,346.4856872558594,333.196533203125,343.6342468261719,293.7824401855469,641947
2022-02-23,MTL,348.9758605957031,350.7295227050781,345.46856689453125,350.1613464355469,299.3625793457031,338294
2022-02-24,MTL,348.3270263671875,348.9758605957031,341.9612731933594,345.54925537109375,295.4195861816406,199013
2022-02-25,MTL,345.9946594238281,348.9758605957031,345.46856689453125,348.69879150390625,298.1122131347656,195449
2022-02-28,MTL,350.718994140625,354.23681640625,347.22222900390625,350.7610778808594,299.87530517578125,172640
2022-03-01,MTL,355.6397399902344,355.6397399902344,348.9758605957031,351.3959045410156,300.41802978515625,129587
2022-03-02,MTL,351.8343200683594,352.483154296875,350.0280456542969,351.5958251953125,300.5889892578125,61443
2022-03-03,MTL,351.43096923828125,352.5989074707031,350.3787841796875,351.11883544921875,300.18121337890625,86676
2022-03-04,MTL,350.7295227050781,354.5875549316406,347.22222900390625,348.3831481933594,297.84234619140625,361389
2022-03-07,MTL,331.16583251953125,332.60101318359375,311.44781494140625,321.93182373046875,282.91864013671875,181443
2022-03-08,MTL,315.6986389160156,319.8653259277344,303.6700439453125,314.1666564941406,276.094482421875,150282
2022-03-09,MTL,313.9730529785156,318.18182373046875,311.44781494140625,316.8602600097656,278.4617004394531,77740
2022-03-10,MTL,319.0235595703125,334.1750793457031,318.6026916503906,333.1186828613281,292.7498474121094,147017
2022-03-11,MTL,327.02020263671875,340.0673522949219,327.02020263671875,335.9595947265625,295.2464904785156,47895
2022-03-14,MTL,330.38720703125,336.65826416015625,326.1784362792969,328.2028503417969,288.42974853515625,51231
2022-03-15,MTL,328.2828369140625,331.22894287109375,328.2828369140625,330.5008544921875,290.44927978515625,93224
2022-03-16,MTL,329.9663391113281,332.0707092285156,328.74578857421875,329.2929382324219,289.3877258300781,62082
2022-03-17,MTL,327.02020263671875,330.38720703125,327.02020263671875,327.201171875,287.5494689941406,26169
2022-03-18,MTL,326.1700439453125,330.30303955078125,323.6531982421875,328.34173583984375,288.5517883300781,53844
2022-03-21,MTL,332.48736572265625,332.48736572265625,327.02020263671875,329.9452819824219,289.9609680175781,36792
2022-03-22,MTL,329.7558898925781,334.59173583984375,329.7558898925781,332.32745361328125,292.0544738769531,298073
2022-03-23,MTL,332.32745361328125,332.32745361328125,332.32745361328125,332.32745361328125,292.0544738769531,0
2022-03-24,MTL,334.595947265625,335.016845703125,332.4915771484375,333.9057312011719,293.4415283203125,39344
2022-03-25,MTL,336.2752380371094,340.9090881347656,334.595947265625,339.330810546875,298.2091369628906,104118
2022-03-28,MTL,339.330810546875,357.7441101074219,336.742431640625,354.9031982421875,311.8944091796875,464163
2022-03-29,MTL,359.8484802246094,372.47894287109375,359.8484802246094,367.4705505371094,322.9388122558594,225026
2022-03-30,MTL,367.4705505371094,371.63299560546875,361.9528503417969,364.22979736328125,320.0907897949219,39969
2022-03-31,MTL,362.3737487792969,368.24493408203125,362.0580749511719,364.8779602050781,320.6603698730469,86871
2022-04-01,MTL,366.1531982421875,369.1077575683594,361.9528503417969,368.46380615234375,323.81170654296875,64971
2022-04-04,MTL,359.8484802246094,370.370361328125,340.9090881347656,363.2196960449219,319.2030944824219,72767
2022-04-05,MTL,366.0185241699219,369.4696960449219,365.7407531738281,368.28704833984375,323.6563415527344,30184
2022-04-06,MTL,368.3122863769531,371.0016784667969,366.2037048339844,368.2070617675781,323.5860595703125,19038
2022-04-07,MTL,368.2070617675781,369.52862548828125,365.7407531738281,368.34173583984375,323.70440673828125,38659
2022-04-08,MTL,368.2659912109375,372.2643127441406,368.0555419921875,370.4292907714844,325.5389709472656,101616
2022-04-11,MTL,372.8956298828125,389.30975341796875,370.4292907714844,378.6784362792969,332.7884826660156,166084
2022-04-12,MTL,379.629638671875,379.6590881347656,372.8956298828125,378.64898681640625,332.7625732421875,139269
2022-04-13,MTL,375.4208679199219,390.56817626953125,375.4208679199219,384.595947265625,337.9888610839844,111930
2022-04-14,MTL,388.8468017578125,388.8468017578125,383.83837890625,385.968017578125,339.19464111328125,86937
2022-04-15,MTL,387.6262512207031,387.8367004394531,383.4175109863281,384.0025329589844,337.46734619140625,66309
2022-04-18,MTL,381.1026916503906,388.468017578125,379.208740234375,385.2314758300781,338.54736328125,40061
2022-04-19,MTL,387.201171875,387.6262512207031,382.1548767089844,383.8636474609375,337.3453063964844,63586
2022-04-20,MTL,381.3173522949219,386.3636474609375,381.3173522949219,384.21295166015625,337.6523132324219,49838
2022-04-21,MTL,383.83416748046875,385.0799560546875,382.1548767089844,382.69781494140625,336.32073974609375,11171
2022-04-22,MTL,383.8930969238281,385.93853759765625,380.8922424316406,381.1868591308594,334.99285888671875,8377
2022-04-25,MTL,383.4175109863281,386.3636474609375,381.3131408691406,383.7584228515625,337.2528076171875,72544
2022-04-26,MTL,381.4983215332031,385.9427490234375,380.8922424316406,384.5875549316406,337.9814758300781,63995
2022-04-27,MTL,382.99664306640625,385.0336608886719,378.7920837402344,380.6102600097656,334.4862060546875,27381
2022-04-28,MTL,378.7878723144531,393.5185241699219,370.370361328125,389.2803039550781,342.10552978515625,278735
2022-04-29,MTL,389.2803039550781,389.2803039550781,389.2803039550781,389.2803039550781,342.10552978515625,0
2022-05-02,MTL,389.2803039550781,389.2803039550781,389.2803039550781,389.2803039550781,342.10552978515625,0
2022-05-03,MTL,389.2803039550781,389.2803039550781,389.2803039550781,389.2803039550781,342.10552978515625,0
2022-05-04,MTL,389.2803039550781,389.2803039550781,389.2803039550781,389.2803039550781,342.10552978515625,0
2022-05-05,MTL,389.2803039550781,389.2803039550781,389.2803039550781,389.2803039550781,342.10552978515625,0
2022-05-06,MTL,395.2567443847656,412.4579162597656,395.2567443847656,402.2348327636719,353.4902038574219,217518
2022-05-09,MTL,404.0404052734375,404.0404052734375,393.5185241699219,401.5824890136719,352.9168701171875,239046
2022-05-10,MTL,396.04376220703125,403.9983215332031,395.6228942871094,397.09173583984375,348.9703063964844,65993
2022-05-11,MTL,398.9898986816406,403.9983215332031,388.0471496582031,393.9015197753906,346.1667785644531,196388
2022-05-12,MTL,395.6228942871094,399.6212158203125,392.6767578125,397.7441101074219,349.5436706542969,110239
2022-05-13,MTL,396.46466064453125,414.14141845703125,396.4595947265625,412.97979736328125,362.9330139160156,128551
2022-05-16,MTL,417.1717224121094,419.1919250488281,404.5505065917969,407.904052734375,358.4723815917969,79235
2022-05-17,MTL,409.0909118652344,414.1313171386719,408.080810546875,411.33837890625,361.4905090332031,57279
2022-05-18,MTL,411.61614990234375,414.89898681640625,410.10101318359375,411.27777099609375,361.437255859375,346921
2022-05-19,MTL,411.61614990234375,414.080810546875,410.6060485839844,412.7171630859375,362.7022399902344,53917
2022-05-20,MTL,413.6313171386719,414.14141845703125,412.1212158203125,413.2676696777344,363.18603515625,82072
2022-05-23,MTL,409.595947265625,414.0404052734375,407.095947265625,411.3080749511719,361.46392822265625,141573
2022-05-24,MTL,411.61614990234375,413.1313171386719,406.5656433105469,408.03533935546875,358.5877685546875,40500
2022-05-25,MTL,406.06060791015625,413.1313171386719,404.0404052734375,411.1111145019531,361.290771484375,47745
2022-05-26,MTL,412.1212158203125,424.242431640625,410.6060485839844,418.76263427734375,368.0151062011719,62581
2022-05-27,MTL,424.242431640625,430.8080749511719,424.242431640625,427.31817626953125,375.5337829589844,276409
2022-05-30,MTL,431.3080749511719,443.93939208984375,429.7979736328125,441.01513671875,387.5708923339844,288862
2022-05-31,MTL,449.49493408203125,464.6464538574219,446.9696960449219,452.7525329589844,397.88592529296875,649180
2022-06-01,MTL,456.5656433105469,462.1212158203125,452.7525329589844,459.9494934082031,404.210693359375,174133
2022-06-02,MTL,464.64141845703125,464.64141845703125,454.5454406738281,457.1767578125,401.7740173339844,251861
2022-06-03,MTL,457.0707092285156,457.0707092285156,422.8888854980469,428.7474670410156,376.7899169921875,206438
2022-06-06,MTL,429.2929382324219,431.7474670410156,409.0909118652344,416.919189453125,366.39501953125,129335
2022-06-07,MTL,416.919189453125,424.242431640625,414.14141845703125,420.1919250488281,369.2711486816406,53861
2022-06-08,MTL,416.7171630859375,420.9595947265625,416.6666564941406,419.2878723144531,368.4766540527344,53974
2022-06-09,MTL,418.6868591308594,431.81817626953125,417.22222900390625,423.8232421875,372.46240234375,95447
2022-06-10,MTL,421.7171630859375,443.93939208984375,421.7171630859375,436.8939514160156,383.9491271972656,95566
2022-06-13,MTL,457.57574462890625,464.14141845703125,439.4494934082031,442.89898681640625,389.2264709472656,181142
2022-06-14,MTL,437.3737487792969,445.4545593261719,437.3737487792969,441.3787841796875,387.8904724121094,72345
2022-06-15,MTL,439.4444580078125,446.9696960449219,439.4444580078125,444.8737487792969,390.9619140625,67723
2022-06-16,MTL,444.8737487792969,446.9696960449219,440.5858459472656,443.11614990234375,389.41729736328125,42031
2022-06-17,MTL,441.919189453125,449.49493408203125,441.4141540527344,447.9494934082031,393.6649169921875,607553
2022-06-20,MTL,450.5050354003906,454.5454406738281,447.97979736328125,452.93939208984375,398.05010986328125,116528
2022-06-21,MTL,452.5252380371094,459.595947265625,452.5252380371094,455.2676696777344,400.0962829589844,117162
2022-06-22,MTL,459.595947265625,462.1212158203125,454.0404052734375,455.2929382324219,400.1184387207031,82130
2022-06-23,MTL,457.0454406738281,458.080810546875,454.8232421875,455.68182373046875,400.4602355957031,44902
2022-06-24,MTL,455.0505065917969,455.5555419921875,428.2828369140625,441.8686828613281,388.3210144042969,305999
2022-06-27,MTL,441.9696960449219,452.02020263671875,441.9696960449219,448.8636474609375,394.46832275390625,46559
2022-06-28,MTL,449.49493408203125,452.02020263671875,444.4444580078125,446.6919250488281,392.5597839355469,20811
2022-06-29,MTL,446.9696960449219,449.4141540527344,441.919189453125,443.9898986816406,390.1851501464844,42667
2022-06-30,MTL,444.4444580078125,446.46466064453125,439.1464538574219,440.7020263671875,387.29571533203125,99475
2022-07-01,MTL,440.404052734375,444.3939514160156,436.8686828613281,443.0707092285156,389.37744140625,20346
2022-07-04,MTL,442.9292907714844,448.9898986816406,439.3939514160156,439.6666564941406,386.3858337402344,23403
2022-07-05,MTL,439.8939514160156,441.919189453125,439.3939514160156,439.53533935546875,386.2704162597656,28767
2022-07-06,MTL,439.8939514160156,443.257568359375,439.8939514160156,441.10101318359375,387.6463928222656,44302
2022-07-07,MTL,440.68182373046875,444.1767578125,440.66162109375,441.919189453125,388.3653869628906,56384
2022-07-08,MTL,441.919189453125,441.919189453125,441.919189453125,441.919189453125,388.3653869628906,0
2022-07-11,MTL,441.919189453125,441.919189453125,441.919189453125,441.919189453125,388.3653869628906,0
2022-07-12,MTL,441.919189453125,441.919189453125,441.919189453125,441.919189453125,388.3653869628906,0
2022-07-13,MTL,441.6717224121094,444.1919250488281,440.9848327636719,442.6868591308594,389.0400695800781,56131
2022-07-14,MTL,443.6868591308594,443.93939208984375,439.3939514160156,440.3737487792969,387.00726318359375,77689
2022-07-15,MTL,443.18182373046875,443.18182373046875,435.3535461425781,437.6717224121094,384.6326599121094,98699
2022-07-18,MTL,436.8686828613281,439.3939514160156,433.1060485839844,437.7323303222656,384.6859436035156,44856
2022-07-19,MTL,438.8888854980469,439.3939514160156,430.30303955078125,431.3737487792969,379.0979309082031,34351
2022-07-20,MTL,431.81817626953125,431.81817626953125,426.7676696777344,428.3636474609375,376.4526062011719,32440
2022-07-21,MTL,429.2929382324219,429.7979736328125,419.19696044921875,420.42425537109375,369.475341796875,41243
2022-07-22,MTL,419.1919250488281,420.2020263671875,411.61614990234375,417.92425537109375,367.27825927734375,56736
2022-07-25,MTL,414.7727355957031,419.4444580078125,409.0909118652344,418.5404052734375,367.8197937011719,23104
2022-07-26,MTL,418.4343566894531,420.2020263671875,418.18182373046875,418.2727355957031,367.58453369140625,32206
2022-07-27,MTL,418.2727355957031,419.69696044921875,414.14141845703125,415.7070617675781,365.3297424316406,26046
2022-07-28,MTL,416.6666564941406,419.1919250488281,411.6666564941406,413.7272644042969,363.5899353027344,66500
2022-07-29,MTL,411.61614990234375,416.2878723144531,409.0909118652344,414.1515197753906,363.96270751953125,60134
2022-08-01,MTL,414.6464538574219,416.6666564941406,411.6212158203125,412.31817626953125,362.3515930175781,21987
2022-08-02,MTL,416.6666564941406,416.6666564941406,406.5909118652344,411.1313171386719,361.30853271484375,116544
2022-08-03,MTL,411.1111145019531,416.919189453125,411.1111145019531,416.5050354003906,366.0310363769531,41888
2022-08-04,MTL,417.1717224121094,417.8787841796875,416.66162109375,417.5909118652344,366.9853210449219,32741
2022-08-05,MTL,416.6666564941406,431.3131408691406,416.16162109375,429.419189453125,377.3802185058594,82257
2022-08-08,MTL,429.419189453125,429.419189453125,429.419189453125,429.419189453125,377.3802185058594,0
2022-08-09,MTL,429.419189453125,429.419189453125,429.419189453125,429.419189453125,377.3802185058594,0
2022-08-10,MTL,429.7979736328125,433.3333435058594,421.7171630859375,427.5505065917969,375.73797607421875,51816
2022-08-11,MTL,429.2929382324219,433.3333435058594,426.7676696777344,432.23736572265625,379.8568420410156,53598
2022-08-12,MTL,431.3131408691406,448.4848327636719,430.8080749511719,446.9848327636719,392.817138671875,106064
2022-08-15,MTL,449.49493408203125,458.5858459472656,447.7272644042969,456.96466064453125,401.5876159667969,81403
2022-08-16,MTL,460.6060485839844,460.6060485839844,449.49493408203125,454.3686828613281,399.3062438964844,67442
2022-08-17,MTL,455.5555419921875,456.06060791015625,449.49493408203125,453.5909118652344,398.6226806640625,55669
2022-08-18,MTL,453.0404052734375,455.8080749511719,450.2525329589844,455.16162109375,400.0030517578125,38724
2022-08-19,MTL,455.0454406738281,456.56060791015625,453.0303039550781,454.0505065917969,399.0265808105469,12747
2022-08-22,MTL,453.0303039550781,453.0303039550781,447.97979736328125,449.2070617675781,394.7701110839844,24581
2022-08-23,MTL,450.0,454.5,449.4898986816406,450.7272644042969,396.1061096191406,47189
2022-08-24,MTL,450.7272644042969,452.52020263671875,447.97979736328125,448.7828369140625,394.39727783203125,28456
2022-08-25,MTL,450.0,450.0,446.46466064453125,447.18182373046875,392.9902648925781,25577
2022-08-26,MTL,448.4848327636719,448.9898986816406,429.8282775878906,434.7272644042969,382.0450134277344,132444
2022-08-29,MTL,445.4494934082031,445.4494934082031,422.7272644042969,427.73736572265625,375.9022216796875,122053
2022-08-30,MTL,430.8080749511719,436.16162109375,429.2929382324219,430.0,377.8906555175781,68834
2022-08-31,MTL,429.9848327636719,429.9848327636719,419.1919250488281,421.2929382324219,370.2387390136719,98693
2022-09-01,MTL,426.26263427734375,427.77777099609375,422.7272644042969,423.85858154296875,372.4934997558594,37867
2022-09-02,MTL,424.7474670410156,425.757568359375,419.1919250488281,420.8939514160156,369.8881530761719,39948
2022-09-05,MTL,420.8939514160156,421.2121276855469,413.1717224121094,413.9494934082031,363.7851867675781,51975
2022-09-06,MTL,414.6464538574219,419.1919250488281,414.14141845703125,415.6717224121094,365.2987060546875,44643
2022-09-07,MTL,416.16162109375,417.1717224121094,414.77777099609375,415.72222900390625,365.3431396484375,44702
2022-09-08,MTL,416.6666564941406,416.7929382324219,409.595947265625,412.4898986816406,362.5024719238281,69347
2022-09-09,MTL,412.1262512207031,414.6464538574219,407.57574462890625,410.16162109375,360.45635986328125,61704
2022-09-12,MTL,410.10101318359375,411.61614990234375,407.0707092285156,408.3686828613281,358.8807067871094,37303
2022-09-13,MTL,408.080810546875,428.7878723144531,408.080810546875,423.4545593261719,372.138427734375,123744
2022-09-14,MTL,423.73736572265625,426.7676696777344,419.1919250488281,419.904052734375,369.0181884765625,42888
2022-09-15,MTL,420.7070617675781,423.73736572265625,418.1868591308594,418.8535461425781,368.094970703125,39449
2022-09-16,MTL,419.1919250488281,422.2171630859375,416.16162109375,420.10101318359375,369.1912536621094,101991
2022-09-19,MTL,420.2020263671875,424.242431640625,408.5858459472656,413.06060791015625,363.0040283203125,92044
2022-09-20,MTL,413.1313171386719,419.14141845703125,409.595947265625,417.0303039550781,366.4926452636719,58023
2022-09-21,MTL,416.7171630859375,419.69696044921875,416.6666564941406,418.6717224121094,367.9351806640625,31183
2022-09-22,MTL,419.1919250488281,419.1919250488281,412.6262512207031,413.03533935546875,362.9818420410156,55390
2022-09-23,MTL,414.6464538574219,428.7878723144531,413.03533935546875,420.5505065917969,369.5862731933594,316623
2022-09-26,MTL,421.7272644042969,428.4090881347656,421.7272644042969,426.0252380371094,374.39752197265625,137522
2022-09-27,MTL,428.2828369140625,429.1919250488281,422.97979736328125,424.595947265625,373.1414489746094,63993
2022-09-28,MTL,424.7525329589844,424.7525329589844,422.22222900390625,422.6767578125,371.4548645019531,53905
2022-09-29,MTL,423.73736572265625,423.73736572265625,417.1717224121094,417.7676696777344,367.14068603515625,79293
2022-09-30,MTL,419.1919250488281,419.1919250488281,415.757568359375,416.18182373046875,365.74700927734375,60035
2022-10-03,MTL,417.6767578125,420.2020263671875,417.1717224121094,417.46466064453125,366.87432861328125,63631
2022-10-04,MTL,419.1919250488281,420.01513671875,417.9292907714844,418.23736572265625,367.55340576171875,72640
2022-10-05,MTL,419.19696044921875,421.2070617675781,418.6868591308594,419.4343566894531,368.6053771972656,47090
2022-10-06,MTL,420.7070617675781,420.7070617675781,416.6666564941406,419.0555419921875,368.2724609375,32565
2022-10-07,MTL,419.19696044921875,420.7020263671875,416.16162109375,417.9090881347656,367.26495361328125,96895
2022-10-10,MTL,419.1919250488281,420.7070617675781,416.742431640625,417.1767578125,366.6213684082031,139186
2022-10-11,MTL,417.6767578125,422.22222900390625,415.1515197753906,417.19696044921875,366.63916015625,91563
2022-10-12,MTL,416.7171630859375,421.7171630859375,416.7171630859375,417.8636474609375,367.22503662109375,81364
2022-10-13,MTL,418.35858154296875,420.7070617675781,418.18182373046875,419.97979736328125,369.084716796875,114529
2022-10-14,MTL,420.2070617675781,423.73736572265625,420.2070617675781,423.0858459472656,371.81439208984375,100455
2022-10-17,MTL,423.257568359375,428.73736572265625,421.7676696777344,426.904052734375,375.1698913574219,119960
2022-10-18,MTL,429.2929382324219,431.81817626953125,422.7272644042969,425.0505065917969,373.54095458984375,174550
2022-10-19,MTL,418.18182373046875,446.06060791015625,414.9515075683594,432.0303039550781,385.1668701171875,418517
2022-10-20,MTL,441.2121276855469,442.4181823730469,436.3636474609375,436.9818115234375,389.58123779296875,73185
2022-10-21,MTL,440.6060485839844,440.6060485839844,427.8787841796875,433.4545593261719,386.43658447265625,54596
2022-10-24,MTL,442.2727355957031,442.2727355957031,433.0303039550781,433.79998779296875,386.74456787109375,39938
2022-10-25,MTL,434.42425537109375,434.4848327636719,427.8787841796875,429.7454528808594,383.1297912597656,53578
2022-10-26,MTL,422.1212158203125,427.8787841796875,413.93939208984375,417.67877197265625,372.3720703125,112431
2022-10-27,MTL,413.0303039550781,419.3939514160156,411.51513671875,412.3818054199219,367.6496276855469,94436
2022-10-28,MTL,412.3818054199219,414.242431640625,400.0,402.7696838378906,359.0802001953125,187679
2022-10-31,MTL,400.6060485839844,412.7272644042969,400.6060485839844,405.7636413574219,361.7493896484375,28401
2022-11-01,MTL,405.7636413574219,405.7636413574219,398.7878723144531,400.7939453125,357.3187255859375,102016
2022-11-02,MTL,400.0,405.1515197753906,397.57574462890625,402.8787841796875,359.1774597167969,71857
2022-11-03,MTL,400.6060485839844,406.9696960449219,400.6060485839844,403.36968994140625,359.6151123046875,51252
2022-11-04,MTL,400.6060485839844,406.06060791015625,399.9090881347656,403.4787902832031,359.7123718261719,45391
2022-11-07,MTL,403.6363525390625,406.3636474609375,403.0909118652344,404.7757568359375,360.8686828613281,18991
2022-11-08,MTL,403.64849853515625,413.9090881347656,403.64849853515625,412.1697082519531,367.4605407714844,54945
2022-11-09,MTL,412.1697082519531,412.1697082519531,412.1697082519531,412.1697082519531,367.4605407714844,0
2022-11-10,MTL,412.7212219238281,421.1515197753906,412.7212219238281,417.7454528808594,372.43145751953125,76792
2022-11-11,MTL,414.5454406738281,420.6000061035156,411.7878723144531,416.2727355957031,371.1185302734375,45086
2022-11-14,MTL,412.1575622558594,416.9696960449219,410.9090881347656,411.30908203125,366.6932678222656,49099
2022-11-15,MTL,411.51513671875,412.71514892578125,409.69696044921875,410.242431640625,365.7423400878906,113747
2022-11-16,MTL,409.8484802246094,412.1212158203125,405.4545593261719,409.9939270019531,365.520751953125,121887
2022-11-17,MTL,409.0909118652344,411.2121276855469,404.8484802246094,405.92120361328125,361.88983154296875,79214
2022-11-18,MTL,404.8484802246094,405.4545593261719,402.42425537109375,402.9515075683594,359.2422790527344,56839
2022-11-21,MTL,402.9515075683594,402.9515075683594,398.7878723144531,399.7939453125,356.42724609375,55367
2022-11-22,MTL,400.0,400.6060485839844,395.7696838378906,396.5333251953125,353.5202941894531,97642
2022-11-23,MTL,395.1515197753906,398.7878723144531,392.7272644042969,396.551513671875,353.53656005859375,77800
2022-11-24,MTL,393.93939208984375,396.9696960449219,389.69696044921875,391.0121154785156,348.5979919433594,137293
2022-11-25,MTL,392.1212158203125,398.7696838378906,389.69696044921875,390.5393981933594,348.1765441894531,183603
2022-11-28,MTL,387.2727355957031,387.2727355957031,369.69696044921875,376.26666259765625,335.4519958496094,291168
2022-11-29,MTL,371.2121276855469,383.7272644042969,371.2121276855469,379.71514892578125,338.5263977050781,122857
2022-11-30,MTL,379.3939514160156,384.8484802246094,375.9090881347656,379.1151428222656,337.9915466308594,133473
2022-12-01,MTL,377.57574462890625,380.6060485839844,376.9818115234375,377.6666564941406,336.7001953125,43461
2022-12-02,MTL,375.9151611328125,378.18182373046875,370.9090881347656,373.57574462890625,333.052978515625,66084
2022-12-05,MTL,375.1515197753906,375.757568359375,360.6060485839844,362.139404296875,322.857177734375,90192
2022-12-06,MTL,359.69696044921875,361.81817626953125,348.4848327636719,354.06060791015625,315.6547546386719,161470
2022-12-07,MTL,357.26666259765625,358.18182373046875,353.93939208984375,356.06060791015625,317.437744140625,82877
2022-12-08,MTL,357.5636291503906,360.6060485839844,356.6666564941406,358.6424255371094,319.739501953125,118603
2022-12-09,MTL,357.5818176269531,359.3939514160156,357.57574462890625,357.8666687011719,319.04791259765625,74301
2022-12-12,MTL,357.8787841796875,362.42425537109375,345.5212097167969,351.83636474609375,313.6717224121094,81508
2022-12-13,MTL,348.4848327636719,351.51513671875,346.06060791015625,347.6000061035156,309.8948974609375,105184
2022-12-14,MTL,347.3939514160156,348.18182373046875,345.4545593261719,345.8424377441406,308.3280029296875,50701
2022-12-15,MTL,345.4545593261719,345.4545593261719,333.3333435058594,334.24847412109375,297.9916687011719,191266
2022-12-16,MTL,333.3333435058594,335.139404296875,318.1878662109375,324.3272705078125,289.1466064453125,173400
2022-12-19,MTL,321.2181701660156,321.2181701660156,309.0909118652344,309.8121337890625,276.2059631347656,103128
2022-12-20,MTL,308.51513671875,308.51513671875,294.5454406738281,296.448486328125,264.29193115234375,205763
2022-12-21,MTL,293.93939208984375,309.0909118652344,293.93939208984375,297.6727294921875,265.3833923339844,177907
2022-12-22,MTL,297.6060485839844,304.242431640625,297.6060485839844,302.8484802246094,269.9976806640625,38550
2022-12-23,MTL,303.6363525390625,307.2727355957031,300.6060485839844,302.7636413574219,269.9220886230469,94609
2022-12-26,MTL,302.4302978515625,306.0484924316406,300.30303955078125,302.7212219238281,269.88421630859375,49330
2022-12-27,MTL,302.7272644042969,304.5454406738281,301.2181701660156,302.18182373046875,269.4033508300781,22869
2022-12-28,MTL,302.42425537109375,303.02423095703125,282.1212158203125,289.4606018066406,258.06201171875,161417
2022-12-29,MTL,289.2121276855469,293.3272705078125,286.06060791015625,290.51513671875,259.002197265625,146318
2022-12-30,MTL,289.0909118652344,296.8060607910156,289.0909118652344,294.0060729980469,262.11444091796875,73066
2023-01-02,MTL,293.93939208984375,302.42425537109375,293.93939208984375,295.51513671875,263.4598388671875,80808
2023-01-03,MTL,295.51513671875,300.9090881347656,293.6363525390625,298.3272705078125,265.9668884277344,57560
2023-01-04,MTL,299.9939270019531,301.8121337890625,296.9696960449219,300.654541015625,268.0417175292969,43172
2023-01-05,MTL,301.6363525390625,309.0909118652344,300.6060485839844,303.3757629394531,270.4678039550781,57344
2023-01-06,MTL,288.4848327636719,303.3757629394531,288.4848327636719,294.4848327636719,262.5412902832031,114524
2023-01-09,MTL,291.6363525390625,295.757568359375,289.69696044921875,290.5636291503906,259.0454406738281,277987
2023-01-10,MTL,295.1515197753906,300.6060485839844,292.3211975097656,299.5697021484375,267.0745849609375,128917
2023-01-11,MTL,300.30303955078125,310.9090881347656,300.0,307.3272705078125,273.99066162109375,200913
2023-01-12,MTL,309.2606201171875,323.0303039550781,309.2606201171875,314.35150146484375,280.2529296875,248470
2023-01-13,MTL,312.1151428222656,323.6363525390625,306.0545349121094,317.9454650878906,283.45709228515625,346445
2023-01-16,MTL,318.18182373046875,322.4181823730469,312.1212158203125,313.1151428222656,279.15069580078125,77342
2023-01-17,MTL,314.5454406738281,315.757568359375,303.0303039550781,303.5333251953125,270.6082763671875,135377
2023-01-18,MTL,305.4545593261719,313.9272766113281,304.24847412109375,311.6424255371094,277.8377380371094,147703
2023-01-19,MTL,311.81817626953125,315.1515197753906,304.8484802246094,306.75152587890625,273.47735595703125,105661
2023-01-20,MTL,306.0666809082031,309.0909118652344,303.0303039550781,307.36968994140625,274.0284423828125,115425
2023-01-23,MTL,307.36968994140625,310.3757629394531,306.06060791015625,308.0848388671875,274.6660461425781,62680
2023-01-24,MTL,308.6060485839844,312.1212158203125,307.9454650878906,310.28485107421875,276.62744140625,136745
2023-01-25,MTL,314.5454406738281,315.7454528808594,310.30303955078125,314.83636474609375,280.6852111816406,80107
2023-01-26,MTL,314.83636474609375,320.6060485839844,309.1212158203125,318.0060729980469,283.5111083984375,81173
2023-01-27,MTL,318.18182373046875,320.30303955078125,313.3333435058594,314.1697082519531,280.09088134765625,65295
2023-01-30,MTL,314.7757568359375,318.18182373046875,313.3333435058594,316.3999938964844,282.0792541503906,64901
2023-01-31,MTL,316.9696960449219,332.7090759277344,316.9696960449219,320.1515197753906,285.4237976074219,207147
2023-02-01,MTL,320.6363525390625,328.4848327636719,320.6363525390625,325.4302978515625,290.1300048828125,57840
2023-02-02,MTL,325.4545593261719,329.6363525390625,325.4545593261719,327.0666809082031,291.5888977050781,127594
2023-02-03,MTL,326.1212158203125,329.3939514160156,324.8484802246094,325.7212219238281,290.3893737792969,42103
2023-02-06,MTL,326.0666809082031,329.69091796875,326.0666809082031,328.4181823730469,292.7937927246094,42002
2023-02-07,MTL,331.51513671875,335.757568359375,330.30303955078125,332.30908203125,296.26263427734375,133991
2023-02-08,MTL,333.2545471191406,335.757568359375,330.0,330.67877197265625,294.80914306640625,68677
2023-02-09,MTL,330.90301513671875,330.9090881347656,324.1878662109375,324.7696838378906,289.5410461425781,79275
2023-02-10,MTL,324.2545471191406,339.3939514160156,316.3636474609375,331.7090759277344,295.72772216796875,169057
2023-02-13,MTL,327.8787841796875,331.51513671875,318.18182373046875,321.2363586425781,286.3909606933594,126170
2023-02-14,MTL,316.3939514160156,322.4181823730469,315.7878723144531,321.1151428222656,286.282958984375,88872
2023-02-15,MTL,326.06060791015625,331.51513671875,320.0,327.3939514160156,291.8807067871094,581306
2023-02-16,MTL,327.8787841796875,332.7272644042969,321.2121276855469,324.0060729980469,288.86029052734375,80729
2023-02-17,MTL,324.242431640625,332.7272644042969,320.0,324.0969543457031,288.9413146972656,135471
2023-02-20,MTL,326.6666564941406,327.87274169921875,319.3939514160156,321.3393859863281,286.48284912109375,58842
2023-02-21,MTL,321.81817626953125,326.06060791015625,321.1212158203125,323.83636474609375,288.708984375,177356
2023-02-22,MTL,324.242431640625,325.4545593261719,322.42425537109375,323.0,287.9633483886719,23698
2023-02-23,MTL,323.93939208984375,327.87274169921875,321.2121276855469,326.0909118652344,290.7189636230469,69380
2023-02-24,MTL,326.6666564941406,330.6060485839844,325.1515197753906,329.7757568359375,294.00408935546875,97076
2023-02-27,MTL,329.7757568359375,335.1515197753906,329.69696044921875,334.757568359375,298.4455261230469,66465
2023-02-28,MTL,336.36968994140625,341.1515197753906,335.2969665527344,340.0545349121094,303.16790771484375,102489
2023-03-01,MTL,341.2121276855469,343.6363525390625,338.14544677734375,341.7393798828125,304.66998291015625,118580
2023-03-02,MTL,336.0,343.6666564941406,333.3333435058594,335.4266662597656,301.9876403808594,180681
2023-03-03,MTL,334.0,343.3333435058594,333.3333435058594,341.7866516113281,307.71356201171875,107827
2023-03-06,MTL,342.0,344.6333312988281,340.0,341.7799987792969,307.7076110839844,28165
2023-03-07,MTL,340.73333740234375,341.6666564941406,338.0333251953125,339.82000732421875,305.9430236816406,10615
2023-03-08,MTL,340.0,343.3333435058594,335.3333435058594,340.38665771484375,306.453125,180195
2023-03-09,MTL,341.3333435058594,341.3333435058594,339.3333435058594,339.8333435058594,305.9549865722656,17730
2023-03-10,MTL,341.32666015625,342.0,339.5,340.4800109863281,306.5372009277344,23167
2023-03-13,MTL,340.3333435058594,341.99334716796875,336.6666564941406,338.99334716796875,305.19873046875,33603
2023-03-14,MTL,339.3333435058594,340.3333435058594,339.3333435058594,339.6000061035156,305.74493408203125,19716
2023-03-15,MTL,340.6666564941406,341.3333435058594,336.6666564941406,340.82000732421875,306.84332275390625,37033
2023-03-16,MTL,340.82000732421875,340.82000732421875,335.3333435058594,337.3599853515625,303.72821044921875,110242
2023-03-17,MTL,339.20001220703125,340.6666564941406,336.086669921875,336.7533264160156,303.1820373535156,19042
2023-03-20,MTL,339.1333312988281,339.1333312988281,334.6666564941406,335.1266784667969,301.7175598144531,24334
2023-03-21,MTL,338.0,338.0,335.3333435058594,336.9266662597656,303.33807373046875,32377
2023-03-22,MTL,333.3666687011719,338.9666748046875,333.3666687011719,338.3133239746094,304.5865173339844,46689
2023-03-23,MTL,338.3133239746094,338.3133239746094,338.3133239746094,338.3133239746094,304.5865173339844,0
2023-03-24,MTL,338.1666564941406,338.6666564941406,337.20001220703125,338.2533264160156,304.532470703125,47715
2023-03-27,MTL,337.3333435058594,339.6666564941406,337.3333435058594,338.8800048828125,305.0966796875,88900
2023-03-28,MTL,339.3333435058594,343.6666564941406,338.6666564941406,342.7533264160156,308.58392333984375,40560
2023-03-29,MTL,344.3333435058594,356.0,343.3333435058594,352.8466796875,317.6710510253906,90910
2023-03-30,MTL,352.8333435058594,362.8333435058594,352.8333435058594,362.5400085449219,326.3980407714844,59020
2023-03-31,MTL,362.6666564941406,366.0,356.67333984375,359.8399963378906,323.9671936035156,245154
2023-04-03,MTL,359.99334716796875,360.6666564941406,351.6666564941406,352.59332275390625,317.4429016113281,22314
2023-04-04,MTL,351.3333435058594,353.32000732421875,346.0666809082031,351.5466613769531,316.5005798339844,24340
2023-04-05,MTL,353.3333435058594,356.0,348.0,349.88665771484375,315.00604248046875,38539
2023-04-06,MTL,349.8666687011719,353.3333435058594,348.6666564941406,351.6666564941406,316.608642578125,22252
2023-04-07,MTL,353.32666015625,357.6666564941406,351.67333984375,353.9333190917969,318.64935302734375,46239
2023-04-10,MTL,354.0,356.0,352.0,352.85333251953125,317.677001953125,17169
2023-04-11,MTL,355.6666564941406,355.6666564941406,351.3333435058594,351.5666809082031,316.5186462402344,9744
2023-04-12,MTL,352.6666564941406,352.6666564941406,346.6666564941406,348.26666259765625,313.547607421875,48675
2023-04-13,MTL,350.0,350.0,346.1333312988281,347.5199890136719,312.8753662109375,23647
2023-04-14,MTL,347.5199890136719,347.5199890136719,347.5199890136719,347.5199890136719,312.8753662109375,0
2023-04-17,MTL,348.0,356.0,348.0,353.8933410644531,318.6133117675781,40242
2023-04-18,MTL,353.3333435058594,353.3333435058594,346.6666564941406,351.70001220703125,316.638671875,21936
2023-04-19,MTL,352.0,355.0,352.0,353.99334716796875,318.7033996582031,31801
2023-04-20,MTL,353.99334716796875,355.3333435058594,346.6666564941406,348.00665283203125,313.3135070800781,65988
2023-04-21,MTL,348.00665283203125,348.00665283203125,348.00665283203125,348.00665283203125,313.3135070800781,0
2023-04-24,MTL,348.00665283203125,348.00665283203125,348.00665283203125,348.00665283203125,313.3135070800781,0
2023-04-25,MTL,348.00665283203125,348.00665283203125,348.00665283203125,348.00665283203125,313.3135070800781,0
2023-04-26,MTL,350.0,350.0,342.3333435058594,343.0533447265625,308.85400390625,61540
2023-04-27,MTL,343.0,353.3333435058594,341.6666564941406,349.38665771484375,314.5559387207031,69964
2023-04-28,MTL,349.3333435058594,352.6666564941406,346.6666564941406,348.0400085449219,313.343505859375,104823
2023-05-01,MTL,348.0400085449219,348.0400085449219,348.0400085449219,348.0400085449219,313.343505859375,0
2023-05-02,MTL,350.6000061035156,350.6666564941406,344.0,347.73333740234375,313.0674133300781,86115
2023-05-03,MTL,346.6666564941406,348.0,344.0400085449219,346.21331787109375,311.698974609375,76783
2023-05-04,MTL,346.6666564941406,346.6666564941406,343.9666748046875,344.1000061035156,309.79632568359375,102579
2023-05-05,MTL,344.6600036621094,346.1666564941406,344.3333435058594,345.3333435058594,310.9067077636719,25302
2023-05-08,MTL,346.6666564941406,346.6666564941406,342.3333435058594,342.79998779296875,308.62591552734375,41071
2023-05-09,MTL,340.6666564941406,342.0,335.6666564941406,336.71331787109375,303.1460266113281,71137
2023-05-10,MTL,333.3999938964844,339.3333435058594,333.3333435058594,336.0733337402344,302.56982421875,21481
2023-05-11,MTL,336.0,340.0,335.3666687011719,336.1333312988281,302.6238708496094,70026
2023-05-12,MTL,336.6666564941406,340.0,336.0,336.9333190917969,303.3440856933594,37587
2023-05-15,MTL,336.6666564941406,339.3333435058594,334.6666564941406,338.260009765625,304.5385437011719,35149
2023-05-16,MTL,337.32666015625,340.6666564941406,337.32666015625,339.8399963378906,305.96099853515625,35844
2023-05-17,MTL,340.0,344.6666564941406,338.260009765625,338.5400085449219,304.7906188964844,38107
2023-05-18,MTL,338.0,340.0,336.6666564941406,338.35333251953125,304.62249755859375,55105
2023-05-19,MTL,336.70001220703125,340.0,336.70001220703125,339.8733215332031,305.9909973144531,24849
2023-05-22,MTL,338.0,340.6666564941406,338.0,340.3599853515625,306.4291687011719,13648
2023-05-23,MTL,339.4200134277344,339.67333984375,337.9333190917969,338.3133239746094,304.5865173339844,18793
2023-05-24,MTL,339.1000061035156,339.1333312988281,335.3333435058594,335.7799987792969,302.3057556152344,45867
2023-05-25,MTL,336.6666564941406,339.26666259765625,335.3333435058594,335.3733215332031,301.93963623046875,72003
2023-05-26,MTL,335.3733215332031,338.0,335.3733215332031,336.0133361816406,302.51580810546875,278145
2023-05-29,MTL,336.0133361816406,340.3333435058594,335.3399963378906,335.5199890136719,302.0716857910156,86047
2023-05-30,MTL,336.0,337.9266662597656,334.6666564941406,335.5799865722656,302.12567138671875,73266
2023-05-31,MTL,336.0,337.32666015625,335.3333435058594,335.3999938964844,301.9636535644531,228858
2023-06-01,MTL,336.0,336.6666564941406,335.35333251953125,336.1199951171875,302.61181640625,19027
2023-06-02,MTL,336.0,337.99334716796875,335.3333435058594,336.0466613769531,302.5458068847656,94414
2023-06-05,MTL,336.0,336.0,334.739990234375,335.49334716796875,302.0476379394531,48655
2023-06-06,MTL,335.3333435058594,335.99334716796875,334.0,335.4266662597656,301.9876403808594,54807
2023-06-07,MTL,336.0,337.9866638183594,335.26666259765625,335.7466735839844,302.2757568359375,125721
2023-06-08,MTL,335.3466796875,335.9666748046875,334.0,334.5733337402344,301.2193298339844,54345
2023-06-09,MTL,334.00665283203125,335.3333435058594,334.0,334.5733337402344,301.2193298339844,18904
2023-06-12,MTL,336.0,359.6666564941406,336.0,359.6666564941406,323.81109619140625,298702
2023-06-13,MTL,372.6666564941406,385.99334716796875,360.3733215332031,365.23333740234375,328.8228454589844,1146831
2023-06-14,MTL,366.6666564941406,374.0,363.6666564941406,372.8666687011719,335.6951599121094,301969
2023-06-15,MTL,373.3333435058594,380.6666564941406,372.0,378.21331787109375,340.50885009765625,195768
2023-06-16,MTL,379.3333435058594,383.2533264160156,377.94000244140625,380.05999755859375,342.1714172363281,263928
2023-06-19,MTL,380.0,383.0,374.0,377.1666564941406,339.5665283203125,185752
2023-06-20,MTL,376.3333435058594,376.6666564941406,368.0,369.70001220703125,332.84423828125,117961
2023-06-21,MTL,370.0,376.0,370.0,371.086669921875,334.0926818847656,205882
2023-06-22,MTL,375.0,394.0,373.0,385.25,346.8440246582031,281761
2023-06-23,MTL,390.0,390.1000061035156,381.0,382.8299865722656,344.6652526855469,46450
2023-06-26,MTL,390.0,395.0,382.8299865722656,394.3500061035156,355.0368347167969,126906
2023-06-27,MTL,394.1099853515625,395.0,390.0,390.30999755859375,351.3995666503906,72311
2023-06-28,MTL,390.30999755859375,390.30999755859375,390.30999755859375,390.30999755859375,351.3995666503906,0
2023-06-29,MTL,390.30999755859375,390.30999755859375,390.30999755859375,390.30999755859375,351.3995666503906,0
2023-06-30,MTL,390.30999755859375,390.30999755859375,390.30999755859375,390.30999755859375,351.3995666503906,0
2023-07-03,MTL,410.0,410.0,395.0,402.2099914550781,362.11328125,193438
2023-07-04,MTL,403.0,403.0,386.0,388.9100036621094,350.1391296386719,183421
2023-07-05,MTL,387.0,389.5,379.70001220703125,380.3599853515625,342.4414978027344,129388
2023-07-06,MTL,384.9800109863281,398.0,380.04998779296875,396.54998779296875,357.01751708984375,451629
2023-07-07,MTL,398.0,406.0,397.0,399.7799987792969,359.9255065917969,154859
2023-07-10,MTL,400.0,403.010009765625,397.70001220703125,398.8399963378906,359.0792236328125,83029
2023-07-11,MTL,400.0,401.8999938964844,395.1199951171875,396.3800048828125,356.8644714355469,102092
2023-07-12,MTL,396.0,400.0,396.0,397.3999938964844,357.78277587890625,270495
2023-07-13,MTL,399.8999938964844,412.0,398.0,401.75,361.6991271972656,343991
2023-07-14,MTL,400.1099853515625,404.489990234375,398.25,400.6099853515625,360.6727294921875,69644
2023-07-17,MTL,398.0,402.5,396.6600036621094,398.1300048828125,358.44000244140625,154960
2023-07-18,MTL,397.25,400.0,394.0199890136719,395.2799987792969,355.8741149902344,101907
2023-07-19,MTL,395.25,398.9800109863281,395.1000061035156,396.7300109863281,357.1795654296875,68472
2023-07-20,MTL,397.79998779296875,398.5,395.010009765625,396.6099853515625,357.0715026855469,93622
2023-07-21,MTL,395.1000061035156,398.5,395.1000061035156,396.44000244140625,356.9184875488281,150022
2023-07-24,MTL,397.989990234375,398.0,395.0,396.6499938964844,357.1075134277344,116865
2023-07-25,MTL,391.2200012207031,397.44000244140625,391.2200012207031,395.6499938964844,356.20721435546875,62181
2023-07-26,MTL,398.0,398.0,394.0299987792969,394.80999755859375,355.4509582519531,39052
2023-07-27,MTL,394.80999755859375,394.80999755859375,394.80999755859375,394.80999755859375,355.4509582519531,0
2023-07-28,MTL,394.80999755859375,394.80999755859375,394.80999755859375,394.80999755859375,355.4509582519531,0
2023-07-31,MTL,395.0,400.0,394.0,395.3500061035156,355.9371337890625,221108
2023-08-01,MTL,399.0,399.0,394.989990234375,397.0400085449219,357.45867919921875,191969
2023-08-02,MTL,397.010009765625,398.6499938964844,397.0,397.5199890136719,357.89080810546875,92589
2023-08-03,MTL,399.5,427.3299865722656,399.5,425.4100036621094,383.0004577636719,1085820
2023-08-04,MTL,432.010009765625,448.0,432.010009765625,442.1600036621094,398.08062744140625,495844
2023-08-07,MTL,441.2300109863281,441.2300109863281,426.0,429.5199890136719,386.7006530761719,255996
2023-08-08,MTL,430.1000061035156,430.25,416.29998779296875,418.7900085449219,377.0403747558594,190903
2023-08-09,MTL,419.8999938964844,430.0,410.010009765625,426.4599914550781,383.9457702636719,152331
2023-08-10,MTL,421.04998779296875,429.989990234375,418.20001220703125,425.5799865722656,383.1534729003906,126520
2023-08-11,MTL,428.3699951171875,440.0,428.3699951171875,432.25,389.1585388183594,336712
2023-08-14,MTL,432.25,432.25,432.25,432.25,389.1585388183594,0
2023-08-15,MTL,437.0,437.0,430.989990234375,433.7099914550781,390.47296142578125,93667
2023-08-16,MTL,435.0,435.0,429.0,433.760009765625,390.51800537109375,112898
2023-08-17,MTL,429.1000061035156,437.0,429.04998779296875,433.6700134277344,390.4369812011719,85126
2023-08-18,MTL,432.6000061035156,437.0,432.54998779296875,435.67999267578125,392.2466125488281,103993
2023-08-21,MTL,434.0299987792969,436.5,433.0,433.67999267578125,390.44598388671875,211828
2023-08-22,MTL,434.75,436.70001220703125,433.25,433.6600036621094,390.427978515625,57031
2023-08-23,MTL,434.9800109863281,434.9800109863281,432.3399963378906,433.79998779296875,390.5539855957031,173068
2023-08-24,MTL,434.8800048828125,445.0,432.510009765625,439.0199890136719,395.2536315917969,739333
2023-08-25,MTL,438.1099853515625,442.0,437.0,440.6199951171875,396.6941223144531,122339
2023-08-28,MTL,441.0,447.44000244140625,441.0,442.7900085449219,398.6477966308594,67176
2023-08-29,MTL,445.0,445.0,434.0,437.6700134277344,394.0382080078125,116891
2023-08-30,MTL,436.0,448.989990234375,436.0,440.9599914550781,397.000244140625,260284
2023-08-31,MTL,438.0199890136719,443.989990234375,434.0,440.739990234375,396.80218505859375,235429
2023-09-01,MTL,445.0,445.0,440.1000061035156,442.1199951171875,398.0445861816406,62582
2023-09-04,MTL,444.6000061035156,444.6000061035156,440.2799987792969,442.04998779296875,397.9815673828125,56647
2023-09-05,MTL,442.0,444.0,441.0,442.1000061035156,398.0265808105469,46311
2023-09-06,MTL,441.0,443.44000244140625,440.0,442.45001220703125,398.3417053222656,50709
2023-09-07,MTL,450.0,450.0,442.0,443.04998779296875,398.88189697265625,30458
2023-09-08,MTL,442.1000061035156,447.0,442.010009765625,443.5299987792969,399.31402587890625,51150
2023-09-11,MTL,441.0,444.79998779296875,441.0,442.4800109863281,398.36871337890625,119680
2023-09-12,MTL,443.8999938964844,444.0,442.3599853515625,442.6199951171875,398.4947509765625,16604
2023-09-13,MTL,441.0,443.75,441.0,443.3800048828125,399.1789855957031,69103
2023-09-14,MTL,443.5,447.989990234375,443.0,446.9200134277344,402.3660583496094,54395
2023-09-15,MTL,449.0,450.45001220703125,442.0,443.2900085449219,399.0979309082031,139813
2023-09-18,MTL,442.1099853515625,449.0,442.1099853515625,447.6600036621094,403.0323181152344,37417
2023-09-19,MTL,448.010009765625,453.8999938964844,448.010009765625,453.0199890136719,407.8579406738281,146841
2023-09-20,MTL,454.04998779296875,459.0,454.04998779296875,456.2799987792969,410.79296875,144602
2023-09-21,MTL,450.1099853515625,457.5,442.30999755859375,447.5199890136719,402.9062194824219,147749
2023-09-22,MTL,448.95001220703125,449.5,442.0,442.45001220703125,398.3417053222656,80935
2023-09-25,MTL,446.8800048828125,446.8800048828125,422.0,424.3599853515625,382.0550842285156,248621
2023-09-26,MTL,421.0,422.010009765625,415.25,419.3800048828125,377.57159423828125,118826
2023-09-27,MTL,419.9599914550781,420.0,416.0,416.6600036621094,375.1227111816406,55982
2023-09-28,MTL,416.6600036621094,416.6600036621094,416.6600036621094,416.6600036621094,375.1227111816406,0
2023-09-29,MTL,416.6600036621094,416.6600036621094,416.6600036621094,416.6600036621094,375.1227111816406,0
2023-10-02,MTL,417.0,421.69000244140625,417.0,418.0199890136719,376.3471374511719,58236
2023-10-03,MTL,420.6499938964844,420.95001220703125,418.0,420.739990234375,378.79595947265625,44012
2023-10-04,MTL,420.0,423.7799987792969,419.0,423.3699951171875,381.163818359375,88454
2023-10-05,MTL,420.25,428.75,420.25,428.0,385.3322448730469,54211
2023-10-06,MTL,428.1000061035156,445.0,428.010009765625,443.4599914550781,399.2510070800781,162419
2023-10-09,MTL,444.0,450.0,441.04998779296875,445.7200012207031,401.28570556640625,118142
2023-10-10,MTL,446.489990234375,448.489990234375,440.29998779296875,441.3399963378906,397.34234619140625,56609
2023-10-11,MTL,440.0,443.0,438.20001220703125,442.05999755859375,397.9905700683594,64909
2023-10-12,MTL,443.0,456.989990234375,443.0,449.9700012207031,405.1120300292969,234308
2023-10-13,MTL,450.0,472.0,450.0,469.0199890136719,422.2629089355469,485057
2023-10-16,MTL,470.04998779296875,482.0,470.04998779296875,472.45001220703125,425.3509826660156,225822
2023-10-17,MTL,470.1000061035156,470.1000061035156,462.0,464.82000732421875,418.48162841796875,88946
2023-10-18,MTL,454.0,466.5,450.1099853515625,455.0199890136719,416.376953125,176402
2023-10-19,MTL,459.0,459.989990234375,452.0,454.0,415.4435729980469,77851
2023-10-20,MTL,454.0,457.92999267578125,450.0,450.6300048828125,412.3597717285156,101303
2023-10-23,MTL,454.95001220703125,457.5,446.0,451.95001220703125,413.5676574707031,107310
2023-10-24,MTL,454.989990234375,462.95001220703125,450.0299987792969,458.8800048828125,419.9090881347656,67283
2023-10-25,MTL,459.989990234375,476.0,455.5,458.2699890136719,419.35089111328125,398212
2023-10-26,MTL,455.760009765625,470.5,455.760009765625,462.6000061035156,423.3132019042969,220658
2023-10-27,MTL,462.0,463.989990234375,458.1000061035156,459.42999267578125,420.41241455078125,68835
2023-10-30,MTL,463.9200134277344,463.9200134277344,457.010009765625,459.7799987792969,420.732666015625,67869
2023-10-31,MTL,457.0400085449219,461.8800048828125,451.20001220703125,452.44000244140625,414.01605224609375,81334
2023-11-01,MTL,452.0,458.69000244140625,452.0,457.239990234375,418.40838623046875,89649
2023-11-02,MTL,458.760009765625,459.5,456.0,457.9200134277344,419.0306396484375,98676
2023-11-03,MTL,458.9800109863281,460.5,456.5,460.0299987792969,420.9614562988281,71472
2023-11-06,MTL,461.6300048828125,466.5,459.0,460.25,421.16278076171875,92822
2023-11-07,MTL,458.20001220703125,462.0,458.20001220703125,459.8599853515625,420.8058776855469,114417
2023-11-08,MTL,456.0299987792969,474.5,456.0299987792969,472.7200012207031,432.5737609863281,270907
2023-11-09,MTL,472.7200012207031,472.7200012207031,472.7200012207031,472.7200012207031,432.5737609863281,0
2023-11-10,MTL,473.5,487.239990234375,473.5,486.1700134277344,444.8814697265625,218890
2023-11-13,MTL,491.25,522.6300048828125,491.25,522.6300048828125,478.2450866699219,520317
2023-11-14,MTL,529.97998046875,551.489990234375,524.010009765625,546.97998046875,500.5270690917969,491669
2023-11-15,MTL,550.0999755859375,551.0,530.0,530.8800048828125,485.7944030761719,246376
2023-11-16,MTL,531.0,531.0,505.0,522.5399780273438,478.1627197265625,397294
2023-11-17,MTL,519.0499877929688,530.0,519.0,521.1699829101562,476.9090576171875,137458
2023-11-20,MTL,521.27001953125,524.0,515.0,519.2100219726562,475.11553955078125,64936
2023-11-21,MTL,517.0,532.0,517.0,520.5999755859375,476.3874816894531,116190
2023-11-22,MTL,524.75,526.9000244140625,522.0,525.6599731445312,481.01776123046875,100035
2023-11-23,MTL,527.0,529.0,524.8800048828125,525.3400268554688,480.7249755859375,98522
2023-11-24,MTL,529.97998046875,529.97998046875,524.0,524.27001953125,479.7458190917969,79506
2023-11-27,MTL,528.5999755859375,530.5,523.0,529.1900024414062,484.2479553222656,100668
2023-11-28,MTL,529.0,534.8900146484375,527.0,530.989990234375,485.8951110839844,152001
2023-11-29,MTL,531.010009765625,553.2100219726562,531.010009765625,544.8499755859375,498.5780334472656,345719
2023-11-30,MTL,545.0,585.7100219726562,545.0,585.7100219726562,535.9678955078125,457812
2023-12-01,MTL,601.0,629.6400146484375,601.0,629.6400146484375,576.1671752929688,690405
2023-12-04,MTL,650.0,676.8599853515625,644.5,655.8400268554688,600.14208984375,1113204
2023-12-05,MTL,665.0,669.0,628.0,630.9099731445312,577.3292236328125,304921
2023-12-06,MTL,640.0,640.2000122070312,620.0,628.6699829101562,575.2794799804688,171994
2023-12-07,MTL,634.0,635.0,623.5499877929688,625.2000122070312,572.1041870117188,159596
2023-12-08,MTL,626.0,629.5,617.0,619.8300170898438,567.1903076171875,187960
2023-12-11,MTL,619.0,624.0,610.0,611.1799926757812,559.27490234375,642614
2023-12-12,MTL,611.0,639.989990234375,611.0,629.6400146484375,576.1671752929688,441382
2023-12-13,MTL,633.0999755859375,638.5,613.5,622.6599731445312,569.7799072265625,250418
2023-12-14,MTL,622.75,622.75,610.010009765625,617.260009765625,564.8385620117188,117714
2023-12-15,MTL,621.8900146484375,639.0,614.0,634.6599731445312,580.7607421875,256176
2023-12-18,MTL,648.0,650.0,629.0,630.9000244140625,577.3201293945312,163501
2023-12-19,MTL,630.7999877929688,634.0,610.0,612.3499755859375,560.3455200195312,179267
2023-12-20,MTL,609.5,616.9000244140625,586.0,595.5999755859375,545.0180053710938,213091
2023-12-21,MTL,600.0,600.0,590.0,596.6500244140625,545.9788818359375,123529
2023-12-22,MTL,599.3499755859375,605.5,592.0,593.9299926757812,543.4898681640625,74710
2023-12-25,MTL,593.9299926757812,593.9299926757812,593.9299926757812,593.9299926757812,543.4898681640625,0
2023-12-26,MTL,592.5,592.5,571.5,577.3900146484375,528.3545532226562,178837
2023-12-27,MTL,570.5,587.0,560.0,580.97998046875,531.6395874023438,165580
2023-12-28,MTL,581.0399780273438,589.25,576.0,578.9099731445312,529.7454223632812,154997
2023-12-29,MTL,583.1900024414062,599.8900146484375,575.0,581.27001953125,531.905029296875,58054
2024-01-01,MTL,585.0,600.0,584.0,598.4199829101562,547.5984497070312,163115
2024-01-02,MTL,600.0,610.0,592.5,594.2899780273438,543.8192749023438,93566
2024-01-03,MTL,599.989990234375,600.0,585.0,585.6099853515625,535.87646484375,75495
2024-01-04,MTL,585.5999755859375,591.0,585.0,587.6400146484375,537.7340698242188,60889
2024-01-05,MTL,591.5,603.010009765625,580.5,584.969970703125,535.290771484375,164424
2024-01-08,MTL,588.5,589.5,580.5,582.760009765625,533.2685546875,61600
2024-01-09,MTL,585.010009765625,588.25,578.010009765625,579.969970703125,530.7154541015625,64454
2024-01-10,MTL,580.0,587.6500244140625,576.0,578.8900146484375,529.7271728515625,99450
2024-01-11,MTL,579.0,582.0,577.5,579.780029296875,530.54150390625,54948
2024-01-12,MTL,586.5,586.5,578.0,580.0700073242188,530.8069458007812,61129
2024-01-15,MTL,583.989990234375,584.489990234375,550.0,575.010009765625,526.1766357421875,41141
2024-01-16,MTL,572.52001953125,577.3900146484375,562.0,566.8499755859375,518.7096557617188,30035
2024-01-17,MTL,570.989990234375,570.989990234375,555.0499877929688,556.3200073242188,509.0739440917969,40636
2024-01-18,MTL,558.989990234375,558.989990234375,536.0,539.030029296875,493.2523498535156,96223
2024-01-19,MTL,545.0,579.0,544.0,545.4400024414062,499.1179504394531,66525
2024-01-22,MTL,546.0,549.989990234375,540.0,542.010009765625,495.97918701171875,46994
2024-01-23,MTL,540.010009765625,542.0,535.2000122070312,536.4199829101562,490.86395263671875,76144
2024-01-24,MTL,548.0,548.0,535.0,536.780029296875,491.1933898925781,111506
2024-01-25,MTL,538.0,539.9000244140625,530.5,533.1099853515625,487.8350524902344,91215
2024-01-26,MTL,538.469970703125,538.469970703125,532.0,534.1900024414062,488.8233337402344,143761
2024-01-29,MTL,535.25,536.0,520.0,522.9000244140625,478.4922180175781,125688
2024-01-30,MTL,523.0,529.739990234375,515.0,518.27001953125,474.25537109375,50813
2024-01-31,MTL,519.989990234375,533.0,518.0,524.1199951171875,479.6085205078125,64080
2024-02-01,MTL,528.989990234375,539.4000244140625,520.0,534.510009765625,489.1161804199219,57070
2024-02-02,MTL,538.0,570.0,538.0,564.5900268554688,516.6416625976562,134030
2024-02-06,MTL,566.0,584.0,555.0,563.1400146484375,515.3147583007812,76410
2024-02-07,MTL,568.9000244140625,568.9000244140625,556.0700073242188,561.4400024414062,513.7590942382812,84298
2024-02-08,MTL,561.4400024414062,561.4400024414062,561.4400024414062,561.4400024414062,513.7590942382812,0
2024-02-09,MTL,548.0999755859375,564.0,540.1099853515625,561.8699951171875,514.152587890625,119420
2024-02-12,MTL,565.5,567.0,542.0,546.0599975585938,499.6852111816406,147390
2024-02-13,MTL,546.97998046875,555.0,535.0,550.3499755859375,503.6109619140625,92587
2024-02-14,MTL,561.0,568.0,541.030029296875,561.6599731445312,513.96044921875,58976
2024-02-15,MTL,561.6599731445312,566.0,552.0,556.0,508.7811279296875,71167
2024-02-16,MTL,550.0,555.5,536.5999755859375,539.4400024414062,493.6274719238281,73989
2024-02-19,MTL,531.8099975585938,550.0,527.0,546.6599731445312,500.2342529296875,53823
2024-02-20,MTL,550.0,566.0,542.1500244140625,544.5599975585938,498.3126525878906,218789
2024-02-21,MTL,555.0,558.9000244140625,547.010009765625,554.77001953125,507.6556091308594,66834
2024-02-22,MTL,559.0,564.9500122070312,554.5599975585938,561.9099731445312,514.1891479492188,79785
2024-02-23,MTL,562.0,565.0,558.010009765625,563.2000122070312,515.36962890625,45098
2024-02-26,MTL,566.0,585.0,560.0,562.9400024414062,515.1317138671875,275100
2024-02-27,MTL,563.0,568.47998046875,558.0,562.8800048828125,515.0767822265625,180415
2024-02-28,MTL,563.0,571.8800048828125,562.0,563.6300048828125,515.7631225585938,180874
2024-02-29,MTL,567.5,605.9000244140625,566.989990234375,605.9000244140625,554.4432983398438,1601178
2024-03-01,MTL,614.989990234375,630.0,611.010009765625,623.7100219726562,570.7407836914062,444589
2024-03-04,MTL,635.0,635.0,621.0,623.5700073242188,570.6126098632812,174398
2024-03-05,MTL,624.0,624.5,611.0,616.5,564.14306640625,190065
2024-03-06,MTL,618.0,622.989990234375,612.510009765625,616.6300048828125,564.2620849609375,95037
2024-03-07,MTL,618.989990234375,621.8800048828125,612.75,619.8200073242188,567.1810913085938,143045
2024-03-08,MTL,605.0,605.0,595.0499877929688,596.1500244140625,556.7493896484375,113162
2024-03-11,MTL,597.0,605.5,590.0,603.2100219726562,563.3427734375,144820
2024-03-12,MTL,600.0599975585938,602.5,590.0,590.3200073242188,551.3046875,44956
2024-03-13,MTL,592.0,594.760009765625,570.0,572.8300170898438,534.9706420898438,63038
2024-03-14,MTL,572.8300170898438,585.9000244140625,572.8300170898438,582.1599731445312,543.6839599609375,43928
2024-03-15,MTL,585.5,585.5,572.0,575.8699951171875,537.8097534179688,95538
2024-03-18,MTL,574.989990234375,576.8900146484375,570.1099853515625,572.280029296875,534.4569702148438,22529
2024-03-19,MTL,580.0,580.0,574.0,576.3599853515625,538.267333984375,23341
2024-03-20,MTL,580.0,584.97998046875,570.0,581.510009765625,543.076904296875,53911
2024-03-21,MTL,584.7999877929688,584.7999877929688,579.5,582.5599975585938,544.0575561523438,54888
2024-03-22,MTL,583.9000244140625,586.0,580.0,581.0,542.6006469726562,21607
2024-03-26,MTL,588.0,590.5,585.0999755859375,589.6500244140625,550.6790161132812,36011
2024-03-27,MTL,590.0,592.5,582.75,584.5599975585938,545.9253540039062,45517
2024-03-28,MTL,588.0,591.0,584.0,586.7100219726562,547.9332885742188,42317
2024-03-29,MTL,588.0,588.0,583.0,585.1599731445312,546.4857177734375,33984
2024-04-01,MTL,590.0,592.0499877929688,583.0599975585938,585.0499877929688,546.3829345703125,36058
2024-04-02,MTL,585.0,587.0,575.030029296875,585.4000244140625,546.7099609375,77981
2024-04-03,MTL,576.0499877929688,591.5,576.0499877929688,587.1599731445312,548.353515625,148861
2024-04-04,MTL,590.0,590.0,585.0,587.5599975585938,548.7271118164062,40172
2024-04-08,MTL,587.5599975585938,590.489990234375,580.0,588.9600219726562,550.0346069335938,50191
2024-04-09,MTL,590.5,608.0,590.0,603.7100219726562,563.8097534179688,135145
2024-04-15,MTL,598.5,604.9400024414062,594.5,596.4000244140625,556.98291015625,82625
2024-04-16,MTL,596.25,598.0,593.5999755859375,596.760009765625,557.319091796875,76573
2024-04-17,MTL,595.0499877929688,598.4500122070312,592.25,594.0399780273438,554.77880859375,37280
2024-04-18,MTL,597.5,600.9000244140625,593.0,594.2899780273438,555.0122680664062,66542
2024-04-19,MTL,593.0,601.6500244140625,591.0,595.4199829101562,556.0675659179688,67155
2024-04-22,MTL,599.7999877929688,608.6500244140625,592.0999755859375,599.97998046875,560.3262329101562,182098
2024-04-23,MTL,603.0,611.8499755859375,596.0,608.9199829101562,568.6753540039062,192676
2024-04-24,MTL,612.0,654.5900268554688,612.0,653.0,609.8419799804688,594365
2024-04-25,MTL,659.0,670.0,609.0,618.0499877929688,577.201904296875,533326
2024-04-26,MTL,618.0,618.0,600.1099853515625,607.9500122070312,567.7694702148438,213849
2024-04-29,MTL,610.0,610.0,595.0,596.4199829101562,557.0015258789062,147815
2024-04-30,MTL,595.0,614.9500122070312,595.0,600.1900024414062,560.5223999023438,152646
2024-05-02,MTL,600.010009765625,605.0,595.0,598.6799926757812,559.1121826171875,194906
2024-05-03,MTL,600.0,607.5499877929688,597.280029296875,602.5999755859375,562.7730712890625,135969
2024-05-06,MTL,611.989990234375,615.0,605.0,609.1300048828125,568.8715209960938,201191
2024-05-07,MTL,612.0,619.0,610.0,611.75,571.318359375,183034
2024-05-08,MTL,611.75,611.75,602.75,604.6900024414062,564.7249145507812,69936
2024-05-09,MTL,606.0,610.5,605.0,606.9500122070312,566.8356323242188,118316
2024-05-10,MTL,608.0,609.0,602.0,606.239990234375,566.1724853515625,174386
2024-05-13,MTL,610.0,612.0,606.25,607.52001953125,567.367919921875,137710
2024-05-14,MTL,609.7000122070312,611.989990234375,607.1099853515625,608.4299926757812,568.2177124023438,96722
2024-05-15,MTL,610.0,613.4000244140625,607.25,608.5900268554688,568.3671875,68568
2024-05-16,MTL,609.989990234375,610.0,607.0,607.5800170898438,567.4239501953125,42567
2024-05-17,MTL,609.7000122070312,609.7000122070312,606.0,607.2899780273438,567.153076171875,35345
2024-05-20,MTL,607.3099975585938,610.0,605.5,608.1199951171875,567.9282836914062,67370
2024-05-21,MTL,607.25,612.5,607.25,610.8400268554688,570.468505859375,44886
2024-05-22,MTL,611.5,614.9000244140625,605.0,606.7999877929688,566.6954956054688,45764
2024-05-23,MTL,607.0,607.010009765625,600.8499755859375,604.1599731445312,564.22998046875,50854
2024-05-24,MTL,609.9000244140625,611.5,603.0,608.6699829101562,568.44189453125,74497
2024-05-27,MTL,611.0,612.0,607.0,607.6300048828125,567.4706420898438,33448
2024-05-28,MTL,607.6300048828125,607.6300048828125,607.6300048828125,607.6300048828125,567.4706420898438,0
2024-05-29,MTL,610.0,611.0,606.0,606.6099853515625,566.5180053710938,60252
2024-05-30,MTL,609.7999877929688,647.989990234375,606.6500244140625,628.1199951171875,586.6063842773438,470494
2024-05-31,MTL,631.0,637.0,630.2999877929688,632.5800170898438,590.7716674804688,144125
2024-06-03,MTL,635.010009765625,650.0,635.010009765625,640.739990234375,598.3922729492188,297781
2024-06-04,MTL,642.010009765625,647.5,634.0,635.22998046875,593.2464599609375,136243
2024-06-05,MTL,632.5,645.0,632.5,637.27001953125,595.1516723632812,91125
2024-06-06,MTL,639.9500122070312,644.5,634.0,640.7100219726562,598.3643188476562,125542
2024-06-07,MTL,640.0,666.0,633.030029296875,657.02001953125,613.5963745117188,342181
2024-06-10,MTL,671.1500244140625,671.1500244140625,655.0,659.52001953125,615.93115234375,172150
2024-06-11,MTL,668.0,668.0,645.0,648.4500122070312,605.5927734375,115312
2024-06-12,MTL,650.0,657.5,645.0,647.2100219726562,604.4347534179688,123598
2024-06-13,MTL,654.989990234375,664.0,648.0,661.989990234375,618.2378540039062,448363
2024-06-14,MTL,658.0,661.969970703125,654.0,658.4099731445312,614.8944702148438,106636
2024-06-20,MTL,658.4099731445312,665.0,654.0,656.22998046875,612.8585815429688,298110
2024-06-21,MTL,657.0,663.989990234375,650.0,659.7899780273438,616.1832885742188,94422
2024-06-24,MTL,650.0,650.0,610.1099853515625,638.27001953125,596.0855712890625,185808
2024-06-25,MTL,640.0,642.989990234375,636.0,638.4199829101562,596.2257080078125,40634
2024-06-26,MTL,641.7999877929688,644.5,636.0,640.1799926757812,597.869384765625,57218
2024-06-27,MTL,640.0,647.5,638.0,639.489990234375,597.2249755859375,40401
2024-06-28,MTL,640.0,645.0,635.0,636.0800170898438,594.0403442382812,41880
2024-07-01,MTL,636.0800170898438,639.989990234375,632.5,633.030029296875,591.1919555664062,196022
2024-07-02,MTL,632.5,640.0,632.5,636.1199951171875,594.0777587890625,47481
2024-07-03,MTL,634.5,638.0,629.5,631.780029296875,590.0245361328125,200417
2024-07-04,MTL,632.0,635.8900146484375,632.0,634.5900268554688,592.6488647460938,37203
2024-07-05,MTL,635.0,635.0,630.1500244140625,631.7000122070312,589.9498291015625,21611
2024-07-08,MTL,630.030029296875,630.030029296875,615.0,620.760009765625,579.7328491210938,80772
2024-07-09,MTL,612.0,638.0,609.52001953125,629.3300170898438,587.7364501953125,224772
2024-07-10,MTL,628.0,629.0,609.97998046875,611.1500244140625,570.758056640625,172411
2024-07-11,MTL,614.0,616.97998046875,605.0,608.72998046875,568.4979248046875,69817
2024-07-12,MTL,614.0,619.7000122070312,600.0,611.0999755859375,570.7112426757812,92152
2024-07-15,MTL,612.4000244140625,618.0,606.9000244140625,608.1199951171875,567.9282836914062,99671
2024-07-16,MTL,608.1199951171875,608.1199951171875,608.1199951171875,608.1199951171875,567.9282836914062,0
2024-07-17,MTL,608.1199951171875,608.1199951171875,608.1199951171875,608.1199951171875,567.9282836914062,0
2024-07-18,MTL,610.0,639.0,609.0,629.469970703125,587.8671264648438,261947
2024-07-19,MTL,632.0,638.0,615.1099853515625,619.1199951171875,578.2012329101562,124539
2024-07-22,MTL,618.010009765625,620.0,609.0,613.8800048828125,573.3076171875,89160
2024-07-23,MTL,620.0,627.5,615.5,624.1099853515625,582.8614501953125,97472
2024-07-24,MTL,623.9000244140625,624.4000244140625,618.5,621.8699951171875,580.76953125,85748
2024-07-25,MTL,620.0,625.5,619.0,619.8800048828125,578.9110107421875,56789
2024-07-26,MTL,620.0,620.8599853515625,611.0,619.0,578.0891723632812,66359
2024-07-29,MTL,620.0,628.0,616.25,626.8400268554688,585.4110107421875,71758
2024-07-30,MTL,629.0399780273438,639.8499755859375,626.0,633.7999877929688,591.9110107421875,111449
2024-07-31,MTL,634.0,636.0,623.0,628.260009765625,586.7371826171875,50679
2024-08-01,MTL,632.5,632.5,627.0,630.0399780273438,588.3995361328125,36327
2024-08-02,MTL,630.0,631.0,570.1099853515625,623.3599853515625,582.1610107421875,29237
2024-08-05,MTL,625.0,625.0,614.0499877929688,616.3099975585938,575.5769653320312,33236
2024-08-06,MTL,620.0,620.0,611.0,618.0499877929688,577.201904296875,34114
2024-08-07,MTL,613.0,619.9000244140625,612.2000122070312,614.77001953125,574.1387939453125,35571
2024-08-08,MTL,614.1300048828125,618.0,612.0,612.6099853515625,572.1215209960938,51387
2024-08-09,MTL,612.6099853515625,619.0,612.6099853515625,616.3200073242188,575.5863037109375,30005
2024-08-12,MTL,616.0,616.0,604.989990234375,606.739990234375,566.6394653320312,57026
2024-08-13,MTL,600.0,606.0,595.0700073242188,597.4500122070312,557.9635009765625,86072
2024-08-15,MTL,601.0,601.0,584.2999877929688,587.3300170898438,548.5122680664062,62975
2024-08-16,MTL,581.0,589.0,573.0,574.75,536.7637329101562,103121
2024-08-19,MTL,574.75,575.0,554.2999877929688,556.5399780273438,519.7572631835938,115197
2024-08-20,MTL,540.0,568.0,540.0,567.27001953125,529.7781372070312,54807
2024-08-21,MTL,571.0,576.0,568.0,570.1799926757812,532.4957885742188,30670
2024-08-22,MTL,574.989990234375,578.75,555.0,559.0999755859375,522.1480102539062,70586
2024-08-23,MTL,555.5499877929688,557.75,550.0,551.8699951171875,515.3959350585938,36163
2024-08-26,MTL,546.0,551.7999877929688,532.0,536.9000244140625,501.41534423828125,59753
2024-08-27,MTL,531.0,536.0,515.5,516.510009765625,482.3729553222656,116660
2024-08-28,MTL,516.510009765625,520.0,509.0,510.7300109863281,476.9749450683594,90289
2024-08-29,MTL,511.20001220703125,561.7999877929688,511.20001220703125,560.1799926757812,523.1566772460938,201549
2024-08-30,MTL,568.7000122070312,603.0,568.7000122070312,578.7899780273438,540.5366821289062,293317
2024-09-02,MTL,582.0,586.989990234375,563.0,567.719970703125,530.1983642578125,62214
2024-09-03,MTL,580.0,600.0,570.0,596.6599731445312,557.2256469726562,183115
2024-09-04,MTL,600.0,615.0,597.02001953125,599.7000122070312,560.0648193359375,140599
2024-09-05,MTL,604.989990234375,605.0,590.0,594.2899780273438,555.0122680664062,74065
2024-09-06,MTL,594.5,601.0,591.0,595.47998046875,556.1236572265625,63743
2024-09-09,MTL,600.0,603.5,536.0,556.4600219726562,519.6826171875,348759
2024-09-10,MTL,562.0,567.8900146484375,562.0,566.760009765625,529.3018798828125,67358
2024-09-11,MTL,570.0,570.0,550.0,553.1500244140625,516.5913696289062,99246
2024-09-12,MTL,553.1500244140625,559.5,547.989990234375,551.280029296875,514.844970703125,73375
2024-09-13,MTL,555.9000244140625,555.989990234375,550.0,554.030029296875,517.4131469726562,57439
2024-09-16,MTL,552.0499877929688,559.0,545.0,550.72998046875,514.3312377929688,103503
2024-09-17,MTL,550.72998046875,550.72998046875,550.72998046875,550.72998046875,514.3312377929688,0
2024-09-18,MTL,555.0,557.0,549.0,549.8900146484375,513.5468139648438,123568
2024-09-19,MTL,554.9500122070312,554.9500122070312,547.1300048828125,549.5900268554688,513.2666015625,81250
2024-09-20,MTL,552.9000244140625,568.0,540.0,555.8099975585938,519.0755615234375,1384871
2024-09-23,MTL,554.0,565.0,549.0,550.2100219726562,513.845703125,96855
2024-09-24,MTL,552.7999877929688,558.0,544.4000244140625,546.7999877929688,510.6609802246094,58778
2024-09-25,MTL,550.0,555.5999755859375,546.0,553.9199829101562,517.3104248046875,34542
2024-09-26,MTL,560.0,562.219970703125,548.0,548.5900268554688,512.332763671875,207974
2024-09-27,MTL,555.0,555.0,548.0,548.3499755859375,512.1085815429688,26595
2024-09-30,MTL,550.010009765625,556.0,546.2000122070312,553.8099975585938,517.2077026367188,46487
2024-10-01,MTL,553.8099975585938,555.0,548.0,551.510009765625,515.0596923828125,42710
2024-10-02,MTL,549.989990234375,557.0,549.5,550.1900024414062,513.826904296875,158236
2024-10-03,MTL,550.1900024414062,560.0,550.1900024414062,555.9299926757812,519.1876220703125,48575
2024-10-04,MTL,555.0,560.0,553.0,555.22998046875,518.5338134765625,144011
2024-10-07,MTL,554.0,556.97998046875,550.2000122070312,551.8499755859375,515.377197265625,40263
2024-10-08,MTL,553.02001953125,555.0,551.0,553.6799926757812,517.0863037109375,56856
2024-10-09,MTL,553.6799926757812,553.6799926757812,553.6799926757812,553.6799926757812,517.0863037109375,0
2024-10-10,MTL,557.0,558.0,554.5,555.719970703125,518.991455078125,38068
2024-10-11,MTL,555.5,558.0,551.0499877929688,552.5,515.9842529296875,52563
2024-10-14,MTL,555.0,556.989990234375,544.5,545.5900268554688,509.531005859375,129012
2024-10-15,MTL,550.989990234375,550.989990234375,542.0,545.219970703125,509.18536376953125,57164
2024-10-16,MTL,540.0499877929688,548.0,540.0,543.9199829101562,507.9713439941406,70269
2024-10-17,MTL,545.0,546.0,539.02001953125,539.9500122070312,504.26373291015625,106128
2024-10-18,MTL,541.0,542.0,532.0,534.9199829101562,499.566162109375,108898
2024-10-21,MTL,538.010009765625,582.0,538.010009765625,562.8599853515625,525.6596069335938,307031
2024-10-22,MTL,562.02001953125,569.989990234375,559.7000122070312,563.0499877929688,525.8369750976562,726886
2024-10-23,MTL,565.0,565.0,545.02001953125,555.7999877929688,519.066162109375,139594
2024-10-24,MTL,555.7999877929688,565.9500122070312,550.1500244140625,561.7999877929688,524.6696166992188,183669
2024-10-25,MTL,562.5,595.0,516.0,556.4500122070312,519.6732788085938,942791
2024-10-28,MTL,562.9500122070312,562.9500122070312,537.5,539.6699829101562,504.0022277832031,259132
2024-10-29,MTL,540.0,555.0,531.0,544.6099853515625,508.6157531738281,451918
2024-10-30,MTL,551.9000244140625,555.0,542.0,543.9299926757812,507.9806823730469,371180
2024-10-31,MTL,538.0,549.9000244140625,536.0499877929688,538.6799926757812,503.07763671875,193116
2024-11-01,MTL,545.0,560.0,536.0499877929688,551.030029296875,514.6114501953125,220255
2024-11-04,MTL,559.989990234375,572.9000244140625,556.010009765625,563.9199829101562,526.6494750976562,525258
2024-11-05,MTL,568.9500122070312,581.0,560.010009765625,576.1799926757812,538.0991821289062,363175
2024-11-06,MTL,576.1799926757812,590.0,564.0,570.030029296875,532.3556518554688,408914
2024-11-07,MTL,573.989990234375,575.9500122070312,563.0,571.7100219726562,533.9246826171875,119067
2024-11-08,MTL,571.9400024414062,592.0,567.0,587.4000244140625,548.5776977539062,1656252
2024-11-11,MTL,597.0,606.0,590.0,594.9099731445312,555.59130859375,509202
2024-11-12,MTL,600.0,603.989990234375,582.0,584.3599853515625,545.7385864257812,207974
2024-11-13,MTL,589.6900024414062,589.6900024414062,573.0,574.8200073242188,536.8291625976562,197131
2024-11-14,MTL,579.9000244140625,597.969970703125,574.0,583.6699829101562,545.0941772460938,297692
2024-11-15,MTL,583.0,586.4000244140625,571.010009765625,576.77001953125,538.6502685546875,175438
2024-11-18,MTL,590.0,590.0,577.0,582.5,544.0015258789062,154541
2024-11-19,MTL,585.489990234375,586.0,579.0,580.1400146484375,541.7974853515625,216195
2024-11-20,MTL,583.0,583.0,575.0,579.3599853515625,541.0690307617188,292809
2024-11-21,MTL,579.3599853515625,584.989990234375,575.1099853515625,582.719970703125,544.2069702148438,308946
2024-11-22,MTL,585.0,592.0,577.1300048828125,580.4299926757812,542.068359375,205387
2024-11-25,MTL,579.9000244140625,583.9000244140625,575.0,576.0399780273438,537.9684448242188,99254
2024-11-26,MTL,579.7899780273438,579.7899780273438,560.010009765625,567.2899780273438,529.7968139648438,229062
2024-11-27,MTL,575.0,585.989990234375,570.0599975585938,571.6799926757812,533.8966064453125,484849
2024-11-28,MTL,577.0,580.0,573.0,578.6300048828125,540.3873291015625,84129
2024-11-29,MTL,585.0,597.0,584.0,592.8400268554688,553.6581420898438,440365
2024-12-02,MTL,596.0599975585938,601.5900268554688,593.0,595.2100219726562,555.8715209960938,252140
2024-12-03,MTL,595.0,595.1099853515625,584.5,590.6500244140625,551.6129150390625,300776
2024-12-04,MTL,590.0,613.7999877929688,586.0,605.7100219726562,565.6775512695312,466332
2024-12-05,MTL,615.0,648.5499877929688,610.010009765625,643.4299926757812,600.9046020507812,1124578
2024-12-06,MTL,648.0,649.0,627.0,629.2100219726562,587.6243896484375,328884
2024-12-09,MTL,631.0,666.0,630.0,659.1400146484375,615.5762939453125,724848
2024-12-10,MTL,660.0,685.0,633.0,644.739990234375,602.1279296875,883192
2024-12-11,MTL,649.0,659.47998046875,640.0,644.8200073242188,602.2026977539062,248131
2024-12-12,MTL,650.0,653.97998046875,635.0,636.6500244140625,594.5726928710938,322404
2024-12-13,MTL,638.97998046875,638.97998046875,620.0,628.0599975585938,586.5503540039062,457342
2024-12-16,MTL,635.0,638.0,625.0,627.5999755859375,586.1207885742188,350586
2024-12-17,MTL,628.0499877929688,630.0,615.0,617.9500122070312,577.1085815429688,282928
2024-12-18,MTL,620.0,634.0,600.010009765625,611.3800048828125,570.9727783203125,257367
2024-12-19,MTL,611.0,619.0,590.0,592.8200073242188,553.6394653320312,236133
2024-12-20,MTL,599.97998046875,611.0,572.0,605.3499755859375,565.34130859375,183185
2024-12-23,MTL,633.0,636.0,607.010009765625,622.9099731445312,581.74072265625,317188
2024-12-24,MTL,629.0999755859375,635.0,618.0,624.4400024414062,583.1696166992188,281091
2024-12-26,MTL,618.0499877929688,634.0,609.52001953125,611.9199829101562,571.4771118164062,268486
2024-12-27,MTL,609.0,623.0,609.0,616.4400024414062,575.6983642578125,131268
2024-12-30,MTL,622.4000244140625,626.0,612.5999755859375,623.4099731445312,582.2077026367188,163972
2024-12-31,MTL,626.2999877929688,629.0,616.0,621.2899780273438,580.227783203125,201956
2025-01-01,MTL,621.2899780273438,621.2899780273438,621.2899780273438,621.2899780273438,580.227783203125,0
2025-01-02,MTL,665.0999755859375,722.8099975585938,665.0,722.8099975585938,675.0381469726562,1803338
2025-01-03,MTL,734.989990234375,753.0,705.0,731.2899780273438,682.9577026367188,1133063
2025-01-06,MTL,740.0,740.0,709.5,719.7100219726562,672.1431274414062,537413
2025-01-07,MTL,719.0,719.0,684.0,705.969970703125,659.3110961914062,654488
2025-01-08,MTL,705.97998046875,716.0,685.0,688.75,643.2293090820312,226667
2025-01-09,MTL,690.0,695.0,673.5,674.97998046875,630.3693237304688,199655
2025-01-10,MTL,677.0700073242188,692.9199829101562,670.0,682.2899780273438,637.1962280273438,215285
2025-01-13,MTL,689.8900146484375,736.0,685.5,720.280029296875,672.6754150390625,1201545
2025-01-14,MTL,722.0,725.0,707.0,709.260009765625,662.3837280273438,228283
2025-01-15,MTL,750.0,760.0,712.0,715.52001953125,668.2300415039062,1362027
2025-01-16,MTL,710.0,714.989990234375,686.2000122070312,692.0399780273438,646.3018188476562,629881
2025-01-17,MTL,695.0,707.0,685.0,702.9000244140625,656.4441528320312,354027
2025-01-20,MTL,708.489990234375,729.969970703125,702.0,712.8800048828125,665.7645263671875,377131
2025-01-21,MTL,715.0,716.0,695.0,697.280029296875,651.195556640625,254594
2025-01-22,MTL,692.5,709.9000244140625,680.1099853515625,685.8400268554688,640.5115966796875,310024
2025-01-23,MTL,685.8400268554688,698.0,679.5,694.1699829101562,648.291015625,226553
2025-01-24,MTL,699.0,703.7999877929688,691.2000122070312,696.6300048828125,650.5885009765625,177363
2025-01-27,MTL,698.0,703.0,681.030029296875,684.2000122070312,638.97998046875,145055
2025-01-28,MTL,682.5999755859375,687.1099853515625,674.0,681.72998046875,636.6732177734375,161690
2025-01-29,MTL,685.0,695.7000122070312,680.25,683.6500244140625,638.4663696289062,328225
2025-01-30,MTL,684.010009765625,689.7899780273438,682.0,685.3800048828125,640.08203125,136599
2025-01-31,MTL,685.0,692.0,685.0,687.5700073242188,642.1272583007812,137754
2025-02-03,MTL,676.2000122070312,683.0,625.0,670.260009765625,625.9613647460938,365227
2025-02-04,MTL,655.0,664.469970703125,636.0,640.0499877929688,597.7479248046875,349067
2025-02-06,MTL,630.0,631.97998046875,615.010009765625,618.0700073242188,577.220703125,210827
2025-02-07,MTL,620.0,634.989990234375,617.0,627.1400146484375,585.6912231445312,136615
2025-02-10,MTL,620.010009765625,660.0,620.010009765625,648.3800048828125,605.5274658203125,226063
2025-02-11,MTL,650.25,665.0,648.0,655.22998046875,611.9246826171875,148715
2025-02-12,MTL,650.0,655.0,639.0,641.6900024414062,599.279541015625,187352
2025-02-13,MTL,642.0,644.969970703125,631.0,634.1599731445312,592.2471923828125,98965
2025-02-14,MTL,630.010009765625,643.9000244140625,625.0,629.989990234375,588.352783203125,81985
2025-02-17,MTL,630.0,636.969970703125,620.0,622.489990234375,581.3485107421875,94743
2025-02-18,MTL,624.8699951171875,648.0,619.0,641.1799926757812,598.8032836914062,126070
2025-02-19,MTL,649.0,692.0,645.0,668.8099975585938,624.6071166992188,925528
2025-02-20,MTL,669.989990234375,671.9000244140625,662.0,665.52001953125,621.5346069335938,167371
2025-02-21,MTL,668.0,668.0,661.8099975585938,664.1900024414062,620.29248046875,110759
2025-02-24,MTL,665.0,666.0,650.0,659.3300170898438,615.7537231445312,317378
2025-02-25,MTL,660.0,663.489990234375,651.0,657.0800170898438,613.6524047851562,212128
2025-02-26,MTL,663.0,667.0,658.0,660.5599975585938,616.9024047851562,194516
2025-02-27,MTL,664.9500122070312,674.0,662.5,669.6500244140625,625.3916625976562,224332
2025-02-28,MTL,670.030029296875,680.5,670.030029296875,677.2100219726562,632.4520263671875,388311
2025-03-03,MTL,630.1199951171875,630.1199951171875,610.0,612.5900268554688,591.7639770507812,174448
2025-03-04,MTL,615.989990234375,615.989990234375,607.0,609.010009765625,588.3056640625,89161
2025-03-05,MTL,612.47998046875,612.47998046875,597.010009765625,600.4500122070312,580.0366821289062,104904
2025-03-06,MTL,600.0,604.3499755859375,592.5,599.75,579.3604736328125,96297
2025-03-07,MTL,601.0,606.989990234375,598.010009765625,604.9199829101562,584.3546752929688,77422
2025-03-10,MTL,606.0,609.989990234375,596.9099731445312,597.8400268554688,577.5154418945312,222564
2025-03-11,MTL,599.9000244140625,599.97998046875,590.0,593.77001953125,573.5838012695312,125989
2025-03-12,MTL,593.77001953125,593.77001953125,581.0,586.8800048828125,566.927978515625,142587
2025-03-13,MTL,587.5,596.0,586.0,587.8699951171875,567.8843383789062,114145
2025-03-14,MTL,595.010009765625,595.010009765625,585.0,586.3499755859375,566.4159545898438,90830
2025-03-17,MTL,592.0,592.0,585.0,586.1400146484375,566.2131958007812,94147
2025-03-18,MTL,586.0,592.0,585.5,587.2100219726562,567.246826171875,65331
2025-03-19,MTL,591.9000244140625,591.9000244140625,587.0,588.1799926757812,568.1837768554688,77315
2025-03-20,MTL,590.010009765625,600.0,588.0,597.75,577.428466796875,204850
2025-03-21,MTL,600.0,618.989990234375,600.0,607.3900146484375,586.74072265625,283258
2025-03-24,MTL,612.9500122070312,613.0,589.0,590.469970703125,570.3959350585938,211287
2025-03-25,MTL,590.0,594.97998046875,588.0,589.3200073242188,569.2850341796875,87164
2025-03-26,MTL,600.010009765625,600.4000244140625,589.3200073242188,590.8200073242188,570.7340698242188,90399
2025-03-27,MTL,595.469970703125,599.9600219726562,585.0,598.1500244140625,577.8148803710938,144798
2025-03-28,MTL,598.1500244140625,598.1500244140625,598.1500244140625,598.1500244140625,577.8148803710938,0
2025-03-31,MTL,598.1500244140625,598.1500244140625,598.1500244140625,598.1500244140625,577.8148803710938,0
2025-04-03,MTL,597.0,609.9000244140625,597.0,602.3900146484375,581.9107055664062,261611
2025-04-04,MTL,603.8699951171875,610.9000244140625,602.02001953125,602.4400024414062,581.958984375,180267
2025-04-07,MTL,595.0,605.0,565.2000122070312,599.3200073242188,578.945068359375,1520831
2025-04-08,MTL,602.0,605.0,585.0,588.8599853515625,568.8406372070312,499625
2025-04-09,MTL,590.0,593.9500122070312,584.9000244140625,586.77001953125,566.8217163085938,83134
2025-04-10,MTL,592.0,609.7999877929688,592.0,605.6199951171875,585.0308837890625,322905
2025-04-11,MTL,599.5,603.47998046875,595.0,597.3400268554688,577.0324096679688,103638
2025-04-14,MTL,602.0,602.0,595.0,596.3699951171875,576.0953369140625,45360
2025-04-15,MTL,597.3300170898438,601.0,591.9099731445312,598.3400268554688,577.9984741210938,110496
2025-04-16,MTL,600.0999755859375,609.7999877929688,600.0,603.6699829101562,583.147216796875,665666
2025-04-17,MTL,601.0,605.0999755859375,599.989990234375,603.8699951171875,583.34033203125,76148
2025-04-18,MTL,605.97998046875,609.510009765625,600.0,608.4500122070312,587.7647094726562,258608
2025-04-21,MTL,609.0,626.9400024414062,609.0,620.219970703125,599.134521484375,306588
2025-04-22,MTL,624.0,624.5,615.9199829101562,616.4500122070312,595.4927368164062,99740
2025-04-23,MTL,612.0700073242188,612.5,601.2000122070312,602.7100219726562,582.2198486328125,113314
2025-04-24,MTL,595.0,608.5499877929688,581.0,602.8499755859375,582.3550415039062,601180
2025-04-25,MTL,602.0,608.0,581.030029296875,601.1900024414062,580.7515258789062,670247
2025-04-28,MTL,601.1900024414062,616.1900024414062,592.1199951171875,595.3800048828125,575.1390380859375,243901
2025-04-29,MTL,586.0,605.0,584.0499877929688,593.25,573.0814208984375,121281
2025-04-30,MTL,593.25,603.0,558.0,561.7999877929688,542.7006225585938,238878
2025-05-02,MTL,565.0499877929688,580.0,564.989990234375,569.8200073242188,550.447998046875,169935
2025-05-05,MTL,569.8200073242188,579.0,568.0,576.9400024414062,557.325927734375,75178
2025-05-06,MTL,576.010009765625,579.989990234375,570.7000122070312,574.3300170898438,554.8046875,49487
2025-05-07,MTL,520.0,573.9000244140625,520.0,556.1799926757812,537.2716674804688,198457
2025-05-08,MTL,565.010009765625,567.0,500.55999755859375,531.6799926757812,513.6046142578125,215118
2025-05-09,MTL,532.0,545.0,505.0,539.6300048828125,521.2843627929688,100920
2025-05-12,MTL,593.5900268554688,593.5900268554688,570.0,593.5499877929688,573.3712158203125,260492
2025-05-13,MTL,590.0,595.0,582.0,588.1900024414062,568.1934814453125,129996
2025-05-14,MTL,592.0,592.0,580.0,583.3300170898438,563.4987182617188,82988
2025-05-15,MTL,582.0,586.0,577.5,580.3400268554688,560.6103515625,83243
2025-05-16,MTL,582.0,586.5999755859375,579.0,580.7899780273438,561.0449829101562,88038
2025-05-19,MTL,583.0,599.97998046875,578.0,587.6199951171875,567.642822265625,238465
2025-05-20,MTL,585.1099853515625,587.489990234375,576.0,577.3200073242188,557.6929931640625,114291
2025-05-21,MTL,579.9000244140625,582.0,578.3599853515625,579.6599731445312,559.9534301757812,36500
2025-05-22,MTL,584.969970703125,584.969970703125,577.010009765625,577.739990234375,558.0986938476562,37039
2025-05-23,MTL,579.5,581.97998046875,576.4000244140625,578.260009765625,558.60107421875,25330
2025-05-26,MTL,581.0,581.0,575.0,575.5999755859375,556.0314331054688,34804
2025-05-27,MTL,575.5999755859375,578.5,569.0,570.280029296875,550.8923950195312,41051
2025-05-28,MTL,570.280029296875,570.280029296875,570.280029296875,570.280029296875,550.8923950195312,0
2025-05-29,MTL,572.5,573.010009765625,567.7000122070312,568.0700073242188,548.7575073242188,71665
2025-05-30,MTL,567.6900024414062,567.6900024414062,553.0,561.2100219726562,542.1306762695312,214451
2025-06-02,MTL,564.0,564.989990234375,557.0,558.3599853515625,539.3775634765625,152246
2025-06-03,MTL,564.0,564.0,559.0999755859375,562.5800170898438,543.4541015625,130975
2025-06-04,MTL,565.0,567.0,561.0,561.8200073242188,542.719970703125,52482
2025-06-05,MTL,561.8200073242188,564.7999877929688,555.0,559.5700073242188,540.5464477539062,63628
2025-06-06,MTL,559.5700073242188,559.5700073242188,559.5700073242188,559.5700073242188,540.5464477539062,0
2025-06-09,MTL,559.5700073242188,559.5700073242188,559.5700073242188,559.5700073242188,540.5464477539062,0
2025-06-10,MTL,560.0,565.0,560.0,562.260009765625,543.14501953125,82507
2025-06-11,MTL,564.7999877929688,572.0,560.0,566.9199829101562,547.6465454101562,82679
2025-06-12,MTL,566.0,570.989990234375,565.0,566.3699951171875,547.1152954101562,56002
2025-06-13,MTL,557.4500122070312,562.0,554.0,555.739990234375,536.8466796875,108855
2025-06-16,MTL,555.739990234375,555.739990234375,555.739990234375,555.739990234375,536.8466796875,0
2025-06-17,MTL,555.5,569.0,555.0,558.5399780273438,539.5514526367188,57108
2025-06-18,MTL,559.0,559.0,554.5,554.9600219726562,536.0932006835938,25778
2025-06-19,MTL,561.5900268554688,561.5900268554688,546.0,548.6799926757812,530.0266723632812,58347
2025-06-20,MTL,554.0,554.0,546.0,547.4099731445312,528.7998046875,42898
2025-06-23,MTL,544.0,544.0,525.0599975585938,530.4199829101562,512.3873901367188,48159
2025-06-24,MTL,554.989990234375,555.989990234375,539.989990234375,550.8900146484375,532.1615600585938,88140
2025-06-25,MTL,551.010009765625,555.0,547.0,548.5499877929688,529.9010620117188,65434
2025-06-26,MTL,551.5,552.9000244140625,548.0,549.8200073242188,531.1279296875,64700
2025-06-27,MTL,551.2000122070312,553.5,548.0,551.8800048828125,533.1178588867188,46096
2025-06-30,MTL,553.9500122070312,562.0,553.9500122070312,558.6599731445312,539.6673583984375,120721
2025-07-01,MTL,559.0,561.25,551.260009765625,556.7999877929688,537.87060546875,52301
2025-07-02,MTL,559.5499877929688,573.0,558.0,570.0,550.621826171875,950415
2025-07-03,MTL,571.0,575.0,549.7000122070312,552.3200073242188,533.5429077148438,372580
2025-07-04,MTL,557.5,557.9000244140625,552.0,557.2899780273438,538.3439331054688,81988
2025-07-07,MTL,557.0,560.969970703125,555.0,559.7999877929688,540.7686157226562,78660
2025-07-08,MTL,559.97998046875,567.0,556.0,558.6099853515625,539.6190185546875,155698
2025-07-09,MTL,559.0,559.0,555.1500244140625,557.4600219726562,538.5082397460938,57335
2025-07-10,MTL,557.010009765625,560.0,556.0,557.530029296875,538.5758666992188,54654
2025-07-11,MTL,563.0800170898438,583.0,562.989990234375,572.9400024414062,553.4619140625,308695
2025-07-14,MTL,575.0,577.9000244140625,574.0,576.2000122070312,556.611083984375,133992
2025-07-15,MTL,576.2000122070312,576.2000122070312,567.0,567.72998046875,548.4290161132812,82662
2025-07-16,MTL,567.72998046875,567.72998046875,560.7999877929688,563.5399780273438,544.3814697265625,41954
2025-07-17,MTL,565.02001953125,575.0,565.010009765625,573.469970703125,553.9738159179688,138454
2025-07-18,MTL,573.469970703125,574.0,567.0,568.469970703125,549.1438598632812,89138
2025-07-21,MTL,570.5,581.6599731445312,565.0599975585938,572.719970703125,553.2493896484375,178722
2025-07-22,MTL,573.989990234375,579.8900146484375,573.0,575.3400268554688,555.7803344726562,139097
2025-07-23,MTL,575.3400268554688,579.0,572.5,576.1699829101562,556.58203125,65482
2025-07-24,MTL,576.1699829101562,579.0,570.0,571.5499877929688,552.119140625,60647
2025-07-25,MTL,571.0,576.0,567.25,570.719970703125,551.3173217773438,56863
2025-07-28,MTL,572.0,573.0,567.5,568.530029296875,549.2018432617188,51350
2025-07-29,MTL,570.0,570.0,566.0,567.030029296875,547.7528076171875,41920
2025-07-30,MTL,569.5,570.0,566.5,567.22998046875,547.9459838867188,23428
2025-07-31,MTL,568.0,570.8900146484375,565.8499755859375,566.6099853515625,547.3470458984375,68038
2025-08-01,MTL,566.5999755859375,574.9500122070312,560.0,568.6199951171875,549.288818359375,51261
2025-08-04,MTL,570.0,571.0,566.510009765625,569.780029296875,550.4093627929688,37140
2025-08-05,MTL,569.7000122070312,570.5,565.0,567.7999877929688,548.4966430664062,49075
2025-08-06,MTL,568.989990234375,570.989990234375,564.2000122070312,567.739990234375,548.438720703125,33010
2025-08-07,MTL,567.5,570.0,555.0,567.4500122070312,548.1585693359375,108742
2025-08-08,MTL,568.0,568.0,558.02001953125,562.4099731445312,543.2899169921875,95182
2025-08-11,MTL,562.4099731445312,563.0,558.2100219726562,560.2000122070312,541.1550903320312,69453
2025-08-12,MTL,562.469970703125,566.6599731445312,558.0,561.0599975585938,541.9857788085938,118079
2025-08-13,MTL,561.1599731445312,565.0,559.0,561.47998046875,542.3914794921875,65038
2025-08-15,MTL,568.8200073242188,568.8200073242188,563.0,565.1500244140625,545.936767578125,68364
2025-08-18,MTL,565.719970703125,573.989990234375,563.5,569.530029296875,550.1679077148438,65503
2025-08-19,MTL,572.0,575.5,569.0,569.9299926757812,550.55419921875,196518
2025-08-20,MTL,571.489990234375,599.5,565.5,596.0900268554688,575.824951171875,651319
2025-08-21,MTL,598.0,599.2000122070312,576.0,580.5,560.764892578125,290665
2025-08-22,MTL,580.5,584.989990234375,576.0,577.3599853515625,557.7316284179688,67986
2025-08-25,MTL,577.3599853515625,579.9000244140625,572.0,572.4600219726562,552.9982299804688,75290
2025-08-26,MTL,572.989990234375,576.0,571.0,574.239990234375,554.7177124023438,36840
2025-08-27,MTL,570.5499877929688,577.5,570.5499877929688,572.1699829101562,552.718017578125,88948
2025-08-28,MTL,575.0,576.0,570.0,572.9099731445312,553.4329223632812,45135
2025-08-29,MTL,572.7999877929688,575.5,570.1099853515625,572.1199951171875,552.6697998046875,68155
2025-09-01,MTL,572.0,572.0,561.0,566.6199951171875,547.3567504882812,80933
2025-09-02,MTL,564.0,565.0,555.0499877929688,562.260009765625,543.14501953125,55844
2025-09-03,MTL,563.0,574.989990234375,561.1199951171875,571.9099731445312,552.4668579101562,131085
2025-09-04,MTL,571.9099731445312,574.989990234375,566.0,570.280029296875,550.8923950195312,58804
2025-09-05,MTL,570.0999755859375,574.0,570.0,571.5399780273438,552.1094970703125,64645
2025-09-08,MTL,571.0,572.8900146484375,569.0,569.7100219726562,550.3417358398438,93086
2025-09-09,MTL,571.0,571.0,564.5,568.719970703125,549.3853759765625,74064
2025-09-10,MTL,570.5,572.5,565.1500244140625,570.72998046875,551.3270263671875,113824
2025-09-11,MTL,571.0,582.9400024414062,571.0,574.4299926757812,554.9012451171875,218747
2025-09-12,MTL,574.4500122070312,580.0,573.0999755859375,573.3499755859375,553.85791015625,76231
2025-09-15,MTL,575.3499755859375,576.0,565.0,567.52001953125,548.2261352539062,230064
2025-09-16,MTL,566.25,569.8800048828125,564.0,566.1599731445312,546.912353515625,129061
2025-09-17,MTL,567.0,571.9000244140625,565.0,567.72998046875,548.4290161132812,115341
2025-09-18,MTL,569.97998046875,571.5,567.510009765625,569.4299926757812,550.0712280273438,167006
2025-09-19,MTL,570.0,571.0,565.0,567.5700073242188,548.2744750976562,108364
2025-09-22,MTL,570.0,571.5,565.0,565.780029296875,546.5453491210938,134208
2025-09-23,MTL,565.780029296875,565.780029296875,565.780029296875,565.780029296875,546.5453491210938,0
2025-09-24,MTL,565.3900146484375,566.0,563.75,565.22998046875,546.0140380859375,72329
2025-09-25,MTL,565.22998046875,566.0,561.010009765625,562.760009765625,543.6279907226562,75773
2025-09-26,MTL,563.030029296875,564.8499755859375,555.02001953125,555.9099731445312,537.0108642578125,251179
2025-09-29,MTL,550.1500244140625,555.0,539.0,539.989990234375,521.632080078125,485778
2025-09-30,MTL,540.0,542.0,528.0,529.510009765625,511.50836181640625,382034
2025-10-01,MTL,529.0,529.0,521.0,521.5,503.7707214355469,207866
2025-10-02,MTL,520.0,521.0,507.0,511.07000732421875,493.6952819824219,399045
2025-10-03,MTL,510.5,536.0,502.0,520.469970703125,502.77569580078125,334529
2025-10-06,MTL,524.8400268554688,537.0,522.0999755859375,534.5800170898438,516.4060668945312,309895
2025-10-07,MTL,534.5800170898438,534.5800170898438,534.5800170898438,534.5800170898438,516.4060668945312,0
2025-10-08,MTL,538.010009765625,540.0,531.0,531.969970703125,513.884765625,90378
2025-10-09,MTL,531.0,533.989990234375,525.2999877929688,527.25,509.3252258300781,65337
2025-10-10,MTL,527.25,527.2999877929688,525.0,526.0499877929688,508.166015625,44259
2025-10-13,MTL,521.0,522.9000244140625,509.0,519.969970703125,502.2926940917969,519870
2025-10-14,MTL,520.0,533.989990234375,520.0,532.1599731445312,514.0682983398438,116014
2025-10-15,MTL,529.9000244140625,529.9000244140625,515.989990234375,516.8499755859375,506.41595458984375,172631
2025-10-16,MTL,517.0,525.510009765625,517.0,517.7999877929688,507.3467712402344,89681
2025-10-17,MTL,518.25,527.5,516.25,516.8699951171875,506.435546875,98907
2025-10-20,MTL,521.97998046875,522.0,517.0,518.3800048828125,507.91510009765625,71514
2025-10-21,MTL,522.0,522.0,517.010009765625,520.5999755859375,510.0902404785156,68620
2025-10-22,MTL,521.0,521.989990234375,518.0,519.239990234375,508.7577209472656,50421
2025-10-23,MTL,520.010009765625,521.8699951171875,510.0,511.20001220703125,500.8800354003906,122600
2025-10-24,MTL,512.8499755859375,515.0,510.0,512.8099975585938,502.45751953125,37863
2025-10-27,MTL,512.9000244140625,515.0,499.510009765625,501.4800109863281,491.35626220703125,160299
2025-10-28,MTL,501.4800109863281,504.3500061035156,498.0,498.4100036621094,488.3482360839844,98587
2025-10-29,MTL,499.989990234375,501.0,490.5,491.9700012207031,482.0382385253906,256505
2025-10-30,MTL,496.3999938964844,498.0,488.0,489.989990234375,480.09820556640625,97383
2025-10-31,MTL,490.5,503.5,490.5,500.70001220703125,490.5920104980469,71224
2025-11-03,MTL,504.989990234375,507.5,499.0,506.489990234375,496.2651062011719,67195
2025-11-04,MTL,507.4800109863281,518.9000244140625,503.0400085449219,514.1400146484375,503.76068115234375,136598
2025-11-05,MTL,518.010009765625,541.0,518.010009765625,529.4299926757812,518.7420043945312,559606
2025-11-06,MTL,529.989990234375,532.0,522.5,525.0800170898438,514.4798583984375,103922
2025-11-07,MTL,525.0800170898438,535.0,521.9000244140625,529.9600219726562,519.2613525390625,136270
2025-11-10,MTL,535.0,536.5,530.0,532.8499755859375,522.0929565429688,175099
2025-11-11,MTL,532.0,532.9400024414062,522.0,525.1599731445312,514.5581665039062,140404
2025-11-12,MTL,527.0,528.0,513.6099853515625,514.8499755859375,504.4563293457031,194134
2025-11-13,MTL,516.2000122070312,520.0,508.510009765625,513.6799926757812,503.3099670410156,77587
2025-11-14,MTL,519.8800048828125,519.8800048828125,512.0,516.8499755859375,506.41595458984375,35862
2025-11-17,MTL,516.75,519.9000244140625,510.010009765625,513.9299926757812,503.5549011230469,44750
2025-11-18,MTL,514.030029296875,515.5,511.1000061035156,512.219970703125,501.87939453125,28195
2025-11-19,MTL,512.0,515.0,510.0,511.260009765625,500.9388427734375,38334
2025-11-20,MTL,512.5,513.1900024414062,507.0,509.0,498.7244567871094,59849
2025-11-21,MTL,510.0,512.0,508.79998779296875,509.2900085449219,499.00860595703125,26293
2025-11-24,MTL,511.7799987792969,511.7900085449219,505.92999267578125,506.5400085449219,496.3141174316406,30835
2025-11-25,MTL,508.8999938964844,508.8999938964844,501.8900146484375,503.4200134277344,493.2571105957031,43959
2025-11-26,MTL,505.3999938964844,507.5,503.989990234375,505.7099914550781,495.5008544921875,40722
2025-11-27,MTL,506.989990234375,510.0,506.989990234375,507.9200134277344,497.666259765625,36076
2025-11-28,MTL,510.0,510.0,505.510009765625,507.57000732421875,497.32330322265625,45291
2025-12-01,MTL,507.57000732421875,518.0,501.54998779296875,511.9800109863281,501.644287109375,75271
2025-12-02,MTL,509.010009765625,515.0,509.010009765625,514.4400024414062,504.05462646484375,54257
2025-12-03,MTL,515.0,516.97998046875,505.0,507.25,497.009765625,184534
2025-12-04,MTL,508.989990234375,510.0,491.57000732421875,506.5799865722656,496.353271484375,58476
2025-12-05,MTL,508.0,511.5,506.5799865722656,507.9599914550781,497.7054443359375,34397
2025-12-08,MTL,507.9599914550781,510.0,505.6000061035156,506.4700012207031,496.2455139160156,38553
2025-12-09,MTL,506.4700012207031,510.0,506.0,507.04998779296875,496.81378173828125,39212
2025-12-10,MTL,509.989990234375,514.989990234375,506.989990234375,509.4100036621094,499.12615966796875,315826
2025-12-11,MTL,511.9800109863281,512.0,505.54998779296875,507.760009765625,497.5094909667969,105744
2025-12-12,MTL,510.0,512.0,505.54998779296875,509.19000244140625,498.9106140136719,53897
2025-12-15,MTL,510.5,511.989990234375,507.1700134277344,508.4700012207031,498.20513916015625,57696
2025-12-16,MTL,508.3999938964844,515.489990234375,507.79998779296875,512.4500122070312,502.10479736328125,242932
2025-12-17,MTL,512.0,514.0,508.0,511.57000732421875,501.2425537109375,137059
2025-12-18,MTL,513.5,514.0,511.010009765625,512.780029296875,502.42816162109375,66811
2025-12-19,MTL,513.0,518.0,510.0,514.0,503.6235046386719,178631
2025-12-22,MTL,515.0,524.0,511.010009765625,518.9199829101562,508.44415283203125,231884
2025-12-23,MTL,526.0,537.780029296875,525.0,530.8599853515625,520.1431274414062,575502
2025-12-24,MTL,530.8599853515625,531.1599731445312,520.1500244140625,521.010009765625,510.49200439453125,91943
2025-12-26,MTL,521.1300048828125,522.0,512.5999755859375,513.0900268554688,502.7319030761719,78432
2025-12-29,MTL,517.5,517.5,512.0,513.5,503.13360595703125,39010
2025-12-30,MTL,515.0,515.0,512.0,513.739990234375,503.3687438964844,50059
2025-12-31,MTL,515.0,531.0,513.2999877929688,525.1900024414062,514.5875854492188,210641
