Date,Symbol,Open,High,Low,Close,Adj Close,Volume
2015-01-01,NCPL,49.79999923706055,51.0099983215332,49.75,50.380001068115234,15.401642799377441,1449500
2015-01-02,NCPL,51.0,52.88999938964844,50.5,50.88999938964844,15.557549476623535,1875000
2015-01-05,NCPL,50.88999938964844,51.0,49.599998474121094,50.0,15.285470962524414,271000
2015-01-06,NCPL,50.400001525878906,50.900001525878906,48.5,48.849998474121094,14.933902740478516,596500
2015-01-07,NCPL,48.5,49.45000076293945,48.25,48.47999954223633,14.820794105529785,108000
2015-01-08,NCPL,48.54999923706055,49.88999938964844,48.54999923706055,49.0,14.979761123657227,93000
2015-01-09,NCPL,48.7599983215332,49.04999923706055,48.5,48.52000045776367,14.833019256591797,42000
2015-01-12,NCPL,49.4900016784668,49.4900016784668,48.79999923706055,48.9900016784668,14.976704597473145,393500
2015-01-13,NCPL,49.790000915527344,50.0,49.0,49.15999984741211,15.02867317199707,110500
2015-01-14,NCPL,48.54999923706055,49.5,48.0,48.52000045776367,14.833019256591797,265500
2015-01-15,NCPL,48.25,48.79999923706055,47.849998474121094,48.5099983215332,14.829962730407715,378000
2015-01-16,NCPL,48.70000076293945,48.75,48.0,48.400001525878906,14.796334266662598,41000
2015-01-19,NCPL,48.5,49.0,48.5,48.5099983215332,14.829962730407715,311000
2015-01-20,NCPL,49.0,49.20000076293945,48.75,49.0,14.979761123657227,181500
2015-01-21,NCPL,48.130001068115234,49.0,48.130001068115234,48.65999984741211,14.875821113586426,300000
2015-01-22,NCPL,48.9900016784668,49.25,48.75,48.81999969482422,14.924732208251953,345000
2015-01-23,NCPL,48.349998474121094,48.5,47.849998474121094,47.9900016784668,14.670997619628906,285500
2015-01-26,NCPL,48.970001220703125,48.970001220703125,48.5,48.75,14.903335571289062,121000
2015-01-27,NCPL,48.88999938964844,49.0,48.619998931884766,48.9900016784668,14.976704597473145,194500
2015-01-28,NCPL,48.599998474121094,48.79999923706055,47.900001525878906,48.290000915527344,14.76270866394043,523000
2015-01-29,NCPL,48.5,48.5,48.22999954223633,48.25,14.750480651855469,121000
2015-01-30,NCPL,48.5,48.849998474121094,48.4900016784668,48.54999923706055,14.842192649841309,725500
2015-02-02,NCPL,49.0,49.0,48.70000076293945,48.91999816894531,14.955302238464355,179500
2015-02-03,NCPL,49.20000076293945,49.400001525878906,48.599998474121094,48.689998626708984,14.884991645812988,159500
2015-02-04,NCPL,48.720001220703125,49.54999923706055,48.720001220703125,49.0099983215332,14.982815742492676,252500
2015-02-05,NCPL,49.0099983215332,49.0099983215332,49.0099983215332,49.0099983215332,14.982815742492676,0
2015-02-06,NCPL,49.630001068115234,50.0,48.5,48.88999938964844,14.94613265991211,5151000
2015-02-09,NCPL,49.0,49.0,48.75,48.900001525878906,14.949190139770508,129500
2015-02-10,NCPL,49.0,49.0,48.5,48.560001373291016,14.845250129699707,301500
2015-02-11,NCPL,48.599998474121094,48.70000076293945,48.5,48.52000045776367,14.833019256591797,173500
2015-02-12,NCPL,48.52000045776367,48.880001068115234,47.79999923706055,48.880001068115234,14.943076133728027,479000
2015-02-13,NCPL,48.970001220703125,48.970001220703125,48.5,48.59000015258789,14.85442066192627,35500
2015-02-16,NCPL,48.95000076293945,49.0,48.54999923706055,48.63999938964844,14.869705200195312,63000
2015-02-17,NCPL,48.54999923706055,49.0,48.02000045776367,48.84000015258789,14.9308443069458,293500
2015-02-18,NCPL,48.79999923706055,49.0,48.70000076293945,49.0,14.979761123657227,173000
2015-02-19,NCPL,49.0,50.400001525878906,48.75,49.9900016784668,15.282413482666016,2300000
2015-02-20,NCPL,50.599998474121094,52.47999954223633,50.599998474121094,52.400001525878906,16.019174575805664,1662500
2015-02-23,NCPL,52.900001525878906,55.02000045776367,52.900001525878906,54.66999816894531,16.7131290435791,1924500
2015-02-24,NCPL,54.5,56.70000076293945,53.099998474121094,54.20000076293945,16.56945037841797,2083000
2015-02-25,NCPL,54.4900016784668,54.4900016784668,52.29999923706055,52.540000915527344,16.061975479125977,524500
2015-02-26,NCPL,53.38999938964844,53.38999938964844,51.79999923706055,52.36000061035156,16.006946563720703,361000
2015-02-27,NCPL,52.150001525878906,52.79999923706055,51.5,52.15999984741211,15.945806503295898,710000
2015-03-02,NCPL,52.45000076293945,52.650001525878906,52.0,52.0,15.896886825561523,435000
2015-03-03,NCPL,52.0,52.900001525878906,51.95000076293945,52.43000030517578,16.028343200683594,614000
2015-03-04,NCPL,52.4900016784668,53.099998474121094,52.0,52.11000061035156,15.930519104003906,671000
2015-03-05,NCPL,52.0,53.0,52.0,52.68000030517578,16.104772567749023,302500
2015-03-06,NCPL,52.9900016784668,53.599998474121094,52.68000030517578,53.439998626708984,16.337108612060547,490000
2015-03-09,NCPL,51.29999923706055,51.54999923706055,50.400001525878906,51.25,16.27676773071289,179500
2015-03-10,NCPL,51.54999923706055,51.54999923706055,51.11000061035156,51.25,16.27676773071289,57000
2015-03-11,NCPL,50.70000076293945,51.54999923706055,50.599998474121094,51.38999938964844,16.321231842041016,34000
2015-03-12,NCPL,51.75,51.75,50.79999923706055,51.0,16.197368621826172,61000
2015-03-13,NCPL,50.5,52.20000076293945,50.5,51.880001068115234,16.476852416992188,113500
2015-03-16,NCPL,52.47999954223633,53.0,52.0,52.41999816894531,16.648353576660156,496500
2015-03-17,NCPL,52.0,52.400001525878906,51.5,52.0,16.51496124267578,177000
2015-03-18,NCPL,52.130001068115234,52.45000076293945,51.25,51.25,16.27676773071289,227500
2015-03-19,NCPL,51.5,51.5,50.7599983215332,51.0,16.197368621826172,282500
2015-03-20,NCPL,51.0,51.25,50.650001525878906,50.959999084472656,16.18466567993164,848000
2015-03-23,NCPL,50.959999084472656,50.959999084472656,50.959999084472656,50.959999084472656,16.18466567993164,0
2015-03-24,NCPL,50.970001220703125,51.79999923706055,50.599998474121094,51.47999954223633,16.349815368652344,346000
2015-03-25,NCPL,51.0,52.849998474121094,51.0,52.02000045776367,16.52131462097168,1279000
2015-03-26,NCPL,52.27000045776367,52.27000045776367,51.099998474121094,51.77000045776367,16.44191551208496,277000
2015-03-27,NCPL,51.54999923706055,52.0,51.0,51.20000076293945,16.260887145996094,179000
2015-03-30,NCPL,51.0,51.0,48.63999938964844,49.040000915527344,15.574880599975586,312000
2015-03-31,NCPL,49.0,51.4900016784668,49.0,51.4900016784668,16.352989196777344,686000
2015-04-01,NCPL,51.47999954223633,54.060001373291016,51.47999954223633,53.95000076293945,17.134275436401367,634500
2015-04-02,NCPL,55.75,56.0,54.599998474121094,55.45000076293945,17.61067008972168,92000
2015-04-03,NCPL,56.5,58.0,55.5099983215332,56.540000915527344,17.956850051879883,1888000
2015-04-06,NCPL,56.900001525878906,57.790000915527344,55.11000061035156,57.150001525878906,18.15058135986328,1872000
2015-04-07,NCPL,56.900001525878906,57.5,56.0,57.0099983215332,18.10611915588379,6934500
2015-04-08,NCPL,57.099998474121094,57.5,56.650001525878906,56.97999954223633,18.096590042114258,622500
2015-04-09,NCPL,56.900001525878906,57.20000076293945,56.75,57.040000915527344,18.115646362304688,57500
2015-04-10,NCPL,57.0,58.650001525878906,57.0,57.31999969482422,18.204572677612305,209000
2015-04-13,NCPL,57.5,57.5,56.5,57.0,18.102941513061523,251500
2015-04-14,NCPL,57.0,57.5,56.79999923706055,57.400001525878906,18.229978561401367,232000
2015-04-15,NCPL,57.5,58.45000076293945,57.04999923706055,57.279998779296875,18.19186782836914,27000
2015-04-16,NCPL,57.0,60.13999938964844,57.0,60.13999938964844,19.100189208984375,1612500
2015-04-17,NCPL,60.150001525878906,62.0,60.150001525878906,61.83000183105469,19.636926651000977,2057000
2015-04-20,NCPL,62.25,64.19999694824219,61.27000045776367,62.81999969482422,19.95134735107422,1371000
2015-04-21,NCPL,62.400001525878906,62.900001525878906,61.400001525878906,62.5,19.849716186523438,210500
2015-04-22,NCPL,63.0,64.97000122070312,63.0,63.970001220703125,20.316585540771484,530500
2015-04-23,NCPL,64.0,64.5,62.0,62.45000076293945,19.83383560180664,349500
2015-04-24,NCPL,63.5,64.0,63.5,63.900001525878906,20.294349670410156,127000
2015-04-27,NCPL,64.0999984741211,66.30000305175781,64.0999984741211,66.25,21.040699005126953,346000
2015-04-28,NCPL,66.47000122070312,66.5,65.5,65.55000305175781,20.81838607788086,158000
2015-04-29,NCPL,64.1500015258789,66.37999725341797,64.1500015258789,65.5,20.80250358581543,85000
2015-04-30,NCPL,66.23999786376953,66.44999694824219,64.5,66.02999877929688,20.9708309173584,323000
2015-05-01,NCPL,66.02999877929688,66.02999877929688,66.02999877929688,66.02999877929688,20.9708309173584,0
2015-05-04,NCPL,63.0,64.4000015258789,61.52000045776367,63.77000045776367,20.88567543029785,124500
2015-05-05,NCPL,63.79999923706055,63.79999923706055,62.099998474121094,62.61000061035156,20.505756378173828,181500
2015-05-06,NCPL,62.5,63.5,62.25,62.25,20.387849807739258,52500
2015-05-07,NCPL,62.0,62.47999954223633,61.70000076293945,62.0,20.305973052978516,1076000
2015-05-08,NCPL,61.060001373291016,62.97999954223633,61.0,61.93000030517578,20.28304672241211,640500
2015-05-11,NCPL,60.560001373291016,61.400001525878906,59.52000045776367,60.349998474121094,19.76557159423828,354000
2015-05-12,NCPL,61.5,62.0,60.95000076293945,61.790000915527344,20.237194061279297,288500
2015-05-13,NCPL,61.75,62.0,61.119998931884766,61.63999938964844,20.188068389892578,10000
2015-05-14,NCPL,62.4900016784668,62.4900016784668,61.5,61.70000076293945,20.20771598815918,110500
2015-05-15,NCPL,61.5,61.5,61.0,61.11000061035156,20.014482498168945,90000
2015-05-18,NCPL,61.5,61.5,60.599998474121094,60.599998474121094,19.847448348999023,125000
2015-05-19,NCPL,60.099998474121094,60.88999938964844,60.099998474121094,60.25,19.73282241821289,84000
2015-05-20,NCPL,60.25,60.5,59.52000045776367,59.72999954223633,19.562509536743164,253000
2015-05-21,NCPL,60.0,60.0,59.5,59.70000076293945,19.55268669128418,335000
2015-05-22,NCPL,59.70000076293945,59.880001068115234,59.0,59.880001068115234,19.61164093017578,17500
2015-05-25,NCPL,62.20000076293945,62.869998931884766,61.75,61.95000076293945,20.28959846496582,1088000
2015-05-26,NCPL,62.0,62.0,61.400001525878906,61.7599983215332,20.227371215820312,61000
2015-05-27,NCPL,61.9900016784668,62.0,61.02000045776367,61.4900016784668,20.138940811157227,71000
2015-05-28,NCPL,61.5,61.75,61.45000076293945,61.45000076293945,20.125837326049805,3000
2015-05-29,NCPL,61.0,62.0,60.25,60.86000061035156,19.932605743408203,192500
2015-06-01,NCPL,61.400001525878906,61.9900016784668,61.0,61.900001525878906,20.273223876953125,209500
2015-06-02,NCPL,62.0,62.939998626708984,61.45000076293945,62.0099983215332,20.30924415588379,702500
2015-06-03,NCPL,62.599998474121094,62.599998474121094,62.0,62.0,20.305973052978516,2000
2015-06-04,NCPL,62.0,62.0,61.400001525878906,61.540000915527344,20.155315399169922,14000
2015-06-05,NCPL,61.540000915527344,61.540000915527344,61.540000915527344,61.540000915527344,20.155315399169922,0
2015-06-08,NCPL,61.540000915527344,61.540000915527344,61.540000915527344,61.540000915527344,20.155315399169922,0
2015-06-09,NCPL,61.75,61.939998626708984,60.5,60.939998626708984,19.95880699157715,112500
2015-06-10,NCPL,61.400001525878906,61.400001525878906,60.599998474121094,61.0,19.978456497192383,66000
2015-06-11,NCPL,61.34000015258789,61.34000015258789,60.5,60.599998474121094,19.847448348999023,27000
2015-06-12,NCPL,60.619998931884766,62.0,60.029998779296875,61.310001373291016,20.079988479614258,274500
2015-06-15,NCPL,62.650001525878906,62.650001525878906,60.5,61.209999084472656,20.0472354888916,136500
2015-06-16,NCPL,60.2599983215332,61.97999954223633,60.2599983215332,61.0,19.978456497192383,22000
2015-06-17,NCPL,60.5,60.95000076293945,59.41999816894531,60.0,19.650941848754883,745500
2015-06-18,NCPL,60.04999923706055,61.4900016784668,59.5,60.22999954223633,19.726268768310547,640500
2015-06-19,NCPL,60.0,60.0,59.20000076293945,59.470001220703125,19.477359771728516,123000
2015-06-22,NCPL,59.650001525878906,59.900001525878906,59.31999969482422,59.5,19.487180709838867,763500
2015-06-23,NCPL,59.900001525878906,60.25,59.79999923706055,59.810001373291016,19.588712692260742,939500
2015-06-24,NCPL,59.599998474121094,60.150001525878906,59.5,60.150001525878906,19.700069427490234,165000
2015-06-25,NCPL,59.619998931884766,59.97999954223633,59.5,59.52000045776367,19.493736267089844,294500
2015-06-26,NCPL,59.95000076293945,60.20000076293945,59.7599983215332,59.880001068115234,19.61164093017578,243500
2015-06-29,NCPL,60.20000076293945,61.0,59.02000045776367,59.400001525878906,19.454431533813477,984500
2015-06-30,NCPL,59.4900016784668,60.189998626708984,59.0099983215332,59.400001525878906,19.454431533813477,128000
2015-07-01,NCPL,59.7400016784668,60.20000076293945,59.04999923706055,59.470001220703125,19.477359771728516,135500
2015-07-02,NCPL,61.45000076293945,61.45000076293945,59.54999923706055,59.560001373291016,19.506837844848633,35500
2015-07-03,NCPL,59.599998474121094,60.0,59.119998931884766,59.36000061035156,19.441329956054688,116000
2015-07-06,NCPL,59.9900016784668,60.400001525878906,59.150001525878906,59.81999969482422,19.59198760986328,1138000
2015-07-07,NCPL,60.099998474121094,60.95000076293945,59.5,59.650001525878906,19.536312103271484,840000
2015-07-08,NCPL,60.0,60.68000030517578,59.79999923706055,59.9900016784668,19.647666931152344,430500
2015-07-09,NCPL,59.9900016784668,60.0,59.5,60.0,19.650941848754883,50500
2015-07-10,NCPL,60.25,61.5,59.599998474121094,59.70000076293945,19.55268669128418,1100500
2015-07-13,NCPL,60.0,60.0,59.5,59.900001525878906,19.618192672729492,400500
2015-07-14,NCPL,59.5099983215332,60.43000030517578,59.25,60.0,19.650941848754883,652000
2015-07-15,NCPL,59.75,60.0,59.5,59.61000061035156,19.523208618164062,143000
2015-07-16,NCPL,59.70000076293945,60.0,59.5,59.66999816894531,19.54286003112793,185000
2015-07-17,NCPL,59.66999816894531,59.66999816894531,59.66999816894531,59.66999816894531,19.54286003112793,0
2015-07-20,NCPL,59.66999816894531,59.66999816894531,59.66999816894531,59.66999816894531,19.54286003112793,0
2015-07-21,NCPL,59.66999816894531,59.66999816894531,59.66999816894531,59.66999816894531,19.54286003112793,0
2015-07-22,NCPL,59.5,60.349998474121094,59.5,59.9900016784668,19.647666931152344,89500
2015-07-23,NCPL,60.0,61.22999954223633,59.58000183105469,60.5099983215332,19.817974090576172,1368000
2015-07-24,NCPL,60.060001373291016,60.97999954223633,60.0,60.43000030517578,19.79177474975586,31500
2015-07-27,NCPL,60.0099983215332,60.25,59.52000045776367,59.52000045776367,19.493736267089844,30500
2015-07-28,NCPL,60.310001373291016,60.5,60.0,60.0,19.650941848754883,26500
2015-07-29,NCPL,60.0,60.4900016784668,59.79999923706055,59.79999923706055,19.585437774658203,93500
2015-07-30,NCPL,60.0099983215332,60.0099983215332,59.5,59.5,19.487180709838867,293500
2015-07-31,NCPL,59.5,60.0,58.5,59.08000183105469,19.349628448486328,75000
2015-08-03,NCPL,58.75,59.0099983215332,58.75,59.0,19.32342529296875,11000
2015-08-04,NCPL,59.04999923706055,59.97999954223633,59.0099983215332,59.5,19.487180709838867,49000
2015-08-05,NCPL,59.400001525878906,60.25,59.369998931884766,60.22999954223633,19.726268768310547,228500
2015-08-06,NCPL,60.25,60.5,60.0,60.0,19.650941848754883,400500
2015-08-07,NCPL,59.900001525878906,60.0,59.54999923706055,59.9900016784668,19.647666931152344,50000
2015-08-10,NCPL,60.470001220703125,60.470001220703125,60.0,60.0,19.650941848754883,78000
2015-08-11,NCPL,60.22999954223633,60.22999954223633,59.7599983215332,59.900001525878906,19.618192672729492,69500
2015-08-12,NCPL,60.0,60.0,59.52000045776367,59.59000015258789,19.516658782958984,140000
2015-08-13,NCPL,59.599998474121094,59.70000076293945,59.400001525878906,59.70000076293945,19.55268669128418,2000
2015-08-14,NCPL,59.70000076293945,59.70000076293945,59.70000076293945,59.70000076293945,19.55268669128418,0
2015-08-17,NCPL,59.45000076293945,60.0,59.0,59.040000915527344,19.336524963378906,195500
2015-08-18,NCPL,59.540000915527344,59.79999923706055,58.0,59.0,19.32342529296875,138500
2015-08-19,NCPL,59.0,60.04999923706055,59.0,59.939998626708984,19.631290435791016,677000
2015-08-20,NCPL,59.5099983215332,59.5099983215332,58.5,59.4900016784668,19.48390769958496,118000
2015-08-21,NCPL,58.52000045776367,59.380001068115234,58.5,59.27000045776367,19.411855697631836,19000
2015-08-24,NCPL,58.0,58.0099983215332,56.5,56.849998474121094,18.619266510009766,104500
2015-08-25,NCPL,57.75,59.2400016784668,57.75,59.2400016784668,19.402034759521484,38000
2015-08-26,NCPL,59.5,60.0,59.0,59.43000030517578,19.464258193969727,553000
2015-08-27,NCPL,59.5,59.5,59.0,59.040000915527344,19.336524963378906,67500
2015-08-28,NCPL,59.29999923706055,59.900001525878906,59.29999923706055,59.75,19.569059371948242,17000
2015-08-31,NCPL,59.95000076293945,60.0,59.5099983215332,59.5099983215332,19.49045753479004,5000
2015-09-01,NCPL,59.79999923706055,59.9900016784668,59.5,59.5,19.487180709838867,25500
2015-09-02,NCPL,59.779998779296875,59.779998779296875,58.45000076293945,58.54999923706055,19.17604637145996,175500
2015-09-03,NCPL,59.0,59.0,58.04999923706055,58.150001525878906,19.045040130615234,67500
2015-09-04,NCPL,58.0099983215332,58.0099983215332,57.0099983215332,57.7400016784668,18.910757064819336,33000
2015-09-07,NCPL,57.75,57.75,55.5,56.900001525878906,18.635643005371094,128000
2015-09-08,NCPL,55.5099983215332,57.0,55.5,56.04999923706055,18.35725212097168,80500
2015-09-09,NCPL,56.099998474121094,56.29999923706055,55.0099983215332,55.97999954223633,18.334327697753906,49500
2015-09-10,NCPL,56.0,57.5,55.75,56.79999923706055,18.602890014648438,699000
2015-09-11,NCPL,57.75,59.0,56.9900016784668,56.9900016784668,18.665119171142578,250500
2015-09-14,NCPL,57.599998474121094,59.0,57.5,57.93000030517578,18.972984313964844,293500
2015-09-15,NCPL,57.97999954223633,58.0,57.5,57.58000183105469,18.858354568481445,57000
2015-09-16,NCPL,57.97999954223633,57.97999954223633,57.0,57.5,18.8321533203125,5000
2015-09-17,NCPL,57.75,57.9900016784668,57.04999923706055,57.279998779296875,18.760099411010742,13000
2015-09-18,NCPL,57.0,57.599998474121094,56.560001373291016,56.650001525878906,18.55376434326172,32000
2015-09-21,NCPL,56.9900016784668,57.0,56.54999923706055,56.70000076293945,18.570140838623047,216000
2015-09-22,NCPL,57.25,57.25,56.5,57.0099983215332,18.67167091369629,17000
2015-09-23,NCPL,57.470001220703125,57.5,57.0,57.0,18.66839599609375,186000
2015-09-24,NCPL,57.0,57.0,57.0,57.0,18.66839599609375,0
2015-09-25,NCPL,57.0,57.0,57.0,57.0,18.66839599609375,0
2015-09-28,NCPL,57.9900016784668,57.9900016784668,56.0,56.279998779296875,18.43258285522461,13000
2015-09-29,NCPL,56.0,56.97999954223633,56.0,56.97999954223633,18.661846160888672,16500
2015-09-30,NCPL,56.349998474121094,56.349998474121094,56.0,56.0,18.340879440307617,6000
2015-10-01,NCPL,56.0,56.97999954223633,56.0,56.97999954223633,18.661846160888672,4000
2015-10-02,NCPL,57.29999923706055,57.5,56.310001373291016,57.0,18.66839599609375,205500
2015-10-05,NCPL,57.0,57.0,56.70000076293945,57.0,18.66839599609375,52500
2015-10-06,NCPL,57.5,58.599998474121094,57.5,58.349998474121094,19.11054229736328,584500
2015-10-07,NCPL,58.349998474121094,58.97999954223633,58.349998474121094,58.93000030517578,19.300498962402344,16000
2015-10-08,NCPL,58.25,59.0,58.0,58.95000076293945,19.307048797607422,53500
2015-10-09,NCPL,58.5,58.52000045776367,57.0099983215332,58.0,18.99591064453125,1063000
2015-10-12,NCPL,58.0,58.0,57.810001373291016,57.84000015258789,18.94350814819336,67500
2015-10-13,NCPL,58.0,58.0,56.84000015258789,57.060001373291016,18.688045501708984,351000
2015-10-14,NCPL,57.0,57.25,56.75,56.79999923706055,18.602890014648438,201000
2015-10-15,NCPL,57.0,57.0,56.70000076293945,56.75,18.586515426635742,166000
2015-10-16,NCPL,56.810001373291016,57.0,56.5,56.9900016784668,18.665119171142578,28000
2015-10-19,NCPL,56.5099983215332,57.040000915527344,56.0,56.95000076293945,18.65201759338379,199000
2015-10-20,NCPL,56.95000076293945,56.9900016784668,56.75,56.849998474121094,18.619266510009766,32500
2015-10-21,NCPL,57.0,57.0,56.79999923706055,57.0,18.66839599609375,320000
2015-10-22,NCPL,55.0,56.0,55.0,55.93000030517578,18.984058380126953,49000
2015-10-23,NCPL,55.93000030517578,55.93000030517578,55.93000030517578,55.93000030517578,18.984058380126953,0
2015-10-26,NCPL,55.970001220703125,56.5,55.75,56.25,19.092676162719727,227500
2015-10-27,NCPL,57.22999954223633,57.400001525878906,56.310001373291016,56.5,19.17753028869629,106500
2015-10-28,NCPL,57.0,57.5,56.97999954223633,57.45000076293945,19.49998664855957,149500
2015-10-29,NCPL,57.9900016784668,59.5,57.75,58.650001525878906,19.90729522705078,325500
2015-10-30,NCPL,60.900001525878906,60.900001525878906,58.5099983215332,58.77000045776367,19.948028564453125,268500
2015-11-02,NCPL,59.5099983215332,59.599998474121094,58.400001525878906,58.83000183105469,19.968393325805664,163000
2015-11-03,NCPL,59.45000076293945,59.45000076293945,58.650001525878906,58.72999954223633,19.9344539642334,47000
2015-11-04,NCPL,59.25,59.38999938964844,58.7599983215332,59.20000076293945,20.09398078918457,89000
2015-11-05,NCPL,58.77000045776367,59.7400016784668,58.77000045776367,59.369998931884766,20.151683807373047,35500
2015-11-06,NCPL,59.5,60.70000076293945,59.0,60.18000030517578,20.426616668701172,279500
2015-11-09,NCPL,60.18000030517578,60.18000030517578,60.18000030517578,60.18000030517578,20.426616668701172,0
2015-11-10,NCPL,60.95000076293945,61.0,59.5099983215332,60.029998779296875,20.375703811645508,124000
2015-11-11,NCPL,60.0,60.650001525878906,59.75,59.9900016784668,20.36212730407715,195500
2015-11-12,NCPL,58.0,59.0,56.25,58.47999954223633,20.5341796875,297000
2015-11-13,NCPL,58.0,58.0,57.20000076293945,57.650001525878906,20.24274444580078,89500
2015-11-16,NCPL,57.5,57.790000915527344,57.5,57.65999984741211,20.246252059936523,206000
2015-11-17,NCPL,57.25,57.4900016784668,56.0099983215332,57.4900016784668,20.186561584472656,32500
2015-11-18,NCPL,57.5,57.5,57.029998779296875,57.029998779296875,20.025039672851562,59000
2015-11-19,NCPL,56.5099983215332,58.0,56.5099983215332,57.75,20.277856826782227,14500
2015-11-20,NCPL,58.0,58.0,57.209999084472656,57.209999084472656,20.08824348449707,18000
2015-11-23,NCPL,57.9900016784668,58.0,57.5099983215332,57.58000183105469,20.218164443969727,33000
2015-11-24,NCPL,57.9900016784668,58.25,57.5,57.529998779296875,20.200605392456055,45500
2015-11-25,NCPL,57.95000076293945,58.18000030517578,57.70000076293945,57.900001525878906,20.330524444580078,62500
2015-11-26,NCPL,57.95000076293945,58.0,57.849998474121094,58.0,20.36564064025879,19000
2015-11-27,NCPL,57.79999923706055,57.810001373291016,57.79999923706055,57.79999923706055,20.295412063598633,7000
2015-11-30,NCPL,57.900001525878906,57.900001525878906,57.099998474121094,57.29999923706055,20.119848251342773,24000
2015-12-01,NCPL,57.150001525878906,57.400001525878906,54.7599983215332,55.02000045776367,19.319263458251953,210000
2015-12-02,NCPL,55.25,55.5,54.25,55.45000076293945,19.470251083374023,63000
2015-12-03,NCPL,55.5,56.22999954223633,55.099998474121094,55.290000915527344,19.41407585144043,72500
2015-12-04,NCPL,55.599998474121094,56.29999923706055,55.599998474121094,56.290000915527344,19.76520538330078,8500
2015-12-07,NCPL,57.38999938964844,57.38999938964844,56.5,56.83000183105469,19.95481300354004,64000
2015-12-08,NCPL,57.400001525878906,57.689998626708984,57.0,57.0,20.014507293701172,339000
2015-12-09,NCPL,57.0,57.5,57.0,57.0,20.014507293701172,32500
2015-12-10,NCPL,56.900001525878906,57.0,56.900001525878906,56.95000076293945,19.9969482421875,19500
2015-12-11,NCPL,57.0,57.0,56.900001525878906,57.0,20.014507293701172,30500
2015-12-14,NCPL,56.88999938964844,56.900001525878906,56.0,56.130001068115234,19.709020614624023,77000
2015-12-15,NCPL,56.900001525878906,57.0,56.29999923706055,56.29999923706055,19.768712997436523,22500
2015-12-16,NCPL,56.900001525878906,57.0,56.5,56.9900016784668,20.010997772216797,72000
2015-12-17,NCPL,56.5,56.5,56.04999923706055,56.220001220703125,19.740625381469727,90500
2015-12-18,NCPL,56.25,56.5,55.81999969482422,56.45000076293945,19.82138442993164,42000
2015-12-21,NCPL,56.900001525878906,57.0,56.45000076293945,56.779998779296875,19.937255859375,20000
2015-12-22,NCPL,56.900001525878906,56.900001525878906,56.75,56.79999923706055,19.944278717041016,11000
2015-12-23,NCPL,55.900001525878906,56.5,55.900001525878906,56.41999816894531,19.81085205078125,167000
2015-12-24,NCPL,56.41999816894531,56.41999816894531,56.41999816894531,56.41999816894531,19.81085205078125,0
2015-12-25,NCPL,56.41999816894531,56.41999816894531,56.41999816894531,56.41999816894531,19.81085205078125,0
2015-12-28,NCPL,56.5,56.5,56.150001525878906,56.25,19.751157760620117,29000
2015-12-29,NCPL,56.099998474121094,56.150001525878906,55.75,56.0,19.663375854492188,76500
2015-12-30,NCPL,55.75,55.900001525878906,55.0,55.47999954223633,19.48078727722168,305000
2015-12-31,NCPL,55.5,55.5,55.0,55.04999923706055,19.329803466796875,137500
2016-01-01,NCPL,55.349998474121094,55.880001068115234,55.29999923706055,55.5,19.487808227539062,15500
2016-01-04,NCPL,55.5,55.599998474121094,55.349998474121094,55.5,19.487808227539062,121500
2016-01-05,NCPL,55.5,56.25,55.5,56.0,19.663375854492188,97500
2016-01-06,NCPL,56.5,56.5,56.25,56.25,19.751157760620117,57500
2016-01-07,NCPL,55.400001525878906,56.5,54.0,54.4900016784668,19.133167266845703,1230500
2016-01-08,NCPL,54.75,55.0,54.75,54.95000076293945,19.294687271118164,7000
2016-01-11,NCPL,55.29999923706055,55.900001525878906,55.0,55.0,19.312240600585938,13000
2016-01-12,NCPL,55.099998474121094,55.099998474121094,54.70000076293945,54.7400016784668,19.220951080322266,60500
2016-01-13,NCPL,55.0,55.88999938964844,53.9900016784668,54.0,18.961111068725586,70500
2016-01-14,NCPL,54.5,54.5,53.5,53.7400016784668,18.869815826416016,98000
2016-01-15,NCPL,54.0,54.5,53.0,54.0,18.961111068725586,480500
2016-01-18,NCPL,53.0099983215332,53.0099983215332,52.0,53.0,18.609981536865234,127500
2016-01-19,NCPL,53.0,53.70000076293945,52.599998474121094,53.4900016784668,18.78203773498535,135000
2016-01-20,NCPL,53.439998626708984,53.439998626708984,52.79999923706055,53.099998474121094,18.645092010498047,10500
2016-01-21,NCPL,53.5,53.599998474121094,53.150001525878906,53.5,18.785547256469727,24500
2016-01-22,NCPL,53.900001525878906,53.900001525878906,53.29999923706055,53.470001220703125,18.775012969970703,45000
2016-01-25,NCPL,53.5,53.5,53.25,53.310001373291016,18.71883201599121,243500
2016-01-26,NCPL,53.20000076293945,53.5,53.20000076293945,53.5,18.785547256469727,7500
2016-01-27,NCPL,53.5,53.54999923706055,53.11000061035156,53.119998931884766,18.652116775512695,96500
2016-01-28,NCPL,53.5,53.5,52.5,53.0,18.609981536865234,118500
2016-01-29,NCPL,53.099998474121094,53.439998626708984,53.0,53.439998626708984,18.764474868774414,78500
2016-02-01,NCPL,53.439998626708984,54.0,53.099998474121094,53.439998626708984,18.764474868774414,136500
2016-02-02,NCPL,53.5,53.5,53.25,53.5,18.785547256469727,217500
2016-02-03,NCPL,53.5,53.75,53.5,53.689998626708984,18.852258682250977,89500
2016-02-04,NCPL,53.97999954223633,54.0,53.349998474121094,53.52000045776367,18.792566299438477,125500
2016-02-05,NCPL,53.52000045776367,53.52000045776367,53.52000045776367,53.52000045776367,18.792566299438477,0
2016-02-08,NCPL,53.95000076293945,54.400001525878906,53.95000076293945,54.13999938964844,19.010269165039062,623500
2016-02-09,NCPL,54.900001525878906,54.970001220703125,53.849998474121094,54.25,19.04889678955078,66500
2016-02-10,NCPL,54.0,54.20000076293945,53.5,53.88999938964844,18.922487258911133,183500
2016-02-11,NCPL,53.5,53.79999923706055,52.619998931884766,53.20000076293945,18.680206298828125,128000
2016-02-12,NCPL,53.54999923706055,53.75,53.0,53.02000045776367,18.617002487182617,44000
2016-02-15,NCPL,53.0,54.0,53.0,53.900001525878906,18.926000595092773,131000
2016-02-16,NCPL,54.0,54.5,53.2599983215332,54.2400016784668,19.04538345336914,352000
2016-02-17,NCPL,54.0,54.0,52.75,52.97999954223633,18.602956771850586,142000
2016-02-18,NCPL,53.0,53.0,52.5,52.5,18.434415817260742,41000
2016-02-19,NCPL,52.5,53.439998626708984,52.04999923706055,53.0,18.609981536865234,123500
2016-02-22,NCPL,53.75,53.75,53.0,53.0,18.609981536865234,37000
2016-02-23,NCPL,52.4900016784668,52.75,51.599998474121094,52.150001525878906,18.3115177154541,82000
2016-02-24,NCPL,52.45000076293945,53.25,52.099998474121094,53.0,18.609981536865234,21500
2016-02-25,NCPL,53.4900016784668,53.88999938964844,53.0,53.0,18.609981536865234,314000
2016-02-26,NCPL,53.0,53.5,53.0,53.0,18.609981536865234,20000
2016-02-29,NCPL,53.5,53.5,52.130001068115234,52.869998931884766,18.564332962036133,97000
2016-03-01,NCPL,52.689998626708984,53.68000030517578,52.689998626708984,53.0,18.609981536865234,163000
2016-03-02,NCPL,53.099998474121094,53.599998474121094,53.0,53.310001373291016,18.71883201599121,182000
2016-03-03,NCPL,53.099998474121094,53.45000076293945,52.90999984741211,53.130001068115234,18.655628204345703,214000
2016-03-04,NCPL,53.029998779296875,53.45000076293945,52.959999084472656,53.02000045776367,18.617002487182617,261000
2016-03-07,NCPL,53.0099983215332,53.22999954223633,52.959999084472656,53.0,18.609981536865234,329000
2016-03-08,NCPL,53.0,53.29999923706055,52.900001525878906,53.0,18.609981536865234,1495000
2016-03-09,NCPL,53.439998626708984,53.599998474121094,53.0,53.5099983215332,18.789058685302734,471500
2016-03-10,NCPL,52.95000076293945,52.95000076293945,50.5099983215332,50.93000030517578,18.577491760253906,78500
2016-03-11,NCPL,50.93000030517578,51.34000015258789,50.810001373291016,50.90999984741211,18.57019805908203,56500
2016-03-14,NCPL,51.06999969482422,51.95000076293945,50.0,50.029998779296875,18.249202728271484,411000
2016-03-15,NCPL,50.45000076293945,50.5,49.9900016784668,50.2599983215332,18.333099365234375,49000
2016-03-16,NCPL,50.9900016784668,50.9900016784668,50.16999816894531,50.27000045776367,18.336748123168945,29500
2016-03-17,NCPL,50.27000045776367,50.27000045776367,49.40999984741211,49.95000076293945,18.220022201538086,185500
2016-03-18,NCPL,50.0,50.25,49.9900016784668,50.029998779296875,18.249202728271484,84500
2016-03-21,NCPL,50.400001525878906,50.5,49.900001525878906,49.939998626708984,18.21637535095215,111000
2016-03-22,NCPL,50.0,50.0,49.70000076293945,49.70000076293945,18.12883186340332,33000
2016-03-23,NCPL,49.70000076293945,49.70000076293945,49.70000076293945,49.70000076293945,18.12883186340332,0
2016-03-24,NCPL,50.939998626708984,50.939998626708984,49.849998474121094,50.0,18.23826026916504,23500
2016-03-25,NCPL,50.0,50.0,49.79999923706055,50.0,18.23826026916504,49000
2016-03-28,NCPL,50.0,50.0,50.0,50.0,18.23826026916504,69500
2016-03-29,NCPL,50.0,50.0,49.31999969482422,50.0,18.23826026916504,155000
2016-03-30,NCPL,49.9900016784668,50.0,49.810001373291016,49.900001525878906,18.201784133911133,87000
2016-03-31,NCPL,50.0,50.0,49.849998474121094,50.0,18.23826026916504,144000
2016-04-01,NCPL,50.0,50.0,49.02000045776367,49.66999816894531,18.117887496948242,83000
2016-04-04,NCPL,50.0,50.0,49.5099983215332,49.95000076293945,18.220022201538086,105000
2016-04-05,NCPL,49.9900016784668,50.0,49.95000076293945,49.9900016784668,18.234615325927734,425500
2016-04-06,NCPL,50.0,50.0,49.810001373291016,49.970001220703125,18.227317810058594,134500
2016-04-07,NCPL,50.0099983215332,50.0099983215332,49.900001525878906,50.0,18.23826026916504,88500
2016-04-08,NCPL,50.0,50.0,49.5099983215332,49.720001220703125,18.136125564575195,339500
2016-04-11,NCPL,49.599998474121094,50.0,49.20000076293945,49.869998931884766,18.190839767456055,698000
2016-04-12,NCPL,49.70000076293945,50.0,49.70000076293945,49.95000076293945,18.220022201538086,28500
2016-04-13,NCPL,50.0,50.0,49.5,49.7400016784668,18.143423080444336,217500
2016-04-14,NCPL,49.79999923706055,49.900001525878906,49.70000076293945,49.81999969482422,18.1726016998291,50500
2016-04-15,NCPL,50.25,50.5,49.4900016784668,49.52000045776367,18.063173294067383,564000
2016-04-18,NCPL,49.29999923706055,50.0,49.29999923706055,49.4900016784668,18.05223274230957,70000
2016-04-19,NCPL,49.400001525878906,50.689998626708984,49.29999923706055,49.849998474121094,18.183544158935547,54000
2016-04-20,NCPL,50.689998626708984,50.689998626708984,49.25,49.439998626708984,18.033992767333984,169000
2016-04-21,NCPL,49.75,49.75,49.0099983215332,49.13999938964844,17.924564361572266,111500
2016-04-22,NCPL,49.70000076293945,50.0,49.20000076293945,49.86000061035156,18.187196731567383,60500
2016-04-25,NCPL,50.0,50.20000076293945,49.5,49.540000915527344,18.070472717285156,402500
2016-04-26,NCPL,49.7400016784668,49.849998474121094,49.70000076293945,49.72999954223633,18.139774322509766,118000
2016-04-27,NCPL,49.9900016784668,50.9900016784668,49.709999084472656,49.77000045776367,18.154367446899414,157000
2016-04-28,NCPL,49.9900016784668,50.4900016784668,49.5,50.04999923706055,18.256500244140625,583500
2016-04-29,NCPL,50.0,50.0,48.900001525878906,49.310001373291016,17.986572265625,1007000
2016-05-02,NCPL,49.5,49.900001525878906,49.5,49.84000015258789,18.17989730834961,70500
2016-05-03,NCPL,49.599998474121094,50.0,49.54999923706055,49.88999938964844,18.198137283325195,103500
2016-05-04,NCPL,50.0,50.0,49.70000076293945,49.97999954223633,18.230966567993164,281500
2016-05-05,NCPL,49.97999954223633,50.0,49.70000076293945,49.90999984741211,18.205432891845703,111500
2016-05-06,NCPL,49.9900016784668,49.9900016784668,49.79999923706055,49.86000061035156,18.187196731567383,49000
2016-05-09,NCPL,50.0,50.0,49.900001525878906,50.0,18.23826026916504,188000
2016-05-10,NCPL,50.0,50.0,49.79999923706055,50.0,18.23826026916504,158000
2016-05-11,NCPL,49.9900016784668,50.5,49.869998931884766,50.0,18.23826026916504,219500
2016-05-12,NCPL,50.099998474121094,50.099998474121094,49.95000076293945,50.0,18.23826026916504,557500
2016-05-13,NCPL,50.099998474121094,50.099998474121094,49.7599983215332,49.959999084472656,18.223669052124023,81500
2016-05-16,NCPL,49.849998474121094,50.20000076293945,49.849998474121094,49.869998931884766,18.190839767456055,288000
2016-05-17,NCPL,49.849998474121094,50.099998474121094,49.849998474121094,49.9900016784668,18.234615325927734,607000
2016-05-18,NCPL,49.970001220703125,50.0,49.959999084472656,49.9900016784668,18.234615325927734,97000
2016-05-19,NCPL,50.0,50.20000076293945,49.900001525878906,49.900001525878906,18.201784133911133,221500
2016-05-20,NCPL,50.0,50.0,49.900001525878906,49.9900016784668,18.234615325927734,96500
2016-05-23,NCPL,50.2400016784668,50.2400016784668,49.900001525878906,50.0,18.23826026916504,191000
2016-05-24,NCPL,50.0,50.11000061035156,49.95000076293945,50.0,18.23826026916504,380500
2016-05-25,NCPL,50.0,50.13999938964844,49.900001525878906,49.97999954223633,18.230966567993164,297500
2016-05-26,NCPL,50.0,50.0,49.790000915527344,50.0,18.23826026916504,193500
2016-05-27,NCPL,50.0,50.25,49.900001525878906,49.95000076293945,18.220022201538086,658500
2016-05-30,NCPL,50.0,50.25,49.849998474121094,49.939998626708984,18.21637535095215,121500
2016-05-31,NCPL,50.0,50.0,49.84000015258789,49.970001220703125,18.227317810058594,101500
2016-06-01,NCPL,50.0,50.0,49.83000183105469,49.880001068115234,18.194490432739258,156500
2016-06-02,NCPL,49.79999923706055,50.25,49.7400016784668,50.040000915527344,18.252849578857422,106000
2016-06-03,NCPL,50.0,51.0,49.900001525878906,50.25,18.329452514648438,1470500
2016-06-06,NCPL,50.2599983215332,50.5,49.959999084472656,50.09000015258789,18.271089553833008,1631000
2016-06-07,NCPL,50.099998474121094,50.5,50.0,50.459999084472656,18.40605354309082,385500
2016-06-08,NCPL,50.45000076293945,50.45000076293945,50.20000076293945,50.22999954223633,18.32215690612793,56500
2016-06-09,NCPL,50.25,50.439998626708984,50.060001373291016,50.20000076293945,18.311214447021484,142000
2016-06-10,NCPL,50.0,50.20000076293945,49.90999984741211,49.970001220703125,18.227317810058594,186000
2016-06-13,NCPL,49.88999938964844,50.0,49.029998779296875,49.43000030517578,18.030344009399414,372000
2016-06-14,NCPL,49.16999816894531,49.79999923706055,49.0,49.72999954223633,18.139774322509766,341000
2016-06-15,NCPL,50.25,50.4900016784668,50.0,50.459999084472656,18.40605354309082,395500
2016-06-16,NCPL,50.04999923706055,51.58000183105469,49.84000015258789,51.0099983215332,18.606674194335938,692000
2016-06-17,NCPL,51.0,52.400001525878906,51.0,52.130001068115234,19.01521110534668,1477500
2016-06-20,NCPL,52.0,52.9900016784668,52.0,52.099998474121094,19.0042667388916,1459000
2016-06-21,NCPL,52.400001525878906,52.5,52.0,52.06999969482422,18.99332618713379,77500
2016-06-22,NCPL,52.04999923706055,52.400001525878906,52.0,52.060001373291016,18.989675521850586,95500
2016-06-23,NCPL,52.0099983215332,52.33000183105469,52.0099983215332,52.11000061035156,19.007915496826172,54500
2016-06-24,NCPL,52.04999923706055,52.15999984741211,51.0,51.68000030517578,18.8510684967041,164000
2016-06-27,NCPL,51.2599983215332,51.849998474121094,51.2599983215332,51.849998474121094,18.913076400756836,23500
2016-06-28,NCPL,51.29999923706055,52.5,51.29999923706055,52.11000061035156,19.007915496826172,135500
2016-06-29,NCPL,52.0,52.650001525878906,52.0,52.41999816894531,19.12099266052246,136000
2016-06-30,NCPL,52.70000076293945,52.70000076293945,52.25,52.560001373291016,19.172061920166016,290500
2016-07-01,NCPL,52.560001373291016,52.560001373291016,52.560001373291016,52.560001373291016,19.172061920166016,0
2016-07-04,NCPL,52.150001525878906,52.900001525878906,52.0,52.459999084472656,19.135581970214844,134000
2016-07-05,NCPL,52.459999084472656,52.459999084472656,52.459999084472656,52.459999084472656,19.135581970214844,0
2016-07-06,NCPL,52.459999084472656,52.459999084472656,52.459999084472656,52.459999084472656,19.135581970214844,0
2016-07-07,NCPL,52.459999084472656,52.459999084472656,52.459999084472656,52.459999084472656,19.135581970214844,0
2016-07-08,NCPL,52.459999084472656,52.459999084472656,52.459999084472656,52.459999084472656,19.135581970214844,0
2016-07-11,NCPL,52.689998626708984,53.29999923706055,52.150001525878906,52.9900016784668,19.32891082763672,241000
2016-07-12,NCPL,50.02000045776367,52.0,50.02000045776367,51.939998626708984,19.59296417236328,217500
2016-07-13,NCPL,52.310001373291016,52.310001373291016,51.099998474121094,51.150001525878906,19.294958114624023,107000
2016-07-14,NCPL,51.150001525878906,51.75,51.0099983215332,51.060001373291016,19.26100730895996,180000
2016-07-15,NCPL,51.400001525878906,51.959999084472656,51.400001525878906,51.70000076293945,19.502431869506836,163000
2016-07-18,NCPL,51.849998474121094,52.0,51.599998474121094,51.79999923706055,19.54015350341797,60500
2016-07-19,NCPL,51.95000076293945,52.5,51.95000076293945,52.25,19.70990562438965,154000
2016-07-20,NCPL,52.150001525878906,53.5,52.150001525878906,53.13999938964844,20.045631408691406,100000
2016-07-21,NCPL,53.369998931884766,54.0,53.0,53.38999938964844,20.139938354492188,57000
2016-07-22,NCPL,53.47999954223633,53.75,53.0099983215332,53.63999938964844,20.234243392944336,139000
2016-07-25,NCPL,53.900001525878906,53.97999954223633,53.25,53.709999084472656,20.260648727416992,89500
2016-07-26,NCPL,53.29999923706055,54.66999816894531,53.25,54.58000183105469,20.58883285522461,109500
2016-07-27,NCPL,54.79999923706055,55.75,54.650001525878906,55.619998931884766,20.98114585876465,181000
2016-07-28,NCPL,56.099998474121094,56.25,55.75,56.0099983215332,21.12826156616211,162000
2016-07-29,NCPL,56.5,58.0,56.0,56.189998626708984,21.196163177490234,22500
2016-08-01,NCPL,56.189998626708984,56.189998626708984,56.189998626708984,56.189998626708984,21.196163177490234,0
2016-08-02,NCPL,56.4900016784668,56.5,55.849998474121094,55.95000076293945,21.105628967285156,233500
2016-08-03,NCPL,56.0,56.099998474121094,55.349998474121094,55.380001068115234,20.890613555908203,72000
2016-08-04,NCPL,54.310001373291016,55.31999969482422,54.310001373291016,54.599998474121094,20.596378326416016,61500
2016-08-05,NCPL,54.599998474121094,55.400001525878906,54.25,54.40999984741211,20.524707794189453,243000
2016-08-08,NCPL,54.75,54.849998474121094,54.25,54.31999969482422,20.49075698852539,52500
2016-08-09,NCPL,54.689998626708984,55.5,54.400001525878906,54.68000030517578,20.626556396484375,55500
2016-08-10,NCPL,54.310001373291016,55.29999923706055,54.310001373291016,54.9900016784668,20.743492126464844,29500
2016-08-11,NCPL,55.0,55.880001068115234,55.0,55.560001373291016,20.958513259887695,129000
2016-08-12,NCPL,55.25,55.25,55.0,55.25,20.84157371520996,33500
2016-08-15,NCPL,55.75,55.84000015258789,55.45000076293945,55.459999084472656,20.92078971862793,5500
2016-08-16,NCPL,55.5,55.5,54.54999923706055,55.25,20.84157371520996,31500
2016-08-17,NCPL,55.25,55.25,54.5,54.5099983215332,20.562427520751953,80500
2016-08-18,NCPL,54.97999954223633,54.9900016784668,54.25,54.56999969482422,20.58506202697754,197500
2016-08-19,NCPL,54.9900016784668,55.09000015258789,54.400001525878906,54.849998474121094,20.69068145751953,50000
2016-08-22,NCPL,54.150001525878906,54.150001525878906,54.150001525878906,54.150001525878906,20.4266300201416,116000
2016-08-23,NCPL,54.02000045776367,54.97999954223633,54.0,54.5,20.558656692504883,130500
2016-08-24,NCPL,54.650001525878906,54.849998474121094,54.400001525878906,54.40999984741211,20.524707794189453,51500
2016-08-25,NCPL,54.5,55.45000076293945,54.20000076293945,54.79999923706055,20.67182159423828,40000
2016-08-26,NCPL,54.849998474121094,56.5,54.849998474121094,56.22999954223633,21.21125030517578,271500
2016-08-29,NCPL,56.349998474121094,56.349998474121094,56.0,56.20000076293945,21.199935913085938,152000
2016-08-30,NCPL,56.349998474121094,56.5,55.70000076293945,56.0,21.124492645263672,125500
2016-08-31,NCPL,56.0,56.0,55.56999969482422,55.75,21.030183792114258,117500
2016-09-01,NCPL,55.5,55.95000076293945,55.5,55.849998474121094,21.067907333374023,148000
2016-09-02,NCPL,56.0,56.0,55.66999816894531,55.86000061035156,21.07167625427246,74500
2016-09-05,NCPL,55.54999923706055,56.0,55.04999923706055,55.93000030517578,21.098085403442383,84500
2016-09-06,NCPL,55.650001525878906,56.099998474121094,55.5099983215332,56.0,21.124492645263672,48000
2016-09-07,NCPL,56.0,56.0,55.9900016784668,56.0,21.124492645263672,81500
2016-09-08,NCPL,56.25,56.400001525878906,55.75,55.7599983215332,21.03395652770996,55000
2016-09-09,NCPL,56.400001525878906,56.72999954223633,56.0,56.099998474121094,21.16221046447754,75000
2016-09-12,NCPL,56.099998474121094,56.099998474121094,56.099998474121094,56.099998474121094,21.16221046447754,0
2016-09-13,NCPL,56.099998474121094,56.099998474121094,56.099998474121094,56.099998474121094,21.16221046447754,0
2016-09-14,NCPL,56.099998474121094,56.099998474121094,56.099998474121094,56.099998474121094,21.16221046447754,0
2016-09-15,NCPL,56.20000076293945,56.75,56.150001525878906,56.59000015258789,21.3470516204834,48000
2016-09-16,NCPL,56.59000015258789,56.59000015258789,56.0,56.4900016784668,21.3093318939209,20500
2016-09-19,NCPL,56.5,56.54999923706055,56.20000076293945,56.400001525878906,21.275381088256836,14500
2016-09-20,NCPL,56.400001525878906,56.599998474121094,56.0,56.0,21.124492645263672,264000
2016-09-21,NCPL,55.849998474121094,56.0,55.349998474121094,55.52000045776367,20.943422317504883,112500
2016-09-22,NCPL,55.95000076293945,56.5,55.75,56.0,21.124492645263672,822500
2016-09-23,NCPL,56.29999923706055,56.29999923706055,55.150001525878906,55.599998474121094,20.973600387573242,52500
2016-09-26,NCPL,56.2599983215332,56.2599983215332,55.75,55.75,21.030183792114258,49500
2016-09-27,NCPL,56.0,56.0,55.779998779296875,55.900001525878906,21.086767196655273,17000
2016-09-28,NCPL,56.0,56.0,55.849998474121094,55.900001525878906,21.086767196655273,140500
2016-09-29,NCPL,56.0,56.08000183105469,55.650001525878906,55.93000030517578,21.098085403442383,1557000
2016-09-30,NCPL,56.09000015258789,56.09000015258789,55.70000076293945,55.75,21.030183792114258,1578500
2016-10-03,NCPL,56.04999923706055,56.04999923706055,55.5,55.5099983215332,20.939651489257812,28000
2016-10-04,NCPL,56.0,56.0,54.900001525878906,55.5,20.935876846313477,110500
2016-10-05,NCPL,55.0099983215332,55.2400016784668,55.0,55.119998931884766,20.79253387451172,138500
2016-10-06,NCPL,55.099998474121094,55.099998474121094,54.900001525878906,55.0,20.74726676940918,177000
2016-10-07,NCPL,55.0,55.45000076293945,54.61000061035156,54.93000030517578,20.720861434936523,93500
2016-10-10,NCPL,55.0,55.0099983215332,54.900001525878906,54.900001525878906,20.709545135498047,106000
2016-10-11,NCPL,54.900001525878906,54.900001525878906,54.900001525878906,54.900001525878906,20.709545135498047,0
2016-10-12,NCPL,54.900001525878906,54.900001525878906,54.900001525878906,54.900001525878906,20.709545135498047,0
2016-10-13,NCPL,55.4900016784668,55.5,54.900001525878906,55.0,20.74726676940918,2055500
2016-10-14,NCPL,54.9900016784668,55.0,54.75,54.900001525878906,20.709545135498047,17000
2016-10-17,NCPL,55.43000030517578,55.4900016784668,54.900001525878906,54.9900016784668,20.743492126464844,149000
2016-10-18,NCPL,54.9900016784668,55.0,54.099998474121094,54.65999984741211,20.61901092529297,455500
2016-10-19,NCPL,55.5,55.5,54.5,54.70000076293945,20.63410186767578,100000
2016-10-20,NCPL,54.75,55.29999923706055,54.560001373291016,55.08000183105469,20.777442932128906,713000
2016-10-21,NCPL,54.4900016784668,55.25,54.04999923706055,54.33000183105469,21.06828498840332,309500
2016-10-24,NCPL,54.20000076293945,54.25,53.25,54.119998931884766,20.98685073852539,31000
2016-10-25,NCPL,53.54999923706055,54.20000076293945,53.54999923706055,54.20000076293945,21.017873764038086,38500
2016-10-26,NCPL,54.4900016784668,54.5,54.349998474121094,54.400001525878906,21.095428466796875,32500
2016-10-27,NCPL,53.54999923706055,54.0,53.25,53.5,20.74641990661621,152500
2016-10-28,NCPL,51.5,54.45000076293945,51.0,54.25,21.037263870239258,102500
2016-10-31,NCPL,55.0,55.0,53.66999816894531,53.900001525878906,20.90153694152832,59000
2016-11-01,NCPL,54.0,54.75,54.0,54.630001068115234,21.18461799621582,148000
2016-11-02,NCPL,55.0,55.29999923706055,54.900001525878906,55.0,21.32809829711914,242500
2016-11-03,NCPL,55.20000076293945,55.20000076293945,54.849998474121094,54.95000076293945,21.30870819091797,221500
2016-11-04,NCPL,55.0,55.0,54.0099983215332,54.43000030517578,21.10706329345703,118500
2016-11-07,NCPL,54.79999923706055,55.0,54.70000076293945,54.83000183105469,21.262176513671875,50500
2016-11-08,NCPL,54.70000076293945,55.0,54.619998931884766,54.630001068115234,21.18461799621582,53000
2016-11-09,NCPL,54.630001068115234,54.630001068115234,54.630001068115234,54.630001068115234,21.18461799621582,0
2016-11-10,NCPL,55.77000045776367,56.5,55.29999923706055,55.5,21.521987915039062,197000
2016-11-11,NCPL,55.599998474121094,55.599998474121094,55.099998474121094,55.20000076293945,21.405656814575195,4500
2016-11-14,NCPL,55.099998474121094,55.349998474121094,55.0,55.279998779296875,21.43667984008789,23500
2016-11-15,NCPL,55.099998474121094,55.099998474121094,54.61000061035156,54.81999969482422,21.25830078125,96000
2016-11-16,NCPL,54.70000076293945,55.400001525878906,54.25,55.20000076293945,21.405656814575195,35500
2016-11-17,NCPL,55.0,56.099998474121094,55.0,55.0,21.32809829711914,86000
2016-11-18,NCPL,55.0,55.0,54.70000076293945,55.0,21.32809829711914,6500
2016-11-21,NCPL,55.0,55.849998474121094,54.75,55.33000183105469,21.456069946289062,28000
2016-11-22,NCPL,55.25,55.5,55.0,55.45000076293945,21.502601623535156,61500
2016-11-23,NCPL,55.5,55.88999938964844,55.5,55.58000183105469,21.55301284790039,52000
2016-11-24,NCPL,55.599998474121094,55.900001525878906,55.5,55.599998474121094,21.560768127441406,27500
2016-11-25,NCPL,55.25,55.95000076293945,55.25,55.540000915527344,21.53750228881836,23000
2016-11-28,NCPL,56.47999954223633,56.47999954223633,55.61000061035156,55.9900016784668,21.712003707885742,122000
2016-11-29,NCPL,56.0,56.400001525878906,56.0,56.349998474121094,21.851606369018555,59000
2016-11-30,NCPL,56.15999984741211,56.29999923706055,56.11000061035156,56.119998931884766,21.762414932250977,39500
2016-12-01,NCPL,55.79999923706055,56.5,55.70000076293945,56.47999954223633,21.90201759338379,40000
2016-12-02,NCPL,56.349998474121094,56.5,56.0099983215332,56.22999954223633,21.805072784423828,20500
2016-12-05,NCPL,56.20000076293945,56.20000076293945,55.0099983215332,55.439998626708984,21.49872398376465,173000
2016-12-06,NCPL,55.939998626708984,56.0,55.099998474121094,55.70000076293945,21.599546432495117,88000
2016-12-07,NCPL,56.5,56.5,55.70000076293945,55.790000915527344,21.634449005126953,343500
2016-12-08,NCPL,56.20000076293945,56.29999923706055,55.54999923706055,55.709999084472656,21.603424072265625,531500
2016-12-09,NCPL,56.0,56.310001373291016,55.70000076293945,55.75,21.618934631347656,148000
2016-12-12,NCPL,55.75,55.75,55.75,55.75,21.618934631347656,0
2016-12-13,NCPL,56.349998474121094,56.349998474121094,55.0,55.779998779296875,21.63056755065918,145500
2016-12-14,NCPL,55.79999923706055,56.0,55.400001525878906,56.0,21.71588134765625,124500
2016-12-15,NCPL,56.099998474121094,56.099998474121094,55.849998474121094,55.900001525878906,21.677104949951172,324500
2016-12-16,NCPL,56.439998626708984,57.0,55.900001525878906,55.90999984741211,21.680978775024414,374000
2016-12-19,NCPL,56.20000076293945,56.4900016784668,56.0099983215332,56.34000015258789,21.847728729248047,172500
2016-12-20,NCPL,56.29999923706055,58.4900016784668,56.040000915527344,57.58000183105469,22.328580856323242,336000
2016-12-21,NCPL,57.060001373291016,58.0,56.79999923706055,57.380001068115234,22.251022338867188,241500
2016-12-22,NCPL,57.349998474121094,58.400001525878906,57.22999954223633,58.029998779296875,22.503082275390625,352000
2016-12-23,NCPL,56.0,56.849998474121094,55.40999984741211,55.970001220703125,22.280160903930664,169500
2016-12-26,NCPL,56.0,56.400001525878906,55.75,55.779998779296875,22.204524993896484,146500
2016-12-27,NCPL,55.9900016784668,56.0,55.58000183105469,55.93000030517578,22.264238357543945,18000
2016-12-28,NCPL,56.0,56.54999923706055,55.5,55.58000183105469,22.124910354614258,205000
2016-12-29,NCPL,55.61000061035156,55.9900016784668,55.0099983215332,55.380001068115234,22.045297622680664,340000
2016-12-30,NCPL,55.400001525878906,55.97999954223633,55.2599983215332,55.47999954223633,22.085105895996094,1101500
2017-01-02,NCPL,55.95000076293945,56.5,55.849998474121094,56.33000183105469,22.4234676361084,1114000
2017-01-03,NCPL,56.0099983215332,57.5,56.0,57.0,22.690176010131836,165000
2017-01-04,NCPL,57.150001525878906,57.45000076293945,56.5,56.650001525878906,22.55084991455078,131000
2017-01-05,NCPL,57.25,57.25,56.0,56.470001220703125,22.479198455810547,202500
2017-01-06,NCPL,56.4900016784668,56.5099983215332,56.02000045776367,56.29999923706055,22.411523818969727,186500
2017-01-09,NCPL,56.5,56.79999923706055,56.25,56.5,22.491138458251953,43000
2017-01-10,NCPL,56.9900016784668,57.0,56.0,56.25,22.391620635986328,201500
2017-01-11,NCPL,56.02000045776367,56.869998931884766,56.0099983215332,56.66999816894531,22.55881118774414,45500
2017-01-12,NCPL,56.06999969482422,56.63999938964844,55.54999923706055,56.290000915527344,22.40754508972168,1032500
2017-01-13,NCPL,56.25,57.5,56.25,56.810001373291016,22.614543914794922,620000
2017-01-16,NCPL,56.70000076293945,57.20000076293945,56.5,56.5,22.491138458251953,249000
2017-01-17,NCPL,57.0,57.0,55.75,56.040000915527344,22.308027267456055,171000
2017-01-18,NCPL,56.0099983215332,57.0,56.0,56.689998626708984,22.5667724609375,366000
2017-01-19,NCPL,56.0099983215332,56.900001525878906,55.81999969482422,56.27000045776367,22.399581909179688,189000
2017-01-20,NCPL,56.29999923706055,56.70000076293945,56.099998474121094,56.43000030517578,22.463274002075195,118500
2017-01-23,NCPL,56.880001068115234,57.70000076293945,56.20000076293945,57.5099983215332,22.8931941986084,408000
2017-01-24,NCPL,57.4900016784668,58.0,57.47999954223633,57.540000915527344,22.90513801574707,518500
2017-01-25,NCPL,57.65999984741211,58.2400016784668,57.599998474121094,58.099998474121094,23.128055572509766,87000
2017-01-26,NCPL,57.70000076293945,58.0,57.599998474121094,57.9900016784668,23.084272384643555,47000
2017-01-27,NCPL,57.900001525878906,58.25,57.599998474121094,57.880001068115234,23.040481567382812,141500
2017-01-30,NCPL,56.61000061035156,57.2400016784668,56.349998474121094,56.619998931884766,22.538909912109375,156000
2017-01-31,NCPL,57.900001525878906,57.900001525878906,56.0,56.09000015258789,22.32792854309082,138500
2017-02-01,NCPL,56.20000076293945,56.75,56.02000045776367,56.22999954223633,22.38365936279297,94000
2017-02-02,NCPL,56.25,56.88999938964844,55.810001373291016,56.0099983215332,22.296085357666016,198000
2017-02-03,NCPL,56.0,56.59000015258789,55.900001525878906,56.33000183105469,22.4234676361084,58000
2017-02-06,NCPL,56.04999923706055,56.7599983215332,56.04999923706055,56.7599983215332,22.59463882446289,83500
2017-02-07,NCPL,56.939998626708984,57.099998474121094,56.5,56.65999984741211,22.554832458496094,43500
2017-02-08,NCPL,56.540000915527344,56.95000076293945,56.540000915527344,56.56999969482422,22.519004821777344,19500
2017-02-09,NCPL,56.0,56.439998626708984,55.5099983215332,55.970001220703125,22.280160903930664,185000
2017-02-10,NCPL,56.29999923706055,56.459999084472656,55.79999923706055,56.0,22.292102813720703,612000
2017-02-13,NCPL,56.0,56.5,56.0,56.130001068115234,22.343852996826172,58500
2017-02-14,NCPL,55.9900016784668,56.0,55.25,55.5,22.093067169189453,109000
2017-02-15,NCPL,55.70000076293945,56.0,55.0,55.11000061035156,21.93781852722168,297500
2017-02-16,NCPL,55.650001525878906,55.75,55.20000076293945,55.619998931884766,22.14083480834961,39000
2017-02-17,NCPL,55.5,55.75,54.75,54.810001373291016,21.818395614624023,64500
2017-02-20,NCPL,54.90999984741211,55.5,54.5,54.880001068115234,21.846261978149414,60000
2017-02-21,NCPL,55.88999938964844,55.88999938964844,54.25,54.599998474121094,21.734800338745117,88500
2017-02-22,NCPL,55.09000015258789,55.099998474121094,54.560001373291016,54.790000915527344,21.810434341430664,30000
2017-02-23,NCPL,54.54999923706055,55.0,53.75,53.97999954223633,21.487993240356445,250500
2017-02-24,NCPL,52.0,52.0,51.290000915527344,51.290000915527344,20.417179107666016,130000
2017-02-27,NCPL,48.72999954223633,49.5,48.72999954223633,48.959999084472656,19.489667892456055,2004000
2017-02-28,NCPL,49.0,49.849998474121094,48.0099983215332,48.380001068115234,19.2587833404541,229500
2017-03-01,NCPL,48.900001525878906,49.0099983215332,47.099998474121094,47.869998931884766,19.055767059326172,314500
2017-03-02,NCPL,48.400001525878906,49.04999923706055,48.11000061035156,48.65999984741211,19.37024688720703,612500
2017-03-03,NCPL,48.5,48.650001525878906,47.029998779296875,48.31999969482422,19.234901428222656,81500
2017-03-06,NCPL,48.97999954223633,49.0,48.25,48.619998931884766,19.35432243347168,21500
2017-03-07,NCPL,48.5,48.869998931884766,48.0099983215332,48.869998931884766,19.453842163085938,51000
2017-03-08,NCPL,49.45000076293945,51.29999923706055,48.25,48.33000183105469,19.238880157470703,150000
2017-03-09,NCPL,48.25,49.0,48.029998779296875,48.310001373291016,19.230920791625977,97000
2017-03-10,NCPL,48.310001373291016,48.5,48.0,48.369998931884766,19.254802703857422,35500
2017-03-13,NCPL,48.5,48.900001525878906,48.25,48.290000915527344,19.22295570373535,52500
2017-03-14,NCPL,48.4900016784668,49.04999923706055,48.0,48.54999923706055,19.326459884643555,166500
2017-03-15,NCPL,49.849998474121094,49.849998474121094,47.5,47.880001068115234,19.059749603271484,54000
2017-03-16,NCPL,47.5,47.5,46.5,47.27000045776367,18.81692123413086,227000
2017-03-17,NCPL,47.0,48.0,47.0,47.959999084472656,19.09159278869629,31500
2017-03-20,NCPL,47.900001525878906,48.790000915527344,47.349998474121094,48.029998779296875,19.11945915222168,36500
2017-03-21,NCPL,48.04999923706055,48.5,48.04999923706055,48.08000183105469,19.13936424255371,37500
2017-03-22,NCPL,48.400001525878906,48.459999084472656,47.75,47.900001525878906,19.067710876464844,45500
2017-03-23,NCPL,47.900001525878906,47.900001525878906,47.900001525878906,47.900001525878906,19.067710876464844,0
2017-03-24,NCPL,48.0,48.0,47.900001525878906,48.0,19.10751724243164,55000
2017-03-27,NCPL,48.20000076293945,48.20000076293945,47.849998474121094,47.849998474121094,19.047805786132812,71000
2017-03-28,NCPL,48.099998474121094,48.099998474121094,47.7599983215332,47.81999969482422,19.03586196899414,142500
2017-03-29,NCPL,47.79999923706055,48.0,47.5,47.599998474121094,18.948286056518555,13500
2017-03-30,NCPL,47.650001525878906,47.95000076293945,47.5099983215332,47.91999816894531,19.07567024230957,43500
2017-03-31,NCPL,48.20000076293945,49.0,47.5,48.0,19.10751724243164,47500
2017-04-03,NCPL,48.0,48.0,47.5,47.5,18.908479690551758,116000
2017-04-04,NCPL,47.400001525878906,47.5,47.349998474121094,47.400001525878906,18.86867332458496,13000
2017-04-05,NCPL,47.400001525878906,47.400001525878906,47.400001525878906,47.400001525878906,18.86867332458496,0
2017-04-06,NCPL,47.400001525878906,47.5,46.5,47.060001373291016,18.73332977294922,50500
2017-04-07,NCPL,46.099998474121094,47.5,46.04999923706055,47.36000061035156,18.852750778198242,76000
2017-04-10,NCPL,47.150001525878906,48.0,47.150001525878906,47.65999984741211,18.972171783447266,28000
2017-04-11,NCPL,47.0099983215332,48.0,47.0,47.5,18.908479690551758,327000
2017-04-12,NCPL,47.5,47.5,47.0,47.029998779296875,18.721384048461914,94500
2017-04-13,NCPL,47.04999923706055,47.04999923706055,46.52000045776367,47.0,18.709444046020508,62000
2017-04-14,NCPL,47.0,47.47999954223633,46.5,47.0099983215332,18.713424682617188,13000
2017-04-17,NCPL,47.29999923706055,47.29999923706055,45.70000076293945,46.0,18.311372756958008,147000
2017-04-18,NCPL,45.40999984741211,45.95000076293945,44.25,44.310001373291016,17.638629913330078,201000
2017-04-19,NCPL,43.9900016784668,46.52000045776367,43.38999938964844,45.83000183105469,18.24370002746582,68500
2017-04-20,NCPL,45.0099983215332,47.97999954223633,45.0099983215332,47.439998626708984,18.884593963623047,325000
2017-04-21,NCPL,47.650001525878906,47.650001525878906,45.70000076293945,46.43000030517578,18.482540130615234,264000
2017-04-24,NCPL,46.400001525878906,46.5,45.900001525878906,45.959999084472656,18.295448303222656,406500
2017-04-25,NCPL,46.0,46.20000076293945,45.29999923706055,45.369998931884766,18.060583114624023,373500
2017-04-26,NCPL,45.310001373291016,46.29999923706055,45.310001373291016,45.5,18.112335205078125,128500
2017-04-27,NCPL,46.0,46.0,45.0,45.4900016784668,18.108354568481445,121000
2017-04-28,NCPL,45.400001525878906,46.0,43.29999923706055,44.11000061035156,17.559011459350586,503500
2017-05-01,NCPL,44.11000061035156,44.11000061035156,44.11000061035156,44.11000061035156,17.559011459350586,0
2017-05-02,NCPL,44.0,44.08000183105469,43.79999923706055,43.9900016784668,17.511245727539062,192000
2017-05-03,NCPL,44.0,44.0,41.79999923706055,41.86000061035156,16.663347244262695,1777000
2017-05-04,NCPL,42.25,43.70000076293945,42.11000061035156,43.380001068115234,17.268417358398438,1277000
2017-05-05,NCPL,43.75,45.349998474121094,43.75,44.779998779296875,17.825719833374023,253500
2017-05-08,NCPL,45.0,45.400001525878906,43.20000076293945,44.790000915527344,17.82970428466797,177500
2017-05-09,NCPL,44.5,45.0,44.5,44.939998626708984,17.88941192626953,61500
2017-05-10,NCPL,44.349998474121094,44.900001525878906,44.29999923706055,44.61000061035156,17.75804901123047,16500
2017-05-11,NCPL,44.560001373291016,46.0,44.560001373291016,45.27000045776367,18.02077865600586,147000
2017-05-12,NCPL,45.20000076293945,45.29999923706055,44.52000045776367,44.900001525878906,17.873493194580078,68500
2017-05-15,NCPL,44.9900016784668,46.0,44.79999923706055,45.06999969482422,17.941164016723633,237000
2017-05-16,NCPL,45.0,45.459999084472656,44.70000076293945,44.900001525878906,17.873493194580078,87000
2017-05-17,NCPL,44.599998474121094,45.0,44.18000030517578,44.38999938964844,17.67047119140625,122000
2017-05-18,NCPL,44.560001373291016,45.790000915527344,44.560001373291016,45.279998779296875,18.024755477905273,115500
2017-05-19,NCPL,45.29999923706055,45.5,44.79999923706055,45.13999938964844,17.969026565551758,167000
2017-05-22,NCPL,45.04999923706055,45.38999938964844,44.91999816894531,45.0099983215332,17.917278289794922,58500
2017-05-23,NCPL,45.25,45.25,44.5,44.599998474121094,17.754066467285156,138500
2017-05-24,NCPL,44.52000045776367,45.0,43.79999923706055,43.91999816894531,17.48337745666504,259500
2017-05-25,NCPL,44.45000076293945,44.5,43.709999084472656,44.369998931884766,17.66250991821289,50500
2017-05-26,NCPL,44.310001373291016,45.0,43.900001525878906,44.599998474121094,17.754066467285156,197500
2017-05-29,NCPL,44.9900016784668,44.9900016784668,44.0,44.310001373291016,17.638629913330078,268000
2017-05-30,NCPL,44.45000076293945,44.70000076293945,44.02000045776367,44.25,17.6147403717041,63000
2017-05-31,NCPL,44.0,44.5,43.599998474121094,43.88999938964844,17.471437454223633,99500
2017-06-01,NCPL,43.75,43.95000076293945,43.0,43.27000045776367,17.22463035583496,484000
2017-06-02,NCPL,43.0099983215332,44.0,43.0,43.54999923706055,17.336090087890625,576000
2017-06-05,NCPL,43.5,43.75,43.02000045776367,43.5,17.316186904907227,158500
2017-06-06,NCPL,43.209999084472656,43.45000076293945,43.08000183105469,43.25,17.216670989990234,24000
2017-06-07,NCPL,43.2599983215332,43.849998474121094,43.0099983215332,43.36000061035156,17.26045799255371,33000
2017-06-08,NCPL,43.060001373291016,43.4900016784668,43.060001373291016,43.15999984741211,17.180843353271484,25500
2017-06-09,NCPL,43.689998626708984,43.689998626708984,43.04999923706055,43.130001068115234,17.168899536132812,136500
2017-06-12,NCPL,43.20000076293945,43.20000076293945,42.15999984741211,42.4900016784668,16.914134979248047,121000
2017-06-13,NCPL,43.5,43.95000076293945,40.5,41.040000915527344,16.336929321289062,371500
2017-06-14,NCPL,42.95000076293945,42.95000076293945,41.70000076293945,42.0,16.719078063964844,591500
2017-06-15,NCPL,42.0,42.4900016784668,41.650001525878906,41.75,16.619558334350586,656500
2017-06-16,NCPL,41.75,42.75,41.75,42.75,17.01763153076172,51000
2017-06-19,NCPL,41.650001525878906,42.0,40.79999923706055,41.0,16.321002960205078,1318000
2017-06-20,NCPL,40.5,41.88999938964844,40.0,40.20000076293945,16.002546310424805,215000
2017-06-21,NCPL,40.0,42.209999084472656,39.9900016784668,42.02000045776367,16.727039337158203,261000
2017-06-22,NCPL,41.5,44.11000061035156,41.099998474121094,42.970001220703125,17.105209350585938,1229000
2017-06-23,NCPL,42.970001220703125,42.970001220703125,42.970001220703125,42.970001220703125,17.105209350585938,0
2017-06-26,NCPL,42.970001220703125,42.970001220703125,42.970001220703125,42.970001220703125,17.105209350585938,0
2017-06-27,NCPL,42.970001220703125,42.970001220703125,42.970001220703125,42.970001220703125,17.105209350585938,0
2017-06-28,NCPL,42.970001220703125,42.970001220703125,42.970001220703125,42.970001220703125,17.105209350585938,0
2017-06-29,NCPL,43.0,44.939998626708984,43.0,43.04999923706055,17.137054443359375,108500
2017-06-30,NCPL,43.0099983215332,45.20000076293945,42.900001525878906,44.54999923706055,17.734163284301758,541000
2017-07-03,NCPL,44.54999923706055,44.95000076293945,42.400001525878906,42.54999923706055,16.938016891479492,231500
2017-07-04,NCPL,43.04999923706055,44.349998474121094,43.0,43.59000015258789,17.352014541625977,601000
2017-07-05,NCPL,43.0,44.36000061035156,43.0,44.20000076293945,17.59484100341797,326500
2017-07-06,NCPL,44.20000076293945,44.20000076293945,42.709999084472656,43.04999923706055,17.137054443359375,46000
2017-07-07,NCPL,43.959999084472656,43.959999084472656,42.5,43.0,17.117151260375977,82500
2017-07-10,NCPL,43.0,43.29999923706055,42.970001220703125,43.0,17.117151260375977,85000
2017-07-11,NCPL,42.79999923706055,43.900001525878906,41.849998474121094,41.91999816894531,16.687232971191406,157000
2017-07-12,NCPL,42.9900016784668,44.0,40.95000076293945,41.9900016784668,16.715097427368164,373500
2017-07-13,NCPL,41.95000076293945,43.0,41.79999923706055,42.0,16.719078063964844,95500
2017-07-14,NCPL,42.0,42.38999938964844,41.900001525878906,41.970001220703125,16.707136154174805,48500
2017-07-17,NCPL,41.970001220703125,42.0,40.5,41.5,16.520042419433594,55000
2017-07-18,NCPL,41.900001525878906,42.900001525878906,41.0,41.47999954223633,16.5120792388916,176500
2017-07-19,NCPL,41.150001525878906,41.4900016784668,40.70000076293945,41.0,16.321002960205078,748000
2017-07-20,NCPL,41.33000183105469,42.36000061035156,41.33000183105469,41.5,16.520042419433594,230000
2017-07-21,NCPL,41.25,41.9900016784668,41.099998474121094,41.93000030517578,16.69121551513672,22500
2017-07-24,NCPL,42.0099983215332,42.04999923706055,42.0,42.02000045776367,16.727039337158203,25000
2017-07-25,NCPL,41.63999938964844,42.5,41.63999938964844,42.209999084472656,16.802671432495117,90500
2017-07-26,NCPL,42.4900016784668,42.88999938964844,42.25,42.540000915527344,16.934036254882812,1025500
2017-07-27,NCPL,42.5,43.5,42.5,43.06999969482422,17.145015716552734,95000
2017-07-28,NCPL,42.0099983215332,44.0,42.0,43.470001220703125,17.304243087768555,180000
2017-07-31,NCPL,43.650001525878906,44.880001068115234,43.470001220703125,43.97999954223633,17.50726318359375,2964000
2017-08-01,NCPL,44.45000076293945,44.5,44.0,44.45000076293945,17.694358825683594,34500
2017-08-02,NCPL,44.0,44.0,43.0,43.5099983215332,17.320167541503906,75000
2017-08-03,NCPL,43.5,43.70000076293945,43.20000076293945,43.459999084472656,17.300262451171875,39500
2017-08-04,NCPL,43.790000915527344,44.099998474121094,43.459999084472656,43.86000061035156,17.459495544433594,69000
2017-08-07,NCPL,44.0,44.0,43.650001525878906,44.0,17.51522445678711,117500
2017-08-08,NCPL,44.0,44.040000915527344,43.810001373291016,43.9900016784668,17.511245727539062,89000
2017-08-09,NCPL,43.20000076293945,44.150001525878906,43.119998931884766,44.0,17.51522445678711,231500
2017-08-10,NCPL,44.0,44.0,42.9900016784668,43.0099983215332,17.121129989624023,288000
2017-08-11,NCPL,43.0,44.040000915527344,42.75,43.400001525878906,17.276378631591797,30500
2017-08-14,NCPL,43.400001525878906,43.400001525878906,43.400001525878906,43.400001525878906,17.276378631591797,0
2017-08-15,NCPL,42.75,42.9900016784668,41.22999954223633,41.349998474121094,16.460329055786133,98500
2017-08-16,NCPL,41.5,43.06999969482422,41.5,43.0099983215332,17.121129989624023,99000
2017-08-17,NCPL,42.5,42.5,41.45000076293945,41.47999954223633,16.5120792388916,95000
2017-08-18,NCPL,42.0,42.0,41.5,42.0,16.719078063964844,64500
2017-08-21,NCPL,41.5,42.45000076293945,40.7599983215332,41.400001525878906,16.480234146118164,55000
2017-08-22,NCPL,40.5,40.75,39.79999923706055,40.06999969482422,15.950797080993652,609500
2017-08-23,NCPL,41.0,41.0,40.25,40.5,16.121967315673828,152500
2017-08-24,NCPL,40.5,40.5,40.0,40.2400016784668,16.018468856811523,36000
2017-08-25,NCPL,40.0,40.099998474121094,39.5,40.0,15.922930717468262,644500
2017-08-28,NCPL,40.150001525878906,40.150001525878906,39.79999923706055,40.0,15.922930717468262,21000
2017-08-29,NCPL,40.0,41.0,40.0,40.02000045776367,15.93089485168457,596000
2017-08-30,NCPL,40.0099983215332,40.5,40.0099983215332,40.0099983215332,15.926912307739258,23000
2017-08-31,NCPL,40.25,40.45000076293945,40.0,40.38999938964844,16.07817840576172,5000
2017-09-01,NCPL,40.38999938964844,40.38999938964844,40.38999938964844,40.38999938964844,16.07817840576172,0
2017-09-04,NCPL,40.38999938964844,40.38999938964844,40.38999938964844,40.38999938964844,16.07817840576172,0
2017-09-05,NCPL,40.5,40.54999923706055,40.349998474121094,40.4900016784668,16.11798858642578,38500
2017-09-06,NCPL,40.77000045776367,41.0,40.54999923706055,40.599998474121094,16.161773681640625,51500
2017-09-07,NCPL,41.29999923706055,41.29999923706055,40.209999084472656,40.25,16.02244758605957,19500
2017-09-08,NCPL,40.95000076293945,40.9900016784668,40.95000076293945,40.97999954223633,16.31304168701172,2000
2017-09-11,NCPL,41.5,41.540000915527344,40.400001525878906,41.0,16.321002960205078,9000
2017-09-12,NCPL,41.4900016784668,41.95000076293945,41.0,41.25,16.420520782470703,12000
2017-09-13,NCPL,41.349998474121094,41.5,41.130001068115234,41.2400016784668,16.41654396057129,54000
2017-09-14,NCPL,41.5,41.84000015258789,41.150001525878906,41.189998626708984,16.396638870239258,23000
2017-09-15,NCPL,41.099998474121094,41.25,40.9900016784668,41.0,16.321002960205078,275500
2017-09-18,NCPL,41.0099983215332,41.0099983215332,40.650001525878906,41.0,16.321002960205078,43000
2017-09-19,NCPL,41.099998474121094,42.0,41.099998474121094,41.29999923706055,16.4404239654541,608500
2017-09-20,NCPL,41.29999923706055,42.099998474121094,41.29999923706055,42.0099983215332,16.723058700561523,36000
2017-09-21,NCPL,42.0,42.5,41.5,42.0099983215332,16.723058700561523,145500
2017-09-22,NCPL,41.810001373291016,42.0,40.099998474121094,40.439998626708984,16.098081588745117,1449500
2017-09-25,NCPL,40.689998626708984,40.880001068115234,40.0,40.0099983215332,15.926912307739258,126500
2017-09-26,NCPL,40.150001525878906,40.150001525878906,39.11000061035156,39.86000061035156,15.86720085144043,119000
2017-09-27,NCPL,40.400001525878906,41.0,40.0,40.0,15.922930717468262,179000
2017-09-28,NCPL,39.7599983215332,40.04999923706055,39.75,39.779998779296875,15.83535385131836,141000
2017-09-29,NCPL,39.9900016784668,40.25,39.79999923706055,40.04999923706055,15.942834854125977,169000
2017-10-02,NCPL,40.5,40.5,40.0,40.13999938964844,15.978662490844727,11000
2017-10-03,NCPL,39.75,40.0,39.599998474121094,39.79999923706055,15.843317031860352,73500
2017-10-04,NCPL,39.599998474121094,40.0,38.900001525878906,39.4900016784668,15.719914436340332,255000
2017-10-05,NCPL,40.0,40.0,38.79999923706055,38.93000030517578,15.496993064880371,75500
2017-10-06,NCPL,39.0,40.0,39.0,39.27000045776367,15.632339477539062,98000
2017-10-09,NCPL,39.45000076293945,39.959999084472656,38.95000076293945,39.029998779296875,15.536796569824219,103000
2017-10-10,NCPL,39.900001525878906,39.900001525878906,37.900001525878906,38.0099983215332,15.130765914916992,193000
2017-10-11,NCPL,38.45000076293945,39.90999984741211,38.45000076293945,39.83000183105469,15.855257987976074,105000
2017-10-12,NCPL,39.25,39.25,37.0,37.5099983215332,14.931729316711426,126500
2017-10-13,NCPL,37.0,39.380001068115234,37.0,37.529998779296875,14.939689636230469,36000
2017-10-16,NCPL,38.0099983215332,39.29999923706055,37.9900016784668,38.970001220703125,15.512914657592773,143500
2017-10-17,NCPL,39.0,40.0,38.790000915527344,38.86000061035156,15.469128608703613,114500
2017-10-18,NCPL,39.25,39.25,38.70000076293945,38.790000915527344,15.441263198852539,30000
2017-10-19,NCPL,39.0,39.400001525878906,39.0,39.400001525878906,15.684086799621582,1500
2017-10-20,NCPL,39.599998474121094,40.0,39.5099983215332,39.65999984741211,15.787586212158203,38000
2017-10-23,NCPL,39.099998474121094,39.650001525878906,39.060001373291016,39.540000915527344,15.739816665649414,28000
2017-10-24,NCPL,39.25,39.349998474121094,39.25,39.25,15.624377250671387,35000
2017-10-25,NCPL,39.939998626708984,39.959999084472656,39.70000076293945,39.95000076293945,15.90302562713623,24500
2017-10-26,NCPL,39.5,39.9900016784668,39.04999923706055,39.59000015258789,15.759720802307129,33000
2017-10-27,NCPL,39.5,39.5,39.0,39.040000915527344,15.540780067443848,43500
2017-10-30,NCPL,38.5,39.0,37.79999923706055,38.45000076293945,15.305917739868164,76500
2017-10-31,NCPL,38.029998779296875,38.04999923706055,37.0099983215332,37.08000183105469,14.760557174682617,139000
2017-11-01,NCPL,37.25,37.5,37.150001525878906,37.5,14.92774772644043,84000
2017-11-02,NCPL,37.95000076293945,37.9900016784668,37.5099983215332,37.779998779296875,15.03920841217041,11000
2017-11-03,NCPL,37.9900016784668,37.9900016784668,36.70000076293945,37.40999984741211,14.89192008972168,121000
2017-11-06,NCPL,37.0,37.400001525878906,36.77000045776367,36.86000061035156,14.672981262207031,117500
2017-11-07,NCPL,36.599998474121094,36.97999954223633,35.599998474121094,36.349998474121094,14.469964027404785,164500
2017-11-08,NCPL,36.599998474121094,36.650001525878906,36.0,36.63999938964844,14.585406303405762,44000
2017-11-09,NCPL,36.650001525878906,37.0,36.650001525878906,36.97999954223633,14.720747947692871,129000
2017-11-10,NCPL,36.54999923706055,36.54999923706055,36.029998779296875,36.36000061035156,14.473945617675781,5500
2017-11-13,NCPL,37.959999084472656,37.959999084472656,36.0,36.95000076293945,14.708807945251465,7500
2017-11-14,NCPL,36.5099983215332,36.54999923706055,36.150001525878906,36.220001220703125,14.418213844299316,20000
2017-11-15,NCPL,36.0,36.849998474121094,35.79999923706055,35.900001525878906,14.29083251953125,61000
2017-11-16,NCPL,36.29999923706055,36.75,36.0,36.0,14.330636978149414,63500
2017-11-17,NCPL,35.599998474121094,35.70000076293945,35.33000183105469,35.45000076293945,14.111698150634766,28500
2017-11-20,NCPL,35.45000076293945,35.45000076293945,33.68000030517578,33.720001220703125,13.4230318069458,154500
2017-11-21,NCPL,32.900001525878906,33.59000015258789,32.040000915527344,32.099998474121094,12.778151512145996,206500
2017-11-22,NCPL,33.0,33.060001373291016,32.029998779296875,32.029998779296875,12.750287055969238,57000
2017-11-23,NCPL,31.75,31.799999237060547,31.0,31.190000534057617,12.415905952453613,156000
2017-11-24,NCPL,31.850000381469727,32.540000915527344,31.209999084472656,31.270000457763672,12.44775104522705,48500
2017-11-27,NCPL,31.25,31.350000381469727,31.0,31.010000228881836,12.34425163269043,464000
2017-11-28,NCPL,30.799999237060547,31.0,30.799999237060547,31.0,12.340271949768066,11500
2017-11-29,NCPL,31.579999923706055,31.600000381469727,30.950000762939453,31.18000030517578,12.411924362182617,28500
2017-11-30,NCPL,31.0,31.049999237060547,29.6299991607666,29.770000457763672,11.850641250610352,487000
2017-12-01,NCPL,29.770000457763672,29.770000457763672,29.770000457763672,29.770000457763672,11.850641250610352,0
2017-12-04,NCPL,29.850000381469727,30.06999969482422,28.780000686645508,29.030000686645508,11.55606746673584,700000
2017-12-05,NCPL,29.0,29.0,27.950000762939453,28.010000228881836,11.150032997131348,856500
2017-12-06,NCPL,28.010000228881836,28.010000228881836,28.010000228881836,28.010000228881836,11.150032997131348,0
2017-12-07,NCPL,28.469999313354492,28.469999313354492,27.049999237060547,27.059999465942383,10.771862030029297,289000
2017-12-08,NCPL,25.90999984741211,28.40999984741211,25.90999984741211,28.0,11.146051406860352,183500
2017-12-11,NCPL,28.100000381469727,29.3799991607666,28.100000381469727,29.110000610351562,11.587913513183594,227000
2017-12-12,NCPL,28.510000228881836,28.850000381469727,28.200000762939453,28.799999237060547,11.464509010314941,20500
2017-12-13,NCPL,28.1200008392334,29.979999542236328,28.1200008392334,29.459999084472656,11.727239608764648,63000
2017-12-14,NCPL,29.0,30.0,28.75,29.5,11.743162155151367,107500
2017-12-15,NCPL,29.5,29.950000762939453,28.989999771118164,29.6299991607666,11.79491138458252,90000
2017-12-18,NCPL,29.799999237060547,30.0,29.209999084472656,29.940000534057617,11.918315887451172,41500
2017-12-19,NCPL,30.450000762939453,30.450000762939453,28.93000030517578,29.020000457763672,11.55208683013916,90500
2017-12-20,NCPL,29.0,29.5,28.40999984741211,28.43000030517578,11.31722354888916,23000
2017-12-21,NCPL,28.110000610351562,28.5,28.010000228881836,28.5,11.345088005065918,17000
2017-12-22,NCPL,28.5,29.25,28.5,29.1200008392334,11.591894149780273,46000
2017-12-25,NCPL,29.1200008392334,29.1200008392334,29.1200008392334,29.1200008392334,11.591894149780273,0
2017-12-26,NCPL,28.510000228881836,29.43000030517578,28.510000228881836,28.899999618530273,11.504316329956055,1034500
2017-12-27,NCPL,29.489999771118164,30.34000015258789,29.489999771118164,29.940000534057617,11.918315887451172,1156000
2017-12-28,NCPL,30.0,31.43000030517578,30.0,31.43000030517578,12.511444091796875,561000
2017-12-29,NCPL,31.5,33.0,31.5,32.90999984741211,13.100592613220215,1618500
2018-01-01,NCPL,32.79999923706055,33.0,32.70000076293945,32.880001068115234,13.08864974975586,24500
2018-01-02,NCPL,32.97999954223633,32.9900016784668,31.239999771118164,31.239999771118164,12.435808181762695,342000
2018-01-03,NCPL,31.0,31.100000381469727,29.860000610351562,30.0,11.942197799682617,679500
2018-01-04,NCPL,30.0,30.0,29.5,29.75,11.842679023742676,54000
2018-01-05,NCPL,30.450000762939453,30.450000762939453,29.649999618530273,30.389999389648438,12.097445487976074,15000
2018-01-08,NCPL,30.5,30.899999618530273,30.010000228881836,30.780000686645508,12.252694129943848,242000
2018-01-09,NCPL,30.5,30.780000686645508,30.239999771118164,30.510000228881836,12.14521598815918,159500
2018-01-10,NCPL,30.549999237060547,31.5,30.5,31.1299991607666,12.392022132873535,723000
2018-01-11,NCPL,31.0,31.0,30.5,30.56999969482422,12.169099807739258,175500
2018-01-12,NCPL,30.899999618530273,31.0,30.25,30.440000534057617,12.117351531982422,585000
2018-01-15,NCPL,30.899999618530273,31.100000381469727,30.450000762939453,30.5,12.1412353515625,637000
2018-01-16,NCPL,30.700000762939453,31.0,30.350000381469727,30.350000381469727,12.081524848937988,183000
2018-01-17,NCPL,30.489999771118164,30.940000534057617,30.489999771118164,30.600000381469727,12.181041717529297,45500
2018-01-18,NCPL,31.0,31.0,30.010000228881836,30.770000457763672,12.2487154006958,1231500
2018-01-19,NCPL,30.5,30.75,30.5,30.729999542236328,12.232791900634766,26500
2018-01-22,NCPL,30.75,30.75,30.200000762939453,30.610000610351562,12.185022354125977,130500
2018-01-23,NCPL,31.600000381469727,31.600000381469727,30.5,30.600000381469727,12.181041717529297,621000
2018-01-24,NCPL,30.799999237060547,30.989999771118164,30.5,30.549999237060547,12.161137580871582,116500
2018-01-25,NCPL,30.549999237060547,30.549999237060547,30.549999237060547,30.549999237060547,12.161137580871582,0
2018-01-26,NCPL,30.520000457763672,31.0,30.0,30.700000762939453,12.220849990844727,705500
2018-01-29,NCPL,30.5,30.5,30.100000381469727,30.25,12.041715621948242,454000
2018-01-30,NCPL,30.149999618530273,30.200000762939453,29.510000228881836,29.989999771118164,11.938218116760254,518500
2018-01-31,NCPL,30.200000762939453,30.200000762939453,29.850000381469727,29.989999771118164,11.938218116760254,57000
2018-02-01,NCPL,30.0,30.0,29.770000457763672,30.0,11.942197799682617,205000
2018-02-02,NCPL,30.0,30.0,29.770000457763672,30.0,11.942197799682617,56000
2018-02-05,NCPL,30.0,30.0,30.0,30.0,11.942197799682617,0
2018-02-06,NCPL,29.979999542236328,29.989999771118164,29.520000457763672,29.979999542236328,11.934235572814941,29500
2018-02-07,NCPL,29.979999542236328,29.979999542236328,29.979999542236328,29.979999542236328,11.934235572814941,0
2018-02-08,NCPL,29.600000381469727,29.75,29.450000762939453,29.540000915527344,11.759085655212402,537000
2018-02-09,NCPL,29.399999618530273,31.010000228881836,29.399999618530273,30.969999313354492,12.328330039978027,812500
2018-02-12,NCPL,31.5,32.5099983215332,31.5,32.5099983215332,12.941362380981445,884500
2018-02-13,NCPL,33.0,34.130001068115234,33.0,34.130001068115234,13.586240768432617,1500000
2018-02-14,NCPL,34.130001068115234,34.130001068115234,34.130001068115234,34.130001068115234,13.586240768432617,0
2018-02-15,NCPL,33.0,33.75,32.310001373291016,32.7599983215332,13.040881156921387,288500
2018-02-16,NCPL,32.75,33.150001525878906,32.5,32.900001525878906,13.096611022949219,160000
2018-02-19,NCPL,32.06999969482422,32.650001525878906,31.549999237060547,31.81999969482422,12.666692733764648,269500
2018-02-20,NCPL,32.099998474121094,32.099998474121094,31.299999237060547,31.5,12.539308547973633,184500
2018-02-21,NCPL,32.0,33.0,31.399999618530273,31.479999542236328,12.531346321105957,441000
2018-02-22,NCPL,31.299999237060547,32.20000076293945,30.75,31.850000381469727,12.678634643554688,335000
2018-02-23,NCPL,32.0,32.0,31.200000762939453,31.219999313354492,12.427847862243652,266500
2018-02-26,NCPL,31.899999618530273,31.899999618530273,31.0,31.489999771118164,12.535326957702637,107500
2018-02-27,NCPL,31.350000381469727,31.5,29.920000076293945,29.920000076293945,11.910351753234863,1028500
2018-02-28,NCPL,29.920000076293945,30.450000762939453,29.010000228881836,29.139999389648438,11.599855422973633,359000
2018-03-01,NCPL,29.299999237060547,30.59000015258789,29.299999237060547,30.510000228881836,12.14521598815918,1217000
2018-03-02,NCPL,30.309999465942383,30.5,29.010000228881836,29.709999084472656,11.826756477355957,302500
2018-03-05,NCPL,29.700000762939453,29.75,29.450000762939453,29.5,11.743162155151367,763000
2018-03-06,NCPL,29.799999237060547,29.799999237060547,29.360000610351562,29.5,11.743162155151367,293000
2018-03-07,NCPL,29.5,30.200000762939453,29.5,29.790000915527344,11.858603477478027,753000
2018-03-08,NCPL,29.899999618530273,30.350000381469727,29.809999465942383,29.989999771118164,11.938218116760254,889000
2018-03-09,NCPL,30.0,30.200000762939453,29.25,29.43000030517578,11.715296745300293,201000
2018-03-12,NCPL,29.309999465942383,29.690000534057617,29.299999237060547,29.510000228881836,11.747142791748047,50000
2018-03-13,NCPL,29.209999084472656,29.600000381469727,29.209999084472656,29.510000228881836,11.747142791748047,76500
2018-03-14,NCPL,29.600000381469727,29.75,29.450000762939453,29.549999237060547,11.763065338134766,143500
2018-03-15,NCPL,29.399999618530273,29.75,29.399999618530273,29.739999771118164,11.838698387145996,42500
2018-03-16,NCPL,29.5,29.799999237060547,29.5,29.600000381469727,11.78296947479248,23000
2018-03-19,NCPL,29.520000457763672,29.850000381469727,29.510000228881836,29.700000762939453,11.822776794433594,85000
2018-03-20,NCPL,29.899999618530273,30.59000015258789,29.799999237060547,30.280000686645508,12.053658485412598,285000
2018-03-21,NCPL,30.440000534057617,30.989999771118164,30.25,30.639999389648438,12.196964263916016,232500
2018-03-22,NCPL,30.549999237060547,30.75,30.350000381469727,30.440000534057617,12.117351531982422,219500
2018-03-23,NCPL,30.440000534057617,30.440000534057617,30.440000534057617,30.440000534057617,12.117351531982422,0
2018-03-26,NCPL,30.360000610351562,30.700000762939453,30.200000762939453,30.5,12.1412353515625,664000
2018-03-27,NCPL,30.1200008392334,30.670000076293945,30.1200008392334,30.5,12.1412353515625,306500
2018-03-28,NCPL,30.649999618530273,30.649999618530273,30.450000762939453,30.6299991607666,12.192983627319336,875500
2018-03-29,NCPL,31.0,31.0,30.68000030517578,30.899999618530273,12.30046558380127,287000
2018-03-30,NCPL,30.899999618530273,30.899999618530273,30.600000381469727,30.6200008392334,12.189003944396973,8500
2018-04-02,NCPL,30.700000762939453,31.25,30.559999465942383,31.0,12.340271949768066,68500
2018-04-03,NCPL,30.760000228881836,31.0,30.5,30.56999969482422,12.169099807739258,1013500
2018-04-04,NCPL,30.600000381469727,30.610000610351562,30.5,30.510000228881836,12.14521598815918,201000
2018-04-05,NCPL,31.0,31.25,30.5,30.559999465942383,12.165120124816895,171000
2018-04-06,NCPL,30.540000915527344,30.969999313354492,30.5,30.790000915527344,12.256674766540527,146000
2018-04-09,NCPL,31.0,31.0,30.5,30.520000457763672,12.149197578430176,192500
2018-04-10,NCPL,30.299999237060547,30.739999771118164,30.299999237060547,30.719999313354492,12.228811264038086,18000
2018-04-11,NCPL,30.469999313354492,30.989999771118164,30.469999313354492,30.690000534057617,12.21686840057373,75000
2018-04-12,NCPL,30.899999618530273,31.0,30.100000381469727,30.40999984741211,12.105408668518066,194500
2018-04-13,NCPL,30.389999389648438,30.700000762939453,30.200000762939453,30.520000457763672,12.149197578430176,131000
2018-04-16,NCPL,30.350000381469727,30.5,30.350000381469727,30.3700008392334,12.089486122131348,115500
2018-04-17,NCPL,30.25,30.5,30.25,30.489999771118164,12.13725471496582,58000
2018-04-18,NCPL,30.350000381469727,30.5,30.200000762939453,30.5,12.1412353515625,92500
2018-04-19,NCPL,30.5,30.5,29.899999618530273,29.989999771118164,11.938218116760254,106000
2018-04-20,NCPL,30.0,30.950000762939453,29.700000762939453,29.979999542236328,11.934235572814941,143500
2018-04-23,NCPL,29.709999084472656,30.0,29.549999237060547,29.940000534057617,11.918315887451172,37500
2018-04-24,NCPL,30.0,30.0,29.5,29.690000534057617,11.818796157836914,110000
2018-04-25,NCPL,29.600000381469727,29.6299991607666,29.559999465942383,29.600000381469727,11.78296947479248,34000
2018-04-26,NCPL,29.979999542236328,30.0,29.299999237060547,29.510000228881836,11.747142791748047,790500
2018-04-27,NCPL,29.25,29.5,28.799999237060547,28.8700008392334,11.492375373840332,303000
2018-04-30,NCPL,28.90999984741211,29.690000534057617,28.899999618530273,28.989999771118164,11.540143966674805,72000
2018-05-01,NCPL,28.989999771118164,28.989999771118164,28.989999771118164,28.989999771118164,11.540143966674805,0
2018-05-02,NCPL,29.049999237060547,29.049999237060547,28.799999237060547,28.899999618530273,11.504316329956055,54000
2018-05-03,NCPL,28.90999984741211,28.90999984741211,28.25,28.31999969482422,11.27343463897705,81000
2018-05-04,NCPL,28.149999618530273,28.670000076293945,28.0,28.670000076293945,11.412760734558105,56000
2018-05-07,NCPL,28.700000762939453,29.0,28.700000762939453,28.989999771118164,11.540143966674805,161500
2018-05-08,NCPL,28.65999984741211,28.799999237060547,28.200000762939453,28.290000915527344,11.261493682861328,192500
2018-05-09,NCPL,28.260000228881836,28.260000228881836,26.8799991607666,27.010000228881836,10.751958847045898,601000
2018-05-10,NCPL,27.5,27.600000381469727,27.100000381469727,27.440000534057617,10.923130989074707,50000
2018-05-11,NCPL,27.5,27.600000381469727,27.299999237060547,27.479999542236328,10.939054489135742,44000
2018-05-14,NCPL,27.149999618530273,27.200000762939453,26.5,26.850000381469727,10.688268661499023,104500
2018-05-15,NCPL,26.850000381469727,27.0,26.399999618530273,26.75,10.648460388183594,160000
2018-05-16,NCPL,26.75,26.760000228881836,26.270000457763672,26.399999618530273,10.509134292602539,43000
2018-05-17,NCPL,26.200000762939453,26.200000762939453,26.0,26.020000457763672,10.357867240905762,53500
2018-05-18,NCPL,26.5,26.5,25.950000762939453,26.06999969482422,10.37777042388916,54500
2018-05-21,NCPL,26.010000228881836,26.200000762939453,25.75,25.799999237060547,10.270289421081543,43500
2018-05-22,NCPL,25.75,26.549999237060547,25.469999313354492,26.09000015258789,10.385732650756836,172000
2018-05-23,NCPL,26.649999618530273,26.649999618530273,26.100000381469727,26.350000381469727,10.489230155944824,22500
2018-05-24,NCPL,26.399999618530273,26.5,26.1200008392334,26.15999984741211,10.413597106933594,63000
2018-05-25,NCPL,26.170000076293945,26.170000076293945,25.90999984741211,25.940000534057617,10.326021194458008,38000
2018-05-28,NCPL,26.25,26.309999465942383,25.969999313354492,25.979999542236328,10.34194278717041,51000
2018-05-29,NCPL,26.0,26.059999465942383,25.899999618530273,25.90999984741211,10.314078330993652,147000
2018-05-30,NCPL,25.860000610351562,26.0,25.520000457763672,25.959999084472656,10.33398151397705,114000
2018-05-31,NCPL,26.0,26.299999237060547,25.739999771118164,26.170000076293945,10.41757869720459,118000
2018-06-01,NCPL,25.93000030517578,26.5,25.899999618530273,26.18000030517578,10.42155933380127,41000
2018-06-04,NCPL,26.040000915527344,26.040000915527344,25.5,25.639999389648438,10.206599235534668,89000
2018-06-05,NCPL,26.0,26.0,25.200000762939453,25.350000381469727,10.091158866882324,447500
2018-06-06,NCPL,25.5,25.979999542236328,24.899999618530273,25.09000015258789,9.987658500671387,190000
2018-06-07,NCPL,25.25,25.709999084472656,24.899999618530273,24.940000534057617,9.927947044372559,333000
2018-06-08,NCPL,24.940000534057617,24.940000534057617,24.940000534057617,24.940000534057617,9.927947044372559,0
2018-06-11,NCPL,25.020000457763672,26.18000030517578,25.0,25.760000228881836,10.25436782836914,761000
2018-06-12,NCPL,25.850000381469727,26.25,25.079999923706055,25.209999084472656,10.03542709350586,97000
2018-06-13,NCPL,25.5,26.399999618530273,25.5,25.90999984741211,10.314078330993652,44000
2018-06-14,NCPL,26.0,26.399999618530273,26.0,26.0,10.349905014038086,123500
2018-06-15,NCPL,26.0,26.0,26.0,26.0,10.349905014038086,0
2018-06-19,NCPL,26.0,27.299999237060547,26.0,26.549999237060547,10.56884479522705,40500
2018-06-20,NCPL,26.5,27.0,26.25,26.440000534057617,10.525056838989258,74500
2018-06-21,NCPL,26.5,26.5,25.1200008392334,26.0,10.349905014038086,60000
2018-06-22,NCPL,25.510000228881836,25.75,25.020000457763672,25.170000076293945,10.019503593444824,111000
2018-06-25,NCPL,25.799999237060547,26.0,25.5,25.989999771118164,10.345924377441406,463000
2018-06-26,NCPL,26.350000381469727,26.600000381469727,25.75,25.770000457763672,10.25834846496582,363000
2018-06-27,NCPL,26.0,26.049999237060547,25.399999618530273,25.530000686645508,10.162811279296875,161500
2018-06-28,NCPL,25.5,26.799999237060547,25.5,26.799999237060547,10.668363571166992,576000
2018-06-29,NCPL,27.0,28.139999389648438,27.0,28.139999389648438,11.2017822265625,928000
2018-07-02,NCPL,27.639999389648438,27.639999389648438,27.010000228881836,27.190000534057617,10.823612213134766,51000
2018-07-03,NCPL,27.649999618530273,28.350000381469727,27.5,27.649999618530273,11.006726264953613,105500
2018-07-04,NCPL,27.399999618530273,27.399999618530273,26.5,26.649999618530273,10.608652114868164,72000
2018-07-05,NCPL,26.350000381469727,26.889999389648438,26.25,26.889999389648438,10.70418930053711,9500
2018-07-06,NCPL,26.790000915527344,26.799999237060547,26.200000762939453,26.760000228881836,10.652441024780273,28500
2018-07-09,NCPL,26.200000762939453,26.25,25.43000030517578,25.56999969482422,10.178732872009277,166000
2018-07-10,NCPL,25.350000381469727,25.350000381469727,24.299999237060547,25.010000228881836,9.955812454223633,159000
2018-07-11,NCPL,24.75,25.510000228881836,24.75,25.5,10.15086841583252,48500
2018-07-12,NCPL,25.690000534057617,25.799999237060547,24.670000076293945,25.770000457763672,10.25834846496582,8000
2018-07-13,NCPL,26.0,26.200000762939453,25.600000381469727,25.799999237060547,10.270289421081543,5000
2018-07-16,NCPL,25.850000381469727,26.25,25.799999237060547,25.799999237060547,10.270289421081543,3000
2018-07-17,NCPL,25.850000381469727,26.299999237060547,25.100000381469727,25.950000762939453,10.330000877380371,13500
2018-07-18,NCPL,26.399999618530273,26.5,26.010000228881836,26.040000915527344,10.365828514099121,12500
2018-07-19,NCPL,26.479999542236328,26.700000762939453,26.15999984741211,26.530000686645508,10.560883522033691,85000
2018-07-20,NCPL,26.100000381469727,27.0,26.0,26.399999618530273,10.509134292602539,45000
2018-07-23,NCPL,26.0,26.25,25.75,26.25,10.449423789978027,49000
2018-07-24,NCPL,26.0,26.600000381469727,26.0,26.399999618530273,10.509134292602539,182000
2018-07-25,NCPL,26.399999618530273,26.399999618530273,26.399999618530273,26.399999618530273,10.509134292602539,0
2018-07-26,NCPL,26.649999618530273,27.0,26.649999618530273,26.989999771118164,10.743996620178223,56000
2018-07-27,NCPL,27.280000686645508,28.0,27.200000762939453,28.0,11.146051406860352,64500
2018-07-30,NCPL,28.899999618530273,29.0,26.649999618530273,27.760000228881836,11.050514221191406,192000
2018-07-31,NCPL,28.0,28.0,27.0,27.100000381469727,10.787786483764648,156000
2018-08-01,NCPL,27.100000381469727,27.600000381469727,27.100000381469727,27.219999313354492,10.835554122924805,20000
2018-08-02,NCPL,27.489999771118164,27.600000381469727,27.0,27.309999465942383,10.871379852294922,95500
2018-08-03,NCPL,27.149999618530273,27.700000762939453,27.010000228881836,27.040000915527344,10.763900756835938,11500
2018-08-06,NCPL,27.0,27.5,27.0,27.260000228881836,10.85147762298584,41500
2018-08-07,NCPL,27.350000381469727,27.899999618530273,27.25,27.690000534057617,11.022648811340332,38500
2018-08-08,NCPL,27.15999984741211,27.700000762939453,27.15999984741211,27.549999237060547,10.9669189453125,47500
2018-08-09,NCPL,27.549999237060547,27.549999237060547,27.3700008392334,27.420000076293945,10.915168762207031,119000
2018-08-10,NCPL,27.299999237060547,27.309999465942383,26.5,26.56999969482422,10.576807022094727,166500
2018-08-13,NCPL,25.309999465942383,25.450000762939453,25.25,25.25,10.051349639892578,1449500
2018-08-14,NCPL,25.25,25.25,25.25,25.25,10.051349639892578,0
2018-08-15,NCPL,24.549999237060547,25.489999771118164,24.549999237060547,24.770000457763672,9.860275268554688,142000
2018-08-16,NCPL,24.520000457763672,24.690000534057617,24.299999237060547,24.389999389648438,9.709007263183594,99500
2018-08-17,NCPL,24.739999771118164,25.5,24.520000457763672,24.59000015258789,9.78862190246582,171000
2018-08-20,NCPL,25.0,25.0,24.760000228881836,24.959999084472656,9.935909271240234,37000
2018-08-21,NCPL,24.959999084472656,24.959999084472656,24.959999084472656,24.959999084472656,9.935909271240234,0
2018-08-22,NCPL,24.959999084472656,24.959999084472656,24.959999084472656,24.959999084472656,9.935909271240234,0
2018-08-23,NCPL,24.959999084472656,24.959999084472656,24.959999084472656,24.959999084472656,9.935909271240234,0
2018-08-24,NCPL,24.950000762939453,25.0,24.799999237060547,24.989999771118164,9.947851181030273,47500
2018-08-27,NCPL,25.0,25.200000762939453,24.600000381469727,24.639999389648438,9.808525085449219,133500
2018-08-28,NCPL,24.5,25.0,24.5,24.979999542236328,9.943870544433594,5500
2018-08-29,NCPL,24.510000228881836,24.510000228881836,24.450000762939453,24.489999771118164,9.74881362915039,11500
2018-08-30,NCPL,24.5,24.5,24.25,24.3700008392334,9.701045036315918,49500
2018-08-31,NCPL,24.899999618530273,25.0,24.25,24.5,9.752795219421387,124500
2018-09-03,NCPL,25.25,25.25,24.200000762939453,24.209999084472656,9.63735294342041,54000
2018-09-04,NCPL,24.799999237060547,24.799999237060547,24.25,24.770000457763672,9.860275268554688,5500
2018-09-05,NCPL,24.5,24.5,24.149999618530273,24.5,9.752795219421387,39000
2018-09-06,NCPL,24.5,24.799999237060547,24.350000381469727,24.3700008392334,9.701045036315918,127500
2018-09-07,NCPL,24.25,24.25,23.5,23.56999969482422,9.382586479187012,83000
2018-09-10,NCPL,23.450000762939453,23.450000762939453,23.0,23.309999465942383,9.279088973999023,105000
2018-09-11,NCPL,23.200000762939453,23.5,23.049999237060547,23.280000686645508,9.267145156860352,22000
2018-09-12,NCPL,23.200000762939453,23.25,23.010000228881836,23.049999237060547,9.175589561462402,46000
2018-09-13,NCPL,23.010000228881836,23.799999237060547,23.010000228881836,23.799999237060547,9.474143028259277,29000
2018-09-14,NCPL,23.75,24.489999771118164,23.5,23.8799991607666,9.505990028381348,74000
2018-09-17,NCPL,23.899999618530273,24.290000915527344,23.31999969482422,23.649999618530273,9.414432525634766,51000
2018-09-18,NCPL,23.5,23.950000762939453,22.920000076293945,23.59000015258789,9.390547752380371,27000
2018-09-19,NCPL,23.520000457763672,23.700000762939453,23.5,23.700000762939453,9.43433666229248,49500
2018-09-20,NCPL,23.700000762939453,23.700000762939453,23.700000762939453,23.700000762939453,9.43433666229248,0
2018-09-21,NCPL,23.700000762939453,23.700000762939453,23.700000762939453,23.700000762939453,9.43433666229248,0
2018-09-24,NCPL,23.700000762939453,24.0,23.5,23.520000457763672,9.362683296203613,46500
2018-09-25,NCPL,24.25,24.25,23.600000381469727,24.0,9.55375862121582,32500
2018-09-26,NCPL,24.170000076293945,24.5,23.5,23.510000228881836,9.35870361328125,68500
2018-09-27,NCPL,23.700000762939453,24.5,23.149999618530273,24.059999465942383,9.577643394470215,218000
2018-09-28,NCPL,24.399999618530273,25.0,23.850000381469727,24.65999984741211,9.816486358642578,174000
2018-10-01,NCPL,24.850000381469727,24.850000381469727,23.75,23.8700008392334,9.502009391784668,121000
2018-10-02,NCPL,24.09000015258789,24.100000381469727,23.799999237060547,23.899999618530273,9.513951301574707,40500
2018-10-03,NCPL,23.889999389648438,23.899999618530273,23.450000762939453,23.75,9.454239845275879,78000
2018-10-04,NCPL,23.799999237060547,23.799999237060547,23.399999618530273,23.5,9.354722023010254,225500
2018-10-05,NCPL,23.299999237060547,23.489999771118164,22.34000015258789,22.450000762939453,8.936746597290039,110000
2018-10-08,NCPL,22.989999771118164,22.989999771118164,21.329999923706055,21.399999618530273,8.518768310546875,156500
2018-10-09,NCPL,22.0,22.010000228881836,21.549999237060547,21.649999618530273,8.618287086486816,58000
2018-10-10,NCPL,21.65999984741211,22.0,21.299999237060547,21.93000030517578,8.729747772216797,89000
2018-10-11,NCPL,21.989999771118164,22.450000762939453,21.989999771118164,22.25,8.85713005065918,22000
2018-10-12,NCPL,22.25,23.100000381469727,22.0,22.469999313354492,8.944705963134766,26500
2018-10-15,NCPL,22.010000228881836,22.010000228881836,21.510000228881836,21.6200008392334,8.606344223022461,44500
2018-10-16,NCPL,22.200000762939453,22.700000762939453,22.200000762939453,22.600000381469727,8.99645709991455,77000
2018-10-17,NCPL,20.559999465942383,21.950000762939453,20.520000457763672,21.8700008392334,9.324763298034668,48000
2018-10-18,NCPL,22.139999389648438,22.299999237060547,21.5,22.0,9.380191802978516,41000
2018-10-19,NCPL,22.0,22.899999618530273,22.0,22.3799991607666,9.542211532592773,59500
2018-10-22,NCPL,22.100000381469727,23.0,22.100000381469727,22.799999237060547,9.721287727355957,103500
2018-10-23,NCPL,22.219999313354492,23.0,22.219999313354492,23.0,9.806563377380371,41000
2018-10-24,NCPL,23.299999237060547,24.149999618530273,23.290000915527344,24.1299991607666,10.288363456726074,272000
2018-10-25,NCPL,23.989999771118164,24.649999618530273,23.950000762939453,24.6200008392334,10.49728775024414,364500
2018-10-26,NCPL,24.5,24.899999618530273,24.5,24.719999313354492,10.539923667907715,74000
2018-10-29,NCPL,24.799999237060547,25.950000762939453,24.450000762939453,25.450000762939453,10.851174354553223,350000
2018-10-30,NCPL,25.5,25.5,25.030000686645508,25.3700008392334,10.817066192626953,34000
2018-10-31,NCPL,24.729999542236328,25.780000686645508,24.729999542236328,25.200000762939453,10.744583129882812,54500
2018-11-01,NCPL,24.110000610351562,25.5,24.110000610351562,25.43000030517578,10.84264850616455,44000
2018-11-02,NCPL,25.010000228881836,25.950000762939453,25.010000228881836,25.899999618530273,11.043044090270996,85000
2018-11-05,NCPL,25.350000381469727,25.5,25.0,25.5,10.872493743896484,20500
2018-11-06,NCPL,25.200000762939453,25.299999237060547,25.030000686645508,25.139999389648438,10.718998908996582,24000
2018-11-07,NCPL,25.149999618530273,25.489999771118164,25.149999618530273,25.200000762939453,10.744583129882812,28500
2018-11-08,NCPL,25.5,25.760000228881836,25.110000610351562,25.5,10.872493743896484,84500
2018-11-09,NCPL,25.139999389648438,25.600000381469727,25.139999389648438,25.5,10.872493743896484,27500
2018-11-12,NCPL,25.25,25.899999618530273,25.25,25.889999389648438,11.038779258728027,65000
2018-11-13,NCPL,25.889999389648438,25.899999618530273,25.5,25.799999237060547,11.000406265258789,53500
2018-11-14,NCPL,25.219999313354492,26.0,25.219999313354492,25.739999771118164,10.974823951721191,70500
2018-11-15,NCPL,25.610000610351562,25.950000762939453,25.549999237060547,25.6299991607666,10.927922248840332,73000
2018-11-16,NCPL,25.56999969482422,25.790000915527344,25.5,25.739999771118164,10.974823951721191,51500
2018-11-19,NCPL,25.600000381469727,25.93000030517578,25.600000381469727,25.600000381469727,10.915131568908691,9500
2018-11-20,NCPL,25.5,25.799999237060547,25.239999771118164,25.299999237060547,10.787219047546387,39500
2018-11-21,NCPL,25.299999237060547,25.299999237060547,25.299999237060547,25.299999237060547,10.787219047546387,0
2018-11-22,NCPL,25.84000015258789,25.850000381469727,25.510000228881836,25.510000228881836,10.876758575439453,1500
2018-11-23,NCPL,25.100000381469727,25.25,25.030000686645508,25.149999618530273,10.723262786865234,20000
2018-11-26,NCPL,25.350000381469727,25.399999618530273,25.149999618530273,25.399999618530273,10.829856872558594,59500
2018-11-27,NCPL,24.8799991607666,25.700000762939453,24.8799991607666,25.649999618530273,10.93644905090332,11500
2018-11-28,NCPL,25.8700008392334,26.100000381469727,25.25,25.530000686645508,10.885285377502441,86500
2018-11-29,NCPL,25.850000381469727,25.850000381469727,25.549999237060547,25.690000534057617,10.953505516052246,13500
2018-11-30,NCPL,25.020000457763672,25.299999237060547,24.5,25.299999237060547,10.787219047546387,25500
2018-12-03,NCPL,25.0,25.0,24.040000915527344,24.389999389648438,10.399221420288086,284500
2018-12-04,NCPL,24.5,24.850000381469727,24.5,24.850000381469727,10.595352172851562,13000
2018-12-05,NCPL,24.850000381469727,24.850000381469727,24.020000457763672,24.440000534057617,10.420539855957031,31500
2018-12-06,NCPL,24.110000610351562,24.110000610351562,24.0,24.06999969482422,10.262781143188477,13000
2018-12-07,NCPL,24.0,24.489999771118164,24.0,24.489999771118164,10.441858291625977,9000
2018-12-10,NCPL,25.25,25.25,25.25,25.25,10.765900611877441,2000
2018-12-11,NCPL,24.979999542236328,24.979999542236328,24.25,24.56999969482422,10.475968360900879,22500
2018-12-12,NCPL,23.899999618530273,24.350000381469727,23.350000381469727,23.989999771118164,10.22867202758789,113000
2018-12-13,NCPL,23.950000762939453,24.0,23.299999237060547,23.600000381469727,10.062387466430664,33500
2018-12-14,NCPL,23.100000381469727,23.850000381469727,23.100000381469727,23.270000457763672,9.921683311462402,31500
2018-12-17,NCPL,23.100000381469727,23.100000381469727,22.75,22.860000610351562,9.746871948242188,92500
2018-12-18,NCPL,22.850000381469727,22.850000381469727,22.0,22.139999389648438,9.4398832321167,198000
2018-12-19,NCPL,21.75,22.0,21.75,21.989999771118164,9.375926971435547,34000
2018-12-20,NCPL,22.100000381469727,22.149999618530273,22.040000915527344,22.049999237060547,9.401509284973145,9000
2018-12-21,NCPL,22.049999237060547,22.049999237060547,21.100000381469727,22.0,9.380191802978516,266500
2018-12-24,NCPL,22.469999313354492,22.649999618530273,22.0,22.5,9.593378067016602,93500
2018-12-25,NCPL,22.5,22.5,22.5,22.5,9.593378067016602,0
2018-12-26,NCPL,22.75,22.889999389648438,22.200000762939453,22.260000228881836,9.491047859191895,52000
2018-12-27,NCPL,22.200000762939453,22.299999237060547,22.0,22.100000381469727,9.42282772064209,87500
2018-12-28,NCPL,22.0,23.200000762939453,21.799999237060547,22.850000381469727,9.742607116699219,186500
2018-12-31,NCPL,22.950000762939453,23.600000381469727,22.549999237060547,23.5,10.019749641418457,5035000
2019-01-01,NCPL,23.59000015258789,23.899999618530273,23.489999771118164,23.5,10.019749641418457,74500
2019-01-02,NCPL,23.489999771118164,23.5,22.799999237060547,23.010000228881836,9.810827255249023,50500
2019-01-03,NCPL,22.600000381469727,23.489999771118164,22.600000381469727,23.40999984741211,9.981375694274902,3000
2019-01-04,NCPL,23.010000228881836,23.700000762939453,23.0,23.420000076293945,9.985638618469238,47500
2019-01-07,NCPL,23.399999618530273,23.399999618530273,23.100000381469727,23.399999618530273,9.97711181640625,21000
2019-01-08,NCPL,23.399999618530273,23.399999618530273,23.25,23.25,9.91315746307373,13000
2019-01-09,NCPL,23.100000381469727,23.25,22.81999969482422,22.850000381469727,9.742607116699219,125000
2019-01-10,NCPL,22.799999237060547,22.81999969482422,22.799999237060547,22.81999969482422,9.729817390441895,3500
2019-01-11,NCPL,22.75,22.850000381469727,22.5,22.5,9.593378067016602,147500
2019-01-14,NCPL,22.719999313354492,22.719999313354492,22.5,22.5,9.593378067016602,10500
2019-01-15,NCPL,22.399999618530273,22.649999618530273,22.399999618530273,22.649999618530273,9.657333374023438,68000
2019-01-16,NCPL,22.989999771118164,22.989999771118164,22.510000228881836,22.510000228881836,9.597641944885254,1000
2019-01-17,NCPL,22.010000228881836,22.299999237060547,22.0,22.010000228881836,9.384454727172852,38000
2019-01-18,NCPL,22.149999618530273,22.34000015258789,22.0,22.010000228881836,9.384454727172852,89500
2019-01-21,NCPL,22.25,22.25,22.0,22.020000457763672,9.388718605041504,87000
2019-01-22,NCPL,22.010000228881836,22.25,22.0,22.200000762939453,9.465466499328613,28500
2019-01-23,NCPL,22.25,22.479999542236328,22.0,22.040000915527344,9.397246360778809,59000
2019-01-24,NCPL,22.5,22.5,22.200000762939453,22.200000762939453,9.465466499328613,27500
2019-01-25,NCPL,22.299999237060547,22.5,22.299999237060547,22.450000762939453,9.57205867767334,23000
2019-01-28,NCPL,22.59000015258789,22.600000381469727,22.5,22.59000015258789,9.63175106048584,23500
2019-01-29,NCPL,22.299999237060547,23.709999084472656,22.299999237060547,23.709999084472656,10.109286308288574,137000
2019-01-30,NCPL,23.75,24.0,23.75,23.989999771118164,10.22867202758789,21500
2019-01-31,NCPL,24.0,24.309999465942383,23.709999084472656,23.739999771118164,10.122078895568848,328000
2019-02-01,NCPL,23.700000762939453,24.299999237060547,23.700000762939453,23.799999237060547,10.147660255432129,9000
2019-02-04,NCPL,23.799999237060547,23.989999771118164,23.799999237060547,23.989999771118164,10.22867202758789,5000
2019-02-05,NCPL,23.989999771118164,23.989999771118164,23.989999771118164,23.989999771118164,10.22867202758789,0
2019-02-06,NCPL,24.25,24.610000610351562,24.0,24.0,10.23293685913086,50000
2019-02-07,NCPL,24.5,24.5,23.899999618530273,23.899999618530273,10.190298080444336,27000
2019-02-08,NCPL,24.5,24.5,23.579999923706055,23.579999923706055,10.053858757019043,26000
2019-02-11,NCPL,23.479999542236328,24.0,23.299999237060547,23.690000534057617,10.100760459899902,93000
2019-02-12,NCPL,23.690000534057617,23.690000534057617,22.510000228881836,22.59000015258789,9.63175106048584,3998000
2019-02-13,NCPL,22.25,22.5,22.0,22.149999618530273,9.444147109985352,115000
2019-02-14,NCPL,22.100000381469727,22.3700008392334,22.0,22.020000457763672,9.388718605041504,59000
2019-02-15,NCPL,22.389999389648438,22.389999389648438,22.100000381469727,22.100000381469727,9.42282772064209,3500
2019-02-18,NCPL,22.600000381469727,22.75,21.899999618530273,22.0,9.380191802978516,959000
2019-02-19,NCPL,22.0,22.0,21.850000381469727,21.850000381469727,9.316235542297363,64000
2019-02-20,NCPL,21.700000762939453,22.889999389648438,21.700000762939453,22.760000228881836,9.70423412322998,50000
2019-02-21,NCPL,22.5,22.5,22.010000228881836,22.200000762939453,9.465466499328613,63000
2019-02-22,NCPL,22.049999237060547,22.469999313354492,22.020000457763672,22.450000762939453,9.57205867767334,6000
2019-02-25,NCPL,21.649999618530273,21.899999618530273,21.5,21.600000381469727,9.20964241027832,44000
2019-02-26,NCPL,20.979999542236328,21.0,20.520000457763672,20.520000457763672,8.749159812927246,1345000
2019-02-27,NCPL,19.559999465942383,21.479999542236328,19.5,21.280000686645508,9.073204040527344,1265000
2019-02-28,NCPL,21.0,21.5,21.0,21.15999984741211,9.022038459777832,93000
2019-03-01,NCPL,21.0,22.209999084472656,21.0,22.200000762939453,9.465466499328613,279500
2019-03-04,NCPL,22.299999237060547,22.600000381469727,22.200000762939453,22.600000381469727,9.636013984680176,42500
2019-03-05,NCPL,22.899999618530273,23.350000381469727,22.309999465942383,23.0,9.806563377380371,169500
2019-03-06,NCPL,23.0,23.0,22.700000762939453,22.760000228881836,9.70423412322998,22000
2019-03-07,NCPL,22.760000228881836,22.760000228881836,22.40999984741211,22.440000534057617,9.567795753479004,21500
2019-03-08,NCPL,22.5,22.989999771118164,22.25,22.799999237060547,9.721287727355957,27000
2019-03-11,NCPL,22.520000457763672,22.799999237060547,22.520000457763672,22.739999771118164,9.695708274841309,6500
2019-03-12,NCPL,22.459999084472656,22.649999618530273,22.0,22.600000381469727,9.636013984680176,211000
2019-03-13,NCPL,22.600000381469727,22.600000381469727,22.209999084472656,22.59000015258789,9.63175106048584,7500
2019-03-14,NCPL,22.309999465942383,22.649999618530273,22.25,22.649999618530273,9.657333374023438,15500
2019-03-15,NCPL,22.350000381469727,22.5,22.139999389648438,22.309999465942383,9.51236629486084,69000
2019-03-18,NCPL,22.690000534057617,22.799999237060547,22.600000381469727,22.729999542236328,9.691442489624023,57500
2019-03-19,NCPL,22.899999618530273,22.93000030517578,22.700000762939453,22.8700008392334,9.751134872436523,37000
2019-03-20,NCPL,22.610000610351562,23.0,22.600000381469727,22.8700008392334,9.751134872436523,135000
2019-03-21,NCPL,22.950000762939453,23.0,22.520000457763672,22.799999237060547,9.721287727355957,78000
2019-03-22,NCPL,22.799999237060547,23.190000534057617,22.549999237060547,22.920000076293945,9.772454261779785,168000
2019-03-25,NCPL,21.549999237060547,22.0,20.950000762939453,21.030000686645508,9.37567138671875,158500
2019-03-26,NCPL,21.450000762939453,21.479999542236328,20.049999237060547,20.399999618530273,9.094801902770996,107000
2019-03-27,NCPL,20.100000381469727,20.489999771118164,20.049999237060547,20.34000015258789,9.068053245544434,59500
2019-03-28,NCPL,20.5,21.350000381469727,20.149999618530273,21.350000381469727,9.518333435058594,127000
2019-03-29,NCPL,21.600000381469727,22.40999984741211,21.1299991607666,21.790000915527344,9.714496612548828,456000
2019-04-01,NCPL,21.5,21.5,20.709999084472656,20.780000686645508,9.264214515686035,85500
2019-04-02,NCPL,20.950000762939453,21.0,20.700000762939453,21.0,9.362295150756836,28000
2019-04-03,NCPL,20.510000228881836,20.520000457763672,19.950000762939453,20.100000381469727,8.961053848266602,97500
2019-04-04,NCPL,19.899999618530273,20.0,19.600000381469727,19.670000076293945,8.769350051879883,23000
2019-04-05,NCPL,19.600000381469727,20.149999618530273,19.600000381469727,20.0,8.916471481323242,123500
2019-04-08,NCPL,19.399999618530273,19.399999618530273,19.0,19.010000228881836,8.475106239318848,144000
2019-04-09,NCPL,19.010000228881836,19.100000381469727,18.5,18.540000915527344,8.265569686889648,1994500
2019-04-10,NCPL,18.5,18.5,17.770000457763672,17.780000686645508,7.926743030548096,242500
2019-04-11,NCPL,17.5,18.780000686645508,17.440000534057617,18.229999542236328,8.127364158630371,175000
2019-04-12,NCPL,17.75,19.219999313354492,17.75,18.6299991607666,8.305693626403809,66000
2019-04-15,NCPL,19.1299991607666,19.600000381469727,18.610000610351562,18.989999771118164,8.466190338134766,63000
2019-04-16,NCPL,19.0,19.100000381469727,18.950000762939453,18.950000762939453,8.448357582092285,52500
2019-04-17,NCPL,18.959999084472656,18.959999084472656,17.950000762939453,17.989999771118164,8.020365715026855,257000
2019-04-18,NCPL,17.81999969482422,18.299999237060547,17.610000610351562,18.1200008392334,8.078323364257812,60000
2019-04-19,NCPL,18.010000228881836,19.0,18.0,18.200000762939453,8.11398983001709,74000
2019-04-22,NCPL,18.700000762939453,18.889999389648438,17.610000610351562,18.020000457763672,8.03374195098877,81000
2019-04-23,NCPL,17.610000610351562,18.0,17.020000457763672,17.200000762939453,7.668166160583496,1202500
2019-04-24,NCPL,17.25,17.719999313354492,17.149999618530273,17.25,7.690456390380859,1123500
2019-04-25,NCPL,17.450000762939453,17.729999542236328,17.020000457763672,17.239999771118164,7.685998916625977,170500
2019-04-26,NCPL,17.5,18.100000381469727,17.489999771118164,17.920000076293945,7.98915958404541,56000
2019-04-29,NCPL,18.40999984741211,18.920000076293945,18.200000762939453,18.3700008392334,8.189780235290527,205500
2019-04-30,NCPL,18.25,19.360000610351562,18.25,19.09000015258789,8.510772705078125,234500
2019-05-01,NCPL,19.09000015258789,19.09000015258789,19.09000015258789,19.09000015258789,8.510772705078125,0
2019-05-02,NCPL,19.649999618530273,19.829999923706055,19.200000762939453,19.31999969482422,8.613310813903809,63000
2019-05-03,NCPL,19.31999969482422,19.31999969482422,19.31999969482422,19.31999969482422,8.613310813903809,0
2019-05-06,NCPL,18.770000457763672,19.0,18.350000381469727,18.350000381469727,8.180864334106445,45000
2019-05-07,NCPL,18.700000762939453,18.700000762939453,18.0,18.010000228881836,8.029284477233887,64000
2019-05-08,NCPL,18.049999237060547,18.049999237060547,17.010000228881836,17.010000228881836,7.583459377288818,313000
2019-05-09,NCPL,17.020000457763672,17.549999237060547,16.809999465942383,16.920000076293945,7.543334484100342,261000
2019-05-10,NCPL,17.0,17.0,16.0,16.40999984741211,7.31596565246582,241500
2019-05-13,NCPL,16.450000762939453,16.450000762939453,15.40999984741211,15.420000076293945,6.874600410461426,620500
2019-05-14,NCPL,15.40999984741211,16.25,15.40999984741211,15.869999885559082,7.075220584869385,768000
2019-05-15,NCPL,16.200000762939453,16.8700008392334,15.899999618530273,16.530000686645508,7.369463920593262,362500
2019-05-16,NCPL,17.5,17.530000686645508,16.0,17.530000686645508,7.81528902053833,412000
2019-05-17,NCPL,17.010000228881836,17.790000915527344,16.729999542236328,16.84000015258789,7.507668972015381,105500
2019-05-20,NCPL,17.0,17.399999618530273,16.799999237060547,16.979999542236328,7.570085048675537,94500
2019-05-21,NCPL,16.899999618530273,17.899999618530273,16.899999618530273,17.0,7.579000949859619,425000
2019-05-22,NCPL,17.5,18.0,17.489999771118164,17.989999771118164,8.020365715026855,713500
2019-05-23,NCPL,18.700000762939453,18.989999771118164,18.049999237060547,18.799999237060547,8.381484031677246,384000
2019-05-24,NCPL,19.399999618530273,19.760000228881836,19.350000381469727,19.56999969482422,8.724766731262207,138000
2019-05-27,NCPL,20.0,20.0,19.0,19.3799991607666,8.640061378479004,73500
2019-05-28,NCPL,19.25,19.25,18.610000610351562,18.65999984741211,8.319068908691406,80000
2019-05-29,NCPL,18.65999984741211,18.65999984741211,18.65999984741211,18.65999984741211,8.319068908691406,0
2019-05-30,NCPL,20.389999389648438,20.25,19.5,19.790000915527344,8.822850227355957,90000
2019-05-31,NCPL,19.790000915527344,19.790000915527344,19.790000915527344,19.790000915527344,8.822850227355957,0
2019-06-03,NCPL,20.450000762939453,20.600000381469727,19.350000381469727,19.40999984741211,8.653436660766602,88500
2019-06-04,NCPL,19.40999984741211,19.40999984741211,19.40999984741211,19.40999984741211,8.653436660766602,0
2019-06-05,NCPL,19.40999984741211,19.40999984741211,19.40999984741211,19.40999984741211,8.653436660766602,0
2019-06-06,NCPL,19.40999984741211,19.40999984741211,19.40999984741211,19.40999984741211,8.653436660766602,0
2019-06-07,NCPL,19.40999984741211,19.40999984741211,19.40999984741211,19.40999984741211,8.653436660766602,0
2019-06-10,NCPL,19.510000228881836,20.399999618530273,19.0,19.43000030517578,8.662352561950684,323000
2019-06-11,NCPL,19.649999618530273,19.799999237060547,18.43000030517578,18.450000762939453,8.225445747375488,1170500
2019-06-12,NCPL,18.649999618530273,19.0,18.049999237060547,18.299999237060547,8.158571243286133,425000
2019-06-13,NCPL,17.75,17.75,17.299999237060547,17.40999984741211,8.210447311401367,457000
2019-06-14,NCPL,17.700000762939453,17.700000762939453,16.799999237060547,16.989999771118164,8.012377738952637,97000
2019-06-17,NCPL,16.649999618530273,16.940000534057617,16.25,16.459999084472656,7.76243257522583,82500
2019-06-18,NCPL,16.5,16.639999389648438,16.299999237060547,16.489999771118164,7.776581764221191,83000
2019-06-19,NCPL,16.549999237060547,16.690000534057617,15.5600004196167,16.5,7.781296730041504,639500
2019-06-20,NCPL,16.049999237060547,16.049999237060547,15.5,15.609999656677246,7.361578464508057,1293500
2019-06-21,NCPL,15.319999694824219,16.25,15.3100004196167,15.920000076293945,7.507772922515869,175500
2019-06-24,NCPL,15.800000190734863,15.800000190734863,15.449999809265137,15.489999771118164,7.30498743057251,478000
2019-06-25,NCPL,15.729999542236328,15.729999542236328,15.350000381469727,15.510000228881836,7.314419746398926,417500
2019-06-26,NCPL,15.529999732971191,16.510000228881836,15.489999771118164,16.440000534057617,7.753001689910889,1558500
2019-06-27,NCPL,16.149999618530273,17.440000534057617,16.0,17.40999984741211,8.210447311401367,4394000
2019-06-28,NCPL,17.010000228881836,17.889999389648438,17.010000228881836,17.40999984741211,8.210447311401367,3933000
2019-07-01,NCPL,17.399999618530273,17.600000381469727,16.700000762939453,17.110000610351562,8.0689697265625,28000
2019-07-02,NCPL,17.5,17.5,17.149999618530273,17.43000030517578,8.219879150390625,32000
2019-07-03,NCPL,17.5,17.700000762939453,17.5,17.610000610351562,8.304766654968262,86500
2019-07-04,NCPL,17.899999618530273,17.899999618530273,17.399999618530273,17.600000381469727,8.30005168914795,44000
2019-07-05,NCPL,17.600000381469727,17.600000381469727,17.600000381469727,17.600000381469727,8.30005168914795,3000
2019-07-08,NCPL,17.5,17.5,17.360000610351562,17.399999618530273,8.205731391906738,19500
2019-07-09,NCPL,17.5,17.5,17.209999084472656,17.219999313354492,8.120843887329102,7000
2019-07-10,NCPL,17.75,17.75,17.600000381469727,17.600000381469727,8.30005168914795,13500
2019-07-11,NCPL,17.75,17.75,17.25,17.399999618530273,8.205731391906738,51500
2019-07-12,NCPL,17.299999237060547,17.299999237060547,17.1200008392334,17.139999389648438,8.08311653137207,24500
2019-07-15,NCPL,17.049999237060547,17.049999237060547,16.5,16.600000381469727,7.828457355499268,35500
2019-07-16,NCPL,17.399999618530273,17.5,17.290000915527344,17.43000030517578,8.219879150390625,35500
2019-07-17,NCPL,17.149999618530273,17.399999618530273,16.709999084472656,17.399999618530273,8.205731391906738,32500
2019-07-18,NCPL,17.399999618530273,17.399999618530273,16.649999618530273,16.690000534057617,7.870899677276611,17500
2019-07-19,NCPL,17.0,17.0,16.5,16.979999542236328,8.007661819458008,41500
2019-07-22,NCPL,16.549999237060547,16.989999771118164,16.549999237060547,16.899999618530273,7.969933986663818,4000
2019-07-23,NCPL,16.889999389648438,17.0,16.889999389648438,17.0,8.017094612121582,6500
2019-07-24,NCPL,17.0,17.149999618530273,16.5,16.899999618530273,7.969933986663818,50000
2019-07-25,NCPL,17.0,17.0,16.709999084472656,16.709999084472656,7.880331993103027,13000
2019-07-26,NCPL,16.75,16.899999618530273,16.610000610351562,16.649999618530273,7.852035999298096,16500
2019-07-29,NCPL,16.709999084472656,16.75,16.610000610351562,16.75,7.899195671081543,12000
2019-07-30,NCPL,17.209999084472656,17.0,16.709999084472656,16.709999084472656,7.880331993103027,9500
2019-07-31,NCPL,16.739999771118164,17.0,16.739999771118164,17.0,8.017094612121582,3500
2019-08-01,NCPL,17.25,17.25,17.030000686645508,17.030000686645508,8.031241416931152,2500
2019-08-02,NCPL,17.0,17.0,16.850000381469727,17.0,8.017094612121582,20500
2019-08-05,NCPL,16.75,16.899999618530273,16.3700008392334,16.899999618530273,7.969933986663818,57000
2019-08-06,NCPL,16.610000610351562,16.610000610351562,15.930000305175781,15.979999542236328,7.536068916320801,429500
2019-08-07,NCPL,15.59000015258789,15.59000015258789,14.979999542236328,15.020000457763672,7.083339214324951,500000
2019-08-08,NCPL,14.880000114440918,14.880000114440918,14.210000038146973,14.579999923706055,6.8758368492126465,194000
2019-08-09,NCPL,14.640000343322754,14.800000190734863,14.600000381469727,14.720000267028809,6.941859722137451,7500
2019-08-12,NCPL,14.720000267028809,14.720000267028809,14.720000267028809,14.720000267028809,6.941859722137451,0
2019-08-13,NCPL,14.720000267028809,14.720000267028809,14.720000267028809,14.720000267028809,6.941859722137451,0
2019-08-14,NCPL,14.720000267028809,14.720000267028809,14.720000267028809,14.720000267028809,6.941859722137451,0
2019-08-15,NCPL,14.720000267028809,14.720000267028809,14.720000267028809,14.720000267028809,6.941859722137451,0
2019-08-16,NCPL,15.449999809265137,15.449999809265137,14.75,15.0,7.073906898498535,21000
2019-08-19,NCPL,15.399999618530273,16.0,15.399999618530273,16.0,7.5455002784729,120500
2019-08-20,NCPL,16.049999237060547,16.299999237060547,16.030000686645508,16.100000381469727,7.592659950256348,6500
2019-08-21,NCPL,16.399999618530273,16.889999389648438,16.399999618530273,16.469999313354492,7.767149925231934,22500
2019-08-22,NCPL,16.100000381469727,16.8799991607666,16.0,16.290000915527344,7.682262420654297,302000
2019-08-23,NCPL,16.559999465942383,16.559999465942383,15.649999618530273,15.829999923706055,7.465328693389893,286000
2019-08-26,NCPL,15.5,16.149999618530273,15.5,16.149999618530273,7.616239547729492,4500
2019-08-27,NCPL,16.0,16.34000015258789,15.770000457763672,16.139999389648438,7.611522674560547,25500
2019-08-28,NCPL,16.020000457763672,16.049999237060547,15.920000076293945,15.989999771118164,7.540783882141113,90000
2019-08-29,NCPL,16.0,16.0,15.5,15.609999656677246,7.361578464508057,40500
2019-08-30,NCPL,15.600000381469727,15.75,15.449999809265137,15.449999809265137,7.286123752593994,66500
2019-09-02,NCPL,15.890000343322754,16.290000915527344,15.649999618530273,16.079999923706055,7.583227634429932,82000
2019-09-03,NCPL,15.800000190734863,16.0,15.699999809265137,16.0,7.5455002784729,13500
2019-09-04,NCPL,16.0,16.200000762939453,15.850000381469727,16.020000457763672,7.554932594299316,251500
2019-09-05,NCPL,16.0,16.0,16.0,16.0,7.5455002784729,71000
2019-09-06,NCPL,15.899999618530273,16.209999084472656,15.899999618530273,16.209999084472656,7.644534587860107,6000
2019-09-09,NCPL,16.209999084472656,16.209999084472656,16.209999084472656,16.209999084472656,7.644534587860107,0
2019-09-10,NCPL,16.209999084472656,16.209999084472656,16.209999084472656,16.209999084472656,7.644534587860107,0
2019-09-11,NCPL,15.899999618530273,16.100000381469727,15.899999618530273,16.100000381469727,7.592659950256348,5500
2019-09-12,NCPL,16.239999771118164,16.450000762939453,15.850000381469727,16.399999618530273,7.734138011932373,33000
2019-09-13,NCPL,16.25,16.399999618530273,16.25,16.34000015258789,7.705841541290283,23000
2019-09-16,NCPL,16.299999237060547,16.299999237060547,16.0,16.0,7.5455002784729,279500
2019-09-17,NCPL,16.479999542236328,16.479999542236328,16.0,16.010000228881836,7.550216197967529,36000
2019-09-18,NCPL,16.049999237060547,16.25,16.0,16.25,7.663398265838623,102000
2019-09-19,NCPL,16.260000228881836,16.540000915527344,16.15999984741211,16.459999084472656,7.76243257522583,55000
2019-09-20,NCPL,16.5,16.690000534057617,16.440000534057617,16.440000534057617,7.753001689910889,25500
2019-09-23,NCPL,16.09000015258789,16.399999618530273,16.09000015258789,16.209999084472656,7.644534587860107,36500
2019-09-24,NCPL,16.25,16.5,16.010000228881836,16.100000381469727,7.592659950256348,21000
2019-09-25,NCPL,16.31999969482422,16.399999618530273,16.100000381469727,16.100000381469727,7.592659950256348,21000
2019-09-26,NCPL,16.010000228881836,16.350000381469727,15.899999618530273,16.350000381469727,7.710557460784912,64000
2019-09-27,NCPL,16.299999237060547,17.25,16.299999237060547,16.920000076293945,7.979365348815918,164000
2019-09-30,NCPL,16.549999237060547,17.920000076293945,16.5,17.350000381469727,8.18215274810791,637000
2019-10-01,NCPL,16.549999237060547,17.799999237060547,16.399999618530273,17.1200008392334,8.073685646057129,434000
2019-10-02,NCPL,17.0,17.440000534057617,16.899999618530273,17.25,8.134992599487305,56500
2019-10-03,NCPL,17.239999771118164,17.239999771118164,16.899999618530273,17.0,8.017094612121582,72000
2019-10-04,NCPL,16.90999984741211,17.0,16.600000381469727,16.770000457763672,7.908627033233643,88000
2019-10-07,NCPL,16.969999313354492,17.579999923706055,16.969999313354492,17.389999389648438,8.20101547241211,111500
2019-10-08,NCPL,17.5,18.389999389648438,17.5,18.15999984741211,8.564143180847168,264000
2019-10-09,NCPL,18.350000381469727,18.350000381469727,17.700000762939453,18.0,8.488687515258789,87000
2019-10-10,NCPL,18.200000762939453,18.200000762939453,17.989999771118164,18.100000381469727,8.535846710205078,182000
2019-10-11,NCPL,18.100000381469727,18.450000762939453,17.520000457763672,18.049999237060547,8.512267112731934,41500
2019-10-14,NCPL,17.75,17.75,17.700000762939453,17.700000762939453,8.347209930419922,4500
2019-10-15,NCPL,17.510000228881836,17.649999618530273,17.510000228881836,17.549999237060547,8.276470184326172,2500
2019-10-16,NCPL,17.510000228881836,17.989999771118164,17.510000228881836,17.989999771118164,8.48397159576416,2500
2019-10-17,NCPL,17.229999542236328,17.5,16.989999771118164,16.989999771118164,8.012377738952637,424000
2019-10-18,NCPL,16.5,16.8799991607666,16.309999465942383,16.610000610351562,7.83317232131958,92000
2019-10-21,NCPL,16.350000381469727,16.549999237060547,16.299999237060547,16.5,7.781296730041504,23000
2019-10-22,NCPL,16.399999618530273,16.399999618530273,16.299999237060547,16.299999237060547,7.686977863311768,9500
2019-10-23,NCPL,16.299999237060547,16.450000762939453,16.200000762939453,16.200000762939453,7.639820098876953,14500
2019-10-24,NCPL,16.25,16.25,16.209999084472656,16.25,7.663398265838623,92500
2019-10-25,NCPL,15.25,16.25,15.25,16.25,7.663398265838623,37000
2019-10-28,NCPL,16.25,16.260000228881836,16.079999923706055,16.25,7.663398265838623,62500
2019-10-29,NCPL,16.25,16.299999237060547,16.200000762939453,16.229999542236328,7.653965950012207,50500
2019-10-30,NCPL,16.75,16.75,16.110000610351562,16.219999313354492,7.649250507354736,293000
2019-10-31,NCPL,16.219999313354492,16.799999237060547,16.200000762939453,16.299999237060547,7.686977863311768,169500
2019-11-01,NCPL,16.25,16.440000534057617,16.200000762939453,16.260000228881836,7.668115139007568,149500
2019-11-04,NCPL,16.399999618530273,16.469999313354492,16.25,16.260000228881836,7.668115139007568,345000
2019-11-05,NCPL,16.350000381469727,16.489999771118164,16.209999084472656,16.25,7.663398265838623,67500
2019-11-06,NCPL,16.5,16.940000534057617,16.299999237060547,16.360000610351562,7.715274333953857,486000
2019-11-07,NCPL,16.350000381469727,16.799999237060547,16.149999618530273,16.350000381469727,7.710557460784912,174000
2019-11-08,NCPL,16.690000534057617,16.700000762939453,16.360000610351562,16.399999618530273,7.734138011932373,110500
2019-11-11,NCPL,16.549999237060547,17.399999618530273,16.450000762939453,17.399999618530273,8.205731391906738,2173500
2019-11-12,NCPL,18.25,18.399999618530273,18.0,18.059999465942383,8.516983032226562,1257000
2019-11-13,NCPL,17.979999542236328,18.200000762939453,17.610000610351562,18.0,8.488687515258789,277500
2019-11-14,NCPL,18.100000381469727,18.600000381469727,17.860000610351562,17.989999771118164,8.48397159576416,241500
2019-11-15,NCPL,18.3799991607666,18.3799991607666,17.899999618530273,18.1299991607666,8.549994468688965,84000
2019-11-18,NCPL,18.489999771118164,19.1299991607666,18.399999618530273,19.1200008392334,9.01687240600586,739000
2019-11-19,NCPL,19.489999771118164,19.510000228881836,18.950000762939453,19.200000762939453,9.054600715637207,552000
2019-11-20,NCPL,19.049999237060547,19.600000381469727,18.770000457763672,18.81999969482422,8.875394821166992,252000
2019-11-21,NCPL,19.290000915527344,19.290000915527344,18.299999237060547,18.40999984741211,8.68204116821289,291000
2019-11-22,NCPL,18.5,19.049999237060547,18.5,18.940000534057617,8.931985855102539,109000
2019-11-25,NCPL,18.799999237060547,19.0,18.700000762939453,18.8799991607666,8.903690338134766,52500
2019-11-26,NCPL,19.0,19.0,18.1200008392334,18.469999313354492,8.71033763885498,143500
2019-11-27,NCPL,18.5,18.690000534057617,18.1200008392334,18.579999923706055,8.762212753295898,71000
2019-11-28,NCPL,18.579999923706055,19.0,18.579999923706055,18.719999313354492,8.828234672546387,145500
2019-11-29,NCPL,18.989999771118164,19.25,18.770000457763672,19.110000610351562,9.012157440185547,202000
2019-12-02,NCPL,18.860000610351562,19.299999237060547,18.799999237060547,19.149999618530273,9.031021118164062,73000
2019-12-03,NCPL,19.149999618530273,19.989999771118164,19.049999237060547,19.25,9.078180313110352,425000
2019-12-04,NCPL,20.239999771118164,20.25,19.5,19.739999771118164,9.309261322021484,928000
2019-12-05,NCPL,20.100000381469727,20.25,19.600000381469727,19.8799991607666,9.375283241271973,652500
2019-12-06,NCPL,20.469999313354492,20.469999313354492,19.450000762939453,19.489999771118164,9.191363334655762,277500
2019-12-09,NCPL,19.25,19.790000915527344,19.25,19.530000686645508,9.210227012634277,198500
2019-12-10,NCPL,19.5,19.770000457763672,19.299999237060547,19.549999237060547,9.219657897949219,89500
2019-12-11,NCPL,19.610000610351562,19.649999618530273,19.450000762939453,19.600000381469727,9.24323844909668,347500
2019-12-12,NCPL,19.889999389648438,19.889999389648438,19.25,19.559999465942383,9.224373817443848,164500
2019-12-13,NCPL,19.600000381469727,19.600000381469727,19.25,19.489999771118164,9.191363334655762,294500
2019-12-16,NCPL,19.700000762939453,19.969999313354492,19.5,19.56999969482422,9.229089736938477,846500
2019-12-17,NCPL,19.5,19.5,19.239999771118164,19.350000381469727,9.125338554382324,106500
2019-12-18,NCPL,19.100000381469727,19.700000762939453,19.079999923706055,19.100000381469727,9.007441520690918,232500
2019-12-19,NCPL,19.1299991607666,19.1299991607666,18.75,18.760000228881836,8.847099304199219,317500
2019-12-20,NCPL,18.5,19.5,18.299999237060547,19.43000030517578,9.163065910339355,156000
2019-12-23,NCPL,19.600000381469727,19.600000381469727,18.600000381469727,18.649999618530273,8.795223236083984,23500
2019-12-24,NCPL,18.399999618530273,19.0,18.0,18.989999771118164,8.955565452575684,74000
2019-12-25,NCPL,18.989999771118164,18.989999771118164,18.989999771118164,18.989999771118164,8.955565452575684,0
2019-12-26,NCPL,18.5,19.399999618530273,18.5,19.3700008392334,9.134772300720215,202500
2019-12-27,NCPL,18.510000228881836,19.68000030517578,18.510000228881836,18.770000457763672,8.851815223693848,106500
2019-12-30,NCPL,19.100000381469727,19.690000534057617,19.010000228881836,19.510000228881836,9.200794219970703,185000
2019-12-31,NCPL,19.790000915527344,19.790000915527344,19.030000686645508,19.200000762939453,9.054600715637207,198000
2020-01-01,NCPL,19.469999313354492,19.56999969482422,19.260000228881836,19.309999465942383,9.106475830078125,61000
2020-01-02,NCPL,19.489999771118164,20.100000381469727,19.489999771118164,19.81999969482422,9.346988677978516,804000
2020-01-03,NCPL,19.75,19.989999771118164,19.399999618530273,19.479999542236328,9.186646461486816,126500
2020-01-06,NCPL,19.0,19.290000915527344,18.75,18.979999542236328,8.950849533081055,259500
2020-01-07,NCPL,19.299999237060547,19.350000381469727,18.799999237060547,19.010000228881836,8.964997291564941,91000
2020-01-08,NCPL,19.020000457763672,19.020000457763672,18.65999984741211,18.889999389648438,8.908406257629395,59500
2020-01-09,NCPL,19.5,19.5,18.5,18.75,8.842382431030273,191000
2020-01-10,NCPL,19.049999237060547,19.200000762939453,18.010000228881836,19.010000228881836,8.964997291564941,33500
2020-01-13,NCPL,19.0,19.200000762939453,18.81999969482422,18.989999771118164,8.955565452575684,48500
2020-01-14,NCPL,19.34000015258789,19.34000015258789,18.600000381469727,18.719999313354492,8.828234672546387,229000
2020-01-15,NCPL,19.200000762939453,19.200000762939453,18.5,18.670000076293945,8.804656028747559,50000
2020-01-16,NCPL,18.670000076293945,18.989999771118164,18.670000076293945,18.739999771118164,8.837666511535645,40000
2020-01-17,NCPL,18.399999618530273,18.75,18.100000381469727,18.34000015258789,8.649028778076172,120500
2020-01-20,NCPL,18.34000015258789,18.5,17.850000381469727,17.850000381469727,8.417948722839355,153000
2020-01-21,NCPL,17.610000610351562,18.489999771118164,17.610000610351562,18.299999237060547,8.630165100097656,48500
2020-01-22,NCPL,18.299999237060547,18.299999237060547,17.700000762939453,18.139999389648438,8.554710388183594,35500
2020-01-23,NCPL,18.25,18.479999542236328,17.899999618530273,18.09000015258789,8.531131744384766,30000
2020-01-24,NCPL,18.0,18.389999389648438,17.920000076293945,18.25,8.606586456298828,13500
2020-01-27,NCPL,17.860000610351562,18.079999923706055,17.860000610351562,18.010000228881836,8.493404388427734,49000
2020-01-28,NCPL,18.0,18.0,18.0,18.0,8.488687515258789,20000
2020-01-29,NCPL,18.010000228881836,18.010000228881836,17.5,17.639999389648438,8.318914413452148,83500
2020-01-30,NCPL,17.5,17.989999771118164,17.450000762939453,17.899999618530273,8.4415283203125,9500
2020-01-31,NCPL,17.979999542236328,18.190000534057617,17.0,17.5,8.252890586853027,84500
2020-02-03,NCPL,17.149999618530273,17.149999618530273,16.719999313354492,16.760000228881836,7.903911590576172,83500
2020-02-04,NCPL,16.399999618530273,17.5,16.399999618530273,17.049999237060547,8.04067325592041,117500
2020-02-05,NCPL,17.049999237060547,17.049999237060547,17.049999237060547,17.049999237060547,8.04067325592041,0
2020-02-06,NCPL,17.0,17.0,16.600000381469727,16.75,7.899195671081543,90500
2020-02-07,NCPL,16.799999237060547,16.81999969482422,16.200000762939453,16.34000015258789,7.705841541290283,140500
2020-02-10,NCPL,16.5,16.5,15.850000381469727,16.06999969482422,7.578512191772461,123500
2020-02-11,NCPL,16.950000762939453,16.950000762939453,15.850000381469727,16.030000686645508,7.559648513793945,105500
2020-02-12,NCPL,16.5,16.600000381469727,16.0,16.030000686645508,7.559648513793945,141000
2020-02-13,NCPL,16.100000381469727,16.100000381469727,15.699999809265137,15.789999961853027,7.446465015411377,465500
2020-02-14,NCPL,15.949999809265137,16.100000381469727,15.75,16.040000915527344,7.564364910125732,81500
2020-02-17,NCPL,16.100000381469727,16.100000381469727,15.800000190734863,16.059999465942383,7.573795318603516,36500
2020-02-18,NCPL,16.030000686645508,16.25,15.75,16.190000534057617,7.635103225708008,128000
2020-02-19,NCPL,16.399999618530273,16.479999542236328,16.049999237060547,16.049999237060547,7.569079875946045,24500
2020-02-20,NCPL,16.5,16.5,16.1200008392334,16.1200008392334,7.602091312408447,16000
2020-02-21,NCPL,16.479999542236328,16.479999542236328,15.800000190734863,16.0,7.5455002784729,35000
2020-02-24,NCPL,15.949999809265137,16.239999771118164,15.550000190734863,15.8100004196167,7.455897331237793,50500
2020-02-25,NCPL,15.899999618530273,16.09000015258789,15.550000190734863,15.699999809265137,7.404021739959717,17500
2020-02-26,NCPL,16.25,16.25,15.5,15.5600004196167,7.33799934387207,58500
2020-02-27,NCPL,15.550000190734863,15.949999809265137,15.119999885559082,15.25,7.191804885864258,261000
2020-02-28,NCPL,15.149999618530273,15.25,15.119999885559082,15.140000343322754,7.139929294586182,60500
2020-03-02,NCPL,15.149999618530273,15.5,15.100000381469727,15.25,7.191804885864258,123000
2020-03-03,NCPL,15.59000015258789,15.6899995803833,14.899999618530273,15.329999923706055,7.229532241821289,219500
2020-03-04,NCPL,15.4399995803833,15.449999809265137,15.0,15.010000228881836,7.078622341156006,201500
2020-03-05,NCPL,15.050000190734863,15.25,15.0,15.010000228881836,7.078622341156006,246500
2020-03-06,NCPL,15.0,15.25,14.550000190734863,14.680000305175781,6.922996520996094,206000
2020-03-09,NCPL,14.899999618530273,14.899999618530273,13.949999809265137,14.010000228881836,6.607028484344482,242000
2020-03-10,NCPL,14.380000114440918,14.390000343322754,13.850000381469727,14.0600004196167,6.630608558654785,111000
2020-03-11,NCPL,14.0,14.300000190734863,13.90999984741211,14.0,6.602313041687012,125000
2020-03-12,NCPL,14.149999618530273,14.170000076293945,13.5,13.510000228881836,6.371231555938721,139500
2020-03-13,NCPL,13.300000190734863,13.699999809265137,13.010000228881836,13.5,6.366515636444092,67500
2020-03-16,NCPL,13.300000190734863,13.5,12.5,12.630000114440918,5.9562296867370605,349000
2020-03-17,NCPL,12.5,12.800000190734863,12.300000190734863,12.319999694824219,5.810035228729248,149500
2020-03-18,NCPL,12.800000190734863,12.800000190734863,11.319999694824219,11.329999923706055,5.3431572914123535,873500
2020-03-19,NCPL,10.34000015258789,11.34000015258789,10.329999923706055,10.329999923706055,4.87156343460083,891000
2020-03-20,NCPL,10.699999809265137,10.75,9.970000267028809,10.65999984741211,5.027189254760742,888500
2020-03-23,NCPL,10.65999984741211,10.65999984741211,10.65999984741211,10.65999984741211,5.027189254760742,0
2020-03-24,NCPL,9.770000457763672,9.899999618530273,9.65999984741211,9.680000305175781,4.565027713775635,272000
2020-03-25,NCPL,10.170000076293945,10.449999809265137,9.75,9.920000076293945,4.678210258483887,30000
2020-03-26,NCPL,10.0,10.880000114440918,9.5,9.609999656677246,4.532015800476074,578500
2020-03-27,NCPL,9.899999618530273,10.609999656677246,9.550000190734863,10.539999961853027,4.970598220825195,476000
2020-03-30,NCPL,10.75,11.25,10.109999656677246,11.050000190734863,5.211111068725586,566500
2020-03-31,NCPL,11.0,12.050000190734863,11.0,12.010000228881836,5.663841724395752,972500
2020-04-01,NCPL,11.75,13.0,11.75,12.880000114440918,6.074127674102783,362500
2020-04-02,NCPL,12.800000190734863,13.880000114440918,12.520000457763672,13.770000457763672,6.493846416473389,822500
2020-04-03,NCPL,14.300000190734863,14.300000190734863,13.600000381469727,13.789999961853027,6.503277778625488,230000
2020-04-06,NCPL,13.899999618530273,13.899999618530273,12.800000190734863,12.819999694824219,6.04583215713501,207500
2020-04-07,NCPL,12.75,13.199999809265137,12.5,12.720000267028809,5.9986724853515625,63000
2020-04-08,NCPL,12.899999618530273,12.979999542236328,12.600000381469727,12.979999542236328,6.121286392211914,26500
2020-04-09,NCPL,12.970000267028809,13.479999542236328,12.970000267028809,13.210000038146973,6.229753494262695,189500
2020-04-10,NCPL,13.0600004196167,13.100000381469727,12.949999809265137,13.0,6.13071870803833,104000
2020-04-13,NCPL,12.5,12.59000015258789,12.0,12.0,5.659125328063965,743500
2020-04-14,NCPL,12.199999809265137,12.239999771118164,11.880000114440918,12.140000343322754,5.7251482009887695,56000
2020-04-15,NCPL,12.010000228881836,12.25,12.0,12.109999656677246,5.711000442504883,28500
2020-04-16,NCPL,12.0,12.0,11.5,11.960000038146973,5.640261650085449,180000
2020-04-17,NCPL,12.399999618530273,12.960000038146973,12.300000190734863,12.960000038146973,6.1118550300598145,316000
2020-04-20,NCPL,13.239999771118164,13.399999618530273,12.5,12.90999984741211,6.08827543258667,49000
2020-04-21,NCPL,12.899999618530273,12.899999618530273,12.600000381469727,12.600000381469727,5.942081928253174,39000
2020-04-22,NCPL,12.600000381469727,12.600000381469727,12.0,12.289999961853027,5.795887470245361,176500
2020-04-23,NCPL,12.149999618530273,12.75,12.100000381469727,12.680000305175781,5.979808807373047,124000
2020-04-24,NCPL,12.680000305175781,12.850000381469727,12.399999618530273,12.8100004196167,6.041116237640381,80000
2020-04-27,NCPL,12.850000381469727,12.880000114440918,12.65999984741211,12.65999984741211,5.970376968383789,7500
2020-04-28,NCPL,12.600000381469727,13.300000190734863,12.600000381469727,13.170000076293945,6.2108893394470215,108500
2020-04-29,NCPL,13.300000190734863,14.149999618530273,13.0,13.199999809265137,6.225037574768066,424500
2020-04-30,NCPL,13.229999542236328,13.5,13.0,13.119999885559082,6.187310695648193,462500
2020-05-01,NCPL,13.119999885559082,13.119999885559082,13.119999885559082,13.119999885559082,6.187310695648193,0
2020-05-04,NCPL,13.199999809265137,13.199999809265137,12.600000381469727,12.75,6.012820720672607,262000
2020-05-05,NCPL,12.800000190734863,13.0,12.630000114440918,12.779999732971191,6.026968479156494,81500
2020-05-06,NCPL,12.84000015258789,13.0,12.680000305175781,12.720000267028809,5.9986724853515625,219000
2020-05-07,NCPL,12.800000190734863,12.979999542236328,12.609999656677246,12.680000305175781,5.979808807373047,141000
2020-05-08,NCPL,12.800000190734863,12.859999656677246,12.680000305175781,12.75,6.012820720672607,40500
2020-05-11,NCPL,12.850000381469727,12.850000381469727,12.399999618530273,12.489999771118164,5.8902058601379395,45000
2020-05-12,NCPL,12.649999618530273,12.75,12.199999809265137,12.4399995803833,5.866625785827637,138000
2020-05-13,NCPL,12.25,12.399999618530273,12.020000457763672,12.25,5.7770233154296875,120000
2020-05-14,NCPL,12.25,12.449999809265137,12.100000381469727,12.25,5.7770233154296875,45000
2020-05-15,NCPL,12.15999984741211,12.199999809265137,12.100000381469727,12.15999984741211,5.734580039978027,51500
2020-05-18,NCPL,12.390000343322754,12.390000343322754,12.130000114440918,12.149999618530273,5.729864120483398,46500
2020-05-19,NCPL,12.15999984741211,12.350000381469727,12.149999618530273,12.350000381469727,5.824183464050293,119000
2020-05-20,NCPL,12.489999771118164,12.75,12.300000190734863,12.5,5.894922733306885,250500
2020-05-21,NCPL,12.5,12.699999809265137,12.5,12.579999923706055,5.932649612426758,164500
2020-05-22,NCPL,12.579999923706055,12.579999923706055,12.579999923706055,12.579999923706055,5.932649612426758,0
2020-05-25,NCPL,12.579999923706055,12.579999923706055,12.579999923706055,12.579999923706055,5.932649612426758,0
2020-05-26,NCPL,12.579999923706055,12.579999923706055,12.579999923706055,12.579999923706055,5.932649612426758,0
2020-05-27,NCPL,12.579999923706055,12.579999923706055,12.579999923706055,12.579999923706055,5.932649612426758,0
2020-05-28,NCPL,12.539999961853027,12.800000190734863,12.539999961853027,12.6899995803833,5.984524726867676,91000
2020-05-29,NCPL,12.65999984741211,12.800000190734863,12.600000381469727,12.699999809265137,5.989240646362305,46000
2020-06-01,NCPL,12.989999771118164,12.989999771118164,12.5,12.680000305175781,5.979808807373047,149500
2020-06-02,NCPL,12.899999618530273,12.899999618530273,12.600000381469727,12.800000190734863,6.03640079498291,118000
2020-06-03,NCPL,12.84000015258789,12.84000015258789,12.520000457763672,12.619999885559082,5.951513290405273,27000
2020-06-04,NCPL,12.779999732971191,12.899999618530273,12.5600004196167,12.649999618530273,5.96566104888916,58500
2020-06-05,NCPL,12.609999656677246,12.899999618530273,12.609999656677246,12.789999961853027,6.031683921813965,63500
2020-06-08,NCPL,12.789999961853027,12.800000190734863,12.600000381469727,12.680000305175781,5.979808807373047,34500
2020-06-09,NCPL,12.5600004196167,12.779999732971191,12.520000457763672,12.640000343322754,5.960945129394531,54000
2020-06-10,NCPL,12.550000190734863,12.989999771118164,12.550000190734863,12.899999618530273,6.083559989929199,86500
2020-06-11,NCPL,12.600000381469727,13.0,12.600000381469727,13.0,6.13071870803833,56000
2020-06-12,NCPL,12.550000190734863,13.09000015258789,12.550000190734863,13.0,6.13071870803833,55000
2020-06-15,NCPL,12.5,12.649999618530273,12.199999809265137,12.489999771118164,5.8902058601379395,599500
2020-06-16,NCPL,12.649999618530273,12.649999618530273,12.460000038146973,12.550000190734863,5.918501377105713,14000
2020-06-17,NCPL,12.649999618530273,12.800000190734863,12.649999618530273,12.699999809265137,5.989240646362305,286500
2020-06-18,NCPL,12.75,12.75,12.119999885559082,12.449999809265137,5.871342182159424,3542000
2020-06-19,NCPL,12.470000267028809,12.470000267028809,12.399999618530273,12.430000305175781,5.861910820007324,5000
2020-06-22,NCPL,12.050000190734863,12.350000381469727,12.0,12.199999809265137,5.753444194793701,81000
2020-06-23,NCPL,12.199999809265137,12.5,12.199999809265137,12.329999923706055,5.814751148223877,57000
2020-06-24,NCPL,12.300000190734863,12.449999809265137,12.300000190734863,12.359999656677246,5.828898906707764,66500
2020-06-25,NCPL,12.359999656677246,13.199999809265137,12.25,12.869999885559082,6.069411277770996,478000
2020-06-26,NCPL,12.899999618530273,13.869999885559082,12.899999618530273,13.829999923706055,6.522141933441162,700500
2020-06-29,NCPL,13.149999618530273,14.859999656677246,13.149999618530273,14.5,6.838109493255615,880000
2020-06-30,NCPL,14.199999809265137,15.579999923706055,13.930000305175781,15.119999885559082,7.130496978759766,1922500
2020-07-01,NCPL,14.899999618530273,14.970000267028809,14.399999618530273,14.600000381469727,6.8852691650390625,72500
2020-07-02,NCPL,14.800000190734863,14.800000190734863,14.199999809265137,14.229999542236328,6.710779190063477,105000
2020-07-03,NCPL,14.699999809265137,14.699999809265137,14.210000038146973,14.210000038146973,6.701347351074219,17000
2020-07-06,NCPL,14.579999923706055,14.579999923706055,14.140000343322754,14.40999984741211,6.795665740966797,63000
2020-07-07,NCPL,14.449999809265137,14.59000015258789,14.199999809265137,14.239999771118164,6.715494632720947,66000
2020-07-08,NCPL,14.479999542236328,14.600000381469727,13.979999542236328,14.0,6.602313041687012,193000
2020-07-09,NCPL,14.100000381469727,14.6899995803833,13.899999618530273,14.520000457763672,6.847540855407715,1169000
2020-07-10,NCPL,14.6899995803833,14.6899995803833,14.300000190734863,14.359999656677246,6.772086143493652,188000
2020-07-13,NCPL,14.220000267028809,14.270000457763672,14.15999984741211,14.25,6.720211029052734,193000
2020-07-14,NCPL,14.109999656677246,14.59000015258789,14.109999656677246,14.329999923706055,6.757938861846924,143000
2020-07-15,NCPL,14.15999984741211,14.5,14.15999984741211,14.210000038146973,6.701347351074219,221500
2020-07-16,NCPL,14.25,14.34000015258789,14.050000190734863,14.100000381469727,6.649472236633301,96500
2020-07-17,NCPL,14.399999618530273,14.399999618530273,14.100000381469727,14.180000305175781,6.687199115753174,20000
2020-07-20,NCPL,14.25,14.649999618530273,14.180000305175781,14.579999923706055,6.8758368492126465,469500
2020-07-21,NCPL,14.34000015258789,14.989999771118164,14.34000015258789,14.829999923706055,6.993735313415527,520000
2020-07-22,NCPL,14.850000381469727,14.949999809265137,14.5600004196167,14.59000015258789,6.880552768707275,190000
2020-07-23,NCPL,14.5,14.75,14.460000038146973,14.5,6.838109493255615,88500
2020-07-24,NCPL,14.5,14.5,14.149999618530273,14.479999542236328,6.828677177429199,29000
2020-07-27,NCPL,14.229999542236328,14.800000190734863,14.229999542236328,14.699999809265137,6.932428359985352,256000
2020-07-28,NCPL,14.699999809265137,14.989999771118164,14.550000190734863,14.619999885559082,6.8947014808654785,75000
2020-07-29,NCPL,14.550000190734863,15.0,14.5,14.619999885559082,6.8947014808654785,299500
2020-07-30,NCPL,14.59000015258789,14.869999885559082,14.5,14.510000228881836,6.842825412750244,155000
2020-07-31,NCPL,14.510000228881836,14.510000228881836,14.510000228881836,14.510000228881836,6.842825412750244,0
2020-08-03,NCPL,14.75,14.899999618530273,14.600000381469727,14.850000381469727,7.003167629241943,956000
2020-08-04,NCPL,14.75,15.25,14.609999656677246,15.020000457763672,7.083339214324951,1015500
2020-08-05,NCPL,14.600000381469727,15.289999961853027,14.600000381469727,15.149999618530273,7.1446452140808105,441000
2020-08-06,NCPL,15.100000381469727,15.199999809265137,14.75,14.979999542236328,7.064474582672119,98500
2020-08-07,NCPL,14.949999809265137,15.149999618530273,14.819999694824219,14.899999618530273,7.02674674987793,156500
2020-08-10,NCPL,15.0,15.0,14.699999809265137,14.779999732971191,6.970155715942383,149500
2020-08-11,NCPL,15.010000228881836,15.880000114440918,15.0,15.880000114440918,7.4889092445373535,1870500
2020-08-12,NCPL,16.649999618530273,16.799999237060547,15.899999618530273,15.970000267028809,7.5313520431518555,2119500
2020-08-13,NCPL,16.030000686645508,16.149999618530273,15.369999885559082,15.649999618530273,7.380442142486572,1303000
2020-08-14,NCPL,15.649999618530273,15.649999618530273,15.649999618530273,15.649999618530273,7.380442142486572,0
2020-08-17,NCPL,15.350000381469727,16.81999969482422,15.350000381469727,16.81999969482422,7.9322075843811035,2761500
2020-08-18,NCPL,17.25,17.31999969482422,15.920000076293945,16.06999969482422,7.578512191772461,5962000
2020-08-19,NCPL,16.260000228881836,16.389999389648438,14.949999809265137,15.119999885559082,7.130496978759766,3039500
2020-08-20,NCPL,15.390000343322754,15.390000343322754,14.5,14.670000076293945,6.918281078338623,5567000
2020-08-21,NCPL,14.609999656677246,15.09000015258789,14.5,14.619999885559082,6.8947014808654785,5531000
2020-08-24,NCPL,14.550000190734863,14.75,14.399999618530273,14.4399995803833,6.809813499450684,525000
2020-08-25,NCPL,14.670000076293945,14.670000076293945,14.319999694824219,14.619999885559082,6.8947014808654785,768000
2020-08-26,NCPL,14.75,14.800000190734863,14.430000305175781,14.699999809265137,6.932428359985352,819000
2020-08-27,NCPL,14.850000381469727,15.079999923706055,14.510000228881836,14.8100004196167,6.984303951263428,849500
2020-08-28,NCPL,14.670000076293945,14.949999809265137,14.65999984741211,14.869999885559082,7.012599945068359,121000
2020-08-31,NCPL,14.899999618530273,15.239999771118164,14.899999618530273,15.079999923706055,7.11163330078125,1714500
2020-09-01,NCPL,15.239999771118164,15.449999809265137,15.0,15.15999984741211,7.149361610412598,1065000
2020-09-02,NCPL,15.100000381469727,15.15999984741211,14.9399995803833,14.989999771118164,7.06919002532959,1159000
2020-09-03,NCPL,15.0,15.199999809265137,14.899999618530273,15.069999694824219,7.1069183349609375,1019500
2020-09-04,NCPL,15.010000228881836,15.149999618530273,14.800000190734863,14.920000076293945,7.036178112030029,840500
2020-09-07,NCPL,15.0,15.229999542236328,14.989999771118164,15.079999923706055,7.11163330078125,454500
2020-09-08,NCPL,15.100000381469727,15.100000381469727,14.850000381469727,14.899999618530273,7.02674674987793,409500
2020-09-09,NCPL,14.800000190734863,14.9399995803833,14.800000190734863,14.850000381469727,7.003167629241943,308500
2020-09-10,NCPL,15.0,15.100000381469727,14.800000190734863,14.960000038146973,7.0550432205200195,348500
2020-09-11,NCPL,14.850000381469727,15.050000190734863,14.640000343322754,15.0,7.073906898498535,365000
2020-09-14,NCPL,15.020000457763672,15.020000457763672,14.859999656677246,14.920000076293945,7.036178112030029,123000
2020-09-15,NCPL,15.0,15.050000190734863,14.649999618530273,14.789999961853027,6.97487211227417,432500
2020-09-16,NCPL,14.800000190734863,14.890000343322754,14.600000381469727,14.729999542236328,6.946576118469238,156500
2020-09-17,NCPL,14.65999984741211,15.0,14.65999984741211,14.989999771118164,7.06919002532959,686500
2020-09-18,NCPL,15.0,15.0,14.850000381469727,14.890000343322754,7.022031307220459,426000
2020-09-21,NCPL,14.710000038146973,15.0,14.619999885559082,14.899999618530273,7.02674674987793,326000
2020-09-22,NCPL,14.949999809265137,14.949999809265137,14.010000228881836,14.260000228881836,6.724926948547363,1225500
2020-09-23,NCPL,14.489999771118164,14.5,14.25,14.470000267028809,6.823962688446045,202500
2020-09-24,NCPL,14.479999542236328,14.5,13.600000381469727,13.800000190734863,6.507993698120117,2010500
2020-09-25,NCPL,13.710000038146973,14.300000190734863,13.600000381469727,13.989999771118164,6.597596645355225,301000
2020-09-28,NCPL,13.90999984741211,14.25,13.699999809265137,13.729999542236328,6.474981784820557,1636500
2020-09-29,NCPL,13.6899995803833,14.050000190734863,13.630000114440918,13.819999694824219,6.517426013946533,1477500
2020-09-30,NCPL,13.949999809265137,14.5,13.75,14.369999885559082,6.7768025398254395,1254500
2020-10-01,NCPL,14.4399995803833,14.4399995803833,13.800000190734863,14.050000190734863,6.625892162322998,123000
2020-10-02,NCPL,13.800000190734863,14.0,13.510000228881836,13.600000381469727,6.413675308227539,110500
2020-10-05,NCPL,13.149999618530273,13.5,13.0,13.010000228881836,6.135435581207275,562500
2020-10-06,NCPL,13.069999694824219,13.069999694824219,12.8100004196167,12.970000267028809,6.116571426391602,459000
2020-10-07,NCPL,13.0,13.449999809265137,12.960000038146973,13.40999984741211,6.324072360992432,598500
2020-10-08,NCPL,13.399999618530273,13.600000381469727,13.300000190734863,13.34000015258789,6.291060924530029,158500
2020-10-09,NCPL,13.489999771118164,13.59000015258789,13.399999618530273,13.5,6.366515636444092,178000
2020-10-12,NCPL,13.550000190734863,14.510000228881836,13.5,13.829999923706055,6.522141933441162,842000
2020-10-13,NCPL,13.600000381469727,13.949999809265137,13.600000381469727,13.899999618530273,6.555152893066406,23500
2020-10-14,NCPL,14.0,14.020000457763672,13.800000190734863,14.0,6.602313041687012,81000
2020-10-15,NCPL,14.100000381469727,14.300000190734863,13.899999618530273,13.9399995803833,6.574016571044922,135500
2020-10-16,NCPL,13.9399995803833,14.100000381469727,13.75,13.989999771118164,6.597596645355225,44500
2020-10-19,NCPL,13.850000381469727,14.100000381469727,13.800000190734863,13.859999656677246,6.536288738250732,128000
2020-10-20,NCPL,14.1899995803833,14.210000038146973,13.899999618530273,13.979999542236328,6.5928802490234375,224500
2020-10-21,NCPL,14.050000190734863,14.09000015258789,13.800000190734863,14.029999732971191,6.616459846496582,95000
2020-10-22,NCPL,14.0,14.0,13.800000190734863,13.890000343322754,6.550437927246094,67000
2020-10-23,NCPL,14.050000190734863,14.050000190734863,13.850000381469727,14.0,6.602313041687012,51500
2020-10-26,NCPL,14.0,14.25,14.0,14.199999809265137,6.69663143157959,143500
2020-10-27,NCPL,14.100000381469727,14.25,14.0,14.050000190734863,6.625892162322998,170000
2020-10-28,NCPL,14.399999618530273,14.550000190734863,13.800000190734863,13.850000381469727,6.531574249267578,318000
2020-10-29,NCPL,13.800000190734863,13.970000267028809,13.020000457763672,13.329999923706055,6.2863450050354,392500
2020-10-30,NCPL,13.329999923706055,13.329999923706055,13.329999923706055,13.329999923706055,6.2863450050354,0
2020-11-02,NCPL,13.0,13.0,12.5,12.930000305175781,6.097707748413086,363000
2020-11-03,NCPL,13.229999542236328,13.399999618530273,13.0,13.319999694824219,6.281628608703613,155000
2020-11-04,NCPL,13.489999771118164,13.699999809265137,13.300000190734863,13.460000038146973,6.347651958465576,256000
2020-11-05,NCPL,13.449999809265137,13.699999809265137,13.300000190734863,13.550000190734863,6.390096187591553,117500
2020-11-06,NCPL,13.59000015258789,13.600000381469727,13.010000228881836,13.420000076293945,6.328789234161377,70000
2020-11-09,NCPL,13.5,13.75,13.420000076293945,13.59000015258789,6.408959865570068,15000
2020-11-10,NCPL,13.600000381469727,13.949999809265137,13.5,13.510000228881836,6.371231555938721,238500
2020-11-11,NCPL,13.510000228881836,13.640000343322754,13.350000381469727,13.489999771118164,6.361799716949463,33500
2020-11-12,NCPL,13.600000381469727,13.699999809265137,13.369999885559082,13.390000343322754,6.314640522003174,231500
2020-11-13,NCPL,13.270000457763672,13.5,13.199999809265137,13.260000228881836,6.25333309173584,55500
2020-11-16,NCPL,13.399999618530273,13.850000381469727,13.399999618530273,13.479999542236328,6.357084274291992,91000
2020-11-17,NCPL,13.59000015258789,13.699999809265137,13.449999809265137,13.550000190734863,6.390096187591553,13000
2020-11-18,NCPL,13.449999809265137,13.449999809265137,13.300000190734863,13.449999809265137,6.342936038970947,4000
2020-11-19,NCPL,13.220000267028809,13.649999618530273,13.210000038146973,13.5,6.366515636444092,729500
2020-11-20,NCPL,13.5,13.5,13.25,13.300000190734863,6.272197246551514,82000
2020-11-23,NCPL,13.25,13.4399995803833,12.899999618530273,13.029999732971191,6.144866943359375,99500
2020-11-24,NCPL,13.199999809265137,13.350000381469727,13.050000190734863,13.0600004196167,6.159014701843262,49000
2020-11-25,NCPL,13.119999885559082,13.239999771118164,13.109999656677246,13.1899995803833,6.2203216552734375,36000
2020-11-26,NCPL,13.300000190734863,13.329999923706055,13.15999984741211,13.210000038146973,6.229753494262695,26000
2020-11-27,NCPL,13.350000381469727,13.539999961853027,13.300000190734863,13.420000076293945,6.328789234161377,41500
2020-11-30,NCPL,13.300000190734863,13.510000228881836,13.239999771118164,13.479999542236328,6.357084274291992,38000
2020-12-01,NCPL,13.25,13.550000190734863,13.25,13.5,6.366515636444092,70500
2020-12-02,NCPL,13.25,13.600000381469727,13.25,13.5,6.366515636444092,98500
2020-12-03,NCPL,13.5,13.640000343322754,13.399999618530273,13.470000267028809,6.352367401123047,84000
2020-12-04,NCPL,13.470000267028809,13.510000228881836,13.3100004196167,13.449999809265137,6.342936038970947,30500
2020-12-07,NCPL,13.489999771118164,13.5,13.25,13.380000114440918,6.309924125671387,5059000
2020-12-08,NCPL,13.479999542236328,14.380000114440918,13.479999542236328,14.229999542236328,6.710779190063477,5897000
2020-12-09,NCPL,13.819999694824219,14.15999984741211,13.520000457763672,13.6899995803833,6.456118106842041,191000
2020-12-10,NCPL,13.800000190734863,13.949999809265137,13.600000381469727,13.869999885559082,6.541005611419678,106500
2020-12-11,NCPL,13.510000228881836,14.149999618530273,13.510000228881836,13.779999732971191,6.498562335968018,293500
2020-12-14,NCPL,13.609999656677246,14.0,13.600000381469727,13.869999885559082,6.541005611419678,396000
2020-12-15,NCPL,13.899999618530273,14.050000190734863,13.800000190734863,13.84000015258789,6.526857376098633,245000
2020-12-16,NCPL,13.649999618530273,14.0,13.649999618530273,13.729999542236328,6.474981784820557,209000
2020-12-17,NCPL,13.75,14.039999961853027,13.75,13.949999809265137,6.578732967376709,112000
2020-12-18,NCPL,13.9399995803833,14.100000381469727,13.75,13.920000076293945,6.564585208892822,198000
2020-12-21,NCPL,14.100000381469727,14.100000381469727,13.5,13.770000457763672,6.493846416473389,406000
2020-12-22,NCPL,13.75,13.949999809265137,13.699999809265137,13.8100004196167,6.5127105712890625,222500
2020-12-23,NCPL,13.800000190734863,14.010000228881836,13.800000190734863,14.0,6.602313041687012,134000
2020-12-24,NCPL,13.869999885559082,14.59000015258789,13.859999656677246,14.140000343322754,6.668336391448975,335000
2020-12-25,NCPL,14.140000343322754,14.140000343322754,14.140000343322754,14.140000343322754,6.668336391448975,0
2020-12-28,NCPL,14.300000190734863,14.5600004196167,14.119999885559082,14.510000228881836,6.842825412750244,801500
2020-12-29,NCPL,14.5,14.739999771118164,14.399999618530273,14.699999809265137,6.932428359985352,526500
2020-12-30,NCPL,14.550000190734863,15.0,14.550000190734863,14.930000305175781,7.040894985198975,534500
2020-12-31,NCPL,14.84000015258789,15.199999809265137,14.699999809265137,15.100000381469727,7.121065616607666,954000
2021-01-01,NCPL,15.0,16.229999542236328,15.0,16.229999542236328,7.653965950012207,1489500
2021-01-04,NCPL,17.440000534057617,17.440000534057617,17.440000534057617,17.440000534057617,8.224595069885254,235500
2021-01-05,NCPL,18.739999771118164,18.739999771118164,17.799999237060547,18.739999771118164,8.837666511535645,6936500
2021-01-06,NCPL,19.600000381469727,19.600000381469727,18.739999771118164,18.979999542236328,8.950849533081055,3323500
2021-01-07,NCPL,19.059999465942383,19.399999618530273,18.5,18.729999542236328,8.832951545715332,1350000
2021-01-08,NCPL,18.979999542236328,18.979999542236328,18.25,18.40999984741211,8.68204116821289,726500
2021-01-11,NCPL,19.690000534057617,19.739999771118164,18.770000457763672,19.09000015258789,9.002724647521973,1448500
2021-01-12,NCPL,19.489999771118164,19.969999313354492,19.299999237060547,19.889999389648438,9.380000114440918,2284000
2021-01-13,NCPL,20.0,20.0,19.149999618530273,19.25,9.078180313110352,441000
2021-01-14,NCPL,19.399999618530273,19.68000030517578,18.75,19.479999542236328,9.186646461486816,435500
2021-01-15,NCPL,19.489999771118164,19.5,18.90999984741211,19.030000686645508,8.974430084228516,342500
2021-01-18,NCPL,19.399999618530273,20.450000762939453,18.75,20.450000762939453,9.644091606140137,2312000
2021-01-19,NCPL,20.25,20.950000762939453,20.25,20.59000015258789,9.710115432739258,532500
2021-01-20,NCPL,20.520000457763672,20.520000457763672,19.799999237060547,19.959999084472656,9.41301155090332,915000
2021-01-21,NCPL,20.100000381469727,20.5,19.93000030517578,20.229999542236328,9.5403413772583,401000
2021-01-22,NCPL,20.010000228881836,20.049999237060547,19.5,19.899999618530273,9.38471508026123,202500
2021-01-25,NCPL,19.450000762939453,19.75,19.329999923706055,19.450000762939453,9.172499656677246,519000
2021-01-26,NCPL,19.899999618530273,20.1200008392334,19.0,19.440000534057617,9.1677827835083,323000
2021-01-27,NCPL,19.5,19.5,19.049999237060547,19.190000534057617,9.049884796142578,125500
2021-01-28,NCPL,18.969999313354492,19.299999237060547,18.510000228881836,18.719999313354492,8.828234672546387,198000
2021-01-29,NCPL,18.600000381469727,18.940000534057617,18.549999237060547,18.75,8.842382431030273,235500
2021-02-01,NCPL,19.0,19.0,18.010000228881836,18.209999084472656,8.587721824645996,364500
2021-02-02,NCPL,18.209999084472656,18.850000381469727,17.809999465942383,18.690000534057617,8.814088821411133,644500
2021-02-03,NCPL,18.850000381469727,18.899999618530273,18.489999771118164,18.709999084472656,8.823519706726074,480000
2021-02-04,NCPL,18.940000534057617,19.09000015258789,18.510000228881836,18.770000457763672,8.851815223693848,182500
2021-02-05,NCPL,18.770000457763672,18.770000457763672,18.770000457763672,18.770000457763672,8.851815223693848,0
2021-02-08,NCPL,18.989999771118164,19.0,18.25,18.479999542236328,8.715052604675293,289000
2021-02-09,NCPL,18.989999771118164,19.25,18.799999237060547,18.979999542236328,8.950849533081055,320000
2021-02-10,NCPL,18.889999389648438,18.889999389648438,18.149999618530273,18.459999084472656,8.705620765686035,72500
2021-02-11,NCPL,18.290000915527344,18.690000534057617,18.209999084472656,18.239999771118164,8.6018705368042,90000
2021-02-12,NCPL,18.010000228881836,18.440000534057617,17.5,17.540000915527344,8.271754264831543,228500
2021-02-15,NCPL,17.600000381469727,17.850000381469727,17.309999465942383,17.5,8.252890586853027,95500
2021-02-16,NCPL,18.5,18.5,17.479999542236328,17.549999237060547,8.276470184326172,111000
2021-02-17,NCPL,17.5,18.299999237060547,17.40999984741211,17.559999465942383,8.281187057495117,67000
2021-02-18,NCPL,17.899999618530273,17.899999618530273,17.010000228881836,17.139999389648438,8.08311653137207,296000
2021-02-19,NCPL,16.93000030517578,17.100000381469727,16.799999237060547,17.079999923706055,8.054821968078613,59500
2021-02-22,NCPL,17.350000381469727,17.350000381469727,16.760000228881836,17.09000015258789,8.059537887573242,99000
2021-02-23,NCPL,16.920000076293945,17.25,16.920000076293945,17.010000228881836,8.021809577941895,38000
2021-02-24,NCPL,17.280000686645508,17.290000915527344,17.020000457763672,17.25,8.134992599487305,210000
2021-02-25,NCPL,17.360000610351562,17.510000228881836,16.700000762939453,16.860000610351562,7.951071262359619,149500
2021-02-26,NCPL,16.860000610351562,16.860000610351562,15.800000190734863,16.399999618530273,7.734138011932373,437500
2021-03-01,NCPL,16.049999237060547,16.5,15.399999618530273,16.360000610351562,7.715274333953857,135000
2021-03-02,NCPL,16.0,16.5,16.0,16.389999389648438,7.729421138763428,153000
2021-03-03,NCPL,16.75,16.75,16.0,16.299999237060547,7.686977863311768,83000
2021-03-04,NCPL,16.020000457763672,16.200000762939453,15.789999961853027,15.800000190734863,7.451181411743164,163500
2021-03-05,NCPL,15.510000228881836,16.350000381469727,15.5,16.200000762939453,7.639820098876953,145500
2021-03-08,NCPL,16.399999618530273,16.399999618530273,15.699999809265137,15.75,7.427602291107178,42000
2021-03-09,NCPL,15.5,15.949999809265137,15.399999618530273,15.399999618530273,7.26254415512085,81000
2021-03-10,NCPL,15.0,15.399999618530273,14.819999694824219,14.930000305175781,7.040894985198975,81500
2021-03-11,NCPL,14.930000305175781,15.149999618530273,14.649999618530273,14.800000190734863,6.979588031768799,67000
2021-03-12,NCPL,14.949999809265137,15.149999618530273,14.369999885559082,14.970000267028809,7.05975866317749,107000
2021-03-15,NCPL,15.100000381469727,15.149999618530273,15.0,15.100000381469727,7.121065616607666,139500
2021-03-16,NCPL,15.140000343322754,15.239999771118164,15.029999732971191,15.109999656677246,7.125781536102295,62500
2021-03-17,NCPL,15.289999961853027,15.75,14.930000305175781,15.039999961853027,7.092770576477051,180000
2021-03-18,NCPL,15.109999656677246,15.399999618530273,14.760000228881836,14.859999656677246,7.007883071899414,218500
2021-03-19,NCPL,14.859999656677246,15.729999542236328,14.800000190734863,15.5600004196167,7.33799934387207,42000
2021-03-22,NCPL,15.029999732971191,15.699999809265137,15.0,15.609999656677246,7.361578464508057,159000
2021-03-23,NCPL,15.609999656677246,15.609999656677246,15.609999656677246,15.609999656677246,7.361578464508057,0
2021-03-24,NCPL,15.789999961853027,15.899999618530273,15.609999656677246,15.8100004196167,7.455897331237793,110000
2021-03-25,NCPL,15.710000038146973,16.350000381469727,15.65999984741211,15.779999732971191,7.4417500495910645,114000
2021-03-26,NCPL,15.779999732971191,15.949999809265137,15.609999656677246,15.920000076293945,7.507772922515869,8000
2021-03-29,NCPL,15.920000076293945,15.920000076293945,15.199999809265137,15.25,7.191804885864258,76000
2021-03-30,NCPL,14.75,15.0,14.479999542236328,14.5,6.838109493255615,1104000
2021-03-31,NCPL,14.600000381469727,14.800000190734863,14.5,14.59000015258789,6.880552768707275,81500
2021-04-01,NCPL,14.510000228881836,14.59000015258789,14.399999618530273,14.460000038146973,6.8192458152771,115000
2021-04-02,NCPL,14.449999809265137,14.510000228881836,14.300000190734863,14.40999984741211,6.795665740966797,75500
2021-04-05,NCPL,14.40999984741211,14.489999771118164,14.25,14.329999923706055,6.757938861846924,68500
2021-04-06,NCPL,14.350000381469727,14.899999618530273,14.350000381469727,14.75,6.956007480621338,388500
2021-04-07,NCPL,14.75,14.800000190734863,14.489999771118164,14.75,6.956007480621338,128500
2021-04-08,NCPL,14.899999618530273,14.899999618530273,14.300000190734863,14.449999809265137,6.8145294189453125,229500
2021-04-09,NCPL,14.5,14.75,14.399999618530273,14.699999809265137,6.932428359985352,80500
2021-04-12,NCPL,14.600000381469727,14.75,14.5,14.729999542236328,6.946576118469238,145500
2021-04-13,NCPL,14.729999542236328,14.75,14.5600004196167,14.600000381469727,6.8852691650390625,10500
2021-04-14,NCPL,14.510000228881836,14.5600004196167,14.0,14.0,6.602313041687012,177000
2021-04-15,NCPL,14.300000190734863,14.300000190734863,14.079999923706055,14.109999656677246,6.6541876792907715,76000
2021-04-16,NCPL,14.149999618530273,14.199999809265137,14.130000114440918,14.199999809265137,6.69663143157959,29500
2021-04-19,NCPL,14.390000343322754,14.600000381469727,14.300000190734863,14.34000015258789,6.762654781341553,246000
2021-04-20,NCPL,14.75,14.800000190734863,14.449999809265137,14.5600004196167,6.866405487060547,44000
2021-04-21,NCPL,14.789999961853027,14.800000190734863,14.449999809265137,14.449999809265137,6.8145294189453125,139000
2021-04-22,NCPL,14.569999694824219,14.59000015258789,14.350000381469727,14.359999656677246,6.772086143493652,16500
2021-04-23,NCPL,14.350000381469727,14.479999542236328,14.199999809265137,14.479999542236328,6.828677177429199,32000
2021-04-26,NCPL,14.25,14.539999961853027,14.149999618530273,14.25,6.720211029052734,25000
2021-04-27,NCPL,14.300000190734863,14.600000381469727,14.210000038146973,14.420000076293945,6.800382137298584,177000
2021-04-28,NCPL,14.479999542236328,14.5,14.15999984741211,14.369999885559082,6.7768025398254395,218500
2021-04-29,NCPL,14.180000305175781,14.399999618530273,14.180000305175781,14.260000228881836,6.724926948547363,18500
2021-04-30,NCPL,14.199999809265137,14.210000038146973,14.0,14.029999732971191,6.616459846496582,64500
2021-05-03,NCPL,14.25,14.300000190734863,14.0,14.199999809265137,6.69663143157959,33000
2021-05-04,NCPL,14.199999809265137,14.350000381469727,14.0600004196167,14.25,6.720211029052734,22000
2021-05-05,NCPL,14.479999542236328,14.899999618530273,14.479999542236328,14.739999771118164,6.951291561126709,115000
2021-05-06,NCPL,14.5,14.699999809265137,14.300000190734863,14.390000343322754,6.786233901977539,356000
2021-05-07,NCPL,14.390000343322754,14.390000343322754,14.390000343322754,14.390000343322754,6.786233901977539,0
2021-05-10,NCPL,14.390000343322754,14.390000343322754,14.390000343322754,14.390000343322754,6.786233901977539,0
2021-05-11,NCPL,14.390000343322754,14.390000343322754,14.390000343322754,14.390000343322754,6.786233901977539,0
2021-05-12,NCPL,14.390000343322754,14.390000343322754,14.390000343322754,14.390000343322754,6.786233901977539,0
2021-05-13,NCPL,14.390000343322754,14.390000343322754,14.390000343322754,14.390000343322754,6.786233901977539,0
2021-05-14,NCPL,14.390000343322754,14.390000343322754,14.390000343322754,14.390000343322754,6.786233901977539,0
2021-05-17,NCPL,14.399999618530273,14.399999618530273,14.100000381469727,14.199999809265137,6.69663143157959,217000
2021-05-18,NCPL,14.220000267028809,14.350000381469727,14.199999809265137,14.239999771118164,6.715494632720947,147000
2021-05-19,NCPL,14.109999656677246,14.300000190734863,14.0,14.199999809265137,6.69663143157959,56000
2021-05-20,NCPL,14.399999618530273,14.399999618530273,14.149999618530273,14.149999618530273,6.673051357269287,27500
2021-05-21,NCPL,14.300000190734863,14.300000190734863,14.0,14.220000267028809,6.706063270568848,171000
2021-05-24,NCPL,14.199999809265137,14.390000343322754,14.170000076293945,14.289999961853027,6.73907470703125,307000
2021-05-25,NCPL,14.289999961853027,14.369999885559082,14.199999809265137,14.25,6.720211029052734,266000
2021-05-26,NCPL,14.350000381469727,14.350000381469727,14.0600004196167,14.319999694824219,6.753223419189453,90000
2021-05-27,NCPL,14.210000038146973,14.390000343322754,14.210000038146973,14.25,6.720211029052734,101500
2021-05-28,NCPL,14.300000190734863,14.550000190734863,14.25,14.34000015258789,6.762654781341553,210500
2021-05-31,NCPL,14.59000015258789,15.40999984741211,14.5,15.40999984741211,7.26725959777832,850000
2021-06-01,NCPL,15.550000190734863,16.559999465942383,15.550000190734863,16.559999465942383,7.8095927238464355,956000
2021-06-02,NCPL,16.600000381469727,17.299999237060547,16.25,16.350000381469727,7.710557460784912,743000
2021-06-03,NCPL,16.360000610351562,16.700000762939453,16.350000381469727,16.440000534057617,7.753001689910889,238500
2021-06-04,NCPL,16.600000381469727,16.700000762939453,16.25,16.299999237060547,7.686977863311768,203000
2021-06-07,NCPL,17.399999618530273,17.399999618530273,16.399999618530273,16.5,7.781296730041504,356500
2021-06-08,NCPL,16.700000762939453,16.700000762939453,15.399999618530273,16.030000686645508,7.559648513793945,247500
2021-06-09,NCPL,16.030000686645508,16.299999237060547,15.760000228881836,15.899999618530273,7.498340606689453,122000
2021-06-10,NCPL,15.899999618530273,16.25,15.899999618530273,16.239999771118164,7.658682823181152,179500
2021-06-11,NCPL,16.219999313354492,16.75,15.510000228881836,16.149999618530273,7.616239547729492,280000
2021-06-14,NCPL,16.950000762939453,16.950000762939453,16.0,16.139999389648438,7.611522674560547,260500
2021-06-15,NCPL,16.389999389648438,16.389999389648438,15.760000228881836,15.989999771118164,7.540783882141113,126500
2021-06-16,NCPL,16.0,16.049999237060547,15.75,15.960000038146973,7.526636600494385,81500
2021-06-17,NCPL,15.850000381469727,15.899999618530273,15.550000190734863,15.59000015258789,7.352147102355957,82500
2021-06-18,NCPL,15.600000381469727,15.6899995803833,15.5,15.520000457763672,7.3191351890563965,53000
2021-06-21,NCPL,15.399999618530273,15.75,15.300000190734863,15.539999961853027,7.328567028045654,96000
2021-06-22,NCPL,15.3100004196167,15.539999961853027,15.300000190734863,15.5,7.3097028732299805,55500
2021-06-23,NCPL,15.5,15.5,15.25,15.300000190734863,7.215384483337402,89500
2021-06-24,NCPL,15.300000190734863,15.649999618530273,15.300000190734863,15.329999923706055,7.229532241821289,711500
2021-06-25,NCPL,15.300000190734863,15.399999618530273,15.109999656677246,15.220000267028809,7.177657127380371,132000
2021-06-28,NCPL,15.020000457763672,15.279999732971191,15.020000457763672,15.100000381469727,7.121065616607666,145500
2021-06-29,NCPL,15.25,15.25,15.020000457763672,15.0600004196167,7.10220193862915,18000
2021-06-30,NCPL,15.25,15.25,15.0,15.020000457763672,7.083339214324951,65000
2021-07-01,NCPL,16.139999389648438,16.139999389648438,16.139999389648438,16.139999389648438,7.611522674560547,90000
2021-07-02,NCPL,17.350000381469727,17.350000381469727,16.610000610351562,17.350000381469727,8.18215274810791,2470500
2021-07-05,NCPL,17.84000015258789,17.84000015258789,17.350000381469727,17.479999542236328,8.243457794189453,413000
2021-07-06,NCPL,17.540000915527344,17.540000915527344,16.709999084472656,16.81999969482422,7.9322075843811035,231000
2021-07-07,NCPL,16.81999969482422,16.81999969482422,16.450000762939453,16.700000762939453,7.875616550445557,124000
2021-07-08,NCPL,17.09000015258789,17.09000015258789,16.549999237060547,16.899999618530273,7.969933986663818,33000
2021-07-09,NCPL,17.0,17.0,16.5,16.700000762939453,7.875616550445557,53500
2021-07-12,NCPL,16.5,16.75,16.5,16.510000228881836,7.786013603210449,47000
2021-07-13,NCPL,16.3700008392334,16.3700008392334,16.0,16.0,7.5455002784729,173500
2021-07-14,NCPL,16.0,16.0,15.550000190734863,15.609999656677246,7.361578464508057,72000
2021-07-15,NCPL,15.5,15.84000015258789,15.5,15.829999923706055,7.465328693389893,234000
2021-07-16,NCPL,15.539999961853027,15.899999618530273,15.539999961853027,15.770000457763672,7.437033653259277,47000
2021-07-19,NCPL,15.600000381469727,15.979999542236328,15.600000381469727,15.850000381469727,7.474761009216309,44000
2021-07-20,NCPL,15.850000381469727,15.850000381469727,15.850000381469727,15.850000381469727,7.474761009216309,0
2021-07-21,NCPL,15.850000381469727,15.850000381469727,15.850000381469727,15.850000381469727,7.474761009216309,0
2021-07-22,NCPL,15.850000381469727,15.850000381469727,15.850000381469727,15.850000381469727,7.474761009216309,0
2021-07-23,NCPL,15.850000381469727,15.850000381469727,15.850000381469727,15.850000381469727,7.474761009216309,0
2021-07-26,NCPL,15.5,15.5,15.300000190734863,15.34000015258789,7.234248161315918,33000
2021-07-27,NCPL,15.399999618530273,15.699999809265137,15.0,15.100000381469727,7.121065616607666,157000
2021-07-28,NCPL,15.0,15.140000343322754,14.8100004196167,15.0,7.073906898498535,106500
2021-07-29,NCPL,14.949999809265137,15.1899995803833,14.850000381469727,15.170000076293945,7.154077529907227,115000
2021-07-30,NCPL,15.0,15.699999809265137,15.0,15.15999984741211,7.149361610412598,305000
2021-08-02,NCPL,15.4399995803833,15.4399995803833,14.100000381469727,14.4399995803833,6.809813499450684,1138000
2021-08-03,NCPL,14.649999618530273,14.75,14.220000267028809,14.369999885559082,6.7768025398254395,350000
2021-08-04,NCPL,14.5,14.550000190734863,14.199999809265137,14.489999771118164,6.8333940505981445,91500
2021-08-05,NCPL,14.880000114440918,14.880000114440918,14.3100004196167,14.510000228881836,6.842825412750244,49000
2021-08-06,NCPL,14.510000228881836,14.649999618530273,14.5,14.520000457763672,6.847540855407715,71000
2021-08-09,NCPL,14.520000457763672,14.890000343322754,14.279999732971191,14.300000190734863,6.743791103363037,358500
2021-08-10,NCPL,14.34000015258789,14.399999618530273,14.210000038146973,14.390000343322754,6.786233901977539,20000
2021-08-11,NCPL,14.5,14.5,14.25,14.270000457763672,6.72964334487915,24000
2021-08-12,NCPL,14.300000190734863,14.449999809265137,14.210000038146973,14.25,6.720211029052734,36500
2021-08-13,NCPL,14.210000038146973,14.479999542236328,14.199999809265137,14.279999732971191,6.734358310699463,37500
2021-08-16,NCPL,14.149999618530273,14.300000190734863,14.140000343322754,14.1899995803833,6.691915512084961,34500
2021-08-17,NCPL,14.1899995803833,14.229999542236328,14.130000114440918,14.220000267028809,6.706063270568848,17500
2021-08-18,NCPL,14.220000267028809,14.220000267028809,14.220000267028809,14.220000267028809,6.706063270568848,0
2021-08-19,NCPL,14.220000267028809,14.220000267028809,14.220000267028809,14.220000267028809,6.706063270568848,0
2021-08-20,NCPL,14.229999542236328,14.489999771118164,14.229999542236328,14.460000038146973,6.8192458152771,33500
2021-08-23,NCPL,14.5,14.649999618530273,14.449999809265137,14.5600004196167,6.866405487060547,47500
2021-08-24,NCPL,14.5,14.5,14.449999809265137,14.5,6.838109493255615,20000
2021-08-25,NCPL,14.3100004196167,14.5,14.0,14.0600004196167,6.630608558654785,98000
2021-08-26,NCPL,14.220000267028809,14.289999961853027,13.699999809265137,13.829999923706055,6.522141933441162,102500
2021-08-27,NCPL,13.8100004196167,13.899999618530273,12.800000190734863,13.6899995803833,6.456118106842041,116000
2021-08-30,NCPL,13.800000190734863,13.890000343322754,13.649999618530273,13.84000015258789,6.526857376098633,72500
2021-08-31,NCPL,13.859999656677246,13.859999656677246,13.75,13.789999961853027,6.503277778625488,52000
2021-09-01,NCPL,13.850000381469727,14.0,13.699999809265137,13.989999771118164,6.597596645355225,70000
2021-09-02,NCPL,13.989999771118164,14.25,13.800000190734863,13.819999694824219,6.517426013946533,162000
2021-09-03,NCPL,13.989999771118164,14.100000381469727,13.649999618530273,13.6899995803833,6.456118106842041,26000
2021-09-06,NCPL,13.65999984741211,13.779999732971191,13.600000381469727,13.6899995803833,6.456118106842041,44500
2021-09-07,NCPL,13.619999885559082,13.619999885559082,13.399999618530273,13.600000381469727,6.413675308227539,33000
2021-09-08,NCPL,13.460000038146973,13.479999542236328,13.149999618530273,13.1899995803833,6.2203216552734375,114000
2021-09-09,NCPL,13.399999618530273,13.75,13.210000038146973,13.279999732971191,6.2627644538879395,206000
2021-09-10,NCPL,13.470000267028809,13.470000267028809,13.279999732971191,13.380000114440918,6.309924125671387,29500
2021-09-13,NCPL,13.4399995803833,13.550000190734863,13.399999618530273,13.510000228881836,6.371231555938721,45500
2021-09-14,NCPL,13.600000381469727,13.979999542236328,13.5,13.529999732971191,6.38066291809082,158000
2021-09-15,NCPL,13.350000381469727,13.5,13.1899995803833,13.210000038146973,6.229753494262695,42500
2021-09-16,NCPL,13.25,13.699999809265137,13.100000381469727,13.479999542236328,6.357084274291992,116500
2021-09-17,NCPL,13.300000190734863,13.649999618530273,13.300000190734863,13.449999809265137,6.342936038970947,25500
2021-09-20,NCPL,13.119999885559082,13.289999961853027,13.100000381469727,13.199999809265137,6.225037574768066,50000
2021-09-21,NCPL,13.25,13.25,13.069999694824219,13.130000114440918,6.192026138305664,82000
2021-09-22,NCPL,13.069999694824219,13.069999694824219,12.850000381469727,12.949999809265137,6.107139587402344,81500
2021-09-23,NCPL,13.0,13.0,12.8100004196167,12.84000015258789,6.055264472961426,187500
2021-09-24,NCPL,12.819999694824219,13.140000343322754,12.819999694824219,13.010000228881836,6.135435581207275,49000
2021-09-27,NCPL,13.0,13.100000381469727,12.899999618530273,13.029999732971191,6.144866943359375,75000
2021-09-28,NCPL,13.029999732971191,13.029999732971191,13.029999732971191,13.029999732971191,6.144866943359375,0
2021-09-29,NCPL,13.029999732971191,13.029999732971191,12.449999809265137,12.460000038146973,5.876058101654053,274500
2021-09-30,NCPL,12.989999771118164,12.989999771118164,12.350000381469727,12.460000038146973,5.876058101654053,87000
2021-10-01,NCPL,12.680000305175781,12.680000305175781,12.0,12.140000343322754,5.7251482009887695,265000
2021-10-04,NCPL,12.25,12.800000190734863,12.25,12.699999809265137,5.989240646362305,14500
2021-10-05,NCPL,12.710000038146973,12.899999618530273,12.600000381469727,12.609999656677246,5.946796894073486,61000
2021-10-06,NCPL,12.619999885559082,12.699999809265137,12.5,12.5,5.894922733306885,30500
2021-10-07,NCPL,12.350000381469727,12.600000381469727,12.350000381469727,12.5,5.894922733306885,37000
2021-10-08,NCPL,12.630000114440918,12.640000343322754,12.149999618530273,12.449999809265137,5.871342182159424,32500
2021-10-11,NCPL,12.149999618530273,12.300000190734863,11.899999618530273,11.960000038146973,5.640261650085449,100000
2021-10-12,NCPL,11.800000190734863,11.949999809265137,11.5,11.899999618530273,5.611966133117676,76500
2021-10-13,NCPL,11.949999809265137,12.149999618530273,11.6899995803833,11.739999771118164,5.536510944366455,34000
2021-10-14,NCPL,11.739999771118164,12.100000381469727,11.739999771118164,12.039999961853027,5.6779890060424805,20000
2021-10-15,NCPL,12.0,12.180000305175781,12.0,12.100000381469727,5.706284523010254,47500
2021-10-18,NCPL,12.100000381469727,12.100000381469727,11.850000381469727,11.9399995803833,5.630829334259033,27000
2021-10-19,NCPL,11.9399995803833,11.9399995803833,11.9399995803833,11.9399995803833,5.630829334259033,0
2021-10-20,NCPL,12.0,12.180000305175781,12.0,12.100000381469727,5.706284523010254,30000
2021-10-21,NCPL,12.100000381469727,12.25,12.100000381469727,12.229999542236328,5.76759147644043,54500
2021-10-22,NCPL,12.229999542236328,12.229999542236328,12.0,12.0,5.659125328063965,58500
2021-10-25,NCPL,12.489999771118164,12.989999771118164,12.25,12.0,5.659125328063965,74000
2021-10-26,NCPL,12.25,12.25,12.050000190734863,12.079999923706055,5.696852207183838,12500
2021-10-27,NCPL,12.300000190734863,12.300000190734863,12.199999809265137,12.199999809265137,5.753444194793701,1000
2021-10-28,NCPL,12.020000457763672,12.039999961853027,12.020000457763672,12.029999732971191,5.673273086547852,17000
2021-10-29,NCPL,12.199999809265137,12.25,12.029999732971191,12.15999984741211,5.734580039978027,53000
2021-11-01,NCPL,12.300000190734863,12.6899995803833,12.300000190734863,12.399999618530273,5.847762107849121,82000
2021-11-02,NCPL,12.40999984741211,12.40999984741211,12.069999694824219,12.180000305175781,5.744012355804443,716500
2021-11-03,NCPL,12.119999885559082,12.579999923706055,12.119999885559082,12.529999732971191,5.909069538116455,86500
2021-11-04,NCPL,12.5,12.569999694824219,12.3100004196167,12.550000190734863,5.918501377105713,43500
2021-11-05,NCPL,12.5,12.800000190734863,12.5,12.770000457763672,6.022252559661865,332500
2021-11-08,NCPL,12.550000190734863,12.850000381469727,12.550000190734863,12.699999809265137,5.989240646362305,84000
2021-11-09,NCPL,12.550000190734863,12.649999618530273,12.25,12.5,5.894922733306885,134000
2021-11-10,NCPL,12.3100004196167,12.699999809265137,12.300000190734863,12.5600004196167,5.923218250274658,12000
2021-11-11,NCPL,12.5600004196167,12.649999618530273,12.5600004196167,12.649999618530273,5.96566104888916,71000
2021-11-12,NCPL,12.779999732971191,12.899999618530273,12.600000381469727,12.600000381469727,5.942081928253174,79000
2021-11-15,NCPL,12.789999961853027,12.789999961853027,12.600000381469727,12.600000381469727,5.942081928253174,38500
2021-11-16,NCPL,12.800000190734863,12.899999618530273,12.649999618530273,12.850000381469727,6.0599799156188965,109000
2021-11-17,NCPL,13.0,13.699999809265137,13.0,13.390000343322754,6.314640522003174,272500
2021-11-18,NCPL,13.489999771118164,13.90999984741211,13.390000343322754,13.720000267028809,6.470267295837402,355500
2021-11-19,NCPL,13.800000190734863,13.899999618530273,13.510000228881836,13.800000190734863,6.507993698120117,97500
2021-11-22,NCPL,13.600000381469727,13.609999656677246,13.0,13.100000381469727,6.1778788566589355,362500
2021-11-23,NCPL,13.25,13.25,12.600000381469727,13.010000228881836,6.135435581207275,286500
2021-11-24,NCPL,12.529999732971191,12.979999542236328,12.529999732971191,12.859999656677246,6.064695835113525,47000
2021-11-25,NCPL,12.5600004196167,12.850000381469727,12.5,12.579999923706055,5.932649612426758,35500
2021-11-26,NCPL,12.550000190734863,12.649999618530273,12.5,12.529999732971191,5.909069538116455,30000
2021-11-29,NCPL,12.350000381469727,12.899999618530273,12.350000381469727,12.59000015258789,5.937365531921387,53000
2021-11-30,NCPL,12.710000038146973,13.0,12.710000038146973,12.890000343322754,6.078843593597412,28000
2021-12-01,NCPL,12.75,13.399999618530273,12.75,13.0600004196167,6.159014701843262,70500
2021-12-02,NCPL,12.970000267028809,12.970000267028809,12.0600004196167,12.109999656677246,5.711000442504883,864500
2021-12-03,NCPL,12.199999809265137,12.25,12.199999809265137,12.239999771118164,5.772307872772217,31500
2021-12-06,NCPL,12.25,12.399999618530273,12.25,12.390000343322754,5.843047142028809,50500
2021-12-07,NCPL,12.5,12.5,12.319999694824219,12.460000038146973,5.876058101654053,226500
2021-12-08,NCPL,12.979999542236328,12.979999542236328,12.0,12.489999771118164,5.8902058601379395,548500
2021-12-09,NCPL,12.260000228881836,12.649999618530273,12.25,12.609999656677246,5.946796894073486,53500
2021-12-10,NCPL,12.510000228881836,12.600000381469727,12.5,12.600000381469727,5.942081928253174,36500
2021-12-13,NCPL,12.600000381469727,12.600000381469727,12.25,12.270000457763672,5.786455154418945,139000
2021-12-14,NCPL,12.300000190734863,12.5,12.0600004196167,12.5,5.894922733306885,77500
2021-12-15,NCPL,12.5,13.199999809265137,12.5,12.630000114440918,5.9562296867370605,206000
2021-12-16,NCPL,12.510000228881836,12.680000305175781,12.260000228881836,12.319999694824219,5.810035228729248,19000
2021-12-17,NCPL,12.399999618530273,12.569999694824219,12.399999618530273,12.40999984741211,5.852478981018066,64000
2021-12-20,NCPL,12.699999809265137,13.40999984741211,12.699999809265137,13.40999984741211,6.324072360992432,451000
2021-12-21,NCPL,14.0,14.40999984741211,14.0,14.40999984741211,6.795665740966797,978000
2021-12-22,NCPL,14.640000343322754,15.25,14.100000381469727,15.0600004196167,7.10220193862915,473500
2021-12-23,NCPL,15.029999732971191,16.18000030517578,14.989999771118164,16.18000030517578,7.630387783050537,510500
2021-12-24,NCPL,17.389999389648438,17.389999389648438,16.799999237060547,17.329999923706055,8.17271900177002,2058000
2021-12-27,NCPL,17.0,17.739999771118164,17.0,17.489999771118164,8.248175621032715,843000
2021-12-28,NCPL,17.75,17.75,16.299999237060547,16.5,7.781296730041504,333500
2021-12-29,NCPL,16.549999237060547,16.600000381469727,15.75,15.970000267028809,7.5313520431518555,380500
2021-12-30,NCPL,16.0,16.700000762939453,15.699999809265137,16.520000457763672,7.79072904586792,668000
2021-12-31,NCPL,16.59000015258789,16.600000381469727,15.90999984741211,16.0,7.5455002784729,246500
2022-01-03,NCPL,16.25,16.25,15.800000190734863,15.930000305175781,7.512488842010498,270000
2022-01-04,NCPL,16.360000610351562,16.360000610351562,15.770000457763672,15.8100004196167,7.455897331237793,144500
2022-01-05,NCPL,15.899999618530273,16.200000762939453,15.699999809265137,16.079999923706055,7.583227634429932,524500
2022-01-06,NCPL,16.079999923706055,17.25,16.0,17.06999969482422,8.050105094909668,434500
2022-01-07,NCPL,16.899999618530273,17.049999237060547,16.399999618530273,16.459999084472656,7.76243257522583,541000
2022-01-10,NCPL,16.899999618530273,17.149999618530273,16.649999618530273,17.0,8.017094612121582,1257000
2022-01-11,NCPL,17.049999237060547,17.100000381469727,17.0,17.040000915527344,8.035958290100098,160500
2022-01-12,NCPL,17.0,17.1299991607666,17.0,17.010000228881836,8.021809577941895,790500
2022-01-13,NCPL,17.0,17.149999618530273,17.0,17.059999465942383,8.045389175415039,482500
2022-01-14,NCPL,17.0,17.5,17.0,17.010000228881836,8.021809577941895,389500
2022-01-17,NCPL,17.0,17.010000228881836,16.809999465942383,17.0,8.017094612121582,94500
2022-01-18,NCPL,17.0,17.020000457763672,16.850000381469727,17.0,8.017094612121582,237500
2022-01-19,NCPL,17.0,17.049999237060547,16.90999984741211,16.93000030517578,7.98408317565918,198000
2022-01-20,NCPL,16.93000030517578,16.989999771118164,16.700000762939453,16.799999237060547,7.922774314880371,118000
2022-01-21,NCPL,16.850000381469727,17.0,16.649999618530273,16.799999237060547,7.922774314880371,106000
2022-01-24,NCPL,16.75,16.75,16.299999237060547,16.739999771118164,7.894479274749756,134000
2022-01-25,NCPL,16.75,17.100000381469727,16.739999771118164,16.8700008392334,7.955787181854248,181500
2022-01-26,NCPL,16.549999237060547,16.850000381469727,16.25,16.540000915527344,7.8001604080200195,58000
2022-01-27,NCPL,16.700000762939453,16.989999771118164,16.260000228881836,16.280000686645508,7.677546501159668,73000
2022-01-28,NCPL,16.520000457763672,16.649999618530273,16.440000534057617,16.600000381469727,7.828457355499268,86000
2022-01-31,NCPL,16.600000381469727,16.649999618530273,16.399999618530273,16.489999771118164,7.776581764221191,60500
2022-02-01,NCPL,16.5,16.75,16.5,16.5,7.781296730041504,65500
2022-02-02,NCPL,16.5,16.600000381469727,16.25,16.350000381469727,7.710557460784912,56500
2022-02-03,NCPL,16.360000610351562,16.600000381469727,16.350000381469727,16.3799991607666,7.724706172943115,20000
2022-02-04,NCPL,16.309999465942383,16.5,16.25,16.5,7.781296730041504,47500
2022-02-07,NCPL,16.489999771118164,16.489999771118164,16.149999618530273,16.15999984741211,7.620955467224121,75500
2022-02-08,NCPL,16.260000228881836,17.3700008392334,16.18000030517578,17.3700008392334,8.191583633422852,318000
2022-02-09,NCPL,17.989999771118164,18.670000076293945,17.75,18.670000076293945,8.804656028747559,798000
2022-02-10,NCPL,19.200000762939453,19.239999771118164,18.010000228881836,18.110000610351562,8.540563583374023,482000
2022-02-11,NCPL,18.200000762939453,18.200000762939453,17.799999237060547,18.0,8.488687515258789,176500
2022-02-14,NCPL,17.969999313354492,18.049999237060547,17.700000762939453,18.010000228881836,8.493404388427734,230500
2022-02-15,NCPL,18.200000762939453,18.290000915527344,17.299999237060547,17.5,8.252890586853027,735000
2022-02-16,NCPL,17.350000381469727,17.889999389648438,17.299999237060547,17.5,8.252890586853027,70500
2022-02-17,NCPL,17.5,17.600000381469727,17.25,17.5,8.252890586853027,105500
2022-02-18,NCPL,17.5,18.600000381469727,17.5,18.399999618530273,8.677325248718262,163000
2022-02-21,NCPL,18.25,18.850000381469727,17.020000457763672,17.020000457763672,8.026525497436523,805500
2022-02-22,NCPL,15.75,15.75,15.75,15.75,7.427602291107178,48500
2022-02-23,NCPL,15.020000457763672,16.049999237060547,15.010000228881836,15.729999542236328,7.418169975280762,936000
2022-02-24,NCPL,15.350000381469727,15.5,15.0,15.0,7.073906898498535,173500
2022-02-25,NCPL,15.0,15.199999809265137,14.510000228881836,14.899999618530273,7.02674674987793,384000
2022-02-28,NCPL,14.800000190734863,14.890000343322754,14.199999809265137,14.649999618530273,6.908848762512207,521000
2022-03-01,NCPL,14.710000038146973,15.0,14.010000228881836,14.529999732971191,6.85225772857666,1617500
2022-03-02,NCPL,14.529999732971191,14.529999732971191,13.899999618530273,14.020000457763672,6.611745357513428,723500
2022-03-03,NCPL,13.899999618530273,14.09000015258789,13.520000457763672,14.0,6.602313041687012,1332500
2022-03-04,NCPL,13.699999809265137,14.050000190734863,13.569999694824219,14.0,6.602313041687012,1642500
2022-03-07,NCPL,13.899999618530273,14.25,13.550000190734863,13.9399995803833,6.574016571044922,123500
2022-03-08,NCPL,14.0,14.0,13.600000381469727,13.680000305175781,6.451402187347412,113000
2022-03-09,NCPL,13.600000381469727,13.770000457763672,13.600000381469727,13.770000457763672,6.493846416473389,18000
2022-03-10,NCPL,13.949999809265137,14.489999771118164,13.949999809265137,14.25,6.720211029052734,167000
2022-03-11,NCPL,14.100000381469727,15.079999923706055,14.100000381469727,14.90999984741211,7.031462669372559,200500
2022-03-14,NCPL,14.84000015258789,16.020000457763672,14.84000015258789,16.020000457763672,7.554932594299316,654500
2022-03-15,NCPL,16.5,16.600000381469727,15.779999732971191,15.920000076293945,7.507772922515869,107000
2022-03-16,NCPL,16.350000381469727,16.350000381469727,15.850000381469727,15.989999771118164,7.540783882141113,53000
2022-03-17,NCPL,15.859999656677246,16.5,15.859999656677246,16.489999771118164,7.776581764221191,328000
2022-03-18,NCPL,16.059999465942383,16.979999542236328,16.0,16.899999618530273,7.969933986663818,364000
2022-03-21,NCPL,16.510000228881836,16.75,16.149999618530273,16.479999542236328,7.771865367889404,737500
2022-03-22,NCPL,16.350000381469727,16.600000381469727,16.350000381469727,16.559999465942383,7.8095927238464355,57500
2022-03-23,NCPL,16.559999465942383,16.559999465942383,16.559999465942383,16.559999465942383,7.8095927238464355,0
2022-03-24,NCPL,17.0,17.0,16.360000610351562,16.530000686645508,7.795444965362549,34500
2022-03-25,NCPL,16.969999313354492,16.979999542236328,16.399999618530273,16.399999618530273,7.734138011932373,38500
2022-03-28,NCPL,16.440000534057617,16.440000534057617,16.0,16.040000915527344,7.564364910125732,28500
2022-03-29,NCPL,16.100000381469727,16.530000686645508,16.100000381469727,16.299999237060547,7.686977863311768,11000
2022-03-30,NCPL,16.299999237060547,16.299999237060547,16.149999618530273,16.290000915527344,7.682262420654297,14500
2022-03-31,NCPL,16.25,16.5,16.110000610351562,16.309999465942383,7.691694736480713,38500
2022-04-01,NCPL,16.309999465942383,17.0,16.110000610351562,16.979999542236328,8.007661819458008,263500
2022-04-04,NCPL,16.100000381469727,16.5,15.899999618530273,16.010000228881836,7.550216197967529,119000
2022-04-05,NCPL,16.100000381469727,16.5,16.100000381469727,16.299999237060547,7.686977863311768,42000
2022-04-06,NCPL,16.5,16.5,16.209999084472656,16.5,7.781296730041504,25000
2022-04-07,NCPL,16.219999313354492,16.489999771118164,15.899999618530273,16.010000228881836,7.550216197967529,61500
2022-04-08,NCPL,16.350000381469727,16.700000762939453,16.350000381469727,16.5,7.781296730041504,77000
2022-04-11,NCPL,17.690000534057617,17.690000534057617,16.700000762939453,17.360000610351562,8.186867713928223,111500
2022-04-12,NCPL,17.0,17.25,16.81999969482422,17.25,8.134992599487305,69500
2022-04-13,NCPL,17.100000381469727,17.299999237060547,17.100000381469727,17.200000762939453,8.11141300201416,120000
2022-04-14,NCPL,17.010000228881836,17.149999618530273,17.010000228881836,17.149999618530273,8.087833404541016,37000
2022-04-15,NCPL,17.360000610351562,17.469999313354492,17.25,17.440000534057617,8.224595069885254,12500
2022-04-18,NCPL,17.149999618530273,17.15999984741211,17.100000381469727,17.100000381469727,8.064252853393555,35500
2022-04-19,NCPL,17.1299991607666,17.1299991607666,17.0,17.0,8.017094612121582,61000
2022-04-20,NCPL,17.0,17.200000762939453,16.899999618530273,17.1299991607666,8.078400611877441,39000
2022-04-21,NCPL,16.760000228881836,16.770000457763672,16.399999618530273,16.459999084472656,7.76243257522583,51000
2022-04-22,NCPL,16.31999969482422,16.739999771118164,16.299999237060547,16.5,7.781296730041504,215500
2022-04-25,NCPL,16.5,17.0,15.949999809265137,16.510000228881836,7.786013603210449,139500
2022-04-26,NCPL,16.75,16.75,16.399999618530273,16.489999771118164,7.776581764221191,17500
2022-04-27,NCPL,16.260000228881836,16.489999771118164,16.260000228881836,16.31999969482422,7.696410179138184,3000
2022-04-28,NCPL,15.800000190734863,16.799999237060547,15.699999809265137,16.3799991607666,7.724706172943115,309000
2022-04-29,NCPL,16.3799991607666,16.3799991607666,16.3799991607666,16.3799991607666,7.724706172943115,0
2022-05-02,NCPL,16.3799991607666,16.3799991607666,16.3799991607666,16.3799991607666,7.724706172943115,0
2022-05-03,NCPL,16.3799991607666,16.3799991607666,16.3799991607666,16.3799991607666,7.724706172943115,0
2022-05-04,NCPL,16.3799991607666,16.3799991607666,16.3799991607666,16.3799991607666,7.724706172943115,0
2022-05-05,NCPL,16.3799991607666,16.3799991607666,16.3799991607666,16.3799991607666,7.724706172943115,0
2022-05-06,NCPL,16.299999237060547,16.299999237060547,15.15999984741211,15.170000076293945,7.154077529907227,210500
2022-05-09,NCPL,15.010000228881836,15.010000228881836,14.039999961853027,14.529999732971191,6.85225772857666,109500
2022-05-10,NCPL,14.119999885559082,14.579999923706055,14.119999885559082,14.300000190734863,6.743791103363037,121500
2022-05-11,NCPL,14.229999542236328,14.5,14.15999984741211,14.479999542236328,6.828677177429199,34000
2022-05-12,NCPL,14.350000381469727,14.989999771118164,14.100000381469727,14.920000076293945,7.036178112030029,257500
2022-05-13,NCPL,14.5600004196167,15.0,14.399999618530273,14.920000076293945,7.036178112030029,122500
2022-05-16,NCPL,14.520000457763672,15.0,14.520000457763672,14.649999618530273,6.908848762512207,53000
2022-05-17,NCPL,14.609999656677246,15.140000343322754,14.600000381469727,14.970000267028809,7.05975866317749,41000
2022-05-18,NCPL,14.609999656677246,15.399999618530273,14.609999656677246,15.260000228881836,7.196520805358887,27500
2022-05-19,NCPL,14.800000190734863,15.5,14.800000190734863,15.470000267028809,7.29555606842041,95500
2022-05-20,NCPL,15.25,15.739999771118164,15.25,15.619999885559082,7.3662943840026855,10500
2022-05-23,NCPL,15.100000381469727,15.479999542236328,15.100000381469727,15.130000114440918,7.135213851928711,7500
2022-05-24,NCPL,15.050000190734863,15.25,15.050000190734863,15.199999809265137,7.168225288391113,18000
2022-05-25,NCPL,15.0,15.100000381469727,15.0,15.100000381469727,7.121065616607666,24500
2022-05-26,NCPL,15.300000190734863,15.5,15.300000190734863,15.5,7.3097028732299805,53000
2022-05-27,NCPL,15.109999656677246,16.3799991607666,15.109999656677246,15.699999809265137,7.404021739959717,196000
2022-05-30,NCPL,15.5,16.0,15.5,15.989999771118164,7.540783882141113,24000
2022-05-31,NCPL,15.899999618530273,15.949999809265137,15.350000381469727,15.6899995803833,7.399306297302246,34500
2022-06-01,NCPL,15.899999618530273,16.149999618530273,15.899999618530273,16.0,7.5455002784729,814500
2022-06-02,NCPL,15.529999732971191,16.0,15.5,15.520000457763672,7.3191351890563965,121000
2022-06-03,NCPL,15.5,15.5,14.510000228881836,15.1899995803833,7.163508892059326,37000
2022-06-06,NCPL,15.350000381469727,15.350000381469727,15.0,15.0,7.073906898498535,2500
2022-06-07,NCPL,15.0,15.0,15.0,15.0,7.073906898498535,0
2022-06-08,NCPL,15.010000228881836,15.010000228881836,15.0,15.0,7.073906898498535,2000
2022-06-09,NCPL,15.0,15.899999618530273,15.0,15.1899995803833,7.163508892059326,210000
2022-06-10,NCPL,15.109999656677246,15.109999656677246,14.600000381469727,15.0,7.073906898498535,908500
2022-06-13,NCPL,14.609999656677246,14.899999618530273,14.600000381469727,14.899999618530273,7.02674674987793,6500
2022-06-14,NCPL,14.630000114440918,14.630000114440918,14.550000190734863,14.59000015258789,6.880552768707275,2000
2022-06-15,NCPL,14.59000015258789,15.0,14.510000228881836,14.529999732971191,6.85225772857666,21500
2022-06-16,NCPL,14.699999809265137,14.710000038146973,14.529999732971191,14.710000038146973,6.937144756317139,239000
2022-06-17,NCPL,14.979999542236328,15.75,14.979999542236328,15.149999618530273,7.1446452140808105,376500
2022-06-20,NCPL,15.449999809265137,15.75,15.100000381469727,15.699999809265137,7.404021739959717,282500
2022-06-21,NCPL,15.25,15.489999771118164,15.199999809265137,15.359999656677246,7.243680477142334,6000
2022-06-22,NCPL,15.5,15.5,15.5,15.5,7.3097028732299805,2000
2022-06-23,NCPL,16.049999237060547,16.65999984741211,16.0,16.65999984741211,7.856752395629883,1495000
2022-06-24,NCPL,17.399999618530273,17.399999618530273,15.420000076293945,15.550000190734863,7.333283424377441,2290000
2022-06-27,NCPL,15.800000190734863,15.800000190734863,15.350000381469727,15.489999771118164,7.30498743057251,110000
2022-06-28,NCPL,15.25,15.390000343322754,14.699999809265137,14.829999923706055,6.993735313415527,142500
2022-06-29,NCPL,14.699999809265137,15.100000381469727,14.649999618530273,14.920000076293945,7.036178112030029,54000
2022-06-30,NCPL,15.050000190734863,15.199999809265137,14.869999885559082,14.90999984741211,7.031462669372559,33000
2022-07-01,NCPL,14.800000190734863,16.020000457763672,14.800000190734863,15.800000190734863,7.451181411743164,689500
2022-07-04,NCPL,16.0,16.739999771118164,16.0,16.639999389648438,7.847320079803467,350500
2022-07-05,NCPL,16.649999618530273,16.989999771118164,16.200000762939453,16.739999771118164,7.894479274749756,399500
2022-07-06,NCPL,16.510000228881836,17.479999542236328,16.5,17.06999969482422,8.050105094909668,496000
2022-07-07,NCPL,17.479999542236328,18.350000381469727,17.049999237060547,18.020000457763672,8.498120307922363,2591000
2022-07-08,NCPL,18.020000457763672,18.020000457763672,18.020000457763672,18.020000457763672,8.498120307922363,0
2022-07-11,NCPL,18.020000457763672,18.020000457763672,18.020000457763672,18.020000457763672,8.498120307922363,0
2022-07-12,NCPL,18.020000457763672,18.020000457763672,18.020000457763672,18.020000457763672,8.498120307922363,0
2022-07-13,NCPL,18.5,18.579999923706055,17.25,17.950000762939453,8.465108871459961,500500
2022-07-14,NCPL,18.0,18.139999389648438,17.75,17.850000381469727,8.417948722839355,112500
2022-07-15,NCPL,17.610000610351562,18.25,17.5,17.670000076293945,8.333061218261719,457000
2022-07-18,NCPL,17.510000228881836,17.510000228881836,17.25,17.350000381469727,8.18215274810791,89000
2022-07-19,NCPL,17.5,17.5,16.510000228881836,16.610000610351562,7.83317232131958,97500
2022-07-20,NCPL,16.610000610351562,17.200000762939453,16.309999465942383,17.0,8.017094612121582,264500
2022-07-21,NCPL,16.65999984741211,16.670000076293945,16.399999618530273,16.399999618530273,7.734138011932373,16000
2022-07-22,NCPL,16.299999237060547,17.0,16.299999237060547,16.950000762939453,7.993514537811279,102500
2022-07-25,NCPL,16.25,17.049999237060547,16.25,17.0,8.017094612121582,85500
2022-07-26,NCPL,17.0,17.149999618530273,17.0,17.0,8.017094612121582,63500
2022-07-27,NCPL,17.0,17.0,16.510000228881836,16.889999389648438,7.965218544006348,24500
2022-07-28,NCPL,17.049999237060547,17.100000381469727,16.709999084472656,16.979999542236328,8.007661819458008,96500
2022-07-29,NCPL,16.75,17.299999237060547,15.710000038146973,16.989999771118164,8.012377738952637,227000
2022-08-01,NCPL,17.149999618530273,17.25,16.299999237060547,16.780000686645508,7.913343906402588,125000
2022-08-02,NCPL,16.360000610351562,16.700000762939453,16.25,16.530000686645508,7.795444965362549,706000
2022-08-03,NCPL,16.989999771118164,16.989999771118164,15.510000228881836,16.059999465942383,7.573795318603516,3782500
2022-08-04,NCPL,16.0,16.850000381469727,16.0,16.770000457763672,7.908627033233643,623000
2022-08-05,NCPL,16.850000381469727,18.020000457763672,16.850000381469727,18.020000457763672,8.498120307922363,1034000
2022-08-08,NCPL,18.020000457763672,18.020000457763672,18.020000457763672,18.020000457763672,8.498120307922363,0
2022-08-09,NCPL,18.020000457763672,18.020000457763672,18.020000457763672,18.020000457763672,8.498120307922363,0
2022-08-10,NCPL,18.489999771118164,19.3700008392334,18.489999771118164,19.3700008392334,9.134772300720215,840500
2022-08-11,NCPL,20.549999237060547,20.600000381469727,19.600000381469727,20.459999084472656,9.648807525634766,2658500
2022-08-12,NCPL,20.75,21.989999771118164,20.459999084472656,21.989999771118164,10.370346069335938,2800000
2022-08-15,NCPL,23.100000381469727,23.6299991607666,22.149999618530273,23.579999923706055,11.1201810836792,6613500
2022-08-16,NCPL,25.34000015258789,25.34000015258789,25.34000015258789,25.34000015258789,11.950186729431152,20000
2022-08-17,NCPL,27.239999771118164,27.239999771118164,26.549999237060547,26.920000076293945,12.695303916931152,15267500
2022-08-18,NCPL,26.920000076293945,26.920000076293945,25.75,25.93000030517578,12.228426933288574,6102000
2022-08-19,NCPL,25.809999465942383,26.329999923706055,24.799999237060547,25.920000076293945,12.223710060119629,13349500
2022-08-22,NCPL,25.719999313354492,26.450000762939453,25.700000762939453,26.15999984741211,12.336893081665039,4524500
2022-08-23,NCPL,26.690000534057617,26.739999771118164,26.010000228881836,26.139999389648438,12.327461242675781,5541500
2022-08-24,NCPL,26.190000534057617,26.3700008392334,25.799999237060547,26.09000015258789,12.303881645202637,3963000
2022-08-25,NCPL,26.190000534057617,26.5,25.690000534057617,25.950000762939453,12.237858772277832,8703500
2022-08-26,NCPL,25.799999237060547,26.149999618530273,25.239999771118164,25.59000015258789,12.068084716796875,6049500
2022-08-29,NCPL,15.699999809265137,15.699999809265137,14.949999809265137,15.199999809265137,11.766188621520996,2535500
2022-08-30,NCPL,15.59000015258789,15.59000015258789,14.800000190734863,14.890000343322754,11.52622127532959,2062000
2022-08-31,NCPL,15.050000190734863,15.100000381469727,14.460000038146973,14.510000228881836,11.23206615447998,1695000
2022-09-01,NCPL,14.699999809265137,14.75,14.25,14.300000190734863,11.069506645202637,1054000
2022-09-02,NCPL,14.399999618530273,14.399999618530273,14.15999984741211,14.220000267028809,11.00757884979248,695000
2022-09-05,NCPL,14.220000267028809,14.380000114440918,13.800000190734863,13.880000114440918,10.744388580322266,1042000
2022-09-06,NCPL,14.09000015258789,14.09000015258789,13.5,13.550000190734863,10.488938331604004,1614500
2022-09-07,NCPL,13.75,14.0,13.550000190734863,13.850000381469727,10.721165657043457,1104500
2022-09-08,NCPL,13.930000305175781,14.199999809265137,13.760000228881836,14.149999618530273,10.953392028808594,641500
2022-09-09,NCPL,14.0,14.420000076293945,14.0,14.25,11.030801773071289,956500
2022-09-12,NCPL,14.359999656677246,14.359999656677246,13.960000038146973,14.010000228881836,10.845020294189453,494000
2022-09-13,NCPL,14.180000305175781,14.140000343322754,14.0,14.029999732971191,10.860501289367676,406000
2022-09-14,NCPL,14.0,14.149999618530273,13.899999618530273,14.079999923706055,10.89920711517334,304000
2022-09-15,NCPL,14.1899995803833,14.350000381469727,14.0,14.020000457763672,10.852761268615723,1839000
2022-09-16,NCPL,14.180000305175781,14.180000305175781,13.800000190734863,13.949999809265137,10.798574447631836,200000
2022-09-19,NCPL,13.949999809265137,14.09000015258789,13.850000381469727,13.869999885559082,10.736647605895996,291500
2022-09-20,NCPL,13.899999618530273,13.989999771118164,13.600000381469727,13.630000114440918,10.550865173339844,634000
2022-09-21,NCPL,13.600000381469727,13.649999618530273,13.369999885559082,13.470000267028809,10.427010536193848,728500
2022-09-22,NCPL,13.399999618530273,13.399999618530273,13.100000381469727,13.270000457763672,10.27219295501709,636000
2022-09-23,NCPL,13.270000457763672,13.300000190734863,13.130000114440918,13.149999618530273,10.179301261901855,550000
2022-09-26,NCPL,13.489999771118164,13.5,13.15999984741211,13.449999809265137,10.411528587341309,691000
2022-09-27,NCPL,13.550000190734863,14.180000305175781,13.550000190734863,13.699999809265137,10.60505199432373,500500
2022-09-28,NCPL,13.649999618530273,13.800000190734863,13.649999618530273,13.699999809265137,10.60505199432373,285500
2022-09-29,NCPL,13.800000190734863,13.800000190734863,13.350000381469727,13.449999809265137,10.411528587341309,579000
2022-09-30,NCPL,13.3100004196167,13.649999618530273,13.25,13.300000190734863,10.295414924621582,437500
2022-10-03,NCPL,13.199999809265137,13.729999542236328,13.199999809265137,13.34000015258789,10.32637882232666,657500
2022-10-04,NCPL,13.5,13.5,13.25,13.3100004196167,10.303156852722168,704000
2022-10-05,NCPL,13.619999885559082,13.619999885559082,13.199999809265137,13.260000228881836,10.26445198059082,426500
2022-10-06,NCPL,13.210000038146973,13.399999618530273,13.100000381469727,13.289999961853027,10.287674903869629,846500
2022-10-07,NCPL,13.390000343322754,13.449999809265137,13.119999885559082,13.329999923706055,10.31863784790039,462500
2022-10-10,NCPL,13.550000190734863,13.699999809265137,13.300000190734863,13.449999809265137,10.411528587341309,563000
2022-10-11,NCPL,13.329999923706055,13.600000381469727,13.329999923706055,13.40999984741211,10.38056468963623,435500
2022-10-12,NCPL,13.5,13.529999732971191,13.3100004196167,13.399999618530273,10.372823715209961,310000
2022-10-13,NCPL,13.5,14.390000343322754,13.300000190734863,14.260000228881836,11.038542747497559,2393500
2022-10-14,NCPL,14.300000190734863,14.300000190734863,13.90999984741211,14.010000228881836,10.845020294189453,977500
2022-10-17,NCPL,14.15999984741211,14.15999984741211,13.699999809265137,13.800000190734863,10.68246078491211,376000
2022-10-18,NCPL,13.949999809265137,14.039999961853027,13.8100004196167,13.880000114440918,10.744388580322266,275000
2022-10-19,NCPL,13.8100004196167,14.109999656677246,13.760000228881836,14.069999694824219,10.891465187072754,574500
2022-10-20,NCPL,14.050000190734863,15.119999885559082,13.949999809265137,15.119999885559082,11.704261779785156,4326000
2022-10-21,NCPL,15.5,16.25,15.149999618530273,16.25,12.578984260559082,11292500
2022-10-24,NCPL,16.899999618530273,17.459999084472656,16.889999389648438,17.459999084472656,13.515634536743164,1708000
2022-10-25,NCPL,17.90999984741211,18.100000381469727,16.399999618530273,16.540000915527344,12.803471565246582,9075500
2022-10-26,NCPL,16.40999984741211,16.440000534057617,15.479999542236328,16.280000686645508,12.602208137512207,4424500
2022-10-27,NCPL,16.200000762939453,16.350000381469727,15.0600004196167,15.109999656677246,11.696520805358887,4279000
2022-10-28,NCPL,15.300000190734863,15.5,13.979999542236328,14.180000305175781,10.976615905761719,6516500
2022-10-31,NCPL,14.210000038146973,15.0,14.210000038146973,14.5600004196167,11.270770072937012,2953500
2022-11-01,NCPL,14.600000381469727,14.770000457763672,14.5,14.59000015258789,11.29399299621582,869000
2022-11-02,NCPL,14.600000381469727,14.649999618530273,14.140000343322754,14.470000267028809,11.201103210449219,1255000
2022-11-03,NCPL,14.600000381469727,14.84000015258789,14.260000228881836,14.449999809265137,11.185620307922363,1637500
2022-11-04,NCPL,14.109999656677246,14.489999771118164,14.109999656677246,14.369999885559082,11.123692512512207,403500
2022-11-07,NCPL,14.40999984741211,14.600000381469727,14.399999618530273,14.489999771118164,11.216584205627441,1126000
2022-11-08,NCPL,14.880000114440918,14.880000114440918,14.5,14.569999694824219,11.278511047363281,1368000
2022-11-09,NCPL,14.569999694824219,14.569999694824219,14.569999694824219,14.569999694824219,11.278511047363281,0
2022-11-10,NCPL,14.649999618530273,14.699999809265137,14.470000267028809,14.619999885559082,11.317215919494629,752500
2022-11-11,NCPL,14.850000381469727,14.850000381469727,14.520000457763672,14.720000267028809,11.394625663757324,1448500
2022-11-14,NCPL,14.569999694824219,14.890000343322754,14.520000457763672,14.649999618530273,11.340437889099121,549000
2022-11-15,NCPL,14.779999732971191,14.779999732971191,14.5,14.539999961853027,11.255288124084473,1240000
2022-11-16,NCPL,14.6899995803833,14.6899995803833,14.449999809265137,14.5,11.224325180053711,592500
2022-11-17,NCPL,14.630000114440918,14.699999809265137,14.399999618530273,14.529999732971191,11.24754810333252,681500
2022-11-18,NCPL,14.350000381469727,14.579999923706055,14.350000381469727,14.520000457763672,11.23980712890625,230000
2022-11-21,NCPL,14.59000015258789,14.75,14.380000114440918,14.649999618530273,11.340437889099121,1734000
2022-11-22,NCPL,14.779999732971191,14.899999618530273,14.5600004196167,14.609999656677246,11.309473991394043,1174000
2022-11-23,NCPL,14.619999885559082,14.729999542236328,14.489999771118164,14.510000228881836,11.23206615447998,862000
2022-11-24,NCPL,14.6899995803833,14.6899995803833,14.489999771118164,14.510000228881836,11.23206615447998,323000
2022-11-25,NCPL,14.550000190734863,14.800000190734863,14.399999618530273,14.460000038146973,11.193361282348633,1503000
2022-11-28,NCPL,14.300000190734863,14.300000190734863,13.949999809265137,14.069999694824219,10.891465187072754,1219500
2022-11-29,NCPL,14.079999923706055,14.180000305175781,13.899999618530273,14.100000381469727,10.914689064025879,974500
2022-11-30,NCPL,14.1899995803833,15.149999618530273,14.1899995803833,15.149999618530273,11.727484703063965,6671500
2022-12-01,NCPL,15.350000381469727,15.819999694824219,15.199999809265137,15.430000305175781,11.944230079650879,6612000
2022-12-02,NCPL,15.420000076293945,15.420000076293945,14.869999885559082,15.119999885559082,11.704261779785156,2014000
2022-12-05,NCPL,15.239999771118164,15.279999732971191,14.569999694824219,14.640000343322754,11.332697868347168,592500
2022-12-06,NCPL,14.5600004196167,14.75,14.0,14.390000343322754,11.139174461364746,1229000
2022-12-07,NCPL,14.6899995803833,14.779999732971191,14.600000381469727,14.640000343322754,11.332697868347168,675000
2022-12-08,NCPL,14.609999656677246,14.75,14.399999618530273,14.510000228881836,11.23206615447998,324500
2022-12-09,NCPL,14.5,14.649999618530273,14.399999618530273,14.420000076293945,11.162397384643555,351000
2022-12-12,NCPL,14.359999656677246,14.5,14.300000190734863,14.4399995803833,11.177878379821777,398500
2022-12-13,NCPL,14.350000381469727,14.720000267028809,14.350000381469727,14.6899995803833,11.3714017868042,762500
2022-12-14,NCPL,14.579999923706055,14.680000305175781,14.5,14.529999732971191,11.24754810333252,242000
2022-12-15,NCPL,14.569999694824219,14.569999694824219,14.260000228881836,14.289999961853027,11.061765670776367,536500
2022-12-16,NCPL,14.270000457763672,14.5,14.260000228881836,14.300000190734863,11.069506645202637,525500
2022-12-19,NCPL,14.199999809265137,14.300000190734863,13.90999984741211,13.960000038146973,10.806315422058105,718500
2022-12-20,NCPL,14.25,14.25,13.25,13.380000114440918,10.357341766357422,1174000
2022-12-21,NCPL,13.380000114440918,13.600000381469727,13.100000381469727,13.140000343322754,10.171561241149902,694000
2022-12-22,NCPL,13.199999809265137,13.539999961853027,13.199999809265137,13.420000076293945,10.388306617736816,525000
2022-12-23,NCPL,13.489999771118164,13.489999771118164,13.149999618530273,13.260000228881836,10.26445198059082,487000
2022-12-26,NCPL,13.210000038146973,13.640000343322754,13.170000076293945,13.270000457763672,10.27219295501709,810500
2022-12-27,NCPL,13.5,13.5,13.050000190734863,13.09000015258789,10.132856369018555,453000
2022-12-28,NCPL,13.130000114440918,13.199999809265137,12.699999809265137,12.779999732971191,9.892887115478516,1013500
2022-12-29,NCPL,12.899999618530273,13.300000190734863,12.869999885559082,13.239999771118164,10.248970031738281,708000
2022-12-30,NCPL,13.390000343322754,14.239999771118164,13.260000228881836,14.229999542236328,11.01531982421875,4379500
2023-01-02,NCPL,14.25,14.5,13.890000343322754,14.260000228881836,11.038542747497559,964000
2023-01-03,NCPL,14.25,14.270000457763672,14.0,14.170000076293945,10.96887493133545,478000
2023-01-04,NCPL,13.90999984741211,14.640000343322754,13.90999984741211,14.369999885559082,11.123692512512207,1146000
2023-01-05,NCPL,14.489999771118164,14.539999961853027,14.140000343322754,14.1899995803833,10.984355926513672,185500
2023-01-06,NCPL,14.100000381469727,14.350000381469727,14.100000381469727,14.25,11.030801773071289,246000
2023-01-09,NCPL,14.149999618530273,14.25,13.850000381469727,13.979999542236328,10.821796417236328,523500
2023-01-10,NCPL,14.0,14.25,14.0,14.15999984741211,10.96113395690918,392000
2023-01-11,NCPL,14.25,14.800000190734863,14.25,14.6899995803833,11.3714017868042,1523500
2023-01-12,NCPL,14.699999809265137,15.710000038146973,14.600000381469727,15.510000228881836,12.006157875061035,4171500
2023-01-13,NCPL,15.010000228881836,15.579999923706055,15.0,15.199999809265137,11.766188621520996,1718500
2023-01-16,NCPL,15.109999656677246,15.350000381469727,14.949999809265137,15.260000228881836,11.812634468078613,741000
2023-01-17,NCPL,15.300000190734863,15.380000114440918,14.710000038146973,14.960000038146973,11.58040714263916,983500
2023-01-18,NCPL,14.949999809265137,15.25,14.899999618530273,15.199999809265137,11.766188621520996,1064500
2023-01-19,NCPL,15.380000114440918,15.850000381469727,15.130000114440918,15.550000190734863,12.037120819091797,1526500
2023-01-20,NCPL,15.550000190734863,15.84000015258789,15.5,15.609999656677246,12.083565711975098,820500
2023-01-23,NCPL,15.5,15.5,15.239999771118164,15.34000015258789,11.87456226348877,181000
2023-01-24,NCPL,15.350000381469727,15.600000381469727,15.300000190734863,15.470000267028809,11.975193977355957,958500
2023-01-25,NCPL,15.3100004196167,15.75,15.300000190734863,15.449999809265137,11.959711074829102,556000
2023-01-26,NCPL,15.6899995803833,15.6899995803833,15.350000381469727,15.520000457763672,12.013897895812988,282000
2023-01-27,NCPL,15.5,15.800000190734863,15.449999809265137,15.630000114440918,12.099047660827637,686500
2023-01-30,NCPL,15.630000114440918,15.800000190734863,15.40999984741211,15.470000267028809,11.975193977355957,310000
2023-01-31,NCPL,15.399999618530273,15.789999961853027,15.399999618530273,15.680000305175781,12.137752532958984,615500
2023-02-01,NCPL,15.670000076293945,15.819999694824219,15.619999885559082,15.75,12.191939353942871,372500
2023-02-02,NCPL,15.789999961853027,15.800000190734863,15.579999923706055,15.649999618530273,12.11452865600586,238000
2023-02-03,NCPL,15.789999961853027,16.700000762939453,15.75,16.530000686645508,12.795730590820312,3492000
2023-02-06,NCPL,16.75,16.969999313354492,16.5,16.56999969482422,12.826693534851074,1227000
2023-02-07,NCPL,16.5,17.18000030517578,16.5,16.889999389648438,13.074402809143066,2745000
2023-02-08,NCPL,16.84000015258789,16.950000762939453,16.299999237060547,16.479999542236328,12.757025718688965,779500
2023-02-09,NCPL,16.270000457763672,16.5,16.010000228881836,16.329999923706055,12.640913009643555,1081000
2023-02-10,NCPL,16.010000228881836,16.350000381469727,15.84000015258789,16.0,12.385461807250977,422000
2023-02-13,NCPL,15.8100004196167,17.100000381469727,15.75,17.020000457763672,13.17503547668457,3039500
2023-02-14,NCPL,17.049999237060547,17.06999969482422,16.399999618530273,16.770000457763672,12.981512069702148,1708500
2023-02-15,NCPL,16.770000457763672,16.770000457763672,16.25,16.530000686645508,12.795730590820312,1259000
2023-02-16,NCPL,16.40999984741211,16.649999618530273,16.299999237060547,16.350000381469727,12.656394004821777,918000
2023-02-17,NCPL,16.299999237060547,16.549999237060547,16.229999542236328,16.399999618530273,12.695098876953125,1143000
2023-02-20,NCPL,16.399999618530273,16.780000686645508,16.0,16.25,12.578984260559082,2149000
2023-02-21,NCPL,16.270000457763672,16.690000534057617,15.039999961853027,15.039999961853027,11.642333984375,2130000
2023-02-22,NCPL,14.399999618530273,14.510000228881836,14.100000381469727,14.359999656677246,11.115951538085938,3480500
2023-02-23,NCPL,14.149999618530273,14.399999618530273,14.109999656677246,14.180000305175781,10.976615905761719,1317500
2023-02-24,NCPL,14.149999618530273,14.449999809265137,14.0,14.09000015258789,10.906947135925293,934000
2023-02-27,NCPL,14.020000457763672,14.199999809265137,14.0,14.140000343322754,10.94565200805664,333500
2023-02-28,NCPL,14.140000343322754,14.149999618530273,13.40999984741211,13.729999542236328,10.628273963928223,2402000
2023-03-01,NCPL,13.510000228881836,14.0,13.510000228881836,13.850000381469727,10.721165657043457,595500
2023-03-02,NCPL,13.800000190734863,14.050000190734863,13.5,13.600000381469727,10.527642250061035,3344500
2023-03-03,NCPL,13.600000381469727,14.0,13.460000038146973,13.84000015258789,10.713424682617188,1258000
2023-03-06,NCPL,13.75,14.199999809265137,13.75,13.970000267028809,10.814056396484375,1648000
2023-03-07,NCPL,14.130000114440918,14.180000305175781,13.899999618530273,14.010000228881836,10.845020294189453,1007500
2023-03-08,NCPL,13.90999984741211,14.239999771118164,13.90999984741211,14.199999809265137,10.992096900939941,872000
2023-03-09,NCPL,14.279999732971191,14.399999618530273,14.0600004196167,14.210000038146973,10.999838829040527,942000
2023-03-10,NCPL,14.260000228881836,14.4399995803833,14.149999618530273,14.220000267028809,11.00757884979248,883000
2023-03-13,NCPL,14.260000228881836,14.449999809265137,14.149999618530273,14.260000228881836,11.038542747497559,307500
2023-03-14,NCPL,14.260000228881836,14.300000190734863,14.119999885559082,14.229999542236328,11.01531982421875,355000
2023-03-15,NCPL,14.170000076293945,14.289999961853027,14.170000076293945,14.25,11.030801773071289,309500
2023-03-16,NCPL,14.369999885559082,14.380000114440918,14.25,14.3100004196167,11.077247619628906,408000
2023-03-17,NCPL,14.260000228881836,14.350000381469727,14.199999809265137,14.270000457763672,11.046284675598145,146000
2023-03-20,NCPL,14.199999809265137,14.34000015258789,14.100000381469727,14.300000190734863,11.069506645202637,335500
2023-03-21,NCPL,14.300000190734863,14.75,14.300000190734863,14.699999809265137,11.379143714904785,1018000
2023-03-22,NCPL,14.800000190734863,14.9399995803833,14.399999618530273,14.489999771118164,11.216584205627441,1054000
2023-03-23,NCPL,14.489999771118164,14.489999771118164,14.489999771118164,14.489999771118164,11.216584205627441,0
2023-03-24,NCPL,14.350000381469727,14.350000381469727,14.0,14.1899995803833,10.984355926513672,652500
2023-03-27,NCPL,14.199999809265137,14.199999809265137,14.0,14.100000381469727,10.914689064025879,254500
2023-03-28,NCPL,14.109999656677246,14.199999809265137,14.0,14.100000381469727,10.914689064025879,248500
2023-03-29,NCPL,14.069999694824219,14.199999809265137,14.0600004196167,14.079999923706055,10.89920711517334,337000
2023-03-30,NCPL,14.100000381469727,14.350000381469727,14.029999732971191,14.260000228881836,11.038542747497559,410000
2023-03-31,NCPL,14.479999542236328,14.569999694824219,14.3100004196167,14.470000267028809,11.201103210449219,526000
2023-04-03,NCPL,14.649999618530273,14.649999618530273,14.40999984741211,14.489999771118164,11.216584205627441,251000
2023-04-04,NCPL,14.449999809265137,14.5,14.210000038146973,14.3100004196167,11.077247619628906,438500
2023-04-05,NCPL,14.449999809265137,14.5,14.210000038146973,14.460000038146973,11.193361282348633,403000
2023-04-06,NCPL,14.399999618530273,14.649999618530273,14.399999618530273,14.600000381469727,11.30173397064209,201500
2023-04-07,NCPL,14.649999618530273,14.699999809265137,14.369999885559082,14.479999542236328,11.208843231201172,391500
2023-04-10,NCPL,14.520000457763672,14.550000190734863,14.399999618530273,14.5,11.224325180053711,195500
2023-04-11,NCPL,14.5,14.5,14.350000381469727,14.40999984741211,11.154656410217285,162500
2023-04-12,NCPL,14.5,14.699999809265137,14.229999542236328,14.289999961853027,11.061765670776367,539500
2023-04-13,NCPL,14.479999542236328,14.479999542236328,14.199999809265137,14.34000015258789,11.100470542907715,369000
2023-04-14,NCPL,14.34000015258789,14.34000015258789,14.34000015258789,14.34000015258789,11.100470542907715,0
2023-04-17,NCPL,14.449999809265137,14.460000038146973,14.300000190734863,14.350000381469727,11.108211517333984,373000
2023-04-18,NCPL,14.399999618530273,14.460000038146973,14.34000015258789,14.350000381469727,11.108211517333984,328500
2023-04-19,NCPL,14.359999656677246,14.470000267028809,14.350000381469727,14.40999984741211,11.154656410217285,331500
2023-04-20,NCPL,14.40999984741211,14.529999732971191,14.210000038146973,14.260000228881836,11.038542747497559,1174000
2023-04-21,NCPL,14.260000228881836,14.260000228881836,14.260000228881836,14.260000228881836,11.038542747497559,0
2023-04-24,NCPL,14.260000228881836,14.260000228881836,14.260000228881836,14.260000228881836,11.038542747497559,0
2023-04-25,NCPL,14.260000228881836,14.260000228881836,14.260000228881836,14.260000228881836,11.038542747497559,0
2023-04-26,NCPL,14.289999961853027,14.399999618530273,14.199999809265137,14.270000457763672,11.046284675598145,1412000
2023-04-27,NCPL,14.300000190734863,14.399999618530273,13.699999809265137,14.109999656677246,10.922429084777832,2026500
2023-04-28,NCPL,14.010000228881836,14.5,13.899999618530273,14.4399995803833,11.177878379821777,3353000
2023-05-01,NCPL,14.4399995803833,14.4399995803833,14.4399995803833,14.4399995803833,11.177878379821777,0
2023-05-02,NCPL,14.4399995803833,15.520000457763672,14.4399995803833,15.520000457763672,12.013897895812988,3728500
2023-05-03,NCPL,15.6899995803833,15.699999809265137,15.100000381469727,15.15999984741211,11.735224723815918,1862500
2023-05-04,NCPL,15.130000114440918,15.25,14.550000190734863,14.9399995803833,11.564925193786621,798000
2023-05-05,NCPL,14.8100004196167,15.430000305175781,14.8100004196167,15.010000228881836,11.619111061096191,1426500
2023-05-08,NCPL,15.130000114440918,15.5,15.079999923706055,15.180000305175781,11.750706672668457,1476000
2023-05-09,NCPL,15.149999618530273,15.319999694824219,15.0,15.0600004196167,11.657815933227539,1331500
2023-05-10,NCPL,15.020000457763672,15.199999809265137,14.899999618530273,14.930000305175781,11.557184219360352,559000
2023-05-11,NCPL,15.149999618530273,15.449999809265137,15.010000228881836,15.199999809265137,11.766188621520996,626500
2023-05-12,NCPL,15.359999656677246,15.359999656677246,15.0,15.119999885559082,11.704261779785156,458500
2023-05-15,NCPL,15.329999923706055,15.399999618530273,15.109999656677246,15.350000381469727,11.882302284240723,830000
2023-05-16,NCPL,15.34000015258789,16.25,15.329999923706055,16.1299991607666,12.486093521118164,2051000
2023-05-17,NCPL,16.010000228881836,16.350000381469727,14.920000076293945,16.229999542236328,12.563502311706543,1742500
2023-05-18,NCPL,16.149999618530273,16.399999618530273,16.110000610351562,16.270000457763672,12.594466209411621,877000
2023-05-19,NCPL,16.329999923706055,17.299999237060547,16.25,16.68000030517578,12.911844253540039,3519000
2023-05-22,NCPL,16.600000381469727,17.0,16.5,16.59000015258789,12.84217643737793,1566500
2023-05-23,NCPL,16.510000228881836,16.799999237060547,16.399999618530273,16.639999389648438,12.880879402160645,756500
2023-05-24,NCPL,16.700000762939453,16.889999389648438,16.6200008392334,16.65999984741211,12.8963623046875,378500
2023-05-25,NCPL,16.600000381469727,16.700000762939453,16.360000610351562,16.450000762939453,12.733803749084473,322000
2023-05-26,NCPL,16.299999237060547,16.489999771118164,15.649999618530273,15.899999618530273,12.308053016662598,1160500
2023-05-29,NCPL,16.09000015258789,16.399999618530273,15.979999542236328,16.15999984741211,12.509317398071289,926500
2023-05-30,NCPL,16.25,16.290000915527344,16.0,16.09000015258789,12.455129623413086,244000
2023-05-31,NCPL,16.200000762939453,16.25,15.850000381469727,15.989999771118164,12.377720832824707,342000
2023-06-01,NCPL,16.0,16.0,15.40999984741211,15.760000228881836,12.19968032836914,660000
2023-06-02,NCPL,15.899999618530273,15.970000267028809,15.399999618530273,15.819999694824219,12.246124267578125,1202000
2023-06-05,NCPL,16.100000381469727,16.200000762939453,15.699999809265137,15.800000190734863,12.230643272399902,679500
2023-06-06,NCPL,15.800000190734863,15.949999809265137,15.75,15.869999885559082,12.284829139709473,321000
2023-06-07,NCPL,15.800000190734863,16.049999237060547,15.800000190734863,15.90999984741211,12.315793991088867,265000
2023-06-08,NCPL,15.949999809265137,15.949999809265137,15.75,15.789999961853027,12.22290325164795,192500
2023-06-09,NCPL,15.800000190734863,16.190000534057617,15.699999809265137,15.960000038146973,12.354498863220215,231000
2023-06-12,NCPL,15.949999809265137,15.979999542236328,15.800000190734863,15.890000343322754,12.300312042236328,187000
2023-06-13,NCPL,15.859999656677246,16.25,15.859999656677246,16.1299991607666,12.486093521118164,509500
2023-06-14,NCPL,15.850000381469727,16.229999542236328,15.800000190734863,15.8100004196167,12.238385200500488,486000
2023-06-15,NCPL,15.800000190734863,15.899999618530273,15.65999984741211,15.729999542236328,12.176457405090332,320000
2023-06-16,NCPL,15.670000076293945,15.890000343322754,15.25,15.390000343322754,11.913267135620117,556000
2023-06-19,NCPL,15.600000381469727,15.800000190734863,15.25,15.430000305175781,11.944230079650879,457500
2023-06-20,NCPL,15.350000381469727,15.59000015258789,15.180000305175781,15.420000076293945,11.93648910522461,466000
2023-06-21,NCPL,15.399999618530273,15.5,15.270000457763672,15.369999885559082,11.897784233093262,147500
2023-06-22,NCPL,15.5,15.890000343322754,15.399999618530273,15.800000190734863,12.230643272399902,609000
2023-06-23,NCPL,15.8100004196167,15.979999542236328,15.75,15.859999656677246,12.27708911895752,719000
2023-06-26,NCPL,16.010000228881836,17.049999237060547,16.0,16.850000381469727,13.043440818786621,1948000
2023-06-27,NCPL,17.049999237060547,17.049999237060547,16.600000381469727,16.700000762939453,12.927327156066895,887500
2023-06-28,NCPL,16.700000762939453,16.700000762939453,16.700000762939453,16.700000762939453,12.927327156066895,0
2023-06-29,NCPL,16.700000762939453,16.700000762939453,16.700000762939453,16.700000762939453,12.927327156066895,0
2023-06-30,NCPL,16.700000762939453,16.700000762939453,16.700000762939453,16.700000762939453,12.927327156066895,0
2023-07-03,NCPL,17.950000762939453,17.950000762939453,17.25,17.860000610351562,13.825272560119629,2774000
2023-07-04,NCPL,17.920000076293945,17.959999084472656,17.15999984741211,17.729999542236328,13.724638938903809,2305000
2023-07-05,NCPL,18.0,19.059999465942383,17.899999618530273,18.920000076293945,14.645809173583984,8057500
2023-07-06,NCPL,19.049999237060547,19.200000762939453,18.6299991607666,18.799999237060547,14.552918434143066,1846500
2023-07-07,NCPL,18.989999771118164,19.0,18.299999237060547,18.3700008392334,14.220059394836426,996500
2023-07-10,NCPL,18.549999237060547,18.600000381469727,18.329999923706055,18.399999618530273,14.243281364440918,671500
2023-07-11,NCPL,18.450000762939453,18.5,18.25,18.3700008392334,14.220059394836426,986000
2023-07-12,NCPL,18.299999237060547,19.25,18.229999542236328,18.770000457763672,14.529696464538574,3105000
2023-07-13,NCPL,19.0,19.0,18.450000762939453,18.579999923706055,14.382617950439453,1658000
2023-07-14,NCPL,18.549999237060547,18.920000076293945,18.5,18.809999465942383,14.56065845489502,826500
2023-07-17,NCPL,18.8799991607666,18.950000762939453,18.75,18.81999969482422,14.568399429321289,304000
2023-07-18,NCPL,18.850000381469727,19.149999618530273,18.799999237060547,18.969999313354492,14.6845121383667,1250000
2023-07-19,NCPL,19.0,19.15999984741211,18.850000381469727,19.1299991607666,14.808366775512695,540000
2023-07-20,NCPL,19.25,20.15999984741211,19.0,19.8700008392334,15.381195068359375,3042000
2023-07-21,NCPL,19.989999771118164,20.15999984741211,19.799999237060547,19.950000762939453,15.443123817443848,1383000
2023-07-24,NCPL,20.0,20.0,19.670000076293945,19.799999237060547,15.327007293701172,544500
2023-07-25,NCPL,19.709999084472656,19.940000534057617,19.649999618530273,19.860000610351562,15.373455047607422,630000
2023-07-26,NCPL,19.799999237060547,20.09000015258789,19.790000915527344,19.860000610351562,15.373455047607422,891500
2023-07-27,NCPL,19.860000610351562,19.860000610351562,19.860000610351562,19.860000610351562,15.373455047607422,0
2023-07-28,NCPL,19.860000610351562,19.860000610351562,19.860000610351562,19.860000610351562,15.373455047607422,0
2023-07-31,NCPL,20.389999389648438,20.399999618530273,20.049999237060547,20.110000610351562,15.566977500915527,827000
2023-08-01,NCPL,20.18000030517578,20.3700008392334,20.049999237060547,20.25,15.675349235534668,802000
2023-08-02,NCPL,20.3799991607666,20.489999771118164,20.200000762939453,20.3700008392334,15.768241882324219,662500
2023-08-03,NCPL,20.489999771118164,20.489999771118164,19.899999618530273,20.049999237060547,15.52053165435791,983000
2023-08-04,NCPL,19.84000015258789,20.25,19.729999542236328,19.8799991607666,15.388936042785645,1032000
2023-08-07,NCPL,20.0,20.799999237060547,19.729999542236328,19.889999389648438,15.396677017211914,1169000
2023-08-08,NCPL,19.809999465942383,19.940000534057617,18.719999313354492,19.559999465942383,15.141227722167969,482000
2023-08-09,NCPL,19.309999465942383,21.030000686645508,19.309999465942383,21.030000686645508,16.279142379760742,3043500
2023-08-10,NCPL,21.989999771118164,22.610000610351562,21.850000381469727,22.18000030517578,17.169347763061523,9061500
2023-08-11,NCPL,21.969999313354492,23.84000015258789,20.59000015258789,23.729999542236328,18.36918830871582,9921500
2023-08-14,NCPL,23.729999542236328,23.729999542236328,23.729999542236328,23.729999542236328,18.36918830871582,0
2023-08-15,NCPL,24.25,24.899999618530273,23.290000915527344,24.09000015258789,18.64786148071289,5083500
2023-08-16,NCPL,24.020000457763672,24.200000762939453,23.299999237060547,23.389999389648438,18.10599708557129,1553000
2023-08-17,NCPL,23.299999237060547,24.639999389648438,23.0,24.219999313354492,18.748493194580078,6512000
2023-08-18,NCPL,24.299999237060547,24.649999618530273,23.860000610351562,24.110000610351562,18.66334342956543,4128000
2023-08-21,NCPL,24.149999618530273,24.40999984741211,22.299999237060547,22.299999237060547,17.262237548828125,5292500
2023-08-22,NCPL,21.5,23.75,21.5,23.219999313354492,17.974401473999023,6221000
2023-08-23,NCPL,23.200000762939453,23.350000381469727,22.489999771118164,22.790000915527344,17.641544342041016,2216000
2023-08-24,NCPL,22.799999237060547,24.290000915527344,22.799999237060547,23.81999969482422,18.43885612487793,15282500
2023-08-25,NCPL,24.09000015258789,24.100000381469727,23.479999542236328,23.899999618530273,18.500782012939453,3073000
2023-08-28,NCPL,23.75,24.5,23.549999237060547,23.860000610351562,18.469820022583008,8248000
2023-08-29,NCPL,23.899999618530273,24.0,22.06999969482422,22.170000076293945,17.161605834960938,9017000
2023-08-30,NCPL,22.489999771118164,22.5,20.510000228881836,20.510000228881836,15.87661361694336,9767500
2023-08-31,NCPL,18.969999313354492,18.969999313354492,18.969999313354492,18.969999313354492,14.6845121383667,263000
2023-09-01,NCPL,17.549999237060547,18.139999389648438,17.549999237060547,17.969999313354492,13.910420417785645,14182000
2023-09-04,NCPL,18.299999237060547,18.68000030517578,18.049999237060547,18.290000915527344,14.158132553100586,4399500
2023-09-05,NCPL,18.350000381469727,18.75,17.700000762939453,17.90999984741211,13.863977432250977,3188500
2023-09-06,NCPL,17.829999923706055,18.34000015258789,17.600000381469727,18.200000762939453,14.08846378326416,2906000
2023-09-07,NCPL,18.100000381469727,18.25,17.90999984741211,18.139999389648438,14.042016983032227,2722000
2023-09-08,NCPL,17.969999313354492,19.5,17.959999084472656,19.5,15.094781875610352,4576000
2023-09-11,NCPL,20.459999084472656,20.459999084472656,19.0,19.200000762939453,14.862554550170898,5355500
2023-09-12,NCPL,19.049999237060547,19.399999618530273,18.969999313354492,19.040000915527344,14.738699913024902,1935000
2023-09-13,NCPL,18.899999618530273,19.790000915527344,18.899999618530273,19.34000015258789,14.970927238464355,2327500
2023-09-14,NCPL,19.299999237060547,19.799999237060547,19.059999465942383,19.65999984741211,15.218635559082031,1779500
2023-09-15,NCPL,19.6200008392334,20.1299991607666,18.190000534057617,18.81999969482422,14.568399429321289,13979000
2023-09-18,NCPL,18.700000762939453,19.079999923706055,18.399999618530273,19.030000686645508,14.730958938598633,1130000
2023-09-19,NCPL,19.010000228881836,19.440000534057617,19.0,19.299999237060547,14.939963340759277,1973000
2023-09-20,NCPL,19.5,20.5,19.399999618530273,20.079999923706055,15.543755531311035,3879000
2023-09-21,NCPL,20.0,20.600000381469727,19.920000076293945,20.190000534057617,15.628905296325684,2938500
2023-09-22,NCPL,20.399999618530273,21.200000762939453,20.020000457763672,20.690000534057617,16.01595115661621,5546500
2023-09-25,NCPL,20.979999542236328,22.100000381469727,20.799999237060547,21.84000015258789,16.90615463256836,5515000
2023-09-26,NCPL,21.700000762939453,22.0,21.200000762939453,21.780000686645508,16.859710693359375,2155000
2023-09-27,NCPL,21.600000381469727,22.200000762939453,21.600000381469727,21.8799991607666,16.937118530273438,2663000
2023-09-28,NCPL,21.8799991607666,21.8799991607666,21.8799991607666,21.8799991607666,16.937118530273438,0
2023-09-29,NCPL,21.8799991607666,21.8799991607666,21.8799991607666,21.8799991607666,16.937118530273438,0
2023-10-02,NCPL,22.559999465942383,23.0,22.299999237060547,22.739999771118164,17.60283660888672,3567000
2023-10-03,NCPL,22.610000610351562,22.850000381469727,21.68000030517578,21.790000915527344,16.867450714111328,1830000
2023-10-04,NCPL,21.700000762939453,22.100000381469727,21.649999618530273,21.729999542236328,16.82100486755371,387500
2023-10-05,NCPL,21.549999237060547,22.850000381469727,21.549999237060547,22.600000381469727,17.494464874267578,2687000
2023-10-06,NCPL,22.950000762939453,23.09000015258789,22.299999237060547,22.6200008392334,17.509946823120117,1210998
2023-10-09,NCPL,22.75,23.100000381469727,22.200000762939453,22.940000534057617,17.75765609741211,3255109
2023-10-10,NCPL,23.020000457763672,23.350000381469727,22.850000381469727,22.90999984741211,17.734434127807617,2563990
2023-10-11,NCPL,23.0,23.0,21.959999084472656,22.190000534057617,17.177087783813477,4609255
2023-10-12,NCPL,22.0,22.299999237060547,20.639999389648438,21.969999313354492,17.00678825378418,12166495
2023-10-13,NCPL,21.200000762939453,22.600000381469727,21.200000762939453,22.059999465942383,17.076454162597656,3742301
2023-10-16,NCPL,22.399999618530273,22.399999618530273,21.770000457763672,22.149999618530273,17.1461238861084,3185571
2023-10-17,NCPL,22.299999237060547,22.700000762939453,22.25,22.3700008392334,17.316425323486328,1750956
2023-10-18,NCPL,22.31999969482422,22.489999771118164,21.950000762939453,22.25,17.22353172302246,874949
2023-10-19,NCPL,22.239999771118164,22.25,21.8700008392334,21.989999771118164,17.022268295288086,2055267
2023-10-20,NCPL,22.100000381469727,22.299999237060547,21.899999618530273,21.93000030517578,16.9758243560791,880490
2023-10-23,NCPL,22.219999313354492,22.219999313354492,21.65999984741211,21.770000457763672,16.851970672607422,1018370
2023-10-24,NCPL,21.760000228881836,21.760000228881836,21.450000762939453,21.59000015258789,16.71263313293457,1594594
2023-10-25,NCPL,21.600000381469727,22.049999237060547,21.559999465942383,21.790000915527344,16.867450714111328,2391240
2023-10-26,NCPL,21.81999969482422,22.25,21.790000915527344,21.979999542236328,17.014528274536133,1639502
2023-10-27,NCPL,22.0,22.350000381469727,21.799999237060547,22.1299991607666,17.13064193725586,666787
2023-10-30,NCPL,21.93000030517578,22.600000381469727,21.850000381469727,22.520000457763672,17.432538986206055,1402081
2023-10-31,NCPL,22.399999618530273,22.889999389648438,22.399999618530273,22.649999618530273,17.53316879272461,917177
2023-11-01,NCPL,22.899999618530273,23.440000534057617,22.649999618530273,23.270000457763672,18.013107299804688,2072651
2023-11-02,NCPL,23.219999313354492,23.700000762939453,23.0,23.43000030517578,18.136960983276367,1271086
2023-11-03,NCPL,23.700000762939453,24.860000610351562,23.34000015258789,24.229999542236328,18.75623321533203,1594139
2023-11-06,NCPL,24.0,24.6299991607666,22.40999984741211,24.520000457763672,18.98072052001953,2426704
2023-11-07,NCPL,24.899999618530273,24.899999618530273,23.75,24.59000015258789,19.034908294677734,2138988
2023-11-08,NCPL,24.610000610351562,24.780000686645508,24.100000381469727,24.5,18.965238571166992,782383
2023-11-09,NCPL,24.5,24.5,24.5,24.5,18.965238571166992,0
2023-11-10,NCPL,24.5,25.049999237060547,24.5,24.649999618530273,19.081350326538086,2155019
2023-11-13,NCPL,24.889999389648438,25.989999771118164,24.719999313354492,25.399999618530273,19.66192054748535,6094220
2023-11-14,NCPL,25.549999237060547,26.979999542236328,25.549999237060547,26.209999084472656,20.2889347076416,6317128
2023-11-15,NCPL,26.5,26.700000762939453,25.5,25.579999923706055,19.80125617980957,2147485
2023-11-16,NCPL,25.520000457763672,26.0,25.5,25.799999237060547,19.9715576171875,1299530
2023-11-17,NCPL,25.889999389648438,25.989999771118164,24.950000762939453,25.149999618530273,19.46839714050293,770965
2023-11-20,NCPL,25.030000686645508,25.200000762939453,24.5,25.0,19.352285385131836,798108
2023-11-21,NCPL,25.229999542236328,25.309999465942383,24.81999969482422,25.200000762939453,19.507102966308594,1309021
2023-11-22,NCPL,25.040000915527344,25.479999542236328,25.0,25.09000015258789,19.421953201293945,717890
2023-11-23,NCPL,25.360000610351562,25.360000610351562,24.899999618530273,25.06999969482422,19.406469345092773,609192
2023-11-24,NCPL,25.040000915527344,25.200000762939453,24.5,24.81999969482422,19.212947845458984,1012701
2023-11-27,NCPL,25.31999969482422,25.31999969482422,24.700000762939453,24.81999969482422,19.212947845458984,620542
2023-11-28,NCPL,25.0,25.0,24.5,24.56999969482422,19.019424438476562,1253143
2023-11-29,NCPL,24.979999542236328,24.979999542236328,24.299999237060547,24.40999984741211,18.895570755004883,1000489
2023-11-30,NCPL,24.5,24.75,24.299999237060547,24.389999389648438,18.880088806152344,1088779
2023-12-01,NCPL,24.31999969482422,24.600000381469727,24.31999969482422,24.479999542236328,18.949756622314453,722756
2023-12-04,NCPL,24.5,25.0,24.5,24.860000610351562,19.243913650512695,2075025
2023-12-05,NCPL,24.989999771118164,26.600000381469727,24.8799991607666,25.8799991607666,20.033483505249023,5347468
2023-12-06,NCPL,26.0,26.399999618530273,25.889999389648438,25.959999084472656,20.09541130065918,1332400
2023-12-07,NCPL,26.1299991607666,26.59000015258789,26.0,26.219999313354492,20.296674728393555,1771187
2023-12-08,NCPL,26.25,26.709999084472656,26.0,26.239999771118164,20.312158584594727,3383553
2023-12-11,NCPL,26.010000228881836,26.5,25.010000228881836,25.700000762939453,19.894149780273438,3683620
2023-12-12,NCPL,25.989999771118164,27.6299991607666,25.850000381469727,27.610000610351562,21.372661590576172,5274454
2023-12-13,NCPL,28.0,29.68000030517578,27.700000762939453,28.299999237060547,21.906784057617188,6247827
2023-12-14,NCPL,28.420000076293945,30.40999984741211,28.420000076293945,30.149999618530273,23.338855743408203,4142182
2023-12-15,NCPL,30.700000762939453,32.40999984741211,30.700000762939453,32.22999954223633,24.948965072631836,6864249
2023-12-18,NCPL,32.650001525878906,33.439998626708984,30.030000686645508,30.780000686645508,23.826534271240234,3969025
2023-12-19,NCPL,30.5,30.5,28.75,29.229999542236328,22.626689910888672,3490067
2023-12-20,NCPL,29.1200008392334,31.420000076293945,28.399999618530273,30.260000228881836,23.42400550842285,5483593
2023-12-21,NCPL,30.899999618530273,30.950000762939453,29.5,30.020000457763672,23.238222122192383,1108534
2023-12-22,NCPL,30.100000381469727,30.280000686645508,28.799999237060547,29.030000686645508,22.471874237060547,1077564
2023-12-25,NCPL,29.030000686645508,29.030000686645508,29.030000686645508,29.030000686645508,22.471874237060547,0
2023-12-26,NCPL,29.049999237060547,29.049999237060547,26.850000381469727,26.850000381469727,20.784353256225586,2481983
2023-12-27,NCPL,26.010000228881836,27.889999389648438,25.700000762939453,27.209999084472656,21.063024520874023,3208336
2023-12-28,NCPL,27.1299991607666,28.5,27.1299991607666,28.079999923706055,21.73648452758789,1463921
2023-12-29,NCPL,28.5,28.5,27.489999771118164,27.969999313354492,21.651334762573242,990670
2024-01-01,NCPL,28.239999771118164,29.600000381469727,28.100000381469727,29.299999237060547,22.680875778198242,1529759
2024-01-02,NCPL,29.6200008392334,29.75,27.989999771118164,28.200000762939453,21.829378128051758,1662333
2024-01-03,NCPL,28.489999771118164,28.799999237060547,27.90999984741211,28.06999969482422,21.728742599487305,1006822
2024-01-04,NCPL,28.010000228881836,28.59000015258789,28.010000228881836,28.149999618530273,21.790672302246094,1080741
2024-01-05,NCPL,28.780000686645508,28.780000686645508,27.200000762939453,27.540000915527344,21.3184757232666,2235500
2024-01-08,NCPL,27.81999969482422,27.81999969482422,27.0,27.469999313354492,21.2642879486084,614977
2024-01-09,NCPL,27.739999771118164,27.739999771118164,27.270000457763672,27.3700008392334,21.18688201904297,347568
2024-01-10,NCPL,27.600000381469727,27.600000381469727,26.989999771118164,27.1299991607666,21.001096725463867,866544
2024-01-11,NCPL,27.450000762939453,28.3799991607666,27.100000381469727,28.170000076293945,21.806154251098633,968573
2024-01-12,NCPL,28.489999771118164,28.700000762939453,27.700000762939453,28.059999465942383,21.72100257873535,603458
2024-01-15,NCPL,28.170000076293945,28.25,27.200000762939453,28.1299991607666,21.775190353393555,707529
2024-01-16,NCPL,27.450000762939453,28.350000381469727,27.139999389648438,27.799999237060547,21.519739151000977,940088
2024-01-17,NCPL,27.5,28.200000762939453,27.5,27.610000610351562,21.372661590576172,422748
2024-01-18,NCPL,27.940000534057617,27.940000534057617,26.75,27.1200008392334,20.993358612060547,559503
2024-01-19,NCPL,27.1200008392334,27.979999542236328,27.049999237060547,27.18000030517578,21.039804458618164,131410
2024-01-22,NCPL,27.65999984741211,28.25,27.149999618530273,27.889999389648438,21.58940887451172,455510
2024-01-23,NCPL,27.799999237060547,27.889999389648438,27.399999618530273,27.510000228881836,21.29525375366211,620837
2024-01-24,NCPL,27.510000228881836,27.75,27.450000762939453,27.6299991607666,21.38814353942871,309563
2024-01-25,NCPL,27.81999969482422,27.81999969482422,27.299999237060547,27.360000610351562,21.179140090942383,526659
2024-01-26,NCPL,26.68000030517578,27.690000534057617,26.68000030517578,27.010000228881836,20.9082088470459,327824
2024-01-29,NCPL,27.479999542236328,27.479999542236328,26.65999984741211,26.700000762939453,20.66823959350586,295610
2024-01-30,NCPL,26.989999771118164,27.100000381469727,25.799999237060547,25.899999618530273,20.048967361450195,669849
2024-01-31,NCPL,26.489999771118164,26.559999465942383,26.049999237060547,26.5,20.5134220123291,283236
2024-02-01,NCPL,26.350000381469727,26.799999237060547,25.700000762939453,25.940000534057617,20.079931259155273,377463
2024-02-02,NCPL,26.329999923706055,26.850000381469727,26.0,26.489999771118164,20.505680084228516,241845
2024-02-06,NCPL,26.5,26.8799991607666,26.200000762939453,26.790000915527344,20.73790740966797,760137
2024-02-07,NCPL,27.0,27.200000762939453,26.700000762939453,26.809999465942383,20.753389358520508,1003846
2024-02-08,NCPL,26.809999465942383,26.809999465942383,26.809999465942383,26.809999465942383,20.753389358520508,0
2024-02-09,NCPL,26.280000686645508,27.239999771118164,25.1200008392334,26.43000030517578,20.4592342376709,225498
2024-02-12,NCPL,26.399999618530273,26.399999618530273,25.25,25.479999542236328,19.723846435546875,455585
2024-02-13,NCPL,25.299999237060547,25.389999389648438,23.56999969482422,23.59000015258789,18.26081657409668,3816306
2024-02-14,NCPL,23.6299991607666,24.950000762939453,23.25,24.700000762939453,19.120058059692383,5803401
2024-02-15,NCPL,24.899999618530273,25.549999237060547,24.510000228881836,24.770000457763672,19.17424201965332,725154
2024-02-16,NCPL,25.0,25.0,24.350000381469727,24.540000915527344,18.99620246887207,478966
2024-02-19,NCPL,24.40999984741211,25.190000534057617,24.020000457763672,24.90999984741211,19.282615661621094,327940
2024-02-20,NCPL,24.799999237060547,25.649999618530273,24.649999618530273,25.170000076293945,19.48387908935547,418670
2024-02-21,NCPL,26.350000381469727,26.489999771118164,25.65999984741211,25.790000915527344,19.963817596435547,644154
2024-02-22,NCPL,25.260000228881836,26.649999618530273,25.260000228881836,25.68000030517578,19.8786678314209,284723
2024-02-23,NCPL,25.68000030517578,26.049999237060547,25.420000076293945,25.600000381469727,19.816740036010742,567086
2024-02-26,NCPL,26.399999618530273,26.399999618530273,23.719999313354492,23.969999313354492,18.554967880249023,3401424
2024-02-27,NCPL,23.979999542236328,24.100000381469727,23.75,23.770000457763672,18.4001522064209,523391
2024-02-28,NCPL,24.0,24.18000030517578,23.5,23.899999618530273,18.500782012939453,569381
2024-02-29,NCPL,23.510000228881836,24.600000381469727,23.510000228881836,24.469999313354492,18.9420166015625,999100
2024-03-01,NCPL,24.25,24.700000762939453,24.25,24.579999923706055,19.027164459228516,298936
2024-03-04,NCPL,24.700000762939453,24.739999771118164,24.360000610351562,24.600000381469727,19.042648315429688,368289
2024-03-05,NCPL,24.5,24.6299991607666,24.0,24.06999969482422,18.63237953186035,280668
2024-03-06,NCPL,24.049999237060547,24.3700008392334,24.020000457763672,24.209999084472656,18.740751266479492,353818
2024-03-07,NCPL,24.010000228881836,24.59000015258789,24.010000228881836,24.450000762939453,18.92653465270996,699945
2024-03-08,NCPL,24.049999237060547,25.770000457763672,24.049999237060547,25.6299991607666,19.839962005615234,2980884
2024-03-11,NCPL,25.790000915527344,27.549999237060547,25.5,27.549999237060547,21.326217651367188,5263635
2024-03-12,NCPL,28.0,28.350000381469727,25.950000762939453,26.729999542236328,20.69146156311035,2543683
2024-03-13,NCPL,26.729999542236328,27.799999237060547,26.520000457763672,26.889999389648438,20.815317153930664,1169551
2024-03-14,NCPL,27.5,28.200000762939453,27.25,27.56999969482422,21.341697692871094,2865985
2024-03-15,NCPL,27.5,27.719999313354492,26.75,26.8799991607666,20.80757713317871,473957
2024-03-18,NCPL,26.799999237060547,27.389999389648438,26.5,26.600000381469727,20.590829849243164,418375
2024-03-19,NCPL,26.299999237060547,27.170000076293945,26.200000762939453,26.440000534057617,20.466976165771484,923669
2024-03-20,NCPL,26.399999618530273,26.899999618530273,26.049999237060547,26.299999237060547,20.35860252380371,349696
2024-03-21,NCPL,26.600000381469727,26.639999389648438,26.0,26.40999984741211,20.44375228881836,1006063
2024-03-22,NCPL,26.399999618530273,26.479999542236328,26.100000381469727,26.15999984741211,20.25023078918457,190863
2024-03-26,NCPL,26.1200008392334,26.399999618530273,26.0,26.040000915527344,20.157339096069336,385365
2024-03-27,NCPL,26.0,26.290000915527344,25.709999084472656,26.100000381469727,20.203784942626953,229305
2024-03-28,NCPL,26.100000381469727,26.399999618530273,26.0,26.280000686645508,20.343122482299805,802800
2024-03-29,NCPL,26.049999237060547,26.299999237060547,26.049999237060547,26.209999084472656,20.2889347076416,478996
2024-04-01,NCPL,26.049999237060547,26.5,26.0,26.200000762939453,20.28119468688965,878987
2024-04-02,NCPL,26.020000457763672,26.479999542236328,26.020000457763672,26.260000228881836,20.327638626098633,368764
2024-04-03,NCPL,26.209999084472656,26.559999465942383,26.200000762939453,26.270000457763672,20.33538055419922,252673
2024-04-04,NCPL,26.100000381469727,26.75,26.100000381469727,26.639999389648438,20.621793746948242,383676
2024-04-08,NCPL,26.979999542236328,27.899999618530273,26.56999969482422,27.68000030517578,21.426849365234375,1475050
2024-04-09,NCPL,27.700000762939453,28.350000381469727,27.299999237060547,27.399999618530273,21.21010398864746,765933
2024-04-15,NCPL,26.709999084472656,27.790000915527344,26.709999084472656,27.280000686645508,21.11721420288086,561526
2024-04-16,NCPL,27.299999237060547,27.549999237060547,26.65999984741211,26.90999984741211,20.830799102783203,425376
2024-04-17,NCPL,26.600000381469727,27.149999618530273,26.459999084472656,26.520000457763672,20.52890396118164,533902
2024-04-18,NCPL,26.899999618530273,26.899999618530273,26.209999084472656,26.399999618530273,20.436012268066406,259273
2024-04-19,NCPL,26.600000381469727,26.600000381469727,26.200000762939453,26.350000381469727,20.397308349609375,485597
2024-04-22,NCPL,26.610000610351562,26.790000915527344,26.40999984741211,26.59000015258789,20.58308982849121,806033
2024-04-23,NCPL,26.600000381469727,26.600000381469727,25.899999618530273,25.950000762939453,20.087671279907227,1122190
2024-04-24,NCPL,26.0,26.440000534057617,25.75,25.860000610351562,20.018003463745117,714394
2024-04-25,NCPL,26.09000015258789,26.190000534057617,25.520000457763672,26.0,20.126375198364258,930289
2024-04-26,NCPL,26.020000457763672,26.959999084472656,25.809999465942383,26.790000915527344,20.73790740966797,2307358
2024-04-29,NCPL,27.0,27.600000381469727,25.5,26.049999237060547,20.165081024169922,6353469
2024-04-30,NCPL,26.350000381469727,26.350000381469727,25.760000228881836,26.049999237060547,20.165081024169922,894078
2024-05-02,NCPL,26.100000381469727,26.950000762939453,26.06999969482422,26.770000457763672,20.72242546081543,1541625
2024-05-03,NCPL,27.0,28.780000686645508,27.0,28.780000686645508,22.278348922729492,3664296
2024-05-06,NCPL,30.940000534057617,30.940000534057617,29.549999237060547,29.719999313354492,23.00599479675293,6873998
2024-05-07,NCPL,29.719999313354492,29.889999389648438,28.649999618530273,28.790000915527344,22.286090850830078,2117800
2024-05-08,NCPL,29.059999465942383,30.239999771118164,28.5,28.719999313354492,22.231903076171875,2540380
2024-05-09,NCPL,29.389999389648438,29.399999618530273,28.200000762939453,28.8799991607666,22.355756759643555,4060415
2024-05-10,NCPL,29.200000762939453,30.0,28.799999237060547,29.889999389648438,23.137590408325195,3966075
2024-05-13,NCPL,29.799999237060547,30.350000381469727,29.40999984741211,30.030000686645508,23.24596405029297,3001478
2024-05-14,NCPL,30.149999618530273,30.149999618530273,29.399999618530273,29.479999542236328,22.820213317871094,1037148
2024-05-15,NCPL,29.84000015258789,29.84000015258789,28.799999237060547,28.989999771118164,22.440908432006836,889729
2024-05-16,NCPL,29.0,29.399999618530273,28.549999237060547,29.229999542236328,22.626689910888672,1215620
2024-05-17,NCPL,29.299999237060547,29.450000762939453,29.010000228881836,29.290000915527344,22.67313575744629,827049
2024-05-20,NCPL,29.299999237060547,29.489999771118164,28.049999237060547,28.270000457763672,21.883563995361328,2827582
2024-05-21,NCPL,28.5,28.75,28.0,28.6299991607666,22.162235260009766,1250211
2024-05-22,NCPL,28.40999984741211,30.780000686645508,28.40999984741211,30.780000686645508,23.826534271240234,6843104
2024-05-23,NCPL,30.790000915527344,31.479999542236328,29.209999084472656,30.510000228881836,23.61752700805664,9477182
2024-05-24,NCPL,29.75,30.5,29.399999618530273,30.170000076293945,23.354337692260742,1758434
2024-05-27,NCPL,30.299999237060547,30.790000915527344,29.549999237060547,30.059999465942383,23.269184112548828,1686482
2024-05-28,NCPL,30.059999465942383,30.059999465942383,30.059999465942383,30.059999465942383,23.269184112548828,0
2024-05-29,NCPL,31.5,32.0,30.399999618530273,30.59000015258789,23.679454803466797,4590644
2024-05-30,NCPL,31.0,31.0,30.200000762939453,30.219999313354492,23.393041610717773,1112533
2024-05-31,NCPL,30.25,30.700000762939453,30.030000686645508,30.399999618530273,23.532377243041992,2092246
2024-06-03,NCPL,30.290000915527344,30.600000381469727,30.15999984741211,30.350000381469727,23.49367332458496,446074
2024-06-04,NCPL,30.15999984741211,30.5,30.020000457763672,30.15999984741211,23.346595764160156,569855
2024-06-05,NCPL,30.170000076293945,30.200000762939453,29.25,29.31999969482422,22.69635772705078,1240183
2024-06-06,NCPL,29.5,30.0,29.229999542236328,29.459999084472656,22.804731369018555,598329
2024-06-07,NCPL,29.25,29.899999618530273,28.809999465942383,29.639999389648438,22.944067001342773,885140
2024-06-10,NCPL,29.110000610351562,30.100000381469727,29.110000610351562,29.84000015258789,23.098886489868164,412296
2024-06-11,NCPL,30.0,30.25,29.469999313354492,29.549999237060547,22.874399185180664,694410
2024-06-12,NCPL,29.799999237060547,31.100000381469727,29.56999969482422,30.950000762939453,23.958127975463867,1289265
2024-06-13,NCPL,30.520000457763672,33.58000183105469,30.520000457763672,32.939998626708984,25.49856948852539,5250565
2024-06-14,NCPL,32.75,33.880001068115234,32.70000076293945,32.900001525878906,25.467607498168945,997573
2024-06-20,NCPL,33.0,33.33000183105469,32.75,32.97999954223633,25.529531478881836,901022
2024-06-21,NCPL,33.20000076293945,33.650001525878906,30.5,30.959999084472656,23.96586799621582,3768454
2024-06-24,NCPL,31.0,31.489999771118164,29.399999618530273,29.600000381469727,22.913105010986328,2789141
2024-06-25,NCPL,29.260000228881836,30.469999313354492,29.260000228881836,30.040000915527344,23.253705978393555,1011314
2024-06-26,NCPL,30.0,31.0,29.75,29.969999313354492,23.19951820373535,5004057
2024-06-27,NCPL,29.969999313354492,30.489999771118164,29.670000076293945,29.959999084472656,23.191776275634766,2271955
2024-06-28,NCPL,30.0,30.299999237060547,29.700000762939453,29.950000762939453,23.184036254882812,939291
2024-07-01,NCPL,29.899999618530273,30.100000381469727,29.65999984741211,29.899999618530273,23.14533233642578,383659
2024-07-02,NCPL,29.75,30.100000381469727,29.510000228881836,29.93000030517578,23.168554306030273,1054962
2024-07-03,NCPL,30.010000228881836,30.030000686645508,29.809999465942383,29.920000076293945,23.16081428527832,987510
2024-07-04,NCPL,30.0,30.100000381469727,29.770000457763672,29.920000076293945,23.16081428527832,733651
2024-07-05,NCPL,29.989999771118164,30.5,29.799999237060547,30.030000686645508,23.24596405029297,786726
2024-07-08,NCPL,30.299999237060547,30.469999313354492,29.899999618530273,30.1200008392334,23.315631866455078,1305620
2024-07-09,NCPL,30.049999237060547,30.889999389648438,30.0,30.649999618530273,23.725900650024414,1407622
2024-07-10,NCPL,30.5,32.25,30.5,31.59000015258789,24.45354652404785,3059548
2024-07-11,NCPL,31.5,31.889999389648438,30.0,30.110000610351562,23.307891845703125,3241109
2024-07-12,NCPL,30.440000534057617,30.440000534057617,29.510000228881836,30.010000228881836,23.23048210144043,1615106
2024-07-15,NCPL,30.459999084472656,30.5,29.610000610351562,30.0,23.222742080688477,1215696
2024-07-16,NCPL,30.0,30.0,30.0,30.0,23.222742080688477,0
2024-07-17,NCPL,30.0,30.0,30.0,30.0,23.222742080688477,0
2024-07-18,NCPL,30.0,30.479999542236328,30.0,30.190000534057617,23.36981964111328,1398087
2024-07-19,NCPL,30.06999969482422,30.440000534057617,29.510000228881836,29.639999389648438,22.944067001342773,746454
2024-07-22,NCPL,29.299999237060547,29.5,27.5,27.770000457763672,21.496517181396484,1519512
2024-07-23,NCPL,27.700000762939453,28.889999389648438,27.450000762939453,27.719999313354492,21.457813262939453,740934
2024-07-24,NCPL,27.969999313354492,27.969999313354492,26.700000762939453,26.889999389648438,20.815317153930664,1663501
2024-07-25,NCPL,26.809999465942383,27.5,26.489999771118164,26.649999618530273,20.629535675048828,1891916
2024-07-26,NCPL,26.899999618530273,26.899999618530273,25.610000610351562,26.100000381469727,20.203784942626953,1376924
2024-07-29,NCPL,26.450000762939453,27.149999618530273,26.0,26.530000686645508,20.536643981933594,2015605
2024-07-30,NCPL,27.399999618530273,27.399999618530273,26.399999618530273,26.530000686645508,20.536643981933594,1087095
2024-07-31,NCPL,26.790000915527344,28.549999237060547,26.600000381469727,27.690000534057617,21.43459129333496,3332385
2024-08-01,NCPL,27.989999771118164,28.299999237060547,27.360000610351562,27.799999237060547,21.519739151000977,931529
2024-08-02,NCPL,28.190000534057617,28.489999771118164,27.81999969482422,27.979999542236328,21.659076690673828,520802
2024-08-05,NCPL,28.3799991607666,28.399999618530273,27.200000762939453,27.3700008392334,21.18688201904297,1169077
2024-08-06,NCPL,27.399999618530273,27.700000762939453,27.0,27.420000076293945,21.2255859375,276457
2024-08-07,NCPL,27.649999618530273,27.649999618530273,27.1299991607666,27.3799991607666,21.194622039794922,261400
2024-08-08,NCPL,27.600000381469727,27.600000381469727,27.100000381469727,27.25,21.093990325927734,219510
2024-08-09,NCPL,27.15999984741211,27.739999771118164,27.049999237060547,27.479999542236328,21.272031784057617,676088
2024-08-12,NCPL,27.309999465942383,27.700000762939453,27.200000762939453,27.40999984741211,21.217844009399414,461555
2024-08-13,NCPL,27.299999237060547,28.25,27.260000228881836,27.8799991607666,21.581666946411133,516594
2024-08-15,NCPL,27.68000030517578,28.219999313354492,27.5,28.030000686645508,21.69778060913086,579709
2024-08-16,NCPL,28.020000457763672,28.399999618530273,27.799999237060547,28.31999969482422,21.92226791381836,484590
2024-08-19,NCPL,28.350000381469727,29.549999237060547,28.350000381469727,29.43000030517578,22.781509399414062,1144239
2024-08-20,NCPL,29.5,29.8799991607666,29.030000686645508,29.389999389648438,22.750545501708984,943892
2024-08-21,NCPL,29.059999465942383,29.8799991607666,29.010000228881836,29.530000686645508,22.858919143676758,975375
2024-08-22,NCPL,29.690000534057617,29.690000534057617,29.0,29.420000076293945,22.773767471313477,336015
2024-08-23,NCPL,29.600000381469727,29.700000762939453,29.200000762939453,29.610000610351562,22.92084503173828,394601
2024-08-26,NCPL,29.5,30.790000915527344,29.350000381469727,29.770000457763672,23.044702529907227,959365
2024-08-27,NCPL,29.600000381469727,31.0,29.600000381469727,30.229999542236328,23.400781631469727,1469686
2024-08-28,NCPL,30.350000381469727,30.549999237060547,30.0,30.229999542236328,23.400781631469727,737541
2024-08-29,NCPL,30.299999237060547,30.399999618530273,29.899999618530273,29.969999313354492,23.19951820373535,833350
2024-08-30,NCPL,30.0,31.239999771118164,29.799999237060547,30.479999542236328,23.59430503845215,1413921
2024-09-02,NCPL,30.31999969482422,31.649999618530273,30.31999969482422,30.93000030517578,23.942646026611328,1158609
2024-09-03,NCPL,31.329999923706055,32.75,27.90999984741211,28.510000228881836,22.069345474243164,12126472
2024-09-04,NCPL,28.200000762939453,29.600000381469727,28.200000762939453,29.110000610351562,22.53380012512207,3739151
2024-09-05,NCPL,29.700000762939453,29.700000762939453,29.0,29.200000762939453,22.60346794128418,1406780
2024-09-06,NCPL,29.299999237060547,29.450000762939453,28.719999313354492,28.799999237060547,22.29383087158203,933221
2024-09-09,NCPL,29.399999618530273,29.399999618530273,28.0,28.25,21.86808204650879,1200201
2024-09-10,NCPL,28.399999618530273,28.43000030517578,27.959999084472656,28.34000015258789,21.9377498626709,835674
2024-09-11,NCPL,28.34000015258789,28.399999618530273,28.100000381469727,28.309999465942383,21.914525985717773,664506
2024-09-12,NCPL,28.0,29.0,28.0,28.559999465942383,22.108049392700195,1288705
2024-09-13,NCPL,28.850000381469727,30.899999618530273,28.600000381469727,29.540000915527344,22.86665916442871,2407025
2024-09-16,NCPL,29.899999618530273,30.899999618530273,29.149999618530273,30.510000228881836,23.61752700805664,2230113
2024-09-17,NCPL,30.510000228881836,30.510000228881836,30.510000228881836,30.510000228881836,23.61752700805664,0
2024-09-18,NCPL,30.399999618530273,32.61000061035156,30.399999618530273,31.829999923706055,24.639328002929688,9166709
2024-09-19,NCPL,31.790000915527344,33.400001525878906,31.5,31.8799991607666,24.67803382873535,6481477
2024-09-20,NCPL,32.0,32.5099983215332,31.549999237060547,32.11000061035156,24.8560733795166,1870617
2024-09-23,NCPL,31.809999465942383,31.809999465942383,28.899999618530273,28.950000762939453,22.40994644165039,9293972
2024-09-24,NCPL,28.8799991607666,28.8799991607666,26.059999465942383,26.110000610351562,20.21152687072754,14501151
2024-09-25,NCPL,26.0,28.0,25.610000610351562,27.399999618530273,21.21010398864746,5404296
2024-09-26,NCPL,27.600000381469727,28.0,25.899999618530273,26.079999923706055,20.188302993774414,1665479
2024-09-27,NCPL,25.809999465942383,26.239999771118164,24.010000228881836,25.729999542236328,19.91737174987793,6247421
2024-09-30,NCPL,25.799999237060547,27.049999237060547,24.989999771118164,26.700000762939453,20.66823959350586,6975572
2024-10-01,NCPL,27.0,28.600000381469727,26.75,28.290000915527344,21.899045944213867,2955811
2024-10-02,NCPL,28.239999771118164,28.5,27.610000610351562,28.440000534057617,22.01515769958496,2244343
2024-10-03,NCPL,28.350000381469727,29.100000381469727,28.25,28.850000381469727,22.332534790039062,2313914
2024-10-04,NCPL,28.600000381469727,28.899999618530273,28.110000610351562,28.719999313354492,22.231903076171875,1749154
2024-10-07,NCPL,28.110000610351562,28.719999313354492,27.700000762939453,28.3799991607666,21.968711853027344,1750097
2024-10-08,NCPL,27.75,28.280000686645508,27.0,27.81999969482422,21.53522300720215,3275521
2024-10-09,NCPL,27.81999969482422,27.81999969482422,27.81999969482422,27.81999969482422,21.53522300720215,0
2024-10-10,NCPL,28.0,28.0,27.200000762939453,27.579999923706055,21.34943962097168,1061079
2024-10-11,NCPL,27.84000015258789,27.84000015258789,24.920000076293945,27.170000076293945,21.032060623168945,5513098
2024-10-14,NCPL,26.889999389648438,28.0,24.450000762939453,24.450000762939453,18.92653465270996,9888039
2024-10-15,NCPL,24.110000610351562,24.59000015258789,23.25,24.40999984741211,18.895570755004883,5667470
2024-10-16,NCPL,24.579999923706055,26.850000381469727,24.549999237060547,26.850000381469727,20.784353256225586,6260071
2024-10-17,NCPL,27.799999237060547,28.299999237060547,27.06999969482422,27.329999923706055,21.15591812133789,5416113
2024-10-18,NCPL,27.3700008392334,28.290000915527344,26.850000381469727,27.940000534057617,21.62811279296875,2433404
2024-10-21,NCPL,28.25,29.0,28.0,28.530000686645508,22.084829330444336,2498336
2024-10-22,NCPL,28.549999237060547,29.690000534057617,28.549999237060547,29.5,22.835695266723633,5149926
2024-10-23,NCPL,29.739999771118164,29.739999771118164,28.40999984741211,29.110000610351562,22.53380012512207,1459784
2024-10-24,NCPL,29.799999237060547,29.799999237060547,28.799999237060547,28.8700008392334,22.348018646240234,832135
2024-10-25,NCPL,29.399999618530273,29.399999618530273,27.0,27.280000686645508,21.11721420288086,1456870
2024-10-28,NCPL,27.010000228881836,27.899999618530273,27.010000228881836,27.780000686645508,21.50425910949707,1302975
2024-10-29,NCPL,27.899999618530273,27.899999618530273,26.5,27.190000534057617,21.047544479370117,1769802
2024-10-30,NCPL,27.600000381469727,29.90999984741211,27.399999618530273,29.90999984741211,23.153072357177734,7281050
2024-10-31,NCPL,29.59000015258789,30.799999237060547,28.899999618530273,29.329999923706055,22.7041015625,4455427
2024-11-01,NCPL,29.399999618530273,31.5,29.149999618530273,31.299999237060547,24.22905731201172,5398450
2024-11-04,NCPL,31.5,33.400001525878906,31.100000381469727,31.829999923706055,24.639328002929688,7335111
2024-11-05,NCPL,32.0,33.099998474121094,32.0,32.369998931884766,25.057336807250977,2737489
2024-11-06,NCPL,32.11000061035156,32.5,31.75,31.979999542236328,24.755441665649414,1575847
2024-11-07,NCPL,31.65999984741211,31.899999618530273,31.170000076293945,31.280000686645508,24.213579177856445,366093
2024-11-08,NCPL,31.010000228881836,34.40999984741211,31.010000228881836,34.400001525878906,26.62874412536621,8178353
2024-11-11,NCPL,35.400001525878906,36.0,33.75,34.31999969482422,26.566816329956055,3897628
2024-11-12,NCPL,34.599998474121094,34.9900016784668,33.95000076293945,34.439998626708984,26.659704208374023,3495773
2024-11-13,NCPL,34.880001068115234,34.880001068115234,31.0,32.33000183105469,25.026376724243164,15989440
2024-11-14,NCPL,33.290000915527344,33.7400016784668,32.599998474121094,33.459999084472656,25.90109634399414,2956122
2024-11-15,NCPL,33.9900016784668,33.9900016784668,33.29999923706055,33.58000183105469,25.993989944458008,1017699
2024-11-18,NCPL,33.70000076293945,33.79999923706055,33.349998474121094,33.43000030517578,25.87787628173828,935022
2024-11-19,NCPL,33.31999969482422,33.75,33.29999923706055,33.58000183105469,25.993989944458008,1020582
2024-11-20,NCPL,33.599998474121094,34.38999938964844,33.400001525878906,33.959999084472656,26.28814125061035,4003205
2024-11-21,NCPL,28.899999618530273,29.18000030517578,28.110000610351562,28.43000030517578,25.80704116821289,1914854
2024-11-22,NCPL,28.420000076293945,29.0,27.899999618530273,28.530000686645508,25.897817611694336,1587589
2024-11-25,NCPL,28.0,28.200000762939453,27.200000762939453,27.6299991607666,25.080848693847656,538779
2024-11-26,NCPL,27.799999237060547,27.799999237060547,26.0,26.290000915527344,23.864479064941406,1054462
2024-11-27,NCPL,26.75,27.200000762939453,26.559999465942383,27.100000381469727,24.599748611450195,307940
2024-11-28,NCPL,27.200000762939453,28.200000762939453,26.899999618530273,28.030000686645508,25.443944931030273,723574
2024-11-29,NCPL,28.030000686645508,28.25,27.399999618530273,27.6299991607666,25.080848693847656,529476
2024-12-02,NCPL,27.700000762939453,28.200000762939453,27.450000762939453,27.6299991607666,25.080848693847656,740250
2024-12-03,NCPL,27.989999771118164,27.989999771118164,26.8700008392334,26.93000030517578,24.445432662963867,1639048
2024-12-04,NCPL,26.93000030517578,29.6200008392334,26.850000381469727,29.049999237060547,26.36983871459961,13068134
2024-12-05,NCPL,29.100000381469727,30.5,27.75,29.739999771118164,26.99618148803711,7796857
2024-12-06,NCPL,29.75,30.0,28.559999465942383,28.65999984741211,26.01582145690918,1605659
2024-12-09,NCPL,28.969999313354492,29.0,28.360000610351562,28.540000915527344,25.90689468383789,1073113
2024-12-10,NCPL,28.950000762939453,29.5,27.860000610351562,28.459999084472656,25.834272384643555,1509327
2024-12-11,NCPL,28.690000534057617,29.0,28.399999618530273,28.520000457763672,25.88873863220215,698546
2024-12-12,NCPL,28.950000762939453,29.0,28.100000381469727,28.940000534057617,26.269990921020508,1121919
2024-12-13,NCPL,28.959999084472656,29.100000381469727,28.239999771118164,28.3700008392334,25.75257682800293,843373
2024-12-16,NCPL,28.399999618530273,29.25,27.899999618530273,28.040000915527344,25.45302391052246,2358931
2024-12-17,NCPL,27.510000228881836,28.520000457763672,27.510000228881836,27.889999389648438,25.316862106323242,677544
2024-12-18,NCPL,28.389999389648438,28.389999389648438,27.149999618530273,27.290000915527344,24.772218704223633,673083
2024-12-19,NCPL,27.290000915527344,27.290000915527344,26.5,26.729999542236328,24.263883590698242,1202996
2024-12-20,NCPL,27.170000076293945,27.280000686645508,26.530000686645508,26.760000228881836,24.291114807128906,918046
2024-12-23,NCPL,26.510000228881836,27.479999542236328,26.510000228881836,26.780000686645508,24.30927085876465,1965066
2024-12-24,NCPL,26.809999465942383,26.989999771118164,26.510000228881836,26.670000076293945,24.20941925048828,418031
2024-12-26,NCPL,26.600000381469727,26.899999618530273,26.5,26.610000610351562,24.15495491027832,606752
2024-12-27,NCPL,26.850000381469727,26.889999389648438,26.360000610351562,26.520000457763672,24.073259353637695,375083
2024-12-30,NCPL,26.549999237060547,27.549999237060547,26.450000762939453,27.270000457763672,24.75406265258789,844154
2024-12-31,NCPL,27.270000457763672,27.399999618530273,26.700000762939453,26.969999313354492,24.481740951538086,1401377
2025-01-01,NCPL,26.969999313354492,26.969999313354492,26.969999313354492,26.969999313354492,24.481740951538086,0
2025-01-02,NCPL,27.299999237060547,27.450000762939453,26.700000762939453,26.760000228881836,24.291114807128906,714584
2025-01-03,NCPL,27.0,27.0,26.100000381469727,26.209999084472656,23.791858673095703,1246289
2025-01-06,NCPL,26.600000381469727,26.780000686645508,26.0,26.719999313354492,24.254804611206055,1622708
2025-01-07,NCPL,26.760000228881836,27.149999618530273,26.25,26.729999542236328,24.263883590698242,1349387
2025-01-08,NCPL,26.989999771118164,27.200000762939453,26.5,26.510000228881836,24.06418228149414,497119
2025-01-09,NCPL,26.219999313354492,26.739999771118164,26.219999313354492,26.43000030517578,23.991561889648438,199452
2025-01-10,NCPL,26.43000030517578,26.649999618530273,25.809999465942383,26.149999618530273,23.737394332885742,165374
2025-01-13,NCPL,26.979999542236328,26.979999542236328,25.5,25.81999969482422,23.43783950805664,2723496
2025-01-14,NCPL,26.0,27.389999389648438,25.93000030517578,26.780000686645508,24.30927085876465,2789857
2025-01-15,NCPL,26.780000686645508,27.0,26.75,26.809999465942383,24.336502075195312,739468
2025-01-16,NCPL,26.889999389648438,26.899999618530273,26.260000228881836,26.75,24.28203773498535,294617
2025-01-17,NCPL,26.700000762939453,26.899999618530273,26.43000030517578,26.530000686645508,24.08233642578125,221848
2025-01-20,NCPL,26.950000762939453,27.18000030517578,26.34000015258789,27.100000381469727,24.599748611450195,1335708
2025-01-21,NCPL,27.200000762939453,27.200000762939453,26.510000228881836,26.600000381469727,24.145877838134766,246261
2025-01-22,NCPL,26.5,26.899999618530273,26.34000015258789,26.469999313354492,24.02787208557129,423107
2025-01-23,NCPL,26.899999618530273,27.0,26.3700008392334,26.940000534057617,24.454509735107422,1097089
2025-01-24,NCPL,27.049999237060547,27.1200008392334,26.510000228881836,26.649999618530273,24.191265106201172,178870
2025-01-27,NCPL,26.969999313354492,26.969999313354492,26.299999237060547,26.40999984741211,23.973405838012695,163808
2025-01-28,NCPL,26.75,26.75,26.100000381469727,26.209999084472656,23.791858673095703,254143
2025-01-29,NCPL,26.299999237060547,26.670000076293945,26.059999465942383,26.350000381469727,23.918943405151367,2510865
2025-01-30,NCPL,26.709999084472656,27.450000762939453,26.3700008392334,26.610000610351562,24.15495491027832,2785625
2025-01-31,NCPL,26.850000381469727,27.200000762939453,26.5,26.6299991607666,24.17310905456543,234018
2025-02-03,NCPL,26.329999923706055,26.799999237060547,26.200000762939453,26.329999923706055,23.900787353515625,193582
2025-02-04,NCPL,26.200000762939453,26.739999771118164,26.200000762939453,26.520000457763672,24.073259353637695,267054
2025-02-06,NCPL,26.350000381469727,27.549999237060547,26.350000381469727,27.5,24.96284294128418,1250751
2025-02-07,NCPL,27.510000228881836,28.25,26.899999618530273,27.350000381469727,24.826683044433594,565123
2025-02-10,NCPL,27.350000381469727,27.600000381469727,27.200000762939453,27.350000381469727,24.826683044433594,144805
2025-02-11,NCPL,27.15999984741211,27.489999771118164,27.15999984741211,27.420000076293945,24.89022445678711,116780
2025-02-12,NCPL,27.43000030517578,27.520000457763672,27.200000762939453,27.25,24.73590850830078,169086
2025-02-13,NCPL,27.25,27.739999771118164,27.020000457763672,27.40999984741211,24.881147384643555,160843
2025-02-14,NCPL,27.209999084472656,27.899999618530273,27.209999084472656,27.75,25.18977928161621,739145
2025-02-17,NCPL,27.889999389648438,27.889999389648438,27.329999923706055,27.75,25.18977928161621,283103
2025-02-18,NCPL,27.950000762939453,28.5,27.600000381469727,28.06999969482422,25.480253219604492,1332824
2025-02-19,NCPL,28.149999618530273,28.760000228881836,28.100000381469727,28.690000534057617,26.043054580688477,1388037
2025-02-20,NCPL,28.649999618530273,28.84000015258789,28.350000381469727,28.760000228881836,26.106595993041992,356919
2025-02-21,NCPL,28.799999237060547,28.850000381469727,28.299999237060547,28.770000457763672,26.115673065185547,465370
2025-02-24,NCPL,28.25,29.649999618530273,28.25,28.950000762939453,26.279067993164062,1079512
2025-02-25,NCPL,29.239999771118164,29.25,28.010000228881836,28.209999084472656,25.607337951660156,384330
2025-02-26,NCPL,28.799999237060547,28.799999237060547,27.06999969482422,27.729999542236328,25.17162322998047,253762
2025-02-27,NCPL,27.979999542236328,27.979999542236328,25.200000762939453,25.559999465942383,23.201828002929688,2732657
2025-02-28,NCPL,24.760000228881836,25.559999465942383,24.030000686645508,24.559999465942383,22.29408836364746,3459783
2025-03-03,NCPL,24.420000076293945,25.450000762939453,24.049999237060547,24.799999237060547,22.511945724487305,301378
2025-03-04,NCPL,24.799999237060547,24.799999237060547,24.450000762939453,24.670000076293945,22.393939971923828,117024
2025-03-05,NCPL,24.889999389648438,24.889999389648438,24.25,24.34000015258789,22.094385147094727,234685
2025-03-06,NCPL,24.75,25.170000076293945,24.299999237060547,24.639999389648438,22.36670684814453,390691
2025-03-07,NCPL,24.989999771118164,25.899999618530273,24.5,25.530000686645508,23.174596786499023,2000200
2025-03-10,NCPL,25.700000762939453,26.049999237060547,25.25,25.3700008392334,23.02935791015625,328428
2025-03-11,NCPL,25.790000915527344,25.790000915527344,25.0,25.100000381469727,22.78426742553711,145268
2025-03-12,NCPL,25.440000534057617,25.549999237060547,24.799999237060547,25.479999542236328,23.129207611083984,322477
2025-03-13,NCPL,25.5,25.639999389648438,25.049999237060547,25.420000076293945,23.074745178222656,714060
2025-03-14,NCPL,25.420000076293945,25.43000030517578,25.149999618530273,25.34000015258789,23.002126693725586,74324
2025-03-17,NCPL,25.299999237060547,25.399999618530273,24.959999084472656,25.0,22.69349479675293,146162
2025-03-18,NCPL,25.309999465942383,25.399999618530273,24.709999084472656,25.010000228881836,22.702571868896484,109446
2025-03-19,NCPL,25.299999237060547,26.479999542236328,25.299999237060547,26.290000915527344,23.864479064941406,1372190
2025-03-20,NCPL,27.010000228881836,27.700000762939453,26.510000228881836,27.260000228881836,24.744985580444336,810993
2025-03-21,NCPL,27.389999389648438,27.389999389648438,26.510000228881836,27.020000457763672,24.527128219604492,279512
2025-03-24,NCPL,27.5,27.5,26.510000228881836,26.729999542236328,24.263883590698242,658545
2025-03-25,NCPL,26.729999542236328,27.100000381469727,26.510000228881836,26.979999542236328,24.49081802368164,120266
2025-03-26,NCPL,26.969999313354492,27.889999389648438,26.850000381469727,27.5,24.96284294128418,910341
2025-03-27,NCPL,27.5,27.850000381469727,27.25,27.56999969482422,25.026384353637695,388981
2025-03-28,NCPL,27.56999969482422,27.56999969482422,27.56999969482422,27.56999969482422,25.026384353637695,0
2025-03-31,NCPL,27.56999969482422,27.56999969482422,27.56999969482422,27.56999969482422,25.026384353637695,0
2025-04-03,NCPL,27.649999618530273,27.940000534057617,26.75,27.510000228881836,24.971920013427734,406603
2025-04-04,NCPL,27.209999084472656,27.450000762939453,26.399999618530273,26.520000457763672,24.073259353637695,1037439
2025-04-07,NCPL,26.5,26.5,24.0,24.989999771118164,22.684415817260742,1589954
2025-04-08,NCPL,24.600000381469727,25.850000381469727,24.600000381469727,25.229999542236328,22.90227508544922,108723
2025-04-09,NCPL,25.0,25.0,23.989999771118164,24.030000686645508,21.81298828125,1044976
2025-04-10,NCPL,24.889999389648438,25.969999313354492,24.5,24.90999984741211,22.611797332763672,1007867
2025-04-11,NCPL,25.0,25.0,24.0,24.809999465942383,22.52102279663086,624769
2025-04-14,NCPL,25.100000381469727,26.979999542236328,25.09000015258789,26.809999465942383,24.336502075195312,1810981
2025-04-15,NCPL,26.899999618530273,27.84000015258789,26.549999237060547,27.43000030517578,24.899301528930664,1126560
2025-04-16,NCPL,27.5,27.84000015258789,26.799999237060547,26.8799991607666,24.40004539489746,456946
2025-04-17,NCPL,26.809999465942383,27.84000015258789,26.5,26.979999542236328,24.49081802368164,442859
2025-04-18,NCPL,27.190000534057617,27.190000534057617,26.5,26.889999389648438,24.409122467041016,350274
2025-04-21,NCPL,26.690000534057617,27.299999237060547,26.649999618530273,26.950000762939453,24.46358871459961,311066
2025-04-22,NCPL,26.75,27.299999237060547,26.75,27.030000686645508,24.53620719909668,798088
2025-04-23,NCPL,26.940000534057617,27.489999771118164,26.81999969482422,27.389999389648438,24.862991333007812,448643
2025-04-24,NCPL,27.0,27.110000610351562,26.5,26.969999313354492,24.481740951538086,468753
2025-04-25,NCPL,27.0,29.0,27.0,27.530000686645508,24.990076065063477,2165688
2025-04-28,NCPL,27.5,27.899999618530273,26.899999618530273,27.049999237060547,24.554359436035156,587377
2025-04-29,NCPL,27.489999771118164,27.579999923706055,26.700000762939453,27.479999542236328,24.94468879699707,1397630
2025-04-30,NCPL,27.149999618530273,27.59000015258789,26.75,26.860000610351562,24.38188934326172,395063
2025-05-02,NCPL,27.790000915527344,27.790000915527344,26.5,27.520000457763672,24.980998992919922,861237
2025-05-05,NCPL,25.020000457763672,25.739999771118164,24.90999984741211,25.420000076293945,24.88311004638672,180271
2025-05-06,NCPL,25.0,25.489999771118164,24.600000381469727,24.8799991607666,24.35451316833496,329277
2025-05-07,NCPL,24.0,24.200000762939453,22.559999465942383,23.850000381469727,23.346269607543945,233041
2025-05-08,NCPL,23.850000381469727,24.93000030517578,21.469999313354492,21.729999542236328,21.271045684814453,1250715
2025-05-09,NCPL,22.290000915527344,23.100000381469727,21.559999465942383,22.979999542236328,22.494644165039062,123164
2025-05-12,NCPL,25.0,25.100000381469727,24.5,25.010000228881836,24.481769561767578,946752
2025-05-13,NCPL,25.25,25.25,23.920000076293945,24.049999237060547,23.542043685913086,1229151
2025-05-14,NCPL,24.239999771118164,24.299999237060547,23.06999969482422,23.479999542236328,22.98408317565918,815611
2025-05-15,NCPL,23.700000762939453,24.190000534057617,23.5,23.760000228881836,23.25817108154297,270391
2025-05-16,NCPL,24.200000762939453,24.200000762939453,23.5,23.579999923706055,23.081972122192383,254861
2025-05-19,NCPL,23.899999618530273,23.899999618530273,23.600000381469727,23.850000381469727,23.346269607543945,109016
2025-05-20,NCPL,23.84000015258789,23.979999542236328,23.5,23.850000381469727,23.346269607543945,222666
2025-05-21,NCPL,24.1299991607666,24.25,23.850000381469727,24.010000228881836,23.50288963317871,175695
2025-05-22,NCPL,24.010000228881836,25.299999237060547,23.899999618530273,24.989999771118164,24.462190628051758,665635
2025-05-23,NCPL,25.100000381469727,25.100000381469727,24.5,24.6200008392334,24.100006103515625,306480
2025-05-26,NCPL,24.899999618530273,24.899999618530273,24.399999618530273,24.6200008392334,24.100006103515625,30641
2025-05-27,NCPL,24.5,24.739999771118164,23.899999618530273,24.600000381469727,24.080429077148438,1061296
2025-05-28,NCPL,24.600000381469727,24.600000381469727,24.600000381469727,24.600000381469727,24.080429077148438,0
2025-05-29,NCPL,24.950000762939453,24.950000762939453,24.309999465942383,24.670000076293945,24.148950576782227,166126
2025-05-30,NCPL,24.510000228881836,24.59000015258789,24.059999465942383,24.329999923706055,23.816131591796875,109966
2025-06-02,NCPL,24.5,24.700000762939453,24.389999389648438,24.469999313354492,23.953174591064453,173246
2025-06-03,NCPL,24.15999984741211,24.940000534057617,24.110000610351562,24.700000762939453,24.17831802368164,188577
2025-06-04,NCPL,25.0,25.0,24.510000228881836,24.540000915527344,24.021696090698242,165687
2025-06-05,NCPL,24.709999084472656,24.709999084472656,24.5,24.670000076293945,24.148950576782227,205388
2025-06-06,NCPL,24.670000076293945,24.670000076293945,24.670000076293945,24.670000076293945,24.148950576782227,0
2025-06-09,NCPL,24.670000076293945,24.670000076293945,24.670000076293945,24.670000076293945,24.148950576782227,0
2025-06-10,NCPL,24.670000076293945,24.670000076293945,24.299999237060547,24.389999389648438,23.874862670898438,260521
2025-06-11,NCPL,24.600000381469727,25.350000381469727,24.489999771118164,24.8799991607666,24.35451316833496,383798
2025-06-12,NCPL,24.760000228881836,25.190000534057617,24.579999923706055,24.690000534057617,24.168527603149414,318063
2025-06-13,NCPL,24.979999542236328,24.979999542236328,24.0,24.170000076293945,23.65951156616211,493523
2025-06-16,NCPL,24.170000076293945,24.170000076293945,24.170000076293945,24.170000076293945,23.65951156616211,0
2025-06-17,NCPL,24.780000686645508,24.780000686645508,24.299999237060547,24.3799991607666,23.865074157714844,31431
2025-06-18,NCPL,24.969999313354492,24.969999313354492,24.170000076293945,24.450000762939453,23.933597564697266,19800
2025-06-19,NCPL,24.209999084472656,24.770000457763672,24.209999084472656,24.399999618530273,23.884653091430664,79029
2025-06-20,NCPL,24.399999618530273,24.5,24.229999542236328,24.329999923706055,23.816131591796875,54408
2025-06-23,NCPL,24.219999313354492,24.239999771118164,23.610000610351562,23.93000030517578,23.424579620361328,225579
2025-06-24,NCPL,24.600000381469727,24.899999618530273,24.270000457763672,24.600000381469727,24.080429077148438,421001
2025-06-25,NCPL,24.559999465942383,24.940000534057617,24.0,24.1299991607666,23.62035369873047,371548
2025-06-26,NCPL,24.200000762939453,24.739999771118164,24.190000534057617,24.65999984741211,24.139162063598633,975471
2025-06-27,NCPL,24.889999389648438,24.889999389648438,24.25,24.31999969482422,23.80634307861328,1546928
2025-06-30,NCPL,24.5,24.65999984741211,24.200000762939453,24.309999465942383,23.796552658081055,115939
2025-07-01,NCPL,24.40999984741211,24.600000381469727,24.229999542236328,24.299999237060547,23.78676414489746,588498
2025-07-02,NCPL,24.579999923706055,24.799999237060547,24.260000228881836,24.579999923706055,24.060850143432617,225690
2025-07-03,NCPL,24.56999969482422,24.690000534057617,24.5,24.579999923706055,24.060850143432617,533603
2025-07-04,NCPL,24.559999465942383,24.799999237060547,24.5,24.6299991607666,24.10979461669922,674895
2025-07-07,NCPL,24.6299991607666,25.010000228881836,24.6299991607666,24.8799991607666,24.35451316833496,955732
2025-07-08,NCPL,25.100000381469727,25.600000381469727,24.989999771118164,25.510000228881836,24.971208572387695,803694
2025-07-09,NCPL,25.520000457763672,25.899999618530273,25.450000762939453,25.75,25.206140518188477,444269
2025-07-10,NCPL,25.979999542236328,25.979999542236328,25.600000381469727,25.700000762939453,25.157196044921875,234605
2025-07-11,NCPL,25.799999237060547,25.860000610351562,25.149999618530273,25.350000381469727,24.81458854675293,477505
2025-07-14,NCPL,25.5,25.68000030517578,25.299999237060547,25.329999923706055,24.79500961303711,155181
2025-07-15,NCPL,25.5,25.5,25.200000762939453,25.329999923706055,24.79500961303711,216589
2025-07-16,NCPL,25.329999923706055,25.600000381469727,25.020000457763672,25.350000381469727,24.81458854675293,166518
2025-07-17,NCPL,25.899999618530273,26.0,25.299999237060547,25.360000610351562,24.824377059936523,139879
2025-07-18,NCPL,25.049999237060547,25.3700008392334,25.0,25.010000228881836,24.481769561767578,112923
2025-07-21,NCPL,25.010000228881836,25.3700008392334,24.75,24.969999313354492,24.44261360168457,154164
2025-07-22,NCPL,25.110000610351562,25.25,24.5,24.729999542236328,24.20768165588379,483380
2025-07-23,NCPL,24.950000762939453,25.18000030517578,24.799999237060547,25.020000457763672,24.491558074951172,218838
2025-07-24,NCPL,25.049999237060547,25.350000381469727,24.809999465942383,25.110000610351562,24.57965850830078,90335
2025-07-25,NCPL,25.219999313354492,25.229999542236328,24.809999465942383,24.899999618530273,24.37409210205078,99849
2025-07-28,NCPL,25.059999465942383,25.100000381469727,24.81999969482422,24.899999618530273,24.37409210205078,70273
2025-07-29,NCPL,24.75,25.979999542236328,24.75,25.1200008392334,24.589447021484375,269441
2025-07-30,NCPL,25.290000915527344,25.600000381469727,24.829999923706055,25.299999237060547,24.765644073486328,122270
2025-07-31,NCPL,25.399999618530273,25.59000015258789,24.950000762939453,25.299999237060547,24.765644073486328,239497
2025-08-01,NCPL,25.6299991607666,27.399999618530273,25.049999237060547,26.239999771118164,25.685791015625,384401
2025-08-04,NCPL,26.489999771118164,26.899999618530273,26.350000381469727,26.6200008392334,26.05776596069336,397181
2025-08-05,NCPL,26.649999618530273,26.649999618530273,26.0,26.459999084472656,25.90114402770996,236103
2025-08-06,NCPL,26.059999465942383,26.889999389648438,25.899999618530273,26.229999542236328,25.676000595092773,1119294
2025-08-07,NCPL,26.690000534057617,27.1200008392334,26.299999237060547,26.670000076293945,26.106708526611328,913281
2025-08-08,NCPL,26.309999465942383,26.8799991607666,26.0,26.079999923706055,25.5291690826416,126771
2025-08-11,NCPL,26.6299991607666,26.6299991607666,26.010000228881836,26.190000534057617,25.6368465423584,47857
2025-08-12,NCPL,26.25,26.860000610351562,25.899999618530273,25.940000534057617,25.392127990722656,239296
2025-08-13,NCPL,25.950000762939453,26.100000381469727,25.780000686645508,25.81999969482422,25.274660110473633,682918
2025-08-15,NCPL,25.850000381469727,26.0,25.5,25.540000915527344,25.00057601928711,143595
2025-08-18,NCPL,25.989999771118164,28.09000015258789,25.989999771118164,28.09000015258789,27.49671745300293,4718570
2025-08-19,NCPL,29.950000762939453,29.950000762939453,27.700000762939453,28.020000457763672,27.42819595336914,4575952
2025-08-20,NCPL,28.200000762939453,28.450000762939453,27.75,27.959999084472656,27.369461059570312,289397
2025-08-21,NCPL,27.8799991607666,28.600000381469727,27.700000762939453,27.81999969482422,27.232419967651367,342473
2025-08-22,NCPL,28.190000534057617,28.190000534057617,27.700000762939453,27.739999771118164,27.154109954833984,303179
2025-08-25,NCPL,28.0,28.25,27.540000915527344,27.709999084472656,27.12474250793457,522818
2025-08-26,NCPL,27.709999084472656,27.989999771118164,25.020000457763672,27.610000610351562,27.02685546875,564092
2025-08-27,NCPL,27.950000762939453,27.950000762939453,27.0,27.149999618530273,26.576570510864258,215293
2025-08-28,NCPL,27.0,27.649999618530273,27.0,27.200000762939453,26.62551498413086,159561
2025-08-29,NCPL,27.739999771118164,27.739999771118164,27.100000381469727,27.260000228881836,26.684247970581055,291386
2025-09-01,NCPL,27.209999084472656,27.989999771118164,27.0,27.540000915527344,26.95833396911621,539844
2025-09-02,NCPL,27.600000381469727,28.5,27.600000381469727,27.889999389648438,27.300941467285156,1416499
2025-09-03,NCPL,28.0,29.149999618530273,27.899999618530273,28.979999542236328,28.367919921875,1488586
2025-09-04,NCPL,29.0,29.0,28.010000228881836,28.25,27.653337478637695,269381
2025-09-05,NCPL,28.600000381469727,28.600000381469727,27.81999969482422,28.0,27.408618927001953,635642
2025-09-08,NCPL,28.049999237060547,28.68000030517578,28.0,28.209999084472656,27.614181518554688,310797
2025-09-09,NCPL,28.3799991607666,28.899999618530273,28.209999084472656,28.549999237060547,27.94700050354004,352774
2025-09-10,NCPL,28.209999084472656,28.93000030517578,28.149999618530273,28.520000457763672,27.917634963989258,1296666
2025-09-11,NCPL,28.520000457763672,28.520000457763672,28.0,28.1200008392334,27.526084899902344,828589
2025-09-12,NCPL,28.149999618530273,28.850000381469727,27.899999618530273,28.100000381469727,27.506505966186523,387087
2025-09-15,NCPL,28.1200008392334,28.75,28.049999237060547,28.280000686645508,27.68270492553711,512047
2025-09-16,NCPL,28.5,28.979999542236328,28.200000762939453,28.719999313354492,28.11341094970703,314875
2025-09-17,NCPL,28.75,29.190000534057617,28.469999313354492,28.610000610351562,28.005735397338867,393886
2025-09-18,NCPL,29.200000762939453,29.200000762939453,28.25,28.360000610351562,27.761014938354492,345354
2025-09-19,NCPL,28.399999618530273,28.8799991607666,28.280000686645508,28.489999771118164,27.888269424438477,452319
2025-09-22,NCPL,28.110000610351562,28.450000762939453,27.860000610351562,27.979999542236328,27.389039993286133,309372
2025-09-23,NCPL,27.979999542236328,27.979999542236328,27.979999542236328,27.979999542236328,27.389039993286133,0
2025-09-24,NCPL,28.399999618530273,28.399999618530273,28.0,28.1200008392334,27.526084899902344,276388
2025-09-25,NCPL,28.450000762939453,28.450000762939453,27.950000762939453,27.989999771118164,27.398828506469727,479114
2025-09-26,NCPL,28.0,28.3799991607666,27.809999465942383,27.899999618530273,27.31072998046875,243881
2025-09-29,NCPL,28.200000762939453,28.200000762939453,25.110000610351562,25.3799991607666,24.84395408630371,1766949
2025-09-30,NCPL,24.700000762939453,25.979999542236328,24.520000457763672,24.81999969482422,24.2957820892334,1517800
2025-10-01,NCPL,24.809999465942383,25.0,24.31999969482422,24.469999313354492,23.953174591064453,822022
2025-10-02,NCPL,24.75,25.149999618530273,24.5,24.56999969482422,24.051061630249023,1193139
2025-10-03,NCPL,24.950000762939453,25.25,24.399999618530273,25.010000228881836,24.481769561767578,377874
2025-10-06,NCPL,25.049999237060547,25.440000534057617,24.450000762939453,24.579999923706055,24.060850143432617,925641
2025-10-07,NCPL,24.579999923706055,24.579999923706055,24.579999923706055,24.579999923706055,24.060850143432617,0
2025-10-08,NCPL,24.399999618530273,24.440000534057617,23.989999771118164,24.059999465942383,23.551834106445312,638857
2025-10-09,NCPL,24.239999771118164,24.25,23.5,23.709999084472656,23.209224700927734,415211
2025-10-10,NCPL,23.770000457763672,24.200000762939453,23.100000381469727,23.290000915527344,22.798097610473633,539560
2025-10-13,NCPL,23.549999237060547,23.850000381469727,22.489999771118164,22.639999389648438,22.16182518005371,657505
2025-10-14,NCPL,23.5,24.0,23.0,23.6299991607666,23.13091468811035,881899
2025-10-15,NCPL,23.65999984741211,24.200000762939453,23.65999984741211,24.110000610351562,23.600778579711914,498857
2025-10-16,NCPL,24.290000915527344,24.290000915527344,23.40999984741211,23.739999771118164,23.23859214782715,275381
2025-10-17,NCPL,23.700000762939453,24.229999542236328,23.559999465942383,23.84000015258789,23.33648109436035,211373
2025-10-20,NCPL,23.84000015258789,24.5,23.84000015258789,24.3700008392334,23.855287551879883,417041
2025-10-21,NCPL,24.5,24.700000762939453,24.25,24.65999984741211,24.139162063598633,507914
2025-10-22,NCPL,24.899999618530273,25.25,24.709999084472656,25.139999389648438,24.60902214050293,466116
2025-10-23,NCPL,25.280000686645508,25.899999618530273,25.100000381469727,25.610000610351562,25.0690975189209,814931
2025-10-24,NCPL,25.5,26.0,25.200000762939453,25.309999465942383,24.775432586669922,1013547
2025-10-27,NCPL,25.489999771118164,25.5,24.5,24.510000228881836,23.99233055114746,238978
2025-10-28,NCPL,24.020000457763672,25.290000915527344,24.020000457763672,24.93000030517578,24.403459548950195,773982
2025-10-29,NCPL,24.989999771118164,25.34000015258789,24.600000381469727,24.950000762939453,24.423036575317383,378170
2025-10-30,NCPL,25.489999771118164,25.899999618530273,24.850000381469727,25.600000381469727,25.059309005737305,788601
2025-10-31,NCPL,25.700000762939453,26.0,25.5,25.950000762939453,25.40191650390625,644682
2025-11-03,NCPL,25.950000762939453,26.190000534057617,25.549999237060547,25.700000762939453,25.157196044921875,452998
2025-11-04,NCPL,25.700000762939453,25.700000762939453,25.020000457763672,25.389999389648438,24.853742599487305,124711
2025-11-05,NCPL,25.700000762939453,26.06999969482422,25.299999237060547,25.489999771118164,24.951631546020508,1108354
2025-11-06,NCPL,25.299999237060547,25.959999084472656,25.010000228881836,25.68000030517578,25.137619018554688,549132
2025-11-07,NCPL,25.940000534057617,25.969999313354492,25.260000228881836,25.899999618530273,25.35297203063965,136315
2025-11-10,NCPL,26.0,26.5,25.799999237060547,26.18000030517578,25.627058029174805,219011
2025-11-11,NCPL,26.5,26.5,25.600000381469727,25.829999923706055,25.28445053100586,557146
2025-11-12,NCPL,26.1200008392334,26.1200008392334,25.25,25.440000534057617,24.902687072753906,219338
2025-11-13,NCPL,26.06999969482422,26.100000381469727,25.420000076293945,25.530000686645508,24.990787506103516,87379
2025-11-14,NCPL,26.139999389648438,26.139999389648438,25.1200008392334,25.979999542236328,25.43128204345703,92178
2025-11-17,NCPL,25.610000610351562,26.25,25.020000457763672,26.170000076293945,25.61726951599121,248068
2025-11-18,NCPL,26.100000381469727,26.15999984741211,25.5,25.549999237060547,25.01036262512207,244735
2025-11-19,NCPL,25.559999465942383,26.0,25.399999618530273,25.690000534057617,25.14740753173828,277350
2025-11-20,NCPL,25.530000686645508,26.100000381469727,25.530000686645508,25.93000030517578,25.38233757019043,291645
2025-11-21,NCPL,25.93000030517578,26.0,25.549999237060547,25.59000015258789,25.049518585205078,91842
2025-11-24,NCPL,25.59000015258789,25.899999618530273,25.510000228881836,25.610000610351562,25.0690975189209,66725
2025-11-25,NCPL,25.739999771118164,26.549999237060547,25.0,26.3700008392334,25.813045501708984,774059
2025-11-26,NCPL,26.399999618530273,27.100000381469727,26.299999237060547,26.989999771118164,26.419950485229492,1145680
2025-11-27,NCPL,27.5,27.6299991607666,26.010000228881836,27.06999969482422,26.498260498046875,412363
2025-11-28,NCPL,27.010000228881836,27.700000762939453,27.0,27.489999771118164,26.90938949584961,513405
2025-12-01,NCPL,27.299999237060547,27.790000915527344,26.799999237060547,27.219999313354492,26.645092010498047,345004
2025-12-02,NCPL,27.399999618530273,27.889999389648438,26.899999618530273,27.459999084472656,26.880022048950195,548743
2025-12-03,NCPL,27.459999084472656,28.899999618530273,27.010000228881836,28.59000015258789,27.986156463623047,1182503
2025-12-04,NCPL,28.75,31.450000762939453,28.600000381469727,31.450000762939453,30.785751342773438,8765284
2025-12-05,NCPL,32.09000015258789,33.5,31.309999465942383,32.279998779296875,31.59821891784668,7462418
2025-12-08,NCPL,32.84000015258789,35.0,32.18000030517578,34.880001068115234,34.143306732177734,7996593
2025-12-09,NCPL,35.9900016784668,37.88999938964844,35.20000076293945,37.619998931884766,36.825435638427734,6421369
2025-12-10,NCPL,37.970001220703125,41.380001068115234,37.970001220703125,41.380001068115234,40.50602340698242,9458288
2025-12-11,NCPL,43.9900016784668,45.52000045776367,43.9900016784668,45.52000045776367,44.5585823059082,1800632
2025-12-12,NCPL,48.0,49.0,44.5,44.939998626708984,43.99082946777344,20997020
2025-12-15,NCPL,46.0,49.43000030517578,42.81999969482422,49.43000030517578,48.38600158691406,14768283
2025-12-16,NCPL,52.97999954223633,54.369998931884766,48.119998931884766,50.720001220703125,49.64875411987305,18301663
2025-12-17,NCPL,51.0,53.29999923706055,50.0,50.27000045776367,49.20825958251953,6796894
2025-12-18,NCPL,51.0,52.099998474121094,47.900001525878906,51.22999954223633,50.14798355102539,11268345
2025-12-19,NCPL,52.0,56.349998474121094,51.599998474121094,56.15999984741211,54.97385787963867,22906260
2025-12-22,NCPL,56.900001525878906,59.4900016784668,56.060001373291016,58.95000076293945,57.70492935180664,19283707
2025-12-23,NCPL,59.310001373291016,59.650001525878906,53.060001373291016,53.060001373291016,51.9393310546875,10869901
2025-12-24,NCPL,52.02000045776367,52.02000045776367,49.0099983215332,51.41999816894531,50.33396911621094,10486716
2025-12-26,NCPL,51.79999923706055,52.79999923706055,48.15999984741211,50.25,49.18867874145508,18036999
2025-12-29,NCPL,50.599998474121094,51.400001525878906,49.400001525878906,49.63999938964844,48.5915641784668,2257433
2025-12-30,NCPL,49.650001525878906,52.79999923706055,49.4900016784668,51.40999984741211,50.324180603027344,4155907
2025-12-31,NCPL,51.40999984741211,52.47999954223633,49.900001525878906,50.40999984741211,49.34530258178711,3571988
