Date,Symbol,Open,High,Low,Close,Adj Close,Volume
2015-01-01,NESTLE,9108.0,9125.0,9099.0,9108.0,5875.17138671875,80
2015-01-02,NESTLE,9200.0,9200.0,9050.0,9050.0,5837.75830078125,80
2015-01-05,NESTLE,9050.0,9050.0,9050.0,9050.0,5837.75830078125,0
2015-01-06,NESTLE,9200.0,9502.5,9200.0,9502.5,6129.64697265625,460
2015-01-07,NESTLE,9650.0,9977.6201171875,9575.0,9954.8095703125,6421.41015625,1020
2015-01-08,NESTLE,10300.0,10452.5498046875,10300.0,10452.5498046875,6742.48193359375,2320
2015-01-09,NESTLE,10600.0,10975.169921875,10600.0,10975.009765625,7079.49951171875,1120
2015-01-12,NESTLE,10800.0,10800.0,10700.0,10700.0,6902.10302734375,80
2015-01-13,NESTLE,10600.0,10601.0,10500.0,10601.0,6838.24072265625,120
2015-01-14,NESTLE,10601.0,10601.0,10601.0,10601.0,6838.24072265625,0
2015-01-15,NESTLE,10700.009765625,10999.0,10700.009765625,10999.0,7094.9736328125,1100
2015-01-16,NESTLE,10999.0,10999.0,10999.0,10999.0,7094.9736328125,0
2015-01-19,NESTLE,10500.0,10500.0,10500.0,10500.0,6773.09033203125,260
2015-01-20,NESTLE,10500.0,10500.0,10500.0,10500.0,6773.09033203125,0
2015-01-21,NESTLE,10202.0,10305.0,10202.0,10300.0,6644.0791015625,100
2015-01-22,NESTLE,10400.009765625,10400.009765625,10400.0,10400.0,6708.583984375,60
2015-01-23,NESTLE,10400.0,10400.0,10400.0,10400.0,6708.583984375,0
2015-01-26,NESTLE,10400.0,10920.0,10400.0,10400.0,6708.583984375,180
2015-01-27,NESTLE,10799.0,10919.0,10799.0,10919.0,7043.36767578125,100
2015-01-28,NESTLE,10919.0,10919.0,10919.0,10919.0,7043.36767578125,0
2015-01-29,NESTLE,10500.0,10500.0,10401.099609375,10470.0,6753.7392578125,100
2015-01-30,NESTLE,10070.0,10500.0,10070.0,10500.0,6773.09033203125,40
2015-02-02,NESTLE,10500.0,10500.0,10500.0,10500.0,6773.09033203125,0
2015-02-03,NESTLE,10500.0,10500.0,10500.0,10500.0,6773.09033203125,0
2015-02-04,NESTLE,10500.0,10600.0,10500.0,10600.0,6837.5947265625,180
2015-02-05,NESTLE,10600.0,10600.0,10600.0,10600.0,6837.5947265625,0
2015-02-06,NESTLE,10610.0,10610.0,10610.0,10610.0,6844.04541015625,40
2015-02-09,NESTLE,10600.0,10600.0,10600.0,10600.0,6837.5947265625,260
2015-02-10,NESTLE,10600.0,10600.0,10600.0,10600.0,6837.5947265625,0
2015-02-11,NESTLE,10650.0,10900.0,10650.0,10800.0,6966.6064453125,200
2015-02-12,NESTLE,10750.0,10750.0,10560.0,10560.0,6811.7939453125,60
2015-02-13,NESTLE,10560.0,10560.0,10560.0,10560.0,6811.7939453125,0
2015-02-16,NESTLE,10561.0,10561.0,10500.0,10530.5,6792.7646484375,780
2015-02-17,NESTLE,10531.5595703125,10600.0,10500.0,10500.0,6773.09033203125,1280
2015-02-18,NESTLE,10550.0,10550.0,10550.0,10550.0,6805.34375,40
2015-02-19,NESTLE,10650.0,10700.0,10500.0,10500.0,6773.09033203125,1920
2015-02-20,NESTLE,10500.0,10500.0,10500.0,10500.0,6773.09033203125,0
2015-02-23,NESTLE,9975.0,10000.099609375,9975.0,9975.0,6434.4345703125,300
2015-02-24,NESTLE,9975.0,9975.0,9975.0,9975.0,6434.4345703125,20
2015-02-25,NESTLE,10021.0,10021.0,10021.0,10021.0,6464.109375,20
2015-02-26,NESTLE,10150.0,10225.0,10150.0,10225.0,6595.7001953125,60
2015-02-27,NESTLE,10200.1103515625,10200.1103515625,10200.0,10200.0,6579.5732421875,140
2015-03-02,NESTLE,10200.0,10200.0,10200.0,10200.0,6579.5732421875,0
2015-03-03,NESTLE,10000.0,10000.0,10000.0,10000.0,6450.56103515625,20
2015-03-04,NESTLE,10000.0,10000.0,10000.0,10000.0,6450.56103515625,0
2015-03-05,NESTLE,9975.0,9975.0,9975.0,9975.0,6434.4345703125,240
2015-03-06,NESTLE,9975.0,9975.0,9975.0,9975.0,6434.4345703125,0
2015-03-09,NESTLE,9975.0,9975.0,9975.0,9975.0,6434.4345703125,0
2015-03-10,NESTLE,10200.0,10200.0,9975.0,9975.0,6434.4345703125,60
2015-03-11,NESTLE,9975.0,9975.0,9975.0,9975.0,6434.4345703125,0
2015-03-12,NESTLE,9975.0,9975.0,9975.0,9975.0,6434.4345703125,100
2015-03-13,NESTLE,9975.0,9975.0,9975.0,9975.0,6434.4345703125,0
2015-03-16,NESTLE,9975.009765625,9975.009765625,9975.0,9975.0,6434.4345703125,100
2015-03-17,NESTLE,9975.009765625,9975.009765625,9975.0,9975.0,6434.4345703125,600
2015-03-18,NESTLE,9975.009765625,9975.009765625,9975.009765625,9975.009765625,6434.43994140625,40
2015-03-19,NESTLE,9976.0,9976.0,9975.0,9975.669921875,6434.8671875,1740
2015-03-20,NESTLE,10000.0,10250.0,10000.0,10011.0,6457.65771484375,80
2015-03-23,NESTLE,10011.0,10011.0,10011.0,10011.0,6457.65771484375,0
2015-03-24,NESTLE,9975.0,9975.0,9975.0,9975.0,6434.4345703125,60
2015-03-25,NESTLE,9975.0,9990.0,9975.0,9982.5,6439.27490234375,80
2015-03-26,NESTLE,10000.0,10000.0,9990.900390625,9990.900390625,6444.69287109375,80
2015-03-27,NESTLE,9975.0498046875,9975.0498046875,9975.0498046875,9975.0498046875,6434.466796875,20
2015-03-30,NESTLE,9975.0302734375,9975.0302734375,9900.0,9975.0,6434.4345703125,1040
2015-03-31,NESTLE,9975.0,9975.0,9975.0,9975.0,6434.4345703125,0
2015-04-01,NESTLE,9975.0,9975.0,9975.0,9975.0,6434.4345703125,0
2015-04-02,NESTLE,9975.009765625,9975.009765625,9975.0,9975.0,6434.4345703125,100
2015-04-03,NESTLE,9975.0,9975.0,9975.0,9975.0,6434.4345703125,0
2015-04-06,NESTLE,9975.0,9975.0,9975.0,9975.0,6434.4345703125,0
2015-04-07,NESTLE,9975.0,9975.0,9975.0,9975.0,6434.4345703125,0
2015-04-08,NESTLE,9975.0,9975.0,9975.0,9975.0,6434.4345703125,0
2015-04-09,NESTLE,10100.0,10250.0,10100.0,10250.0,6611.826171875,120
2015-04-10,NESTLE,10500.0,10500.0,10500.0,10500.0,6773.09033203125,20
2015-04-13,NESTLE,10500.0,10500.0,10500.0,10500.0,6773.09033203125,0
2015-04-14,NESTLE,10400.0,10400.0,10400.0,10400.0,6708.583984375,20
2015-04-15,NESTLE,10100.0,10100.0,10100.0,10100.0,6571.94091796875,20
2015-04-16,NESTLE,9990.0,9990.0,9595.0,9595.0,6243.34326171875,140
2015-04-17,NESTLE,9595.0,9595.0,9595.0,9595.0,6243.34326171875,0
2015-04-20,NESTLE,9595.0,9595.0,9595.0,9595.0,6243.34326171875,0
2015-04-21,NESTLE,9595.0,9595.0,9595.0,9595.0,6243.34326171875,0
2015-04-22,NESTLE,9500.0,9500.0,9500.0,9500.0,6181.52783203125,40
2015-04-23,NESTLE,9500.0,9975.0,9500.0,9975.0,6490.6015625,180
2015-04-24,NESTLE,10040.0,10050.0,10000.0,10000.0,6506.87158203125,120
2015-04-27,NESTLE,10000.0,10000.0,10000.0,10000.0,6506.87158203125,20
2015-04-28,NESTLE,10000.0,10000.0,10000.0,10000.0,6506.87158203125,0
2015-04-29,NESTLE,10000.0,10000.0,10000.0,10000.0,6506.87158203125,0
2015-04-30,NESTLE,10000.0,10000.0,10000.0,10000.0,6506.87158203125,0
2015-05-01,NESTLE,10000.0,10000.0,10000.0,10000.0,6506.87158203125,0
2015-05-04,NESTLE,9610.0,9610.0,9500.0,9500.0,6181.52783203125,2000
2015-05-05,NESTLE,9500.0,9500.0,9500.0,9500.0,6181.52783203125,0
2015-05-06,NESTLE,9750.0,9975.0,9750.0,9975.0,6490.6015625,100
2015-05-07,NESTLE,10000.0,10200.0,10000.0,10200.0,6637.0087890625,100
2015-05-08,NESTLE,10000.0,10000.0,9999.5,10000.0,6506.87158203125,1900
2015-05-11,NESTLE,10000.0,10000.0,10000.0,10000.0,6506.87158203125,0
2015-05-12,NESTLE,10000.0,10000.0,10000.0,10000.0,6506.87158203125,0
2015-05-13,NESTLE,10000.0,10000.0,10000.0,10000.0,6506.87158203125,0
2015-05-14,NESTLE,10000.0,10000.0,10000.0,10000.0,6506.87158203125,0
2015-05-15,NESTLE,10020.0,10020.0,9990.0,10020.0,6519.884765625,360
2015-05-18,NESTLE,10020.0,10020.0,10020.0,10020.0,6519.884765625,0
2015-05-19,NESTLE,9980.0,9990.0,9980.0,9990.0,6500.36376953125,40
2015-05-20,NESTLE,9990.0,9990.0,9990.0,9990.0,6500.36376953125,0
2015-05-21,NESTLE,9990.0,9990.0,9990.0,9990.0,6500.36376953125,0
2015-05-22,NESTLE,9990.0,9990.0,9990.0,9990.0,6500.36376953125,0
2015-05-25,NESTLE,9990.0,9990.0,9990.0,9990.0,6500.36376953125,0
2015-05-26,NESTLE,9990.0,9990.0,9990.0,9990.0,6500.36376953125,0
2015-05-27,NESTLE,9990.0,9990.0,9990.0,9990.0,6500.36376953125,0
2015-05-28,NESTLE,9990.0,9990.0,9990.0,9990.0,6500.36376953125,0
2015-05-29,NESTLE,9990.0,9990.0,9990.0,9990.0,6500.36376953125,20
2015-06-01,NESTLE,9990.0,9990.0,9990.0,9990.0,6500.36376953125,0
2015-06-02,NESTLE,9990.0,9990.0,9990.0,9990.0,6500.36376953125,0
2015-06-03,NESTLE,9551.0,9551.0,9551.0,9551.0,6214.7138671875,20
2015-06-04,NESTLE,9999.0,10000.0,9950.0,9980.0,6493.85791015625,3040
2015-06-05,NESTLE,9980.0,9980.0,9980.0,9980.0,6493.85791015625,0
2015-06-08,NESTLE,9980.0,9980.0,9980.0,9980.0,6493.85791015625,0
2015-06-09,NESTLE,10020.0,10020.0,10000.0,10020.0,6519.884765625,380
2015-06-10,NESTLE,10200.0,10200.0,10200.0,10200.0,6637.0087890625,20
2015-06-11,NESTLE,10000.0,10000.0,10000.0,10000.0,6506.87158203125,100
2015-06-12,NESTLE,10150.0,10200.0,10025.1103515625,10025.1103515625,6523.2109375,13540
2015-06-15,NESTLE,10000.0,10000.0,10000.0,10000.0,6506.87158203125,20
2015-06-16,NESTLE,10240.0,10250.0,10200.0,10200.0,6637.0087890625,2200
2015-06-17,NESTLE,10200.0,10200.0,10200.0,10200.0,6637.0087890625,0
2015-06-18,NESTLE,10200.0,10200.0,10200.0,10200.0,6637.0087890625,0
2015-06-19,NESTLE,10200.0,10200.0,10200.0,10200.0,6637.0087890625,0
2015-06-22,NESTLE,10200.0,10200.0,10200.0,10200.0,6637.0087890625,460
2015-06-23,NESTLE,10200.0,10200.0,10200.0,10200.0,6637.0087890625,0
2015-06-24,NESTLE,10200.0,10200.0,10200.0,10200.0,6637.0087890625,0
2015-06-25,NESTLE,10200.0,10200.0,10200.0,10200.0,6637.0087890625,0
2015-06-26,NESTLE,10200.0,10200.0,10200.0,10200.0,6637.0087890625,0
2015-06-29,NESTLE,9755.0,9999.990234375,9755.0,9999.990234375,6506.8662109375,40
2015-06-30,NESTLE,9751.0,9751.0,9751.0,9751.0,6344.8486328125,20
2015-07-01,NESTLE,9751.0,9751.0,9725.0,9738.0,6336.390625,40
2015-07-02,NESTLE,9738.0,9738.0,9738.0,9738.0,6336.390625,0
2015-07-03,NESTLE,9738.0,9738.0,9738.0,9738.0,6336.390625,0
2015-07-06,NESTLE,9551.0,9750.0,9551.0,9750.0,6344.19970703125,60
2015-07-07,NESTLE,9990.0,9990.0,9990.0,9990.0,6500.36376953125,200
2015-07-08,NESTLE,9990.0,9990.0,9990.0,9990.0,6500.36376953125,0
2015-07-09,NESTLE,9990.0,9990.0,9990.0,9990.0,6500.36376953125,0
2015-07-10,NESTLE,10000.0,10005.0,10000.0,10000.0,6506.87158203125,160
2015-07-13,NESTLE,10000.0,10000.0,10000.0,10000.0,6506.87158203125,0
2015-07-14,NESTLE,10000.0,10000.0,10000.0,10000.0,6506.87158203125,40
2015-07-15,NESTLE,10000.0,10000.0,10000.0,10000.0,6506.87158203125,240
2015-07-16,NESTLE,10245.0,10245.0,10245.0,10245.0,6666.2900390625,20
2015-07-17,NESTLE,10245.0,10245.0,10245.0,10245.0,6666.2900390625,0
2015-07-20,NESTLE,10245.0,10245.0,10245.0,10245.0,6666.2900390625,0
2015-07-21,NESTLE,10245.0,10245.0,10245.0,10245.0,6666.2900390625,0
2015-07-22,NESTLE,10245.0,10245.0,10245.0,10245.0,6666.2900390625,0
2015-07-23,NESTLE,10000.0,10699.0,10000.0,10524.5,6848.1552734375,1140
2015-07-24,NESTLE,10200.0,10600.0,10200.0,10600.0,6897.283203125,960
2015-07-27,NESTLE,10500.0,10500.0,10500.0,10500.0,6832.21484375,20
2015-07-28,NESTLE,10500.0,10500.0,10500.0,10500.0,6832.21484375,0
2015-07-29,NESTLE,10500.0,10500.0,10500.0,10500.0,6832.21484375,0
2015-07-30,NESTLE,10000.0,10500.0,10000.0,10500.0,6832.21484375,160
2015-07-31,NESTLE,10500.0,10695.0,10500.0,10695.0,6959.099609375,540
2015-08-03,NESTLE,10685.0,10725.099609375,10685.0,10725.099609375,6978.685546875,240
2015-08-04,NESTLE,10700.0,10701.0,10700.0,10700.0,6962.3515625,200
2015-08-05,NESTLE,10701.0,10701.0,10500.0,10500.0,6832.21484375,900
2015-08-06,NESTLE,10700.0,10790.0,10700.0,10700.0,6962.3515625,140
2015-08-07,NESTLE,10700.0,10700.0,10700.0,10700.0,6962.3515625,0
2015-08-10,NESTLE,10700.0,10700.0,10700.0,10700.0,6962.3515625,0
2015-08-11,NESTLE,10700.0,10700.0,10700.0,10700.0,6962.3515625,200
2015-08-12,NESTLE,10700.0,10700.0,10700.0,10700.0,6962.3515625,0
2015-08-13,NESTLE,10700.0,10700.0,10700.0,10700.0,6962.3515625,0
2015-08-14,NESTLE,10700.0,10700.0,10700.0,10700.0,6962.3515625,0
2015-08-17,NESTLE,10700.0,10700.0,10700.0,10700.0,6962.3515625,40
2015-08-18,NESTLE,10700.0,10700.0,10700.0,10700.0,6962.3515625,20
2015-08-19,NESTLE,10700.0,10700.0,10700.0,10700.0,6962.3515625,0
2015-08-20,NESTLE,10700.0,10700.0,10700.0,10700.0,6962.3515625,0
2015-08-21,NESTLE,10700.0,10700.0,10700.0,10700.0,6962.3515625,0
2015-08-24,NESTLE,10700.0,10700.0,10700.0,10700.0,6962.3515625,0
2015-08-25,NESTLE,10700.0,10700.0,10700.0,10700.0,6962.3515625,0
2015-08-26,NESTLE,10700.0,10700.0,10700.0,10700.0,6962.3515625,0
2015-08-27,NESTLE,10700.0,10700.0,10700.0,10700.0,6962.3515625,0
2015-08-28,NESTLE,10700.0,10700.0,10700.0,10700.0,6962.3515625,0
2015-08-31,NESTLE,10700.0,10700.0,10700.0,10700.0,6962.3515625,0
2015-09-01,NESTLE,10700.0,10700.0,10700.0,10700.0,6962.3515625,0
2015-09-02,NESTLE,10199.0,10199.0,10199.0,10199.0,6636.35888671875,20
2015-09-03,NESTLE,10199.0,10199.0,10199.0,10199.0,6636.35888671875,0
2015-09-04,NESTLE,10199.0,10199.0,10199.0,10199.0,6636.35888671875,0
2015-09-07,NESTLE,10199.0,10199.0,10199.0,10199.0,6669.05419921875,0
2015-09-08,NESTLE,10199.0,10199.0,10199.0,10199.0,6669.05419921875,0
2015-09-09,NESTLE,10199.0,10199.0,10199.0,10199.0,6669.05419921875,0
2015-09-10,NESTLE,10199.0,10199.0,10199.0,10199.0,6669.05419921875,0
2015-09-11,NESTLE,10199.0,10199.0,10199.0,10199.0,6669.05419921875,0
2015-09-14,NESTLE,10199.0,10199.0,10199.0,10199.0,6669.05419921875,0
2015-09-15,NESTLE,10199.0,10199.0,10199.0,10199.0,6669.05419921875,0
2015-09-16,NESTLE,10199.0,10199.0,10199.0,10199.0,6669.05419921875,0
2015-09-17,NESTLE,10199.0,10199.0,10199.0,10199.0,6669.05419921875,0
2015-09-18,NESTLE,10199.0,10199.0,10199.0,10199.0,6669.05419921875,0
2015-09-21,NESTLE,10199.0,10199.0,10199.0,10199.0,6669.05419921875,0
2015-09-22,NESTLE,10199.0,10199.0,10199.0,10199.0,6669.05419921875,0
2015-09-23,NESTLE,10199.0,10199.0,10199.0,10199.0,6669.05419921875,0
2015-09-24,NESTLE,10199.0,10199.0,10199.0,10199.0,6669.05419921875,0
2015-09-25,NESTLE,10199.0,10199.0,10199.0,10199.0,6669.05419921875,0
2015-09-28,NESTLE,10199.0,10199.0,10199.0,10199.0,6669.05419921875,0
2015-09-29,NESTLE,10199.0,10199.0,10199.0,10199.0,6669.05419921875,0
2015-09-30,NESTLE,10199.0,10199.0,10199.0,10199.0,6669.05419921875,0
2015-10-01,NESTLE,10199.0,10199.0,10199.0,10199.0,6669.05419921875,0
2015-10-02,NESTLE,10199.0,10199.0,10199.0,10199.0,6669.05419921875,0
2015-10-05,NESTLE,10199.0,10199.0,10199.0,10199.0,6669.05419921875,0
2015-10-06,NESTLE,10199.0,10199.0,10199.0,10199.0,6669.05419921875,0
2015-10-07,NESTLE,10199.0,10199.0,10199.0,10199.0,6669.05419921875,0
2015-10-08,NESTLE,10199.0,10199.0,10199.0,10199.0,6669.05419921875,0
2015-10-09,NESTLE,10199.0,10199.0,10199.0,10199.0,6669.05419921875,0
2015-10-12,NESTLE,10199.0,10199.0,10199.0,10199.0,6669.05419921875,0
2015-10-13,NESTLE,10199.0,10199.0,10199.0,10199.0,6669.05419921875,0
2015-10-14,NESTLE,10199.0,10199.0,10199.0,10199.0,6669.05419921875,0
2015-10-15,NESTLE,10199.0,10199.0,10199.0,10199.0,6669.05419921875,0
2015-10-16,NESTLE,10199.0,10199.0,10199.0,10199.0,6669.05419921875,0
2015-10-19,NESTLE,10249.0,10249.0,10249.0,10249.0,6701.748046875,20
2015-10-20,NESTLE,10249.0,10249.0,10249.0,10249.0,6701.748046875,0
2015-10-21,NESTLE,10249.0,10249.0,10249.0,10249.0,6701.748046875,0
2015-10-22,NESTLE,9755.0,9755.0,9747.0,9747.0,6373.4921875,120
2015-10-23,NESTLE,9747.0,9747.0,9747.0,9747.0,6373.4921875,0
2015-10-26,NESTLE,9747.0,9747.0,9747.0,9747.0,6373.4921875,0
2015-10-27,NESTLE,9747.0,9747.0,9747.0,9747.0,6373.4921875,0
2015-10-28,NESTLE,9225.0,9225.25,9213.419921875,9225.25,6032.32373046875,180
2015-10-29,NESTLE,9225.25,9225.25,9225.25,9225.25,6032.32373046875,0
2015-10-30,NESTLE,9225.25,9225.25,9225.25,9225.25,6032.32373046875,0
2015-11-02,NESTLE,9225.25,9225.25,9225.25,9225.25,6032.32373046875,0
2015-11-03,NESTLE,9300.0,9300.0,9300.0,9300.0,6081.20361328125,20
2015-11-04,NESTLE,9300.0,9300.0,9300.0,9300.0,6081.20361328125,0
2015-11-05,NESTLE,9333.330078125,9333.330078125,9300.0,9300.0,6081.20361328125,80
2015-11-06,NESTLE,9010.0,9010.0,9010.0,9010.0,5891.5751953125,20
2015-11-09,NESTLE,9010.0,9010.0,9010.0,9010.0,5891.5751953125,0
2015-11-10,NESTLE,9010.0,9010.0,9010.0,9010.0,5891.5751953125,0
2015-11-11,NESTLE,8665.0,8665.0,8665.0,8665.0,5665.9814453125,20
2015-11-12,NESTLE,8531.0,8531.0,8531.0,8531.0,5578.35986328125,20
2015-11-13,NESTLE,8850.0,8900.0,8850.0,8900.0,5819.646484375,1040
2015-11-16,NESTLE,8900.0,8900.0,8900.0,8900.0,5819.646484375,0
2015-11-17,NESTLE,9000.0,9000.0,9000.0,9000.0,5885.0341796875,20
2015-11-18,NESTLE,9000.0,9000.0,9000.0,9000.0,5885.0341796875,0
2015-11-19,NESTLE,9000.0,9000.0,9000.0,9000.0,5885.0341796875,0
2015-11-20,NESTLE,9000.0,9000.0,9000.0,9000.0,5885.0341796875,0
2015-11-23,NESTLE,9000.0,9000.0,9000.0,9000.0,5885.0341796875,0
2015-11-24,NESTLE,8650.0,8650.0,8650.0,8650.0,5656.17236328125,20
2015-11-25,NESTLE,8650.0,8650.0,8650.0,8650.0,5656.17236328125,0
2015-11-26,NESTLE,8650.0,8650.0,8650.0,8650.0,5656.17236328125,0
2015-11-27,NESTLE,8600.0,8650.0,8600.0,8600.0,5623.478515625,40
2015-11-30,NESTLE,8600.0,8600.0,8600.0,8600.0,5623.478515625,0
2015-12-01,NESTLE,8600.0,8600.0,8600.0,8600.0,5623.478515625,0
2015-12-02,NESTLE,8600.0,8600.0,8600.0,8600.0,5623.478515625,0
2015-12-03,NESTLE,8600.0,8600.0,8600.0,8600.0,5623.478515625,0
2015-12-04,NESTLE,8600.0,8600.0,8600.0,8600.0,5623.478515625,40
2015-12-07,NESTLE,8600.0,8600.0,8600.0,8600.0,5623.478515625,0
2015-12-08,NESTLE,8300.0,8300.0,8300.0,8300.0,5427.31005859375,20
2015-12-09,NESTLE,7890.0,7920.009765625,7885.0,7885.0,5155.9443359375,120
2015-12-10,NESTLE,7885.0,7885.0,7885.0,7885.0,5155.9443359375,0
2015-12-11,NESTLE,7490.75,7490.75,7490.75,7490.75,4898.14697265625,20
2015-12-14,NESTLE,7490.75,7490.75,7490.75,7490.75,4898.14697265625,0
2015-12-15,NESTLE,7400.0,7400.0,7116.22021484375,7116.22021484375,4653.24560546875,740
2015-12-16,NESTLE,7349.0,7349.0,7000.0,7000.0,4577.25048828125,80
2015-12-17,NESTLE,7171.0,7171.0,7010.0,7090.0,4636.10009765625,180
2015-12-18,NESTLE,7099.0,7120.0,7000.0,7000.10986328125,4577.3203125,80
2015-12-21,NESTLE,6999.0,7250.0,6999.0,7250.0,4740.72314453125,120
2015-12-22,NESTLE,7350.0,7350.0,7350.0,7350.0,4806.11279296875,20
2015-12-23,NESTLE,7350.009765625,7400.0,7350.0,7350.0,4806.11279296875,80
2015-12-24,NESTLE,7350.0,7350.0,7350.0,7350.0,4806.11279296875,0
2015-12-25,NESTLE,7350.0,7350.0,7350.0,7350.0,4806.11279296875,0
2015-12-28,NESTLE,7599.990234375,7600.0,7599.990234375,7600.0,4969.5849609375,60
2015-12-29,NESTLE,7401.0,7980.0,7401.0,7980.0,5218.064453125,760
2015-12-30,NESTLE,8200.0,8200.0,7750.0,7750.0,5067.6689453125,120
2015-12-31,NESTLE,7800.0,7800.0,7800.0,7800.0,5100.36376953125,20
2016-01-01,NESTLE,7800.0,7800.0,7800.0,7800.0,5100.36376953125,20
2016-01-04,NESTLE,7800.0,7800.0,7800.0,7800.0,5100.36376953125,0
2016-01-05,NESTLE,7800.0,7800.0,7800.0,7800.0,5100.36376953125,0
2016-01-06,NESTLE,7800.0,7800.0,7555.0,7555.0,4940.16064453125,1840
2016-01-07,NESTLE,7555.0,7555.0,7555.0,7555.0,4940.16064453125,0
2016-01-08,NESTLE,7649.0,7649.0,7411.0,7530.0,4923.81201171875,40
2016-01-11,NESTLE,7530.0,7530.0,7530.0,7530.0,4923.81201171875,0
2016-01-12,NESTLE,7530.0,7530.0,7530.0,7530.0,4923.81201171875,0
2016-01-13,NESTLE,7530.0,7530.0,7530.0,7530.0,4923.81201171875,0
2016-01-14,NESTLE,7400.0,7449.0,7400.0,7449.0,4870.84765625,40
2016-01-15,NESTLE,7449.0,7449.0,7449.0,7449.0,4870.84765625,0
2016-01-18,NESTLE,7449.0,7449.0,7449.0,7449.0,4870.84765625,0
2016-01-19,NESTLE,7499.0,7501.10009765625,7350.0,7495.7998046875,4901.4501953125,1560
2016-01-20,NESTLE,7499.0,7500.0,7499.0,7500.0,4904.19580078125,1400
2016-01-21,NESTLE,7500.0,7500.0,7500.0,7500.0,4904.19580078125,0
2016-01-22,NESTLE,7500.0,7500.0,7490.0,7500.0,4904.19580078125,540
2016-01-25,NESTLE,7490.0,7490.0,7490.0,7490.0,4897.65673828125,20
2016-01-26,NESTLE,7490.0,7490.0,7490.0,7490.0,4897.65673828125,0
2016-01-27,NESTLE,7490.0,7490.0,7490.0,7490.0,4897.65673828125,0
2016-01-28,NESTLE,7200.0,7200.0,7200.0,7200.0,4708.0283203125,20
2016-01-29,NESTLE,7200.0,7200.0,7200.0,7200.0,4708.0283203125,0
2016-02-01,NESTLE,7200.0,7200.0,7200.0,7200.0,4708.0283203125,0
2016-02-02,NESTLE,7200.0,7200.0,7200.0,7200.0,4708.0283203125,0
2016-02-03,NESTLE,7200.0,7200.0,7200.0,7200.0,4708.0283203125,0
2016-02-04,NESTLE,7200.0,7200.0,7200.0,7200.0,4708.0283203125,0
2016-02-05,NESTLE,7200.0,7200.0,7200.0,7200.0,4708.0283203125,0
2016-02-08,NESTLE,7490.0,7500.0,7490.0,7500.0,4904.19580078125,40
2016-02-09,NESTLE,7500.0,7500.0,7500.0,7500.0,4904.19580078125,0
2016-02-10,NESTLE,7225.0,7225.0,7225.0,7225.0,4724.3759765625,20
2016-02-11,NESTLE,7225.0,7225.0,7225.0,7225.0,4724.3759765625,0
2016-02-12,NESTLE,7225.0,7225.0,7225.0,7225.0,4724.3759765625,0
2016-02-15,NESTLE,7200.0,7200.0,7200.0,7200.0,4708.0283203125,1020
2016-02-16,NESTLE,7200.0,7200.0,7200.0,7200.0,4708.0283203125,0
2016-02-17,NESTLE,7200.0,7200.0,7200.0,7200.0,4708.0283203125,0
2016-02-18,NESTLE,7200.0,7200.0,7200.0,7200.0,4708.0283203125,0
2016-02-19,NESTLE,7200.0,7200.0,7200.0,7200.0,4708.0283203125,0
2016-02-22,NESTLE,7200.0,7200.0,7200.0,7200.0,4708.0283203125,0
2016-02-23,NESTLE,7200.0,7200.0,7200.0,7200.0,4708.0283203125,0
2016-02-24,NESTLE,7250.0,7250.0,7250.0,7250.0,4740.72314453125,20
2016-02-25,NESTLE,6900.0,6900.0,6887.5,6887.5,4503.68505859375,140
2016-02-26,NESTLE,6887.5,6887.5,6887.5,6887.5,4503.68505859375,0
2016-02-29,NESTLE,6666.0,6850.0,6651.0,6783.669921875,4435.79296875,100
2016-03-01,NESTLE,6783.669921875,6783.669921875,6783.669921875,6783.669921875,4435.79296875,0
2016-03-02,NESTLE,6799.0,6845.0,6799.0,6845.0,4475.89599609375,80
2016-03-03,NESTLE,6845.0,6845.0,6845.0,6845.0,4475.89599609375,0
2016-03-04,NESTLE,6700.0,6705.0,6700.0,6705.0,4384.35107421875,60
2016-03-07,NESTLE,6750.0,6800.0,6750.0,6800.0,4446.4716796875,80
2016-03-08,NESTLE,6895.0,7000.0,6895.0,7000.0,4577.25048828125,60
2016-03-09,NESTLE,7000.0,7000.0,7000.0,7000.0,4577.25048828125,80
2016-03-10,NESTLE,7000.0,7000.0,7000.0,7000.0,4577.25048828125,0
2016-03-11,NESTLE,7000.0,7000.0,7000.0,7000.0,4577.25048828125,0
2016-03-14,NESTLE,7000.0,7000.0,7000.0,7000.0,4577.25048828125,0
2016-03-15,NESTLE,6650.0,6650.0,6650.0,6650.0,4348.38671875,60
2016-03-16,NESTLE,6650.0,6650.0,6650.0,6650.0,4348.38671875,0
2016-03-17,NESTLE,6700.0,6700.0,6699.990234375,6699.990234375,4381.07568359375,800
2016-03-18,NESTLE,6699.990234375,6699.990234375,6699.990234375,6699.990234375,4381.07568359375,0
2016-03-21,NESTLE,6405.0,6450.0,6400.0,6418.330078125,4196.89990234375,60
2016-03-22,NESTLE,6419.0,6419.0,6400.0,6400.0,4184.9140625,120
2016-03-23,NESTLE,6400.0,6400.0,6400.0,6400.0,4184.9140625,0
2016-03-24,NESTLE,6400.0,6400.0,6400.0,6400.0,4184.9140625,0
2016-03-25,NESTLE,6700.0,6700.0,6700.0,6700.0,4381.08154296875,20
2016-03-28,NESTLE,6690.0,6690.0,6690.0,6690.0,4374.54345703125,40
2016-03-29,NESTLE,6690.0,6700.0,6690.0,6700.0,4381.08154296875,840
2016-03-30,NESTLE,6690.0,6711.0,6690.0,6700.0,4381.08154296875,24940
2016-03-31,NESTLE,6899.0,7035.0,6899.0,6994.25,4573.490234375,160
2016-04-01,NESTLE,7000.0,7000.0,6900.0,7000.0,4577.25048828125,140
2016-04-04,NESTLE,7000.0,7339.0,7000.0,7339.0,4798.91943359375,160
2016-04-05,NESTLE,7600.0,7600.0,7600.0,7600.0,4969.5849609375,100
2016-04-06,NESTLE,7850.0,7878.0,7500.0,7878.0,5151.369140625,80
2016-04-07,NESTLE,7800.0,8260.0,7799.990234375,7992.0,5225.91064453125,1700
2016-04-08,NESTLE,7900.0,7900.0,7900.0,7900.0,5165.75341796875,280
2016-04-11,NESTLE,8289.0,8289.0,7550.0,7939.0,5191.25439453125,440
2016-04-12,NESTLE,7605.0,7700.0,7605.0,7700.0,5034.9736328125,60
2016-04-13,NESTLE,7625.0,7625.0,7520.0,7520.0,4917.27294921875,120
2016-04-14,NESTLE,7520.0,7520.0,7520.0,7520.0,4917.27294921875,0
2016-04-15,NESTLE,7520.0,7520.0,7520.0,7520.0,4976.837890625,0
2016-04-18,NESTLE,7200.0,7220.0,7101.009765625,7183.56005859375,4754.1767578125,260
2016-04-19,NESTLE,6900.009765625,7118.0,6900.009765625,7099.990234375,4698.8681640625,80
2016-04-20,NESTLE,6925.0,7000.0,6925.0,7000.0,4632.69287109375,180
2016-04-21,NESTLE,7344.0,7344.0,7220.0,7220.0,4778.29345703125,40
2016-04-22,NESTLE,7200.0,7580.0,7200.0,7436.0,4921.244140625,200
2016-04-25,NESTLE,7120.0,7225.0,7101.009765625,7200.02001953125,4765.0703125,120
2016-04-26,NESTLE,7200.02001953125,7200.02001953125,7200.02001953125,7200.02001953125,4765.0703125,0
2016-04-27,NESTLE,7007.06982421875,7100.0,7007.06982421875,7100.0,4698.8759765625,40
2016-04-28,NESTLE,6910.0,7199.0,6910.0,7193.330078125,4760.6435546875,140
2016-04-29,NESTLE,7200.10986328125,7200.10986328125,7130.0,7165.0,4741.89306640625,60
2016-05-02,NESTLE,7055.0,7190.0,7055.0,7190.0,4758.4384765625,60
2016-05-03,NESTLE,7055.0,7500.0,7055.0,7333.7998046875,4853.60791015625,140
2016-05-04,NESTLE,7333.7998046875,7333.7998046875,7333.7998046875,7333.7998046875,4853.60791015625,0
2016-05-05,NESTLE,7333.7998046875,7333.7998046875,7333.7998046875,7333.7998046875,4853.60791015625,0
2016-05-06,NESTLE,7497.990234375,7497.990234375,7300.0,7300.0,4831.23779296875,100
2016-05-09,NESTLE,7050.0,7200.0,7050.0,7200.0,4765.05615234375,120
2016-05-10,NESTLE,7115.0,7115.0,7060.0,7060.0,4672.40234375,240
2016-05-11,NESTLE,7075.0,7175.0,7075.0,7159.0,4737.92236328125,80
2016-05-12,NESTLE,7100.0,7100.0,7000.0,7000.0,4632.69287109375,1100
2016-05-13,NESTLE,7000.0,7000.0,6900.0,7000.0,4632.69287109375,160
2016-05-16,NESTLE,7000.0,7101.0,7000.0,7088.0,4690.93310546875,740
2016-05-17,NESTLE,7171.0,7171.0,7100.0,7100.0,4698.8759765625,40
2016-05-18,NESTLE,7100.0,7100.0,7100.0,7100.0,4698.8759765625,40
2016-05-19,NESTLE,7100.0,7100.0,7100.0,7100.0,4698.8759765625,0
2016-05-20,NESTLE,7000.0,7007.10009765625,7000.0,7000.0,4632.69287109375,260
2016-05-23,NESTLE,7100.0,7100.0,7100.0,7100.0,4698.8759765625,20
2016-05-24,NESTLE,7000.0,7000.0,7000.0,7000.0,4632.69287109375,20
2016-05-25,NESTLE,7000.0,7000.0,7000.0,7000.0,4632.69287109375,0
2016-05-26,NESTLE,7000.0,7350.0,7000.0,7350.0,4864.32861328125,6440
2016-05-27,NESTLE,7165.009765625,7490.0,7000.0,7303.669921875,4833.66650390625,1260
2016-05-30,NESTLE,7249.0,7450.0,7249.0,7322.22998046875,4845.95068359375,260
2016-05-31,NESTLE,7322.22998046875,7322.22998046875,7322.22998046875,7322.22998046875,4845.95068359375,0
2016-06-01,NESTLE,7322.22998046875,7322.22998046875,7322.22998046875,7322.22998046875,4845.95068359375,0
2016-06-02,NESTLE,7201.0,7688.33984375,7200.0,7513.56005859375,4972.57568359375,1260
2016-06-03,NESTLE,7513.56005859375,7513.56005859375,7513.56005859375,7513.56005859375,4972.57568359375,0
2016-06-06,NESTLE,7400.0,7888.0,7400.0,7445.77001953125,4927.71142578125,1320
2016-06-07,NESTLE,7445.77001953125,7445.77001953125,7445.77001953125,7445.77001953125,4927.71142578125,0
2016-06-08,NESTLE,7500.0,7500.0,7500.0,7500.0,4963.60009765625,20
2016-06-09,NESTLE,7500.0,7500.0,7500.0,7500.0,4963.60009765625,0
2016-06-10,NESTLE,7500.0,7500.0,7500.0,7500.0,4963.60009765625,0
2016-06-13,NESTLE,7500.0,7500.0,7500.0,7500.0,4963.60009765625,0
2016-06-14,NESTLE,7300.0,7400.0,7300.0,7400.0,4897.41943359375,60
2016-06-15,NESTLE,7400.0,7400.0,7400.0,7400.0,4897.41943359375,0
2016-06-16,NESTLE,7400.0,7400.0,7300.0,7300.0,4831.23779296875,60
2016-06-17,NESTLE,7300.0,7300.0,7300.0,7300.0,4831.23779296875,40
2016-06-20,NESTLE,7550.0,7550.0,7545.0,7545.0,4993.3828125,60
2016-06-21,NESTLE,7545.0,7545.0,7545.0,7545.0,4993.3828125,0
2016-06-22,NESTLE,7545.0,7545.0,7545.0,7545.0,4993.3828125,0
2016-06-23,NESTLE,7300.0,7300.0,7300.0,7300.0,4831.23779296875,20
2016-06-24,NESTLE,7350.0,7350.0,7350.0,7350.0,4864.32861328125,20
2016-06-27,NESTLE,7360.0,7415.0,7350.0,7375.0,4880.87451171875,60
2016-06-28,NESTLE,7375.0,7375.0,7375.0,7375.0,4880.87451171875,0
2016-06-29,NESTLE,7450.0,7500.0,7450.0,7500.0,4963.60009765625,60
2016-06-30,NESTLE,7375.0,7375.0,7300.0,7300.0,4831.23779296875,80
2016-07-01,NESTLE,7300.0,7300.0,7300.0,7300.0,4831.23779296875,0
2016-07-04,NESTLE,7300.0,7300.0,7300.0,7300.0,4831.23779296875,0
2016-07-05,NESTLE,7300.0,7300.0,7300.0,7300.0,4831.23779296875,0
2016-07-06,NESTLE,7300.0,7300.0,7300.0,7300.0,4831.23779296875,0
2016-07-07,NESTLE,7300.0,7300.0,7300.0,7300.0,4831.23779296875,0
2016-07-08,NESTLE,7300.0,7300.0,7300.0,7300.0,4831.23779296875,0
2016-07-11,NESTLE,7300.0,7300.0,7300.0,7300.0,4831.23779296875,0
2016-07-12,NESTLE,7490.0,7551.0,7490.0,7550.5,4997.02197265625,120
2016-07-13,NESTLE,7550.5,7550.5,7400.0,7499.0,4962.93896484375,80
2016-07-14,NESTLE,7499.0,7499.0,7499.0,7499.0,4962.93896484375,0
2016-07-15,NESTLE,7499.0,7499.0,7499.0,7499.0,4962.93896484375,0
2016-07-18,NESTLE,7799.0,7850.0,7799.0,7824.5,5178.3583984375,40
2016-07-19,NESTLE,7525.0,7525.0,7525.0,7525.0,4980.14501953125,20
2016-07-20,NESTLE,7300.0,7300.0,7300.0,7300.0,4831.23779296875,40
2016-07-21,NESTLE,7425.0,7425.0,7425.0,7425.0,4913.96484375,20
2016-07-22,NESTLE,7425.0,7425.0,7425.0,7425.0,4913.96484375,0
2016-07-25,NESTLE,7425.0,7425.0,7425.0,7425.0,4913.96484375,0
2016-07-26,NESTLE,7425.0,7425.0,7425.0,7425.0,4913.96484375,0
2016-07-27,NESTLE,7420.0,7420.0,7420.0,7420.0,4910.6552734375,20
2016-07-28,NESTLE,7500.0,7549.0,7500.0,7509.7998046875,4970.08544921875,200
2016-07-29,NESTLE,7500.0,7500.0,7500.0,7500.0,4963.60009765625,20
2016-08-01,NESTLE,7500.0,7500.0,7500.0,7500.0,4963.60009765625,0
2016-08-02,NESTLE,7500.0,7500.0,7400.0,7431.25,4918.10107421875,300
2016-08-03,NESTLE,7479.990234375,7479.990234375,7479.990234375,7479.990234375,4950.357421875,20
2016-08-04,NESTLE,7500.0,7600.0,7400.009765625,7400.009765625,4897.42626953125,280
2016-08-05,NESTLE,7500.0,7500.0,7500.0,7500.0,4963.60009765625,220
2016-08-08,NESTLE,7500.0,7500.0,7500.0,7500.0,4963.60009765625,0
2016-08-09,NESTLE,7499.990234375,7500.0,7499.990234375,7500.0,4963.60009765625,140
2016-08-10,NESTLE,7420.0,7420.0,7420.0,7420.0,4910.6552734375,20
2016-08-11,NESTLE,7400.0,7400.0,7400.0,7400.0,4897.41943359375,20
2016-08-12,NESTLE,7450.0,7450.0,7450.0,7450.0,4930.51123046875,20
2016-08-15,NESTLE,7700.0,7700.0,7450.0,7450.0,4930.51123046875,60
2016-08-16,NESTLE,7500.0,7550.0,7500.0,7505.0,4966.91015625,160
2016-08-17,NESTLE,7505.0,7505.0,7505.0,7505.0,4966.91015625,0
2016-08-18,NESTLE,7505.0,7505.0,7505.0,7505.0,4966.91015625,0
2016-08-19,NESTLE,7505.0,7505.0,7505.0,7505.0,4966.91015625,0
2016-08-22,NESTLE,7400.0,7400.0,7400.0,7400.0,4897.41943359375,20
2016-08-23,NESTLE,7400.0,7400.0,7400.0,7400.0,4897.41943359375,20
2016-08-24,NESTLE,7351.0,7351.0,7351.0,7351.0,4864.9912109375,20
2016-08-25,NESTLE,7351.0,7351.0,7351.0,7351.0,4864.9912109375,0
2016-08-26,NESTLE,7400.0,7550.0,7400.0,7550.0,4996.69091796875,60
2016-08-29,NESTLE,7500.0,7500.0,7500.0,7500.0,4963.60009765625,220
2016-08-30,NESTLE,7500.0,7500.0,7500.0,7500.0,4963.60009765625,40
2016-08-31,NESTLE,7500.0,7510.0,7425.0,7500.0,4963.60009765625,140
2016-09-01,NESTLE,7410.0,7410.0,7410.0,7410.0,4950.23974609375,20
2016-09-02,NESTLE,7500.0,7500.0,7500.0,7500.0,5010.36328125,20
2016-09-05,NESTLE,7500.0,7500.0,7500.0,7500.0,5010.36328125,20
2016-09-06,NESTLE,7425.0,7425.0,7425.0,7425.0,4960.2607421875,20
2016-09-07,NESTLE,7425.0,7425.0,7400.0,7400.0,4943.55859375,80
2016-09-08,NESTLE,7400.0,7400.0,7400.0,7400.0,4943.55859375,20
2016-09-09,NESTLE,7600.0,7600.10009765625,7425.0,7600.0,5077.16943359375,1560
2016-09-12,NESTLE,7600.0,7600.0,7600.0,7600.0,5077.16943359375,0
2016-09-13,NESTLE,7600.0,7600.0,7600.0,7600.0,5077.16943359375,0
2016-09-14,NESTLE,7600.0,7600.0,7600.0,7600.0,5077.16943359375,0
2016-09-15,NESTLE,7600.0,7600.0,7600.0,7600.0,5077.16943359375,0
2016-09-16,NESTLE,7600.0,7600.0,7600.0,7600.0,5077.16943359375,0
2016-09-19,NESTLE,7425.0,7565.0,7400.0,7400.0,4943.55859375,60
2016-09-20,NESTLE,7500.0,7525.0,7500.0,7500.0,5010.36328125,2760
2016-09-21,NESTLE,7500.0,7500.0,7425.0,7425.0,4960.2607421875,220
2016-09-22,NESTLE,7500.0,7500.0,7500.0,7500.0,5010.36328125,1920
2016-09-23,NESTLE,7500.0,7500.0,7500.0,7500.0,5010.36328125,0
2016-09-26,NESTLE,7500.0,7500.0,7500.0,7500.0,5010.36328125,0
2016-09-27,NESTLE,7525.0,7650.0,7525.0,7600.0,5077.16943359375,240
2016-09-28,NESTLE,7600.0,7600.0,7600.0,7600.0,5077.16943359375,0
2016-09-29,NESTLE,7500.0,7500.0,7500.0,7500.0,5010.36328125,100
2016-09-30,NESTLE,7600.0,7600.0,7600.0,7600.0,5077.16943359375,200
2016-10-03,NESTLE,7800.0,7800.0,7800.0,7800.0,5210.77880859375,20
2016-10-04,NESTLE,7601.0,7675.0,7601.0,7675.0,5127.2724609375,40
2016-10-05,NESTLE,7600.0,7675.0,7600.0,7600.0,5077.16943359375,220
2016-10-06,NESTLE,7600.0,7690.0,7600.0,7690.0,5137.2939453125,60
2016-10-07,NESTLE,7690.0,7690.0,7690.0,7690.0,5137.2939453125,0
2016-10-10,NESTLE,7455.0,8072.0,7455.0,7899.2001953125,5277.048828125,120
2016-10-11,NESTLE,7899.2001953125,7899.2001953125,7899.2001953125,7899.2001953125,5277.048828125,0
2016-10-12,NESTLE,7899.2001953125,7899.2001953125,7899.2001953125,7899.2001953125,5277.048828125,0
2016-10-13,NESTLE,7800.0,7800.0,7800.0,7800.0,5210.77880859375,20
2016-10-14,NESTLE,7800.0,7800.0,7800.0,7800.0,5210.77880859375,0
2016-10-17,NESTLE,7799.0,7830.0,7799.0,7807.25,5215.62158203125,80
2016-10-18,NESTLE,7800.0,7800.0,7800.0,7800.0,5210.77880859375,320
2016-10-19,NESTLE,7800.0,7800.0,7800.0,7800.0,5210.77880859375,0
2016-10-20,NESTLE,7950.0,8050.0,7925.0,8000.0,5344.38818359375,260
2016-10-21,NESTLE,8300.0,8300.0,8300.0,8300.0,5544.80322265625,20
2016-10-24,NESTLE,8300.0,8449.0,8300.0,8399.0,5610.93896484375,120
2016-10-25,NESTLE,8399.0,8399.0,8399.0,8399.0,5610.93896484375,600
2016-10-26,NESTLE,8400.0,8500.0,8400.0,8500.0,5678.41259765625,4020
2016-10-27,NESTLE,8300.0,8350.0,8300.0,8325.0,5561.50439453125,40
2016-10-28,NESTLE,8325.0,8325.0,8325.0,8325.0,5561.50439453125,0
2016-10-31,NESTLE,8300.0,8300.0,8100.0,8100.0,5411.1923828125,60
2016-11-01,NESTLE,8300.0,8500.0,8300.0,8311.0,5552.15234375,300
2016-11-02,NESTLE,7901.0,8199.0,7901.0,8199.0,5602.02880859375,140
2016-11-03,NESTLE,8250.0,8250.0,8250.0,8250.0,5636.87548828125,20
2016-11-04,NESTLE,8490.0,8490.0,8325.0,8369.669921875,5718.640625,120
2016-11-07,NESTLE,8400.0,8400.0,8300.0,8300.0,5671.0380859375,60
2016-11-08,NESTLE,8300.0,8300.0,8300.0,8300.0,5671.0380859375,0
2016-11-09,NESTLE,8300.0,8300.0,8300.0,8300.0,5671.0380859375,0
2016-11-10,NESTLE,8350.0,8400.0,8350.0,8396.0,5736.6298828125,300
2016-11-11,NESTLE,8350.0,8800.0,8350.0,8564.0,5851.41748046875,120
2016-11-14,NESTLE,8310.5,8500.0,8310.0,8500.0,5807.68994140625,80
2016-11-15,NESTLE,8500.0,8500.0,8500.0,8500.0,5807.68994140625,0
2016-11-16,NESTLE,8500.0,8500.0,8500.0,8500.0,5807.68994140625,0
2016-11-17,NESTLE,8310.5,8310.5,8310.5,8310.5,5678.21240234375,1500
2016-11-18,NESTLE,8300.0,8300.0,8300.0,8300.0,5671.0380859375,20
2016-11-21,NESTLE,8300.0,8300.0,8300.0,8300.0,5671.0380859375,2800
2016-11-22,NESTLE,8300.0,8500.0,8300.0,8500.0,5807.68994140625,200
2016-11-23,NESTLE,8500.0,8550.0,8500.0,8550.0,5841.85302734375,2340
2016-11-24,NESTLE,8700.009765625,8750.0,8700.0,8750.0,5978.50439453125,5060
2016-11-25,NESTLE,8750.0,8750.0,8750.0,8750.0,5978.50439453125,0
2016-11-28,NESTLE,8750.0,8750.0,8750.0,8750.0,5978.50439453125,0
2016-11-29,NESTLE,8700.0,8710.0,8700.0,8710.0,5951.17431640625,40
2016-11-30,NESTLE,8750.0,8750.0,8750.0,8750.0,5978.50439453125,20
2016-12-01,NESTLE,8750.0,8750.0,8750.0,8750.0,5978.50439453125,0
2016-12-02,NESTLE,8750.0,8750.0,8750.0,8750.0,5978.50439453125,0
2016-12-05,NESTLE,8750.0,8750.0,8750.0,8750.0,5978.50439453125,0
2016-12-06,NESTLE,8750.0,8750.0,8750.0,8750.0,5978.50439453125,0
2016-12-07,NESTLE,8800.0,8800.0,8800.0,8800.0,6012.6669921875,20
2016-12-08,NESTLE,8800.0,8800.0,8800.0,8800.0,6012.6669921875,0
2016-12-09,NESTLE,8605.0,9005.0,8605.0,9002.5,6151.0263671875,160
2016-12-12,NESTLE,9002.5,9002.5,9002.5,9002.5,6151.0263671875,0
2016-12-13,NESTLE,8800.0,8800.0,8800.0,8800.0,6012.6669921875,20
2016-12-14,NESTLE,8800.0,8801.0,8800.0,8800.1396484375,6012.76171875,200
2016-12-15,NESTLE,8700.0,8700.0,8700.0,8700.0,5944.3388671875,20
2016-12-16,NESTLE,8700.0,8700.0,8700.0,8700.0,5944.3388671875,0
2016-12-19,NESTLE,8750.0,8750.0,8700.0,8700.0,5944.3388671875,40
2016-12-20,NESTLE,8610.0,8610.0,8610.0,8610.0,5882.84765625,100
2016-12-21,NESTLE,8700.0,9000.0,8700.0,8700.0,5944.3388671875,2020
2016-12-22,NESTLE,8700.0,8700.0,8700.0,8700.0,5944.3388671875,0
2016-12-23,NESTLE,8750.0,8800.0,8700.0,8712.509765625,5952.888671875,10880
2016-12-26,NESTLE,8712.509765625,8712.509765625,8712.509765625,8712.509765625,5952.888671875,0
2016-12-27,NESTLE,8712.509765625,8712.509765625,8712.509765625,8712.509765625,5952.888671875,0
2016-12-28,NESTLE,8800.0,9148.1298828125,8800.0,9145.7099609375,6248.87548828125,3300
2016-12-29,NESTLE,9100.0,9100.0,9000.0,9000.0,6149.3203125,40
2016-12-30,NESTLE,9000.0,9000.0,9000.0,9000.0,6149.3203125,0
2017-01-02,NESTLE,9000.0498046875,9140.0,9000.0,9137.5,6243.265625,180
2017-01-03,NESTLE,9137.5,9137.5,9137.5,9137.5,6243.265625,0
2017-01-04,NESTLE,9137.5,9137.5,9137.5,9137.5,6243.265625,0
2017-01-05,NESTLE,9137.5,9137.5,9137.5,9137.5,6243.265625,0
2017-01-06,NESTLE,9137.5,9137.5,9137.5,9137.5,6243.265625,0
2017-01-09,NESTLE,9137.5,9137.5,9137.5,9137.5,6243.265625,0
2017-01-10,NESTLE,9000.0,9137.0498046875,9000.0,9137.0498046875,6242.9580078125,80
2017-01-11,NESTLE,9137.0498046875,9137.0498046875,9137.0498046875,9137.0498046875,6242.9580078125,1580
2017-01-12,NESTLE,9300.0,9300.0,9300.0,9300.0,6354.29541015625,180
2017-01-13,NESTLE,9300.0,9300.0,9300.0,9300.0,6354.29541015625,0
2017-01-16,NESTLE,9300.0,9300.0,9300.0,9300.0,6354.29541015625,0
2017-01-17,NESTLE,9300.0,9300.0,9300.0,9300.0,6354.29541015625,0
2017-01-18,NESTLE,9299.0,9300.0,9299.0,9300.0,6354.29541015625,2540
2017-01-19,NESTLE,9300.0,9300.0,9300.0,9300.0,6354.29541015625,0
2017-01-20,NESTLE,9300.0,9300.0,9300.0,9300.0,6354.29541015625,0
2017-01-23,NESTLE,9300.0,9300.0,9300.0,9300.0,6354.29541015625,2200
2017-01-24,NESTLE,9001.009765625,9001.009765625,9001.009765625,9001.009765625,6150.00830078125,20
2017-01-25,NESTLE,9000.0,9000.0,8902.0,8902.0,6082.35888671875,3120
2017-01-26,NESTLE,8902.0,8902.0,8902.0,8902.0,6082.35888671875,0
2017-01-27,NESTLE,9000.0,9000.0,9000.0,9000.0,6149.3203125,20
2017-01-30,NESTLE,9000.0,9000.0,8989.0,8989.0,6141.802734375,80
2017-01-31,NESTLE,8900.0,9000.0,8800.0,9000.0,6149.3203125,800
2017-02-01,NESTLE,9000.0,9000.0,9000.0,9000.0,6149.3203125,20
2017-02-02,NESTLE,9000.0,9000.0,9000.0,9000.0,6149.3203125,60
2017-02-03,NESTLE,9000.0,9000.0,9000.0,9000.0,6149.3203125,0
2017-02-06,NESTLE,9000.0,9000.0,9000.0,9000.0,6149.3203125,0
2017-02-07,NESTLE,9000.0,9000.0,9000.0,9000.0,6149.3203125,0
2017-02-08,NESTLE,9000.0,9099.990234375,9000.0,9099.990234375,6217.6376953125,40
2017-02-09,NESTLE,9000.0,9000.0,9000.0,9000.0,6149.3203125,100
2017-02-10,NESTLE,9000.0,9000.0,9000.0,9000.0,6149.3203125,220
2017-02-13,NESTLE,9000.0,9000.0,9000.0,9000.0,6149.3203125,160
2017-02-14,NESTLE,9000.0,9000.0,9000.0,9000.0,6149.3203125,0
2017-02-15,NESTLE,9000.0,9000.0,9000.0,9000.0,6149.3203125,0
2017-02-16,NESTLE,9000.0,9000.0,9000.0,9000.0,6149.3203125,0
2017-02-17,NESTLE,9000.0,9000.0,9000.0,9000.0,6149.3203125,2300
2017-02-20,NESTLE,9000.0,9000.0,9000.0,9000.0,6149.3203125,20
2017-02-21,NESTLE,9000.0,9000.0,9000.0,9000.0,6149.3203125,20
2017-02-22,NESTLE,9000.0,9000.0,9000.0,9000.0,6149.3203125,0
2017-02-23,NESTLE,9000.0,9000.0,9000.0,9000.0,6149.3203125,0
2017-02-24,NESTLE,9100.0,9450.0,9100.0,9450.0,6456.78466796875,60
2017-02-27,NESTLE,9450.0,9450.0,9450.0,9450.0,6456.78466796875,0
2017-02-28,NESTLE,9155.0,9155.0,9155.0,9155.0,6255.22314453125,20
2017-03-01,NESTLE,9155.0,9155.0,9155.0,9155.0,6255.22314453125,0
2017-03-02,NESTLE,9155.0,9155.0,9155.0,9155.0,6255.22314453125,0
2017-03-03,NESTLE,9001.0,9011.0,9001.0,9011.0,6156.83447265625,60
2017-03-06,NESTLE,9011.0,9011.0,9011.0,9011.0,6156.83447265625,0
2017-03-07,NESTLE,9100.0,9100.0,9100.0,9100.0,6217.64404296875,20
2017-03-08,NESTLE,9300.0,9300.0,9300.0,9300.0,6354.29541015625,100
2017-03-09,NESTLE,9111.0,9111.0,9025.0,9025.0,6166.3994140625,100
2017-03-10,NESTLE,9025.0,9025.0,9025.0,9025.0,6166.3994140625,0
2017-03-13,NESTLE,9000.0,9000.0,8701.0,9000.0,6149.3203125,120
2017-03-14,NESTLE,9050.0,9050.0,9000.0,9005.0,6152.73486328125,140
2017-03-15,NESTLE,9010.0,9010.0,9010.0,9010.0,6156.1513671875,20
2017-03-16,NESTLE,9010.0,9010.0,9000.0,9000.0,6149.3203125,160
2017-03-17,NESTLE,9000.0,9000.0,9000.0,9000.0,6149.3203125,0
2017-03-20,NESTLE,9000.0,9000.0,9000.0,9000.0,6149.3203125,0
2017-03-21,NESTLE,9000.0,9000.0,9000.0,9000.0,6149.3203125,600
2017-03-22,NESTLE,9000.0,9000.0,9000.0,9000.0,6149.3203125,380
2017-03-23,NESTLE,9000.0,9000.0,9000.0,9000.0,6149.3203125,0
2017-03-24,NESTLE,9000.0,9000.0,9000.0,9000.0,6149.3203125,60
2017-03-27,NESTLE,9050.0,9050.0,9010.0,9010.0,6156.1513671875,120
2017-03-28,NESTLE,9010.0,9010.0,9010.0,9010.0,6156.1513671875,0
2017-03-29,NESTLE,9100.0,9100.0,9100.0,9100.0,6217.64404296875,20
2017-03-30,NESTLE,9000.0,9000.0,9000.0,9000.0,6149.3203125,20
2017-03-31,NESTLE,9095.0,9095.0,9095.0,9095.0,6214.22705078125,20
2017-04-03,NESTLE,9100.0,9200.0,9090.0,9200.0,6285.9697265625,280
2017-04-04,NESTLE,9200.0,9300.0,9200.0,9300.0,6354.29541015625,500
2017-04-05,NESTLE,9300.0,9300.0,9300.0,9300.0,6354.29541015625,0
2017-04-06,NESTLE,9300.0,9300.0,9300.0,9300.0,6354.29541015625,0
2017-04-07,NESTLE,9298.0,9300.0,9298.0,9300.0,6472.6123046875,220
2017-04-10,NESTLE,9300.0,9300.0,9300.0,9300.0,6472.6123046875,0
2017-04-11,NESTLE,9300.0,9300.0,9300.0,9300.0,6472.6123046875,0
2017-04-12,NESTLE,9300.0,9300.0,9300.0,9300.0,6472.6123046875,60
2017-04-13,NESTLE,9300.0,9300.0,9300.0,9300.0,6472.6123046875,0
2017-04-14,NESTLE,9300.0,9300.0,9300.0,9300.0,6472.6123046875,0
2017-04-17,NESTLE,9349.0,9765.0,9349.0,9642.5,6710.98388671875,200
2017-04-18,NESTLE,9400.0,9400.0,9400.0,9400.0,6542.20947265625,80
2017-04-19,NESTLE,9400.0,9400.0,9400.0,9400.0,6542.20947265625,660
2017-04-20,NESTLE,9450.0,9600.0,9400.0,9451.0,6577.70361328125,160
2017-04-21,NESTLE,9451.0,9451.0,9200.0,9200.0,6403.013671875,3360
2017-04-24,NESTLE,9200.0,9200.0,9200.0,9200.0,6403.013671875,0
2017-04-25,NESTLE,9200.0,9200.0,9200.0,9200.0,6403.013671875,0
2017-04-26,NESTLE,9499.0,9499.0,9400.0,9400.0,6542.20947265625,40
2017-04-27,NESTLE,9360.0,9400.0,9000.0,9014.009765625,6273.5693359375,160
2017-04-28,NESTLE,9199.990234375,9199.990234375,9199.990234375,9199.990234375,6403.00537109375,20
2017-05-01,NESTLE,9199.990234375,9199.990234375,9199.990234375,9199.990234375,6403.00537109375,0
2017-05-02,NESTLE,9200.0,9200.0,9200.0,9200.0,6403.013671875,40
2017-05-03,NESTLE,9200.0,9200.0,9200.0,9200.0,6403.013671875,0
2017-05-04,NESTLE,9200.0,9300.0,9100.0,9155.0,6371.69482421875,160
2017-05-05,NESTLE,9155.0,9155.0,9155.0,9155.0,6371.69482421875,0
2017-05-08,NESTLE,8840.0,9350.0,8830.0,9200.0,6403.013671875,120
2017-05-09,NESTLE,9400.0,9449.0,9400.0,9449.0,6576.31201171875,140
2017-05-10,NESTLE,9500.0,9600.0,9500.0,9600.0,6681.40771484375,60
2017-05-11,NESTLE,9899.990234375,9899.990234375,9800.0,9800.0,6820.6025390625,40
2017-05-12,NESTLE,9850.0,9850.0,9850.0,9850.0,6855.40234375,80
2017-05-15,NESTLE,9850.0,9850.0,9850.0,9850.0,6855.40234375,0
2017-05-16,NESTLE,9800.0,9800.0,9800.0,9800.0,6820.6025390625,100
2017-05-17,NESTLE,10000.0,10000.0,9650.0,9650.0,6716.205078125,3700
2017-05-18,NESTLE,9999.0,10000.0,9999.0,10000.0,6959.796875,60
2017-05-19,NESTLE,10000.0,10000.0,10000.0,10000.0,6959.796875,0
2017-05-22,NESTLE,10000.0,10000.0,10000.0,10000.0,6959.796875,0
2017-05-23,NESTLE,10000.0,10000.0,10000.0,10000.0,6959.796875,0
2017-05-24,NESTLE,10000.0,10000.0,10000.0,10000.0,6959.796875,0
2017-05-25,NESTLE,10000.0,10000.0,10000.0,10000.0,6959.796875,40
2017-05-26,NESTLE,10100.0,10200.0,10000.0,10199.669921875,7098.765625,120
2017-05-29,NESTLE,10000.0,10000.0,10000.0,10000.0,6959.796875,380
2017-05-30,NESTLE,10000.0,10000.0,10000.0,10000.0,6959.796875,0
2017-05-31,NESTLE,10000.0,10000.0,10000.0,10000.0,6959.796875,1020
2017-06-01,NESTLE,10000.0,10000.0,10000.0,10000.0,6959.796875,0
2017-06-02,NESTLE,10000.0,10000.0,10000.0,10000.0,6959.796875,780
2017-06-05,NESTLE,10000.0,10000.0,10000.0,10000.0,6959.796875,0
2017-06-06,NESTLE,10000.0,10000.0,10000.0,10000.0,6959.796875,0
2017-06-07,NESTLE,10000.0,10000.0,10000.0,10000.0,6959.796875,20
2017-06-08,NESTLE,10200.0,10200.0,10200.0,10200.0,7098.9931640625,20
2017-06-09,NESTLE,10200.0,10200.0,10200.0,10200.0,7098.9931640625,140
2017-06-12,NESTLE,10200.0,10200.0,10200.0,10200.0,7098.9931640625,0
2017-06-13,NESTLE,10200.0,10200.0,10200.0,10200.0,7098.9931640625,0
2017-06-14,NESTLE,10200.0,10200.0,10200.0,10200.0,7098.9931640625,0
2017-06-15,NESTLE,10200.0,10200.0,10000.0,10200.0,7098.9931640625,1060
2017-06-16,NESTLE,10200.0,10200.0,10200.0,10200.0,7098.9931640625,880
2017-06-19,NESTLE,10200.0,10200.0,10200.0,10200.0,7098.9931640625,1120
2017-06-20,NESTLE,10200.0,10200.0,10200.0,10200.0,7098.9931640625,1900
2017-06-21,NESTLE,10200.0,10200.0,10200.0,10200.0,7098.9931640625,1320
2017-06-22,NESTLE,10200.0,10200.0,10200.0,10200.0,7098.9931640625,1300
2017-06-23,NESTLE,10200.0,10200.0,10200.0,10200.0,7098.9931640625,0
2017-06-26,NESTLE,10200.0,10200.0,10200.0,10200.0,7098.9931640625,0
2017-06-27,NESTLE,10200.0,10200.0,10200.0,10200.0,7098.9931640625,0
2017-06-28,NESTLE,10200.0,10200.0,10200.0,10200.0,7098.9931640625,0
2017-06-29,NESTLE,10400.0,10400.0,10400.0,10400.0,7238.18896484375,4140
2017-06-30,NESTLE,10200.0,10200.0,10200.0,10200.0,7098.9931640625,2060
2017-07-03,NESTLE,10200.0,10200.0,10200.0,10200.0,7098.9931640625,740
2017-07-04,NESTLE,10200.0,10200.0,10200.0,10200.0,7098.9931640625,1480
2017-07-05,NESTLE,10200.0,10200.0,10200.0,10200.0,7098.9931640625,1840
2017-07-06,NESTLE,10395.0,10400.0,10395.0,10400.0,7238.18896484375,840
2017-07-07,NESTLE,10300.0,10300.0,10300.0,10300.0,7168.58984375,940
2017-07-10,NESTLE,10300.0,10300.0,10300.0,10300.0,7168.58984375,0
2017-07-11,NESTLE,10300.0,10300.0,10300.0,10300.0,7168.58984375,360
2017-07-12,NESTLE,10300.0,10300.0,10300.0,10300.0,7168.58984375,0
2017-07-13,NESTLE,9786.0,9786.0,9785.0,9785.0,6810.16259765625,40
2017-07-14,NESTLE,9785.0,9785.0,9785.0,9785.0,6810.16259765625,0
2017-07-17,NESTLE,9785.0,9785.0,9785.0,9785.0,6810.16259765625,3000
2017-07-18,NESTLE,9785.0,9785.0,9785.0,9785.0,6810.16259765625,0
2017-07-19,NESTLE,9785.0,9785.0,9785.0,9785.0,6810.16259765625,0
2017-07-20,NESTLE,9785.0,9785.0,9785.0,9785.0,6810.16259765625,0
2017-07-21,NESTLE,9785.0,9785.0,9785.0,9785.0,6810.16259765625,0
2017-07-24,NESTLE,10200.0,10200.0,10200.0,10200.0,7098.9931640625,20
2017-07-25,NESTLE,10200.0,10200.0,10200.0,10200.0,7098.9931640625,0
2017-07-26,NESTLE,10200.0,10200.0,10200.0,10200.0,7098.9931640625,0
2017-07-27,NESTLE,10700.0,10700.0,10700.0,10700.0,7446.9833984375,20
2017-07-28,NESTLE,10168.0,11199.0,10168.0,11199.0,7794.279296875,40
2017-07-31,NESTLE,11199.0,11199.0,11199.0,11199.0,7794.279296875,0
2017-08-01,NESTLE,11199.0,11199.0,11199.0,11199.0,7794.279296875,0
2017-08-02,NESTLE,11199.0,11199.0,11199.0,11199.0,7794.279296875,0
2017-08-03,NESTLE,11199.0,11199.0,11199.0,11199.0,7794.279296875,0
2017-08-04,NESTLE,11199.0,11199.0,11199.0,11199.0,7794.279296875,0
2017-08-07,NESTLE,11199.0,11199.0,11199.0,11199.0,7794.279296875,0
2017-08-08,NESTLE,11199.0,11199.0,11199.0,11199.0,7794.279296875,0
2017-08-09,NESTLE,11199.0,11199.0,11199.0,11199.0,7794.279296875,0
2017-08-10,NESTLE,11199.0,11199.0,11199.0,11199.0,7794.279296875,0
2017-08-11,NESTLE,11200.0,11200.0,11200.0,11200.0,7794.97412109375,20
2017-08-14,NESTLE,11200.0,11200.0,11200.0,11200.0,7794.97412109375,0
2017-08-15,NESTLE,11000.0,11000.0,10640.0,10640.0,7405.22412109375,40
2017-08-16,NESTLE,10640.0,10640.0,10640.0,10640.0,7405.22412109375,0
2017-08-17,NESTLE,10640.0,10640.0,10640.0,10640.0,7405.22412109375,0
2017-08-18,NESTLE,10935.0,11172.0,10935.0,11014.0,7665.52294921875,60
2017-08-21,NESTLE,11014.0,11014.0,11014.0,11014.0,7665.52294921875,0
2017-08-22,NESTLE,10920.6201171875,10920.6201171875,10920.6171875,10920.6201171875,7600.53173828125,40
2017-08-23,NESTLE,10920.6201171875,10920.6201171875,10920.6201171875,10920.6201171875,7600.53173828125,0
2017-08-24,NESTLE,11000.0,11000.0,11000.0,11000.0,7655.7783203125,420
2017-08-25,NESTLE,10900.0,10900.0,10900.0,10900.0,7586.18017578125,300
2017-08-28,NESTLE,10900.0,10900.0,10900.0,10900.0,7586.18017578125,0
2017-08-29,NESTLE,10900.0,10900.0,10900.0,10900.0,7586.18017578125,40
2017-08-30,NESTLE,10355.0,11440.0,10355.0,11400.0,7934.169921875,420
2017-08-31,NESTLE,10900.0,11791.5,10850.0,11118.990234375,7738.58984375,660
2017-09-01,NESTLE,11118.990234375,11118.990234375,11118.990234375,11118.990234375,7738.58984375,0
2017-09-04,NESTLE,11118.990234375,11118.990234375,11118.990234375,11118.990234375,7858.7451171875,0
2017-09-05,NESTLE,11118.990234375,11118.990234375,11118.990234375,11118.990234375,7858.7451171875,0
2017-09-06,NESTLE,11118.990234375,11118.990234375,11118.990234375,11118.990234375,7858.7451171875,0
2017-09-07,NESTLE,11118.990234375,11118.990234375,11118.990234375,11118.990234375,7858.7451171875,0
2017-09-08,NESTLE,11674.9296875,11674.9296875,11674.9296875,11674.9296875,8251.6767578125,20
2017-09-11,NESTLE,11674.9296875,11674.9296875,11674.9296875,11674.9296875,8251.6767578125,0
2017-09-12,NESTLE,11500.0,12258.0,11500.0,12186.0,8612.892578125,200
2017-09-13,NESTLE,12100.0,12300.0,12100.0,12300.0,8693.4677734375,120
2017-09-14,NESTLE,12899.0,12899.0,11800.0,12477.330078125,8818.80078125,200
2017-09-15,NESTLE,12500.0,12500.0,12100.0,12350.0,8728.8076171875,200
2017-09-18,NESTLE,12891.0,12900.0,12891.0,12896.669921875,9115.1845703125,60
2017-09-19,NESTLE,13000.0,13000.0,13000.0,13000.0,9188.2197265625,20
2017-09-20,NESTLE,13000.0,13000.0,13000.0,13000.0,9188.2197265625,20
2017-09-21,NESTLE,13000.0,13000.0,12899.990234375,12899.990234375,9117.53125,40
2017-09-22,NESTLE,12899.990234375,12899.990234375,12899.990234375,12899.990234375,9117.53125,0
2017-09-25,NESTLE,12899.990234375,12899.990234375,12899.990234375,12899.990234375,9117.53125,0
2017-09-26,NESTLE,12899.990234375,12899.990234375,12899.990234375,12899.990234375,9117.53125,0
2017-09-27,NESTLE,12899.990234375,12899.990234375,12899.990234375,12899.990234375,9117.53125,20
2017-09-28,NESTLE,12999.0,13000.0,12999.0,12999.5,9187.861328125,60
2017-09-29,NESTLE,12999.5,12999.5,12999.5,12999.5,9187.861328125,0
2017-10-02,NESTLE,13000.0,13000.0,13000.0,13000.0,9188.2197265625,80
2017-10-03,NESTLE,13000.0,13300.0,13000.0,13000.0,9188.2197265625,100
2017-10-04,NESTLE,13200.0,13200.0,12400.0,12929.669921875,9138.5087890625,1880
2017-10-05,NESTLE,12750.0,13000.0,12750.0,12999.830078125,9188.0966796875,160
2017-10-06,NESTLE,13000.0,13000.0,13000.0,13000.0,9188.2197265625,20
2017-10-09,NESTLE,13000.0,13000.0,12550.099609375,13000.0,9188.2197265625,660
2017-10-10,NESTLE,12999.0,12999.0,12899.0,12899.0,9116.83203125,60
2017-10-11,NESTLE,12899.0,12899.0,12899.0,12899.0,9116.83203125,0
2017-10-12,NESTLE,12500.0,13000.0,12500.0,13000.0,9188.2197265625,160
2017-10-13,NESTLE,12649.009765625,13650.0,12350.0,12627.7998046875,8925.154296875,620
2017-10-16,NESTLE,12627.7998046875,12627.7998046875,12627.7998046875,12627.7998046875,8925.154296875,0
2017-10-17,NESTLE,12500.0,12500.0,12500.0,12500.0,8834.826171875,20
2017-10-18,NESTLE,12100.0,12399.0,12000.0,12000.0,8481.431640625,80
2017-10-19,NESTLE,11999.0,12600.0,11999.0,12570.3701171875,8884.5615234375,1120
2017-10-20,NESTLE,12500.0,13000.0,12220.0,12425.0,8781.8173828125,540
2017-10-23,NESTLE,12300.0,12300.0,12300.0,12300.0,8693.4677734375,20
2017-10-24,NESTLE,12200.0,12398.0,12200.0,12398.0,8762.7314453125,40
2017-10-25,NESTLE,12200.0,12200.0,12000.0,12149.0,8586.7421875,120
2017-10-26,NESTLE,12000.0,12100.0,12000.0,12100.0,8552.109375,40
2017-10-27,NESTLE,11511.0,12100.0,11511.0,12097.599609375,8550.4140625,120
2017-10-30,NESTLE,11550.0,11900.0,11501.0,11899.5,8410.3994140625,100
2017-10-31,NESTLE,11899.5,11899.5,11899.5,11899.5,8410.3994140625,0
2017-11-01,NESTLE,11899.5,11899.5,11899.5,11899.5,8410.3994140625,0
2017-11-02,NESTLE,11899.5,11899.5,11899.5,11899.5,8410.3994140625,0
2017-11-03,NESTLE,11899.5,11899.5,11899.5,11899.5,8410.3994140625,0
2017-11-06,NESTLE,11400.0,11400.0,11400.0,11400.0,8057.36083984375,20
2017-11-07,NESTLE,11749.0,11970.0,11749.0,11970.0,8512.4970703125,9020
2017-11-08,NESTLE,11990.0,12000.0,11980.0,12000.0,8533.8330078125,120
2017-11-09,NESTLE,12000.0,12000.0,12000.0,12000.0,8533.8330078125,0
2017-11-10,NESTLE,12000.0,12000.0,12000.0,12000.0,8533.8330078125,0
2017-11-13,NESTLE,11850.0,11850.0,11850.0,11850.0,8427.162109375,20
2017-11-14,NESTLE,12000.0,12000.0,12000.0,12000.0,8533.8330078125,20
2017-11-15,NESTLE,12000.0,12000.0,12000.0,12000.0,8533.8330078125,0
2017-11-16,NESTLE,12000.0,12000.0,12000.0,12000.0,8533.8330078125,0
2017-11-17,NESTLE,12000.0,12000.0,12000.0,12000.0,8533.8330078125,0
2017-11-20,NESTLE,11400.0,11425.0,11400.0,11400.0,8107.14013671875,140
2017-11-21,NESTLE,11400.0,11400.0,11400.0,11400.0,8107.14013671875,2060
2017-11-22,NESTLE,11400.0,11400.0,11400.0,11400.0,8107.14013671875,0
2017-11-23,NESTLE,10830.0,10999.990234375,10830.0,10999.990234375,7822.6728515625,960
2017-11-24,NESTLE,10466.0,10899.0,10450.0,10450.0,7431.54541015625,180
2017-11-27,NESTLE,9930.0,10850.0,9930.0,10850.0,7716.0078125,180
2017-11-28,NESTLE,10850.0,10850.0,10850.0,10850.0,7716.0078125,0
2017-11-29,NESTLE,10850.0,10850.0,10850.0,10850.0,7716.0078125,0
2017-11-30,NESTLE,10850.0,10850.0,10850.0,10850.0,7716.0078125,0
2017-12-01,NESTLE,10850.0,10850.0,10850.0,10850.0,7716.0078125,0
2017-12-04,NESTLE,10850.0,10850.0,10850.0,10850.0,7716.0078125,0
2017-12-05,NESTLE,11299.0,11392.5,11299.0,11392.5,8101.80615234375,100
2017-12-06,NESTLE,11392.5,11392.5,11392.5,11392.5,8101.80615234375,0
2017-12-07,NESTLE,11392.5,11392.5,11392.5,11392.5,8101.80615234375,0
2017-12-08,NESTLE,12075.0,12075.0,12075.0,12075.0,8587.16796875,20
2017-12-11,NESTLE,12195.0,12195.0,12195.0,12195.0,8672.5078125,40
2017-12-12,NESTLE,12440.0,12440.0,12440.0,12440.0,8846.73828125,100
2017-12-13,NESTLE,12700.0,12700.0,12700.0,12700.0,9031.6396484375,160
2017-12-14,NESTLE,12700.0,12700.0,12700.0,12700.0,9031.6396484375,0
2017-12-15,NESTLE,12066.0,12066.0,12065.0,12065.0,8580.05859375,40
2017-12-18,NESTLE,12065.0,12065.0,12065.0,12065.0,8580.05859375,0
2017-12-19,NESTLE,12065.0,12065.0,12065.0,12065.0,8580.05859375,0
2017-12-20,NESTLE,12065.0,12065.0,12065.0,12065.0,8580.05859375,0
2017-12-21,NESTLE,11900.0,12065.0,11461.75,11499.990234375,8178.2490234375,1080
2017-12-22,NESTLE,11499.990234375,11499.990234375,11499.990234375,11499.990234375,8178.2490234375,180
2017-12-25,NESTLE,11499.990234375,11499.990234375,11499.990234375,11499.990234375,8178.2490234375,0
2017-12-26,NESTLE,11499.990234375,11499.990234375,11499.990234375,11499.990234375,8178.2490234375,0
2017-12-27,NESTLE,11499.990234375,11499.990234375,11499.990234375,11499.990234375,8178.2490234375,0
2017-12-28,NESTLE,11499.990234375,11499.990234375,11499.990234375,11499.990234375,8178.2490234375,0
2017-12-29,NESTLE,11499.990234375,11499.990234375,11499.990234375,11499.990234375,8178.2490234375,0
2018-01-01,NESTLE,11499.990234375,11499.990234375,11499.990234375,11499.990234375,8178.2490234375,0
2018-01-02,NESTLE,11500.0,11500.0,11500.0,11500.0,8178.255859375,3940
2018-01-03,NESTLE,10930.0,10930.0,10925.0,10926.1103515625,7770.134765625,120
2018-01-04,NESTLE,11190.0,11190.0,11190.0,11190.0,7957.79931640625,40
2018-01-05,NESTLE,11200.0,11749.5,11200.0,11700.0,8320.4873046875,220
2018-01-08,NESTLE,11750.0,11760.0,11400.0,11400.0,8107.14013671875,80
2018-01-09,NESTLE,11400.0,11400.0,11400.0,11400.0,8107.14013671875,0
2018-01-10,NESTLE,11400.0,11400.0,11400.0,11400.0,8107.14013671875,0
2018-01-11,NESTLE,11400.0,11400.0,11400.0,11400.0,8107.14013671875,0
2018-01-12,NESTLE,10850.0,10999.990234375,10850.0,10900.0,7751.56494140625,180
2018-01-15,NESTLE,10900.0,10900.0,10900.0,10900.0,7751.56494140625,0
2018-01-16,NESTLE,10500.01953125,10500.01953125,10500.009765625,10500.01953125,7467.11767578125,40
2018-01-17,NESTLE,10850.0,10850.0,10500.0,10800.0,7680.45068359375,3560
2018-01-18,NESTLE,10800.0,10800.0,10800.0,10800.0,7680.45068359375,0
2018-01-19,NESTLE,11339.0,11339.0,11339.0,11339.0,8063.76025390625,20
2018-01-22,NESTLE,11339.0,11339.0,11339.0,11339.0,8063.76025390625,0
2018-01-23,NESTLE,11199.9501953125,11899.0,10951.0,11568.5400390625,8226.998046875,180
2018-01-24,NESTLE,12099.0,12099.0,12099.0,12099.0,8604.2373046875,20
2018-01-25,NESTLE,11850.0,11850.0,11850.0,11850.0,8427.162109375,20
2018-01-26,NESTLE,11850.0,11850.0,11850.0,11850.0,8427.162109375,0
2018-01-29,NESTLE,11600.0,11600.0,11600.0,11600.0,8249.373046875,20
2018-01-30,NESTLE,11600.0,11600.0,11600.0,11600.0,8249.373046875,0
2018-01-31,NESTLE,11020.0,11020.0,11020.0,11020.0,7836.9033203125,200
2018-02-01,NESTLE,11050.0,11050.0,11050.0,11050.0,7858.236328125,7160
2018-02-02,NESTLE,11504.0,11504.0,11504.0,11504.0,8181.1005859375,20
2018-02-05,NESTLE,11504.0,11504.0,11504.0,11504.0,8181.1005859375,0
2018-02-06,NESTLE,11504.0,11504.0,11504.0,11504.0,8181.1005859375,0
2018-02-07,NESTLE,11504.0,11504.0,11504.0,11504.0,8181.1005859375,0
2018-02-08,NESTLE,11504.0,11504.0,11504.0,11504.0,8181.1005859375,0
2018-02-09,NESTLE,11504.0,11504.0,11504.0,11504.0,8181.1005859375,0
2018-02-12,NESTLE,11499.990234375,11499.990234375,11499.990234375,11499.990234375,8178.2490234375,20
2018-02-13,NESTLE,11499.990234375,11499.990234375,11499.990234375,11499.990234375,8178.2490234375,0
2018-02-14,NESTLE,11499.990234375,11499.990234375,11499.990234375,11499.990234375,8178.2490234375,0
2018-02-15,NESTLE,11400.0,11400.0,11000.0,11010.009765625,7829.79833984375,60
2018-02-16,NESTLE,11400.0,11560.0,11000.0,11475.0,8160.4755859375,180
2018-02-19,NESTLE,11500.0,11500.0,11500.0,11500.0,8178.255859375,100
2018-02-20,NESTLE,11500.0,11500.0,11500.0,11500.0,8178.255859375,0
2018-02-21,NESTLE,11499.990234375,11499.990234375,11499.990234375,11499.990234375,8178.2490234375,20
2018-02-22,NESTLE,11498.990234375,12074.0,11498.990234375,12074.0,8586.45703125,180
2018-02-23,NESTLE,11950.0,11970.0,11950.0,11970.0,8512.4970703125,80
2018-02-26,NESTLE,11900.0,11910.009765625,11899.0,11900.0,8462.7177734375,560
2018-02-27,NESTLE,11900.0,11920.0,11900.0,11900.0,8462.7177734375,400
2018-02-28,NESTLE,11900.0,11900.0,11900.0,11900.0,8462.7177734375,0
2018-03-01,NESTLE,11900.0,11900.0,11900.0,11900.0,8462.7177734375,0
2018-03-02,NESTLE,12049.0,12495.0,12049.0,12495.0,8885.8515625,120
2018-03-05,NESTLE,12495.0,12600.0,12495.0,12600.0,8960.525390625,100
2018-03-06,NESTLE,12599.0,12599.0,12599.0,12599.0,8959.8115234375,6020
2018-03-07,NESTLE,12599.0,12599.0,12599.0,12599.0,8959.8115234375,0
2018-03-08,NESTLE,12600.0,12600.0,12222.2197265625,12222.2197265625,8691.865234375,60
2018-03-09,NESTLE,12299.0,12299.0,12299.0,12299.0,8746.466796875,20
2018-03-12,NESTLE,12250.0,12250.0,12250.0,12250.0,8711.62109375,20
2018-03-13,NESTLE,12350.0,12350.0,12350.0,12350.0,8782.734375,600
2018-03-14,NESTLE,12350.0,12350.0,12350.0,12350.0,8782.734375,0
2018-03-15,NESTLE,12350.0,12350.0,12350.0,12350.0,8782.734375,1060
2018-03-16,NESTLE,12350.0,12350.0,12350.0,12350.0,8782.734375,0
2018-03-19,NESTLE,12350.0,12350.0,12350.0,12350.0,8782.734375,20
2018-03-20,NESTLE,12349.0,12350.0,12349.0,12350.0,8782.734375,60
2018-03-21,NESTLE,12350.0,12350.0,12350.0,12350.0,8782.734375,0
2018-03-22,NESTLE,12350.0,12350.0,12350.0,12350.0,8782.734375,0
2018-03-23,NESTLE,12350.0,12350.0,12350.0,12350.0,8782.734375,0
2018-03-26,NESTLE,12350.0,12350.0,12350.0,12350.0,8782.734375,0
2018-03-27,NESTLE,12350.0,12350.0,12350.0,12350.0,8782.734375,820
2018-03-28,NESTLE,12350.0,12350.0,12350.0,12350.0,8782.734375,0
2018-03-29,NESTLE,12350.0,12650.0,12350.0,12650.0,8996.0810546875,200
2018-03-30,NESTLE,12650.0,12650.0,12650.0,12650.0,8996.0810546875,0
2018-04-02,NESTLE,12939.0,12939.0,12939.0,12939.0,9201.60546875,20
2018-04-03,NESTLE,12939.0,12939.0,12939.0,12939.0,9201.60546875,0
2018-04-04,NESTLE,12939.0,12939.0,12939.0,12939.0,9201.60546875,20
2018-04-05,NESTLE,12859.0,12859.0,12859.0,12859.0,9201.60546875,40
2018-04-06,NESTLE,12859.0,12859.0,12859.0,12859.0,9201.60546875,60
2018-04-09,NESTLE,12859.0,12859.0,12859.0,12859.0,9201.60546875,20
2018-04-10,NESTLE,12630.0,12980.0,12600.0,12980.0,9288.1875,140
2018-04-11,NESTLE,12900.0,12900.0,12800.0,12850.0,9195.166015625,180
2018-04-12,NESTLE,12300.0,12511.0,12300.0,12511.0,8952.583984375,40
2018-04-13,NESTLE,12511.0,12511.0,12511.0,12511.0,8952.583984375,0
2018-04-16,NESTLE,12511.0,12511.0,12511.0,12511.0,8952.583984375,0
2018-04-17,NESTLE,12500.0,12680.0,12400.0,12600.0,9016.2705078125,260
2018-04-18,NESTLE,12600.0,12600.0,12600.0,12600.0,9016.2705078125,60
2018-04-19,NESTLE,12600.0,12600.0,12600.0,12600.0,9016.2705078125,3000
2018-04-20,NESTLE,12600.0,12600.0,12600.0,12600.0,9016.2705078125,0
2018-04-23,NESTLE,12600.0,12600.0,12600.0,12600.0,9016.2705078125,0
2018-04-24,NESTLE,12600.0,12600.0,12600.0,12600.0,9016.2705078125,0
2018-04-25,NESTLE,12600.0,12600.0,12600.0,12600.0,9016.2705078125,0
2018-04-26,NESTLE,12600.0,12600.0,12600.0,12600.0,9016.2705078125,520
2018-04-27,NESTLE,12600.0,12600.0,12600.0,12600.0,9016.2705078125,0
2018-04-30,NESTLE,12600.0,12600.0,12600.0,12600.0,9016.2705078125,0
2018-05-01,NESTLE,12600.0,12600.0,12600.0,12600.0,9016.2705078125,0
2018-05-02,NESTLE,12600.0,12600.0,12600.0,12600.0,9016.2705078125,0
2018-05-03,NESTLE,12600.0,12600.0,12600.0,12600.0,9016.2705078125,0
2018-05-04,NESTLE,12600.0,12600.0,12600.0,12600.0,9016.2705078125,0
2018-05-07,NESTLE,12600.0,12600.0,12600.0,12600.0,9016.2705078125,0
2018-05-08,NESTLE,12600.0,12600.0,12600.0,12600.0,9016.2705078125,0
2018-05-09,NESTLE,12600.0,12600.0,12600.0,12600.0,9016.2705078125,200
2018-05-10,NESTLE,12600.0,12600.0,12600.0,12600.0,9016.2705078125,0
2018-05-11,NESTLE,12600.0,12600.0,12600.0,12600.0,9016.2705078125,0
2018-05-14,NESTLE,12600.0,12600.0,12600.0,12600.0,9016.2705078125,0
2018-05-15,NESTLE,11970.0,12498.0,11970.0,11970.099609375,8565.5302734375,520
2018-05-16,NESTLE,11970.099609375,11970.099609375,11970.099609375,11970.099609375,8565.5302734375,0
2018-05-17,NESTLE,11970.099609375,11970.099609375,11970.099609375,11970.099609375,8565.5302734375,0
2018-05-18,NESTLE,11970.099609375,11970.099609375,11970.099609375,11970.099609375,8565.5302734375,0
2018-05-21,NESTLE,11970.099609375,11970.099609375,11970.099609375,11970.099609375,8565.5302734375,0
2018-05-22,NESTLE,11970.099609375,11970.099609375,11970.099609375,11970.099609375,8565.5302734375,0
2018-05-23,NESTLE,11970.099609375,11970.099609375,11970.099609375,11970.099609375,8565.5302734375,0
2018-05-24,NESTLE,11970.099609375,11970.099609375,11970.099609375,11970.099609375,8565.5302734375,0
2018-05-25,NESTLE,11970.099609375,11970.099609375,11970.099609375,11970.099609375,8565.5302734375,0
2018-05-28,NESTLE,11970.099609375,11970.099609375,11970.099609375,11970.099609375,8565.5302734375,0
2018-05-29,NESTLE,11970.099609375,11970.099609375,11970.099609375,11970.099609375,8565.5302734375,0
2018-05-30,NESTLE,11970.099609375,11970.099609375,11970.099609375,11970.099609375,8565.5302734375,0
2018-05-31,NESTLE,11970.099609375,11970.099609375,11970.099609375,11970.099609375,8565.5302734375,0
2018-06-01,NESTLE,12000.0,12000.0,12000.0,12000.0,8586.9248046875,20
2018-06-04,NESTLE,12000.0,12000.0,12000.0,12000.0,8586.9248046875,12060
2018-06-05,NESTLE,12000.0,12000.0,12000.0,12000.0,8586.9248046875,0
2018-06-06,NESTLE,12000.0,12000.0,12000.0,12000.0,8586.9248046875,0
2018-06-07,NESTLE,12000.0,12000.0,12000.0,12000.0,8586.9248046875,0
2018-06-08,NESTLE,12000.0,12000.0,12000.0,12000.0,8586.9248046875,0
2018-06-11,NESTLE,12000.0,12000.0,12000.0,12000.0,8586.9248046875,0
2018-06-12,NESTLE,12000.0,12000.0,12000.0,12000.0,8586.9248046875,0
2018-06-13,NESTLE,12000.0,12000.0,12000.0,12000.0,8586.9248046875,0
2018-06-14,NESTLE,12000.0,12000.0,12000.0,12000.0,8586.9248046875,0
2018-06-15,NESTLE,12000.0,12000.0,12000.0,12000.0,8586.9248046875,0
2018-06-18,NESTLE,12000.0,12000.0,12000.0,12000.0,8586.9248046875,0
2018-06-19,NESTLE,12000.0,12000.0,12000.0,12000.0,8586.9248046875,0
2018-06-20,NESTLE,12000.0,12000.0,12000.0,12000.0,8586.9248046875,0
2018-06-21,NESTLE,12000.0,12000.0,12000.0,12000.0,8586.9248046875,0
2018-06-22,NESTLE,12000.0,12000.0,12000.0,12000.0,8586.9248046875,0
2018-06-25,NESTLE,12000.0,12000.0,12000.0,12000.0,8586.9248046875,0
2018-06-26,NESTLE,12000.0,12000.0,12000.0,12000.0,8586.9248046875,0
2018-06-27,NESTLE,11965.0,11965.0,11500.0,11500.0,8229.1357421875,40
2018-06-28,NESTLE,11500.0,11500.0,11500.0,11500.0,8229.1357421875,0
2018-06-29,NESTLE,11500.0,11500.0,11500.0,11500.0,8229.1357421875,0
2018-07-02,NESTLE,11500.0,11500.0,11500.0,11500.0,8229.1357421875,0
2018-07-03,NESTLE,11500.0,11500.0,11500.0,11500.0,8229.1357421875,0
2018-07-04,NESTLE,11300.0,11300.0,11300.0,11300.0,8086.02197265625,20
2018-07-05,NESTLE,11000.0,11000.0,10926.0,10926.0,7818.39306640625,40
2018-07-06,NESTLE,10926.0,10926.0,10926.0,10926.0,7818.39306640625,0
2018-07-09,NESTLE,10926.0,10926.0,10926.0,10926.0,7818.39306640625,0
2018-07-10,NESTLE,10379.7001953125,11472.2998046875,10379.7001953125,10940.7998046875,7828.9853515625,180
2018-07-11,NESTLE,10400.0,10400.0,10400.0,10400.0,7442.00048828125,20
2018-07-12,NESTLE,10400.0,10400.0,10400.0,10400.0,7442.00048828125,0
2018-07-13,NESTLE,10400.0,10400.0,10400.0,10400.0,7442.00048828125,0
2018-07-16,NESTLE,10400.0,10400.0,10400.0,10400.0,7442.00048828125,0
2018-07-17,NESTLE,10920.0,10920.0,10920.0,10920.0,7814.1005859375,4380
2018-07-18,NESTLE,10500.0,10500.0,10480.0,10485.0,7502.82373046875,80
2018-07-19,NESTLE,10950.0,11009.25,10950.0,11009.25,7877.96630859375,80
2018-07-20,NESTLE,11009.25,11009.25,11009.25,11009.25,7877.96630859375,0
2018-07-23,NESTLE,10461.509765625,11300.0,10459.0,10628.2998046875,7605.369140625,120
2018-07-24,NESTLE,10499.0,10500.0,10499.0,10500.0,7513.55859375,60
2018-07-25,NESTLE,10500.0,10500.0,10500.0,10500.0,7513.55859375,0
2018-07-26,NESTLE,10500.0,10500.0,10500.0,10500.0,7513.55859375,0
2018-07-27,NESTLE,10400.0,10500.0,10400.0,10493.1796875,7508.67919921875,900
2018-07-30,NESTLE,10990.0,10990.0,10990.0,10990.0,7864.1923828125,20
2018-07-31,NESTLE,10500.0,10699.0,10500.0,10699.0,7655.958984375,40
2018-08-01,NESTLE,10500.0,10500.0,10500.0,10500.0,7513.55859375,20
2018-08-02,NESTLE,10000.009765625,10599.990234375,10000.009765625,10599.990234375,7585.11083984375,40
2018-08-03,NESTLE,10599.990234375,10599.990234375,10599.990234375,10599.990234375,7585.11083984375,0
2018-08-06,NESTLE,10200.0,10200.0,10200.0,10200.0,7298.88525390625,40
2018-08-07,NESTLE,10300.0,10300.0,10300.0,10300.0,7370.44384765625,20
2018-08-08,NESTLE,10300.0,10300.0,10300.0,10300.0,7370.44384765625,500
2018-08-09,NESTLE,10300.0,10300.0,10300.0,10300.0,7370.44384765625,680
2018-08-10,NESTLE,10300.0,10300.0,10300.0,10300.0,7370.44384765625,0
2018-08-13,NESTLE,10300.0,10300.0,10300.0,10300.0,7370.44384765625,0
2018-08-14,NESTLE,10300.0,10300.0,10300.0,10300.0,7370.44384765625,0
2018-08-15,NESTLE,10300.0,10300.0,10300.0,10300.0,7370.44384765625,0
2018-08-16,NESTLE,10300.0,10300.0,10300.0,10300.0,7370.44384765625,0
2018-08-17,NESTLE,10300.0,10300.0,10300.0,10300.0,7370.44384765625,40
2018-08-20,NESTLE,10300.0,10300.0,10300.0,10300.0,7370.44384765625,640
2018-08-21,NESTLE,10300.0,10300.0,10300.0,10300.0,7370.44384765625,0
2018-08-22,NESTLE,10300.0,10300.0,10300.0,10300.0,7370.44384765625,0
2018-08-23,NESTLE,10300.0,10300.0,10300.0,10300.0,7370.44384765625,0
2018-08-24,NESTLE,10300.0,10300.0,10300.0,10300.0,7370.44384765625,0
2018-08-27,NESTLE,10300.0,10300.0,10300.0,10300.0,7370.44384765625,0
2018-08-28,NESTLE,9786.0,10190.0,9785.0,10185.0,7288.1513671875,100
2018-08-29,NESTLE,10540.0,10560.0,10540.0,10560.0,7638.99462890625,40
2018-08-30,NESTLE,10480.0,10480.0,10480.0,10480.0,7581.12353515625,20
2018-08-31,NESTLE,10480.0,10480.0,10480.0,10480.0,7581.12353515625,0
2018-09-03,NESTLE,10480.0,10480.0,10480.0,10480.0,7581.12353515625,0
2018-09-04,NESTLE,10480.0,10480.0,10480.0,10480.0,7581.12353515625,0
2018-09-05,NESTLE,10480.0,10480.0,10480.0,10480.0,7581.12353515625,0
2018-09-06,NESTLE,9956.099609375,9956.099609375,9956.099609375,9956.099609375,7202.140625,40
2018-09-07,NESTLE,9956.099609375,9956.099609375,9956.099609375,9956.099609375,7202.140625,0
2018-09-10,NESTLE,9956.099609375,9956.099609375,9956.099609375,9956.099609375,7202.140625,0
2018-09-11,NESTLE,9956.099609375,9956.099609375,9956.099609375,9956.099609375,7202.140625,0
2018-09-12,NESTLE,9458.51953125,9458.51953125,9458.2998046875,9458.2998046875,6842.03662109375,160
2018-09-13,NESTLE,9458.2998046875,9458.2998046875,9458.2998046875,9458.2998046875,6842.03662109375,0
2018-09-14,NESTLE,9458.2998046875,9458.2998046875,9458.2998046875,9458.2998046875,6842.03662109375,0
2018-09-17,NESTLE,9458.2998046875,9458.2998046875,9458.2998046875,9458.2998046875,6842.03662109375,0
2018-09-18,NESTLE,9458.2998046875,9458.2998046875,9458.2998046875,9458.2998046875,6842.03662109375,0
2018-09-19,NESTLE,8986.0,8986.0,8986.0,8986.0,6500.37890625,20
2018-09-20,NESTLE,8986.0,8986.0,8986.0,8986.0,6500.37890625,0
2018-09-21,NESTLE,8986.0,8986.0,8986.0,8986.0,6500.37890625,0
2018-09-24,NESTLE,9425.0,9435.0,9425.0,9435.0,6825.18310546875,100
2018-09-25,NESTLE,9499.0,9499.0,9499.0,9499.0,6871.47998046875,20
2018-09-26,NESTLE,9499.0,9499.0,9499.0,9499.0,6871.47998046875,0
2018-09-27,NESTLE,9499.0,9499.0,9499.0,9499.0,6871.47998046875,220
2018-09-28,NESTLE,9499.0,9499.0,9499.0,9499.0,6871.47998046875,0
2018-10-01,NESTLE,9499.0,9499.0,9499.0,9499.0,6871.47998046875,0
2018-10-02,NESTLE,9500.0,9500.0,9500.0,9500.0,6872.2041015625,20
2018-10-03,NESTLE,9500.0,9500.0,9500.0,9500.0,6872.2041015625,0
2018-10-04,NESTLE,9500.0,9500.0,9500.0,9500.0,6872.2041015625,0
2018-10-05,NESTLE,9025.0,9025.0,9025.0,9025.0,6528.591796875,20
2018-10-08,NESTLE,9025.0,9025.0,9025.0,9025.0,6528.591796875,0
2018-10-09,NESTLE,9025.0,9025.0,9025.0,9025.0,6528.591796875,0
2018-10-10,NESTLE,9025.0,9025.0,9025.0,9025.0,6528.591796875,0
2018-10-11,NESTLE,9025.0,9025.0,9025.0,9025.0,6528.591796875,0
2018-10-12,NESTLE,9025.0,9025.0,9025.0,9025.0,6528.591796875,0
2018-10-15,NESTLE,9025.0,9025.0,9025.0,9025.0,6528.591796875,0
2018-10-16,NESTLE,9000.0,9000.0,9000.0,9000.0,6510.50830078125,300
2018-10-17,NESTLE,9000.0,9000.0,9000.0,9000.0,6510.50830078125,0
2018-10-18,NESTLE,9000.0,9000.0,9000.0,9000.0,6510.50830078125,0
2018-10-19,NESTLE,9000.0,9000.0,9000.0,9000.0,6510.50830078125,0
2018-10-22,NESTLE,9000.0,9000.0,9000.0,9000.0,6510.50830078125,0
2018-10-23,NESTLE,9000.0,9000.0,9000.0,9000.0,6510.50830078125,0
2018-10-24,NESTLE,9000.0,9000.0,9000.0,9000.0,6510.50830078125,0
2018-10-25,NESTLE,9000.0,9000.0,9000.0,9000.0,6510.50830078125,0
2018-10-26,NESTLE,9445.0,9445.0,9445.0,9445.0,6832.41552734375,20
2018-10-29,NESTLE,9500.0,9500.0,9500.0,9500.0,6872.2041015625,40
2018-10-30,NESTLE,9500.0,9500.0,9500.0,9500.0,6872.2041015625,0
2018-10-31,NESTLE,9500.0,9500.0,9500.0,9500.0,6872.2041015625,0
2018-11-01,NESTLE,9500.0,9500.0,9500.0,9500.0,6872.2041015625,0
2018-11-02,NESTLE,9500.0,9500.0,9500.0,9500.0,6872.2041015625,0
2018-11-05,NESTLE,9500.0,9500.0,9500.0,9500.0,6926.89013671875,0
2018-11-06,NESTLE,9600.0,9600.0,9600.0,9600.0,6999.80322265625,20
2018-11-07,NESTLE,9600.0,9600.0,9600.0,9600.0,6999.80322265625,0
2018-11-08,NESTLE,9600.0,9600.0,9600.0,9600.0,6999.80322265625,0
2018-11-09,NESTLE,9600.0,9600.0,9600.0,9600.0,6999.80322265625,0
2018-11-12,NESTLE,9120.0,9120.0,9120.0,9120.0,6649.81396484375,20
2018-11-13,NESTLE,9120.0,9120.0,9120.0,9120.0,6649.81396484375,0
2018-11-14,NESTLE,9120.0,9120.0,9120.0,9120.0,6649.81396484375,0
2018-11-15,NESTLE,8950.0,8950.0,8950.0,8950.0,6525.85791015625,40
2018-11-16,NESTLE,8999.0,9000.0,8999.0,8999.75,6562.1337890625,80
2018-11-19,NESTLE,9000.0,9000.0,9000.0,9000.0,6562.31640625,20
2018-11-20,NESTLE,9000.0,9000.0,9000.0,9000.0,6562.31640625,0
2018-11-21,NESTLE,9000.0,9000.0,9000.0,9000.0,6562.31640625,0
2018-11-22,NESTLE,9000.0,9000.0,9000.0,9000.0,6562.31640625,40
2018-11-23,NESTLE,9000.0,9000.0,9000.0,9000.0,6562.31640625,0
2018-11-26,NESTLE,8900.0,8995.0,8900.0,8995.0,6558.67041015625,280
2018-11-27,NESTLE,8995.0,8995.0,8995.0,8995.0,6558.67041015625,0
2018-11-28,NESTLE,8995.0,8995.0,8995.0,8995.0,6558.67041015625,0
2018-11-29,NESTLE,8995.0,8995.0,8995.0,8995.0,6558.67041015625,0
2018-11-30,NESTLE,8995.0,8995.0,8995.0,8995.0,6558.67041015625,60
2018-12-03,NESTLE,8611.0,8611.0,8611.0,8611.0,6278.67822265625,20
2018-12-04,NESTLE,9041.0,9041.0,9041.0,9041.0,6592.21044921875,120
2018-12-05,NESTLE,8700.0,8700.0,8700.0,8700.0,6343.5712890625,140
2018-12-06,NESTLE,9000.0,9000.0,8311.0,8750.0,6380.02978515625,60
2018-12-07,NESTLE,8750.0,8750.0,8750.0,8750.0,6380.02978515625,120
2018-12-10,NESTLE,8750.0,8750.0,8750.0,8750.0,6380.02978515625,0
2018-12-11,NESTLE,8750.0,8750.0,8750.0,8750.0,6380.02978515625,120
2018-12-12,NESTLE,8750.0,8750.0,8750.0,8750.0,6380.02978515625,120
2018-12-13,NESTLE,8750.0,8750.0,8750.0,8750.0,6380.02978515625,0
2018-12-14,NESTLE,8750.0,8750.0,8750.0,8750.0,6380.02978515625,0
2018-12-17,NESTLE,8850.0,8850.0,8850.0,8850.0,6452.9443359375,140
2018-12-18,NESTLE,9200.0,9200.0,9100.0,9150.0,6671.68798828125,40
2018-12-19,NESTLE,9150.0,9150.0,9150.0,9150.0,6671.68798828125,20
2018-12-20,NESTLE,9150.0,9150.0,9150.0,9150.0,6671.68798828125,0
2018-12-21,NESTLE,9150.0,9150.0,9150.0,9150.0,6671.68798828125,0
2018-12-24,NESTLE,9150.0,9150.0,9150.0,9150.0,6671.68798828125,0
2018-12-25,NESTLE,9150.0,9150.0,9150.0,9150.0,6671.68798828125,0
2018-12-26,NESTLE,9150.0,9150.0,9150.0,9150.0,6671.68798828125,0
2018-12-27,NESTLE,9000.0,9000.0,9000.0,9000.0,6562.31640625,20
2018-12-28,NESTLE,9000.0,9000.0,9000.0,9000.0,6562.31640625,20
2018-12-31,NESTLE,9000.0,9000.0,9000.0,9000.0,6562.31640625,0
2019-01-01,NESTLE,9000.0,9400.0,9000.0,9400.0,6853.97412109375,380
2019-01-02,NESTLE,9011.0,9100.0,8930.0,8930.0,6511.27587890625,160
2019-01-03,NESTLE,8511.0,8511.0,8501.0,8501.0,6198.47314453125,80
2019-01-04,NESTLE,8076.0,8925.990234375,8076.0,8200.0,5978.9990234375,240
2019-01-07,NESTLE,8200.0,8200.0,8200.0,8200.0,5978.9990234375,0
2019-01-08,NESTLE,7955.0,8199.0,7925.0,8199.0,5978.2685546875,60
2019-01-09,NESTLE,8300.0,8300.0,8300.0,8300.0,6051.9130859375,20
2019-01-10,NESTLE,8300.0,8300.0,8300.0,8300.0,6051.9130859375,0
2019-01-11,NESTLE,8300.0,8300.0,8300.0,8300.0,6051.9130859375,0
2019-01-14,NESTLE,8300.0,8300.0,8300.0,8300.0,6051.9130859375,0
2019-01-15,NESTLE,8100.0,8100.0,8100.0,8100.0,5906.0849609375,40
2019-01-16,NESTLE,8100.0,8100.0,8100.0,8100.0,5906.0849609375,0
2019-01-17,NESTLE,8100.0,8100.0,8100.0,8100.0,5906.0849609375,0
2019-01-18,NESTLE,8200.0,8200.0,7900.0,7900.0,5760.2548828125,80
2019-01-21,NESTLE,8031.0,8031.0,8031.0,8031.0,5855.7734375,20
2019-01-22,NESTLE,8100.0,8100.0,8100.0,8100.0,5906.0849609375,20
2019-01-23,NESTLE,8100.0,8100.0,8100.0,8100.0,5906.0849609375,0
2019-01-24,NESTLE,8200.0,8200.0,8200.0,8200.0,5978.9990234375,20
2019-01-25,NESTLE,8200.0,8200.0,8200.0,8200.0,5978.9990234375,0
2019-01-28,NESTLE,8200.0,8200.0,8200.0,8200.0,5978.9990234375,0
2019-01-29,NESTLE,8200.0,8200.0,8200.0,8200.0,5978.9990234375,40
2019-01-30,NESTLE,8600.0,8600.0,8600.0,8600.0,6270.658203125,20
2019-01-31,NESTLE,8600.0,8600.0,8600.0,8600.0,6270.658203125,0
2019-02-01,NESTLE,8510.0,8510.0,8510.0,8510.0,6205.03369140625,20
2019-02-04,NESTLE,8770.0,8900.0,8750.0,8900.0,6489.40185546875,100
2019-02-05,NESTLE,8900.0,8900.0,8900.0,8900.0,6489.40185546875,0
2019-02-06,NESTLE,9000.0,9000.0,9000.0,9000.0,6562.31640625,40
2019-02-07,NESTLE,8800.0,8800.0,8800.0,8800.0,6416.486328125,20
2019-02-08,NESTLE,8810.0,8810.0,8800.0,8800.0,6416.486328125,40
2019-02-11,NESTLE,8800.0,8800.0,8800.0,8800.0,6416.486328125,0
2019-02-12,NESTLE,8800.0,8800.0,8800.0,8800.0,6416.486328125,0
2019-02-13,NESTLE,8850.0,8850.0,8800.0,8800.0,6416.486328125,60
2019-02-14,NESTLE,8800.0,8800.0,8800.0,8800.0,6416.486328125,40
2019-02-15,NESTLE,8800.0,8800.0,8800.0,8800.0,6416.486328125,0
2019-02-18,NESTLE,8890.0,8900.0,8890.0,8900.0,6489.40185546875,40
2019-02-19,NESTLE,8900.0,8900.0,8900.0,8900.0,6489.40185546875,0
2019-02-20,NESTLE,8900.0,8900.0,8900.0,8900.0,6489.40185546875,0
2019-02-21,NESTLE,8900.0,8900.0,8900.0,8900.0,6489.40185546875,0
2019-02-22,NESTLE,8900.0,8900.0,8900.0,8900.0,6489.40185546875,0
2019-02-25,NESTLE,8600.0,8600.0,8600.0,8600.0,6270.658203125,20
2019-02-26,NESTLE,8500.0,8500.0,8500.0,8500.0,6197.74267578125,20
2019-02-27,NESTLE,8500.0,8500.0,8500.0,8500.0,6197.74267578125,0
2019-02-28,NESTLE,8300.0,8300.0,8200.0,8200.0,5978.9990234375,5000
2019-03-01,NESTLE,8200.0,8200.0,8200.0,8200.0,5978.9990234375,20
2019-03-04,NESTLE,8200.0,8200.0,8200.0,8200.0,5978.9990234375,60
2019-03-05,NESTLE,8200.0,8200.0,8200.0,8200.0,5978.9990234375,0
2019-03-06,NESTLE,8200.0,8200.0,8200.0,8200.0,5978.9990234375,0
2019-03-07,NESTLE,8200.0,8200.0,8200.0,8200.0,5978.9990234375,20
2019-03-08,NESTLE,8200.0,8200.0,8200.0,8200.0,5978.9990234375,0
2019-03-11,NESTLE,8200.0,8200.0,8200.0,8200.0,5978.9990234375,0
2019-03-12,NESTLE,8200.0,8200.0,8200.0,8200.0,5978.9990234375,5000
2019-03-13,NESTLE,8200.0,8200.0,8200.0,8200.0,5978.9990234375,0
2019-03-14,NESTLE,8200.0,8200.0,8200.0,8200.0,5978.9990234375,0
2019-03-15,NESTLE,8200.0,8200.0,8200.0,8200.0,5978.9990234375,0
2019-03-18,NESTLE,8200.0,8200.0,8200.0,8200.0,5978.9990234375,0
2019-03-19,NESTLE,8200.0,8200.0,8200.0,8200.0,5978.9990234375,0
2019-03-20,NESTLE,8200.0,8200.0,8200.0,8200.0,5978.9990234375,0
2019-03-21,NESTLE,8199.0,8199.0,8199.0,8199.0,5978.2685546875,20
2019-03-22,NESTLE,8590.0,8590.0,7789.0498046875,7789.0498046875,5679.35498046875,200
2019-03-25,NESTLE,7399.60009765625,7399.60009765625,7399.60009765625,7399.60009765625,5395.39111328125,60
2019-03-26,NESTLE,7031.0,7769.0,7029.6201171875,7321.1201171875,5338.16748046875,320
2019-03-27,NESTLE,7011.009765625,7011.009765625,6955.06982421875,6999.47998046875,5103.64453125,440
2019-03-28,NESTLE,7299.0,7349.4501953125,6666.0,7032.009765625,5127.36279296875,780
2019-03-29,NESTLE,7383.0,7383.0,7060.0,7191.7998046875,5243.873046875,140
2019-04-01,NESTLE,7000.0,7000.0,7000.0,7000.0,5104.0244140625,20
2019-04-02,NESTLE,7200.0,7300.0,6800.0,6805.5,4962.20458984375,120
2019-04-03,NESTLE,6650.0,7144.0,6650.0,7079.25,5161.80859375,180
2019-04-04,NESTLE,6900.0,7397.0,6900.0,7064.35009765625,5150.94384765625,460
2019-04-05,NESTLE,6901.0,7298.0,6901.0,7294.39990234375,5318.6845703125,220
2019-04-08,NESTLE,7484.0,7484.0,7065.0,7484.0,5456.9306640625,600
2019-04-09,NESTLE,7475.0,7780.0,7200.0,7488.669921875,5460.3349609375,660
2019-04-10,NESTLE,7768.0,7768.0,7768.0,7768.0,5664.00732421875,500
2019-04-11,NESTLE,8050.0,8050.0,7789.0498046875,7789.0498046875,5679.35498046875,1060
2019-04-12,NESTLE,7780.0,7780.0,7780.0,7780.0,5672.75732421875,20
2019-04-15,NESTLE,8060.0,8060.0,8000.0,8060.0,5876.91845703125,1020
2019-04-16,NESTLE,7700.0,7899.0,7700.0,7899.0,5759.52587890625,80
2019-04-17,NESTLE,7900.0,7900.0,7504.0498046875,7602.5,5543.33349609375,1000
2019-04-18,NESTLE,7539.5,7915.0,7915.0,7539.5,5543.3330078125,500
2019-04-19,NESTLE,7900.0,7900.0,7900.0,7900.0,5808.3876953125,540
2019-04-22,NESTLE,7789.0,7789.0,7789.0,7789.0,5726.77685546875,120
2019-04-23,NESTLE,7790.0,7970.0,7790.0,7790.0,5727.51220703125,340
2019-04-24,NESTLE,7999.0,7999.0,7999.0,7999.0,5881.17626953125,20
2019-04-25,NESTLE,7700.0,7700.0,7700.0,7700.0,5661.33984375,20
2019-04-26,NESTLE,7750.0,7775.0,7316.16015625,7670.330078125,5639.525390625,640
2019-04-29,NESTLE,7630.0,7630.0,7630.0,7630.0,5609.87255859375,120
2019-04-30,NESTLE,7749.0,7750.0,7749.0,7750.0,5698.10107421875,560
2019-05-01,NESTLE,7750.0,7750.0,7750.0,7750.0,5698.10107421875,0
2019-05-02,NESTLE,7500.0,7500.0,7362.5,7362.5,5413.19677734375,180
2019-05-03,NESTLE,7362.5,7362.5,7362.5,7362.5,5413.19677734375,0
2019-05-06,NESTLE,7362.5,7362.5,7362.5,7362.5,5413.19677734375,0
2019-05-07,NESTLE,7465.0,7465.0,7465.0,7465.0,5488.55859375,300
2019-05-08,NESTLE,7465.0,7465.0,7465.0,7465.0,5488.55859375,220
2019-05-09,NESTLE,7350.0,7400.0,7099.0,7212.5,5302.9111328125,280
2019-05-10,NESTLE,7570.0,7570.0,7570.0,7570.0,5565.7578125,20
2019-05-13,NESTLE,7570.0,7570.0,7570.0,7570.0,5565.7578125,0
2019-05-14,NESTLE,7570.0,7570.0,7570.0,7570.0,5565.7578125,0
2019-05-15,NESTLE,7790.0,7790.0,7191.5,7191.5,5287.47119140625,120
2019-05-16,NESTLE,6831.93017578125,7249.0,6831.93017578125,7249.0,5329.7470703125,140
2019-05-17,NESTLE,6900.0,7189.0,6900.0,7189.0,5285.6318359375,40
2019-05-20,NESTLE,7198.0,7198.0,7198.0,7198.0,5292.25,120
2019-05-21,NESTLE,7198.0,7198.0,6838.10009765625,7038.85009765625,5175.23681640625,300
2019-05-22,NESTLE,7038.85009765625,7038.85009765625,7038.85009765625,7038.85009765625,5175.23681640625,0
2019-05-23,NESTLE,6890.0,6890.0,6800.009765625,6845.009765625,5032.71923828125,60
2019-05-24,NESTLE,7089.0,7089.0,7089.0,7089.0,5212.1083984375,20
2019-05-27,NESTLE,7089.0,7089.0,7089.0,7089.0,5212.1083984375,0
2019-05-28,NESTLE,7070.0,7400.0,7000.0,7340.0,5396.65478515625,4300
2019-05-29,NESTLE,7340.0,7340.0,7340.0,7340.0,5396.65478515625,0
2019-05-30,NESTLE,6700.0,7199.0,6700.0,7148.5,5255.8544921875,80
2019-05-31,NESTLE,7148.5,7148.5,7148.5,7148.5,5255.8544921875,0
2019-06-03,NESTLE,7148.5,7148.5,7148.5,7148.5,5255.8544921875,0
2019-06-04,NESTLE,7148.5,7148.5,7148.5,7148.5,5255.8544921875,0
2019-06-05,NESTLE,7148.5,7148.5,7148.5,7148.5,5255.8544921875,0
2019-06-06,NESTLE,7148.5,7148.5,7148.5,7148.5,5255.8544921875,0
2019-06-07,NESTLE,7148.5,7148.5,7148.5,7148.5,5255.8544921875,0
2019-06-10,NESTLE,6950.0,7099.0,6791.080078125,6947.02001953125,5107.7197265625,300
2019-06-11,NESTLE,6947.02001953125,6947.02001953125,6947.02001953125,6947.02001953125,5107.7197265625,0
2019-06-12,NESTLE,6947.02001953125,6947.02001953125,6947.02001953125,6947.02001953125,5107.7197265625,0
2019-06-13,NESTLE,6947.02001953125,6947.02001953125,6947.02001953125,6947.02001953125,5107.7197265625,0
2019-06-14,NESTLE,7087.0,7087.0,7087.0,7087.0,5210.638671875,280
2019-06-17,NESTLE,6750.0,7070.0,6750.0,6989.990234375,5139.3134765625,360
2019-06-18,NESTLE,6701.009765625,6797.0,6640.509765625,6752.2900390625,4964.546875,380
2019-06-19,NESTLE,6750.0,6849.0,6650.0,6849.0,5035.65087890625,660
2019-06-20,NESTLE,6700.0,6700.0,6661.0,6700.0,4926.10205078125,10040
2019-06-21,NESTLE,6848.0,6848.0,6848.0,6848.0,5034.91455078125,200
2019-06-24,NESTLE,6600.0,6947.0,6600.0,6917.5,5086.01611328125,140
2019-06-25,NESTLE,6750.0,6799.0,6571.6298828125,6685.31982421875,4915.3076171875,120
2019-06-26,NESTLE,6699.990234375,6799.0,6352.0,6799.0,4998.88916015625,940
2019-06-27,NESTLE,6459.0498046875,6750.0,6459.0498046875,6666.8701171875,4901.7421875,140
2019-06-28,NESTLE,6666.8701171875,6666.8701171875,6666.8701171875,6666.8701171875,4901.7421875,0
2019-07-01,NESTLE,6999.0,6999.0,6999.0,6999.0,5145.93798828125,20
2019-07-02,NESTLE,7100.0,7100.0,6750.0,6750.0,4962.86279296875,100
2019-07-03,NESTLE,6600.0,6749.0,6600.0,6749.0,4962.12841796875,220
2019-07-04,NESTLE,6749.0,6749.0,6749.0,6749.0,4962.12841796875,0
2019-07-05,NESTLE,6800.0,6800.0,6800.0,6800.0,4999.62548828125,40
2019-07-08,NESTLE,6800.0,7100.0,7100.0,6800.0,4999.62548828125,20
2019-07-09,NESTLE,6600.0,6799.0,6600.0,6799.0,4998.88916015625,40
2019-07-10,NESTLE,6800.0,6800.0,6800.0,6800.0,4999.62548828125,20
2019-07-11,NESTLE,6800.0,6800.0,6800.0,6800.0,4999.62548828125,0
2019-07-12,NESTLE,6800.0,6800.0,6800.0,6800.0,4999.62548828125,0
2019-07-15,NESTLE,6800.0,6800.0,6800.0,6800.0,4999.62548828125,0
2019-07-16,NESTLE,6800.0,7130.0,7130.0,6800.0,4999.62548828125,20
2019-07-17,NESTLE,7100.0,7100.0,7100.0,7100.0,5220.19677734375,20
2019-07-18,NESTLE,6800.0,6800.0,6800.0,6800.0,4999.62548828125,20
2019-07-19,NESTLE,6460.0,7100.0,6460.0,6460.0,4749.6435546875,100
2019-07-22,NESTLE,6460.0,6460.0,6460.0,6460.0,4749.6435546875,0
2019-07-23,NESTLE,6599.0,6599.0,6137.0,6137.68994140625,4512.66845703125,60
2019-07-24,NESTLE,6440.0,6440.0,5850.0,5850.0,4301.14892578125,120
2019-07-25,NESTLE,6134.990234375,6134.990234375,6134.990234375,6134.990234375,4510.6845703125,20
2019-07-26,NESTLE,5830.0,5830.0,5828.25,5828.25,4285.15673828125,40
2019-07-29,NESTLE,5828.25,5828.25,5828.25,5828.25,4285.15673828125,0
2019-07-30,NESTLE,5555.0,5555.0,5555.0,5555.0,4084.25146484375,20
2019-07-31,NESTLE,5700.0,5700.0,5700.0,5700.0,4190.86279296875,40
2019-08-01,NESTLE,5500.0,5500.0,5500.0,5500.0,4043.814697265625,100
2019-08-02,NESTLE,5775.0,5775.0,5699.0,5700.0,4190.86279296875,60
2019-08-05,NESTLE,5899.0,5899.0,5899.0,5899.0,4337.17431640625,20
2019-08-06,NESTLE,5899.0,5899.0,5899.0,5899.0,4337.17431640625,0
2019-08-07,NESTLE,5899.0,5899.0,5899.0,5899.0,4337.17431640625,0
2019-08-08,NESTLE,6013.0,6013.0,6013.0,6013.0,4420.99169921875,20
2019-08-09,NESTLE,6290.0,6300.0,5712.35986328125,6300.0,4632.00537109375,80
2019-08-12,NESTLE,6300.0,6300.0,6300.0,6300.0,4632.00537109375,0
2019-08-13,NESTLE,6300.0,6300.0,6300.0,6300.0,4632.00537109375,0
2019-08-14,NESTLE,6300.0,6300.0,6300.0,6300.0,4632.00537109375,0
2019-08-15,NESTLE,6300.0,6300.0,6300.0,6300.0,4632.00537109375,0
2019-08-16,NESTLE,6579.990234375,6580.0,5985.009765625,6295.0,4628.328125,320
2019-08-19,NESTLE,5980.25,5980.25,5980.25,5980.25,4396.91259765625,20
2019-08-20,NESTLE,6279.259765625,6279.259765625,5900.0,6130.0,4507.0146484375,140
2019-08-21,NESTLE,6130.0,6130.0,6130.0,6130.0,4507.0146484375,0
2019-08-22,NESTLE,5824.1201171875,6199.0,5824.10986328125,6187.60986328125,4549.3720703125,1300
2019-08-23,NESTLE,6187.60986328125,6187.60986328125,6187.60986328125,6187.60986328125,4549.3720703125,0
2019-08-26,NESTLE,5950.0,6275.0,5950.0,6166.669921875,4533.97607421875,60
2019-08-27,NESTLE,5900.0,6198.0,5858.33984375,6182.0,4545.24755859375,120
2019-08-28,NESTLE,5911.009765625,5911.009765625,5873.0,5873.0,4318.05908203125,140
2019-08-29,NESTLE,5800.0,5800.0,5800.0,5800.0,4264.3857421875,20
2019-08-30,NESTLE,6090.0,6090.0,6090.0,6090.0,4477.60498046875,40
2019-09-02,NESTLE,6090.0,6090.0,6090.0,6090.0,4477.60498046875,0
2019-09-03,NESTLE,5800.009765625,6095.0,5800.0,6095.0,4481.28076171875,80
2019-09-04,NESTLE,6095.0,6095.0,6095.0,6095.0,4481.28076171875,0
2019-09-05,NESTLE,5800.0,5800.0,5790.25,5790.25,4257.2177734375,100
2019-09-06,NESTLE,5899.0,5899.0,5899.0,5899.0,4337.17431640625,20
2019-09-09,NESTLE,5899.0,5899.0,5899.0,5899.0,4337.17431640625,0
2019-09-10,NESTLE,5899.0,5899.0,5899.0,5899.0,4337.17431640625,0
2019-09-11,NESTLE,5600.0,5788.0,5518.5498046875,5619.64013671875,4195.79248046875,180
2019-09-12,NESTLE,5750.0,5750.0,5750.0,5750.0,4293.12353515625,20
2019-09-13,NESTLE,5750.0,5989.0,5989.0,5750.0,4293.12353515625,20
2019-09-16,NESTLE,5940.0,5940.0,5890.0,5890.0,4397.6513671875,40
2019-09-17,NESTLE,6178.0,6178.0,5595.5,5642.759765625,4213.05517578125,380
2019-09-18,NESTLE,5642.759765625,5642.759765625,5642.759765625,5642.759765625,4213.05517578125,0
2019-09-19,NESTLE,5642.759765625,5642.759765625,5642.759765625,5642.759765625,4213.05517578125,0
2019-09-20,NESTLE,5642.759765625,5642.759765625,5642.759765625,5642.759765625,4213.05517578125,0
2019-09-23,NESTLE,5642.759765625,5642.759765625,5642.759765625,5642.759765625,4213.05517578125,0
2019-09-24,NESTLE,5920.0,5920.0,5750.0,5750.0,4293.12353515625,40
2019-09-25,NESTLE,5560.0,5644.0,5462.5,5583.5,4168.8095703125,200
2019-09-26,NESTLE,5583.5,5583.5,5583.5,5583.5,4168.8095703125,0
2019-09-27,NESTLE,5583.5,5583.5,5583.5,5583.5,4168.8095703125,0
2019-09-30,NESTLE,5583.5,5583.5,5583.5,5583.5,4168.8095703125,0
2019-10-01,NESTLE,5583.5,5583.5,5583.5,5583.5,4168.8095703125,0
2019-10-02,NESTLE,5583.5,5583.5,5583.5,5583.5,4168.8095703125,0
2019-10-03,NESTLE,5520.0,5520.0,5520.0,5520.0,4121.3984375,20
2019-10-04,NESTLE,5520.0,5520.0,5520.0,5520.0,4121.3984375,0
2019-10-07,NESTLE,5540.0,5580.0,5450.0,5580.0,4166.19677734375,300
2019-10-08,NESTLE,5580.0,5580.0,5510.0,5510.0,4113.93212890625,100
2019-10-09,NESTLE,5520.0,5520.0,5520.0,5520.0,4121.3984375,60
2019-10-10,NESTLE,5520.0,5520.0,5518.0,5520.0,4121.3984375,160
2019-10-11,NESTLE,5520.0,5520.0,5365.0,5365.0,4005.671630859375,100
2019-10-14,NESTLE,5365.0,5365.0,5365.0,5365.0,4005.671630859375,0
2019-10-15,NESTLE,5365.0,5365.0,5365.0,5365.0,4005.671630859375,0
2019-10-16,NESTLE,5500.0,5565.0,5500.0,5565.0,4154.99658203125,80
2019-10-17,NESTLE,5560.0,5565.0,5525.0,5525.0,4125.130859375,100
2019-10-18,NESTLE,5525.0,5801.25,5525.0,5764.240234375,4303.75537109375,1040
2019-10-21,NESTLE,6000.0,6000.0,5985.0,6000.0,4479.7802734375,120
2019-10-22,NESTLE,6300.0,6300.0,6300.0,6300.0,4703.77001953125,60
2019-10-23,NESTLE,6610.0,6610.0,6610.0,6610.0,4935.22509765625,20
2019-10-24,NESTLE,6500.0,6937.0,6400.0,6930.0,5174.146484375,100
2019-10-25,NESTLE,7000.0,7000.0,6584.0,6792.0,5071.11083984375,80
2019-10-28,NESTLE,6792.0,6792.0,6792.0,6792.0,5071.11083984375,0
2019-10-29,NESTLE,6792.0,6792.0,6792.0,6792.0,5071.11083984375,0
2019-10-30,NESTLE,6500.0,6790.0,6500.0,6645.0,4961.35693359375,400
2019-10-31,NESTLE,6313.0,6400.0,6313.0,6400.0,4778.43212890625,220
2019-11-01,NESTLE,6120.009765625,6449.0,6110.0,6449.0,4815.017578125,140
2019-11-04,NESTLE,6449.0,6440.0,6440.0,6449.0,4815.017578125,20
2019-11-05,NESTLE,6440.0,6490.0,6440.0,6465.0,4826.96337890625,40
2019-11-06,NESTLE,6788.0,6788.0,6778.0,6779.0,5061.40576171875,80
2019-11-07,NESTLE,6550.0,6550.0,6550.0,6550.0,4890.4267578125,40
2019-11-08,NESTLE,6550.0,6550.0,6500.0,6550.0,4890.4267578125,100
2019-11-11,NESTLE,6856.0,6856.0,6530.0,6530.0,4890.427734375,60
2019-11-12,NESTLE,6800.0,6800.0,6549.0,6549.7998046875,4905.25634765625,160
2019-11-13,NESTLE,6549.7998046875,6549.7998046875,6549.7998046875,6549.7998046875,4905.25634765625,0
2019-11-14,NESTLE,6400.0,6700.0,6400.0,6550.0,4905.4052734375,180
2019-11-15,NESTLE,6425.0,6841.0,6400.0,6576.25,4925.064453125,300
2019-11-18,NESTLE,6821.990234375,6821.990234375,6252.0,6276.25,4700.390625,420
2019-11-19,NESTLE,6030.009765625,6335.0,6030.009765625,6335.0,4744.388671875,120
2019-11-20,NESTLE,6369.990234375,6385.0,6100.0,6225.0,4662.00732421875,300
2019-11-21,NESTLE,6250.0,6390.0,6200.0,6321.990234375,4734.6455078125,1240
2019-11-22,NESTLE,6200.0,6398.0,6200.0,6398.0,4791.5703125,100
2019-11-25,NESTLE,6101.2001953125,6389.97998046875,6101.2001953125,6389.97998046875,4785.564453125,60
2019-11-26,NESTLE,6200.0,6397.0,6162.0,6397.0,4790.82177734375,80
2019-11-27,NESTLE,6399.97998046875,6399.97998046875,6397.9501953125,6397.9501953125,4791.5322265625,40
2019-11-28,NESTLE,6397.9501953125,6300.0,6300.0,6397.9501953125,4791.5322265625,1160
2019-11-29,NESTLE,6397.9501953125,6717.0,6717.0,6397.9501953125,4791.5322265625,20
2019-12-02,NESTLE,6492.0,6492.0,6485.0,6490.0,4860.47021484375,120
2019-12-03,NESTLE,6498.0,6814.5,6498.0,6814.5,5103.49365234375,1440
2019-12-04,NESTLE,7130.0,7130.0,6601.009765625,6750.0,5055.18896484375,100
2019-12-05,NESTLE,6900.0,6900.0,6900.0,6900.0,5167.52587890625,20
2019-12-06,NESTLE,7000.0,7245.0,7000.0,7245.0,5425.90283203125,280
2019-12-09,NESTLE,7400.0,7607.25,7400.0,7607.25,5697.19775390625,320
2019-12-10,NESTLE,7986.0,7987.60986328125,7986.0,7987.60986328125,5982.0556640625,140
2019-12-11,NESTLE,8386.990234375,8386.990234375,7950.0,7950.0,5953.8896484375,180
2019-12-12,NESTLE,8300.0,8300.0,7725.0,8080.0,6051.24853515625,120
2019-12-13,NESTLE,8100.0,8100.0,8100.0,8100.0,6066.22607421875,120
2019-12-16,NESTLE,8480.0,8480.0,8480.0,8480.0,6350.81591796875,40
2019-12-17,NESTLE,8800.0,8800.0,8056.0,8200.0,6141.11767578125,340
2019-12-18,NESTLE,7815.009765625,8125.0,7790.0,7860.0,5886.4873046875,240
2019-12-19,NESTLE,7481.5,7481.5,7475.02001953125,7475.02001953125,5598.16943359375,60
2019-12-20,NESTLE,7800.0,7800.0,7800.0,7800.0,5841.5517578125,40
2019-12-23,NESTLE,7750.0,7999.990234375,7750.0,7975.0,5972.61279296875,60
2019-12-24,NESTLE,7580.009765625,7998.990234375,7580.009765625,7998.990234375,5990.5791015625,40
2019-12-25,NESTLE,7998.990234375,7998.990234375,7998.990234375,7998.990234375,5990.5791015625,0
2019-12-26,NESTLE,7980.0,8000.0,7949.0,7983.5,5978.9775390625,120
2019-12-27,NESTLE,7983.5,7983.5,7983.5,7983.5,5978.9775390625,0
2019-12-30,NESTLE,8299.990234375,8300.0,8100.0,8100.0,6066.22607421875,60
2019-12-31,NESTLE,7852.0,8200.0,7750.0,8050.0,6028.78125,320
2020-01-01,NESTLE,8050.0,8050.0,8050.0,8050.0,6028.78125,0
2020-01-02,NESTLE,8100.0,8250.0,8100.0,8250.0,6178.56494140625,40
2020-01-03,NESTLE,7840.2001953125,8274.0,7840.0,8175.0,6122.3955078125,80
2020-01-06,NESTLE,8175.0,8175.0,8175.0,8175.0,6122.3955078125,0
2020-01-07,NESTLE,8000.0,8099.89990234375,8000.0,8000.0,5991.3349609375,660
2020-01-08,NESTLE,8010.0,8020.0,7950.0,8001.0,5992.083984375,660
2020-01-09,NESTLE,8001.0,8001.0,8001.0,8001.0,5992.083984375,0
2020-01-10,NESTLE,8001.0,8001.0,8001.0,8001.0,5992.083984375,0
2020-01-13,NESTLE,7990.0,8100.0,7990.0,8075.0,6047.50439453125,1460
2020-01-14,NESTLE,8000.0,8000.0,8000.0,8000.0,5991.3349609375,100
2020-01-15,NESTLE,8000.0,8000.0,8000.0,8000.0,5991.3349609375,0
2020-01-16,NESTLE,8000.0,8000.0,8000.0,8000.0,5991.3349609375,0
2020-01-17,NESTLE,8000.0,8000.0,8000.0,8000.0,5991.3349609375,0
2020-01-20,NESTLE,8000.0,8000.0,8000.0,8000.0,5991.3349609375,0
2020-01-21,NESTLE,8000.0,8000.0,8000.0,8000.0,5991.3349609375,0
2020-01-22,NESTLE,8000.0,8000.0,8000.0,8000.0,5991.3349609375,0
2020-01-23,NESTLE,8000.0,8000.0,7980.0,8000.0,5991.3349609375,520
2020-01-24,NESTLE,8000.0,8000.0,8000.0,8000.0,5991.3349609375,0
2020-01-27,NESTLE,8000.0,8000.0,8000.0,8000.0,5991.3349609375,0
2020-01-28,NESTLE,7560.16015625,7988.97998046875,7560.16015625,7988.97998046875,5983.0830078125,40
2020-01-29,NESTLE,7988.97998046875,7988.97998046875,7988.97998046875,7988.97998046875,5983.0830078125,0
2020-01-30,NESTLE,7988.97998046875,7988.97998046875,7988.97998046875,7988.97998046875,5983.0830078125,0
2020-01-31,NESTLE,7988.97998046875,7988.97998046875,7988.97998046875,7988.97998046875,5983.0830078125,0
2020-02-03,NESTLE,7988.97998046875,7988.97998046875,7988.97998046875,7988.97998046875,5983.0830078125,0
2020-02-04,NESTLE,7988.97998046875,7988.97998046875,7988.97998046875,7988.97998046875,5983.0830078125,0
2020-02-05,NESTLE,7988.97998046875,7988.97998046875,7988.97998046875,7988.97998046875,5983.0830078125,0
2020-02-06,NESTLE,7988.97998046875,7988.97998046875,7988.97998046875,7988.97998046875,5983.0830078125,0
2020-02-07,NESTLE,7950.0,7473.0,7473.0,7950.0,5953.8896484375,1440
2020-02-10,NESTLE,7473.0,7473.0,7473.0,7473.0,5596.65625,5800
2020-02-11,NESTLE,7473.0,7473.0,7473.0,7473.0,5596.65625,0
2020-02-12,NESTLE,7400.0,7400.0,7400.0,7400.0,5541.984375,20
2020-02-13,NESTLE,7425.0,7425.0,7425.0,7425.0,5560.70849609375,20
2020-02-14,NESTLE,7425.0,7425.0,7425.0,7425.0,5560.70849609375,0
2020-02-17,NESTLE,7425.0,7425.0,7425.0,7425.0,5560.70849609375,0
2020-02-18,NESTLE,7425.0,7425.0,7425.0,7425.0,5560.70849609375,0
2020-02-19,NESTLE,7425.0,7425.0,7425.0,7425.0,5560.70849609375,0
2020-02-20,NESTLE,7425.0,7425.0,7425.0,7425.0,5560.70849609375,0
2020-02-21,NESTLE,7425.0,7425.0,7425.0,7425.0,5560.70849609375,0
2020-02-24,NESTLE,7800.0,7800.0,7800.0,7800.0,5841.5517578125,5000
2020-02-25,NESTLE,7300.0,7800.0,7300.0,7800.0,5841.5517578125,160
2020-02-26,NESTLE,7800.0,7800.0,7800.0,7800.0,5841.5517578125,0
2020-02-27,NESTLE,7940.0,7940.0,7500.0,7554.5498046875,5657.72998046875,300
2020-02-28,NESTLE,7554.5498046875,7554.5498046875,7554.5498046875,7554.5498046875,5657.72998046875,0
2020-03-02,NESTLE,7554.5498046875,7554.5498046875,7554.5498046875,7554.5498046875,5657.72998046875,0
2020-03-03,NESTLE,7554.5498046875,7554.5498046875,7554.5498046875,7554.5498046875,5657.72998046875,0
2020-03-04,NESTLE,7554.5498046875,7554.5498046875,7554.5498046875,7554.5498046875,5657.72998046875,0
2020-03-05,NESTLE,7554.5498046875,7600.0,7554.5498046875,7600.0,5691.76806640625,2460
2020-03-06,NESTLE,7700.0,7700.0,7700.0,7700.0,5766.66162109375,20
2020-03-09,NESTLE,7550.009765625,7550.009765625,7200.0,7203.5,5394.82275390625,100
2020-03-10,NESTLE,7203.5,7203.5,7203.5,7203.5,5394.82275390625,0
2020-03-11,NESTLE,7203.5,7203.5,7203.5,7203.5,5394.82275390625,0
2020-03-12,NESTLE,7203.5,7203.5,7203.5,7203.5,5394.82275390625,0
2020-03-13,NESTLE,7203.5,7203.5,7203.5,7203.5,5394.82275390625,0
2020-03-16,NESTLE,7203.5,7203.5,7203.5,7203.5,5394.82275390625,20
2020-03-17,NESTLE,7203.5,7203.5,7203.5,7203.5,5394.82275390625,0
2020-03-18,NESTLE,7203.5,7203.5,7203.5,7203.5,5394.82275390625,0
2020-03-19,NESTLE,6700.0,6700.0,6700.0,6700.0,5017.7431640625,20
2020-03-20,NESTLE,6700.0,6700.0,6700.0,6700.0,5017.7431640625,0
2020-03-23,NESTLE,6700.0,6700.0,6700.0,6700.0,5017.7431640625,0
2020-03-24,NESTLE,6700.0,6700.0,6700.0,6700.0,5017.7431640625,0
2020-03-25,NESTLE,6700.0,6700.0,6700.0,6700.0,5017.7431640625,0
2020-03-26,NESTLE,6700.0,6700.0,6700.0,6700.0,5017.7431640625,0
2020-03-27,NESTLE,6700.0,6700.0,6700.0,6700.0,5017.7431640625,0
2020-03-30,NESTLE,6700.0,6700.0,6700.0,6700.0,5017.7431640625,0
2020-03-31,NESTLE,6700.0,6700.0,6700.0,6700.0,5017.7431640625,20
2020-04-01,NESTLE,6700.0,6700.0,6600.0,6600.0,4942.85205078125,140
2020-04-02,NESTLE,6590.0,6590.0,6590.0,6590.0,4935.36279296875,20
2020-04-03,NESTLE,6590.0,6590.0,6590.0,6590.0,4935.36279296875,0
2020-04-06,NESTLE,6590.0,6590.0,6590.0,6590.0,4935.36279296875,0
2020-04-07,NESTLE,6590.0,6590.0,6590.0,6590.0,4935.36279296875,0
2020-04-08,NESTLE,6590.0,6590.0,6590.0,6590.0,4935.36279296875,20
2020-04-09,NESTLE,6590.0,6590.0,6590.0,6590.0,4935.36279296875,0
2020-04-10,NESTLE,6590.0,6590.0,6590.0,6590.0,4935.36279296875,0
2020-04-13,NESTLE,6590.0,6590.0,6100.0,6163.5,4615.94970703125,140
2020-04-14,NESTLE,5810.0,6025.0,5800.0,5810.0,4351.20751953125,380
2020-04-15,NESTLE,5451.0,5809.0,5451.0,5560.02001953125,4163.99267578125,820
2020-04-16,NESTLE,5550.0,5640.0,5550.0,5600.0,4193.93505859375,320
2020-04-17,NESTLE,5700.0,5790.0,5500.0,5620.0,4208.9130859375,1360
2020-04-20,NESTLE,5600.0,5749.0,5575.0,5699.8798828125,4268.7373046875,2080
2020-04-21,NESTLE,5800.0,5800.0,5600.0,5613.240234375,4203.85107421875,380
2020-04-22,NESTLE,5650.0,5650.0,5600.7998046875,5629.2998046875,4215.876953125,760
2020-04-23,NESTLE,5658.0,5680.0,5658.0,5680.0,4253.84814453125,60
2020-04-24,NESTLE,5680.0,5680.0,5680.0,5680.0,4253.84814453125,0
2020-04-27,NESTLE,5500.0,5548.0,5380.009765625,5548.0,4185.94384765625,140
2020-04-28,NESTLE,5700.0,5780.0,5700.0,5780.0,4360.9853515625,40
2020-04-29,NESTLE,5700.0,5700.0,5680.0,5699.669921875,4300.37841796875,140
2020-04-30,NESTLE,5700.0,5800.0,5680.0,5700.0,4300.626953125,1180
2020-05-01,NESTLE,5700.0,5700.0,5700.0,5700.0,4300.626953125,0
2020-05-04,NESTLE,5650.0,5750.0,5650.0,5700.0,4300.626953125,560
2020-05-05,NESTLE,5700.0,5850.0,5700.0,5829.1298828125,4398.05419921875,760
2020-05-06,NESTLE,5800.0,5995.0,5800.0,5915.10986328125,4462.92724609375,1260
2020-05-07,NESTLE,5900.0,5900.0,5800.0,5837.5,4404.3701171875,320
2020-05-08,NESTLE,5850.0,6160.0,5850.0,6100.0,4602.42529296875,2400
2020-05-11,NESTLE,6100.0,6100.0,6100.0,6100.0,4602.42529296875,0
2020-05-12,NESTLE,6100.0,6100.0,6100.0,6100.0,4602.42529296875,0
2020-05-13,NESTLE,6100.0,6100.0,6060.0,6087.2900390625,4592.8349609375,160
2020-05-14,NESTLE,6210.0,6350.0,6210.0,6347.5,4789.1630859375,180
2020-05-15,NESTLE,6490.0,6775.0,6465.0,6690.0,5047.578125,240
2020-05-18,NESTLE,6790.0,6999.990234375,6790.0,6933.75,5231.486328125,460
2020-05-19,NESTLE,7195.0,7195.0,6950.0,7050.0,5319.1953125,260
2020-05-20,NESTLE,7050.0,7050.0,7050.0,7050.0,5319.1953125,0
2020-05-21,NESTLE,7500.0,7500.0,7020.0,7130.0,5379.5556640625,100
2020-05-22,NESTLE,7130.0,7130.0,7130.0,7130.0,5379.5556640625,0
2020-05-25,NESTLE,7130.0,7130.0,7130.0,7130.0,5379.5556640625,0
2020-05-26,NESTLE,7130.0,7130.0,7130.0,7130.0,5379.5556640625,0
2020-05-27,NESTLE,7130.0,7130.0,7130.0,7130.0,5379.5556640625,0
2020-05-28,NESTLE,7130.0,6600.0,6600.0,7130.0,5379.5556640625,20
2020-05-29,NESTLE,6752.02978515625,6999.990234375,6752.02978515625,6873.330078125,5185.8994140625,80
2020-06-01,NESTLE,6800.009765625,6800.009765625,6750.0,6753.330078125,5095.3603515625,140
2020-06-02,NESTLE,6753.330078125,6999.0,6999.0,6753.330078125,5095.3603515625,20
2020-06-03,NESTLE,6800.0,6800.0,6800.0,6800.0,5130.5732421875,100
2020-06-04,NESTLE,6600.0,6600.0,6600.0,6600.0,4979.67333984375,20
2020-06-05,NESTLE,6600.0,6600.0,6600.0,6600.0,4979.67333984375,0
2020-06-08,NESTLE,6600.0,6600.0,6580.0,6580.0,4964.58349609375,100
2020-06-09,NESTLE,6690.0,6690.0,6690.0,6690.0,5047.578125,20
2020-06-10,NESTLE,6650.0,6650.0,6650.0,6650.0,5017.39794921875,40
2020-06-11,NESTLE,6630.0,6630.0,6405.0,6475.0,4885.36083984375,2420
2020-06-12,NESTLE,6500.0,6600.0,6455.0498046875,6535.0,4930.6318359375,280
2020-06-15,NESTLE,6535.0,6535.0,6535.0,6535.0,4930.6318359375,0
2020-06-16,NESTLE,6400.0,6401.0,6400.0,6401.0,4829.52734375,60
2020-06-17,NESTLE,6500.0,6547.990234375,6450.0,6500.0,4904.22314453125,4120
2020-06-18,NESTLE,6500.0,6500.0,6500.0,6500.0,4904.22314453125,20
2020-06-19,NESTLE,6500.0,6500.0,6500.0,6500.0,4904.22314453125,0
2020-06-22,NESTLE,6400.0,6450.0,6201.0,6448.259765625,4865.1865234375,240
2020-06-23,NESTLE,6450.0,6450.0,6450.0,6450.0,4866.49951171875,60
2020-06-24,NESTLE,6475.0,6850.0,6475.0,6850.0,5168.296875,180
2020-06-25,NESTLE,6565.0,6565.0,6500.0,6500.0,4904.22314453125,60
2020-06-26,NESTLE,6500.0,6500.0,6500.0,6500.0,4904.22314453125,0
2020-06-29,NESTLE,6500.0,6500.0,6500.0,6500.0,4904.22314453125,0
2020-06-30,NESTLE,6500.0,6735.0,6400.0,6735.0,5081.52978515625,100
2020-07-01,NESTLE,6500.0,6735.0,6500.0,6696.25,5052.29345703125,120
2020-07-02,NESTLE,6890.0,6890.0,6890.0,6890.0,5198.47705078125,20
2020-07-03,NESTLE,6890.0,6890.0,6890.0,6890.0,5198.47705078125,0
2020-07-06,NESTLE,6845.0,6845.0,6750.0,6845.0,5164.5244140625,40
2020-07-07,NESTLE,6500.0,6800.0,6500.0,6750.0,5092.84716796875,440
2020-07-08,NESTLE,6871.0,6874.0,6600.259765625,6700.0,5055.123046875,100
2020-07-09,NESTLE,6850.0,6895.0,6800.0,6800.83984375,5131.2060546875,260
2020-07-10,NESTLE,6800.83984375,6800.83984375,6800.83984375,6800.83984375,5131.2060546875,0
2020-07-13,NESTLE,6700.0,6800.0,6700.0,6800.0,5130.5732421875,100
2020-07-14,NESTLE,6800.0,6800.0,6800.0,6800.0,5130.5732421875,20
2020-07-15,NESTLE,6800.0,6800.0,6750.0,6800.0,5130.5732421875,80
2020-07-16,NESTLE,6800.0,6900.0,6800.0,6900.0,5206.021484375,80
2020-07-17,NESTLE,6900.0,6900.0,6900.0,6900.0,5206.021484375,0
2020-07-20,NESTLE,6755.0,6755.0,6750.0,6750.0,5092.84716796875,40
2020-07-21,NESTLE,6845.0,6845.0,6800.0,6800.0,5130.5732421875,140
2020-07-22,NESTLE,6800.0,6800.0,6800.0,6800.0,5130.5732421875,0
2020-07-23,NESTLE,6900.0,6900.0,6700.0,6718.330078125,5068.9521484375,120
2020-07-24,NESTLE,6718.330078125,6718.330078125,6718.330078125,6718.330078125,5068.9521484375,0
2020-07-27,NESTLE,6718.330078125,6718.330078125,6718.330078125,6718.330078125,5068.9521484375,0
2020-07-28,NESTLE,6700.009765625,6771.02978515625,6500.0,6577.1201171875,4962.41015625,340
2020-07-29,NESTLE,6600.0,6697.990234375,6499.990234375,6500.0,4904.22314453125,480
2020-07-30,NESTLE,6500.0,6500.009765625,6450.0,6466.669921875,4879.07568359375,460
2020-07-31,NESTLE,6466.669921875,6466.669921875,6466.669921875,6466.669921875,4879.07568359375,0
2020-08-03,NESTLE,6490.0,6600.0,6490.0,6490.0,4896.6787109375,780
2020-08-04,NESTLE,6500.0,6520.0,6450.0,6450.0,4866.49951171875,700
2020-08-05,NESTLE,6560.0,6560.0,6400.0,6410.0,4836.318359375,220
2020-08-06,NESTLE,6550.0,6550.0,6400.0,6425.0,4847.63623046875,160
2020-08-07,NESTLE,6500.0,6500.0,6400.0,6443.330078125,4861.46630859375,340
2020-08-10,NESTLE,6500.0,6500.0,6290.0,6343.14990234375,4848.33447265625,180
2020-08-11,NESTLE,6500.0,6500.0,6301.0,6302.75,4817.45556640625,160
2020-08-12,NESTLE,6464.990234375,6464.990234375,6300.0,6307.2001953125,4820.85693359375,460
2020-08-13,NESTLE,6300.0,6300.0,6299.93994140625,6300.0,4815.35302734375,100
2020-08-14,NESTLE,6300.0,6300.0,6300.0,6300.0,4815.35302734375,0
2020-08-17,NESTLE,6300.0,6300.0,6300.0,6300.0,4815.35302734375,0
2020-08-18,NESTLE,6300.0,6396.0,6300.0,6310.0,4822.99755859375,300
2020-08-19,NESTLE,6350.0,6350.0,6290.0,6290.0,4807.7099609375,360
2020-08-20,NESTLE,6200.0,6250.0,6190.0,6210.0,4746.5615234375,200
2020-08-21,NESTLE,6161.0,6400.0,6150.0,6150.009765625,4700.7099609375,100
2020-08-24,NESTLE,6050.0,6289.990234375,6050.0,6100.0,4662.48486328125,120
2020-08-25,NESTLE,6198.990234375,6290.0,6198.990234375,6226.669921875,4759.3046875,280
2020-08-26,NESTLE,6215.0,6215.0,6000.0,6006.0,4590.63671875,2160
2020-08-27,NESTLE,6149.990234375,6150.0,6070.0,6070.0,4639.5546875,280
2020-08-28,NESTLE,6070.0,6070.0,6000.0,6000.0,4586.05029296875,440
2020-08-31,NESTLE,6050.0,6072.0,6010.0498046875,6068.330078125,4638.2783203125,580
2020-09-01,NESTLE,6000.0,6159.0,6000.0,6144.5,4696.4990234375,640
2020-09-02,NESTLE,6200.0,6400.0,6200.0,6310.0,4822.99755859375,480
2020-09-03,NESTLE,6440.0,6455.0,6375.0,6375.0,4872.67822265625,680
2020-09-04,NESTLE,6300.0,6380.0,6250.0,6310.0,4822.99755859375,380
2020-09-07,NESTLE,6300.0,6499.0,6300.0,6499.0,4967.45703125,620
2020-09-08,NESTLE,6500.0,6547.990234375,6400.0,6498.2998046875,4966.921875,1920
2020-09-09,NESTLE,6499.990234375,6595.0,6499.990234375,6582.0,5030.89794921875,960
2020-09-10,NESTLE,6700.0,6997.0,6650.0,6976.0,5332.048828125,560
2020-09-11,NESTLE,6650.009765625,6650.009765625,6650.009765625,6650.009765625,5082.88134765625,20
2020-09-14,NESTLE,6660.0,6900.0,6660.0,6787.0,5187.587890625,220
2020-09-15,NESTLE,6898.02978515625,7010.0,6898.02978515625,7000.0,5350.392578125,1120
2020-09-16,NESTLE,7000.0,7000.0,7000.0,7000.0,5350.392578125,0
2020-09-17,NESTLE,7000.0,7000.0,6881.009765625,6881.009765625,5259.443359375,340
2020-09-18,NESTLE,6781.0,7000.0,6781.0,6993.330078125,5345.29541015625,1020
2020-09-21,NESTLE,6925.0,6950.0,6900.0,6900.0,5273.95849609375,100
2020-09-22,NESTLE,6920.0,6920.0,6920.0,6920.0,5289.2451171875,880
2020-09-23,NESTLE,6781.009765625,6890.0,6781.0,6890.0,5266.31494140625,140
2020-09-24,NESTLE,6800.02978515625,6800.02978515625,6611.25,6611.25,5053.25390625,280
2020-09-25,NESTLE,6790.0,6790.0,6790.0,6790.0,5189.88134765625,280
2020-09-28,NESTLE,6790.0,6790.0,6790.0,6790.0,5189.88134765625,0
2020-09-29,NESTLE,6799.990234375,6799.990234375,6700.0,6700.0,5121.09033203125,40
2020-09-30,NESTLE,6700.0,6700.0,6600.0,6600.0,5044.6552734375,120
2020-10-01,NESTLE,6700.0,6700.0,6700.0,6700.0,5121.09033203125,180
2020-10-02,NESTLE,6800.0,6800.0,6600.009765625,6690.009765625,5113.45361328125,80
2020-10-05,NESTLE,6899.0,6899.0,6600.0,6600.0,5044.6552734375,160
2020-10-06,NESTLE,6410.0,6535.0,6410.0,6517.5,4981.59716796875,80
2020-10-07,NESTLE,6517.5,6517.5,6517.5,6517.5,4981.59716796875,0
2020-10-08,NESTLE,6600.0,6600.0,6600.0,6600.0,5044.6552734375,320
2020-10-09,NESTLE,6600.0,6600.0,6500.009765625,6510.0,4975.865234375,160
2020-10-12,NESTLE,6599.990234375,6600.0,6482.0,6497.75,4966.50146484375,220
2020-10-13,NESTLE,6250.0,6415.5,6250.0,6400.0,4891.78759765625,160
2020-10-14,NESTLE,6400.0,6400.0,6400.0,6400.0,4891.78759765625,200
2020-10-15,NESTLE,6599.0,6600.0,6599.0,6600.0,5044.6552734375,60
2020-10-16,NESTLE,6500.0,6500.0,6425.0,6425.0,4910.8955078125,180
2020-10-19,NESTLE,6425.0,6425.0,6425.0,6425.0,4910.8955078125,0
2020-10-20,NESTLE,6400.0,6400.0,6400.0,6400.0,4891.78759765625,140
2020-10-21,NESTLE,6450.0,6500.0,6401.0,6450.0,4930.0048828125,300
2020-10-22,NESTLE,6450.0,6450.0,6400.0,6450.0,4930.0048828125,400
2020-10-23,NESTLE,6500.0,6610.0,6500.0,6500.0,4968.22314453125,300
2020-10-26,NESTLE,6500.0,6525.0,6400.009765625,6425.31005859375,4911.13330078125,120
2020-10-27,NESTLE,6450.0,6450.0,6410.0,6440.0,4922.36083984375,280
2020-10-28,NESTLE,6549.990234375,6550.0,6453.81005859375,6463.81005859375,4940.5595703125,860
2020-10-29,NESTLE,6450.0,6450.0,6350.0,6399.7998046875,4891.634765625,820
2020-10-30,NESTLE,6399.7998046875,6399.7998046875,6399.7998046875,6399.7998046875,4891.634765625,0
2020-11-02,NESTLE,6250.009765625,6350.990234375,6250.009765625,6300.0,4815.35302734375,660
2020-11-03,NESTLE,6350.0,6400.0,6300.0,6338.8701171875,4845.0634765625,1720
2020-11-04,NESTLE,6350.0498046875,6498.97021484375,6251.0,6261.31005859375,4785.78125,5620
2020-11-05,NESTLE,6250.0,6350.0,6250.0,6350.0,4892.640625,820
2020-11-06,NESTLE,6300.0,6348.89013671875,6285.1201171875,6299.990234375,4854.109375,420
2020-11-09,NESTLE,6300.0,6319.990234375,6200.0,6233.81005859375,4803.1171875,1200
2020-11-10,NESTLE,6220.2998046875,6349.990234375,6220.0,6300.0,4854.1162109375,480
2020-11-11,NESTLE,6300.009765625,6333.1201171875,6300.009765625,6333.1201171875,4879.634765625,100
2020-11-12,NESTLE,6329.89013671875,6335.1201171875,6329.89013671875,6330.0,4877.23193359375,240
2020-11-13,NESTLE,6337.1201171875,6400.0,6337.1201171875,6400.0,4931.1650390625,480
2020-11-16,NESTLE,6400.0,6415.0,6400.0,6400.009765625,4931.1728515625,140
2020-11-17,NESTLE,6489.0,6489.0,6489.0,6489.0,4999.740234375,20
2020-11-18,NESTLE,6400.009765625,6469.990234375,6400.0,6469.990234375,4985.09326171875,120
2020-11-19,NESTLE,6450.0,6550.0,6450.0,6522.25,5025.359375,360
2020-11-20,NESTLE,6505.0,6505.0,6500.0,6500.0,5008.2158203125,700
2020-11-23,NESTLE,6400.0,6550.0,6400.0,6550.0,5046.74072265625,440
2020-11-24,NESTLE,6515.0,6515.0,6500.0,6500.0,5008.2158203125,180
2020-11-25,NESTLE,6500.0,6505.0,6500.0,6503.0,5010.52685546875,100
2020-11-26,NESTLE,6650.0,6650.0,6500.0,6500.669921875,5008.73095703125,80
2020-11-27,NESTLE,6500.0,6549.990234375,6500.0,6530.0,5031.3291015625,2200
2020-11-30,NESTLE,6589.990234375,6589.990234375,6589.990234375,6589.990234375,5077.55224609375,20
2020-12-01,NESTLE,6789.0,6789.0,6500.0,6500.0,5008.2158203125,380
2020-12-02,NESTLE,6549.0,6550.0,6549.0,6550.0,5046.74072265625,40
2020-12-03,NESTLE,6999.990234375,6999.990234375,6550.0,6560.25,5054.6376953125,220
2020-12-04,NESTLE,6650.0,6650.0,6550.10009765625,6585.0498046875,5073.7451171875,160
2020-12-07,NESTLE,6749.0,6750.0,6725.0,6750.0,5200.8388671875,60
2020-12-08,NESTLE,6510.009765625,6635.0,6510.009765625,6600.0,5085.263671875,200
2020-12-09,NESTLE,6749.990234375,6750.0,6749.990234375,6750.0,5200.8388671875,100
2020-12-10,NESTLE,6800.0,6800.0,6725.0,6725.0,5181.57568359375,60
2020-12-11,NESTLE,6819.9501953125,6819.9501953125,6819.0,6819.47998046875,5254.3720703125,40
2020-12-14,NESTLE,6819.47998046875,6700.0,6700.0,6819.47998046875,5254.3720703125,100
2020-12-15,NESTLE,6930.0,6930.0,6930.0,6930.0,5339.52880859375,60
2020-12-16,NESTLE,6930.0,6930.0,6930.0,6930.0,5339.52880859375,0
2020-12-17,NESTLE,6890.0,6900.0,6890.0,6900.0,5316.41357421875,140
2020-12-18,NESTLE,6900.0,6900.0,6900.0,6900.0,5316.41357421875,0
2020-12-21,NESTLE,6900.0,6900.0,6735.0,6735.0,5189.28271484375,60
2020-12-22,NESTLE,6800.0,6800.0,6700.0,6700.0,5162.314453125,60
2020-12-23,NESTLE,6700.0,6700.0,6625.0,6637.5,5114.15673828125,140
2020-12-24,NESTLE,6650.0,6650.0,6600.0,6600.0,5085.263671875,220
2020-12-25,NESTLE,6600.0,6600.0,6600.0,6600.0,5085.263671875,0
2020-12-28,NESTLE,6600.0,6600.0,6600.0,6600.0,5085.263671875,0
2020-12-29,NESTLE,6600.0,6750.0,6600.0,6619.0,5099.904296875,100
2020-12-30,NESTLE,6699.0,6845.0,6699.0,6845.0,5274.03564453125,80
2020-12-31,NESTLE,6665.009765625,6665.009765625,6665.009765625,6665.009765625,5135.353515625,20
2021-01-01,NESTLE,6670.0,6674.990234375,6503.10986328125,6627.5,5106.453125,140
2021-01-04,NESTLE,6750.0,6750.0,6700.0,6700.0,5162.314453125,80
2021-01-05,NESTLE,6700.0,6700.0,6700.0,6700.0,5162.314453125,0
2021-01-06,NESTLE,6700.0,6700.0,6700.0,6700.0,5162.314453125,0
2021-01-07,NESTLE,6700.0,6700.0,6700.0,6700.0,5162.314453125,0
2021-01-08,NESTLE,6800.0,6838.0,6702.10986328125,6807.08984375,5244.8271484375,360
2021-01-11,NESTLE,6800.0,6800.0,6700.0,6770.0,5216.248046875,640
2021-01-12,NESTLE,6683.0,6683.0,6631.5,6660.39990234375,5131.8017578125,100
2021-01-13,NESTLE,6797.0,6800.0,6685.0,6735.0,5189.28271484375,580
2021-01-14,NESTLE,6700.0,6700.0,6605.0,6630.6298828125,5108.8642578125,160
2021-01-15,NESTLE,6581.0,6613.81005859375,6581.0,6613.81005859375,5095.90478515625,40
2021-01-18,NESTLE,6879.990234375,6879.990234375,6455.009765625,6455.009765625,4973.55029296875,60
2021-01-19,NESTLE,6610.0,6610.0,6600.009765625,6600.009765625,5085.27197265625,40
2021-01-20,NESTLE,6600.0,6600.0,6600.0,6600.0,5085.263671875,20
2021-01-21,NESTLE,6600.0,6600.0,6600.0,6600.0,5085.263671875,0
2021-01-22,NESTLE,6620.0,6620.0,6575.0,6575.0,5066.0029296875,80
2021-01-25,NESTLE,6502.0,6523.990234375,6400.0,6420.0,4946.57568359375,520
2021-01-26,NESTLE,6413.81005859375,6470.0,6400.0,6470.0,4985.10009765625,220
2021-01-27,NESTLE,6519.4501953125,6520.0,6500.0,6500.0,5008.2158203125,60
2021-01-28,NESTLE,6500.0,6500.0,6500.0,6500.0,5008.2158203125,0
2021-01-29,NESTLE,6979.0,6987.5,6450.0,6470.0,4985.10009765625,360
2021-02-01,NESTLE,6500.0,6500.0,6475.0,6475.169921875,4989.08349609375,160
2021-02-02,NESTLE,6500.0,6500.0,6475.169921875,6479.43017578125,4992.3662109375,300
2021-02-03,NESTLE,6475.0,6494.89990234375,6465.0,6472.0,4986.64111328125,120
2021-02-04,NESTLE,6000.009765625,6488.31005859375,6000.009765625,6475.0,4988.95361328125,220
2021-02-05,NESTLE,6475.0,6475.0,6475.0,6475.0,4988.95361328125,0
2021-02-08,NESTLE,6500.0,6500.0,6400.0400390625,6440.830078125,4962.62548828125,460
2021-02-09,NESTLE,6410.0,6410.0,6294.990234375,6298.330078125,4852.82958984375,1500
2021-02-10,NESTLE,6300.0,6300.0,6298.990234375,6300.0,4854.1162109375,280
2021-02-11,NESTLE,6300.0,6300.0,6220.0,6220.0,4792.4765625,140
2021-02-12,NESTLE,6250.0,6250.0,6200.009765625,6204.25,4780.341796875,240
2021-02-15,NESTLE,6220.0,6249.990234375,6200.0,6201.0,4777.8369140625,220
2021-02-16,NESTLE,6300.0,6300.0,6200.0,6209.93017578125,4784.7177734375,1020
2021-02-17,NESTLE,6111.06005859375,6200.0,6111.06005859375,6200.0,4777.06640625,340
2021-02-18,NESTLE,6200.0,6200.0,6121.5498046875,6121.5498046875,4716.6220703125,180
2021-02-19,NESTLE,6198.990234375,6200.0,6198.990234375,6200.0,4777.06640625,160
2021-02-22,NESTLE,6120.06005859375,6120.06005859375,6120.06005859375,6120.06005859375,4715.4736328125,20
2021-02-23,NESTLE,6120.0,6149.0,6120.0,6133.75,4726.0205078125,400
2021-02-24,NESTLE,6150.0,6150.0,6150.0,6150.0,4738.54248046875,20
2021-02-25,NESTLE,6194.990234375,6250.0,6194.0,6204.6201171875,4780.626953125,880
2021-02-26,NESTLE,6110.009765625,6199.0,6100.0,6126.669921875,4720.56591796875,520
2021-03-01,NESTLE,6103.81005859375,6103.81005859375,6101.0,6101.0,4700.7880859375,60
2021-03-02,NESTLE,6100.0,6101.0,6100.0,6101.0,4700.7880859375,140
2021-03-03,NESTLE,6080.0,6089.990234375,6080.0,6084.0,4687.689453125,160
2021-03-04,NESTLE,6099.0,6100.0,6099.0,6100.0,4700.01708984375,100
2021-03-05,NESTLE,6070.0,6081.0,6070.0,6081.0,4685.37744140625,40
2021-03-08,NESTLE,6075.0,6100.0,6075.0,6090.0,4692.3115234375,60
2021-03-09,NESTLE,6015.009765625,6015.009765625,5925.0,5926.669921875,4566.4677734375,180
2021-03-10,NESTLE,5950.0,5950.0,5900.0,5948.0,4582.90234375,80
2021-03-11,NESTLE,5900.0,5900.0,5701.0,5710.5,4399.90966796875,120
2021-03-12,NESTLE,5750.0,5750.0,5700.0,5750.0,4430.34326171875,620
2021-03-15,NESTLE,6048.97021484375,6050.0,6000.0,6036.25,4650.8984375,220
2021-03-16,NESTLE,6000.0,6000.0,5900.0,5900.0,4545.91943359375,260
2021-03-17,NESTLE,5950.0,5950.0,5950.0,5950.0,4584.44287109375,60
2021-03-18,NESTLE,6000.0,6199.0,6000.0,6000.0,4622.9677734375,180
2021-03-19,NESTLE,6199.0,6199.0,5855.0,5855.0,4511.24609375,160
2021-03-22,NESTLE,5988.990234375,5988.990234375,5948.4501953125,5948.4501953125,4583.24853515625,60
2021-03-23,NESTLE,5948.4501953125,5948.4501953125,5948.4501953125,5948.4501953125,4583.24853515625,0
2021-03-24,NESTLE,5950.0,5950.0,5950.0,5950.0,4584.44287109375,60
2021-03-25,NESTLE,5950.0,6000.0,5950.0,5997.5,4621.0419921875,680
2021-03-26,NESTLE,5900.0,5940.0,5811.02978515625,5940.0,4576.73876953125,160
2021-03-29,NESTLE,5838.10009765625,5850.0,5838.10009765625,5847.5,4505.46728515625,100
2021-03-30,NESTLE,5950.0,5950.0,5849.990234375,5850.0,4507.39453125,620
2021-03-31,NESTLE,5850.0,5850.0,5849.89990234375,5849.89990234375,4507.31591796875,100
2021-04-01,NESTLE,5849.990234375,5850.0,5849.990234375,5850.0,4507.39453125,140
2021-04-02,NESTLE,5900.0,5900.0,5900.0,5900.0,4545.91943359375,20
2021-04-05,NESTLE,5760.009765625,5850.0,5760.009765625,5850.0,4507.39453125,140
2021-04-06,NESTLE,5850.0,5850.0,5850.0,5850.0,4507.39453125,140
2021-04-07,NESTLE,5850.0,5850.0,5810.0,5810.0,4476.57421875,100
2021-04-08,NESTLE,5850.0,5850.0,5800.0,5800.0,4468.86865234375,240
2021-04-09,NESTLE,5849.0,5849.0,5849.0,5849.0,4506.62353515625,20
2021-04-12,NESTLE,5849.0,5855.0,5820.0,5820.0,4484.279296875,500
2021-04-13,NESTLE,5850.0,5860.0,5850.0,5850.0,4507.39453125,720
2021-04-14,NESTLE,5850.0,5855.0,5810.0,5810.0,4476.57421875,700
2021-04-15,NESTLE,5849.89990234375,5855.0,5849.89990234375,5851.490234375,4508.5419921875,220
2021-04-16,NESTLE,5760.0,5835.0,5760.0,5766.81982421875,4490.111328125,220
2021-04-19,NESTLE,5750.0,5750.0,5710.0,5710.0,4445.87060546875,60
2021-04-20,NESTLE,5819.990234375,5819.990234375,5799.89013671875,5800.0,4515.94677734375,100
2021-04-21,NESTLE,5710.009765625,5726.009765625,5710.009765625,5726.009765625,4458.33740234375,40
2021-04-22,NESTLE,5710.0,5710.0,5707.0,5708.5,4444.703125,80
2021-04-23,NESTLE,5700.0,5710.0,5700.0,5710.0,4445.87060546875,60
2021-04-26,NESTLE,5798.990234375,5798.990234375,5700.0,5750.0,4477.01611328125,200
2021-04-27,NESTLE,5750.0,5900.0,5750.0,5840.5,4547.47998046875,480
2021-04-28,NESTLE,5900.0,5900.0,5755.0,5765.0,4488.69482421875,300
2021-04-29,NESTLE,5755.0,5755.0,5755.0,5755.0,4480.908203125,40
2021-04-30,NESTLE,5740.0,5740.0,5735.0,5738.5,4468.0615234375,60
2021-05-03,NESTLE,5725.0,5725.0,5725.0,5725.0,4457.55078125,20
2021-05-04,NESTLE,5699.990234375,5699.990234375,5600.0,5610.0,4368.009765625,500
2021-05-05,NESTLE,5600.02001953125,5640.0,5600.0,5600.0,4360.2236328125,160
2021-05-06,NESTLE,5600.0,5600.0,5600.0,5600.0,4360.2236328125,0
2021-05-07,NESTLE,5600.0,5600.0,5600.0,5600.0,4360.2236328125,0
2021-05-10,NESTLE,5600.0,5600.0,5600.0,5600.0,4360.2236328125,0
2021-05-11,NESTLE,5600.0,5600.0,5600.0,5600.0,4360.2236328125,0
2021-05-12,NESTLE,5600.0,5600.0,5600.0,5600.0,4360.2236328125,0
2021-05-13,NESTLE,5600.0,5600.0,5600.0,5600.0,4360.2236328125,0
2021-05-14,NESTLE,5600.0,5600.0,5600.0,5600.0,4360.2236328125,0
2021-05-17,NESTLE,5679.97998046875,5679.97998046875,5599.990234375,5600.0,4360.2236328125,580
2021-05-18,NESTLE,5595.0,5600.0,5595.0,5600.0,4360.2236328125,280
2021-05-19,NESTLE,5550.0,5551.0,5520.009765625,5550.0,4321.29345703125,200
2021-05-20,NESTLE,5600.0,5600.0,5550.0,5550.330078125,4321.55029296875,340
2021-05-21,NESTLE,5550.009765625,5800.0,5550.0,5798.0,4514.388671875,3020
2021-05-24,NESTLE,5898.0,5898.0,5750.0,5760.75,4485.38525390625,160
2021-05-25,NESTLE,5800.0,5800.0,5750.0,5750.0,4477.01611328125,140
2021-05-26,NESTLE,5700.0,5749.990234375,5650.0,5745.0,4473.12255859375,140
2021-05-27,NESTLE,5678.10009765625,5678.10009765625,5678.10009765625,5678.10009765625,4421.033203125,20
2021-05-28,NESTLE,5678.10009765625,5678.10009765625,5678.10009765625,5678.10009765625,4421.033203125,0
2021-05-31,NESTLE,5680.0,5750.0,5650.0,5682.5,4424.458984375,340
2021-06-01,NESTLE,5700.009765625,5720.0,5656.0,5700.0,4438.08544921875,660
2021-06-02,NESTLE,5700.0,5700.0,5500.0,5586.330078125,4349.58056640625,1020
2021-06-03,NESTLE,5600.0,5700.0,5600.0,5688.83984375,4429.3955078125,440
2021-06-04,NESTLE,5702.0,5978.0,5675.0,5715.31005859375,4450.00537109375,420
2021-06-07,NESTLE,5889.02978515625,5950.0,5690.0,5706.669921875,4443.27880859375,1180
2021-06-08,NESTLE,5700.0,5800.0,5700.0,5776.18994140625,4497.40673828125,480
2021-06-09,NESTLE,5750.0,5750.0,5715.1201171875,5715.1201171875,4449.85791015625,60
2021-06-10,NESTLE,5895.990234375,5895.990234375,5750.0,5800.0,4515.94677734375,260
2021-06-11,NESTLE,5750.0,5800.0,5750.0,5799.5,4515.556640625,180
2021-06-14,NESTLE,5801.0,5801.0,5780.0,5799.0,4515.16748046875,120
2021-06-15,NESTLE,5725.0,5790.0,5725.0,5730.009765625,4461.4501953125,80
2021-06-16,NESTLE,5799.990234375,5800.0,5725.0,5750.0,4477.01611328125,160
2021-06-17,NESTLE,5794.990234375,5795.0,5780.0,5780.0,4500.3740234375,100
2021-06-18,NESTLE,5750.0,5780.0,5750.0,5750.0,4477.01611328125,100
2021-06-21,NESTLE,5750.0,5750.0,5750.0,5750.0,4477.01611328125,40
2021-06-22,NESTLE,5750.0,5760.0,5740.0,5760.0,4484.8017578125,60
2021-06-23,NESTLE,5750.0,5750.0,5750.0,5750.0,4477.01611328125,120
2021-06-24,NESTLE,5750.0,5775.0,5750.0,5760.0,4484.8017578125,60
2021-06-25,NESTLE,5790.0,5890.0,5790.0,5815.0,4527.62548828125,340
2021-06-28,NESTLE,5799.0,5800.0,5789.0,5794.75,4511.857421875,260
2021-06-29,NESTLE,5800.0,5800.0,5800.0,5800.0,4515.94677734375,20
2021-06-30,NESTLE,5800.0,5800.0,5800.0,5800.0,4515.94677734375,0
2021-07-01,NESTLE,5898.0,5898.0,5895.0,5895.0,4589.91455078125,40
2021-07-02,NESTLE,5895.0,5895.0,5895.0,5895.0,4589.91455078125,0
2021-07-05,NESTLE,5895.0,5895.0,5895.0,5895.0,4589.91455078125,0
2021-07-06,NESTLE,5820.0,5820.0,5820.0,5820.0,4531.51806640625,20
2021-07-07,NESTLE,5820.0,5820.0,5820.0,5820.0,4531.51806640625,0
2021-07-08,NESTLE,5830.0,5990.0,5800.0,5990.0,4663.88330078125,200
2021-07-09,NESTLE,5700.009765625,6090.0,5700.009765625,6090.0,4741.7431640625,40
2021-07-12,NESTLE,5875.0,5875.0,5875.0,5875.0,4574.34228515625,20
2021-07-13,NESTLE,6225.0,6225.0,5815.0,5815.009765625,4527.6328125,140
2021-07-14,NESTLE,5815.009765625,5815.009765625,5815.009765625,5815.009765625,4527.6328125,0
2021-07-15,NESTLE,5815.009765625,5815.009765625,5815.009765625,5815.009765625,4527.6328125,0
2021-07-16,NESTLE,5820.0,5900.0,5820.0,5900.0,4593.8076171875,80
2021-07-19,NESTLE,5898.0,5898.0,5890.0,5890.0,4586.021484375,40
2021-07-20,NESTLE,5890.0,5890.0,5890.0,5890.0,4586.021484375,0
2021-07-21,NESTLE,5890.0,5890.0,5890.0,5890.0,4586.021484375,0
2021-07-22,NESTLE,5890.0,5890.0,5890.0,5890.0,4586.021484375,0
2021-07-23,NESTLE,5890.0,5890.0,5890.0,5890.0,4586.021484375,0
2021-07-26,NESTLE,5900.0,5975.0,5900.0,5945.830078125,4629.4912109375,480
2021-07-27,NESTLE,6000.0,6000.0,5960.0,5961.0,4641.302734375,140
2021-07-28,NESTLE,5750.009765625,6000.0,5750.009765625,5950.0,4632.73779296875,120
2021-07-29,NESTLE,6000.0,6090.0,5915.0,5927.0,4614.83056640625,300
2021-07-30,NESTLE,5900.0,5999.990234375,5900.0,5900.0,4593.8076171875,160
2021-08-02,NESTLE,5998.990234375,6000.0,5900.0,5910.0,4601.59228515625,160
2021-08-03,NESTLE,5999.0,5999.0,5787.0,5878.5400390625,4577.09912109375,300
2021-08-04,NESTLE,5999.990234375,6088.0,5999.0,6050.0,4710.59814453125,300
2021-08-05,NESTLE,6000.0,6249.990234375,5912.2001953125,5983.18017578125,4658.572265625,260
2021-08-06,NESTLE,6000.0,6000.0,5950.0,5955.0,4636.630859375,120
2021-08-09,NESTLE,6189.5,6189.5,6000.0,6000.0,4671.66796875,40
2021-08-10,NESTLE,5989.0,5989.0,5985.0,5985.0,4659.98974609375,40
2021-08-11,NESTLE,5850.0,5900.0,5850.0,5850.0,4644.11279296875,280
2021-08-12,NESTLE,5900.0,5900.0,5850.0,5850.0,4644.11279296875,60
2021-08-13,NESTLE,5980.0,5980.0,5850.0,5851.0,4644.9052734375,140
2021-08-16,NESTLE,5760.009765625,5760.009765625,5760.009765625,5760.009765625,4572.671875,20
2021-08-17,NESTLE,5760.0,5760.0,5760.0,5760.0,4572.6640625,40
2021-08-18,NESTLE,5760.0,5760.0,5760.0,5760.0,4572.6640625,0
2021-08-19,NESTLE,5760.0,5760.0,5760.0,5760.0,4572.6640625,0
2021-08-20,NESTLE,5680.0,5698.990234375,5600.0,5637.830078125,4475.67822265625,320
2021-08-23,NESTLE,5880.0,5880.0,5700.0,5700.0,4525.0322265625,620
2021-08-24,NESTLE,5700.0,5700.0,5681.0,5700.0,4525.0322265625,280
2021-08-25,NESTLE,5699.990234375,5700.0,5699.990234375,5700.0,4525.0322265625,60
2021-08-26,NESTLE,5650.06982421875,5650.06982421875,5650.0,5650.0,4485.33935546875,60
2021-08-27,NESTLE,5610.0,5649.0,5600.0,5600.0,4445.64501953125,4160
2021-08-30,NESTLE,5565.0,5565.0,5565.0,5565.0,4417.8603515625,20
2021-08-31,NESTLE,5565.0,5565.0,5565.0,5565.0,4417.8603515625,0
2021-09-01,NESTLE,5750.0,5750.0,5650.0,5650.0,4485.33935546875,60
2021-09-02,NESTLE,5675.0,5675.0,5650.0,5650.0,4485.33935546875,100
2021-09-03,NESTLE,5625.0,5630.009765625,5625.0,5630.009765625,4469.46923828125,40
2021-09-06,NESTLE,5555.10009765625,5650.0,5555.10009765625,5650.0,4485.33935546875,60
2021-09-07,NESTLE,5710.0,6073.75,5710.0,6073.75,4821.7392578125,1340
2021-09-08,NESTLE,6100.0,6300.0,6100.0,6164.5,4893.783203125,580
2021-09-09,NESTLE,6339.93017578125,6449.0,6250.0,6295.0,4997.3818359375,740
2021-09-10,NESTLE,6125.009765625,6400.0,6125.009765625,6353.2001953125,5043.5849609375,380
2021-09-13,NESTLE,6225.009765625,6400.0,6225.009765625,6400.0,5080.73779296875,420
2021-09-14,NESTLE,6311.0,6349.990234375,6055.0,6155.009765625,4886.24853515625,460
2021-09-15,NESTLE,6299.990234375,6300.0,6100.0,6100.5,4842.974609375,380
2021-09-16,NESTLE,6180.9501953125,6180.9501953125,5987.0,5987.0,4752.8720703125,360
2021-09-17,NESTLE,5999.990234375,5999.990234375,5890.0,5910.0,4691.74267578125,120
2021-09-20,NESTLE,5949.990234375,5949.990234375,5805.009765625,5805.009765625,4608.39599609375,140
2021-09-21,NESTLE,5999.990234375,6000.0,5910.0,5910.0,4691.74267578125,320
2021-09-22,NESTLE,5810.0,5885.0,5766.0,5800.0,4604.41943359375,420
2021-09-23,NESTLE,5800.0,5800.0,5800.0,5800.0,4604.41943359375,0
2021-09-24,NESTLE,5750.0,5750.0,5750.0,5750.0,4564.72509765625,80
2021-09-27,NESTLE,5725.0,5775.0,5725.0,5762.5,4574.64794921875,60
2021-09-28,NESTLE,5762.5,5762.5,5762.5,5762.5,4574.64794921875,0
2021-09-29,NESTLE,5895.0,5895.0,5726.0,5727.669921875,4546.998046875,140
2021-09-30,NESTLE,5700.0,6157.240234375,5700.0,6035.7998046875,4791.61181640625,420
2021-10-01,NESTLE,5994.2998046875,5995.0,5910.0,5910.0,4691.74267578125,60
2021-10-04,NESTLE,5910.0,5910.0,5910.0,5910.0,4691.74267578125,0
2021-10-05,NESTLE,5800.0,5950.0,5800.0,5908.330078125,4690.41796875,960
2021-10-06,NESTLE,5610.009765625,5900.0,5610.009765625,5900.0,4683.8056640625,180
2021-10-07,NESTLE,5900.0,5940.0,5800.009765625,5918.75,4698.68994140625,220
2021-10-08,NESTLE,6150.0,6200.0,6000.0,6001.5,4764.38330078125,100
2021-10-11,NESTLE,5800.009765625,5805.0,5800.009765625,5805.0,4608.3876953125,60
2021-10-12,NESTLE,5625.0,5799.990234375,5625.0,5780.0,4588.54150390625,140
2021-10-13,NESTLE,5715.2998046875,5725.4501953125,5715.0,5715.0,4536.9404296875,60
2021-10-14,NESTLE,5889.43017578125,5900.0,5850.0,5850.0,4644.11279296875,240
2021-10-15,NESTLE,5900.0,5900.0,5900.0,5900.0,4683.8056640625,60
2021-10-18,NESTLE,5900.0,5900.0,5900.0,5900.0,4683.8056640625,0
2021-10-19,NESTLE,5900.0,5900.0,5900.0,5900.0,4683.8056640625,0
2021-10-20,NESTLE,5800.10986328125,5800.10986328125,5775.009765625,5775.009765625,4584.57958984375,40
2021-10-21,NESTLE,5811.0,5811.0,5800.0,5800.0,4604.41943359375,100
2021-10-22,NESTLE,5720.0,5720.0,5720.0,5720.0,4540.90869140625,20
2021-10-25,NESTLE,5720.0,5720.0,5720.0,5720.0,4540.90869140625,0
2021-10-26,NESTLE,5720.0,5720.0,5720.0,5720.0,4540.90869140625,0
2021-10-27,NESTLE,5720.0,5720.0,5720.0,5720.0,4540.90869140625,0
2021-10-28,NESTLE,5899.990234375,5899.990234375,5875.0,5880.0,4667.92724609375,80
2021-10-29,NESTLE,5800.0,5800.0,5800.0,5800.0,4604.41943359375,20
2021-11-01,NESTLE,5900.0,5900.0,5900.0,5900.0,4683.8056640625,20
2021-11-02,NESTLE,5998.10986328125,6000.0,5998.10986328125,6000.0,4763.19189453125,60
2021-11-03,NESTLE,6000.0,6000.0,5855.0,5855.02001953125,4648.09716796875,1020
2021-11-04,NESTLE,5999.89990234375,5999.89990234375,5995.97998046875,5995.97998046875,4760.00048828125,160
2021-11-05,NESTLE,5999.990234375,5999.990234375,5776.0,5870.0,4659.98876953125,120
2021-11-08,NESTLE,5899.990234375,5899.990234375,5790.0,5850.0,4708.27978515625,60
2021-11-09,NESTLE,5700.009765625,5725.009765625,5700.0,5725.0,4607.67529296875,80
2021-11-10,NESTLE,5681.0498046875,5726.0,5681.0,5696.02001953125,4584.3505859375,80
2021-11-11,NESTLE,5700.009765625,5798.990234375,5685.06005859375,5685.06005859375,4575.52978515625,100
2021-11-12,NESTLE,5685.10009765625,5799.990234375,5685.06005859375,5700.0,4587.55419921875,3140
2021-11-15,NESTLE,5700.0,5700.0,5700.0,5700.0,4587.55419921875,40
2021-11-16,NESTLE,5700.0,5700.0,5700.0,5700.0,4587.55419921875,80
2021-11-17,NESTLE,5700.0,5700.0,5700.0,5700.0,4587.55419921875,0
2021-11-18,NESTLE,5700.0,5700.0,5700.0,5700.0,4587.55419921875,0
2021-11-19,NESTLE,5700.0,5700.0,5700.0,5700.0,4587.55419921875,20
2021-11-22,NESTLE,5700.0,5700.0,5700.0,5700.0,4587.55419921875,20
2021-11-23,NESTLE,5560.009765625,5560.009765625,5560.009765625,5560.009765625,4474.88525390625,20
2021-11-24,NESTLE,5560.009765625,5560.009765625,5560.009765625,5560.009765625,4474.88525390625,0
2021-11-25,NESTLE,5602.0,5602.0,5601.990234375,5602.0,4508.68017578125,40
2021-11-26,NESTLE,5501.0,5501.0,5500.0,5500.330078125,4426.853515625,60
2021-11-29,NESTLE,5580.0,5580.0,5500.0,5500.02001953125,4426.60302734375,160
2021-11-30,NESTLE,5510.0,5550.0,5250.0,5390.18017578125,4338.20068359375,560
2021-12-01,NESTLE,5474.990234375,5675.0,5465.0,5521.5400390625,4443.923828125,320
2021-12-02,NESTLE,5350.0,5350.0,5350.0,5350.0,4305.8623046875,20
2021-12-03,NESTLE,5350.0,5350.0,5350.0,5350.0,4305.8623046875,0
2021-12-06,NESTLE,5360.0,5360.0,4948.75,5225.5,4205.66064453125,320
2021-12-07,NESTLE,5443.990234375,5444.0,5201.0,5390.0,4338.0556640625,500
2021-12-08,NESTLE,5300.0,5300.0,5250.0,5250.0,4225.37890625,120
2021-12-09,NESTLE,5299.0,5300.0,5299.0,5300.0,4265.62060546875,60
2021-12-10,NESTLE,5689.990234375,5689.990234375,5689.990234375,5689.990234375,4579.49853515625,20
2021-12-13,NESTLE,5400.0,5400.0,5280.0,5356.25,4310.89208984375,240
2021-12-14,NESTLE,5439.990234375,5440.0,5439.990234375,5440.0,4378.29736328125,60
2021-12-15,NESTLE,5460.0,5499.990234375,5460.0,5480.0,4410.49169921875,40
2021-12-16,NESTLE,5480.0,5480.0,5480.0,5480.0,4410.49169921875,0
2021-12-17,NESTLE,5450.0,5450.0,5450.0,5450.0,4386.34619140625,40
2021-12-20,NESTLE,5450.0,5450.0,5450.0,5450.0,4386.34619140625,0
2021-12-21,NESTLE,5200.009765625,5399.990234375,5165.0,5389.0,4337.2509765625,320
2021-12-22,NESTLE,5792.0,5792.0,5380.0,5585.0,4494.99853515625,100
2021-12-23,NESTLE,5585.0,5585.0,5585.0,5585.0,4494.99853515625,0
2021-12-24,NESTLE,5780.0,5780.0,5670.0,5670.0,4563.40869140625,60
2021-12-27,NESTLE,5400.0,5400.0,5400.0,5400.0,4346.10400390625,20
2021-12-28,NESTLE,5799.0,5799.0,5500.0,5500.0,4426.58740234375,80
2021-12-29,NESTLE,5780.0,5780.0,5406.0,5450.0,4386.34619140625,80
2021-12-30,NESTLE,5781.0,5781.0,5406.0,5422.509765625,4364.22119140625,100
2021-12-31,NESTLE,5425.0,5829.0,5425.0,5725.490234375,4608.06884765625,260
2022-01-03,NESTLE,5725.490234375,5725.490234375,5725.490234375,5725.490234375,4608.06884765625,0
2022-01-04,NESTLE,5725.490234375,5725.490234375,5725.490234375,5725.490234375,4608.06884765625,0
2022-01-05,NESTLE,5512.0498046875,5512.0498046875,5512.0498046875,5512.0498046875,4436.28466796875,20
2022-01-06,NESTLE,5520.669921875,5550.0,5505.39990234375,5550.0,4466.8291015625,120
2022-01-07,NESTLE,5550.0,5550.0,5550.0,5550.0,4466.8291015625,0
2022-01-10,NESTLE,5550.0,5550.0,5550.0,5550.0,4466.8291015625,0
2022-01-11,NESTLE,5690.0,5740.0,5600.0,5690.0,4579.50537109375,120
2022-01-12,NESTLE,5512.0498046875,5512.0498046875,5510.06005859375,5510.06005859375,4434.68408203125,120
2022-01-13,NESTLE,5305.10009765625,5510.06005859375,5305.10009765625,5400.0,4346.10400390625,100
2022-01-14,NESTLE,5499.990234375,5525.0,5400.0,5524.25,4446.1044921875,400
2022-01-17,NESTLE,5515.0,5515.0,5350.1298828125,5410.0,4354.15234375,320
2022-01-18,NESTLE,5499.9599609375,5500.0,5499.9599609375,5500.0,4426.58740234375,200
2022-01-19,NESTLE,5500.0,5500.0,5500.0,5500.0,4426.58740234375,0
2022-01-20,NESTLE,5400.0,5400.0,5400.0,5400.0,4346.10400390625,80
2022-01-21,NESTLE,5500.0,5500.0,5450.0,5450.0,4386.34619140625,80
2022-01-24,NESTLE,5450.0,5450.0,5450.0,5450.0,4386.34619140625,0
2022-01-25,NESTLE,5450.0,5450.0,5450.0,5450.0,4386.34619140625,0
2022-01-26,NESTLE,5450.0,5450.0,5450.0,5450.0,4386.34619140625,20
2022-01-27,NESTLE,5450.0,5450.0,5450.0,5450.0,4386.34619140625,0
2022-01-28,NESTLE,5500.0,5600.0,5500.0,5600.0,4507.07080078125,80
2022-01-31,NESTLE,5600.0,5600.0,5600.0,5600.0,4507.07080078125,0
2022-02-01,NESTLE,5500.0,5750.0,5500.0,5708.330078125,4594.2587890625,420
2022-02-02,NESTLE,5708.330078125,5708.330078125,5708.330078125,5708.330078125,4594.2587890625,0
2022-02-03,NESTLE,5708.330078125,5708.330078125,5708.330078125,5708.330078125,4594.2587890625,0
2022-02-04,NESTLE,5650.0,5650.0,5650.0,5650.0,4547.3125,20
2022-02-07,NESTLE,5650.0,5650.0,5650.0,5650.0,4547.3125,0
2022-02-08,NESTLE,5650.0,5650.0,5650.0,5650.0,4547.3125,20
2022-02-09,NESTLE,5650.0,5650.0,5600.0,5650.0,4547.3125,100
2022-02-10,NESTLE,5600.0,5600.0,5500.009765625,5500.009765625,4426.59521484375,40
2022-02-11,NESTLE,5650.0,5650.0,5600.10009765625,5600.10009765625,4507.1513671875,80
2022-02-14,NESTLE,5600.10009765625,5600.10009765625,5600.10009765625,5600.10009765625,4507.1513671875,0
2022-02-15,NESTLE,5600.10009765625,5600.10009765625,5600.10009765625,5600.10009765625,4507.1513671875,0
2022-02-16,NESTLE,5699.990234375,5700.0,5699.990234375,5700.0,4587.55419921875,60
2022-02-17,NESTLE,5700.0,5700.0,5400.009765625,5650.0,4547.3125,380
2022-02-18,NESTLE,5990.0,5990.0,5749.0,5749.0,4626.990234375,100
2022-02-21,NESTLE,5750.0,5785.0,5650.0,5751.0,4628.6005859375,160
2022-02-22,NESTLE,5744.89990234375,5744.89990234375,5744.89990234375,5744.89990234375,4623.6904296875,20
2022-02-23,NESTLE,5510.009765625,5600.0,5510.0,5600.0,4507.07080078125,200
2022-02-24,NESTLE,5585.0,5590.0,5400.0,5400.0,4346.10400390625,280
2022-02-25,NESTLE,5400.0,5400.0,5400.0,5400.0,4346.10400390625,0
2022-02-28,NESTLE,5400.0,5400.0,5400.0,5400.0,4346.10400390625,0
2022-03-01,NESTLE,5450.0,5550.0,5400.0,5500.0,4426.58740234375,140
2022-03-02,NESTLE,5745.0,5745.0,5745.0,5745.0,4623.77197265625,40
2022-03-03,NESTLE,5511.0,5545.0,5500.0,5540.0,4458.78076171875,240
2022-03-04,NESTLE,5540.0,5540.0,5540.0,5540.0,4458.78076171875,0
2022-03-07,NESTLE,5540.0,5540.0,5540.0,5540.0,4458.78076171875,0
2022-03-08,NESTLE,5300.0,5400.0,5300.0,5400.0,4346.10400390625,260
2022-03-09,NESTLE,5549.0,5549.0,5370.0,5370.0,4321.95849609375,1860
2022-03-10,NESTLE,5500.0,5500.0,5450.0,5450.0,4386.34619140625,160
2022-03-11,NESTLE,5450.0,5450.0,5450.0,5450.0,4386.34619140625,20
2022-03-14,NESTLE,5450.0,5450.0,5450.0,5450.0,4386.34619140625,0
2022-03-15,NESTLE,5490.0,5500.0,5256.02001953125,5450.0,4386.34619140625,340
2022-03-16,NESTLE,5490.0,5500.0,5402.0,5468.75,4401.435546875,620
2022-03-17,NESTLE,5600.0,5600.0,5600.0,5600.0,4507.07080078125,20
2022-03-18,NESTLE,5640.0,5640.0,5640.0,5640.0,4539.26416015625,40
2022-03-21,NESTLE,5500.0,5640.0,5500.0,5640.0,4539.26416015625,60
2022-03-22,NESTLE,5411.009765625,5600.0,5411.0,5515.60009765625,4439.142578125,320
2022-03-23,NESTLE,5515.60009765625,5515.60009765625,5515.60009765625,5515.60009765625,4439.142578125,0
2022-03-24,NESTLE,5500.0,5500.0,5500.0,5500.0,4426.58740234375,20
2022-03-25,NESTLE,5500.0,5500.0,5500.0,5500.0,4426.58740234375,0
2022-03-28,NESTLE,5500.0,5500.0,5500.0,5500.0,4426.58740234375,0
2022-03-29,NESTLE,5500.0,5500.0,5500.0,5500.0,4500.22705078125,0
2022-03-30,NESTLE,5500.0,5500.0,5410.0,5500.0,4500.22705078125,80
2022-03-31,NESTLE,5698.0,5880.0,5698.0,5821.72998046875,4763.474609375,440
2022-04-01,NESTLE,5892.02001953125,5892.02978515625,5892.02001953125,5892.02978515625,4820.99462890625,40
2022-04-04,NESTLE,5892.02978515625,5892.02978515625,5892.02978515625,5892.02978515625,4820.99462890625,0
2022-04-05,NESTLE,5892.02978515625,5892.02978515625,5892.02978515625,5892.02978515625,4820.99462890625,0
2022-04-06,NESTLE,5600.0,5600.0,5456.009765625,5500.0,4500.22705078125,220
2022-04-07,NESTLE,5500.0,5500.0,5500.0,5500.0,4500.22705078125,0
2022-04-08,NESTLE,5500.0,5500.0,5500.0,5500.0,4500.22705078125,200
2022-04-11,NESTLE,5550.0,5599.0,5400.0,5490.93994140625,4492.81396484375,300
2022-04-12,NESTLE,5550.0,5560.0,5550.0,5555.0,4545.2294921875,120
2022-04-13,NESTLE,5438.10986328125,5450.0,5438.10986328125,5445.0,4455.22509765625,140
2022-04-14,NESTLE,5400.16015625,5549.990234375,5400.16015625,5549.990234375,4541.1298828125,180
2022-04-15,NESTLE,5579.990234375,5579.990234375,5579.990234375,5579.990234375,4565.67724609375,20
2022-04-18,NESTLE,5579.990234375,5579.990234375,5579.990234375,5579.990234375,4565.67724609375,0
2022-04-19,NESTLE,5600.0,5600.0,5570.0,5582.7998046875,4567.9755859375,120
2022-04-20,NESTLE,5600.0,5600.0,5600.0,5600.0,4582.0498046875,1020
2022-04-21,NESTLE,5599.990234375,5600.0,5501.0,5501.0,4501.04541015625,60
2022-04-22,NESTLE,5699.990234375,5750.0,5501.0,5618.1298828125,4596.88330078125,320
2022-04-25,NESTLE,5700.0,5750.0,5700.0,5700.0,4663.87158203125,560
2022-04-26,NESTLE,5799.990234375,5849.990234375,5790.0,5849.990234375,4786.59716796875,120
2022-04-27,NESTLE,5999.990234375,6000.0,5800.009765625,5800.009765625,4745.7021484375,840
2022-04-28,NESTLE,5700.0,5900.0,5700.0,5875.0,4807.0615234375,260
2022-04-29,NESTLE,5875.0,5875.0,5875.0,5875.0,4807.0615234375,0
2022-05-02,NESTLE,5875.0,5875.0,5875.0,5875.0,4807.0615234375,0
2022-05-03,NESTLE,5875.0,5875.0,5875.0,5875.0,4807.0615234375,0
2022-05-04,NESTLE,5875.0,5875.0,5875.0,5875.0,4807.0615234375,0
2022-05-05,NESTLE,5875.0,5875.0,5875.0,5875.0,4807.0615234375,0
2022-05-06,NESTLE,5800.0,5801.0,5800.0,5800.0,4745.69384765625,220
2022-05-09,NESTLE,5800.0,5800.009765625,5700.0,5706.25,4668.9853515625,1540
2022-05-10,NESTLE,5800.0,5810.0,5800.0,5800.009765625,4745.7021484375,700
2022-05-11,NESTLE,5800.0,5800.0,5650.0,5750.0,4704.783203125,680
2022-05-12,NESTLE,5690.0,5695.0,5600.0,5615.83984375,4595.01025390625,160
2022-05-13,NESTLE,5789.0,5789.0,5789.0,5789.0,4736.69384765625,20
2022-05-16,NESTLE,5700.0,5795.0,5600.009765625,5699.43994140625,4663.4140625,720
2022-05-17,NESTLE,5850.0,5850.0,5700.0,5701.0,4664.6904296875,140
2022-05-18,NESTLE,5800.0,5800.0,5790.0,5790.0,4737.51220703125,40
2022-05-19,NESTLE,5725.0,5830.0,5702.0,5799.990234375,4745.6865234375,900
2022-05-20,NESTLE,5780.0,5780.0,5780.0,5780.0,4729.3291015625,20
2022-05-23,NESTLE,5631.0,5780.0,5631.0,5779.990234375,4729.32177734375,340
2022-05-24,NESTLE,5640.0,5780.0,5640.0,5780.0,4729.3291015625,360
2022-05-25,NESTLE,5700.009765625,5779.89990234375,5700.009765625,5779.89990234375,4729.248046875,520
2022-05-26,NESTLE,5710.0,5779.0,5710.0,5775.0,4725.2392578125,260
2022-05-27,NESTLE,5620.02001953125,5795.0,5620.02001953125,5775.0,4725.2392578125,220
2022-05-30,NESTLE,5770.0,5795.0,5770.0,5773.41015625,4723.9375,1040
2022-05-31,NESTLE,5700.0,5790.0,5700.0,5710.0,4672.05322265625,60
2022-06-01,NESTLE,5780.0,5780.0,5780.0,5780.0,4729.3291015625,20
2022-06-02,NESTLE,5675.0,5675.0,5675.0,5675.0,4643.416015625,20
2022-06-03,NESTLE,5620.009765625,5660.0,5620.009765625,5660.0,4631.1435546875,60
2022-06-06,NESTLE,5660.0,5660.0,5660.0,5660.0,4631.1435546875,0
2022-06-07,NESTLE,5650.02001953125,5650.02001953125,5650.02001953125,5650.02001953125,4622.97607421875,20
2022-06-08,NESTLE,5700.0,5800.0,5700.0,5800.0,4745.69384765625,1120
2022-06-09,NESTLE,5800.0,5825.0,5775.10009765625,5775.10009765625,4725.3203125,140
2022-06-10,NESTLE,5775.10009765625,5775.10009765625,5775.10009765625,5775.10009765625,4725.3203125,20
2022-06-13,NESTLE,5775.10009765625,5775.10009765625,5775.10009765625,5775.10009765625,4725.3203125,0
2022-06-14,NESTLE,5775.10009765625,5775.10009765625,5775.10009765625,5775.10009765625,4725.3203125,0
2022-06-15,NESTLE,5775.10009765625,5775.10009765625,5775.10009765625,5775.10009765625,4725.3203125,0
2022-06-16,NESTLE,5800.0,5900.0,5800.0,5880.0,4811.15234375,300
2022-06-17,NESTLE,5880.0,5880.0,5880.0,5880.0,4811.15234375,0
2022-06-20,NESTLE,5880.0,5880.0,5880.0,5880.0,4811.15234375,0
2022-06-21,NESTLE,5880.0,5880.0,5880.0,5880.0,4811.15234375,0
2022-06-22,NESTLE,5880.0,5950.0,5850.14990234375,5900.080078125,4827.58203125,140
2022-06-23,NESTLE,5900.080078125,5900.080078125,5900.080078125,5900.080078125,4827.58203125,0
2022-06-24,NESTLE,5700.0,5700.0,5700.0,5700.0,4663.87158203125,20
2022-06-27,NESTLE,5700.0,5700.0,5700.0,5700.0,4663.87158203125,0
2022-06-28,NESTLE,5990.0,5990.0,5990.0,5990.0,4901.15625,20
2022-06-29,NESTLE,5800.0,5800.0,5800.0,5800.0,4745.69384765625,20
2022-06-30,NESTLE,5800.0,5800.0,5800.0,5800.0,4745.69384765625,0
2022-07-01,NESTLE,5800.0,5800.0,5800.0,5800.0,4745.69384765625,0
2022-07-04,NESTLE,5800.0,5800.10009765625,5800.0,5800.0,4745.69384765625,160
2022-07-05,NESTLE,5660.0,5660.0,5660.0,5660.0,4631.1435546875,20
2022-07-06,NESTLE,5660.0,5660.0,5660.0,5660.0,4631.1435546875,0
2022-07-07,NESTLE,5850.0,5850.0,5850.0,5850.0,4786.60546875,20
2022-07-08,NESTLE,5850.0,5850.0,5850.0,5850.0,4786.60546875,0
2022-07-11,NESTLE,5850.0,5850.0,5850.0,5850.0,4786.60546875,0
2022-07-12,NESTLE,5850.0,5850.0,5850.0,5850.0,4786.60546875,0
2022-07-13,NESTLE,5850.0,5850.0,5850.0,5850.0,4786.60546875,0
2022-07-14,NESTLE,5900.0,6000.0,5900.0,6000.0,4909.3388671875,360
2022-07-15,NESTLE,5800.009765625,5950.0,5800.009765625,5942.5,4862.29150390625,120
2022-07-18,NESTLE,5942.5,5942.5,5942.5,5942.5,4862.29150390625,0
2022-07-19,NESTLE,5850.0,5980.0,5850.0,5980.0,4892.97412109375,300
2022-07-20,NESTLE,5980.0,5980.0,5980.0,5980.0,4892.97412109375,0
2022-07-21,NESTLE,5900.0,5902.0,5900.0,5902.0,4829.15283203125,60
2022-07-22,NESTLE,5902.0,5902.0,5902.0,5902.0,4829.15283203125,0
2022-07-25,NESTLE,5902.0,5902.0,5902.0,5902.0,4829.15283203125,0
2022-07-26,NESTLE,5990.0,6000.0,5990.0,5998.1298828125,4907.80810546875,160
2022-07-27,NESTLE,6000.0,6000.0,5850.0,5890.0,4819.333984375,100
2022-07-28,NESTLE,5890.0,5890.0,5890.0,5890.0,4819.333984375,0
2022-07-29,NESTLE,5890.0,5890.0,5890.0,5890.0,4819.333984375,0
2022-08-01,NESTLE,6300.0,6300.0,6200.0,6290.0,5146.62353515625,60
2022-08-02,NESTLE,6000.0,6185.0,5900.0,5994.5,4904.8388671875,480
2022-08-03,NESTLE,5994.5,6170.0,5994.5,6170.0,5048.43701171875,100
2022-08-04,NESTLE,6199.990234375,6200.0,5966.009765625,6149.89990234375,5031.99072265625,140
2022-08-05,NESTLE,6100.0,6185.0,5994.89990234375,6185.0,5191.55615234375,100
2022-08-08,NESTLE,6185.0,6185.0,6185.0,6185.0,5191.55615234375,0
2022-08-09,NESTLE,6185.0,6185.0,6185.0,6185.0,5191.55615234375,0
2022-08-10,NESTLE,6050.02001953125,6248.990234375,6050.02001953125,6055.0,5082.43701171875,80
2022-08-11,NESTLE,6199.0,6199.0,6100.0,6100.0,5120.2099609375,80
2022-08-12,NESTLE,6240.0,6240.0,5900.0,5900.0,4952.33349609375,80
2022-08-15,NESTLE,6050.0,6150.009765625,6050.0,6150.0,5162.177734375,540
2022-08-16,NESTLE,6150.0,6150.0,6150.0,6150.0,5162.177734375,0
2022-08-17,NESTLE,6000.0,6000.0,6000.0,6000.0,5036.27099609375,40
2022-08-18,NESTLE,6000.0,6000.0,6000.0,6000.0,5036.27099609375,0
2022-08-19,NESTLE,6140.0,6140.0,6000.0,6000.0,5036.27099609375,240
2022-08-22,NESTLE,6100.0,6100.0,5955.0,5955.0,4998.49853515625,360
2022-08-23,NESTLE,6100.0,6199.0,6100.0,6197.0,5201.62890625,480
2022-08-24,NESTLE,6025.0,6070.0,6025.0,6070.0,5095.02734375,40
2022-08-25,NESTLE,6070.0,6070.0,6070.0,6070.0,5095.02734375,0
2022-08-26,NESTLE,6481.0,6481.0,6081.0,6100.0,5120.2099609375,100
2022-08-29,NESTLE,5800.0,5957.56005859375,5770.0498046875,5790.02001953125,4860.0185546875,480
2022-08-30,NESTLE,5790.02001953125,5799.990234375,5790.02001953125,5799.990234375,4868.38720703125,40
2022-08-31,NESTLE,5736.009765625,5802.02978515625,5736.009765625,5799.990234375,4868.38720703125,160
2022-09-01,NESTLE,5780.0,5800.0,5711.0,5729.0,4808.7998046875,200
2022-09-02,NESTLE,5638.1298828125,5764.990234375,5620.0,5764.990234375,4839.00927734375,160
2022-09-05,NESTLE,5764.990234375,5764.990234375,5764.990234375,5764.990234375,4839.00927734375,0
2022-09-06,NESTLE,5764.990234375,5764.990234375,5764.990234375,5764.990234375,4839.00927734375,0
2022-09-07,NESTLE,5760.0,5760.0,5760.0,5760.0,4834.82080078125,20
2022-09-08,NESTLE,5760.0,5760.0,5760.0,5760.0,4834.82080078125,20
2022-09-09,NESTLE,5760.0,5760.0,5760.0,5760.0,4834.82080078125,40
2022-09-12,NESTLE,5760.0,5760.0,5760.0,5760.0,4834.82080078125,0
2022-09-13,NESTLE,5760.0,5760.0,5760.0,5760.0,4834.82080078125,20
2022-09-14,NESTLE,5700.0,5700.0,5700.0,5700.0,4784.45703125,100
2022-09-15,NESTLE,5700.0,5750.0,5660.0,5660.0,4750.8828125,140
2022-09-16,NESTLE,5660.0,5660.0,5660.0,5660.0,4750.8828125,0
2022-09-19,NESTLE,5660.0,5660.0,5660.0,5660.0,4750.8828125,0
2022-09-20,NESTLE,5650.0,5650.0,5650.0,5650.0,4742.48779296875,20
2022-09-21,NESTLE,5650.0,5650.0,5650.0,5650.0,4742.48779296875,0
2022-09-22,NESTLE,5650.0,5650.0,5650.0,5650.0,4742.48779296875,20
2022-09-23,NESTLE,5705.0,5705.0,5705.0,5705.0,4788.654296875,60
2022-09-26,NESTLE,5700.0,5700.0,5600.0,5600.0,4700.52001953125,240
2022-09-27,NESTLE,5700.0,5700.0,5700.0,5700.0,4784.45703125,20
2022-09-28,NESTLE,5700.0,5700.0,5700.0,5700.0,4784.45703125,0
2022-09-29,NESTLE,5700.0,5700.0,5700.0,5700.0,4784.45703125,0
2022-09-30,NESTLE,5700.0,5700.0,5700.0,5700.0,4784.45703125,0
2022-10-03,NESTLE,5700.0,5700.0,5700.0,5700.0,4784.45703125,0
2022-10-04,NESTLE,5700.0,5700.0,5700.0,5700.0,4784.45703125,40
2022-10-05,NESTLE,5700.0,5700.0,5700.0,5700.0,4784.45703125,0
2022-10-06,NESTLE,5581.0,5750.0,5500.0,5750.0,4826.4267578125,160
2022-10-07,NESTLE,5750.0,5750.0,5750.0,5750.0,4826.4267578125,0
2022-10-10,NESTLE,5869.0,5869.0,5775.0,5850.0,4910.365234375,960
2022-10-11,NESTLE,5800.0,5800.0,5780.0,5780.0,4851.6083984375,40
2022-10-12,NESTLE,6000.0,6000.0,5980.0,5980.0,5019.4833984375,40
2022-10-13,NESTLE,5980.0,5980.0,5980.0,5980.0,5019.4833984375,0
2022-10-14,NESTLE,6000.0,6000.0,6000.0,6000.0,5036.27099609375,40
2022-10-17,NESTLE,6000.0,6000.0,6000.0,6000.0,5036.27099609375,40
2022-10-18,NESTLE,5850.0,5850.0,5850.0,5850.0,4910.365234375,20
2022-10-19,NESTLE,6000.0,6050.0,5920.0,6000.0,5036.27099609375,600
2022-10-20,NESTLE,6200.0,6200.0,6000.0,6000.0,5036.27099609375,160
2022-10-21,NESTLE,6000.0,6000.0,6000.0,6000.0,5036.27099609375,20
2022-10-24,NESTLE,5999.990234375,6010.0,5999.990234375,6007.5,5042.56591796875,440
2022-10-25,NESTLE,6150.0,6200.0,6010.0,6010.0,5044.66455078125,1280
2022-10-26,NESTLE,6010.0,6010.0,6010.0,6010.0,5044.66455078125,0
2022-10-27,NESTLE,5990.0,5990.0,5980.0,5980.0,5019.4833984375,40
2022-10-28,NESTLE,5980.0,5980.0,5980.0,5980.0,5019.4833984375,20
2022-10-31,NESTLE,5899.990234375,5899.990234375,5700.0,5700.0,4853.4443359375,60
2022-11-01,NESTLE,5800.0,5800.0,5800.0,5800.0,4938.5927734375,20
2022-11-02,NESTLE,5790.0,5790.0,5770.0,5770.0,4913.0478515625,40
2022-11-03,NESTLE,5650.009765625,5650.009765625,5650.0,5650.0,4810.8701171875,80
2022-11-04,NESTLE,5650.0,5650.0,5650.0,5650.0,4810.8701171875,0
2022-11-07,NESTLE,5651.0,5651.0,5651.0,5651.0,4811.7216796875,20
2022-11-08,NESTLE,5651.0,5651.0,5651.0,5651.0,4811.7216796875,0
2022-11-09,NESTLE,5651.0,5651.0,5651.0,5651.0,4811.7216796875,0
2022-11-10,NESTLE,5651.0,5651.0,5651.0,5651.0,4811.7216796875,0
2022-11-11,NESTLE,5700.0,5900.0,5700.0,5900.0,5023.7412109375,60
2022-11-14,NESTLE,5900.0,5900.0,5900.0,5900.0,5023.7412109375,0
2022-11-15,NESTLE,5900.0,5900.0,5900.0,5900.0,5023.7412109375,20
2022-11-16,NESTLE,5900.0,5900.0,5900.0,5900.0,5023.7412109375,20
2022-11-17,NESTLE,5760.0,5760.0,5755.0,5755.0,4900.2763671875,60
2022-11-18,NESTLE,5755.0,5755.0,5755.0,5755.0,4900.2763671875,0
2022-11-21,NESTLE,5799.0,5800.0,5799.0,5800.0,4938.5927734375,80
2022-11-22,NESTLE,5800.0,5800.0,5800.0,5800.0,4938.5927734375,20
2022-11-23,NESTLE,5800.0,5800.0,5800.0,5800.0,4938.5927734375,0
2022-11-24,NESTLE,5950.0,5950.0,5750.0,5842.0,4974.35546875,200
2022-11-25,NESTLE,5850.0,5851.0,5700.0,5766.0,4909.642578125,380
2022-11-28,NESTLE,5850.0,5850.0,5850.0,5850.0,4981.16748046875,40
2022-11-29,NESTLE,6260.0,6270.0,5900.0,5900.0,5023.7412109375,80
2022-11-30,NESTLE,5800.009765625,5980.0,5720.0,5810.0,4947.10791015625,220
2022-12-01,NESTLE,5760.0,5810.0,5760.0,5760.0,4904.5341796875,60
2022-12-02,NESTLE,5750.0,5949.0,5725.0,5781.0,4922.4140625,180
2022-12-05,NESTLE,5781.0,5781.0,5781.0,5781.0,4922.4140625,0
2022-12-06,NESTLE,5781.0,5781.0,5781.0,5781.0,4922.4140625,100
2022-12-07,NESTLE,5781.0,5781.0,5781.0,5781.0,4922.4140625,0
2022-12-08,NESTLE,5383.0,5849.0,5383.0,5781.0,4922.4140625,280
2022-12-09,NESTLE,5700.0,5781.0,5700.0,5781.0,4922.4140625,100
2022-12-12,NESTLE,5400.2900390625,5650.0,5400.2900390625,5650.0,4810.8701171875,60
2022-12-13,NESTLE,5650.0,5650.0,5650.0,5650.0,4810.8701171875,0
2022-12-14,NESTLE,5230.10009765625,5500.009765625,5230.10009765625,5500.009765625,4683.15673828125,40
2022-12-15,NESTLE,5201.009765625,5481.0,5201.009765625,5481.0,4666.97021484375,140
2022-12-16,NESTLE,5481.0,5481.0,5481.0,5481.0,4666.97021484375,0
2022-12-19,NESTLE,5600.0,5600.0,5325.5498046875,5340.27978515625,4547.1494140625,80
2022-12-20,NESTLE,5220.0,5400.0,5220.0,5250.0,4470.27734375,300
2022-12-21,NESTLE,4900.10009765625,5355.0,4900.10009765625,5350.0,4555.42578125,100
2022-12-22,NESTLE,5250.10009765625,5250.10009765625,5250.10009765625,5250.10009765625,4470.36328125,20
2022-12-23,NESTLE,5491.0,5491.0,4865.0,4865.0,4142.45703125,40
2022-12-26,NESTLE,5199.990234375,5229.8701171875,5199.990234375,5229.8701171875,4453.1376953125,40
2022-12-27,NESTLE,5600.0,5620.0,5285.10009765625,5577.75,4749.35107421875,280
2022-12-28,NESTLE,5813.0,5850.0498046875,5415.0,5415.0,4610.77294921875,240
2022-12-29,NESTLE,5400.0,5821.1201171875,5400.0,5781.240234375,4922.61962890625,1180
2022-12-30,NESTLE,5800.0,6000.0,5781.240234375,5870.0,4998.1962890625,380
2023-01-02,NESTLE,5850.0,5850.0,5850.0,5850.0,4981.16748046875,20
2023-01-03,NESTLE,5850.0,5850.0,5850.0,5850.0,4981.16748046875,0
2023-01-04,NESTLE,5900.0,5900.0,5750.0,5750.0,4896.01953125,100
2023-01-05,NESTLE,5610.0,5610.0,5610.0,5610.0,4776.8115234375,20
2023-01-06,NESTLE,5211.0,5400.10009765625,5211.0,5400.10009765625,4598.0859375,40
2023-01-09,NESTLE,5220.10009765625,5600.0,5220.10009765625,5600.0,4768.296875,40
2023-01-10,NESTLE,5360.10009765625,5700.0,5360.10009765625,5600.10009765625,4768.38232421875,80
2023-01-11,NESTLE,5600.10009765625,5600.10009765625,5600.10009765625,5600.10009765625,4768.38232421875,0
2023-01-12,NESTLE,5850.0,5850.0,5850.0,5850.0,4981.16748046875,20
2023-01-13,NESTLE,5780.0,5780.0,5600.0,5650.0,4810.8701171875,320
2023-01-16,NESTLE,5455.10009765625,5455.10009765625,5260.0,5399.0,4597.1484375,180
2023-01-17,NESTLE,5595.0,5595.0,5595.0,5595.0,4764.03955078125,20
2023-01-18,NESTLE,5400.0,5420.0,5260.0,5308.0,4519.66357421875,220
2023-01-19,NESTLE,5305.0,5308.0,5250.0,5260.0,4478.79296875,380
2023-01-20,NESTLE,5202.02001953125,5340.0,5200.0,5310.0,4521.36767578125,120
2023-01-23,NESTLE,5215.009765625,5215.10009765625,5190.009765625,5190.009765625,4419.1982421875,80
2023-01-24,NESTLE,4975.10009765625,5250.0,4975.10009765625,5190.0,4419.189453125,360
2023-01-25,NESTLE,5190.0,5499.830078125,5065.009765625,5213.0,4438.7724609375,180
2023-01-26,NESTLE,5055.0,5324.990234375,5055.0,5324.990234375,4534.130859375,260
2023-01-27,NESTLE,5250.0,5280.0,5200.0,5280.0,4495.82275390625,60
2023-01-30,NESTLE,5250.0,5250.0,5160.0,5160.0,4393.6455078125,260
2023-01-31,NESTLE,5115.0,5299.990234375,5100.0,5275.0,4491.56494140625,520
2023-02-01,NESTLE,5200.0,5205.009765625,5200.0,5205.009765625,4431.96923828125,40
2023-02-02,NESTLE,5298.97998046875,5320.0,5205.009765625,5300.0,4512.85205078125,160
2023-02-03,NESTLE,5364.0,5364.0,5364.0,5364.0,4567.34716796875,20
2023-02-06,NESTLE,5210.10009765625,5299.990234375,5202.02001953125,5299.990234375,4512.84423828125,300
2023-02-07,NESTLE,5220.0,5338.990234375,5220.0,5338.990234375,4546.0517578125,160
2023-02-08,NESTLE,5300.0,5315.0,5300.0,5315.0,4525.62451171875,40
2023-02-09,NESTLE,5669.990234375,5669.990234375,5315.009765625,5534.990234375,4712.94189453125,100
2023-02-10,NESTLE,5400.0,5525.0,5400.0,5441.669921875,4633.4814453125,260
2023-02-13,NESTLE,5499.0,5800.0,5438.0,5450.0,4640.57470703125,180
2023-02-14,NESTLE,5381.0,5499.0,5315.10009765625,5399.0,4597.1484375,260
2023-02-15,NESTLE,5485.0,5485.0,5338.0,5354.9501953125,4559.6416015625,100
2023-02-16,NESTLE,5399.0,5399.0,5375.0,5381.0498046875,4581.86474609375,100
2023-02-17,NESTLE,5381.0498046875,5381.0498046875,5381.0498046875,5381.0498046875,4581.86474609375,0
2023-02-20,NESTLE,5313.0,5399.0,5313.0,5399.0,4597.1484375,60
2023-02-21,NESTLE,5399.0,5399.0,5399.0,5399.0,4597.1484375,0
2023-02-22,NESTLE,5335.009765625,5335.009765625,5314.0,5314.0,4524.7734375,80
2023-02-23,NESTLE,5300.0,5300.0,5300.0,5300.0,4512.85205078125,260
2023-02-24,NESTLE,5300.0,5300.0,5300.0,5300.0,4512.85205078125,0
2023-02-27,NESTLE,5250.25,5320.0,5250.25,5300.0,4512.85205078125,60
2023-02-28,NESTLE,5200.0,5240.0,5200.0,5240.0,4461.76318359375,60
2023-03-01,NESTLE,5470.0,5470.0,5460.0,5464.0,4652.49560546875,80
2023-03-02,NESTLE,5400.0,5400.0,5256.56005859375,5299.77978515625,4512.6650390625,5220
2023-03-03,NESTLE,5290.0,5400.0,5290.0,5400.0,4598.00048828125,140
2023-03-06,NESTLE,5445.0,5445.0,5266.02001953125,5266.02978515625,4483.927734375,60
2023-03-07,NESTLE,5265.0,5265.0,5265.0,5265.0,4483.05078125,20
2023-03-08,NESTLE,5495.0,5495.0,5495.0,5495.0,4678.89111328125,20
2023-03-09,NESTLE,5495.0,5495.0,5495.0,5495.0,4678.89111328125,0
2023-03-10,NESTLE,5495.0,5495.0,5495.0,5495.0,4678.89111328125,0
2023-03-13,NESTLE,5478.0,5478.080078125,5355.0,5355.0,4559.68408203125,60
2023-03-14,NESTLE,5355.009765625,5355.009765625,5290.0,5295.0,4508.59423828125,240
2023-03-15,NESTLE,5295.0,5295.0,5295.0,5295.0,4508.59423828125,0
2023-03-16,NESTLE,5115.0,5115.0,5115.0,5115.0,4355.328125,20
2023-03-17,NESTLE,5115.0,5115.0,5115.0,5115.0,4355.328125,0
2023-03-20,NESTLE,5115.0,5115.0,5115.0,5115.0,4355.328125,0
2023-03-21,NESTLE,5490.0,5490.0,4752.0,5181.0,4411.5263671875,60
2023-03-22,NESTLE,5201.009765625,5201.009765625,5000.14990234375,5000.14990234375,4257.53564453125,120
2023-03-23,NESTLE,5000.14990234375,5000.14990234375,5000.14990234375,5000.14990234375,4257.53564453125,0
2023-03-24,NESTLE,5299.990234375,5300.0,5100.10009765625,5100.10009765625,4342.640625,240
2023-03-27,NESTLE,5000.10009765625,5200.0,5000.10009765625,5155.0498046875,4389.42919921875,60
2023-03-28,NESTLE,5300.0,5300.0,5200.10009765625,5233.7001953125,4456.3994140625,60
2023-03-29,NESTLE,5102.0,5105.0,5102.0,5103.5,4345.5361328125,40
2023-03-30,NESTLE,5125.0,5155.0,4855.0,4977.39990234375,4238.16357421875,300
2023-03-31,NESTLE,5280.0,5280.0,5015.0,5017.5,4272.30908203125,60
2023-04-03,NESTLE,5017.5,5017.5,5017.5,5017.5,4272.30908203125,0
2023-04-04,NESTLE,5390.89990234375,5390.89990234375,4887.10009765625,5115.0,4355.328125,60
2023-04-05,NESTLE,4950.10009765625,5125.0,4950.10009765625,5125.0,4363.8427734375,360
2023-04-06,NESTLE,5200.0,5225.0,5030.0,5198.2001953125,4509.76708984375,460
2023-04-07,NESTLE,5198.2001953125,5199.0,5005.0,5071.330078125,4399.69921875,80
2023-04-10,NESTLE,5385.0,5385.0,5023.2001953125,5023.68017578125,4358.359375,180
2023-04-11,NESTLE,5050.009765625,5100.10009765625,5050.009765625,5100.10009765625,4424.658203125,100
2023-04-12,NESTLE,5005.10009765625,5065.10009765625,5005.10009765625,5065.10009765625,4394.29443359375,40
2023-04-13,NESTLE,5125.0,5200.0,5101.0,5145.25,4549.1533203125,220
2023-04-14,NESTLE,5145.25,5145.25,5145.25,5145.25,4549.1533203125,0
2023-04-17,NESTLE,5200.0,5300.0,5200.0,5250.0,4641.76708984375,140
2023-04-18,NESTLE,5300.0,5350.0,5250.0,5350.0,4730.1806640625,220
2023-04-19,NESTLE,5200.0,5350.0,5110.0,5197.169921875,4595.056640625,980
2023-04-20,NESTLE,5298.06982421875,5298.080078125,5200.0,5200.0,4597.55908203125,60
2023-04-21,NESTLE,5200.0,5200.0,5200.0,5200.0,4597.55908203125,0
2023-04-24,NESTLE,5200.0,5200.0,5200.0,5200.0,4597.55908203125,0
2023-04-25,NESTLE,5200.0,5200.0,5200.0,5200.0,4597.55908203125,0
2023-04-26,NESTLE,5200.0,5200.0,5200.0,5200.0,4597.55908203125,0
2023-04-27,NESTLE,5200.10009765625,5400.0,5200.0,5333.97998046875,4716.01708984375,380
2023-04-28,NESTLE,5300.0,5305.0,5271.0,5274.330078125,4663.27880859375,240
2023-05-01,NESTLE,5274.330078125,5274.330078125,5274.330078125,5274.330078125,4663.27880859375,0
2023-05-02,NESTLE,5280.0,5400.0,5230.0,5260.009765625,4650.6171875,440
2023-05-03,NESTLE,5300.0,5300.0,5260.009765625,5285.009765625,4672.720703125,60
2023-05-04,NESTLE,5681.0,5681.3798828125,5420.0,5681.3798828125,5023.1689453125,740
2023-05-05,NESTLE,5650.0,5890.0,5650.0,5890.0,5207.6201171875,260
2023-05-08,NESTLE,5700.0,5890.0,5450.2001953125,5776.72021484375,5107.4638671875,800
2023-05-09,NESTLE,5776.72021484375,5776.72021484375,5776.72021484375,5776.72021484375,5107.4638671875,0
2023-05-10,NESTLE,5750.0,5800.0,5750.0,5800.0,5128.04736328125,80
2023-05-11,NESTLE,5790.0,5790.0,5700.0,5700.0,5039.63232421875,40
2023-05-12,NESTLE,5800.0,5800.0,5800.0,5800.0,5128.04736328125,100
2023-05-15,NESTLE,5799.89990234375,5800.0,5799.89990234375,5800.0,5128.04736328125,400
2023-05-16,NESTLE,5800.0,5800.0,5799.990234375,5799.990234375,5128.0380859375,120
2023-05-17,NESTLE,5799.990234375,6000.0,5799.990234375,5950.0,5260.6689453125,460
2023-05-18,NESTLE,6000.0,6250.0,6000.0,6250.0,5525.9130859375,600
2023-05-19,NESTLE,6200.0,6450.0,6200.0,6416.25,5672.9013671875,340
2023-05-22,NESTLE,6416.25,6638.0,6300.0,6586.669921875,5823.578125,1060
2023-05-23,NESTLE,6500.0,6501.009765625,6500.0,6500.0,5746.94970703125,180
2023-05-24,NESTLE,6500.0,6750.0,6500.0,6700.0,5923.7783203125,320
2023-05-25,NESTLE,6699.990234375,6800.0,6699.990234375,6700.0,5923.7783203125,360
2023-05-26,NESTLE,6702.0,6702.0,6702.0,6702.0,5925.54638671875,40
2023-05-29,NESTLE,6720.0,6720.0,6525.0,6560.0,5799.998046875,300
2023-05-30,NESTLE,6949.0,6949.0,6890.0,6890.0,6091.76611328125,40
2023-05-31,NESTLE,6890.0,6890.0,6890.0,6890.0,6091.76611328125,0
2023-06-01,NESTLE,6500.0,6551.0,6500.0,6540.0,5782.3154296875,320
2023-06-02,NESTLE,6540.0,6540.0,6540.0,6540.0,5782.3154296875,0
2023-06-05,NESTLE,6490.0,6490.0,6320.0,6489.97998046875,5738.08984375,60
2023-06-06,NESTLE,6489.97998046875,6489.97998046875,6489.97998046875,6489.97998046875,5738.08984375,0
2023-06-07,NESTLE,6450.009765625,6500.0,6450.0,6500.0,5746.94970703125,380
2023-06-08,NESTLE,6600.0,6600.0,6500.0,6600.0,5835.36376953125,100
2023-06-09,NESTLE,6300.60986328125,6450.0,6300.60986328125,6450.0,5702.74169921875,40
2023-06-12,NESTLE,6933.75,6933.75,6885.0,6890.0,6091.76611328125,180
2023-06-13,NESTLE,6890.0,6890.0,6890.0,6890.0,6091.76611328125,0
2023-06-14,NESTLE,6374.0,6550.0,6374.0,6550.0,5791.15625,140
2023-06-15,NESTLE,6550.0,6550.0,6550.0,6550.0,5791.15625,0
2023-06-16,NESTLE,6550.0,6550.0,6550.0,6550.0,5791.15625,80
2023-06-19,NESTLE,6550.0,6550.0,6550.0,6550.0,5791.15625,0
2023-06-20,NESTLE,6550.0,6650.0,6550.0,6650.0,5879.5712890625,40
2023-06-21,NESTLE,6650.0,6650.0,6650.0,6650.0,5879.5712890625,0
2023-06-22,NESTLE,6255.0,6640.0,6255.0,6447.5,5700.53125,40
2023-06-23,NESTLE,6447.5,6447.5,6447.5,6447.5,5700.53125,0
2023-06-26,NESTLE,6447.5,6447.5,6447.5,6447.5,5700.53125,0
2023-06-27,NESTLE,6447.5,6447.5,6447.5,6447.5,5700.53125,0
2023-06-28,NESTLE,6447.5,6447.5,6447.5,6447.5,5700.53125,0
2023-06-29,NESTLE,6447.5,6447.5,6447.5,6447.5,5700.53125,0
2023-06-30,NESTLE,6447.5,6447.5,6447.5,6447.5,5700.53125,0
2023-07-03,NESTLE,6411.009765625,6649.990234375,6411.009765625,6600.0,5835.36376953125,80
2023-07-04,NESTLE,6400.35009765625,6450.0,6400.0,6450.0,5702.74169921875,280
2023-07-05,NESTLE,6450.0,6450.0,6450.0,6450.0,5702.74169921875,0
2023-07-06,NESTLE,6455.0,6455.0,6455.0,6455.0,5707.16357421875,20
2023-07-07,NESTLE,6455.0,6455.0,6455.0,6455.0,5707.16357421875,0
2023-07-10,NESTLE,6336.009765625,6690.0,6336.009765625,6675.0,5901.67431640625,80
2023-07-11,NESTLE,6574.0,6735.5400390625,6425.10986328125,6730.0,5950.30322265625,140
2023-07-12,NESTLE,6700.0,6750.0,6700.0,6750.0,5967.9853515625,80
2023-07-13,NESTLE,6501.009765625,6898.0,6501.0,6700.0,5923.7783203125,100
2023-07-14,NESTLE,6700.0,6700.0,6700.0,6700.0,5923.7783203125,0
2023-07-17,NESTLE,6700.0,6700.0,6700.0,6700.0,5923.7783203125,0
2023-07-18,NESTLE,6511.009765625,6700.0,6500.0,6700.0,5923.7783203125,120
2023-07-19,NESTLE,6800.0,6800.0,6799.0,6800.0,6012.19287109375,180
2023-07-20,NESTLE,6780.0,6780.0,6700.0,6700.0,5923.7783203125,140
2023-07-21,NESTLE,6700.0,6700.0,6700.0,6700.0,5923.7783203125,0
2023-07-24,NESTLE,6900.0,6900.0,6800.0,6800.0,6012.19287109375,40
2023-07-25,NESTLE,6800.0,6850.0,6800.0,6804.5498046875,6016.21533203125,640
2023-07-26,NESTLE,6802.0,6802.0,6800.0,6800.0,6012.19287109375,300
2023-07-27,NESTLE,6800.0,6800.0,6800.0,6800.0,6012.19287109375,0
2023-07-28,NESTLE,6800.0,6800.0,6800.0,6800.0,6012.19287109375,0
2023-07-31,NESTLE,6995.0,7010.0,6855.0,6950.0,6144.8154296875,1180
2023-08-01,NESTLE,6999.0,7010.0,6950.0,7000.0,6189.0224609375,2180
2023-08-02,NESTLE,7000.0,7200.0,6999.990234375,7150.0,6321.64453125,3120
2023-08-03,NESTLE,7100.009765625,7160.0,7070.0,7070.0,6250.91259765625,420
2023-08-04,NESTLE,7070.0,7100.0,7070.0,7099.330078125,6276.84375,160
2023-08-07,NESTLE,7100.0,7100.0,6900.0,7070.0,6359.29931640625,180
2023-08-08,NESTLE,7000.0,7001.0,6999.990234375,6999.990234375,6296.3271484375,1520
2023-08-09,NESTLE,7000.0,7000.5,6999.0,6999.97021484375,6296.30908203125,560
2023-08-10,NESTLE,7099.0,7100.0,7010.0,7095.14990234375,6381.92138671875,2300
2023-08-11,NESTLE,7180.0,7200.0,7180.0,7181.0,6459.1416015625,500
2023-08-14,NESTLE,7181.0,7181.0,7181.0,7181.0,6459.1416015625,0
2023-08-15,NESTLE,7200.0,7300.0,7200.0,7299.0,6565.279296875,1040
2023-08-16,NESTLE,7300.0,7300.009765625,7300.0,7300.0,6566.1796875,120
2023-08-17,NESTLE,7300.009765625,7400.0,7300.0,7300.0,6566.1796875,940
2023-08-18,NESTLE,7300.0,7400.0,7300.0,7400.0,6656.1259765625,1120
2023-08-21,NESTLE,7200.0,7200.0,7200.0,7200.0,6476.23193359375,360
2023-08-22,NESTLE,7010.009765625,7200.0,7010.009765625,7200.0,6476.23193359375,320
2023-08-23,NESTLE,7200.0,7200.0,7200.0,7200.0,6476.23193359375,0
2023-08-24,NESTLE,7150.0,7150.0,7000.0,7097.830078125,6384.33203125,480
2023-08-25,NESTLE,7100.0,7150.0,7100.0,7100.0,6386.2841796875,120
2023-08-28,NESTLE,7100.0,7100.0,7100.0,7100.0,6386.2841796875,0
2023-08-29,NESTLE,7100.0,7100.0,7100.0,7100.0,6386.2841796875,0
2023-08-30,NESTLE,7100.009765625,7100.009765625,7098.990234375,7099.3798828125,6385.72607421875,1460
2023-08-31,NESTLE,7100.0,7100.0,6911.0,6911.0,6216.2822265625,2720
2023-09-01,NESTLE,7000.0,7000.0,7000.0,7000.0,6296.3369140625,1360
2023-09-04,NESTLE,7000.0,7000.0,7000.0,7000.0,6296.3369140625,20
2023-09-05,NESTLE,7000.0,7000.0,7000.0,7000.0,6296.3369140625,40
2023-09-06,NESTLE,7000.0,7000.0,7000.0,7000.0,6296.3369140625,440
2023-09-07,NESTLE,7000.0,7000.0,7000.0,7000.0,6296.3369140625,0
2023-09-08,NESTLE,7100.0,7100.0,7100.0,7100.0,6386.2841796875,580
2023-09-11,NESTLE,6725.0,7100.0,6700.10986328125,7100.0,6386.2841796875,580
2023-09-12,NESTLE,7100.0,7100.0,7100.0,7100.0,6386.2841796875,0
2023-09-13,NESTLE,7100.0,7100.0,7100.0,7100.0,6386.2841796875,20
2023-09-14,NESTLE,7015.0,7015.0,7015.0,7015.0,6309.82861328125,200
2023-09-15,NESTLE,6900.009765625,7090.0,6900.0,7022.5,6316.57421875,700
2023-09-18,NESTLE,7000.0,7000.0,7000.0,7000.0,6296.3369140625,20
2023-09-19,NESTLE,7099.0,7100.0,7099.0,7100.0,6386.2841796875,460
2023-09-20,NESTLE,6980.0,7100.0,6980.0,7093.669921875,6380.5908203125,140
2023-09-21,NESTLE,7100.0,7100.0,7090.0,7090.0,6377.2890625,100
2023-09-22,NESTLE,7000.0,7000.0,7000.0,7000.0,6296.3369140625,460
2023-09-25,NESTLE,7000.0,7000.0,7000.0,7000.0,6296.3369140625,1500
2023-09-26,NESTLE,7190.0,7190.0,7190.0,7190.0,6467.236328125,20
2023-09-27,NESTLE,7099.5,7200.0,7000.0,7142.7900390625,6424.7724609375,420
2023-09-28,NESTLE,7142.7900390625,7142.7900390625,7142.7900390625,7142.7900390625,6424.7724609375,0
2023-09-29,NESTLE,7142.7900390625,7142.7900390625,7142.7900390625,7142.7900390625,6424.7724609375,0
2023-10-02,NESTLE,7100.0,7100.0,7100.0,7100.0,6386.2841796875,160
2023-10-03,NESTLE,7100.0,7100.0,7100.0,7100.0,6386.2841796875,100
2023-10-04,NESTLE,7100.0,7100.0,7100.0,7100.0,6386.2841796875,420
2023-10-05,NESTLE,7070.0,7100.0,7070.0,7100.0,6386.2841796875,1100
2023-10-06,NESTLE,7100.0,7100.0,7100.0,7100.0,6386.2841796875,20
2023-10-09,NESTLE,7100.0,7100.0,7100.0,7100.0,6386.2841796875,600
2023-10-10,NESTLE,7100.0,7100.0,7000.0,7000.0,6296.3369140625,700
2023-10-11,NESTLE,7099.0,7200.0,7090.0,7141.10986328125,6423.26171875,720
2023-10-12,NESTLE,7141.10986328125,7141.10986328125,7141.10986328125,7141.10986328125,6423.26171875,0
2023-10-13,NESTLE,7198.0,7198.0,7198.0,7198.0,6474.4326171875,140
2023-10-16,NESTLE,7200.0,7301.0,7200.0,7300.0,6566.1796875,1080
2023-10-17,NESTLE,7230.0,7350.0,7230.0,7312.41015625,6577.341796875,1620
2023-10-18,NESTLE,7350.0,7400.0,7300.0,7300.0,6566.1796875,820
2023-10-19,NESTLE,7313.81005859375,7500.0,7300.0,7390.0,6647.1318359375,2560
2023-10-20,NESTLE,7200.0,7200.0,7200.0,7200.0,6476.23193359375,20
2023-10-23,NESTLE,7200.0,7200.0,7200.0,7200.0,6476.23193359375,40
2023-10-24,NESTLE,7190.0,7299.990234375,7190.0,7200.0,6476.23193359375,320
2023-10-25,NESTLE,7200.0,7300.0,7199.0,7300.0,6566.1796875,840
2023-10-26,NESTLE,7201.009765625,7299.990234375,7201.0,7299.990234375,6566.1708984375,60
2023-10-27,NESTLE,7200.0,7200.0,7125.0,7125.0,6408.77099609375,120
2023-10-30,NESTLE,7220.0,7220.0,7210.0,7210.0,6533.82958984375,120
2023-10-31,NESTLE,7210.0,7210.0,7210.0,7210.0,6533.82958984375,0
2023-11-01,NESTLE,7200.0,7200.0,7200.0,7200.0,6524.76708984375,680
2023-11-02,NESTLE,7200.0,7200.0,7200.0,7200.0,6524.76708984375,20
2023-11-03,NESTLE,7220.0,7300.0,7220.0,7300.0,6615.388671875,220
2023-11-06,NESTLE,7100.0,7300.0,7100.0,7300.0,6615.388671875,380
2023-11-07,NESTLE,7220.0,7300.0,7220.0,7300.0,6615.388671875,40
2023-11-08,NESTLE,7413.0,7413.0,7300.0,7300.0,6615.388671875,220
2023-11-09,NESTLE,7300.0,7300.0,7300.0,7300.0,6615.388671875,0
2023-11-10,NESTLE,7300.0,7300.0,7300.0,7300.0,6615.388671875,220
2023-11-13,NESTLE,7400.0,7847.5,7200.0,7847.5,7111.54296875,1820
2023-11-14,NESTLE,7850.0,8400.0,7850.0,8400.0,7612.22705078125,3620
2023-11-15,NESTLE,8400.0,8400.0,8385.0,8400.0,7612.22705078125,340
2023-11-16,NESTLE,8800.0,8800.0,8800.0,8800.0,7974.71484375,20
2023-11-17,NESTLE,8890.0,8890.0,8600.0,8600.0,7793.47021484375,80
2023-11-20,NESTLE,8155.509765625,8501.0,8155.0,8500.0,7702.849609375,680
2023-11-21,NESTLE,8500.0,8500.0,8315.0,8500.0,7702.849609375,200
2023-11-22,NESTLE,8500.0,8550.0,8500.0,8550.0,7748.16064453125,1100
2023-11-23,NESTLE,8250.0,8550.0,8250.0,8500.0,7702.849609375,5440
2023-11-24,NESTLE,8500.0,8600.0,8500.0,8567.5,7764.01904296875,600
2023-11-27,NESTLE,8380.0,8450.0,8380.0,8450.0,7657.5400390625,60
2023-11-28,NESTLE,8500.0,8500.0,8500.0,8500.0,7702.849609375,200
2023-11-29,NESTLE,8500.0,8500.0,8500.0,8500.0,7702.849609375,80
2023-11-30,NESTLE,8500.0,8500.0,8500.0,8500.0,7702.849609375,40
2023-12-01,NESTLE,8500.0,8500.0,8500.0,8500.0,7702.849609375,0
2023-12-04,NESTLE,8550.0,8620.0,8500.0,8600.009765625,7793.4794921875,100
2023-12-05,NESTLE,8600.009765625,8600.009765625,8600.009765625,8600.009765625,7793.4794921875,0
2023-12-06,NESTLE,8600.0,8700.0,8600.0,8700.0,7884.09375,220
2023-12-07,NESTLE,8600.099609375,8700.0,8600.099609375,8699.98046875,7884.07568359375,120
2023-12-08,NESTLE,8990.0,8990.0,8900.0,8900.0,8065.3369140625,80
2023-12-11,NESTLE,8501.0,8550.0,8450.099609375,8550.0,7748.16064453125,60
2023-12-12,NESTLE,8700.0,8700.0,8700.0,8700.0,7884.09375,20
2023-12-13,NESTLE,8505.0,8506.0,8505.0,8506.0,7708.28662109375,60
2023-12-14,NESTLE,8450.0,8500.0,8450.0,8500.0,7702.849609375,40
2023-12-15,NESTLE,8500.0,8500.0,8500.0,8500.0,7702.849609375,0
2023-12-18,NESTLE,8500.0,8500.0,8500.0,8500.0,7702.849609375,0
2023-12-19,NESTLE,8150.0,8160.0,7863.0,8100.0,7340.36279296875,900
2023-12-20,NESTLE,8100.0,8100.0,8100.0,8100.0,7340.36279296875,0
2023-12-21,NESTLE,8000.0,8000.0,7750.0,7906.0,7164.5556640625,240
2023-12-22,NESTLE,7906.0,7906.0,7906.0,7906.0,7164.5556640625,0
2023-12-25,NESTLE,7906.0,7906.0,7906.0,7906.0,7164.5556640625,0
2023-12-26,NESTLE,7800.0,7800.0,7800.0,7800.0,7068.4970703125,60
2023-12-27,NESTLE,7800.0,7800.0,7800.0,7800.0,7068.4970703125,20
2023-12-28,NESTLE,8000.0,8000.0,8000.0,8000.0,7249.74072265625,20
2023-12-29,NESTLE,7656.0,8300.0,7656.0,8203.0,7433.7021484375,340
2024-01-01,NESTLE,8203.0,8203.0,8203.0,8203.0,7433.7021484375,0
2024-01-02,NESTLE,8000.0,8200.0,8000.0,8200.0,7430.98486328125,120
2024-01-03,NESTLE,8200.0,8200.0,8200.0,8200.0,7430.98486328125,0
2024-01-04,NESTLE,8200.0,8200.0,8200.0,8200.0,7430.98486328125,0
2024-01-05,NESTLE,8200.0,8400.0,8200.0,8400.0,7612.22705078125,120
2024-01-08,NESTLE,8250.0,8250.0,8250.0,8250.0,7476.294921875,20
2024-01-09,NESTLE,8200.0,8200.0,8000.0,8200.0,7430.98486328125,360
2024-01-10,NESTLE,8000.0,8250.0,8000.0,8200.0,7430.98486328125,360
2024-01-11,NESTLE,8200.0,8200.0,8200.0,8200.0,7430.98486328125,0
2024-01-12,NESTLE,8200.0,8200.0,8200.0,8200.0,7430.98486328125,300
2024-01-15,NESTLE,8000.0,8000.0,8000.0,8000.0,7249.74072265625,100
2024-01-16,NESTLE,8100.0,8200.0,8100.0,8200.0,7430.98486328125,320
2024-01-17,NESTLE,8200.0,8200.0,8200.0,8200.0,7430.98486328125,0
2024-01-18,NESTLE,8200.0,8200.0,8199.0,8200.0,7430.98486328125,140
2024-01-19,NESTLE,8200.0,8200.0,8200.0,8200.0,7430.98486328125,40
2024-01-22,NESTLE,8250.0,8350.0,8200.0,8270.0,7494.41845703125,120
2024-01-23,NESTLE,8250.0,8450.0,8250.0,8350.0,7566.9169921875,60
2024-01-24,NESTLE,8300.0,8300.0,8300.0,8300.0,7521.60595703125,20
2024-01-25,NESTLE,8300.0,8300.0,8300.0,8300.0,7521.60595703125,0
2024-01-26,NESTLE,8300.0,8300.0,8200.0,8300.0,7521.60595703125,100
2024-01-29,NESTLE,8300.0,8300.0,8300.0,8300.0,7521.60595703125,0
2024-01-30,NESTLE,8300.0,8300.0,8300.0,8300.0,7521.60595703125,0
2024-01-31,NESTLE,8200.0,8200.0,8200.0,8200.0,7430.98486328125,120
2024-02-01,NESTLE,8200.0,8200.0,8200.0,8200.0,7430.98486328125,0
2024-02-02,NESTLE,8200.0,8200.099609375,8200.0,8200.0,7430.98486328125,540
2024-02-06,NESTLE,8199.0,8200.0,8199.0,8200.0,7430.98486328125,1440
2024-02-07,NESTLE,8200.0,8200.0,8200.0,8200.0,7430.98486328125,0
2024-02-08,NESTLE,8200.0,8200.0,8200.0,8200.0,7430.98486328125,0
2024-02-09,NESTLE,8200.0,8200.0,8200.0,8200.0,7430.98486328125,100
2024-02-12,NESTLE,8200.0,8200.0,8200.0,8200.0,7430.98486328125,0
2024-02-13,NESTLE,8200.0,8200.0,8200.0,8200.0,7430.98486328125,0
2024-02-14,NESTLE,8200.0,8200.0,8200.0,8200.0,7430.98486328125,0
2024-02-15,NESTLE,8200.0,8200.0,8200.0,8200.0,7430.98486328125,0
2024-02-16,NESTLE,8200.0,8200.0,8200.0,8200.0,7430.98486328125,0
2024-02-19,NESTLE,7850.0,8100.0,7850.0,7910.10986328125,7168.2802734375,60
2024-02-20,NESTLE,7910.10986328125,7910.10986328125,7910.10986328125,7910.10986328125,7168.2802734375,0
2024-02-21,NESTLE,7910.10986328125,7910.10986328125,7910.10986328125,7910.10986328125,7168.2802734375,0
2024-02-22,NESTLE,7910.10986328125,7910.10986328125,7910.10986328125,7910.10986328125,7168.2802734375,0
2024-02-23,NESTLE,7910.10986328125,7910.10986328125,7910.10986328125,7910.10986328125,7168.2802734375,0
2024-02-26,NESTLE,7725.0,7735.0,7560.0,7580.0,6869.1298828125,120
2024-02-27,NESTLE,7012.0,7888.990234375,7012.0,7780.0,7050.37255859375,60
2024-02-28,NESTLE,7780.0,7780.0,7780.0,7780.0,7050.37255859375,0
2024-02-29,NESTLE,7780.0,7780.0,7780.0,7780.0,7050.37255859375,0
2024-03-01,NESTLE,7870.0,7870.0,7870.0,7870.0,7131.9326171875,20
2024-03-04,NESTLE,7870.0,7870.0,7870.0,7870.0,7131.9326171875,0
2024-03-05,NESTLE,7700.0,7700.0,7655.0,7677.5,6957.4853515625,40
2024-03-06,NESTLE,8100.0,8200.0,8100.0,8200.0,7430.98486328125,40
2024-03-07,NESTLE,7980.0,7980.0,7700.0,7890.0,7150.056640625,80
2024-03-08,NESTLE,7625.0,8400.0,7625.0,8050.0,7295.0517578125,140
2024-03-11,NESTLE,7640.10986328125,7650.0,7451.06982421875,7577.77001953125,6867.1083984375,220
2024-03-12,NESTLE,7500.009765625,7500.009765625,7480.0,7480.0,6778.50732421875,80
2024-03-13,NESTLE,7980.0,7980.0,7430.8798828125,7430.8798828125,6733.99462890625,40
2024-03-14,NESTLE,7500.0,7500.0,7500.0,7500.0,6796.6318359375,20
2024-03-15,NESTLE,7500.0,7500.0,7500.0,7500.0,6796.6318359375,0
2024-03-18,NESTLE,7500.0,7500.0,7500.0,7500.0,6796.6318359375,0
2024-03-19,NESTLE,7000.2998046875,7420.0,7000.2998046875,7420.0,6724.13427734375,140
2024-03-20,NESTLE,7510.0,7510.0,7510.0,7510.0,6805.69384765625,20
2024-03-21,NESTLE,7510.0,7510.0,7510.0,7510.0,6805.69384765625,0
2024-03-22,NESTLE,7210.10986328125,7210.10986328125,7200.0,7200.0,6524.76708984375,200
2024-03-26,NESTLE,7400.0,7400.0,7400.0,7400.0,6706.009765625,0
2024-03-27,NESTLE,7400.0,7650.0,7400.0,7635.0,6918.9716796875,100
2024-03-28,NESTLE,7889.0,7889.0,7600.0,7600.330078125,6887.552734375,160
2024-03-29,NESTLE,7600.330078125,7600.330078125,7600.330078125,7600.330078125,6887.552734375,0
2024-04-01,NESTLE,7600.330078125,7600.330078125,7600.330078125,7600.330078125,6887.552734375,0
2024-04-02,NESTLE,7600.330078125,7600.330078125,7600.330078125,7600.330078125,6887.552734375,0
2024-04-03,NESTLE,7600.330078125,7600.330078125,7600.330078125,7600.330078125,6887.552734375,0
2024-04-04,NESTLE,7400.0,7600.330078125,7400.0,7566.89013671875,6857.24951171875,140
2024-04-05,NESTLE,7566.89013671875,7566.89013671875,7566.89013671875,7566.89013671875,6857.24951171875,0
2024-04-08,NESTLE,7566.89013671875,7566.89013671875,7566.89013671875,7566.89013671875,6874.51123046875,0
2024-04-09,NESTLE,7566.89013671875,7566.89013671875,7566.89013671875,7566.89013671875,6874.51123046875,0
2024-04-10,NESTLE,7566.89013671875,7566.89013671875,7566.89013671875,7566.89013671875,6874.51123046875,0
2024-04-15,NESTLE,7501.0,7526.0,7501.0,7525.0,6836.453125,60
2024-04-16,NESTLE,7525.0,7525.0,7525.0,7525.0,6836.453125,40
2024-04-17,NESTLE,7600.0,7600.0,7600.0,7600.0,6904.59033203125,40
2024-04-18,NESTLE,7600.0,7600.0,7400.0,7547.5,6856.89501953125,160
2024-04-19,NESTLE,7400.0,7600.0,7400.0,7600.0,6904.59033203125,320
2024-04-22,NESTLE,7599.0,7850.0,7599.0,7652.009765625,6951.84130859375,73
2024-04-23,NESTLE,7698.0,7698.0,7600.0,7680.35986328125,6977.59814453125,89
2024-04-24,NESTLE,7610.0,7799.990234375,7610.0,7706.0,7000.89208984375,45
2024-04-25,NESTLE,7700.0,7700.0,7690.0,7690.8701171875,6987.146484375,72
2024-04-26,NESTLE,7836.9599609375,7836.9599609375,7700.0,7822.60986328125,7106.8310546875,326
2024-04-29,NESTLE,7303.009765625,7790.0,7303.009765625,7484.2001953125,6799.38671875,2260
2024-04-30,NESTLE,7486.0,7619.0,7485.0,7485.0,6800.11328125,172
2024-05-02,NESTLE,7490.0,7490.0,7488.0,7485.0,6800.11328125,3
2024-05-03,NESTLE,7699.0,7699.0,7400.10009765625,7585.10986328125,6891.0634765625,260
2024-05-06,NESTLE,7699.0,7699.0,7555.0,7560.0,6868.2509765625,1192
2024-05-07,NESTLE,7561.0,7600.0,7400.10986328125,7530.0,6840.99560546875,151
2024-05-08,NESTLE,7412.0,7540.0,7400.0,7500.0,6813.7412109375,248
2024-05-09,NESTLE,7500.0,7500.0,7500.0,7500.0,6813.7412109375,6
2024-05-10,NESTLE,7497.0,7497.0,7450.0,7487.5,6802.384765625,16
2024-05-13,NESTLE,7524.10986328125,7524.10986328125,7300.0,7401.0,6723.7998046875,265
2024-05-14,NESTLE,7450.0,7450.0,7301.0,7306.580078125,6638.01953125,101
2024-05-15,NESTLE,7399.990234375,7399.990234375,7300.0,7380.0,6704.72119140625,191
2024-05-16,NESTLE,7380.0,7455.0,7214.0,7280.0,6613.87158203125,28
2024-05-17,NESTLE,7440.0,7440.0,7428.0,7429.81982421875,6749.982421875,31
2024-05-20,NESTLE,7200.0,7498.0,7200.0,7417.81982421875,6739.0810546875,130
2024-05-21,NESTLE,7598.0,7598.0,7255.2001953125,7321.27978515625,6651.37353515625,29
2024-05-22,NESTLE,7448.0,7449.0,7200.0,7200.0,6541.19189453125,550
2024-05-23,NESTLE,7199.990234375,7200.0,7199.990234375,7200.0,6541.19189453125,85
2024-05-24,NESTLE,7100.0,7200.0,7100.0,7192.1201171875,6534.0322265625,61
2024-05-27,NESTLE,7190.0,7200.0,7100.009765625,7199.990234375,6541.1826171875,73
2024-05-28,NESTLE,7199.990234375,7199.990234375,7199.990234375,7199.990234375,6541.1826171875,0
2024-05-29,NESTLE,7200.0,7200.0,7150.0,7159.81005859375,6504.67822265625,40
2024-05-30,NESTLE,7105.25,7200.0,7105.25,7195.5,6537.10302734375,28
2024-05-31,NESTLE,7150.0,7199.0,7131.0,7194.5498046875,6536.23974609375,85
2024-06-03,NESTLE,7150.0,7360.0,7051.0,7349.18994140625,6676.72998046875,140
2024-06-04,NESTLE,7350.0,7350.0,7157.0,7299.91015625,6631.95947265625,110
2024-06-05,NESTLE,7010.0,7300.0,7010.0,7300.0,6632.04150390625,127
2024-06-06,NESTLE,7000.35986328125,7348.990234375,7000.35986328125,7288.240234375,6621.35791015625,23
2024-06-07,NESTLE,6706.0,7299.990234375,6706.0,6995.330078125,6355.24853515625,406
2024-06-10,NESTLE,6950.0,7000.0,6950.0,6999.419921875,6358.96435546875,295
2024-06-11,NESTLE,7000.0,7000.0,6925.0,6997.990234375,6357.66552734375,8
2024-06-12,NESTLE,6950.0,6997.0,6815.009765625,6995.0,6354.94970703125,35
2024-06-13,NESTLE,7000.0,7100.0,6950.0,7008.68017578125,6367.3779296875,351
2024-06-14,NESTLE,7000.0,7100.0,6900.0,7097.919921875,6448.45166015625,167
2024-06-20,NESTLE,7000.0,7200.0,6921.0,7098.27978515625,6448.77880859375,523
2024-06-21,NESTLE,7000.0,7149.89013671875,6905.02001953125,7083.72998046875,6435.56005859375,411
2024-06-24,NESTLE,7083.72998046875,7200.0,7007.06982421875,7196.0,6537.5576171875,161
2024-06-25,NESTLE,7190.0,7200.0,7007.06982421875,7156.35009765625,6501.5361328125,1399
2024-06-26,NESTLE,7025.0,7060.0,6610.0,6914.0,6281.36083984375,1780
2024-06-27,NESTLE,6850.0,7000.0,6814.0,6926.919921875,6293.09814453125,275
2024-06-28,NESTLE,6989.8798828125,7378.77978515625,6820.0,7154.169921875,6499.5546875,258
2024-07-01,NESTLE,7011.25,7098.0,6900.0,7000.9501953125,6360.35498046875,177
2024-07-02,NESTLE,6990.0,6990.0,6925.0,6931.0,6296.80517578125,41
2024-07-03,NESTLE,7090.06982421875,7149.0,6901.10986328125,7060.41015625,6414.3740234375,186
2024-07-04,NESTLE,7090.990234375,7100.0,6955.0,7000.39013671875,6359.84619140625,123
2024-07-05,NESTLE,7020.0,7100.0,6950.0,7000.06982421875,6359.55517578125,314
2024-07-08,NESTLE,7090.0,7150.0,6907.0,7055.14990234375,6409.59521484375,585
2024-07-09,NESTLE,7100.0,7100.0,6994.490234375,6999.9599609375,6359.455078125,390
2024-07-10,NESTLE,7099.990234375,7099.990234375,6800.02001953125,7039.43017578125,6395.3134765625,104
2024-07-11,NESTLE,7039.39990234375,7050.0,6921.009765625,7047.8798828125,6402.9912109375,29
2024-07-12,NESTLE,6850.009765625,7049.990234375,6850.009765625,7045.0,6400.3740234375,31
2024-07-15,NESTLE,7714.27978515625,7714.27978515625,7021.0,7150.0,6495.7666015625,898
2024-07-16,NESTLE,7150.0,7150.0,7150.0,7150.0,6495.7666015625,0
2024-07-17,NESTLE,7150.0,7150.0,7150.0,7150.0,6495.7666015625,0
2024-07-18,NESTLE,7249.5400390625,7250.0,7011.0,7148.47021484375,6494.37646484375,172
2024-07-19,NESTLE,7150.0,7150.0,7000.0,7005.0,6364.0341796875,440
2024-07-22,NESTLE,7049.990234375,7049.990234375,6711.009765625,6998.0,6357.6748046875,81
2024-07-23,NESTLE,7025.0,7048.0,6950.0,6950.0,6314.06640625,33
2024-07-24,NESTLE,7000.0,7050.0,7000.0,7020.0,6377.66162109375,97
2024-07-25,NESTLE,7000.0,7050.0,6900.0,6956.9599609375,6320.3896484375,346
2024-07-26,NESTLE,7099.0,7099.0,6900.0,6900.0,6268.6416015625,115
2024-07-29,NESTLE,6900.0,7069.990234375,6900.0,6949.93017578125,6314.00390625,881
2024-07-30,NESTLE,6949.0,6950.0,6835.0,6852.7998046875,6225.7607421875,162
2024-07-31,NESTLE,6950.0,6997.990234375,6912.0,6965.5,6328.1484375,1501
2024-08-01,NESTLE,6780.009765625,6999.990234375,6780.009765625,6900.0,6268.6416015625,51
2024-08-02,NESTLE,6998.990234375,7045.0,6730.0,7029.669921875,6386.44677734375,560
2024-08-05,NESTLE,6950.0498046875,7050.0,6800.0,6848.52001953125,6321.693359375,94
2024-08-06,NESTLE,6900.0,7005.0,6840.0,6997.2099609375,6458.9453125,85
2024-08-07,NESTLE,6810.009765625,7042.990234375,6810.009765625,6911.990234375,6380.28076171875,105
2024-08-08,NESTLE,6901.0,6983.990234375,6900.0,6925.0,6392.29052734375,21
2024-08-09,NESTLE,7049.0,7049.0,6900.0,6900.0,6369.212890625,126
2024-08-12,NESTLE,6900.0,7029.990234375,6775.0,6802.0,6278.751953125,96
2024-08-13,NESTLE,6701.009765625,6948.990234375,6701.009765625,6847.5,6320.75146484375,181
2024-08-15,NESTLE,6999.0,7089.0,6766.0,6800.0,6276.90576171875,410
2024-08-16,NESTLE,7030.0,7030.0,6700.0,6841.7900390625,6315.48046875,1158
2024-08-19,NESTLE,6800.0,6900.0,6707.06982421875,6816.66015625,6292.28369140625,143
2024-08-20,NESTLE,6890.89990234375,6890.89990234375,6816.66015625,6873.43017578125,6344.68701171875,56
2024-08-21,NESTLE,7085.0,7085.0,6710.10009765625,6846.31982421875,6319.66259765625,14
2024-08-22,NESTLE,6974.990234375,7000.0,6800.0,6900.0,6369.212890625,312
2024-08-23,NESTLE,6999.0,7030.0,6850.0,6975.0,6438.44384765625,177
2024-08-26,NESTLE,6960.0,6960.0,6850.0,6887.14990234375,6357.35107421875,15
2024-08-27,NESTLE,6999.990234375,6999.990234375,6850.0,6863.5498046875,6335.56689453125,62
2024-08-28,NESTLE,6920.0,6920.0,6800.009765625,6817.14990234375,6292.736328125,54
2024-08-29,NESTLE,6900.0,6900.0,6801.0,6894.990234375,6364.5888671875,36
2024-08-30,NESTLE,6900.0,7225.0,6900.0,6900.0,6369.212890625,82
2024-09-02,NESTLE,6750.0,6940.0,6710.10009765625,6860.830078125,6333.05615234375,46
2024-09-03,NESTLE,6910.0,7499.89990234375,6910.0,7000.0,6461.5205078125,11057
2024-09-04,NESTLE,6851.009765625,6994.990234375,6851.0,6917.669921875,6385.5234375,90
2024-09-05,NESTLE,6917.0,6917.0,6900.0,6915.0,6383.0595703125,19
2024-09-06,NESTLE,6999.0,7000.0,6991.990234375,6997.5,6459.21337890625,24
2024-09-09,NESTLE,7000.0,7000.0,6999.97998046875,6999.990234375,6461.51123046875,4
2024-09-10,NESTLE,6909.990234375,6994.0,6909.0,6980.0,6443.05859375,54
2024-09-11,NESTLE,6865.009765625,7050.0,6865.009765625,6970.0,6433.828125,100
2024-09-12,NESTLE,7039.0,7039.0,6990.0,6999.5,6461.05859375,112
2024-09-13,NESTLE,7100.0,7100.0,6870.06982421875,6984.830078125,6447.517578125,32
2024-09-16,NESTLE,6851.02001953125,6984.990234375,6851.02001953125,6980.0,6443.05859375,27
2024-09-17,NESTLE,6980.0,6980.0,6980.0,6980.0,6443.05859375,0
2024-09-18,NESTLE,6900.0,6979.81005859375,6900.0,6901.60986328125,6370.69921875,81
2024-09-19,NESTLE,6999.990234375,6999.990234375,6870.08984375,6962.0498046875,6426.48974609375,28
2024-09-20,NESTLE,6860.06982421875,6984.990234375,6840.41015625,6962.5498046875,6426.95068359375,51
2024-09-23,NESTLE,6860.06982421875,6999.9599609375,6860.06982421875,6958.06982421875,6422.81640625,99
2024-09-24,NESTLE,6958.009765625,6958.009765625,6858.0,6906.02001953125,6374.7705078125,24
2024-09-25,NESTLE,6925.0,6925.0,6925.0,6906.02001953125,6374.7705078125,3
2024-09-26,NESTLE,6900.0,6990.990234375,6860.0,6865.56005859375,6337.4228515625,98
2024-09-27,NESTLE,6899.0,6899.0,6826.1298828125,6888.490234375,6358.58837890625,48
2024-09-30,NESTLE,6989.990234375,6989.990234375,6800.0,6800.0,6276.90576171875,142
2024-10-01,NESTLE,6850.0,6850.0,6800.0,6811.25,6287.2900390625,25
2024-10-02,NESTLE,6705.0498046875,6845.0,6705.0498046875,6802.27001953125,6279.0009765625,238
2024-10-03,NESTLE,6830.0,6835.0,6800.0,6802.0400390625,6278.78857421875,3243
2024-10-04,NESTLE,6701.0,6818.990234375,6701.0,6798.2900390625,6275.3271484375,57
2024-10-07,NESTLE,6800.0,6800.0,6799.0,6799.89990234375,6276.8134765625,45
2024-10-08,NESTLE,6920.0,6920.0,6701.009765625,6865.240234375,6337.12744140625,38
2024-10-09,NESTLE,6865.240234375,6865.240234375,6865.240234375,6865.240234375,6337.12744140625,0
2024-10-10,NESTLE,6800.0,6800.0,6770.0,6777.75,6256.36767578125,152
2024-10-11,NESTLE,6776.009765625,6949.0,6750.0,6931.4501953125,6398.24365234375,373
2024-10-14,NESTLE,6900.0,6900.0,6760.0,6792.0,6269.5205078125,413
2024-10-15,NESTLE,6730.2998046875,6800.0,6730.2998046875,6800.0,6276.90576171875,41
2024-10-16,NESTLE,6710.0,6900.0,6710.0,6900.0,6369.212890625,223
2024-10-17,NESTLE,6710.0,6999.0,6710.0,6800.0,6276.90576171875,152
2024-10-18,NESTLE,6716.0,6850.0,6716.0,6797.41015625,6274.51513671875,450
2024-10-21,NESTLE,6880.0,6880.0,6760.0,6799.02978515625,6276.009765625,32
2024-10-22,NESTLE,6800.0,6800.0,6777.0,6799.0400390625,6276.02001953125,86
2024-10-23,NESTLE,6755.0,6798.990234375,6750.0,6781.89990234375,6260.1982421875,153
2024-10-24,NESTLE,6850.0,6850.0,6565.0,6624.9599609375,6115.33056640625,808
2024-10-25,NESTLE,6630.0,6650.0,6535.0,6565.1201171875,6060.09423828125,590
2024-10-28,NESTLE,6550.0,6730.0,6550.0,6651.2998046875,6139.64453125,655
2024-10-29,NESTLE,6651.2998046875,6680.0,6585.02978515625,6678.0,6164.291015625,459
2024-10-30,NESTLE,6745.0,6745.0,6614.0,6652.75,6140.98291015625,241
2024-10-31,NESTLE,6749.0,6749.0,6550.0,6552.02001953125,6070.8154296875,200
2024-11-01,NESTLE,6740.0,6740.0,6555.0,6563.8701171875,6081.79443359375,269
2024-11-04,NESTLE,6515.0,6690.0,6510.0,6620.0,6133.8017578125,152
2024-11-05,NESTLE,6695.009765625,6695.009765625,6565.009765625,6600.0,6115.2705078125,144
2024-11-06,NESTLE,6800.0,6800.0,6590.0,6606.009765625,6120.83935546875,196
2024-11-07,NESTLE,6698.990234375,6700.0,6582.0,6598.08984375,6113.50146484375,328
2024-11-08,NESTLE,6561.0,6648.990234375,6510.0,6594.330078125,6110.01708984375,759
2024-11-11,NESTLE,6620.0,6648.0,6523.0,6589.5400390625,6105.5791015625,166
2024-11-12,NESTLE,6510.0,6590.0,6500.0,6564.66015625,6082.52685546875,336
2024-11-13,NESTLE,6564.0,6564.0,6514.0,6552.75,6071.4912109375,220
2024-11-14,NESTLE,6589.97021484375,6589.97021484375,6527.02001953125,6582.0,6098.5927734375,156
2024-11-15,NESTLE,6586.0,6619.0,6550.0,6600.009765625,6115.27978515625,1651
2024-11-18,NESTLE,6600.0,6600.0,6532.31982421875,6558.35009765625,6076.6796875,268
2024-11-19,NESTLE,6600.0,6624.0,6561.009765625,6600.0,6115.2705078125,793
2024-11-20,NESTLE,6570.0,6750.0,6565.64990234375,6691.169921875,6199.74560546875,1405
2024-11-21,NESTLE,6568.0,6700.0,6568.0,6616.31005859375,6130.3828125,1573
2024-11-22,NESTLE,6690.0,6879.89990234375,6603.02978515625,6700.0,6207.9267578125,555
2024-11-25,NESTLE,6720.0,6800.0,6651.0,6700.0,6207.9267578125,230
2024-11-26,NESTLE,6750.0,6750.0,6520.0,6602.0,6117.1240234375,934
2024-11-27,NESTLE,6699.0,6699.0,6570.0,6600.490234375,6115.72509765625,1897
2024-11-28,NESTLE,6600.0,6649.990234375,6540.0,6583.8701171875,6100.32568359375,878
2024-11-29,NESTLE,6640.0,6640.0,6556.02001953125,6570.669921875,6088.0947265625,334
2024-12-02,NESTLE,6550.0,6650.0,6540.0,6632.8701171875,6145.7265625,2135
2024-12-03,NESTLE,6556.009765625,6700.0,6556.009765625,6681.3798828125,6190.67431640625,1599
2024-12-04,NESTLE,6681.3798828125,6770.0,6680.0,6701.9599609375,6209.7421875,691
2024-12-05,NESTLE,6702.0,6778.10009765625,6690.0,6711.419921875,6218.50732421875,1121
2024-12-06,NESTLE,6777.0,6777.0,6690.0,6715.93017578125,6222.68701171875,579
2024-12-09,NESTLE,6700.0,7387.52001953125,6700.0,7387.52001953125,6844.95263671875,1370
2024-12-10,NESTLE,7500.0,8000.0,7100.02978515625,7330.81005859375,6792.40771484375,1153
2024-12-11,NESTLE,7330.81005859375,7969.0,7050.0,7155.27001953125,6629.759765625,863
2024-12-12,NESTLE,7210.0,7550.0,7200.0,7355.18994140625,6814.9970703125,3837
2024-12-13,NESTLE,7400.0,7585.02001953125,7302.009765625,7423.08984375,6877.91015625,425
2024-12-16,NESTLE,7500.0,7700.009765625,7400.009765625,7586.35986328125,7029.18896484375,781
2024-12-17,NESTLE,7549.0,7549.990234375,7450.0,7511.47998046875,6959.80810546875,157
2024-12-18,NESTLE,7500.0,7600.0,7410.0,7429.0,6883.38623046875,137
2024-12-19,NESTLE,7428.990234375,7500.0,7220.009765625,7241.3701171875,6709.5361328125,915
2024-12-20,NESTLE,7113.0,7965.0,7113.0,7311.64990234375,6774.65478515625,202
2024-12-23,NESTLE,7474.97998046875,7474.97998046875,7200.25,7329.35009765625,6791.0546875,1456
2024-12-24,NESTLE,7330.0,7449.0,7204.0400390625,7232.0,6700.8544921875,167
2024-12-26,NESTLE,7399.0,7500.0,7300.0,7430.81005859375,6885.06298828125,694
2024-12-27,NESTLE,7310.02978515625,7499.0,7301.0,7377.7001953125,6835.85400390625,296
2024-12-30,NESTLE,7490.0,7504.0,7385.0,7400.0,6856.515625,214
2024-12-31,NESTLE,7500.0,7500.0,7355.43017578125,7450.0,6902.84375,146
2025-01-01,NESTLE,7450.0,7450.0,7450.0,7450.0,6902.84375,0
2025-01-02,NESTLE,7400.0,7500.0,7400.0,7405.47998046875,6861.59326171875,295
2025-01-03,NESTLE,7449.990234375,7450.0,7335.0,7405.0,6861.14892578125,58
2025-01-06,NESTLE,7305.0,7470.97998046875,7305.0,7419.47021484375,6874.55615234375,144
2025-01-07,NESTLE,7301.009765625,7398.990234375,7210.0,7344.080078125,6804.70263671875,266
2025-01-08,NESTLE,7345.0,7350.0,7202.02001953125,7282.22998046875,6747.39501953125,117
2025-01-09,NESTLE,7120.0,7219.990234375,7110.02001953125,7151.2099609375,6625.998046875,160
2025-01-10,NESTLE,7150.0,7550.0,7150.0,7502.60009765625,6951.58056640625,1104
2025-01-13,NESTLE,7500.0,7500.0,7322.02978515625,7493.97021484375,6943.58447265625,191
2025-01-14,NESTLE,7495.0,7495.0,7361.0,7435.93017578125,6889.8076171875,117
2025-01-15,NESTLE,7303.0,7489.22021484375,7250.0,7408.97998046875,6864.8359375,152
2025-01-16,NESTLE,7500.0,7500.0,7380.0,7419.10986328125,6874.22265625,180
2025-01-17,NESTLE,7494.990234375,7498.0,7306.0,7488.68994140625,6938.6923828125,319
2025-01-20,NESTLE,7327.10986328125,7494.77001953125,7327.10986328125,7461.39990234375,6913.40673828125,52
2025-01-21,NESTLE,7380.009765625,7495.0,7380.009765625,7448.830078125,6901.759765625,206
2025-01-22,NESTLE,7494.0,7500.0,7415.0,7472.25,6923.45947265625,261
2025-01-23,NESTLE,7498.0,7498.0,7366.0,7440.240234375,6893.80078125,136
2025-01-24,NESTLE,7490.0,7500.0,7302.0,7424.35009765625,6879.07763671875,169
2025-01-27,NESTLE,7430.0,7500.0,7400.0,7405.759765625,6861.85302734375,149
2025-01-28,NESTLE,7150.009765625,7475.0,7150.009765625,7370.0,6828.71923828125,45
2025-01-29,NESTLE,7301.0,7491.77001953125,7301.0,7459.60009765625,6911.73876953125,138
2025-01-30,NESTLE,7459.60009765625,7460.0,7400.0,7431.0498046875,6885.28515625,223
2025-01-31,NESTLE,7425.0,7450.0,7400.0,7433.5,6887.55517578125,34
2025-02-03,NESTLE,7400.0,7482.43994140625,7350.0,7395.0,6851.8837890625,103
2025-02-04,NESTLE,7300.0,7489.0,7200.0,7389.25,6846.5556640625,128
2025-02-06,NESTLE,7350.0498046875,7495.0,7350.0,7440.35986328125,6893.91162109375,120
2025-02-07,NESTLE,7353.02978515625,7460.0,7353.02978515625,7458.97021484375,6911.1552734375,192
2025-02-10,NESTLE,7460.0,7460.0,7260.009765625,7455.5,6907.93994140625,28
2025-02-11,NESTLE,7460.0,7460.0,7425.0,7444.02001953125,6897.302734375,38
2025-02-12,NESTLE,7425.10009765625,7460.0,7425.10009765625,7430.0,6884.3125,35
2025-02-13,NESTLE,7429.0,7435.0,7300.0,7366.5,6825.47607421875,113
2025-02-14,NESTLE,7400.10009765625,7440.25,7200.0,7373.39013671875,6831.86083984375,338
2025-02-17,NESTLE,7251.0,7459.8798828125,7106.009765625,7250.2998046875,6717.81005859375,94
2025-02-18,NESTLE,7300.0,7413.0,7250.0,7300.0,6763.85986328125,301
2025-02-19,NESTLE,7300.0498046875,7398.0,7280.0,7300.0,6763.85986328125,330
2025-02-20,NESTLE,7280.0,7345.0,7200.0,7297.1298828125,6761.201171875,242
2025-02-21,NESTLE,7299.0,7450.0,7200.0,7345.83984375,6806.33349609375,434
2025-02-24,NESTLE,7345.83984375,7345.83984375,7205.009765625,7300.0,6763.85986328125,241
2025-02-25,NESTLE,7398.990234375,7440.0,7255.080078125,7304.7998046875,6768.30712890625,60
2025-02-26,NESTLE,7350.0,7350.0,7325.0,7334.0,6795.36328125,109
2025-02-27,NESTLE,7325.0,7400.0,7201.06005859375,7362.3701171875,6821.64990234375,33
2025-02-28,NESTLE,7399.990234375,7400.0,7326.0,7350.43017578125,6810.5869140625,267
2025-03-03,NESTLE,7440.0,7498.0,7330.0,7338.330078125,6799.37548828125,43
2025-03-04,NESTLE,7338.330078125,7338.330078125,7338.330078125,7338.330078125,6799.37548828125,0
2025-03-05,NESTLE,7360.0,7501.0,7350.0,7499.2001953125,6948.4306640625,1014
2025-03-06,NESTLE,7450.0,7495.0,7362.009765625,7362.02001953125,6821.32568359375,61
2025-03-07,NESTLE,7361.0,7400.0,7361.0,7395.60009765625,6852.439453125,54
2025-03-10,NESTLE,7320.009765625,7494.990234375,7320.0,7321.25,6783.55029296875,54
2025-03-11,NESTLE,7399.0,7399.0,7330.0,7351.0,6811.11474609375,68
2025-03-12,NESTLE,7350.0,7350.0,7300.009765625,7350.0,6810.18798828125,74
2025-03-13,NESTLE,7444.0,7445.0,7350.0,7350.0498046875,6810.23388671875,46
2025-03-14,NESTLE,7350.0498046875,7440.0,7300.009765625,7336.0498046875,6797.2626953125,67
2025-03-17,NESTLE,7500.0,7500.0,7300.0,7350.0,6810.18798828125,120
2025-03-18,NESTLE,7350.0,7600.0,7350.0,7467.169921875,6918.751953125,175
2025-03-19,NESTLE,7450.0,7475.0,7388.080078125,7402.330078125,6858.6748046875,43
2025-03-20,NESTLE,7600.0,7600.0,7310.009765625,7383.919921875,6841.61669921875,355
2025-03-21,NESTLE,7448.990234375,7448.990234375,7378.0,7398.5498046875,6855.171875,39
2025-03-24,NESTLE,7395.990234375,7395.990234375,7315.97998046875,7374.93994140625,6833.29638671875,32
2025-03-25,NESTLE,7450.0,7450.0,7151.0,7374.97998046875,6833.33349609375,79
2025-03-26,NESTLE,7320.0,7414.08984375,7320.0,7385.77978515625,6843.33984375,53
2025-03-27,NESTLE,7384.0,7394.990234375,7360.0,7371.5,6830.10888671875,141
2025-03-28,NESTLE,7371.5,7371.5,7371.5,7371.5,6830.10888671875,0
2025-03-31,NESTLE,7371.5,7371.5,7371.5,7371.5,6830.10888671875,0
2025-04-03,NESTLE,7400.0,7400.0,7295.7998046875,7398.0,6854.66259765625,133
2025-04-04,NESTLE,7399.0,7399.0,6700.0,7350.0,6810.18798828125,85
2025-04-07,NESTLE,7399.0,7399.0,7000.0,7200.02001953125,6671.22314453125,142
2025-04-08,NESTLE,7389.0,7389.0,7200.0,7242.9501953125,6711.0,227
2025-04-09,NESTLE,7300.0,7300.0,7130.10986328125,7206.35009765625,6677.08837890625,164
2025-04-10,NESTLE,7220.0,7310.0,7170.0,7183.47998046875,6655.89794921875,418
2025-04-11,NESTLE,7110.0,7308.7998046875,7000.0,7070.85009765625,6579.015625,158
2025-04-14,NESTLE,7250.0,7250.0,7101.0,7173.330078125,6674.3671875,75
2025-04-15,NESTLE,7130.0,7199.7998046875,7100.0,7114.77001953125,6619.880859375,412
2025-04-16,NESTLE,7130.0,7186.0,7100.0,7100.0,6606.13818359375,81
2025-04-17,NESTLE,7180.0,7180.0,7009.0,7071.72998046875,6579.83447265625,135
2025-04-18,NESTLE,7144.0,7145.0,7090.0,7100.0,6606.13818359375,143
2025-04-21,NESTLE,6701.009765625,7097.06005859375,6701.009765625,7001.14013671875,6514.15478515625,220
2025-04-22,NESTLE,6758.0,7120.0,6758.0,7054.2099609375,6563.53271484375,120
2025-04-23,NESTLE,7030.0,7050.0,7025.5498046875,7048.990234375,6558.6767578125,14
2025-04-24,NESTLE,7025.0498046875,7025.0498046875,6801.0,6998.0,6511.23291015625,105
2025-04-25,NESTLE,6851.0,7100.0,6725.0,6994.33984375,6507.82763671875,175
2025-04-28,NESTLE,6990.0,6991.0,6826.0,6990.169921875,6503.947265625,112
2025-04-29,NESTLE,6900.0,7100.0,6820.0,6887.0,6407.95361328125,330
2025-04-30,NESTLE,7174.990234375,7174.990234375,6800.0,6804.0400390625,6330.7646484375,150
2025-05-02,NESTLE,6800.009765625,6950.0,6500.0,6902.27001953125,6422.16162109375,218
2025-05-05,NESTLE,6900.0,7300.0,6705.0,7190.35986328125,6690.21240234375,370
2025-05-06,NESTLE,6857.0,7300.0,6857.0,7018.0,6529.841796875,402
2025-05-07,NESTLE,7000.0,7200.0,6751.009765625,7132.18994140625,6636.0888671875,134
2025-05-08,NESTLE,7000.0,7185.0,6711.009765625,6998.83984375,6512.0146484375,284
2025-05-09,NESTLE,7300.0,7300.0,6525.0,7119.14990234375,6623.9560546875,101
2025-05-12,NESTLE,7349.0,7349.0,6852.0,7164.669921875,6666.3095703125,399
2025-05-13,NESTLE,7001.0,7169.0,7001.0,7074.08984375,6582.0302734375,53
2025-05-14,NESTLE,7074.08984375,7080.0,6916.0,7073.08984375,6581.099609375,47
2025-05-15,NESTLE,7080.0,7250.0,7080.0,7180.0,6680.5732421875,222
2025-05-16,NESTLE,7288.85009765625,7288.85009765625,6993.919921875,7091.77978515625,6598.48974609375,223
2025-05-19,NESTLE,7091.77978515625,7124.0,6971.009765625,7068.64013671875,6576.95947265625,364
2025-05-20,NESTLE,7149.89013671875,7149.89013671875,7000.10009765625,7050.10009765625,6559.708984375,135
2025-05-21,NESTLE,6975.97998046875,7119.43994140625,6975.97998046875,7070.0498046875,6578.27099609375,101
2025-05-22,NESTLE,7070.0498046875,7100.0,7010.0,7054.419921875,6563.72802734375,89
2025-05-23,NESTLE,7080.0,7096.75,6987.0,7018.72021484375,6530.51171875,44
2025-05-26,NESTLE,7073.990234375,7100.0,7000.0,7013.35986328125,6525.5244140625,61
2025-05-27,NESTLE,7015.0,7015.0,7010.0,7010.0,6522.3984375,18
2025-05-28,NESTLE,7010.0,7010.0,7010.0,7010.0,6522.3984375,0
2025-05-29,NESTLE,7020.259765625,7049.0,7001.0,7025.39990234375,6536.7275390625,32
2025-05-30,NESTLE,7025.39990234375,7095.0,6951.5,7001.10986328125,6514.1259765625,59
2025-06-02,NESTLE,7010.0,7050.0,6402.02001953125,7041.259765625,6551.4833984375,218
2025-06-03,NESTLE,7089.89013671875,7089.89013671875,7079.0,7085.72998046875,6592.8603515625,7
2025-06-04,NESTLE,7080.0,7080.0,7004.0,7036.18017578125,6546.7568359375,18
2025-06-05,NESTLE,7036.18017578125,7089.43994140625,7036.0,7088.60986328125,6595.5400390625,10
2025-06-06,NESTLE,7088.60986328125,7088.60986328125,7088.60986328125,7088.60986328125,6595.5400390625,0
2025-06-09,NESTLE,7088.60986328125,7088.60986328125,7088.60986328125,7088.60986328125,6595.5400390625,0
2025-06-10,NESTLE,7147.9501953125,7147.9501953125,6985.0,7000.0,6513.09375,200
2025-06-11,NESTLE,7062.5,7071.97998046875,6990.009765625,7000.009765625,6513.10302734375,172
2025-06-12,NESTLE,6999.0,7039.0,6999.0,7014.47998046875,6526.56640625,178
2025-06-13,NESTLE,6950.0,7010.0,6950.0,7007.68994140625,6520.24853515625,166
2025-06-16,NESTLE,7007.68994140625,7007.68994140625,7007.68994140625,7007.68994140625,6520.24853515625,0
2025-06-17,NESTLE,6956.0,7080.0,6930.0,7007.47998046875,6520.05322265625,165
2025-06-18,NESTLE,6955.009765625,7032.0,6955.009765625,7009.83984375,6522.2490234375,121
2025-06-19,NESTLE,6911.0,7029.0,6911.0,7004.77001953125,6517.5322265625,28
2025-06-20,NESTLE,7020.0,7020.0,6950.0,6999.990234375,6513.0849609375,46
2025-06-23,NESTLE,7010.0,7010.0,6905.0,7007.8701171875,6520.41650390625,198
2025-06-24,NESTLE,7010.0,7125.0,7000.0,7036.39990234375,6546.9619140625,473
2025-06-25,NESTLE,7040.0,7049.0,7001.0,7047.5,6557.28955078125,8
2025-06-26,NESTLE,6974.5,7069.990234375,6956.08984375,6976.85009765625,6491.55419921875,23
2025-06-27,NESTLE,7068.0,7068.0,6981.009765625,7031.39990234375,6542.30908203125,144
2025-06-30,NESTLE,6825.009765625,7050.0,6825.009765625,7046.0,6555.89404296875,156
2025-07-01,NESTLE,7040.0,7040.0,6985.0,7015.0,6527.05029296875,173
2025-07-02,NESTLE,7040.0,7049.0,7000.0,7040.10986328125,6550.4140625,239
2025-07-03,NESTLE,6990.0,7050.0,6965.0,7000.919921875,6513.94970703125,101
2025-07-04,NESTLE,6966.0,7039.97998046875,6966.0,7038.08984375,6548.5341796875,127
2025-07-07,NESTLE,7038.08984375,7089.0,7038.08984375,7086.5,6593.5771484375,184
2025-07-08,NESTLE,7085.0,7795.14990234375,7080.0,7224.919921875,6722.36865234375,1281
2025-07-09,NESTLE,7110.0,7250.0,7110.0,7181.0,6681.50390625,65
2025-07-10,NESTLE,7350.0,7350.0,7120.0,7160.5400390625,6662.46728515625,259
2025-07-11,NESTLE,7160.5400390625,7175.0,7105.0498046875,7150.5,6653.12548828125,245
2025-07-14,NESTLE,7190.0,7250.5,7101.0,7145.60986328125,6648.5751953125,192
2025-07-15,NESTLE,7135.009765625,7219.97998046875,7135.009765625,7199.0,6698.251953125,347
2025-07-16,NESTLE,7152.14990234375,7265.0,7152.1298828125,7244.89013671875,6740.94970703125,1249
2025-07-17,NESTLE,7250.0,7278.0,7202.0,7235.0,6731.74755859375,564
2025-07-18,NESTLE,7230.0,7499.0,7150.0,7313.02978515625,6804.35009765625,263
2025-07-21,NESTLE,7313.02978515625,7480.0,7313.0,7400.0,6885.2705078125,529
2025-07-22,NESTLE,7401.0,7485.0,7205.10986328125,7445.4501953125,6927.5595703125,517
2025-07-23,NESTLE,7500.0,7500.0,7275.0,7495.990234375,6974.58447265625,190
2025-07-24,NESTLE,7497.0,7900.0,7325.0,7873.81005859375,7326.123046875,1152
2025-07-25,NESTLE,7873.81005859375,7890.0,7300.0,7699.77001953125,7164.189453125,2984
2025-07-28,NESTLE,7888.7998046875,7888.7998046875,7600.009765625,7701.93017578125,7166.19873046875,729
2025-07-29,NESTLE,7799.0,7799.0,7622.0,7689.83984375,7154.94970703125,303
2025-07-30,NESTLE,7735.0,7735.0,7590.0,7611.31982421875,7081.89111328125,451
2025-07-31,NESTLE,7620.0,7800.0,7580.0,7630.009765625,7099.28125,407
2025-08-01,NESTLE,7630.10986328125,8150.0,7630.009765625,7888.2998046875,7339.60498046875,1203
2025-08-04,NESTLE,7650.0,8100.0,7650.0,7907.56005859375,7571.57177734375,1314
2025-08-05,NESTLE,8000.0,8698.3203125,8000.0,8698.3203125,8328.7333984375,1316
2025-08-06,NESTLE,8920.0,9568.150390625,8920.0,9568.150390625,9161.6044921875,1655
2025-08-07,NESTLE,10490.0,10524.9697265625,8706.0,9037.580078125,8653.578125,6689
2025-08-08,NESTLE,9037.580078125,9400.0,8906.0,8950.5595703125,8570.2548828125,807
2025-08-11,NESTLE,8960.01953125,9300.0,8600.0,8851.3603515625,8475.2705078125,1061
2025-08-12,NESTLE,8900.0,8994.75,8700.009765625,8762.7900390625,8390.4638671875,267
2025-08-13,NESTLE,8859.75,8859.75,8750.0,8758.0595703125,8385.93359375,300
2025-08-15,NESTLE,8700.0,8799.0,8499.990234375,8654.08984375,8286.3818359375,579
2025-08-18,NESTLE,8773.75,8773.75,8251.0,8394.9404296875,8038.24365234375,1670
2025-08-19,NESTLE,8459.98046875,8459.990234375,8281.0,8351.5703125,7996.71630859375,390
2025-08-20,NESTLE,8479.0,8479.0,8301.0,8378.6201171875,8022.61669921875,177
2025-08-21,NESTLE,8378.6201171875,8429.2998046875,8200.0,8356.7900390625,8001.71435546875,238
2025-08-22,NESTLE,8240.009765625,8375.0,8200.0,8232.080078125,7882.30322265625,583
2025-08-25,NESTLE,8232.25,8265.0,7843.1298828125,8103.419921875,7759.109375,541
2025-08-26,NESTLE,8103.419921875,8250.0,7900.009765625,8225.0703125,7875.5908203125,278
2025-08-27,NESTLE,8270.0,8357.8603515625,8035.0,8287.1396484375,7935.02392578125,303
2025-08-28,NESTLE,8290.099609375,8440.0,8012.02001953125,8370.2099609375,8014.5634765625,344
2025-08-29,NESTLE,8105.0,8600.0,8105.0,8516.3798828125,8154.52294921875,1016
2025-09-01,NESTLE,8401.009765625,8700.0,8202.0,8439.1796875,8080.60302734375,419
2025-09-02,NESTLE,8401.0,8553.98046875,8310.0302734375,8382.7197265625,8026.54248046875,365
2025-09-03,NESTLE,8313.0,8468.0,7800.0,8414.9501953125,8057.40283203125,277
2025-09-04,NESTLE,8414.900390625,8474.0,8100.0,8457.7802734375,8098.41357421875,320
2025-09-05,NESTLE,8457.0,8488.0,8225.01953125,8417.6201171875,8059.95947265625,207
2025-09-08,NESTLE,8415.0,8470.0,8317.6201171875,8452.23046875,8093.09912109375,380
2025-09-09,NESTLE,8500.0,8509.0,8311.08984375,8470.08984375,8110.20068359375,655
2025-09-10,NESTLE,8588.0,8588.0,8411.0,8471.2099609375,8111.27294921875,853
2025-09-11,NESTLE,8475.0,8500.0,8156.0498046875,8363.8896484375,8008.51220703125,365
2025-09-12,NESTLE,8300.0,8500.0,8010.0,8202.0595703125,7853.55810546875,305
2025-09-15,NESTLE,8499.0,8499.0,8055.0,8371.330078125,8015.63623046875,74
2025-09-16,NESTLE,8499.990234375,8499.990234375,8311.009765625,8368.330078125,8012.76416015625,63
2025-09-17,NESTLE,8291.099609375,8439.0,8291.099609375,8350.0,7995.21240234375,87
2025-09-18,NESTLE,8449.75,8449.75,8287.0302734375,8425.7802734375,8067.77294921875,203
2025-09-19,NESTLE,8426.0,8470.0,8300.0,8445.259765625,8086.42529296875,149
2025-09-22,NESTLE,8450.0,8499.75,8318.0,8412.419921875,8054.98046875,153
2025-09-23,NESTLE,8412.419921875,8412.419921875,8412.419921875,8412.419921875,8054.98046875,0
2025-09-24,NESTLE,8440.349609375,8444.7001953125,8300.0,8399.400390625,8042.5146484375,284
2025-09-25,NESTLE,8400.0,8499.990234375,8315.2998046875,8435.0,8076.60107421875,115
2025-09-26,NESTLE,8472.0,8472.0,8400.0,8445.0,8086.17626953125,123
2025-09-29,NESTLE,8310.01953125,8494.9697265625,8310.01953125,8381.8603515625,8025.71923828125,264
2025-09-30,NESTLE,8468.990234375,8500.0,8375.009765625,8378.2197265625,8022.2333984375,811
2025-10-01,NESTLE,8378.98046875,8464.9501953125,8378.98046875,8430.099609375,8071.9091796875,291
2025-10-02,NESTLE,8430.0,8499.0,8333.0,8401.740234375,8044.7548828125,1575
2025-10-03,NESTLE,8494.9501953125,8700.0,8310.01953125,8601.58984375,8236.1123046875,617
2025-10-06,NESTLE,8351.009765625,8549.9501953125,8300.0,8350.4296875,7995.6240234375,359
2025-10-07,NESTLE,8350.4296875,8350.4296875,8350.4296875,8350.4296875,7995.6240234375,0
2025-10-08,NESTLE,8337.91015625,8439.759765625,8300.0,8349.98046875,7995.19384765625,207
2025-10-09,NESTLE,8349.0,8436.9501953125,8300.0703125,8306.7802734375,7953.8291015625,146
2025-10-10,NESTLE,8300.0,8384.8798828125,8211.2001953125,8304.419921875,7951.56884765625,150
2025-10-13,NESTLE,8303.990234375,8303.990234375,7765.0,8135.85986328125,7790.17138671875,385
2025-10-14,NESTLE,8299.099609375,8342.990234375,8200.0,8202.1396484375,7853.634765625,315
2025-10-15,NESTLE,8260.0,8400.0,8260.0,8335.0,7980.85009765625,1543
2025-10-16,NESTLE,8335.0,8335.0,8120.0,8178.56982421875,7831.06640625,1520
2025-10-17,NESTLE,8200.0,8200.0,8122.0,8133.18994140625,7787.61474609375,486
2025-10-20,NESTLE,8134.0,8170.0,8128.0,8131.16015625,7785.67138671875,392
2025-10-21,NESTLE,8189.89990234375,8189.89990234375,8132.97998046875,8144.18994140625,7798.1474609375,154
2025-10-22,NESTLE,8174.990234375,8174.990234375,8090.0,8158.7099609375,7812.05078125,1826
2025-10-23,NESTLE,8158.7099609375,8170.0,8090.0,8123.240234375,7853.1669921875,127
2025-10-24,NESTLE,8169.0,8169.0,8011.10009765625,8113.56982421875,7843.81787109375,164
2025-10-27,NESTLE,8013.08984375,8114.0,7999.0,8051.10986328125,7783.4345703125,1045
2025-10-28,NESTLE,8100.0,8100.0,7990.10009765625,8000.02001953125,7734.04345703125,256
2025-10-29,NESTLE,8002.39990234375,8148.0,7951.1298828125,7957.10986328125,7692.56005859375,128
2025-10-30,NESTLE,7951.0,8120.0,7900.0,7925.509765625,7662.01025390625,171
2025-10-31,NESTLE,8124.990234375,8150.0,8002.0,8076.2900390625,7807.77783203125,182
2025-11-03,NESTLE,8149.97998046875,8149.97998046875,8025.0,8055.10009765625,7787.2919921875,157
2025-11-04,NESTLE,8100.0,8100.0,7862.02001953125,8051.77001953125,7784.07275390625,332
2025-11-05,NESTLE,8000.009765625,8051.0,8000.0,8004.72021484375,7738.58740234375,250
2025-11-06,NESTLE,8099.990234375,8099.990234375,7900.0,8034.39990234375,7767.2802734375,419
2025-11-07,NESTLE,8098.97998046875,8098.97998046875,7980.0,8027.14990234375,7760.271484375,96
2025-11-10,NESTLE,7912.009765625,8088.97998046875,7910.0,8038.52978515625,7771.27294921875,66
2025-11-11,NESTLE,8095.0,8095.0,7956.06982421875,8003.75,7737.6494140625,127
2025-11-12,NESTLE,8020.0,8020.0,7961.02978515625,8003.97021484375,7737.8623046875,32
2025-11-13,NESTLE,8000.0,8065.0,7950.0,8021.64990234375,7754.9541015625,50
2025-11-14,NESTLE,8074.2998046875,8074.2998046875,7970.0498046875,7987.3798828125,7721.82373046875,111
2025-11-17,NESTLE,8000.0,8000.0,7900.0,7998.3701171875,7732.4482421875,362
2025-11-18,NESTLE,7998.3701171875,8000.0,7951.0,7989.990234375,7724.34716796875,13
2025-11-19,NESTLE,7990.0,8000.0,7953.009765625,7999.5,7733.54052734375,83
2025-11-20,NESTLE,7999.5,8098.0,7960.0,7995.0,7729.1904296875,54
2025-11-21,NESTLE,7990.0,8069.97021484375,7990.0,8049.330078125,7781.7138671875,182
2025-11-24,NESTLE,8099.990234375,8099.990234375,7850.0,7996.56005859375,7730.6982421875,327
2025-11-25,NESTLE,7998.9501953125,8044.7900390625,7950.0,7963.2001953125,7698.44775390625,105
2025-11-26,NESTLE,7965.009765625,8029.02978515625,7900.0,7944.490234375,7680.35986328125,117
2025-11-27,NESTLE,7999.990234375,7999.990234375,7940.0,7944.7001953125,7680.56298828125,36
2025-11-28,NESTLE,7998.990234375,8000.0,7950.0,7999.4599609375,7733.501953125,420
2025-12-01,NESTLE,8000.0,8050.0,8000.0,8000.27978515625,7734.29443359375,114
2025-12-02,NESTLE,8100.0,8100.0,8000.0,8006.1298828125,7739.9501953125,499
2025-12-03,NESTLE,8050.0,8050.0,8000.0,8001.22998046875,7735.21337890625,162
2025-12-04,NESTLE,8000.009765625,8049.97998046875,7951.009765625,7955.25,7690.76171875,135
2025-12-05,NESTLE,8047.97998046875,8100.0,8000.0,8030.25,7763.2685546875,60
2025-12-08,NESTLE,8098.0,8098.0,8000.0,8004.97998046875,7738.83837890625,264
2025-12-09,NESTLE,8034.509765625,8035.0,8000.0,8033.77001953125,7766.67138671875,99
2025-12-10,NESTLE,8033.77001953125,8100.0,8000.0,8043.5,7776.07763671875,125
2025-12-11,NESTLE,8095.490234375,8095.490234375,8000.0,8000.0,7734.02392578125,276
2025-12-12,NESTLE,8049.5,8049.5,8000.0,8000.0,7734.02392578125,438
2025-12-15,NESTLE,8000.009765625,8053.0,8000.0,8001.06982421875,7735.05810546875,101
2025-12-16,NESTLE,8001.080078125,8047.990234375,7950.0,7950.97021484375,7686.62451171875,447
2025-12-17,NESTLE,7950.97021484375,8023.97998046875,7950.97021484375,8000.0,7734.02392578125,62
2025-12-18,NESTLE,7953.10009765625,8000.0,7923.0,7984.97998046875,7719.50341796875,167
2025-12-19,NESTLE,7955.25,8013.89990234375,7900.0,7982.7998046875,7717.3955078125,131
2025-12-22,NESTLE,8050.0,8100.0,7932.10986328125,7997.85986328125,7731.955078125,110
2025-12-23,NESTLE,8075.0,8098.97998046875,7947.0,8005.0,7738.85791015625,128
2025-12-24,NESTLE,8050.0,8089.97998046875,8000.0,8010.509765625,7744.1845703125,34
2025-12-26,NESTLE,8040.0,8040.0,7936.0,8006.080078125,7739.90185546875,55
2025-12-29,NESTLE,7990.0,8050.0,7960.0,7968.91015625,7703.9677734375,263
2025-12-30,NESTLE,7985.0,8038.89990234375,7943.0,7948.58984375,7684.3232421875,355
2025-12-31,NESTLE,7951.0,7999.990234375,7925.0,7952.6201171875,7688.21923828125,605
