Date,Symbol,Open,High,Low,Close,Adj Close,Volume
2015-01-01,NML,121.88999938964844,126.0,121.5,124.30000305175781,76.59971618652344,2369800
2015-01-02,NML,127.44999694824219,130.50999450683594,127.44999694824219,128.8800048828125,79.4221420288086,1858500
2015-01-05,NML,131.0,131.25,128.39999389648438,128.77999877929688,79.36051177978516,617300
2015-01-06,NML,128.10000610351562,130.6999969482422,126.12000274658203,126.91999816894531,78.21428680419922,2417700
2015-01-07,NML,127.0,128.88999938964844,126.5999984741211,126.79000091552734,78.1341781616211,606600
2015-01-08,NML,127.0,128.25,126.80000305175781,127.79000091552734,78.75042724609375,332600
2015-01-09,NML,128.0,131.39999389648438,128.0,130.83999633789062,80.62997436523438,2423900
2015-01-12,NML,132.4199981689453,132.4199981689453,129.30999755859375,131.22000122070312,80.86415100097656,1941900
2015-01-13,NML,131.5,133.1999969482422,130.60000610351562,131.63999938964844,81.12298583984375,2822000
2015-01-14,NML,131.89999389648438,133.10000610351562,131.3800048828125,131.88999938964844,81.27703857421875,1243500
2015-01-15,NML,132.2899932861328,134.99000549316406,131.8000030517578,132.19000244140625,81.46192932128906,1755000
2015-01-16,NML,133.49000549316406,133.58999633789062,131.0,131.17999267578125,80.83949279785156,481900
2015-01-19,NML,132.0,132.5,131.05999755859375,131.49000549316406,81.03054809570312,619300
2015-01-20,NML,132.39999389648438,133.6999969482422,131.94000244140625,132.69000244140625,81.77005004882812,943600
2015-01-21,NML,133.49000549316406,135.89999389648438,132.6999969482422,134.3300018310547,82.78067779541016,2167800
2015-01-22,NML,134.75,136.97999572753906,133.0,133.67999267578125,82.38011932373047,951900
2015-01-23,NML,134.89999389648438,135.1999969482422,132.60000610351562,133.86000061035156,82.49104309082031,1028400
2015-01-26,NML,137.49000549316406,137.49000549316406,135.0,135.85000610351562,83.7173843383789,2366600
2015-01-27,NML,135.7899932861328,135.85000610351562,133.10000610351562,133.6999969482422,82.39246368408203,1801400
2015-01-28,NML,133.0,133.5,129.77000427246094,130.14999389648438,80.20477294921875,815100
2015-01-29,NML,130.88999938964844,132.1999969482422,129.8000030517578,131.63999938964844,81.12298583984375,1419300
2015-01-30,NML,132.39999389648438,132.49000549316406,129.39999389648438,130.72999572753906,80.56219482421875,1367800
2015-02-02,NML,133.10000610351562,136.6999969482422,133.10000610351562,134.66000366210938,82.98405456542969,1941200
2015-02-03,NML,135.0500030517578,135.5,131.75999450683594,132.1699981689453,81.4495849609375,1081200
2015-02-04,NML,132.99000549316406,132.99000549316406,130.10000610351562,130.4499969482422,80.3896484375,807900
2015-02-05,NML,130.4499969482422,130.4499969482422,130.4499969482422,130.4499969482422,80.3896484375,0
2015-02-06,NML,131.0,133.39999389648438,131.0,132.4499969482422,81.62213134765625,721300
2015-02-09,NML,132.89999389648438,134.5,132.0,133.24000549316406,82.10897827148438,916700
2015-02-10,NML,137.0,137.89999389648438,133.8000030517578,134.47999572753906,82.87310791015625,2351700
2015-02-11,NML,134.5,135.39999389648438,131.64999389648438,132.5800018310547,81.7022705078125,557600
2015-02-12,NML,132.3000030517578,133.0,129.0,129.6999969482422,79.92745208740234,903800
2015-02-13,NML,131.0,131.5,127.80000305175781,128.0,78.87982940673828,511400
2015-02-16,NML,128.88999938964844,129.19000244140625,127.25,127.72000122070312,78.70728302001953,221900
2015-02-17,NML,128.38999938964844,129.6999969482422,127.0,127.44000244140625,78.53472900390625,374700
2015-02-18,NML,127.69999694824219,127.98999786376953,126.0,126.18000030517578,77.75827026367188,155600
2015-02-19,NML,127.19000244140625,129.85000610351562,127.0,128.9199981689453,79.44677734375,537600
2015-02-20,NML,129.6999969482422,129.89999389648438,127.22000122070312,128.11000061035156,78.94762420654297,291500
2015-02-23,NML,128.89999389648438,129.39999389648438,127.0999984741211,127.55999755859375,78.60868072509766,101300
2015-02-24,NML,128.0,129.0,125.62000274658203,125.97000122070312,77.62886047363281,509400
2015-02-25,NML,126.5,126.51000213623047,125.0,125.52999877929688,77.3576889038086,334600
2015-02-26,NML,125.9000015258789,126.5,124.25,125.12000274658203,77.10503387451172,419100
2015-02-27,NML,125.0,125.0,123.5,124.0199966430664,76.42716217041016,389600
2015-03-02,NML,123.4000015258789,124.48999786376953,121.5,122.72000122070312,75.62604522705078,711700
2015-03-03,NML,123.25,124.56999969482422,118.98999786376953,123.81999969482422,76.30392456054688,1286300
2015-03-04,NML,124.5,125.5,122.80999755859375,123.0199966430664,75.8109130859375,224700
2015-03-05,NML,123.48999786376953,124.30000305175781,122.69999694824219,122.95999908447266,75.77394104003906,147900
2015-03-06,NML,123.05000305175781,123.69999694824219,122.4000015258789,122.70999908447266,75.61988067626953,425000
2015-03-09,NML,122.55000305175781,122.55000305175781,118.51000213623047,119.33999633789062,73.54312896728516,958000
2015-03-10,NML,119.0,119.0,116.0,116.69000244140625,71.91006469726562,349800
2015-03-11,NML,116.80000305175781,117.56999969482422,114.30000305175781,116.91000366210938,72.04563903808594,440100
2015-03-12,NML,117.6500015258789,118.94999694824219,116.5,116.86000061035156,72.01483154296875,138100
2015-03-13,NML,117.5,119.4000015258789,117.5,118.77999877929688,73.1980209350586,545000
2015-03-16,NML,119.0,119.25,114.0,114.44999694824219,70.5296630859375,1170300
2015-03-17,NML,115.0,115.87999725341797,112.5999984741211,113.88999938964844,70.18456268310547,888000
2015-03-18,NML,114.0,114.75,108.19999694824219,111.19999694824219,68.52686309814453,1323100
2015-03-19,NML,112.0,113.0,109.19999694824219,109.5,67.47923278808594,334100
2015-03-20,NML,108.51000213623047,114.0,108.51000213623047,113.33000183105469,69.8394775390625,391700
2015-03-23,NML,113.33000183105469,113.33000183105469,113.33000183105469,113.33000183105469,69.8394775390625,0
2015-03-24,NML,113.51000213623047,115.0,109.9000015258789,110.36000061035156,68.00920104980469,198100
2015-03-25,NML,111.36000061035156,111.36000061035156,109.0,109.61000061035156,67.54702758789062,359600
2015-03-26,NML,109.5,110.9800033569336,104.13999938964844,105.0,64.70610809326172,671200
2015-03-27,NML,105.0,106.23999786376953,101.30000305175781,102.88999938964844,63.405826568603516,804600
2015-03-30,NML,100.98999786376953,102.5,97.75,97.75,60.238319396972656,1382200
2015-03-31,NML,97.0,102.62999725341797,97.0,102.18000030517578,62.968292236328125,858500
2015-04-01,NML,102.98999786376953,106.0999984741211,100.0,101.43000030517578,62.506103515625,1574800
2015-04-02,NML,102.25,106.48999786376953,102.0,105.69000244140625,65.13131713867188,1775000
2015-04-03,NML,107.4000015258789,110.97000122070312,105.01000213623047,110.97000122070312,68.38512420654297,2904700
2015-04-06,NML,111.0,113.5,109.0,111.77999877929688,68.88428497314453,2086600
2015-04-07,NML,112.5,112.5,109.5,110.05999755859375,67.82432556152344,1243800
2015-04-08,NML,110.51000213623047,114.25,110.51000213623047,113.02999877929688,69.65459442138672,3133300
2015-04-09,NML,114.0,114.0,112.5,113.51000213623047,69.95039367675781,1761100
2015-04-10,NML,113.94999694824219,115.30000305175781,113.75,114.0999984741211,70.3139877319336,3098100
2015-04-13,NML,114.0,114.0,112.0999984741211,112.44999694824219,69.29715728759766,1095100
2015-04-14,NML,113.0,114.9000015258789,111.62000274658203,114.33000183105469,70.45571899414062,4649300
2015-04-15,NML,114.0,115.75,113.0999984741211,113.37000274658203,69.8641128540039,2695700
2015-04-16,NML,114.0199966430664,115.8499984741211,113.30000305175781,115.52999877929688,71.19522094726562,4168400
2015-04-17,NML,115.98999786376953,117.1500015258789,115.5,115.97000122070312,71.46636962890625,2835100
2015-04-20,NML,116.5999984741211,118.1500015258789,111.0,111.83000183105469,68.91510009765625,2999600
2015-04-21,NML,112.0,112.5,106.23999786376953,107.16999816894531,66.04337310791016,1862200
2015-04-22,NML,107.69999694824219,111.0,107.0,110.44000244140625,68.05850219726562,1745000
2015-04-23,NML,110.9000015258789,111.5,108.16000366210938,110.16999816894531,67.8921127319336,813100
2015-04-24,NML,111.0,112.30000305175781,110.0999984741211,111.61000061035156,68.7795181274414,1743300
2015-04-27,NML,112.4800033569336,112.9800033569336,109.5999984741211,110.1500015258789,67.87980651855469,1178200
2015-04-28,NML,109.5999984741211,111.56999969482422,109.5199966430664,110.68000030517578,68.20641326904297,619200
2015-04-29,NML,110.9000015258789,111.6500015258789,109.80000305175781,111.05999755859375,68.4405746459961,246100
2015-04-30,NML,111.0,112.5,111.0,112.25,69.17391204833984,371200
2015-05-01,NML,112.25,112.25,112.25,112.25,69.17391204833984,0
2015-05-04,NML,112.5,113.8499984741211,112.3499984741211,112.97000122070312,69.61760711669922,798400
2015-05-05,NML,112.9000015258789,112.9000015258789,109.0,112.4000015258789,69.266357421875,432200
2015-05-06,NML,112.5,113.5199966430664,112.5,112.94999694824219,69.60528564453125,1059200
2015-05-07,NML,113.0,113.4000015258789,110.5,110.91000366210938,68.34813690185547,580000
2015-05-08,NML,110.30999755859375,111.2300033569336,110.0999984741211,110.56999969482422,68.13861846923828,79600
2015-05-11,NML,109.69999694824219,109.69999694824219,105.8499984741211,106.56999969482422,65.67362976074219,489800
2015-05-12,NML,108.05000305175781,109.62999725341797,104.5,108.02999877929688,66.57334899902344,340500
2015-05-13,NML,108.05000305175781,109.0,106.62999725341797,107.20999908447266,66.06802368164062,71700
2015-05-14,NML,107.25,109.44000244140625,107.25,108.36000061035156,66.7767105102539,153800
2015-05-15,NML,108.75,108.9000015258789,107.01000213623047,107.58999633789062,66.30219268798828,251700
2015-05-18,NML,107.5,107.5999984741211,105.77999877929688,106.04000091552734,65.34700775146484,284100
2015-05-19,NML,106.5,106.5,102.80000305175781,103.81999969482422,63.978939056396484,869400
2015-05-20,NML,104.38999938964844,104.98999786376953,103.30999755859375,104.02999877929688,64.10835266113281,336200
2015-05-21,NML,104.98999786376953,105.44000244140625,104.3499984741211,104.93000030517578,64.66297912597656,192100
2015-05-22,NML,104.94999694824219,105.38999938964844,104.0,104.81999969482422,64.59517669677734,154600
2015-05-25,NML,106.98999786376953,107.5,105.19999694824219,106.13999938964844,65.40863037109375,351900
2015-05-26,NML,106.19999694824219,106.4800033569336,104.16000366210938,104.91000366210938,64.65065002441406,88400
2015-05-27,NML,105.48999786376953,110.1500015258789,105.48999786376953,110.01000213623047,67.79351806640625,1299000
2015-05-28,NML,110.0,110.0,107.1500015258789,107.62999725341797,66.32682800292969,390800
2015-05-29,NML,108.98999786376953,108.98999786376953,107.5199966430664,108.37000274658203,66.78288269042969,287200
2015-06-01,NML,108.41000366210938,111.98999786376953,107.02999877929688,111.0199966430664,68.41593170166016,2335700
2015-06-02,NML,111.75,112.30000305175781,109.69999694824219,110.19999694824219,67.91060638427734,707200
2015-06-03,NML,110.69999694824219,111.0,108.7300033569336,109.05000305175781,67.20191192626953,422500
2015-06-04,NML,109.5,112.69999694824219,109.5,110.80000305175781,68.28035736083984,1222900
2015-06-05,NML,110.80000305175781,110.80000305175781,110.80000305175781,110.80000305175781,68.28035736083984,0
2015-06-08,NML,110.80000305175781,110.80000305175781,110.80000305175781,110.80000305175781,68.28035736083984,0
2015-06-09,NML,117.9000015258789,117.9000015258789,115.0999984741211,116.11000061035156,71.55264282226562,539400
2015-06-10,NML,116.19999694824219,116.94999694824219,116.0,116.33999633789062,71.69437408447266,303800
2015-06-11,NML,116.9000015258789,118.0,116.0,116.68000030517578,71.90390014648438,1016400
2015-06-12,NML,116.5,122.25,115.5,120.62000274658203,74.33191680908203,4943900
2015-06-15,NML,122.0999984741211,124.5,120.0,120.11000061035156,74.01762390136719,1452700
2015-06-16,NML,119.75,119.75,117.55000305175781,118.55000305175781,73.05628204345703,747900
2015-06-17,NML,117.0999984741211,119.94000244140625,117.0999984741211,117.33999633789062,72.31062316894531,697200
2015-06-18,NML,117.3499984741211,118.25,116.0999984741211,116.51000213623047,71.79913330078125,356900
2015-06-19,NML,116.98999786376953,117.5,116.0,116.08000183105469,71.53414916992188,73300
2015-06-22,NML,116.5,116.5,113.5999984741211,114.0,70.2523422241211,260400
2015-06-23,NML,114.11000061035156,114.5,113.0,113.43000030517578,69.90108489990234,188500
2015-06-24,NML,113.98999786376953,114.0,112.5,112.83999633789062,69.5374984741211,398000
2015-06-25,NML,112.83999633789062,115.30000305175781,111.80000305175781,112.56999969482422,69.3711166381836,638000
2015-06-26,NML,112.44999694824219,114.5,112.36000061035156,113.94000244140625,70.21537017822266,1348500
2015-06-29,NML,113.0999984741211,114.8499984741211,112.5,114.12999725341797,70.33245849609375,513700
2015-06-30,NML,114.48999786376953,115.0,114.0,114.2300033569336,70.39409637451172,326600
2015-07-01,NML,114.55000305175781,117.0999984741211,114.55000305175781,115.87000274658203,71.40473937988281,616000
2015-07-02,NML,116.44999694824219,118.88999938964844,116.0,117.4000015258789,72.34759521484375,614600
2015-07-03,NML,117.86000061035156,120.38999938964844,117.86000061035156,120.0,73.94983673095703,749600
2015-07-06,NML,119.9000015258789,119.98999786376953,117.51000213623047,119.75,73.7957763671875,277200
2015-07-07,NML,119.0199966430664,119.5,117.51000213623047,117.94000244140625,72.68037414550781,415100
2015-07-08,NML,118.5,119.0199966430664,115.5199966430664,115.9000015258789,71.4232177734375,517800
2015-07-09,NML,115.91999816894531,116.79000091552734,114.9000015258789,115.56999969482422,71.2198715209961,273400
2015-07-10,NML,116.0,117.0,115.30000305175781,115.48999786376953,71.1705551147461,208000
2015-07-13,NML,116.23999786376953,119.4000015258789,115.80000305175781,118.7699966430664,73.19185638427734,440500
2015-07-14,NML,119.04000091552734,121.48999786376953,117.94999694824219,119.80000305175781,73.82659149169922,1465900
2015-07-15,NML,120.0,122.4000015258789,120.0,122.05000305175781,75.2131576538086,2661400
2015-07-16,NML,121.11000061035156,122.80000305175781,120.0,121.1500015258789,74.65853118896484,134600
2015-07-17,NML,121.1500015258789,121.1500015258789,121.1500015258789,121.1500015258789,74.65853118896484,0
2015-07-20,NML,121.1500015258789,121.1500015258789,121.1500015258789,121.1500015258789,74.65853118896484,0
2015-07-21,NML,121.1500015258789,121.1500015258789,121.1500015258789,121.1500015258789,74.65853118896484,0
2015-07-22,NML,124.0,124.0,119.5,120.87000274658203,74.4859848022461,235600
2015-07-23,NML,120.5,121.25,118.16000366210938,119.02999877929688,73.3520736694336,125500
2015-07-24,NML,119.38999938964844,119.98999786376953,118.25,119.04000091552734,73.35824584960938,93000
2015-07-27,NML,119.05999755859375,119.05999755859375,116.0,116.91000366210938,72.04563903808594,292800
2015-07-28,NML,116.19999694824219,117.4800033569336,114.25,114.95999908447266,70.84395599365234,568100
2015-07-29,NML,115.9800033569336,117.5,115.61000061035156,116.33000183105469,71.68821716308594,233300
2015-07-30,NML,116.6500015258789,117.0,114.27999877929688,115.83999633789062,71.3862533569336,196300
2015-07-31,NML,114.75,116.69999694824219,114.0999984741211,114.4800033569336,70.54815673828125,810500
2015-08-03,NML,114.98999786376953,115.27999877929688,114.31999969482422,114.91999816894531,70.81930541992188,536500
2015-08-04,NML,115.48999786376953,119.0,115.0,117.33999633789062,72.31062316894531,2987300
2015-08-05,NML,117.5,118.98999786376953,117.4000015258789,118.13999938964844,72.80362701416016,617900
2015-08-06,NML,118.69999694824219,120.0,118.51000213623047,118.88999938964844,73.26581573486328,1197300
2015-08-07,NML,118.9800033569336,121.98999786376953,117.45999908447266,121.44999694824219,74.84339904785156,1640900
2015-08-10,NML,121.55000305175781,121.98999786376953,118.02999877929688,119.97000122070312,73.93135070800781,567800
2015-08-11,NML,120.48999786376953,121.9800033569336,119.5,119.94999694824219,73.91902923583984,455900
2015-08-12,NML,120.5,120.76000213623047,117.0,117.30999755859375,72.29212951660156,990000
2015-08-13,NML,116.55000305175781,117.5,116.0,116.12000274658203,71.55880737304688,718200
2015-08-14,NML,116.12000274658203,116.12000274658203,116.12000274658203,116.12000274658203,71.55880737304688,0
2015-08-17,NML,116.12000274658203,116.88999938964844,114.75,114.98999786376953,70.86243438720703,1808200
2015-08-18,NML,115.58000183105469,115.69999694824219,114.61000061035156,115.44000244140625,71.1397476196289,316200
2015-08-19,NML,115.69000244140625,116.5,113.9000015258789,114.12999725341797,70.33245849609375,733000
2015-08-20,NML,114.25,115.61000061035156,113.69000244140625,113.94000244140625,70.21537017822266,258700
2015-08-21,NML,113.11000061035156,113.98999786376953,109.0999984741211,110.02999877929688,67.80583953857422,519600
2015-08-24,NML,108.55000305175781,108.55000305175781,104.52999877929688,104.58000183105469,64.4472885131836,1593700
2015-08-25,NML,104.98999786376953,109.80000305175781,102.5,109.48999786376953,67.47306823730469,970400
2015-08-26,NML,109.0999984741211,110.05000305175781,106.98999786376953,107.33000183105469,66.14198303222656,319200
2015-08-27,NML,108.31999969482422,110.0,108.31999969482422,109.75,67.63329315185547,338100
2015-08-28,NML,110.5,111.5,109.5,109.9000015258789,67.7257308959961,655800
2015-08-31,NML,110.5,111.48999786376953,108.0999984741211,110.30000305175781,67.97223663330078,2091400
2015-09-01,NML,110.0,110.19999694824219,107.51000213623047,107.98999786376953,66.54869842529297,482100
2015-09-02,NML,107.05000305175781,108.97000122070312,107.0,108.66999816894531,66.96774291992188,146100
2015-09-03,NML,109.0,109.5,108.0,108.23999786376953,66.7027587890625,109400
2015-09-04,NML,109.0,109.0,103.5,104.37999725341797,64.32403564453125,871000
2015-09-07,NML,104.3499984741211,104.8499984741211,99.16999816894531,100.25,61.7789306640625,1635200
2015-09-08,NML,100.01000213623047,102.5,98.0,101.72000122070312,62.68482208251953,593500
2015-09-09,NML,102.48999786376953,104.25,102.48999786376953,102.68000030517578,63.276424407958984,297300
2015-09-10,NML,102.69999694824219,102.69999694824219,100.5,101.63999938964844,62.63550567626953,209000
2015-09-11,NML,102.75,105.4000015258789,102.2699966430664,102.62000274658203,63.23945236206055,1254700
2015-09-14,NML,103.26000213623047,104.01000213623047,100.51000213623047,101.83000183105469,62.75260543823242,282700
2015-09-15,NML,101.0,102.25,99.0,100.94000244140625,62.20415115356445,433100
2015-09-16,NML,101.5,102.5,100.5999984741211,101.61000061035156,62.61703872680664,157300
2015-09-17,NML,102.44999694824219,104.0,100.73999786376953,101.05999755859375,62.278099060058594,745400
2015-09-18,NML,101.25,101.69999694824219,99.0,99.3499984741211,61.224308013916016,1029400
2015-09-21,NML,98.19999694824219,100.48999786376953,98.19999694824219,100.0999984741211,61.686485290527344,181100
2015-09-22,NML,101.80000305175781,102.0,100.56999969482422,101.11000061035156,62.30891418457031,269300
2015-09-23,NML,101.5,101.5,99.69999694824219,99.93000030517578,61.58173751831055,314800
2015-09-24,NML,99.93000030517578,99.93000030517578,99.93000030517578,99.93000030517578,61.58173751831055,0
2015-09-25,NML,99.93000030517578,99.93000030517578,99.93000030517578,99.93000030517578,61.58173751831055,0
2015-09-28,NML,100.0,101.0199966430664,99.5,99.88999938964844,61.557090759277344,124800
2015-09-29,NML,99.5,99.8499984741211,97.0,99.27999877929688,61.18116760253906,146300
2015-09-30,NML,100.19000244140625,101.0,98.51000213623047,99.29000091552734,61.18733215332031,404500
2015-10-01,NML,99.9000015258789,101.0,99.5,100.23999786376953,61.77277374267578,1137500
2015-10-02,NML,100.8499984741211,100.9000015258789,99.5199966430664,99.87999725341797,61.55092239379883,475800
2015-10-05,NML,100.0,100.0,97.11000061035156,97.91999816894531,60.34306716918945,769700
2015-10-06,NML,99.4000015258789,99.4000015258789,96.12000274658203,98.23999786376953,60.540279388427734,1707000
2015-10-07,NML,98.12999725341797,99.11000061035156,98.12999725341797,98.48999786376953,60.694332122802734,470100
2015-10-08,NML,98.0,98.9000015258789,98.0,98.7300033569336,60.84223175048828,295500
2015-10-09,NML,98.98999786376953,103.66000366210938,98.19999694824219,103.27999877929688,63.64616012573242,8600100
2015-10-12,NML,103.25,105.19999694824219,102.55999755859375,103.63999938964844,63.86801528930664,3072600
2015-10-13,NML,103.25,103.69000244140625,99.6500015258789,100.06999969482422,61.66801071166992,3476900
2015-10-14,NML,100.48999786376953,100.8499984741211,99.62999725341797,100.41999816894531,61.883689880371094,684800
2015-10-15,NML,100.5,102.5,99.26000213623047,102.13999938964844,62.94363784790039,1662300
2015-10-16,NML,102.5,103.0,101.0,101.5999984741211,62.61086654663086,2501500
2015-10-19,NML,103.98999786376953,104.69999694824219,102.9000015258789,103.6500015258789,63.874183654785156,3438500
2015-10-20,NML,103.88999938964844,103.88999938964844,102.6500015258789,103.38999938964844,63.71394348144531,692400
2015-10-21,NML,103.5,103.9000015258789,102.69999694824219,103.1500015258789,63.5660514831543,350500
2015-10-22,NML,103.63999938964844,103.6500015258789,102.51000213623047,103.06999969482422,63.516761779785156,438900
2015-10-23,NML,103.06999969482422,103.06999969482422,103.06999969482422,103.06999969482422,63.516761779785156,0
2015-10-26,NML,103.75,103.75,100.30000305175781,101.61000061035156,62.61703872680664,523600
2015-10-27,NML,101.25,102.4000015258789,100.25,100.97000122070312,62.222633361816406,2559100
2015-10-28,NML,101.44000244140625,102.75,101.25,102.04000091552734,62.88201904296875,2304000
2015-10-29,NML,103.0,104.44999694824219,102.69999694824219,103.69000244140625,63.89883041381836,3010400
2015-10-30,NML,104.0,104.0,102.80000305175781,102.93000030517578,63.43048095703125,764000
2015-11-02,NML,103.69000244140625,103.69000244140625,101.5,101.87999725341797,62.78342056274414,527500
2015-11-03,NML,102.44999694824219,102.98999786376953,101.9800033569336,102.08000183105469,62.906673431396484,1830100
2015-11-04,NML,102.5,102.5,101.25,101.45999908447266,62.52458953857422,1513400
2015-11-05,NML,101.5,101.55000305175781,99.75,100.66000366210938,62.03159713745117,2962000
2015-11-06,NML,100.69999694824219,101.6500015258789,98.0,101.19000244140625,62.35820007324219,15664700
2015-11-09,NML,101.19000244140625,101.19000244140625,101.19000244140625,101.19000244140625,62.35820007324219,0
2015-11-10,NML,100.19999694824219,102.68000030517578,99.5,101.5,62.54924774169922,5044500
2015-11-11,NML,101.80000305175781,101.8499984741211,100.4800033569336,100.73999786376953,62.08089065551758,1395400
2015-11-12,NML,100.98999786376953,103.5999984741211,100.98999786376953,102.38999938964844,63.09770202636719,2258200
2015-11-13,NML,102.25,103.75,101.1500015258789,102.69999694824219,63.288734436035156,1270900
2015-11-16,NML,101.51000213623047,102.69999694824219,101.51000213623047,101.75,62.70329666137695,698800
2015-11-17,NML,102.4000015258789,103.4000015258789,102.0999984741211,102.38999938964844,63.09770202636719,567400
2015-11-18,NML,102.97000122070312,104.48999786376953,102.0999984741211,104.05999755859375,64.12683868408203,1822200
2015-11-19,NML,104.6500015258789,104.6500015258789,103.12999725341797,103.66000366210938,63.880332946777344,515600
2015-11-20,NML,103.80000305175781,104.8499984741211,103.30000305175781,103.55999755859375,63.81870651245117,1441900
2015-11-23,NML,100.5,101.19999694824219,99.30000305175781,100.01000213623047,64.43074035644531,1533700
2015-11-24,NML,100.0,100.5,98.5999984741211,98.94999694824219,63.74784469604492,633200
2015-11-25,NML,98.3499984741211,99.44000244140625,97.19999694824219,98.20999908447266,63.2711067199707,635100
2015-11-26,NML,97.51000213623047,99.0,97.05999755859375,97.63999938964844,62.90388488769531,641200
2015-11-27,NML,97.5,99.0,96.5,97.38999938964844,62.742835998535156,1058600
2015-11-30,NML,98.01000213623047,98.5,94.61000061035156,96.83999633789062,62.38849639892578,1775000
2015-12-01,NML,96.16000366210938,97.3499984741211,93.5,93.7300033569336,60.38490295410156,582700
2015-12-02,NML,94.9800033569336,98.41000366210938,92.80000305175781,98.12999725341797,63.219566345214844,1586100
2015-12-03,NML,98.73999786376953,98.73999786376953,96.5,96.91000366210938,62.43359375,303800
2015-12-04,NML,96.9000015258789,98.51000213623047,96.9000015258789,98.16999816894531,63.245338439941406,545100
2015-12-07,NML,97.30000305175781,98.38999938964844,96.30000305175781,96.5999984741211,62.233882904052734,881100
2015-12-08,NML,96.6500015258789,97.69999694824219,96.0,97.19000244140625,62.61398696899414,795400
2015-12-09,NML,97.5,98.19999694824219,96.4000015258789,97.48999786376953,62.807247161865234,1098100
2015-12-10,NML,98.19000244140625,98.30000305175781,96.0999984741211,96.44000244140625,62.130802154541016,684500
2015-12-11,NML,96.55000305175781,96.55000305175781,95.16000366210938,95.41000366210938,61.46723937988281,1534400
2015-12-14,NML,95.19999694824219,95.9000015258789,92.76000213623047,94.19000244140625,60.68125915527344,341600
2015-12-15,NML,94.55000305175781,94.98999786376953,93.5,94.04000091552734,60.58460998535156,1661700
2015-12-16,NML,94.9000015258789,96.0,94.2300033569336,95.77999877929688,61.705589294433594,1511400
2015-12-17,NML,96.05000305175781,97.01000213623047,95.80000305175781,96.94999694824219,62.45935821533203,551100
2015-12-18,NML,97.18000030517578,97.80000305175781,95.80000305175781,96.86000061035156,62.401390075683594,376200
2015-12-21,NML,96.0,96.25,94.11000061035156,94.6500015258789,60.97761154174805,731900
2015-12-22,NML,95.44999694824219,95.5,94.05000305175781,94.2300033569336,60.7070198059082,83100
2015-12-23,NML,94.4800033569336,94.4800033569336,92.5,92.97000122070312,59.89527130126953,570800
2015-12-24,NML,92.97000122070312,92.97000122070312,92.97000122070312,92.97000122070312,59.89527130126953,0
2015-12-25,NML,92.97000122070312,92.97000122070312,92.97000122070312,92.97000122070312,59.89527130126953,0
2015-12-28,NML,93.87999725341797,95.5,93.19999694824219,94.91000366210938,61.14509963989258,651000
2015-12-29,NML,95.30000305175781,96.5999984741211,94.0,94.1500015258789,60.65548324584961,394200
2015-12-30,NML,94.16999816894531,94.4000015258789,93.5,93.55000305175781,60.2689323425293,296500
2015-12-31,NML,93.88999938964844,95.19000244140625,93.55000305175781,94.87000274658203,61.11933898925781,603700
2016-01-01,NML,95.68000030517578,99.61000061035156,95.4000015258789,99.61000061035156,64.17304992675781,1108000
2016-01-04,NML,100.0,100.75,97.69999694824219,99.43000030517578,64.05708312988281,1298000
2016-01-05,NML,97.25,102.0,97.0,101.79000091552734,65.57749938964844,1689000
2016-01-06,NML,102.8499984741211,102.8499984741211,100.31999969482422,100.75,64.90748596191406,545500
2016-01-07,NML,99.23999786376953,100.30000305175781,99.23999786376953,99.9000015258789,64.35987854003906,516000
2016-01-08,NML,100.0,100.0,98.5,98.80999755859375,63.657649993896484,303000
2016-01-11,NML,98.9800033569336,98.98999786376953,96.54000091552734,96.87000274658203,62.407840728759766,383500
2016-01-12,NML,95.05000305175781,98.44999694824219,94.80000305175781,95.11000061035156,61.27396774291992,714500
2016-01-13,NML,95.9800033569336,96.23999786376953,93.20999908447266,94.4800033569336,60.86808395385742,311500
2016-01-14,NML,93.5,94.0,91.5,92.98999786376953,59.90815353393555,360500
2016-01-15,NML,93.5,96.9000015258789,92.0,93.91000366210938,60.50086212158203,290000
2016-01-18,NML,92.1500015258789,94.69999694824219,90.0,94.4800033569336,60.86808395385742,787000
2016-01-19,NML,95.0,97.08000183105469,94.0,96.23999786376953,62.00194549560547,407500
2016-01-20,NML,96.25,97.0,95.0,96.0999984741211,61.91175842285156,140500
2016-01-21,NML,96.98999786376953,97.0,94.5999984741211,94.73999786376953,61.035587310791016,151000
2016-01-22,NML,94.0,99.25,94.0,97.9800033569336,63.1229362487793,467000
2016-01-25,NML,98.0,99.37999725341797,97.5,98.44000244140625,63.41929244995117,222000
2016-01-26,NML,97.05000305175781,98.75,97.05000305175781,97.97000122070312,63.116493225097656,90000
2016-01-27,NML,98.66000366210938,98.66000366210938,96.69999694824219,97.0999984741211,62.55600357055664,85500
2016-01-28,NML,97.20999908447266,98.25,95.5199966430664,96.47000122070312,62.15013122558594,228000
2016-01-29,NML,96.79000091552734,98.94999694824219,95.05000305175781,96.69000244140625,62.291873931884766,1621500
2016-02-01,NML,96.5,97.5,96.5,97.20999908447266,62.626869201660156,157500
2016-02-02,NML,97.4000015258789,98.05000305175781,96.8499984741211,97.2300033569336,62.63976287841797,207000
2016-02-03,NML,95.05000305175781,96.69000244140625,95.05000305175781,95.5199966430664,61.538108825683594,654500
2016-02-04,NML,95.94000244140625,97.9000015258789,95.70999908447266,96.55999755859375,62.208106994628906,1115500
2016-02-05,NML,96.55999755859375,96.55999755859375,96.55999755859375,96.55999755859375,62.208106994628906,0
2016-02-08,NML,96.56999969482422,99.0,96.25,96.5999984741211,62.233882904052734,2090000
2016-02-09,NML,96.0999984741211,96.5,95.5,95.63999938964844,61.61540985107422,216500
2016-02-10,NML,96.01000213623047,96.5,94.51000213623047,95.87999725341797,61.770023345947266,1735500
2016-02-11,NML,95.25,95.8499984741211,93.0,93.30000305175781,60.107872009277344,417500
2016-02-12,NML,91.0,94.0,90.30000305175781,91.97000122070312,59.251041412353516,1013000
2016-02-15,NML,93.98999786376953,94.25,93.16000366210938,93.51000213623047,60.24317169189453,263000
2016-02-16,NML,94.69999694824219,94.69999694824219,91.51000213623047,92.05999755859375,59.30900573730469,192000
2016-02-17,NML,92.98999786376953,94.0,90.5,92.4800033569336,59.579593658447266,1030500
2016-02-18,NML,92.77999877929688,92.80000305175781,90.0,90.13999938964844,58.07207107543945,342000
2016-02-19,NML,90.0,90.0,88.5,88.98999786376953,57.3311882019043,302000
2016-02-22,NML,88.0,88.69999694824219,85.55000305175781,87.47000122070312,56.35193634033203,185500
2016-02-23,NML,88.0,88.25,85.11000061035156,86.83000183105469,55.93962097167969,252500
2016-02-24,NML,87.25,89.0,85.5,87.81999969482422,56.577423095703125,1789500
2016-02-25,NML,88.5,88.94999694824219,87.0,87.55000305175781,56.40347671508789,804000
2016-02-26,NML,88.4000015258789,91.6500015258789,87.75,91.1500015258789,58.722755432128906,947500
2016-02-29,NML,90.8499984741211,94.0,90.8499984741211,93.0999984741211,59.979026794433594,1062000
2016-03-01,NML,93.0,93.33999633789062,92.05000305175781,92.91999816894531,59.863059997558594,474000
2016-03-02,NML,93.1500015258789,94.80000305175781,93.1500015258789,94.27999877929688,60.73923873901367,558500
2016-03-03,NML,94.48999786376953,95.4800033569336,94.30999755859375,94.45999908447266,60.85519790649414,399500
2016-03-04,NML,94.75,95.4800033569336,94.5,94.83999633789062,61.10000991821289,628500
2016-03-07,NML,94.0999984741211,96.5,94.0999984741211,96.30000305175781,62.04060745239258,895000
2016-03-08,NML,96.0999984741211,96.5,95.01000213623047,95.95999908447266,61.821556091308594,288000
2016-03-09,NML,95.98999786376953,98.0,95.19999694824219,96.94999694824219,62.45935821533203,4420000
2016-03-10,NML,97.88999938964844,97.88999938964844,95.25,95.93000030517578,61.8022346496582,877000
2016-03-11,NML,96.0,96.0,94.80000305175781,94.94000244140625,61.16443634033203,360500
2016-03-14,NML,95.25,96.25,95.25,95.97000122070312,61.828006744384766,1023500
2016-03-15,NML,96.0,96.5,95.75,95.81999969482422,61.73138427734375,208000
2016-03-16,NML,96.0,97.73999786376953,95.30000305175781,97.36000061035156,62.723514556884766,3272500
2016-03-17,NML,97.0999984741211,98.0,97.0999984741211,97.44000244140625,62.775047302246094,677000
2016-03-18,NML,97.87999725341797,97.87999725341797,96.80000305175781,97.01000213623047,62.49802017211914,231000
2016-03-21,NML,97.37999725341797,98.0,95.75,97.5999984741211,62.87812805175781,200000
2016-03-22,NML,97.98999786376953,98.23999786376953,96.5,96.51000213623047,62.17589569091797,2491000
2016-03-23,NML,96.51000213623047,96.51000213623047,96.51000213623047,96.51000213623047,62.17589569091797,0
2016-03-24,NML,96.44999694824219,96.69999694824219,95.20999908447266,95.41999816894531,61.47366714477539,269000
2016-03-25,NML,95.0,96.75,94.87000274658203,96.0999984741211,61.91175842285156,226000
2016-03-28,NML,96.0,96.0999984741211,95.48999786376953,95.79000091552734,61.712039947509766,173500
2016-03-29,NML,95.6500015258789,96.4000015258789,95.5999984741211,95.61000061035156,61.596073150634766,148500
2016-03-30,NML,95.94999694824219,96.0,95.0,95.62999725341797,61.60896682739258,99000
2016-03-31,NML,95.5,96.0,94.4000015258789,95.80999755859375,61.72493362426758,753000
2016-04-01,NML,96.0,96.30000305175781,95.55999755859375,95.76000213623047,61.692718505859375,147500
2016-04-04,NML,95.0,97.55000305175781,95.0,96.79000091552734,62.35627746582031,1161500
2016-04-05,NML,96.22000122070312,101.0,96.22000122070312,98.56999969482422,63.50303649902344,9322000
2016-04-06,NML,99.0,100.6500015258789,98.9000015258789,99.61000061035156,64.17304992675781,3614500
2016-04-07,NML,100.0,101.48999786376953,99.69999694824219,99.94999694824219,64.39207458496094,4270000
2016-04-08,NML,100.0,101.0,99.75,99.95999908447266,64.3985366821289,1360500
2016-04-11,NML,100.0,100.0,96.0,96.2699966430664,62.02126693725586,1911500
2016-04-12,NML,96.73999786376953,97.5,95.05000305175781,97.08999633789062,62.54955291748047,1237000
2016-04-13,NML,96.5199966430664,98.5,96.5199966430664,98.19999694824219,63.26466369628906,553000
2016-04-14,NML,98.0199966430664,99.88999938964844,98.0199966430664,99.47000122070312,64.0828628540039,896000
2016-04-15,NML,100.0,100.0,98.0,98.58999633789062,63.51591491699219,641500
2016-04-18,NML,99.87000274658203,99.9800033569336,98.0,98.80999755859375,63.657649993896484,1862000
2016-04-19,NML,99.69999694824219,99.80000305175781,97.5999984741211,98.25,63.296871185302734,2606000
2016-04-20,NML,98.9000015258789,99.25,96.5999984741211,97.19000244140625,62.61398696899414,1121000
2016-04-21,NML,97.55000305175781,98.5,96.5,96.91999816894531,62.44003677368164,844000
2016-04-22,NML,97.5,97.88999938964844,96.5,96.52999877929688,62.18879318237305,317000
2016-04-25,NML,97.25,97.88999938964844,95.0,96.55999755859375,62.208106994628906,1680000
2016-04-26,NML,97.0,100.0,96.94000244140625,98.52999877929688,63.47726821899414,4329000
2016-04-27,NML,98.75,103.44999694824219,98.75,103.44999694824219,66.6469497680664,3708000
2016-04-28,NML,105.01000213623047,108.38999938964844,105.01000213623047,106.1500015258789,68.38639831542969,4801000
2016-04-29,NML,106.5,107.6500015258789,104.19999694824219,107.19999694824219,69.0628433227539,1085500
2016-05-02,NML,107.38999938964844,107.5,104.5,105.97000122070312,68.27043914794922,1344500
2016-05-03,NML,106.0,107.25,106.0,107.05000305175781,68.9662094116211,896000
2016-05-04,NML,106.69999694824219,112.0,106.5,110.12000274658203,70.94404602050781,3788500
2016-05-05,NML,110.19999694824219,112.87999725341797,110.19999694824219,112.25,72.3162841796875,2416500
2016-05-06,NML,113.44999694824219,116.3499984741211,111.98999786376953,115.37999725341797,74.332763671875,5144500
2016-05-09,NML,115.75,116.4000015258789,113.5,113.87999725341797,73.36639404296875,1177500
2016-05-10,NML,112.5,114.80000305175781,112.0,113.72000122070312,73.26332092285156,1876500
2016-05-11,NML,114.0,114.5,112.0,112.25,72.3162841796875,1118000
2016-05-12,NML,112.9000015258789,113.0,111.0,111.70999908447266,71.96839141845703,657500
2016-05-13,NML,111.5999984741211,112.4800033569336,110.8499984741211,111.16000366210938,71.61405944824219,383500
2016-05-16,NML,110.11000061035156,111.9800033569336,108.51000213623047,109.0199966430664,70.23538208007812,517500
2016-05-17,NML,109.9000015258789,110.5,108.0999984741211,108.56999969482422,69.94548034667969,759500
2016-05-18,NML,109.4000015258789,111.6500015258789,109.25,110.87999725341797,71.43367004394531,1535500
2016-05-19,NML,111.5,112.33999633789062,111.0,111.6500015258789,71.92972564697266,1580500
2016-05-20,NML,111.51000213623047,112.51000213623047,111.0999984741211,111.56999969482422,71.87818145751953,711500
2016-05-23,NML,112.0999984741211,114.30000305175781,111.80000305175781,113.70999908447266,73.25688171386719,1497500
2016-05-24,NML,113.9000015258789,115.5999984741211,112.75,114.5199966430664,73.77869415283203,2911500
2016-05-25,NML,115.0999984741211,115.0999984741211,112.76000213623047,113.25,72.96052551269531,264500
2016-05-26,NML,113.0,113.9000015258789,112.5,113.04000091552734,72.82524108886719,390000
2016-05-27,NML,112.80000305175781,114.0,112.80000305175781,113.0999984741211,72.86388397216797,370000
2016-05-30,NML,113.98999786376953,116.80000305175781,113.5,114.05000305175781,73.47592163085938,2945500
2016-05-31,NML,114.5,115.25,113.30999755859375,113.73999786376953,73.27620697021484,492000
2016-06-01,NML,113.80000305175781,115.48999786376953,113.01000213623047,114.61000061035156,73.83670043945312,513000
2016-06-02,NML,116.0,117.77999877929688,115.23999786376953,117.1500015258789,75.47306060791016,2269000
2016-06-03,NML,118.0,121.4000015258789,117.6500015258789,120.81999969482422,77.83744049072266,6983000
2016-06-06,NML,123.25,124.6500015258789,120.41000366210938,121.52999877929688,78.29485321044922,6274500
2016-06-07,NML,120.55000305175781,120.79000091552734,118.69999694824219,119.33000183105469,76.87753295898438,877500
2016-06-08,NML,119.0,119.0,117.01000213623047,117.37000274658203,75.61480712890625,496500
2016-06-09,NML,117.0999984741211,118.0999984741211,116.0,116.27999877929688,74.9125747680664,662500
2016-06-10,NML,116.5,116.5,112.51000213623047,113.70999908447266,73.25688171386719,2191500
2016-06-13,NML,114.23999786376953,115.69999694824219,112.0,114.80000305175781,73.9591064453125,1889000
2016-06-14,NML,115.8499984741211,117.5,115.0,116.19000244140625,74.85460662841797,2916500
2016-06-15,NML,121.98999786376953,121.98999786376953,120.0199966430664,121.91999816894531,78.54611206054688,5550000
2016-06-16,NML,123.0,124.75,120.0999984741211,121.12999725341797,78.03715515136719,3577500
2016-06-17,NML,120.97000122070312,121.30000305175781,118.11000061035156,119.36000061035156,76.8968505859375,923500
2016-06-20,NML,119.9000015258789,120.0,117.88999938964844,118.08000183105469,76.07222747802734,1016000
2016-06-21,NML,118.88999938964844,120.5999984741211,118.0,119.05999755859375,76.70356750488281,1659000
2016-06-22,NML,119.80000305175781,119.80000305175781,116.19999694824219,116.69000244140625,75.17672729492188,1086000
2016-06-23,NML,116.55999755859375,117.5,115.5,116.16000366210938,74.83528137207031,908000
2016-06-24,NML,115.9000015258789,115.9000015258789,110.36000061035156,110.36000061035156,71.09866333007812,4175500
2016-06-27,NML,108.0,108.0,104.8499984741211,105.08999633789062,67.70349884033203,7509000
2016-06-28,NML,105.0,108.25,104.5,104.80999755859375,67.52310180664062,4990500
2016-06-29,NML,106.0,108.0,106.0,107.23999786376953,69.08861541748047,2220500
2016-06-30,NML,108.0,108.75,107.5,107.9000015258789,69.51383209228516,1442000
2016-07-01,NML,107.9000015258789,107.9000015258789,107.9000015258789,107.9000015258789,69.51383209228516,0
2016-07-04,NML,108.16000366210938,111.1500015258789,107.75,110.6500015258789,71.28549194335938,1053500
2016-07-05,NML,110.6500015258789,110.6500015258789,110.6500015258789,110.6500015258789,71.28549194335938,0
2016-07-06,NML,110.6500015258789,110.6500015258789,110.6500015258789,110.6500015258789,71.28549194335938,0
2016-07-07,NML,110.6500015258789,110.6500015258789,110.6500015258789,110.6500015258789,71.28549194335938,0
2016-07-08,NML,110.6500015258789,110.6500015258789,110.6500015258789,110.6500015258789,71.28549194335938,0
2016-07-11,NML,110.0,111.55000305175781,108.5199966430664,110.81999969482422,71.39501953125,2226500
2016-07-12,NML,111.9000015258789,116.36000061035156,110.69999694824219,116.25,74.89324951171875,6178200
2016-07-13,NML,117.01000213623047,119.0,115.5,116.73999786376953,75.20893096923828,3320000
2016-07-14,NML,116.5,119.25,116.5,117.5,75.69854736328125,1291300
2016-07-15,NML,117.98999786376953,118.88999938964844,116.5999984741211,116.94999694824219,75.34422302246094,1407700
2016-07-18,NML,117.20999908447266,117.5,115.5199966430664,115.98999786376953,74.72575378417969,887000
2016-07-19,NML,115.98999786376953,116.0,114.75,114.98999786376953,74.0815200805664,876300
2016-07-20,NML,115.98999786376953,115.98999786376953,113.75,115.36000061035156,74.31987762451172,2562900
2016-07-21,NML,116.0,116.25,114.51000213623047,115.01000213623047,74.09439086914062,1652400
2016-07-22,NML,115.29000091552734,117.4000015258789,114.6500015258789,115.0,74.08795928955078,1884100
2016-07-25,NML,114.91000366210938,116.73999786376953,114.81999969482422,115.51000213623047,74.41651153564453,2226500
2016-07-26,NML,115.5999984741211,116.0,115.01000213623047,115.7699966430664,74.58402252197266,387100
2016-07-27,NML,116.0,116.63999938964844,115.6500015258789,115.83000183105469,74.62267303466797,875800
2016-07-28,NML,116.48999786376953,119.25,116.0,118.8499984741211,76.56827545166016,4298200
2016-07-29,NML,119.0,121.29000091552734,118.75,120.87999725341797,77.8760986328125,2690300
2016-08-01,NML,120.87999725341797,120.87999725341797,120.87999725341797,120.87999725341797,77.8760986328125,0
2016-08-02,NML,121.5,124.0,121.5,122.18000030517578,78.71361541748047,2279800
2016-08-03,NML,122.5999984741211,122.87999725341797,120.52999877929688,120.88999938964844,77.88253021240234,424200
2016-08-04,NML,121.0,121.94000244140625,119.91000366210938,120.58999633789062,77.68925476074219,1005900
2016-08-05,NML,120.9000015258789,122.75,120.01000213623047,121.58000183105469,78.32707214355469,1408300
2016-08-08,NML,121.55000305175781,122.19999694824219,121.19999694824219,121.43000030517578,78.23043060302734,211000
2016-08-09,NML,121.01000213623047,123.12000274658203,120.75,121.06999969482422,77.99850463867188,1743300
2016-08-10,NML,122.4000015258789,122.4000015258789,121.36000061035156,121.62999725341797,78.35929870605469,524600
2016-08-11,NML,122.0,122.0,120.9000015258789,121.04000091552734,77.97917938232422,803700
2016-08-12,NML,121.68000030517578,121.94000244140625,120.61000061035156,121.0199966430664,77.9662857055664,596700
2016-08-15,NML,121.0,121.88999938964844,120.5,121.58000183105469,78.32707214355469,869400
2016-08-16,NML,121.66999816894531,122.87999725341797,121.12000274658203,121.47000122070312,78.25621032714844,2299700
2016-08-17,NML,121.5,125.5,121.5,123.16999816894531,79.35142517089844,5721200
2016-08-18,NML,123.6500015258789,124.5999984741211,122.4000015258789,123.37999725341797,79.48670196533203,2811700
2016-08-19,NML,123.5,124.69000244140625,123.16999816894531,123.4000015258789,79.49959564208984,1194800
2016-08-22,NML,123.0,123.0,123.0,123.0,79.24188995361328,510200
2016-08-23,NML,123.38999938964844,123.9000015258789,123.0,123.2699966430664,79.41583251953125,726700
2016-08-24,NML,123.9000015258789,124.87999725341797,122.75,124.0999984741211,79.95055389404297,890500
2016-08-25,NML,124.5,127.5999984741211,124.25,126.93000030517578,81.77377319335938,2831900
2016-08-26,NML,127.30000305175781,127.30000305175781,124.68000030517578,126.41999816894531,81.4452133178711,1353100
2016-08-29,NML,125.80000305175781,127.37999725341797,125.80000305175781,126.41000366210938,81.43876647949219,533600
2016-08-30,NML,126.5,128.0,126.11000061035156,126.5,81.49674224853516,2461600
2016-08-31,NML,126.5,126.5,125.0,125.5199966430664,80.86538696289062,530900
2016-09-01,NML,125.0,125.6500015258789,123.5,123.54000091552734,79.58979797363281,975500
2016-09-02,NML,123.9000015258789,123.9000015258789,121.5999984741211,122.2699966430664,78.77159881591797,318800
2016-09-05,NML,123.0,123.4800033569336,121.55999755859375,122.5,78.91978454589844,815800
2016-09-06,NML,123.0,125.0,120.0,124.02999877929688,79.90546417236328,704300
2016-09-07,NML,124.73999786376953,126.5,124.26000213623047,126.29000091552734,81.3614501953125,875000
2016-09-08,NML,128.0,129.85000610351562,127.30000305175781,127.91999816894531,82.41157531738281,2864100
2016-09-09,NML,128.25,133.0,128.25,132.36000061035156,85.27201080322266,3348200
2016-09-12,NML,132.36000061035156,132.36000061035156,132.36000061035156,132.36000061035156,85.27201080322266,0
2016-09-13,NML,132.36000061035156,132.36000061035156,132.36000061035156,132.36000061035156,85.27201080322266,0
2016-09-14,NML,132.36000061035156,132.36000061035156,132.36000061035156,132.36000061035156,85.27201080322266,0
2016-09-15,NML,132.5500030517578,132.5500030517578,129.89999389648438,131.0800018310547,84.44737243652344,690200
2016-09-16,NML,131.3000030517578,131.5,130.25,131.02000427246094,84.40872955322266,311200
2016-09-19,NML,131.0,131.5,129.5,130.4600067138672,84.04795837402344,1020500
2016-09-20,NML,130.9499969482422,131.14999389648438,127.0199966430664,129.49000549316406,83.42302703857422,608900
2016-09-21,NML,129.74000549316406,131.67999267578125,128.0,129.6699981689453,83.53899383544922,2207000
2016-09-22,NML,129.0,134.10000610351562,129.0,132.94000244140625,85.64566802978516,1482400
2016-09-23,NML,133.25,133.25,128.0,128.30999755859375,82.66282653808594,1552900
2016-09-26,NML,128.0,134.72000122070312,128.0,134.72000122070312,86.79242706298828,2720700
2016-09-27,NML,135.0,139.75,133.25,135.17999267578125,87.08877563476562,6141800
2016-09-28,NML,137.75,139.08999633789062,135.5500030517578,136.32000732421875,87.8232192993164,2361200
2016-09-29,NML,137.7899932861328,138.60000610351562,134.0,135.1999969482422,87.10166931152344,1530200
2016-09-30,NML,135.5,141.9600067138672,134.50999450683594,140.89999389648438,90.77384185791016,1959300
2016-10-03,NML,141.5,143.0,139.16000366210938,139.57000732421875,89.91700744628906,1621000
2016-10-04,NML,139.60000610351562,141.74000549316406,139.25,140.2899932861328,90.38085174560547,1208900
2016-10-05,NML,140.60000610351562,141.5,139.5,140.07000732421875,90.2391357421875,493500
2016-10-06,NML,140.5,140.75,137.8000030517578,138.10000610351562,88.969970703125,661100
2016-10-07,NML,137.60000610351562,138.97999572753906,136.55999755859375,136.9199981689453,88.20975494384766,1154800
2016-10-10,NML,138.7899932861328,143.5,138.10000610351562,142.2100067138672,91.61780548095703,1068200
2016-10-11,NML,142.2100067138672,142.2100067138672,142.2100067138672,142.2100067138672,91.61780548095703,0
2016-10-12,NML,142.2100067138672,142.2100067138672,142.2100067138672,142.2100067138672,91.61780548095703,0
2016-10-13,NML,143.0,143.25,138.5,139.1699981689453,89.6593017578125,869900
2016-10-14,NML,139.97000122070312,140.6999969482422,137.10000610351562,140.02999877929688,90.2133560180664,667600
2016-10-17,NML,141.0,141.39999389648438,139.60000610351562,140.00999450683594,90.2004623413086,822200
2016-10-18,NML,140.11000061035156,141.99000549316406,138.50999450683594,140.97999572753906,90.82538604736328,1598800
2016-10-19,NML,140.9499969482422,143.25,140.00999450683594,142.08999633789062,91.5405044555664,1274000
2016-10-20,NML,145.0,147.6999969482422,144.0500030517578,146.49000549316406,94.37518310546875,3364900
2016-10-21,NML,146.75,147.08999633789062,144.0,144.86000061035156,93.32504272460938,760300
2016-10-24,NML,143.0,144.99000549316406,141.0,141.1999969482422,90.96710968017578,399800
2016-10-25,NML,141.99000549316406,141.99000549316406,137.99000549316406,140.05999755859375,90.23268127441406,922500
2016-10-26,NML,140.00999450683594,141.0,137.0,138.10000610351562,88.969970703125,543700
2016-10-27,NML,138.0,138.4499969482422,136.1999969482422,136.41000366210938,87.8812026977539,2100700
2016-10-28,NML,136.0,137.89999389648438,135.5,136.97999572753906,88.24840545654297,1122400
2016-10-31,NML,137.0,138.5,136.5,138.14999389648438,89.00216674804688,146300
2016-11-01,NML,138.14999389648438,145.0500030517578,137.49000549316406,145.0500030517578,93.44746398925781,1600500
2016-11-02,NML,145.0,152.3000030517578,145.0,151.1199951171875,97.35800170898438,3665500
2016-11-03,NML,150.5,151.8000030517578,147.0,147.47000122070312,95.00653076171875,1165900
2016-11-04,NML,147.5,149.89999389648438,145.99000549316406,146.86000061035156,94.61351776123047,1029000
2016-11-07,NML,148.69000244140625,151.39999389648438,147.50999450683594,148.75,95.83113861083984,1473300
2016-11-08,NML,148.75,151.5,147.50999450683594,148.1199951171875,95.42528533935547,1358200
2016-11-09,NML,148.1199951171875,148.1199951171875,148.1199951171875,148.1199951171875,95.42528533935547,0
2016-11-10,NML,147.0,150.9499969482422,147.0,148.49000549316406,95.66365814208984,989200
2016-11-11,NML,148.89999389648438,149.5,147.1999969482422,148.4600067138672,95.64431762695312,578400
2016-11-14,NML,149.0,149.25,145.0,146.9600067138672,94.67796325683594,990400
2016-11-15,NML,149.89999389648438,149.89999389648438,146.5,147.3800048828125,94.94853973388672,406900
2016-11-16,NML,148.0,149.39999389648438,147.4499969482422,147.8699951171875,95.26421356201172,372800
2016-11-17,NML,143.0,145.99000549316406,141.9499969482422,145.1699981689453,96.7978286743164,702000
2016-11-18,NML,146.47999572753906,146.97000122070312,142.25,144.58999633789062,96.41109466552734,414500
2016-11-21,NML,145.0,148.0,145.0,147.42999267578125,98.30476379394531,1018500
2016-11-22,NML,150.0,150.8000030517578,148.10000610351562,148.77999877929688,99.2049331665039,1331300
2016-11-23,NML,150.0,151.99000549316406,149.38999938964844,151.47999572753906,101.00527954101562,1103600
2016-11-24,NML,152.60000610351562,157.5,150.1199951171875,153.17999267578125,102.13880157470703,2735600
2016-11-25,NML,154.0,159.0,153.25,156.6999969482422,104.48591613769531,1240300
2016-11-28,NML,159.89999389648438,160.0,157.0,157.8699951171875,105.26607513427734,1048000
2016-11-29,NML,158.97999572753906,158.97999572753906,149.97999572753906,150.1300048828125,100.10511779785156,2781100
2016-11-30,NML,150.99000549316406,150.99000549316406,142.67999267578125,143.27999877929688,95.53760528564453,4420900
2016-12-01,NML,144.7899932861328,148.60000610351562,144.0,147.83999633789062,98.5781478881836,1427400
2016-12-02,NML,148.8800048828125,151.8000030517578,146.00999450683594,147.4199981689453,98.29811096191406,1365700
2016-12-05,NML,148.99000549316406,150.2899932861328,147.94000244140625,148.39999389648438,98.95154571533203,841800
2016-12-06,NML,149.35000610351562,149.4499969482422,146.25,147.13999938964844,98.11141204833984,2676100
2016-12-07,NML,147.0,149.5,146.50999450683594,147.25,98.18476867675781,1521600
2016-12-08,NML,147.0,147.0,145.0,145.58999633789062,97.07788848876953,1180000
2016-12-09,NML,146.7899932861328,149.75,144.02000427246094,148.1999969482422,98.81820678710938,1585600
2016-12-12,NML,148.1999969482422,148.1999969482422,148.1999969482422,148.1999969482422,98.81820678710938,0
2016-12-13,NML,148.99000549316406,151.89999389648438,148.00999450683594,148.5,99.01824188232422,1009800
2016-12-14,NML,149.50999450683594,149.99000549316406,147.5,148.39999389648438,98.95154571533203,828900
2016-12-15,NML,148.5,155.82000732421875,148.5,155.82000732421875,103.89913940429688,3076900
2016-12-16,NML,156.5500030517578,157.0,150.50999450683594,151.00999450683594,100.6918716430664,981100
2016-12-19,NML,151.6699981689453,151.8000030517578,149.0,149.77999877929688,99.87173461914062,500700
2016-12-20,NML,150.97999572753906,153.0,148.00999450683594,152.3000030517578,101.55205535888672,1406300
2016-12-21,NML,152.0,154.25,150.1199951171875,152.4199981689453,101.63204956054688,1524700
2016-12-22,NML,153.60000610351562,155.5,150.5,151.07000732421875,100.73190307617188,1368500
2016-12-23,NML,150.50999450683594,152.50999450683594,148.0,151.3000030517578,100.88526916503906,268800
2016-12-26,NML,152.0,152.0,150.5,150.9499969482422,100.65187072753906,186700
2016-12-27,NML,150.5,151.5,149.5,150.5500030517578,100.38516235351562,312000
2016-12-28,NML,151.88999938964844,152.6999969482422,151.0,151.1699981689453,100.798583984375,695700
2016-12-29,NML,152.0,155.0,150.16000366210938,154.24000549316406,102.84561920166016,1255400
2016-12-30,NML,154.0,156.0,152.0,152.27000427246094,101.53205108642578,1432500
2017-01-02,NML,152.89999389648438,152.99000549316406,150.0,150.52999877929688,100.37181854248047,1057800
2017-01-03,NML,150.0,157.97999572753906,150.0,156.55999755859375,104.39257049560547,2909000
2017-01-04,NML,158.5,158.5,152.00999450683594,152.80999755859375,101.89208984375,1415100
2017-01-05,NML,153.60000610351562,154.5,152.0500030517578,153.49000549316406,102.34551239013672,1166900
2017-01-06,NML,155.39999389648438,161.16000366210938,152.14999389648438,161.0500030517578,107.38646697998047,5915300
2017-01-09,NML,165.0,167.0,159.0,159.94000244140625,106.64630889892578,4572500
2017-01-10,NML,160.99000549316406,164.0,160.0,162.22999572753906,108.17327117919922,3277400
2017-01-11,NML,163.89999389648438,165.0,160.0,161.55999755859375,107.72651672363281,2536600
2017-01-12,NML,160.02999877929688,162.4600067138672,158.0,158.75999450683594,105.8594970703125,1099300
2017-01-13,NML,158.5,159.92999267578125,155.5,155.89999389648438,103.95247650146484,1085700
2017-01-16,NML,154.3000030517578,156.35000610351562,153.5,154.0399932861328,102.7122573852539,754900
2017-01-17,NML,154.0399932861328,156.0,150.07000732421875,150.50999450683594,100.35848236083984,3353800
2017-01-18,NML,150.5,154.35000610351562,150.4499969482422,154.00999450683594,102.69225311279297,2997500
2017-01-19,NML,154.64999389648438,161.7100067138672,154.64999389648438,161.7100067138672,107.82654571533203,3128100
2017-01-20,NML,162.99000549316406,169.7899932861328,161.99000549316406,168.8699951171875,112.60074615478516,8312000
2017-01-23,NML,172.0,175.6999969482422,169.9600067138672,174.3300018310547,116.24142456054688,3938800
2017-01-24,NML,174.97000122070312,174.99000549316406,167.00999450683594,167.89999389648438,111.9539566040039,3372100
2017-01-25,NML,168.11000061035156,171.5,164.5399932861328,165.38999938964844,110.28031158447266,2738400
2017-01-26,NML,166.0,173.5,165.0,172.22000122070312,114.8344955444336,2762900
2017-01-27,NML,174.0,174.75,166.0,168.3800048828125,112.27401733398438,2215900
2017-01-30,NML,168.3800048828125,171.39999389648438,160.61000061035156,162.22999572753906,108.17327117919922,1874800
2017-01-31,NML,162.22999572753906,163.6999969482422,159.0,159.8800048828125,106.60630798339844,1888500
2017-02-01,NML,161.0,165.35000610351562,161.0,164.42999267578125,109.64019775390625,1299600
2017-02-02,NML,165.0,169.5500030517578,164.5,166.22999572753906,110.8404312133789,2424900
2017-02-03,NML,166.5,174.5399932861328,162.50999450683594,169.52000427246094,113.03414916992188,6029800
2017-02-06,NML,172.5,173.0,167.25999450683594,168.10000610351562,112.08733367919922,881000
2017-02-07,NML,169.0,174.8000030517578,167.0,172.74000549316406,115.18121337890625,2653500
2017-02-08,NML,174.5,181.3699951171875,174.3000030517578,181.3699951171875,120.93560028076172,4652700
2017-02-09,NML,183.0,189.88999938964844,180.60000610351562,185.5800018310547,123.74280548095703,4279100
2017-02-10,NML,186.0,187.77999877929688,181.75,182.25,121.52237701416016,1611000
2017-02-13,NML,183.88999938964844,186.25,181.0,182.75999450683594,121.8624496459961,2048800
2017-02-14,NML,182.0,187.0,180.05999755859375,185.6300048828125,123.77613830566406,2584700
2017-02-15,NML,188.0,189.74000549316406,180.00999450683594,182.38999938964844,121.61571502685547,3709100
2017-02-16,NML,183.0,184.75,180.7100067138672,182.5,121.6891098022461,1110300
2017-02-17,NML,182.25,184.0,179.0,179.86000061035156,119.92877197265625,1720800
2017-02-20,NML,179.5,179.97999572753906,170.8699951171875,171.9499969482422,114.65444946289062,2113500
2017-02-21,NML,171.10000610351562,173.6999969482422,168.00999450683594,170.50999450683594,113.69429016113281,961900
2017-02-22,NML,171.0,174.7899932861328,165.10000610351562,168.35000610351562,112.25401306152344,3698800
2017-02-23,NML,167.5,169.99000549316406,164.8000030517578,167.88999938964844,111.9472885131836,2313300
2017-02-24,NML,170.0,172.0,167.5,171.39999389648438,114.28771209716797,1893400
2017-02-27,NML,171.99000549316406,173.88999938964844,166.0,167.74000549316406,111.8472671508789,1110100
2017-02-28,NML,169.8000030517578,172.47999572753906,166.3000030517578,170.58999633789062,113.74762725830078,1136400
2017-03-01,NML,172.5,173.89999389648438,169.14999389648438,171.4600067138672,114.32772827148438,1924600
2017-03-02,NML,173.38999938964844,176.60000610351562,173.38999938964844,174.8300018310547,116.5748291015625,3118900
2017-03-03,NML,176.1999969482422,182.38999938964844,175.60000610351562,179.7899932861328,119.882080078125,4589000
2017-03-06,NML,180.49000549316406,182.38999938964844,173.1999969482422,174.64999389648438,116.45478820800781,2222300
2017-03-07,NML,174.4499969482422,176.5,171.25,174.27000427246094,116.201416015625,2970300
2017-03-08,NML,174.83999633789062,177.0,173.0,173.25999450683594,115.52794647216797,1471600
2017-03-09,NML,173.99000549316406,175.30999755859375,170.5,171.67999267578125,114.47441864013672,1646300
2017-03-10,NML,171.3000030517578,174.0,170.0,172.82000732421875,115.23458099365234,571900
2017-03-13,NML,174.0,175.3000030517578,169.50999450683594,170.35000610351562,113.58759307861328,873100
2017-03-14,NML,171.0,173.25,167.5,172.33999633789062,114.91449737548828,1149900
2017-03-15,NML,174.5,174.5,170.0,171.19000244140625,114.14771270751953,1027000
2017-03-16,NML,169.25999450683594,172.9499969482422,166.0,171.47000122070312,114.33440399169922,1290400
2017-03-17,NML,172.6999969482422,175.75,167.10000610351562,172.1199951171875,114.7677993774414,4796400
2017-03-20,NML,175.9499969482422,175.9499969482422,172.8000030517578,173.67999267578125,115.80799865722656,582500
2017-03-21,NML,173.30999755859375,177.25,173.30999755859375,175.80999755859375,117.22826385498047,2544600
2017-03-22,NML,176.39999389648438,177.0,175.25,175.9199981689453,117.30159759521484,993600
2017-03-23,NML,175.9199981689453,175.9199981689453,175.9199981689453,175.9199981689453,117.30159759521484,0
2017-03-24,NML,175.99000549316406,176.89999389648438,174.25,174.8000030517578,116.5548095703125,854500
2017-03-27,NML,174.99000549316406,174.99000549316406,171.25,171.80999755859375,114.56112670898438,406700
2017-03-28,NML,172.89999389648438,173.75,168.0,168.5399932861328,112.3807144165039,1011300
2017-03-29,NML,169.8000030517578,171.38999938964844,165.25,166.38999938964844,110.9471206665039,1196100
2017-03-30,NML,166.0,167.5,163.5,163.8800048828125,109.27346801757812,1478900
2017-03-31,NML,165.38999938964844,166.0,163.00999450683594,165.1999969482422,110.15362548828125,913400
2017-04-03,NML,165.0500030517578,167.5,165.0,165.0800018310547,110.07361602783203,340400
2017-04-04,NML,165.27999877929688,165.99000549316406,163.10000610351562,164.0,109.3534927368164,88200
2017-04-05,NML,164.0,164.0,164.0,164.0,109.3534927368164,0
2017-04-06,NML,160.2100067138672,162.0,159.25,160.1699981689453,106.79967498779297,765500
2017-04-07,NML,160.0,162.8000030517578,158.27000427246094,161.99000549316406,108.01324462890625,203900
2017-04-10,NML,162.99000549316406,163.10000610351562,159.00999450683594,161.42999267578125,107.63981628417969,458600
2017-04-11,NML,161.85000610351562,161.85000610351562,160.0,160.74000549316406,107.17974853515625,249500
2017-04-12,NML,161.5,163.14999389648438,161.0,161.64999389648438,107.78653717041016,758800
2017-04-13,NML,162.10000610351562,162.10000610351562,157.0,158.1300048828125,105.43944549560547,842700
2017-04-14,NML,156.0,159.47000122070312,151.6199951171875,152.5800018310547,101.7387466430664,814500
2017-04-17,NML,153.49000549316406,153.49000549316406,147.3000030517578,151.47000122070312,100.99861145019531,662000
2017-04-18,NML,151.8800048828125,153.38999938964844,150.0,151.66000366210938,101.12529754638672,1359800
2017-04-19,NML,146.0,157.60000610351562,145.00999450683594,156.4499969482422,104.3192138671875,1168200
2017-04-20,NML,155.0,164.27000427246094,154.5,163.83999633789062,109.24678802490234,3705600
2017-04-21,NML,165.5,167.5,165.0,166.72999572753906,111.1738052368164,1977200
2017-04-24,NML,167.02000427246094,167.0399932861328,162.0,163.25999450683594,108.86005401611328,1416200
2017-04-25,NML,163.94000244140625,164.49000549316406,161.0,162.47000122070312,108.33329772949219,470900
2017-04-26,NML,163.99000549316406,166.5,161.5,163.2100067138672,108.82673645019531,857900
2017-04-27,NML,163.25,163.9499969482422,160.75,161.0399932861328,107.37976837158203,232700
2017-04-28,NML,161.5,161.5,156.50999450683594,157.2899932861328,104.87933349609375,1159400
2017-05-01,NML,157.2899932861328,157.2899932861328,157.2899932861328,157.2899932861328,104.87933349609375,0
2017-05-02,NML,156.8800048828125,157.0,150.0,151.02999877929688,100.70521545410156,1158800
2017-05-03,NML,151.99000549316406,153.89999389648438,148.83999633789062,150.8800048828125,100.6052017211914,2135400
2017-05-04,NML,150.8000030517578,158.4199981689453,150.1999969482422,158.0800018310547,105.40608978271484,2611500
2017-05-05,NML,158.10000610351562,164.39999389648438,158.10000610351562,160.6699981689453,107.1330795288086,3314800
2017-05-08,NML,162.49000549316406,168.6999969482422,162.0,167.24000549316406,111.5138931274414,4638600
2017-05-09,NML,169.39999389648438,172.35000610351562,168.5,169.02999877929688,112.70742797851562,4729100
2017-05-10,NML,169.14999389648438,169.89999389648438,165.14999389648438,166.8800048828125,111.27384185791016,2421900
2017-05-11,NML,168.5,170.39999389648438,167.1199951171875,168.27000427246094,112.20065307617188,2839900
2017-05-12,NML,169.38999938964844,175.35000610351562,167.6999969482422,172.19000244140625,114.81449127197266,4687600
2017-05-15,NML,173.5,176.49000549316406,173.0,173.83999633789062,115.91468048095703,5124500
2017-05-16,NML,176.0,176.88999938964844,169.3000030517578,170.0800018310547,113.4075698852539,3255400
2017-05-17,NML,170.0,173.0,169.5,170.1199951171875,113.43423461914062,2229700
2017-05-18,NML,170.14999389648438,170.25,166.55999755859375,167.1699981689453,111.46720123291016,980300
2017-05-19,NML,168.99000549316406,169.6999969482422,166.0,167.39999389648438,111.62056732177734,1699000
2017-05-22,NML,168.5,170.9499969482422,167.25999450683594,169.27999877929688,112.8741226196289,1805000
2017-05-23,NML,169.97000122070312,173.38999938964844,169.5,171.52000427246094,114.36775207519531,2963100
2017-05-24,NML,172.0,176.77999877929688,172.0,175.02999877929688,116.70816802978516,4183000
2017-05-25,NML,175.9600067138672,176.74000549316406,174.50999450683594,175.82000732421875,117.23493194580078,3560100
2017-05-26,NML,176.0,179.3000030517578,175.0,177.74000549316406,118.51517486572266,3111200
2017-05-29,NML,175.99000549316406,176.5,170.64999389648438,172.1199951171875,114.7677993774414,1448300
2017-05-30,NML,173.97000122070312,174.47999572753906,167.25,168.61000061035156,112.4273681640625,1715500
2017-05-31,NML,170.0,175.0,168.0,172.22000122070312,114.8344955444336,4309500
2017-06-01,NML,172.0,174.5,163.61000061035156,164.5800018310547,109.74021911621094,1150600
2017-06-02,NML,164.5800018310547,169.1999969482422,158.0,165.3699951171875,110.26697540283203,1304400
2017-06-05,NML,167.74000549316406,173.4499969482422,166.25,172.57000732421875,115.06787109375,1601400
2017-06-06,NML,173.44000244140625,174.0,169.00999450683594,170.39999389648438,113.62094116210938,583400
2017-06-07,NML,171.0,171.47999572753906,169.0,170.0,113.35420989990234,758500
2017-06-08,NML,169.1999969482422,171.1199951171875,165.0,166.3699951171875,110.93377685546875,1119800
2017-06-09,NML,167.0,167.0,158.5500030517578,160.2899932861328,106.87968444824219,1713700
2017-06-12,NML,157.50999450683594,157.50999450683594,152.27999877929688,152.33999633789062,101.5787124633789,2312700
2017-06-13,NML,150.3000030517578,155.49000549316406,148.25999450683594,153.47999572753906,102.33885955810547,1863700
2017-06-14,NML,155.0,155.60000610351562,146.5,147.6199951171875,98.43147277832031,1796800
2017-06-15,NML,147.0,152.5,144.25,149.74000549316406,99.84506225585938,1061900
2017-06-16,NML,149.3000030517578,150.5,145.02000427246094,146.1699981689453,97.46463775634766,338800
2017-06-19,NML,147.0,152.5,140.35000610351562,150.8800048828125,100.6052017211914,1246600
2017-06-20,NML,151.0,152.0,143.33999633789062,143.38999938964844,95.61095428466797,1142300
2017-06-21,NML,143.33999633789062,150.5500030517578,137.10000610351562,150.2899932861328,100.21179962158203,2543500
2017-06-22,NML,153.47000122070312,157.8000030517578,152.11000061035156,157.8000030517578,105.21940612792969,2824800
2017-06-23,NML,157.8000030517578,157.8000030517578,157.8000030517578,157.8000030517578,105.21940612792969,0
2017-06-26,NML,157.8000030517578,157.8000030517578,157.8000030517578,157.8000030517578,105.21940612792969,0
2017-06-27,NML,157.8000030517578,157.8000030517578,157.8000030517578,157.8000030517578,105.21940612792969,0
2017-06-28,NML,157.8000030517578,157.8000030517578,157.8000030517578,157.8000030517578,105.21940612792969,0
2017-06-29,NML,158.5,161.4499969482422,152.52000427246094,159.64999389648438,106.45294189453125,2483800
2017-06-30,NML,158.0500030517578,163.0,158.0,158.67999267578125,105.80615997314453,1367300
2017-07-03,NML,155.0,158.47999572753906,150.75,150.75999450683594,100.52519989013672,1087900
2017-07-04,NML,148.14999389648438,158.2899932861328,146.0800018310547,157.00999450683594,104.692626953125,1537000
2017-07-05,NML,156.0,164.75,154.00999450683594,162.8000030517578,108.5533218383789,2590800
2017-07-06,NML,164.77000427246094,164.9499969482422,156.2899932861328,156.6199951171875,104.43257904052734,1255700
2017-07-07,NML,155.05999755859375,158.49000549316406,153.0,157.0399932861328,104.71263122558594,675700
2017-07-10,NML,155.0,164.88999938964844,153.0500030517578,164.2899932861328,109.54685974121094,1861600
2017-07-11,NML,157.0,160.89999389648438,156.0800018310547,156.0800018310547,104.072509765625,1857000
2017-07-12,NML,155.99000549316406,157.89999389648438,148.27999877929688,149.77999877929688,99.87173461914062,1781300
2017-07-13,NML,150.39999389648438,154.5,148.0,152.5500030517578,101.71875,1578700
2017-07-14,NML,153.7899932861328,157.85000610351562,151.0500030517578,156.44000244140625,104.31255340576172,782200
2017-07-17,NML,153.07000732421875,156.99000549316406,153.07000732421875,154.77999877929688,103.2056884765625,348200
2017-07-18,NML,154.99000549316406,160.60000610351562,154.5,159.6300048828125,106.43962097167969,1406100
2017-07-19,NML,159.9499969482422,161.0,157.0,158.0,105.35274505615234,1460000
2017-07-20,NML,160.0,160.8000030517578,154.0,155.08999633789062,103.4123764038086,637000
2017-07-21,NML,153.89999389648438,159.60000610351562,152.75,158.4600067138672,105.65948486328125,1249800
2017-07-24,NML,159.1999969482422,163.39999389648438,158.75999450683594,161.10000610351562,107.41979217529297,780800
2017-07-25,NML,163.3800048828125,163.8000030517578,161.5500030517578,162.25,108.18659973144531,373700
2017-07-26,NML,163.49000549316406,163.88999938964844,159.0,159.60000610351562,106.41961669921875,251800
2017-07-27,NML,159.0,161.4499969482422,158.0500030517578,159.42999267578125,106.3062515258789,504200
2017-07-28,NML,155.0,164.85000610351562,152.0,162.32000732421875,108.23326873779297,1585600
2017-07-31,NML,166.0,168.5,164.0,164.9499969482422,109.98693084716797,1505700
2017-08-01,NML,165.42999267578125,167.85000610351562,164.36000061035156,166.97000122070312,111.3338394165039,1801700
2017-08-02,NML,167.9499969482422,168.0,164.89999389648438,165.36000061035156,110.26032257080078,458900
2017-08-03,NML,165.25,167.1999969482422,162.0,164.49000549316406,109.6801986694336,2947200
2017-08-04,NML,165.2899932861328,165.5,162.0,162.39999389648438,108.28661346435547,1270200
2017-08-07,NML,162.3000030517578,162.3000030517578,158.75,159.88999938964844,106.61297607421875,1156700
2017-08-08,NML,161.0,161.0,157.5,158.0399932861328,105.3794174194336,597600
2017-08-09,NML,157.00999450683594,161.00999450683594,157.00999450683594,160.0500030517578,106.71965789794922,206500
2017-08-10,NML,160.11000061035156,161.0,159.0,159.75999450683594,106.52629089355469,116000
2017-08-11,NML,158.1999969482422,159.99000549316406,157.5,158.94000244140625,105.97952270507812,99500
2017-08-14,NML,158.94000244140625,158.94000244140625,158.94000244140625,158.94000244140625,105.97952270507812,0
2017-08-15,NML,159.0,160.0,151.0,151.8699951171875,101.26531982421875,1064700
2017-08-16,NML,153.47999572753906,154.49000549316406,151.05999755859375,151.88999938964844,101.27864837646484,1778600
2017-08-17,NML,152.00999450683594,152.00999450683594,144.5,145.0399932861328,96.71115112304688,1890100
2017-08-18,NML,141.52000427246094,147.0,141.5,145.19000244140625,96.81117248535156,1106400
2017-08-21,NML,144.00999450683594,145.85000610351562,137.94000244140625,138.0500030517578,92.05029296875,1076200
2017-08-22,NML,136.0,139.52000427246094,133.0500030517578,136.6999969482422,91.15011596679688,1508300
2017-08-23,NML,136.0500030517578,142.5,136.0500030517578,141.67999267578125,94.4707260131836,2121600
2017-08-24,NML,142.0,148.75999450683594,141.5,146.24000549316406,97.51130676269531,3603000
2017-08-25,NML,144.0,152.89999389648438,143.05999755859375,151.74000549316406,101.17864990234375,1708600
2017-08-28,NML,151.5,152.89999389648438,146.0,147.83999633789062,98.5781478881836,933300
2017-08-29,NML,147.0,147.83999633789062,141.75,142.50999450683594,95.02417755126953,431000
2017-08-30,NML,143.0,145.5,142.14999389648438,143.69000244140625,95.81098175048828,260300
2017-08-31,NML,144.0,145.97999572753906,141.0,142.8699951171875,95.26422119140625,367000
2017-09-01,NML,142.8699951171875,142.8699951171875,142.8699951171875,142.8699951171875,95.26422119140625,0
2017-09-04,NML,142.8699951171875,142.8699951171875,142.8699951171875,142.8699951171875,95.26422119140625,0
2017-09-05,NML,142.5,145.75,141.60000610351562,144.9600067138672,96.6578140258789,684100
2017-09-06,NML,146.0,147.0,141.39999389648438,142.2899932861328,94.87747192382812,455900
2017-09-07,NML,142.5,142.97999572753906,136.5,139.30999755859375,92.89044189453125,307800
2017-09-08,NML,141.99000549316406,143.0,136.60000610351562,137.89999389648438,91.95027160644531,849200
2017-09-11,NML,139.99000549316406,141.5,138.61000061035156,140.2100067138672,93.49056243896484,676100
2017-09-12,NML,140.25,141.5,139.0,140.35000610351562,93.58390808105469,329700
2017-09-13,NML,141.39999389648438,144.47999572753906,141.0,143.82000732421875,95.89767456054688,915600
2017-09-14,NML,144.0,149.74000549316406,142.5500030517578,147.8300018310547,98.57149505615234,845800
2017-09-15,NML,149.0,150.49000549316406,143.0,148.02999877929688,98.7048568725586,897300
2017-09-18,NML,150.0,150.0,146.30999755859375,147.00999450683594,98.02473449707031,413600
2017-09-19,NML,147.89999389648438,152.0,147.1199951171875,149.1199951171875,99.431640625,1879100
2017-09-20,NML,149.99000549316406,154.5,148.99000549316406,153.8300018310547,102.57222747802734,1274100
2017-09-21,NML,154.0,154.0,147.5,148.5500030517578,99.05158233642578,1009100
2017-09-22,NML,148.5500030517578,149.89999389648438,147.25,148.1199951171875,98.76486206054688,259700
2017-09-25,NML,147.5,149.7899932861328,145.00999450683594,146.64999389648438,97.78467559814453,321200
2017-09-26,NML,147.49000549316406,148.47999572753906,146.10000610351562,147.1999969482422,98.15142059326172,210600
2017-09-27,NML,146.10000610351562,146.10000610351562,143.0,144.35000610351562,96.2510757446289,172300
2017-09-28,NML,141.0,145.5,141.0,144.6199951171875,96.43109130859375,479500
2017-09-29,NML,147.47000122070312,147.47000122070312,144.5,145.10000610351562,96.75114440917969,233100
2017-10-02,NML,145.0,149.8699951171875,144.60000610351562,147.16000366210938,98.12474822998047,469700
2017-10-03,NML,148.0,148.0,139.80999755859375,141.1999969482422,94.15068054199219,751400
2017-10-04,NML,142.49000549316406,143.0,134.14999389648438,136.72999572753906,91.17012786865234,748300
2017-10-05,NML,137.89999389648438,141.6999969482422,135.10000610351562,141.1199951171875,94.09734344482422,701600
2017-10-06,NML,142.0,147.75,141.8000030517578,146.1300048828125,97.4379653930664,688500
2017-10-09,NML,149.49000549316406,149.49000549316406,140.5,142.2899932861328,94.87747192382812,588200
2017-10-10,NML,142.92999267578125,142.92999267578125,139.1999969482422,142.4600067138672,94.99083709716797,399200
2017-10-11,NML,142.60000610351562,143.88999938964844,139.25,142.27000427246094,94.86415100097656,705600
2017-10-12,NML,142.97000122070312,143.0,137.14999389648438,141.36000061035156,94.25737762451172,405300
2017-10-13,NML,139.60000610351562,140.99000549316406,135.5,139.3000030517578,92.8837890625,660400
2017-10-16,NML,140.97000122070312,143.0,140.97000122070312,142.4600067138672,94.99083709716797,1113700
2017-10-17,NML,143.49000549316406,144.5,138.0,139.9499969482422,93.31718444824219,689100
2017-10-18,NML,140.44000244140625,141.0,137.66000366210938,139.60000610351562,93.08380889892578,779700
2017-10-19,NML,137.8000030517578,139.99000549316406,134.0,139.17999267578125,96.25114440917969,562200
2017-10-20,NML,140.0,144.0,140.0,143.38999938964844,99.1626205444336,2445300
2017-10-23,NML,144.0,144.5,139.0,139.52999877929688,96.49320220947266,368900
2017-10-24,NML,140.4499969482422,143.0,136.0,140.64999389648438,97.26774597167969,540700
2017-10-25,NML,141.5,141.7899932861328,137.10000610351562,139.97000122070312,96.79747772216797,240700
2017-10-26,NML,141.0,141.39999389648438,135.5,136.0399932861328,94.07966613769531,424600
2017-10-27,NML,135.5,135.5,132.00999450683594,133.6999969482422,92.46141052246094,768600
2017-10-30,NML,133.5,136.3000030517578,132.0500030517578,133.25999450683594,92.15711975097656,419500
2017-10-31,NML,132.0,135.5500030517578,128.00999450683594,130.02999877929688,89.92338562011719,644400
2017-11-01,NML,131.5,136.52999877929688,131.24000549316406,136.0,94.052001953125,706200
2017-11-02,NML,135.99000549316406,139.0,134.25,136.4499969482422,94.36320495605469,924900
2017-11-03,NML,136.4499969482422,141.0,136.0,140.0399932861328,96.84588623046875,426900
2017-11-06,NML,139.02000427246094,143.5,139.0,141.5500030517578,97.89015197753906,799000
2017-11-07,NML,141.64999389648438,143.0,139.14999389648438,141.80999755859375,98.0699462890625,440200
2017-11-08,NML,142.0,144.5,141.80999755859375,143.97999572753906,99.57062530517578,431900
2017-11-09,NML,144.0,147.97000122070312,144.0,147.36000061035156,101.90809631347656,836500
2017-11-10,NML,146.39999389648438,146.60000610351562,145.02000427246094,145.75999450683594,100.80160522460938,220900
2017-11-13,NML,144.0,145.99000549316406,141.60000610351562,145.2899932861328,100.47657775878906,120300
2017-11-14,NML,145.0,146.97999572753906,145.0,146.69000244140625,101.44475555419922,770000
2017-11-15,NML,147.1999969482422,148.0,146.0,146.9199981689453,101.60381317138672,301500
2017-11-16,NML,148.0,149.0,145.41000366210938,146.4199981689453,101.25802612304688,1196000
2017-11-17,NML,146.02000427246094,147.0,144.1999969482422,145.77000427246094,100.80854034423828,236400
2017-11-20,NML,145.00999450683594,145.3800048828125,140.00999450683594,141.69000244140625,97.98697662353516,174300
2017-11-21,NML,140.50999450683594,143.99000549316406,140.0,142.94000244140625,98.85143280029297,230800
2017-11-22,NML,144.0,144.25999450683594,142.1999969482422,143.0399932861328,98.92057800292969,394300
2017-11-23,NML,144.8000030517578,145.0,142.10000610351562,143.4499969482422,99.20411682128906,476900
2017-11-24,NML,143.8000030517578,143.8000030517578,140.0,140.4499969482422,97.12943267822266,247300
2017-11-27,NML,138.0,139.89999389648438,137.0,138.64999389648438,95.88462829589844,238200
2017-11-28,NML,139.0,139.5,136.5,136.75999450683594,94.57757568359375,151100
2017-11-29,NML,136.60000610351562,139.60000610351562,136.5,139.1199951171875,96.20966339111328,201700
2017-11-30,NML,140.99000549316406,142.0,138.13999938964844,141.22999572753906,97.66886138916016,522300
2017-12-01,NML,141.22999572753906,141.22999572753906,141.22999572753906,141.22999572753906,97.66886138916016,0
2017-12-04,NML,143.99000549316406,143.99000549316406,141.0,142.1300048828125,98.29126739501953,168600
2017-12-05,NML,143.11000061035156,144.39999389648438,142.02000427246094,142.50999450683594,98.55403900146484,951000
2017-12-06,NML,142.50999450683594,142.50999450683594,142.50999450683594,142.50999450683594,98.55403900146484,0
2017-12-07,NML,140.0,142.49000549316406,138.10000610351562,139.2100067138672,96.27190399169922,453100
2017-12-08,NML,138.00999450683594,145.99000549316406,138.0,142.47999572753906,98.5333023071289,1223400
2017-12-11,NML,142.60000610351562,146.8000030517578,140.5,142.41000366210938,98.48490142822266,854400
2017-12-12,NML,141.0,143.0,139.60000610351562,142.6699981689453,98.6646957397461,1044300
2017-12-13,NML,146.5,147.77999877929688,144.5,146.00999450683594,100.9744873046875,1186900
2017-12-14,NML,146.00999450683594,146.00999450683594,146.00999450683594,146.00999450683594,100.9744873046875,0
2017-12-15,NML,139.3000030517578,145.0,138.5,142.1300048828125,98.29126739501953,1040200
2017-12-18,NML,143.99000549316406,143.99000549316406,139.8000030517578,140.52000427246094,97.17784118652344,200600
2017-12-19,NML,142.0,142.0,137.60000610351562,138.2100067138672,95.5803451538086,388200
2017-12-20,NML,137.2100067138672,140.88999938964844,137.2100067138672,139.1199951171875,96.20966339111328,198300
2017-12-21,NML,139.39999389648438,141.35000610351562,136.10000610351562,139.77999877929688,96.66609191894531,508400
2017-12-22,NML,138.5,146.75999450683594,138.5,146.35000610351562,101.20963287353516,1723100
2017-12-25,NML,146.35000610351562,146.35000610351562,146.35000610351562,146.35000610351562,101.20963287353516,0
2017-12-26,NML,147.89999389648438,148.32000732421875,144.25,145.5399932861328,100.64945983886719,390000
2017-12-27,NML,146.5,151.0,145.0,149.99000549316406,103.72691345214844,1176400
2017-12-28,NML,148.50999450683594,152.7899932861328,148.0,152.2899932861328,105.31749725341797,1622000
2017-12-29,NML,153.0,153.0,148.1999969482422,149.5,103.38802337646484,496700
2018-01-01,NML,149.1999969482422,152.0,148.0500030517578,151.3800048828125,104.68818664550781,336600
2018-01-02,NML,149.5,156.0,149.5,154.36000061035156,106.74903106689453,1114800
2018-01-03,NML,155.0,156.85000610351562,152.0,155.16000366210938,107.3022689819336,1355500
2018-01-04,NML,153.0,155.8000030517578,153.0,154.77000427246094,107.03255462646484,474700
2018-01-05,NML,154.0,159.1999969482422,154.0,157.91000366210938,109.20406341552734,1656000
2018-01-08,NML,158.5,162.8000030517578,158.5,160.94000244140625,111.29946899414062,1531400
2018-01-09,NML,161.49000549316406,166.8000030517578,160.0,165.75999450683594,114.6327896118164,2338000
2018-01-10,NML,166.10000610351562,166.88999938964844,164.02000427246094,164.86000061035156,114.01038360595703,919100
2018-01-11,NML,165.0,166.49000549316406,160.02000427246094,161.11000061035156,111.41704559326172,734300
2018-01-12,NML,161.0,162.5,159.10000610351562,161.49000549316406,111.67984771728516,660000
2018-01-15,NML,161.5,164.0,158.1999969482422,161.97000122070312,112.01177978515625,519900
2018-01-16,NML,162.00999450683594,164.0,161.3000030517578,163.22999572753906,112.88314056396484,640800
2018-01-17,NML,163.8800048828125,169.5,162.05999755859375,168.72000122070312,116.6798095703125,2000900
2018-01-18,NML,170.0,172.39999389648438,162.5500030517578,164.8300018310547,113.98963165283203,2393100
2018-01-19,NML,165.60000610351562,168.5,164.75,167.64999389648438,115.93982696533203,743500
2018-01-22,NML,168.39999389648438,169.89999389648438,165.5,168.07000732421875,116.23027801513672,820400
2018-01-23,NML,168.89999389648438,170.5,167.0,168.75,116.70053100585938,724600
2018-01-24,NML,169.8000030517578,172.0,169.49000549316406,171.55999755859375,118.6438217163086,929400
2018-01-25,NML,171.55999755859375,171.55999755859375,171.55999755859375,171.55999755859375,118.6438217163086,0
2018-01-26,NML,168.89999389648438,170.8699951171875,167.25,168.75,116.70053100585938,516600
2018-01-29,NML,168.6999969482422,168.6999969482422,165.0,166.0399932861328,114.8264389038086,241800
2018-01-30,NML,166.10000610351562,168.0,165.14999389648438,166.58999633789062,115.20677947998047,163000
2018-01-31,NML,165.6999969482422,171.88999938964844,165.6999969482422,169.99000549316406,117.5580825805664,754000
2018-02-01,NML,170.94000244140625,172.5,169.89999389648438,170.4199981689453,117.8554458618164,462000
2018-02-02,NML,170.4199981689453,170.4199981689453,170.4199981689453,170.4199981689453,117.8554458618164,0
2018-02-05,NML,170.4199981689453,170.4199981689453,170.4199981689453,170.4199981689453,117.8554458618164,0
2018-02-06,NML,170.4199981689453,170.4199981689453,170.4199981689453,170.4199981689453,117.8554458618164,0
2018-02-07,NML,170.99000549316406,174.1999969482422,169.5,170.39999389648438,117.84162902832031,662000
2018-02-08,NML,170.39999389648438,171.60000610351562,167.55999755859375,168.5500030517578,116.5622329711914,142600
2018-02-09,NML,168.5500030517578,168.5500030517578,168.5500030517578,168.5500030517578,116.5622329711914,0
2018-02-12,NML,169.6999969482422,169.89999389648438,166.25,166.94000244140625,115.44883728027344,177200
2018-02-13,NML,166.5,167.60000610351562,165.5500030517578,166.13999938964844,114.89558410644531,55900
2018-02-14,NML,166.13999938964844,166.13999938964844,166.13999938964844,166.13999938964844,114.89558410644531,0
2018-02-15,NML,162.5,162.75,157.52000427246094,158.1199951171875,109.3492660522461,328100
2018-02-16,NML,155.5,164.88999938964844,155.5,161.3800048828125,111.603759765625,60600
2018-02-19,NML,163.5,164.88999938964844,161.0500030517578,161.72999572753906,111.84581756591797,114000
2018-02-20,NML,161.00999450683594,162.5,156.6999969482422,158.74000549316406,109.7780532836914,1001800
2018-02-21,NML,165.0,165.0,157.7100067138672,158.3000030517578,109.4737777709961,501800
2018-02-22,NML,158.00999450683594,161.1999969482422,154.99000549316406,160.7899932861328,111.19573974609375,279500
2018-02-23,NML,160.0,164.75,158.05999755859375,161.72000122070312,111.83889770507812,984600
2018-02-26,NML,162.10000610351562,162.49000549316406,157.22000122070312,157.9199981689453,109.21095275878906,329400
2018-02-27,NML,158.5,158.0,153.0,156.7899932861328,108.42949676513672,1440200
2018-02-28,NML,157.25,160.4600067138672,156.11000061035156,159.5500030517578,110.33821868896484,1071500
2018-03-01,NML,161.0,162.0,158.0,159.19000244140625,110.0892562866211,464100
2018-03-02,NML,158.55999755859375,160.47000122070312,158.5,160.0,110.64940643310547,81100
2018-03-05,NML,159.97999572753906,160.5,158.0,158.6699981689453,109.72962188720703,199700
2018-03-06,NML,159.5,159.6999969482422,157.0,157.6199951171875,109.00348663330078,109300
2018-03-07,NML,157.10000610351562,158.97000122070312,156.39999389648438,158.52999877929688,109.63282012939453,59600
2018-03-08,NML,158.89999389648438,158.9499969482422,155.27000427246094,155.6199951171875,107.62037658691406,621700
2018-03-09,NML,156.5,156.8000030517578,154.75,155.25999450683594,107.37142181396484,75500
2018-03-12,NML,154.0500030517578,158.0,154.0500030517578,157.47000122070312,108.89976501464844,66300
2018-03-13,NML,157.52000427246094,159.9499969482422,157.5,159.33999633789062,110.1929702758789,258600
2018-03-14,NML,159.2100067138672,159.25,155.00999450683594,156.13999938964844,107.9800033569336,398900
2018-03-15,NML,156.39999389648438,156.39999389648438,155.02000427246094,155.47000122070312,107.51663970947266,356000
2018-03-16,NML,155.9499969482422,156.0,152.0,153.1199951171875,105.8914794921875,405100
2018-03-19,NML,153.5,154.5,153.1999969482422,153.77000427246094,106.34100341796875,35100
2018-03-20,NML,154.49000549316406,161.4499969482422,154.0,161.41000366210938,111.62450408935547,1471100
2018-03-21,NML,162.4499969482422,164.4499969482422,160.02000427246094,160.44000244140625,110.95369720458984,434300
2018-03-22,NML,161.5,162.25,159.50999450683594,162.05999755859375,112.07402801513672,263100
2018-03-23,NML,162.05999755859375,162.05999755859375,162.05999755859375,162.05999755859375,112.07402801513672,0
2018-03-26,NML,162.25,162.25,158.5,161.02000427246094,111.35480499267578,300000
2018-03-27,NML,162.0,162.0,158.0,158.35000610351562,109.50835418701172,973500
2018-03-28,NML,159.5,160.39999389648438,158.35000610351562,158.86000061035156,109.86104583740234,1161100
2018-03-29,NML,159.66000366210938,159.66000366210938,158.3000030517578,158.80999755859375,109.82647705078125,685800
2018-03-30,NML,159.0,160.75,157.5500030517578,158.88999938964844,109.88177490234375,1641400
2018-04-02,NML,160.0,160.5,158.11000061035156,158.72000122070312,109.76421356201172,958500
2018-04-03,NML,158.00999450683594,162.00999450683594,158.00999450683594,158.9499969482422,109.92328643798828,852300
2018-04-04,NML,158.94000244140625,164.5,158.94000244140625,161.33999633789062,111.57608032226562,3004800
2018-04-05,NML,162.1999969482422,164.0500030517578,160.30999755859375,162.69000244140625,112.50970458984375,2965900
2018-04-06,NML,164.0,164.25,160.41000366210938,161.39999389648438,111.61759185791016,1132000
2018-04-09,NML,161.5,161.99000549316406,159.5,161.41000366210938,111.62450408935547,609800
2018-04-10,NML,161.9499969482422,161.9499969482422,160.0,160.36000061035156,110.89837646484375,206900
2018-04-11,NML,160.8000030517578,163.25,160.5,162.5,112.37831115722656,1254100
2018-04-12,NML,162.5,162.7899932861328,161.5,162.16000366210938,112.14318084716797,398000
2018-04-13,NML,162.0,162.0,159.10000610351562,159.80999755859375,110.51800537109375,235300
2018-04-16,NML,159.97999572753906,160.47999572753906,158.25,158.66000366210938,109.72272491455078,159700
2018-04-17,NML,159.97000122070312,160.89999389648438,158.00999450683594,159.5,110.30362701416016,419300
2018-04-18,NML,159.97000122070312,161.0,157.55999755859375,158.8800048828125,109.8748779296875,277300
2018-04-19,NML,158.60000610351562,159.47999572753906,157.14999389648438,158.5,109.612060546875,366800
2018-04-20,NML,158.30999755859375,160.39999389648438,156.25,156.58999633789062,108.29117584228516,182600
2018-04-23,NML,156.00999450683594,158.4499969482422,155.60000610351562,157.6300048828125,109.01042175292969,190500
2018-04-24,NML,157.97000122070312,160.0,157.97000122070312,159.3300018310547,110.18606567382812,898400
2018-04-25,NML,159.3000030517578,159.39999389648438,158.0,158.07000732421875,109.31471252441406,162800
2018-04-26,NML,158.5,160.0,156.85000610351562,157.39999389648438,108.85135650634766,678600
2018-04-27,NML,156.5,158.9499969482422,149.60000610351562,151.1699981689453,104.54295349121094,2829600
2018-04-30,NML,151.97000122070312,153.60000610351562,145.0,146.02000427246094,100.98143005371094,1434200
2018-05-01,NML,146.02000427246094,146.02000427246094,146.02000427246094,146.02000427246094,100.98143005371094,0
2018-05-02,NML,147.39999389648438,148.0,144.0,145.11000061035156,100.35210418701172,668900
2018-05-03,NML,145.7899932861328,145.7899932861328,141.89999389648438,143.30999755859375,99.10729217529297,1482500
2018-05-04,NML,143.97999572753906,144.25,141.00999450683594,143.3300018310547,99.12112426757812,603200
2018-05-07,NML,143.25,145.39999389648438,141.0500030517578,141.1999969482422,97.64810180664062,517600
2018-05-08,NML,141.25,142.97999572753906,139.10000610351562,141.39999389648438,97.78641510009766,360200
2018-05-09,NML,141.5,144.0,137.99000549316406,140.52000427246094,97.17784118652344,853100
2018-05-10,NML,141.39999389648438,143.99000549316406,140.5,141.38999938964844,97.77951049804688,416100
2018-05-11,NML,141.0500030517578,142.4499969482422,138.8000030517578,139.30999755859375,96.34104919433594,835500
2018-05-14,NML,138.97999572753906,138.89999389648438,132.50999450683594,133.52000427246094,92.33692932128906,1041900
2018-05-15,NML,134.0,137.0,129.89999389648438,135.25,93.5333251953125,941200
2018-05-16,NML,135.0,135.97000122070312,133.0,134.50999450683594,93.02156829833984,128800
2018-05-17,NML,134.0,134.0,131.85000610351562,132.05999755859375,91.3272476196289,458200
2018-05-18,NML,132.0,133.0,130.14999389648438,131.13999938964844,90.69102478027344,440300
2018-05-21,NML,130.39999389648438,133.64999389648438,129.00999450683594,130.69000244140625,90.37982177734375,189500
2018-05-22,NML,130.0,135.5,129.75,135.0800018310547,93.41577911376953,490400
2018-05-23,NML,135.5,136.0,130.10000610351562,134.50999450683594,93.02156829833984,355600
2018-05-24,NML,133.4499969482422,139.3800048828125,133.0,137.3699951171875,94.99943542480469,990000
2018-05-25,NML,137.3000030517578,137.3000030517578,133.1999969482422,133.88999938964844,92.59280395507812,396700
2018-05-28,NML,132.5,138.39999389648438,132.0,137.83999633789062,95.32445526123047,339400
2018-05-29,NML,137.5,144.72999572753906,137.5,143.4499969482422,99.20411682128906,799500
2018-05-30,NML,147.0,147.0,142.00999450683594,145.02999877929688,100.29678344726562,351100
2018-05-31,NML,144.99000549316406,145.75,142.5,144.91000366210938,100.21379852294922,305100
2018-06-01,NML,144.5,148.94000244140625,143.0,146.33999633789062,101.20269775390625,59200
2018-06-04,NML,144.24000549316406,152.00999450683594,146.0,150.9199981689453,104.37005615234375,1079900
2018-06-05,NML,152.8000030517578,154.3699951171875,150.99000549316406,152.97999572753906,105.79466247558594,347800
2018-06-06,NML,150.35000610351562,154.0,149.07000732421875,150.02000427246094,103.74765014648438,181700
2018-06-07,NML,150.8000030517578,152.88999938964844,148.3000030517578,148.64999389648438,102.80021667480469,332600
2018-06-08,NML,148.64999389648438,148.64999389648438,148.64999389648438,148.64999389648438,102.80021667480469,0
2018-06-11,NML,151.00999450683594,155.89999389648438,151.00999450683594,154.07000732421875,106.5484619140625,734300
2018-06-12,NML,153.89999389648438,155.0,151.1999969482422,151.47999572753906,104.75733947753906,451500
2018-06-13,NML,153.8000030517578,154.0,150.25,153.00999450683594,105.81539916992188,223500
2018-06-14,NML,152.0,155.0,152.0,153.5399932861328,106.18193054199219,115300
2018-06-15,NML,153.5399932861328,153.5399932861328,153.5399932861328,153.5399932861328,106.18193054199219,0
2018-06-19,NML,153.00999450683594,156.38999938964844,151.6999969482422,152.17999267578125,105.24142456054688,72000
2018-06-20,NML,152.60000610351562,152.60000610351562,145.99000549316406,147.88999938964844,102.2746353149414,785000
2018-06-21,NML,144.11000061035156,148.97999572753906,144.11000061035156,146.39999389648438,101.24420166015625,1083500
2018-06-22,NML,147.97999572753906,152.85000610351562,141.0500030517578,143.50999450683594,99.24559783935547,1229000
2018-06-25,NML,143.99000549316406,145.0,137.25,138.86000061035156,96.02986907958984,642600
2018-06-26,NML,140.75,141.0,137.0,138.8000030517578,95.98834991455078,628400
2018-06-27,NML,138.97999572753906,145.74000549316406,137.00999450683594,141.9499969482422,98.1667709350586,736200
2018-06-28,NML,142.0,144.75,141.0,143.08999633789062,98.95513916015625,248200
2018-06-29,NML,143.94000244140625,143.94000244140625,139.0,140.9199981689453,97.4544677734375,270000
2018-07-02,NML,141.0,141.83999633789062,138.5,139.16000366210938,96.23731994628906,40800
2018-07-03,NML,137.61000061035156,139.5,136.5,137.72000122070312,95.24147033691406,146000
2018-07-04,NML,135.60000610351562,136.25,130.83999633789062,131.75999450683594,91.11978149414062,393100
2018-07-05,NML,132.0,134.86000061035156,129.0,130.9199981689453,90.53887939453125,642800
2018-07-06,NML,131.0,133.97000122070312,130.0,131.6699981689453,91.05754852294922,212700
2018-07-09,NML,131.7100067138672,131.7100067138672,125.08999633789062,126.05000305175781,87.17098999023438,582000
2018-07-10,NML,126.0,132.35000610351562,120.30999755859375,127.88999938964844,88.4434585571289,1066900
2018-07-11,NML,128.0,131.94000244140625,126.0,129.5399932861328,89.58451843261719,220900
2018-07-12,NML,124.51000213623047,132.9499969482422,124.51000213623047,130.0800018310547,89.95797729492188,120600
2018-07-13,NML,130.0,133.4499969482422,129.0,132.25,91.45866394042969,369800
2018-07-16,NML,132.85000610351562,136.49000549316406,127.0199966430664,128.3699951171875,88.77540588378906,803400
2018-07-17,NML,127.0,132.0500030517578,126.1500015258789,131.0399932861328,90.62185668945312,598400
2018-07-18,NML,131.6999969482422,137.0,131.6999969482422,136.8699951171875,94.65364837646484,444300
2018-07-19,NML,139.39999389648438,141.0,136.5,139.5399932861328,96.50011444091797,827000
2018-07-20,NML,138.97999572753906,138.97999572753906,135.0,135.80999755859375,93.92060089111328,211200
2018-07-23,NML,132.75,134.89999389648438,129.6999969482422,131.4499969482422,90.90540313720703,513300
2018-07-24,NML,132.39999389648438,136.0,130.99000549316406,134.6199951171875,93.09765625,755100
2018-07-25,NML,134.6199951171875,134.6199951171875,134.6199951171875,134.6199951171875,93.09765625,0
2018-07-26,NML,138.49000549316406,139.75,134.0,137.58999633789062,95.15158081054688,1445400
2018-07-27,NML,138.0,142.4499969482422,137.0,139.27999877929688,96.32030487060547,1850600
2018-07-30,NML,139.97999572753906,142.6999969482422,139.0,141.9499969482422,98.1667709350586,1421800
2018-07-31,NML,140.0399932861328,140.5,136.5,138.0500030517578,95.46969604492188,196000
2018-08-01,NML,138.89999389648438,138.89999389648438,136.72000122070312,138.1199951171875,95.51809692382812,572900
2018-08-02,NML,138.88999938964844,139.25,133.60000610351562,135.6699981689453,93.82378387451172,466300
2018-08-03,NML,135.0,140.74000549316406,134.75,138.92999267578125,96.07825469970703,1220600
2018-08-06,NML,140.10000610351562,140.60000610351562,137.9499969482422,138.94000244140625,96.08517456054688,404100
2018-08-07,NML,140.0,141.6999969482422,139.0,139.3000030517578,96.33414459228516,2047500
2018-08-08,NML,139.5,140.99000549316406,138.89999389648438,139.5,96.47245788574219,489600
2018-08-09,NML,139.11000061035156,143.88999938964844,139.10000610351562,143.32000732421875,99.11421966552734,1661000
2018-08-10,NML,143.0,145.0500030517578,139.3300018310547,140.94000244140625,97.46830749511719,1580800
2018-08-13,NML,136.25,138.33999633789062,135.14999389648438,136.49000549316406,94.390869140625,1685300
2018-08-14,NML,136.49000549316406,136.49000549316406,136.49000549316406,136.49000549316406,94.390869140625,0
2018-08-15,NML,136.0,137.7899932861328,131.02999877929688,136.5,94.39777374267578,486400
2018-08-16,NML,135.35000610351562,136.89999389648438,133.14999389648438,135.10000610351562,93.42960357666016,213300
2018-08-17,NML,136.0,138.02000427246094,136.0,136.66000366210938,94.50843811035156,60700
2018-08-20,NML,136.67999267578125,139.99000549316406,136.0,138.47000122070312,95.76014709472656,290000
2018-08-21,NML,138.47000122070312,138.47000122070312,138.47000122070312,138.47000122070312,95.76014709472656,0
2018-08-22,NML,138.47000122070312,138.47000122070312,138.47000122070312,138.47000122070312,95.76014709472656,0
2018-08-23,NML,138.47000122070312,138.47000122070312,138.47000122070312,138.47000122070312,95.76014709472656,0
2018-08-24,NML,135.0,139.49000549316406,135.0,138.94000244140625,96.08517456054688,37300
2018-08-27,NML,137.80999755859375,142.97000122070312,137.80999755859375,139.25,96.299560546875,377900
2018-08-28,NML,139.9499969482422,140.5,139.11000061035156,139.5399932861328,96.50011444091797,243500
2018-08-29,NML,140.72999572753906,140.72999572753906,137.5,137.91000366210938,95.37287139892578,525700
2018-08-30,NML,139.5,139.5,134.99000549316406,135.1999969482422,93.4987564086914,357500
2018-08-31,NML,135.00999450683594,136.8000030517578,134.0,135.4499969482422,93.67163848876953,201200
2018-09-03,NML,135.1999969482422,135.8000030517578,132.3000030517578,135.02999877929688,93.38118743896484,113500
2018-09-04,NML,136.47999572753906,136.97999572753906,134.60000610351562,136.5,94.39777374267578,85500
2018-09-05,NML,136.9499969482422,136.9499969482422,134.00999450683594,134.94000244140625,93.31895446777344,59100
2018-09-06,NML,136.0,136.0,134.30999755859375,134.50999450683594,93.02156829833984,213900
2018-09-07,NML,133.2100067138672,135.0,131.0,132.4600067138672,91.6038818359375,139000
2018-09-10,NML,128.36000061035156,135.0,128.36000061035156,132.75999450683594,91.81134796142578,122600
2018-09-11,NML,135.0,139.38999938964844,132.16000366210938,139.38999938964844,96.3963851928711,1553700
2018-09-12,NML,140.5,142.0,138.00999450683594,140.9600067138672,97.48213195800781,1072300
2018-09-13,NML,138.39999389648438,143.5500030517578,138.39999389648438,143.0399932861328,98.92057800292969,935300
2018-09-14,NML,144.0,144.6999969482422,141.0,141.58999633789062,97.91781616210938,457500
2018-09-17,NML,144.6999969482422,144.6999969482422,138.0,141.9199981689453,98.14603424072266,590200
2018-09-18,NML,143.0,145.14999389648438,141.99000549316406,144.0399932861328,99.61212921142578,2628900
2018-09-19,NML,144.02000427246094,145.1999969482422,143.02000427246094,144.89999389648438,100.20687103271484,389800
2018-09-20,NML,144.89999389648438,144.89999389648438,144.89999389648438,144.89999389648438,100.20687103271484,0
2018-09-21,NML,144.89999389648438,144.89999389648438,144.89999389648438,144.89999389648438,100.20687103271484,0
2018-09-24,NML,144.89999389648438,145.5,142.0,142.50999450683594,98.55403900146484,329800
2018-09-25,NML,143.75,148.0,142.0,142.24000549316406,98.36734008789062,93700
2018-09-26,NML,141.75,143.97999572753906,141.0,141.6199951171875,97.93856048583984,245400
2018-09-27,NML,136.5,142.5,136.5,140.08999633789062,96.88046264648438,651300
2018-09-28,NML,141.99000549316406,142.5,139.52999877929688,140.58999633789062,97.22624969482422,193000
2018-10-01,NML,140.60000610351562,144.47999572753906,140.0,142.1999969482422,98.33966827392578,69800
2018-10-02,NML,142.97999572753906,143.5,139.5399932861328,141.67999267578125,97.98004150390625,705300
2018-10-03,NML,142.97000122070312,142.97000122070312,140.1999969482422,140.3699951171875,97.07411193847656,46700
2018-10-04,NML,140.5,141.85000610351562,138.5,139.25999450683594,96.30646514892578,184800
2018-10-05,NML,139.25999450683594,139.89999389648438,134.60000610351562,135.0,93.3604507446289,557100
2018-10-08,NML,135.0,135.0,128.25,128.25,88.69242095947266,980400
2018-10-09,NML,129.99000549316406,134.60000610351562,129.5,133.52000427246094,92.33692932128906,2037100
2018-10-10,NML,133.50999450683594,134.83999633789062,130.5,132.0399932861328,91.31342315673828,105400
2018-10-11,NML,131.0,131.1999969482422,129.0,129.25,89.38397216796875,78500
2018-10-12,NML,129.0500030517578,130.0,126.0,127.44999694824219,88.13916778564453,352700
2018-10-15,NML,126.1500015258789,129.77999877929688,122.0,124.04000091552734,85.78096008300781,375600
2018-10-16,NML,124.98999786376953,128.99000549316406,124.98999786376953,126.91000366210938,87.76573181152344,257000
2018-10-17,NML,128.5,133.0,128.5,132.1999969482422,91.424072265625,629200
2018-10-18,NML,128.25,132.22000122070312,127.5,128.66000366210938,92.29204559326172,371600
2018-10-19,NML,129.8000030517578,133.82000732421875,129.0,131.6300048828125,94.42252349853516,476400
2018-10-22,NML,132.39999389648438,133.25,129.5,130.0800018310547,93.3106689453125,1249900
2018-10-23,NML,128.14999389648438,132.47000122070312,127.5999984741211,129.41000366210938,92.8300552368164,451300
2018-10-24,NML,132.5,135.8800048828125,132.5,135.8800048828125,97.47119140625,1095300
2018-10-25,NML,138.0,142.66000366210938,135.60000610351562,139.77000427246094,100.2616195678711,2413600
2018-10-26,NML,137.25999450683594,144.38999938964844,136.6199951171875,144.10000610351562,103.36766815185547,776300
2018-10-29,NML,146.5,149.0,144.4499969482422,147.75999450683594,105.99309539794922,1798500
2018-10-30,NML,147.75,148.25,145.5,145.91000366210938,104.66604614257812,546100
2018-10-31,NML,144.25,147.89999389648438,142.0500030517578,146.72000122070312,105.24707794189453,386000
2018-11-01,NML,145.0500030517578,152.5,145.0,151.4199981689453,108.61854553222656,1550400
2018-11-02,NML,152.0,155.0,150.0,150.9499969482422,108.28138732910156,449300
2018-11-05,NML,150.50999450683594,150.50999450683594,143.41000366210938,148.13999938964844,106.26567840576172,1593100
2018-11-06,NML,146.3000030517578,151.89999389648438,145.0,146.5399932861328,105.11795043945312,356400
2018-11-07,NML,149.0500030517578,151.5,149.0500030517578,149.77000427246094,107.43494415283203,861500
2018-11-08,NML,150.0,151.89999389648438,149.0,150.9199981689453,108.25988006591797,504200
2018-11-09,NML,150.88999938964844,157.0,150.0,153.35000610351562,110.00299835205078,1493100
2018-11-12,NML,153.75,155.0,152.0500030517578,152.69000244140625,109.5295639038086,289800
2018-11-13,NML,153.97000122070312,157.97999572753906,152.88999938964844,153.72999572753906,110.27555847167969,636500
2018-11-14,NML,153.5,155.0,152.0,152.33999633789062,109.27848815917969,284400
2018-11-15,NML,154.0,154.0,151.5,151.8300018310547,108.91265106201172,128300
2018-11-16,NML,151.6999969482422,153.89999389648438,151.1199951171875,152.02999877929688,109.05612182617188,177700
2018-11-19,NML,152.02000427246094,153.0,148.5,149.89999389648438,107.52819061279297,186600
2018-11-20,NML,149.50999450683594,149.50999450683594,148.0,148.8699951171875,106.78935241699219,245500
2018-11-21,NML,148.8699951171875,148.8699951171875,148.8699951171875,148.8699951171875,106.78935241699219,0
2018-11-22,NML,149.39999389648438,149.8800048828125,146.1999969482422,148.44000244140625,106.48088836669922,309800
2018-11-23,NML,148.00999450683594,148.5,145.2100067138672,145.91000366210938,104.66604614257812,156600
2018-11-26,NML,146.0,150.0,144.00999450683594,146.52000427246094,105.10360717773438,332200
2018-11-27,NML,147.97999572753906,148.88999938964844,147.2100067138672,148.0399932861328,106.19393920898438,179900
2018-11-28,NML,148.88999938964844,148.89999389648438,146.39999389648438,146.92999267578125,105.39771270751953,125600
2018-11-29,NML,147.0,148.47999572753906,145.0,147.89999389648438,106.09352111816406,143500
2018-11-30,NML,148.47999572753906,153.0,145.35000610351562,147.82000732421875,106.03614807128906,1264000
2018-12-03,NML,147.0,147.0,140.42999267578125,140.42999267578125,100.73504638671875,508900
2018-12-04,NML,140.0,143.99000549316406,137.8000030517578,141.97999572753906,101.84691619873047,636100
2018-12-05,NML,142.0,142.0,139.0,140.52000427246094,100.79961395263672,131500
2018-12-06,NML,140.97000122070312,141.97000122070312,133.5,133.5500030517578,95.7998046875,1908800
2018-12-07,NML,133.0500030517578,137.5,132.0500030517578,136.5399932861328,97.94463348388672,932200
2018-12-10,NML,137.8000030517578,139.4499969482422,134.75,136.02000427246094,97.57161712646484,274800
2018-12-11,NML,135.0500030517578,137.99000549316406,133.49000549316406,133.67999267578125,95.89305114746094,155300
2018-12-12,NML,132.0,134.0,128.39999389648438,132.22999572753906,94.8529281616211,1432800
2018-12-13,NML,129.00999450683594,132.75,127.6500015258789,130.1699981689453,93.37521362304688,405400
2018-12-14,NML,130.5,132.39999389648438,129.11000061035156,132.02999877929688,94.70946502685547,734600
2018-12-17,NML,126.0199966430664,131.0,126.0,128.1699981689453,91.9405517578125,1678000
2018-12-18,NML,128.5,129.39999389648438,127.5,128.6999969482422,92.32073974609375,567900
2018-12-19,NML,128.52000427246094,132.0,128.0500030517578,130.52999877929688,93.63345336914062,405600
2018-12-20,NML,130.99000549316406,134.25,130.99000549316406,133.0399932861328,95.4339599609375,472600
2018-12-21,NML,134.89999389648438,136.0,130.64999389648438,133.58999633789062,95.8284912109375,805100
2018-12-24,NML,131.10000610351562,133.0,130.0500030517578,132.6199951171875,95.1326675415039,61600
2018-12-25,NML,132.6199951171875,132.6199951171875,132.6199951171875,132.6199951171875,95.1326675415039,0
2018-12-26,NML,132.39999389648438,132.97999572753906,130.61000061035156,131.5500030517578,94.36515045166016,74200
2018-12-27,NML,132.0,133.97999572753906,129.0,131.5399932861328,94.35795593261719,159100
2018-12-28,NML,131.5,132.0,127.25,130.47000122070312,93.59042358398438,497000
2018-12-31,NML,129.0,132.0,125.0,126.52999877929688,90.76412200927734,515100
2019-01-01,NML,127.25,132.85000610351562,127.0,132.5,95.04660034179688,115600
2019-01-02,NML,133.0,138.6999969482422,132.0,135.0,96.8399429321289,990300
2019-01-03,NML,136.10000610351562,139.89999389648438,133.0,135.42999267578125,97.14839172363281,105200
2019-01-04,NML,133.25,137.8000030517578,129.5,134.58999633789062,96.54582977294922,150900
2019-01-07,NML,136.0,140.74000549316406,134.5500030517578,139.1699981689453,99.83121490478516,766900
2019-01-08,NML,140.89999389648438,141.0,138.1999969482422,139.32000732421875,99.93883514404297,338100
2019-01-09,NML,138.97999572753906,139.88999938964844,136.5,136.6199951171875,98.00201416015625,202800
2019-01-10,NML,136.75,137.89999389648438,136.0,136.05999755859375,97.60030364990234,118400
2019-01-11,NML,136.05999755859375,138.33999633789062,134.10000610351562,137.33999633789062,98.51848602294922,523900
2019-01-14,NML,137.5,140.0,137.47000122070312,139.4199981689453,100.01054382324219,350600
2019-01-15,NML,139.89999389648438,142.47000122070312,138.00999450683594,139.75999450683594,100.25444030761719,864900
2019-01-16,NML,140.0,141.5,138.0,140.1999969482422,100.570068359375,679100
2019-01-17,NML,137.00999450683594,139.89999389648438,136.0,138.5399932861328,99.37928771972656,1070500
2019-01-18,NML,138.6999969482422,139.0,137.5,138.2899932861328,99.19995880126953,173800
2019-01-21,NML,141.0,141.0,136.10000610351562,137.91000366210938,98.9273681640625,364400
2019-01-22,NML,138.0,140.47999572753906,138.0,138.61000061035156,99.42950439453125,944900
2019-01-23,NML,139.0,141.5,139.0,140.8699951171875,101.0506820678711,985700
2019-01-24,NML,143.0,143.99000549316406,138.5,139.66000366210938,100.1827163696289,857700
2019-01-25,NML,140.39999389648438,142.0,139.14999389648438,139.9600067138672,100.39791870117188,845100
2019-01-28,NML,139.99000549316406,142.38999938964844,139.99000549316406,141.97000122070312,101.8397445678711,496100
2019-01-29,NML,142.5,142.9499969482422,140.5500030517578,141.36000061035156,101.40218353271484,210000
2019-01-30,NML,142.0,142.3000030517578,141.0,141.58999633789062,101.5671615600586,204900
2019-01-31,NML,142.89999389648438,147.0,142.1999969482422,142.85000610351562,102.47100067138672,301400
2019-02-01,NML,141.60000610351562,143.60000610351562,141.60000610351562,143.02000427246094,102.59294128417969,458200
2019-02-04,NML,143.0,145.89999389648438,143.0,145.61000061035156,104.45084381103516,554500
2019-02-05,NML,145.61000061035156,145.61000061035156,145.61000061035156,145.61000061035156,104.45084381103516,0
2019-02-06,NML,144.24000549316406,149.0,144.24000549316406,147.8300018310547,106.04331970214844,668600
2019-02-07,NML,147.0,147.0,145.1999969482422,146.0399932861328,104.75928497314453,93700
2019-02-08,NML,146.0500030517578,146.89999389648438,142.0,143.36000061035156,102.83684539794922,724800
2019-02-11,NML,145.0,145.0,140.02000427246094,141.3300018310547,101.38065338134766,237100
2019-02-12,NML,141.0,143.3000030517578,141.0,142.82000732421875,102.4494857788086,88600
2019-02-13,NML,143.47999572753906,145.0,141.97999572753906,143.41000366210938,102.87271881103516,178000
2019-02-14,NML,142.99000549316406,144.8000030517578,142.25,143.02000427246094,102.59294128417969,47600
2019-02-15,NML,143.63999938964844,144.47000122070312,142.0,142.3300018310547,102.09799194335938,60900
2019-02-18,NML,144.39999389648438,144.39999389648438,139.0,141.69000244140625,101.63890838623047,263300
2019-02-19,NML,142.5,143.92999267578125,139.22000122070312,140.0800018310547,100.48397827148438,183600
2019-02-20,NML,139.5,142.8800048828125,138.10000610351562,142.0500030517578,101.89713287353516,206300
2019-02-21,NML,142.0500030517578,142.9499969482422,141.5,142.0500030517578,101.89713287353516,186000
2019-02-22,NML,140.39999389648438,142.5,140.39999389648438,141.75999450683594,101.6891098022461,129900
2019-02-25,NML,142.89999389648438,143.64999389648438,140.14999389648438,141.10000610351562,101.2156753540039,75000
2019-02-26,NML,141.10000610351562,143.5,135.60000610351562,136.6300048828125,98.00918579101562,401000
2019-02-27,NML,134.0,140.0,129.8000030517578,136.4499969482422,97.88007354736328,1231000
2019-02-28,NML,137.49000549316406,140.69000244140625,136.5,139.83999633789062,100.31181335449219,296600
2019-03-01,NML,139.99000549316406,140.0,138.60000610351562,139.57000732421875,100.11814880371094,227300
2019-03-04,NML,139.5800018310547,142.89999389648438,138.60000610351562,141.72999572753906,101.66758728027344,735500
2019-03-05,NML,142.0,143.4499969482422,141.2100067138672,142.1199951171875,101.94733428955078,586500
2019-03-06,NML,143.0,144.0,139.50999450683594,142.35000610351562,102.11233520507812,235500
2019-03-07,NML,143.0,143.0,139.60000610351562,139.9199981689453,100.36920928955078,75200
2019-03-08,NML,138.0,139.4499969482422,137.0,137.97999572753906,98.97758483886719,104600
2019-03-11,NML,138.50999450683594,138.75,137.00999450683594,137.35000610351562,98.52567291259766,27900
2019-03-12,NML,137.39999389648438,137.39999389648438,134.02000427246094,136.60000610351562,97.98767852783203,58900
2019-03-13,NML,138.0,138.0,136.00999450683594,136.3699951171875,97.82268524169922,250700
2019-03-14,NML,136.0,140.99000549316406,135.00999450683594,137.72999572753906,98.79825592041016,115300
2019-03-15,NML,136.0500030517578,136.5,134.00999450683594,134.55999755859375,96.52430725097656,60600
2019-03-18,NML,134.9499969482422,135.5,134.0,134.94000244140625,96.79690551757812,83000
2019-03-19,NML,135.5,135.5,133.0,133.91000366210938,96.05803680419922,177300
2019-03-20,NML,134.0,134.9499969482422,132.0,132.47999572753906,95.0322494506836,120200
2019-03-21,NML,132.5,133.39999389648438,130.4499969482422,132.50999450683594,95.05377197265625,188000
2019-03-22,NML,135.0,139.10000610351562,131.39999389648438,133.1999969482422,95.54873657226562,257200
2019-03-25,NML,133.10000610351562,133.10000610351562,127.5,129.0,92.53593444824219,118600
2019-03-26,NML,129.11000061035156,130.5,127.0,129.3800048828125,92.80853271484375,686400
2019-03-27,NML,130.0,133.60000610351562,130.0,133.02999877929688,95.42678833007812,195200
2019-03-28,NML,133.0,133.0,130.14999389648438,131.99000549316406,94.68077087402344,96300
2019-03-29,NML,131.0,135.24000549316406,131.0,134.61000061035156,96.56017303466797,455500
2019-04-01,NML,133.25,134.9499969482422,132.00999450683594,133.22999572753906,95.57025146484375,69700
2019-04-02,NML,133.0,133.99000549316406,129.25,132.0800018310547,94.74532318115234,95300
2019-04-03,NML,131.25,131.97000122070312,129.0,130.7100067138672,93.76258087158203,170000
2019-04-04,NML,130.49000549316406,130.5,127.0,127.4000015258789,91.3882064819336,135600
2019-04-05,NML,126.0199966430664,130.0,126.0,128.64999389648438,92.28486633300781,272900
2019-04-08,NML,128.0,128.0,123.75,124.30999755859375,89.17163848876953,263000
2019-04-09,NML,124.9000015258789,124.9000015258789,120.75,122.55000305175781,87.90914154052734,773200
2019-04-10,NML,122.0,123.5,119.5,120.1500015258789,86.18753814697266,173800
2019-04-11,NML,120.25,123.98999786376953,120.25,122.98999786376953,88.22476959228516,150200
2019-04-12,NML,122.4000015258789,128.0,121.66000366210938,126.19000244140625,90.52022552490234,247500
2019-04-15,NML,127.0,128.0,124.01000213623047,126.19000244140625,90.52022552490234,142200
2019-04-16,NML,125.48999786376953,126.19999694824219,125.1500015258789,125.55000305175781,90.06114959716797,81900
2019-04-17,NML,125.0,127.5,123.0,125.33999633789062,89.9104995727539,113200
2019-04-18,NML,124.11000061035156,125.9800033569336,123.0,124.58999633789062,89.37249755859375,144900
2019-04-19,NML,126.0,127.80000305175781,124.11000061035156,125.98999786376953,90.37677001953125,383200
2019-04-22,NML,126.98999786376953,127.98999786376953,122.01000213623047,123.04000091552734,88.2606430053711,45400
2019-04-23,NML,123.0,123.4000015258789,116.88999938964844,119.0999984741211,85.43433380126953,605500
2019-04-24,NML,119.0,123.4000015258789,118.0,119.27999877929688,85.56346893310547,243200
2019-04-25,NML,121.9000015258789,122.94999694824219,116.25,119.30000305175781,85.57780456542969,219700
2019-04-26,NML,120.5,125.12000274658203,118.55999755859375,123.02999877929688,88.25346374511719,810100
2019-04-29,NML,124.0,126.69999694824219,121.01000213623047,121.91000366210938,87.4500503540039,202500
2019-04-30,NML,123.0,123.0,120.44000244140625,121.19999694824219,86.94075012207031,445500
2019-05-01,NML,121.19999694824219,121.19999694824219,121.19999694824219,121.19999694824219,86.94075012207031,0
2019-05-02,NML,121.44999694824219,121.5,120.0,121.0,86.79727172851562,408200
2019-05-03,NML,121.0,121.0,121.0,121.0,86.79727172851562,0
2019-05-06,NML,120.0,123.98999786376953,118.0,118.18000030517578,84.7743911743164,46500
2019-05-07,NML,119.98999786376953,120.0,117.9000015258789,118.87000274658203,85.26936340332031,70500
2019-05-08,NML,118.0,118.0,113.0,114.68000030517578,82.26373291015625,265100
2019-05-09,NML,114.0999984741211,116.80000305175781,113.19999694824219,114.91999816894531,82.4358901977539,112100
2019-05-10,NML,114.01000213623047,116.0,113.0999984741211,114.69999694824219,82.27808380126953,99900
2019-05-13,NML,116.0,116.0,109.19999694824219,110.16999816894531,79.028564453125,187200
2019-05-14,NML,111.0,111.0,106.05000305175781,107.5199966430664,77.12762451171875,264700
2019-05-15,NML,108.0,112.0,107.5,110.1500015258789,79.01422119140625,240200
2019-05-16,NML,110.0999984741211,110.98999786376953,108.5,109.7300033569336,78.71294403076172,72000
2019-05-17,NML,107.01000213623047,107.19999694824219,104.25,104.25,74.78195190429688,154500
2019-05-20,NML,103.5,109.44999694824219,99.04000091552734,104.1500015258789,74.71021270751953,890300
2019-05-21,NML,104.9000015258789,107.4800033569336,101.0,105.98999786376953,76.03011322021484,512700
2019-05-22,NML,107.9800033569336,111.27999877929688,107.0,111.27999877929688,79.8248062133789,216000
2019-05-23,NML,115.98999786376953,116.83999633789062,112.0999984741211,114.80999755859375,82.35698699951172,1066600
2019-05-24,NML,115.0,115.0,110.80000305175781,113.3499984741211,81.30967712402344,292800
2019-05-27,NML,115.0,115.0,113.0,114.22000122070312,81.93376159667969,157400
2019-05-28,NML,113.5999984741211,113.5999984741211,108.51000213623047,108.70999908447266,77.98126220703125,397400
2019-05-29,NML,108.70999908447266,108.70999908447266,108.70999908447266,108.70999908447266,77.98126220703125,0
2019-05-30,NML,112.80000305175781,112.80000305175781,106.69999694824219,106.75,76.57527923583984,840700
2019-05-31,NML,106.75,106.75,106.75,106.75,76.57527923583984,0
2019-06-03,NML,106.5,106.5,101.41999816894531,101.41999816894531,72.75189208984375,546200
2019-06-04,NML,101.41999816894531,101.41999816894531,101.41999816894531,101.41999816894531,72.75189208984375,0
2019-06-05,NML,101.41999816894531,101.41999816894531,101.41999816894531,101.41999816894531,72.75189208984375,0
2019-06-06,NML,101.41999816894531,101.41999816894531,101.41999816894531,101.41999816894531,72.75189208984375,0
2019-06-07,NML,101.41999816894531,101.41999816894531,101.41999816894531,101.41999816894531,72.75189208984375,0
2019-06-10,NML,98.5,100.75,96.3499984741211,96.36000061035156,69.12220001220703,708100
2019-06-11,NML,93.98999786376953,98.9000015258789,92.5199966430664,96.87000274658203,69.48804473876953,237600
2019-06-12,NML,93.01000213623047,100.88999938964844,93.01000213623047,97.25,69.7606201171875,863500
2019-06-13,NML,96.87000274658203,99.8499984741211,96.87000274658203,98.56999969482422,70.7074966430664,372000
2019-06-14,NML,98.5,103.48999786376953,97.0,103.48999786376953,74.23677825927734,686600
2019-06-17,NML,104.5,106.38999938964844,103.0999984741211,103.97000122070312,74.58110809326172,475800
2019-06-18,NML,103.94999694824219,106.0,99.3499984741211,101.66999816894531,72.93122863769531,267700
2019-06-19,NML,100.20999908447266,101.80000305175781,99.0999984741211,99.87999725341797,71.64720916748047,338100
2019-06-20,NML,99.0999984741211,102.0,99.01000213623047,101.41999816894531,72.75189208984375,531200
2019-06-21,NML,101.5,102.0,100.0,101.81999969482422,73.0388412475586,55100
2019-06-24,NML,104.88999938964844,104.88999938964844,97.4000015258789,98.75,70.83663177490234,163500
2019-06-25,NML,98.5,101.79000091552734,96.5,98.45999908447266,70.62859344482422,211100
2019-06-26,NML,99.0,99.79000091552734,95.75,96.51000213623047,69.22979736328125,273100
2019-06-27,NML,96.51000213623047,97.5,91.69000244140625,92.61000061035156,66.43219757080078,1501500
2019-06-28,NML,92.0,97.0,91.9000015258789,93.33999633789062,66.95584106445312,1131500
2019-07-01,NML,93.0,95.80000305175781,90.55000305175781,94.33999633789062,67.67317199707031,90200
2019-07-02,NML,94.0,96.4000015258789,93.0,95.83999633789062,68.74918365478516,137500
2019-07-03,NML,96.0,99.0,95.5,98.20999908447266,70.44926452636719,406000
2019-07-04,NML,99.0,100.0,95.5999984741211,95.98999786376953,68.8567886352539,91500
2019-07-05,NML,95.0199966430664,95.0199966430664,91.6500015258789,92.80000305175781,66.56849670410156,250500
2019-07-08,NML,92.5,92.5,90.0,91.36000061035156,65.5355224609375,366300
2019-07-09,NML,91.0,92.5,90.51000213623047,91.72000122070312,65.79376983642578,175900
2019-07-10,NML,92.0,92.0,90.75,91.33999633789062,65.52118682861328,160600
2019-07-11,NML,92.0,92.0,89.98999786376953,90.72000122070312,65.0764389038086,146700
2019-07-12,NML,91.0,91.4000015258789,89.5,90.58000183105469,64.97602081298828,221100
2019-07-15,NML,89.0,89.0,86.05999755859375,86.0999984741211,61.762359619140625,611300
2019-07-16,NML,85.98999786376953,85.98999786376953,81.80000305175781,83.0999984741211,59.610355377197266,2595600
2019-07-17,NML,83.0999984741211,84.5,79.5,80.31999969482422,57.61617660522461,535600
2019-07-18,NML,78.5,79.5,76.30999755859375,76.30999755859375,54.73967742919922,1260000
2019-07-19,NML,73.51000213623047,79.0,72.5,77.1500015258789,55.34223175048828,3354200
2019-07-22,NML,77.0,79.9800033569336,75.0,78.9800033569336,56.65495300292969,305800
2019-07-23,NML,79.9800033569336,82.0,78.19999694824219,79.68000030517578,57.15708541870117,494200
2019-07-24,NML,79.0,79.4000015258789,75.75,76.77999877929688,55.076812744140625,238100
2019-07-25,NML,76.5,77.52999877929688,74.0,76.2300033569336,54.682289123535156,1518700
2019-07-26,NML,75.5,76.5,72.41999816894531,73.29000091552734,52.57332229614258,325600
2019-07-29,NML,72.98999786376953,73.69000244140625,71.0,72.76000213623047,52.193138122558594,107800
2019-07-30,NML,72.0,73.5,71.0199966430664,72.27999877929688,51.848819732666016,154000
2019-07-31,NML,72.05000305175781,74.5,72.0,74.08000183105469,53.1400146484375,250800
2019-08-01,NML,74.88999938964844,74.88999938964844,72.0999984741211,73.20999908447266,52.51593017578125,123900
2019-08-02,NML,72.55000305175781,74.38999938964844,70.69999694824219,73.44000244140625,52.68092346191406,135000
2019-08-05,NML,71.80000305175781,73.0,70.0,71.62000274658203,51.37538528442383,429100
2019-08-06,NML,71.11000061035156,74.44000244140625,70.19999694824219,70.75,50.75130081176758,268100
2019-08-07,NML,70.75,70.75,70.75,70.75,50.75130081176758,0
2019-08-08,NML,66.98999786376953,68.05000305175781,64.18000030517578,66.66999816894531,47.824581146240234,3417100
2019-08-09,NML,66.0,68.80000305175781,65.01000213623047,66.55000305175781,47.738502502441406,880100
2019-08-12,NML,66.55000305175781,66.55000305175781,66.55000305175781,66.55000305175781,47.738502502441406,0
2019-08-13,NML,66.55000305175781,66.55000305175781,66.55000305175781,66.55000305175781,47.738502502441406,0
2019-08-14,NML,66.55000305175781,66.55000305175781,66.55000305175781,66.55000305175781,47.738502502441406,0
2019-08-15,NML,66.55000305175781,66.55000305175781,66.55000305175781,66.55000305175781,47.738502502441406,0
2019-08-16,NML,65.5,67.3499984741211,63.970001220703125,64.45999908447266,46.23927688598633,515400
2019-08-19,NML,65.0,67.68000030517578,64.0,67.48999786376953,48.41279602050781,783300
2019-08-20,NML,68.0,70.75,68.0,69.55000305175781,49.890506744384766,1013400
2019-08-21,NML,70.5,73.0199966430664,68.3499984741211,72.98999786376953,52.358116149902344,1372600
2019-08-22,NML,73.5,76.62999725341797,73.5,76.62999725341797,54.96921920776367,636100
2019-08-23,NML,76.55000305175781,78.01000213623047,74.5,76.4000015258789,54.804237365722656,1940800
2019-08-26,NML,74.51000213623047,75.98999786376953,72.61000061035156,73.11000061035156,52.44420623779297,437200
2019-08-27,NML,73.0,75.48999786376953,71.55000305175781,74.45999908447266,53.412601470947266,973200
2019-08-28,NML,75.0,77.0,74.01000213623047,75.43000030517578,54.10841751098633,994100
2019-08-29,NML,75.0,76.83999633789062,72.0,72.66000366210938,52.12141036987305,796400
2019-08-30,NML,72.0,72.75,70.01000213623047,71.5199966430664,51.303646087646484,420500
2019-09-02,NML,73.55000305175781,73.94999694824219,71.80000305175781,73.36000061035156,52.623538970947266,300700
2019-09-03,NML,74.0,76.0,73.30000305175781,75.2699966430664,53.99364471435547,652400
2019-09-04,NML,75.0,79.02999877929688,74.80999755859375,78.1500015258789,56.05956268310547,815900
2019-09-05,NML,79.0,80.0,76.01000213623047,76.9000015258789,55.16290283203125,647600
2019-09-06,NML,77.0,77.0,75.25,76.4800033569336,54.86162567138672,178800
2019-09-09,NML,76.4800033569336,76.4800033569336,76.4800033569336,76.4800033569336,54.86162567138672,0
2019-09-10,NML,76.4800033569336,76.4800033569336,76.4800033569336,76.4800033569336,54.86162567138672,0
2019-09-11,NML,77.0,77.98999786376953,75.5,76.81999969482422,55.10551071166992,724600
2019-09-12,NML,76.97000122070312,80.66000366210938,76.75,80.66000366210938,57.860069274902344,1066700
2019-09-13,NML,81.94999694824219,82.25,79.55000305175781,81.95999908447266,58.792606353759766,744100
2019-09-16,NML,81.95999908447266,82.9000015258789,81.1500015258789,81.52999877929688,58.48414611816406,352100
2019-09-17,NML,81.80000305175781,83.30000305175781,80.0,82.41000366210938,59.11540603637695,629600
2019-09-18,NML,82.0,82.0,79.48999786376953,80.66999816894531,57.86723327636719,451400
2019-09-19,NML,80.25,84.69999694824219,80.25,83.45999908447266,59.86860275268555,1930400
2019-09-20,NML,83.94999694824219,84.5,82.5,83.25,59.71796798706055,918400
2019-09-23,NML,83.0,83.25,80.0,80.33999633789062,57.63051986694336,309800
2019-09-24,NML,80.30999755859375,82.25,79.0999984741211,81.04000091552734,58.13265609741211,438000
2019-09-25,NML,81.38999938964844,81.79000091552734,80.0199966430664,80.63999938964844,57.84572982788086,222300
2019-09-26,NML,80.5,80.7699966430664,78.51000213623047,79.91999816894531,57.3292350769043,132900
2019-09-27,NML,80.80000305175781,83.91000366210938,78.55000305175781,83.0999984741211,59.610355377197266,962800
2019-09-30,NML,83.9000015258789,85.80000305175781,82.51000213623047,84.0,60.255958557128906,736800
2019-10-01,NML,83.6500015258789,86.0,83.5,85.20999908447266,61.12392807006836,536500
2019-10-02,NML,85.5,86.0,83.69999694824219,84.33000183105469,60.49268341064453,524400
2019-10-03,NML,84.5,86.75,84.05000305175781,85.66000366210938,61.44673156738281,3728000
2019-10-04,NML,85.0999984741211,88.0,84.51000213623047,87.61000061035156,62.84552764892578,4613400
2019-10-07,NML,88.2300033569336,91.88999938964844,87.02999877929688,90.91000366210938,65.21273040771484,4299400
2019-10-08,NML,90.5,90.75,88.18000030517578,89.75,64.38063049316406,2447500
2019-10-09,NML,90.0,90.0,87.75,88.51000213623047,63.491127014160156,385500
2019-10-10,NML,88.2300033569336,89.73999786376953,88.0,89.48999786376953,64.19412231445312,2497000
2019-10-11,NML,89.5199966430664,93.1500015258789,89.5,92.36000061035156,66.25286865234375,3784700
2019-10-14,NML,92.69999694824219,93.0,88.5999984741211,89.12999725341797,63.935882568359375,1162900
2019-10-15,NML,89.97000122070312,90.29000091552734,88.11000061035156,89.77999877929688,64.40215301513672,1222800
2019-10-16,NML,87.5,88.0,85.5,87.0999984741211,62.47969055175781,558300
2019-10-17,NML,87.0,87.48999786376953,86.0,86.88999938964844,65.3292465209961,198900
2019-10-18,NML,87.5,89.0,85.16999816894531,85.91000366210938,64.59242248535156,762700
2019-10-21,NML,84.9800033569336,84.9800033569336,83.44000244140625,83.73999786376953,62.96089172363281,299100
2019-10-22,NML,82.5,84.0,82.5,83.11000061035156,62.48721694946289,184900
2019-10-23,NML,84.48999786376953,84.98999786376953,83.0,84.30999755859375,63.389434814453125,409700
2019-10-24,NML,84.3499984741211,86.0,83.98999786376953,85.97000122070312,64.63753509521484,847200
2019-10-25,NML,86.87000274658203,87.30000305175781,84.0,84.73999786376953,63.712745666503906,416600
2019-10-28,NML,84.5,86.88999938964844,84.26000213623047,85.29000091552734,64.12626647949219,178700
2019-10-29,NML,86.5,86.5,82.12000274658203,84.22000122070312,63.32177734375,424700
2019-10-30,NML,84.48999786376953,84.5,81.66000366210938,82.95999908447266,62.37442398071289,340500
2019-10-31,NML,84.0,84.9800033569336,83.0,84.26000213623047,63.35186004638672,3124600
2019-11-01,NML,84.4000015258789,84.69000244140625,82.5,83.5999984741211,62.855628967285156,1122600
2019-11-04,NML,83.02999877929688,86.4000015258789,83.0,85.5999984741211,64.35933685302734,3439100
2019-11-05,NML,86.5,88.01000213623047,85.26000213623047,87.63999938964844,65.89314270019531,3893500
2019-11-06,NML,88.80000305175781,89.6500015258789,87.0,87.29000091552734,65.62998962402344,1780000
2019-11-07,NML,87.79000091552734,88.23999786376953,86.0,87.58999633789062,65.85554504394531,2416000
2019-11-08,NML,87.0999984741211,90.0,87.0999984741211,88.72000122070312,66.70515441894531,3645400
2019-11-11,NML,89.5,92.91999816894531,89.0,92.62999725341797,69.64492797851562,2576800
2019-11-12,NML,93.55000305175781,95.73999786376953,92.80000305175781,94.11000061035156,70.75768280029297,2387200
2019-11-13,NML,94.5999984741211,98.80999755859375,92.30999755859375,98.6500015258789,74.171142578125,3521300
2019-11-14,NML,99.5999984741211,100.25,97.5,98.69000244140625,74.20122528076172,1508300
2019-11-15,NML,99.0,99.30000305175781,97.44999694824219,98.26000213623047,73.87792205810547,1172600
2019-11-18,NML,99.48999786376953,102.5,98.25,101.77999877929688,76.52445983886719,2210200
2019-11-19,NML,102.9800033569336,106.86000061035156,101.0,104.75,78.75750732421875,3101900
2019-11-20,NML,105.5,105.5,102.01000213623047,103.66999816894531,77.94548034667969,1063100
2019-11-21,NML,102.51000213623047,103.80000305175781,99.12999725341797,100.02999877929688,75.20870971679688,478600
2019-11-22,NML,101.94999694824219,102.5,98.0,101.70999908447266,76.47183990478516,834800
2019-11-25,NML,101.70999908447266,102.80000305175781,100.0,101.30999755859375,76.17108917236328,392000
2019-11-26,NML,102.0,102.5,96.25,96.4800033569336,72.53960418701172,3011000
2019-11-27,NML,97.5,97.77999877929688,94.41000366210938,95.95999908447266,72.14864349365234,750900
2019-11-28,NML,96.0,100.0,96.0,99.54000091552734,74.84030151367188,1041200
2019-11-29,NML,100.4000015258789,101.98999786376953,98.69999694824219,100.26000213623047,75.38163757324219,1088000
2019-12-02,NML,101.5,105.2699966430664,100.0199966430664,105.18000030517578,79.08079528808594,2401900
2019-12-03,NML,106.75,107.5,102.2300033569336,105.23999786376953,79.12590789794922,1148500
2019-12-04,NML,105.5,109.5,104.5,107.88999938964844,81.11833953857422,2326200
2019-12-05,NML,109.98999786376953,110.5,107.0,108.30999755859375,81.43412017822266,3153700
2019-12-06,NML,107.5,107.80000305175781,105.0999984741211,106.16000366210938,79.817626953125,731900
2019-12-09,NML,106.0,108.0,104.0,104.2300033569336,78.36653137207031,942100
2019-12-10,NML,104.5,104.9000015258789,103.0999984741211,104.36000061035156,78.46426391601562,292600
2019-12-11,NML,104.5,107.5,103.0,104.56999969482422,78.6221694946289,623900
2019-12-12,NML,104.0,106.25,102.01000213623047,103.22000122070312,77.60714721679688,464100
2019-12-13,NML,103.69999694824219,108.37999725341797,102.30000305175781,108.37999725341797,81.48674774169922,2004500
2019-12-16,NML,110.0,113.79000091552734,109.5,113.79000091552734,85.55431365966797,2661400
2019-12-17,NML,115.44999694824219,115.44999694824219,108.11000061035156,110.37000274658203,82.98295593261719,1840800
2019-12-18,NML,108.19999694824219,112.0,108.1500015258789,108.91999816894531,81.89276123046875,881600
2019-12-19,NML,109.0,110.4800033569336,106.80000305175781,107.44999694824219,80.78752136230469,736900
2019-12-20,NML,108.0,109.0999984741211,103.01000213623047,103.7699966430664,78.02067565917969,1021500
2019-12-23,NML,104.08000183105469,104.5999984741211,100.55000305175781,101.19000244140625,76.08087158203125,902700
2019-12-24,NML,99.0999984741211,104.0,99.0999984741211,103.25,77.62970733642578,887700
2019-12-25,NML,103.25,103.25,103.25,103.25,77.62970733642578,0
2019-12-26,NML,104.0,106.9000015258789,104.0,106.58999633789062,80.14092254638672,389600
2019-12-27,NML,106.55000305175781,107.5,104.80000305175781,105.5999984741211,79.39657592773438,697400
2019-12-30,NML,106.0999984741211,109.48999786376953,105.5,106.0199966430664,79.71235656738281,317600
2019-12-31,NML,107.0,107.88999938964844,105.5999984741211,106.13999938964844,79.80257415771484,926900
2020-01-01,NML,106.5,108.5,106.0,107.63999938964844,80.93037414550781,545000
2020-01-02,NML,109.0,111.3499984741211,108.5999984741211,109.77999877929688,82.53936004638672,1369400
2020-01-03,NML,110.48999786376953,111.0,107.1500015258789,107.86000061035156,81.09577941894531,1321100
2020-01-06,NML,105.75,106.88999938964844,102.6500015258789,102.91000366210938,77.37407684326172,946300
2020-01-07,NML,103.5999984741211,105.80000305175781,102.5199966430664,104.87000274658203,78.84771728515625,1015200
2020-01-08,NML,103.80000305175781,104.5,100.0,101.66999816894531,76.44175720214844,1417500
2020-01-09,NML,104.9800033569336,106.75,104.5,106.75,80.26122283935547,1016300
2020-01-10,NML,108.5,109.9000015258789,107.0,109.38999938964844,82.24613189697266,1280000
2020-01-13,NML,109.80000305175781,114.0,107.05000305175781,112.62000274658203,84.67465209960938,1634500
2020-01-14,NML,112.98999786376953,115.83999633789062,112.19999694824219,113.16000366210938,85.08065795898438,1525000
2020-01-15,NML,112.9800033569336,112.9800033569336,109.12999725341797,109.81999969482422,82.56944274902344,1434200
2020-01-16,NML,110.69999694824219,113.9000015258789,109.5,113.01000213623047,84.9678726196289,948100
2020-01-17,NML,113.98999786376953,113.98999786376953,111.01000213623047,112.01000213623047,84.21601104736328,389700
2020-01-20,NML,112.48999786376953,112.48999786376953,109.0999984741211,111.41999816894531,83.77242279052734,315800
2020-01-21,NML,112.0,113.0,110.25,111.23999786376953,83.6370849609375,1055800
2020-01-22,NML,111.11000061035156,112.80000305175781,111.11000061035156,112.4800033569336,84.56938934326172,1056300
2020-01-23,NML,113.5,116.69999694824219,113.0,114.1500015258789,85.82499694824219,986100
2020-01-24,NML,114.75,119.75,112.69999694824219,117.80999755859375,88.5768051147461,1190400
2020-01-27,NML,118.0,118.19999694824219,114.5999984741211,115.48999786376953,86.83248901367188,406100
2020-01-28,NML,115.98999786376953,115.98999786376953,113.25,113.5999984741211,85.41146850585938,301500
2020-01-29,NML,114.0,117.44999694824219,113.0,113.55000305175781,85.3738784790039,858800
2020-01-30,NML,112.5,113.88999938964844,111.94999694824219,112.70999908447266,84.74231719970703,894300
2020-01-31,NML,113.5999984741211,114.9000015258789,111.11000061035156,111.73999786376953,84.01300811767578,405300
2020-02-03,NML,110.0,110.0,106.0,106.72000122070312,80.23866271972656,934500
2020-02-04,NML,107.9000015258789,108.5,106.5,107.69000244140625,80.96797943115234,483200
2020-02-05,NML,107.69000244140625,107.69000244140625,107.69000244140625,107.69000244140625,80.96797943115234,0
2020-02-06,NML,108.0,109.5999984741211,107.05999755859375,107.70999908447266,80.9830093383789,406800
2020-02-07,NML,108.69999694824219,108.69999694824219,102.55000305175781,103.5999984741211,77.89285278320312,648700
2020-02-10,NML,103.5999984741211,103.5999984741211,99.5,100.55000305175781,75.59967803955078,693000
2020-02-11,NML,100.05999755859375,105.33000183105469,100.0,104.11000061035156,78.27630615234375,936400
2020-02-12,NML,104.98999786376953,107.9800033569336,104.0,107.52999877929688,80.84767150878906,632800
2020-02-13,NML,108.91000366210938,109.0,106.5,107.83999633789062,81.08074951171875,309300
2020-02-14,NML,108.0,108.0,104.0,105.5199966430664,79.33643341064453,318300
2020-02-17,NML,105.75,106.0999984741211,102.20999908447266,104.19999694824219,78.3439712524414,727900
2020-02-18,NML,104.19999694824219,105.73999786376953,103.75,104.9800033569336,78.93043518066406,214500
2020-02-19,NML,104.9800033569336,104.9800033569336,104.9800033569336,104.9800033569336,78.93043518066406,0
2020-02-20,NML,105.0,107.0,104.1500015258789,104.63999938964844,78.6747817993164,273400
2020-02-21,NML,104.9800033569336,106.63999938964844,104.48999786376953,105.13999938964844,79.05071258544922,174900
2020-02-24,NML,106.22000122070312,107.44999694824219,103.5,103.9800033569336,78.1785659790039,1123300
2020-02-25,NML,105.5,107.9000015258789,102.0999984741211,103.01000213623047,77.44925689697266,521100
2020-02-26,NML,103.5,104.48999786376953,100.0,102.08999633789062,76.7575454711914,540400
2020-02-27,NML,101.0,102.0,98.16999816894531,101.05000305175781,75.9756088256836,1465600
2020-02-28,NML,100.5,104.5,100.5,102.08999633789062,76.7575454711914,1218600
2020-03-02,NML,103.0999984741211,108.9800033569336,103.0999984741211,108.23999786376953,81.3814926147461,1364000
2020-03-03,NML,109.80000305175781,110.0,107.1500015258789,108.36000061035156,81.47171783447266,683200
2020-03-04,NML,107.01000213623047,109.0,107.0,107.37000274658203,80.72736358642578,337300
2020-03-05,NML,107.9800033569336,110.51000213623047,107.9800033569336,108.55999755859375,81.62208557128906,2378900
2020-03-06,NML,107.98999786376953,107.98999786376953,102.5,103.1500015258789,77.55451965332031,426300
2020-03-09,NML,99.9800033569336,103.94000244140625,95.93000030517578,101.80000305175781,76.53949737548828,2710900
2020-03-10,NML,103.0,104.98999786376953,101.5,104.43000030517578,78.51690673828125,563700
2020-03-11,NML,104.0,107.5,102.25,103.69000244140625,77.96053314208984,1089200
2020-03-12,NML,102.0,102.48999786376953,96.44999694824219,97.7300033569336,73.47943115234375,761100
2020-03-13,NML,94.5,98.0,90.88999938964844,97.33999633789062,73.18620300292969,2164000
2020-03-16,NML,94.80000305175781,94.80000305175781,90.04000091552734,90.04000091552734,67.69761657714844,977400
2020-03-17,NML,86.0,90.0,83.29000091552734,83.29000091552734,62.62255096435547,1332400
2020-03-18,NML,77.5,79.5,77.05000305175781,77.05000305175781,57.93093490600586,592300
2020-03-19,NML,71.27999877929688,72.55999755859375,71.27999877929688,71.27999877929688,53.592689514160156,2267600
2020-03-20,NML,69.0,71.9800033569336,65.94000244140625,66.02999877929688,49.645416259765625,1146700
2020-03-23,NML,66.02999877929688,66.02999877929688,66.02999877929688,66.02999877929688,49.645416259765625,0
2020-03-24,NML,61.08000183105469,61.08000183105469,61.08000183105469,61.08000183105469,45.9237060546875,36800
2020-03-25,NML,56.5,57.0,56.5,56.5,42.48017120361328,1371500
2020-03-26,NML,54.54999923706055,58.0,53.0,54.06999969482422,40.65315628051758,573700
2020-03-27,NML,55.97999954223633,58.119998931884766,54.0,56.970001220703125,42.833553314208984,837900
2020-03-30,NML,56.0,57.150001525878906,53.5,56.58000183105469,42.54032897949219,1303900
2020-03-31,NML,56.599998474121094,59.900001525878906,56.0,58.72999954223633,44.15682601928711,7723400
2020-04-01,NML,59.099998474121094,62.72999954223633,57.5,61.810001373291016,46.472564697265625,2545900
2020-04-02,NML,61.810001373291016,66.0,61.0,65.69000244140625,49.38978958129883,2393500
2020-04-03,NML,66.94000244140625,67.5,64.5,65.36000061035156,49.14167404174805,1677300
2020-04-06,NML,66.0,66.0,61.0,61.29999923706055,46.089111328125,1449500
2020-04-07,NML,60.5099983215332,64.47000122070312,60.5099983215332,63.560001373291016,47.78832244873047,1302800
2020-04-08,NML,64.0,66.5199966430664,63.0,65.0199966430664,48.88603591918945,1387600
2020-04-09,NML,66.0,67.4000015258789,66.0,66.69000244140625,50.14165115356445,1482900
2020-04-10,NML,66.9000015258789,67.0,65.0,66.58000183105469,50.05894088745117,661700
2020-04-13,NML,65.9000015258789,65.9000015258789,62.02000045776367,62.279998779296875,46.8259391784668,993500
2020-04-14,NML,61.52000045776367,66.94999694824219,61.52000045776367,66.94999694824219,50.337127685546875,2191400
2020-04-15,NML,68.73999786376953,71.38999938964844,67.73999786376953,68.52999877929688,51.52507400512695,2224900
2020-04-16,NML,68.61000061035156,69.25,66.5,68.0,51.126583099365234,527300
2020-04-17,NML,73.0999984741211,73.0999984741211,71.0999984741211,73.0999984741211,54.96107864379883,834400
2020-04-20,NML,75.9000015258789,76.4000015258789,72.5,75.01000213623047,56.39713668823242,2246800
2020-04-21,NML,73.5,73.79000091552734,69.38999938964844,70.0999984741211,52.70549392700195,988200
2020-04-22,NML,70.4000015258789,71.87999725341797,67.0,71.33000183105469,53.63028335571289,414200
2020-04-23,NML,72.9000015258789,72.9000015258789,68.94999694824219,69.91999816894531,52.570152282714844,832600
2020-04-24,NML,70.0,71.0,68.5,68.80000305175781,51.72807312011719,286400
2020-04-27,NML,68.88999938964844,68.88999938964844,66.1500015258789,66.44999694824219,49.9611930847168,679300
2020-04-28,NML,66.97000122070312,69.22000122070312,66.94999694824219,68.11000061035156,51.209285736083984,464000
2020-04-29,NML,68.12000274658203,72.9800033569336,68.0,72.43000030517578,54.45733642578125,1541700
2020-04-30,NML,74.5,77.05000305175781,74.19999694824219,76.87999725341797,57.80310821533203,1990900
2020-05-01,NML,76.87999725341797,76.87999725341797,76.87999725341797,76.87999725341797,57.80310821533203,0
2020-05-04,NML,76.5,80.8499984741211,75.01000213623047,79.06999969482422,59.44969940185547,1578700
2020-05-05,NML,79.5,80.5,78.9000015258789,79.70999908447266,59.93088150024414,1146000
2020-05-06,NML,79.75,80.13999938964844,76.8499984741211,77.48999786376953,58.261756896972656,584200
2020-05-07,NML,76.0999984741211,77.47000122070312,75.05000305175781,75.48999786376953,56.758026123046875,415400
2020-05-08,NML,75.98999786376953,76.41999816894531,73.80999755859375,74.58000183105469,56.07383728027344,356500
2020-05-11,NML,74.7699966430664,78.0,73.41000366210938,76.61000061035156,57.60011672973633,569000
2020-05-12,NML,78.80000305175781,78.80000305175781,76.7699966430664,77.0999984741211,57.968528747558594,381700
2020-05-13,NML,76.0,76.5,74.7300033569336,75.06999969482422,56.44225311279297,511600
2020-05-14,NML,75.11000061035156,76.01000213623047,75.05000305175781,75.69999694824219,56.915916442871094,279700
2020-05-15,NML,75.0,75.9000015258789,74.5999984741211,74.93000030517578,56.33699035644531,321000
2020-05-18,NML,75.69999694824219,75.98999786376953,72.94999694824219,73.7300033569336,55.43474578857422,593300
2020-05-19,NML,73.69999694824219,76.25,73.69999694824219,74.33000183105469,55.8858757019043,908200
2020-05-20,NML,74.33000183105469,74.69999694824219,71.8499984741211,72.37000274658203,54.412227630615234,767800
2020-05-21,NML,73.37000274658203,73.37000274658203,70.5,70.62999725341797,53.10397720336914,799900
2020-05-22,NML,70.62999725341797,70.62999725341797,70.62999725341797,70.62999725341797,53.10397720336914,0
2020-05-25,NML,70.62999725341797,70.62999725341797,70.62999725341797,70.62999725341797,53.10397720336914,0
2020-05-26,NML,70.62999725341797,70.62999725341797,70.62999725341797,70.62999725341797,53.10397720336914,0
2020-05-27,NML,70.62999725341797,70.62999725341797,70.62999725341797,70.62999725341797,53.10397720336914,0
2020-05-28,NML,70.5,71.58000183105469,68.98999786376953,70.16999816894531,52.75812530517578,2310100
2020-05-29,NML,70.4000015258789,75.43000030517578,70.19999694824219,74.3499984741211,55.900909423828125,5423400
2020-06-01,NML,73.3499984741211,73.97000122070312,72.19999694824219,73.27999877929688,55.096405029296875,2843800
2020-06-02,NML,73.38999938964844,75.5,72.75,74.30000305175781,55.863311767578125,3529700
2020-06-03,NML,74.69999694824219,76.19999694824219,74.25,75.36000061035156,56.6602897644043,1916800
2020-06-04,NML,75.51000213623047,76.9000015258789,74.01000213623047,74.55000305175781,56.05127716064453,887900
2020-06-05,NML,74.44000244140625,75.9000015258789,73.75,75.51000213623047,56.773067474365234,1035900
2020-06-08,NML,76.30000305175781,77.0,75.5999984741211,76.55999755859375,57.56251525878906,1252300
2020-06-09,NML,76.5999984741211,79.98999786376953,76.58999633789062,79.37000274658203,59.67524719238281,3795200
2020-06-10,NML,79.5,80.5,78.4000015258789,78.72000122070312,59.186546325683594,3397800
2020-06-11,NML,79.0,82.9000015258789,79.0,82.19999694824219,61.803009033203125,5446900
2020-06-12,NML,80.9800033569336,81.79000091552734,79.80000305175781,81.08000183105469,60.960933685302734,2675500
2020-06-15,NML,79.80000305175781,79.80000305175781,75.25,75.8499984741211,57.02870559692383,3056500
2020-06-16,NML,76.11000061035156,77.0,75.25,75.58999633789062,56.83320999145508,826100
2020-06-17,NML,75.69999694824219,76.5,73.5,74.0,55.63774871826172,822700
2020-06-18,NML,74.4000015258789,76.68000030517578,74.0,74.19999694824219,55.788124084472656,1369800
2020-06-19,NML,74.73999786376953,75.3499984741211,73.5,74.08000183105469,55.697898864746094,562500
2020-06-22,NML,74.31999969482422,74.69999694824219,72.5999984741211,74.19000244140625,55.780609130859375,999600
2020-06-23,NML,74.41000366210938,78.5,74.4000015258789,78.23999786376953,58.82564163208008,1365000
2020-06-24,NML,78.87999725341797,78.87999725341797,76.5199966430664,77.5999984741211,58.344459533691406,804100
2020-06-25,NML,77.0,77.01000213623047,75.5,75.93000030517578,57.08885192871094,710300
2020-06-26,NML,78.01000213623047,78.19999694824219,75.75,76.0999984741211,57.21665954589844,966700
2020-06-29,NML,76.02999877929688,76.75,74.25,75.75,56.95351791381836,1682400
2020-06-30,NML,75.9000015258789,78.3499984741211,75.69999694824219,78.01000213623047,58.652713775634766,1815900
2020-07-01,NML,78.01000213623047,79.75,77.5,78.98999786376953,59.3895378112793,1118000
2020-07-02,NML,79.73999786376953,80.0,77.5,77.95999908447266,58.61512756347656,1432000
2020-07-03,NML,78.11000061035156,81.19999694824219,78.11000061035156,79.62999725341797,59.870731353759766,2801500
2020-07-06,NML,80.0,82.0999984741211,80.0,81.61000061035156,61.35941696166992,1551500
2020-07-07,NML,82.0,82.69000244140625,81.5,81.9800033569336,61.63761520385742,1044000
2020-07-08,NML,81.94999694824219,83.9000015258789,81.94999694824219,83.41000366210938,62.71277618408203,1896000
2020-07-09,NML,84.4000015258789,85.25,83.5,84.11000061035156,63.239070892333984,1383000
2020-07-10,NML,84.0,84.5999984741211,83.4000015258789,83.97000122070312,63.133819580078125,567000
2020-07-13,NML,84.44000244140625,88.0,84.19999694824219,86.54000091552734,65.06610107421875,2015500
2020-07-14,NML,86.1500015258789,87.5,85.0,85.12000274658203,63.99845886230469,1634500
2020-07-15,NML,85.5,86.5,84.30000305175781,84.4800033569336,63.51726150512695,764500
2020-07-16,NML,84.51000213623047,85.5,84.22000122070312,84.91000366210938,63.84056854248047,496500
2020-07-17,NML,85.0,87.5,85.0,87.11000061035156,65.49465942382812,1872500
2020-07-20,NML,88.1500015258789,90.77999877929688,87.94999694824219,89.33000183105469,67.16378784179688,2100000
2020-07-21,NML,88.98999786376953,91.98999786376953,87.75,89.68000030517578,67.42694091796875,2052000
2020-07-22,NML,90.01000213623047,91.6500015258789,89.69999694824219,90.4800033569336,68.02842712402344,967500
2020-07-23,NML,91.9800033569336,93.5,90.5,90.83999633789062,68.2990951538086,1026000
2020-07-24,NML,91.0,91.66999816894531,89.5,90.80000305175781,68.26902770996094,575000
2020-07-27,NML,91.94999694824219,91.94999694824219,91.0,91.55999755859375,68.84044647216797,305500
2020-07-28,NML,92.05000305175781,94.5,91.51000213623047,94.08000183105469,70.73513793945312,1232000
2020-07-29,NML,94.25,96.9000015258789,94.0199966430664,95.79000091552734,72.02082061767578,2033500
2020-07-30,NML,95.5199966430664,96.19000244140625,94.12000274658203,95.63999938964844,71.90804290771484,1207500
2020-07-31,NML,95.63999938964844,95.63999938964844,95.63999938964844,95.63999938964844,71.90804290771484,0
2020-08-03,NML,95.9000015258789,99.98999786376953,95.9000015258789,98.44000244140625,74.01325225830078,4372000
2020-08-04,NML,98.25,99.87999725341797,94.0,96.02999877929688,72.20125579833984,2438000
2020-08-05,NML,96.58999633789062,99.69999694824219,94.8499984741211,99.20999908447266,74.5921859741211,1736000
2020-08-06,NML,100.98999786376953,101.0,97.0,97.2699966430664,73.1335678100586,1661500
2020-08-07,NML,97.62999725341797,99.0,92.01000213623047,95.43000030517578,71.75015258789062,1599500
2020-08-10,NML,96.9800033569336,98.5,96.5199966430664,97.81999969482422,73.54708862304688,889000
2020-08-11,NML,98.45999908447266,103.0,98.01000213623047,100.5199966430664,75.57711791992188,2509500
2020-08-12,NML,101.08000183105469,103.0,99.80000305175781,100.27999877929688,75.39666748046875,1938000
2020-08-13,NML,101.0,102.0,98.05999755859375,101.01000213623047,75.9455337524414,943000
2020-08-14,NML,101.01000213623047,101.01000213623047,101.01000213623047,101.01000213623047,75.9455337524414,0
2020-08-17,NML,102.5,108.4000015258789,101.25,105.11000061035156,79.0281753540039,2678500
2020-08-18,NML,105.88999938964844,106.4000015258789,103.5,104.72000122070312,78.73493957519531,1298500
2020-08-19,NML,103.9000015258789,108.4000015258789,103.75,104.88999938964844,78.86274719238281,3065500
2020-08-20,NML,105.0,105.0,101.0999984741211,101.91000366210938,76.6222152709961,1525500
2020-08-21,NML,101.98999786376953,103.75,100.0,102.94000244140625,77.39663696289062,1071500
2020-08-24,NML,103.9800033569336,106.06999969482422,103.0,105.05999755859375,78.9905776977539,1111500
2020-08-25,NML,106.16999816894531,106.80000305175781,104.5,106.19000244140625,79.8401870727539,1547500
2020-08-26,NML,105.80000305175781,110.0,105.80000305175781,109.5199966430664,82.3438720703125,3243000
2020-08-27,NML,111.94999694824219,112.80000305175781,108.5999984741211,109.4800033569336,82.31381225585938,2749000
2020-08-28,NML,109.0,110.48999786376953,108.08000183105469,109.2699966430664,82.1559066772461,336000
2020-08-31,NML,109.93000030517578,110.98999786376953,108.0,108.47000122070312,81.5544204711914,991000
2020-09-01,NML,109.37999725341797,111.0,108.51000213623047,110.63999938964844,83.18595886230469,1270500
2020-09-02,NML,111.0,112.80000305175781,110.75,111.22000122070312,83.62203979492188,1846000
2020-09-03,NML,111.9800033569336,112.5999984741211,110.5,111.58000183105469,83.89270782470703,1513000
2020-09-04,NML,111.58000183105469,111.58000183105469,109.69999694824219,110.05999755859375,82.7498779296875,625000
2020-09-07,NML,110.98999786376953,111.25,109.41000366210938,109.87999725341797,82.61454772949219,1816500
2020-09-08,NML,110.0,110.48999786376953,107.25,108.80000305175781,81.80254364013672,1244000
2020-09-09,NML,108.3499984741211,108.5999984741211,106.25,107.52999877929688,80.84767150878906,1488000
2020-09-10,NML,107.9800033569336,109.5199966430664,107.9800033569336,108.05999755859375,81.24614715576172,1344500
2020-09-11,NML,109.25,109.25,106.51000213623047,107.5,80.82511138916016,850000
2020-09-14,NML,107.98999786376953,108.44999694824219,106.25,106.66999816894531,80.20108032226562,346000
2020-09-15,NML,107.01000213623047,108.25,107.01000213623047,107.5199966430664,80.84014892578125,1259500
2020-09-16,NML,107.1500015258789,108.3499984741211,102.55000305175781,104.08999633789062,78.26126861572266,1177000
2020-09-17,NML,104.9800033569336,105.80000305175781,104.0,104.68000030517578,78.70486450195312,539000
2020-09-18,NML,104.0199966430664,108.5,103.0,106.06999969482422,79.74995422363281,1945000
2020-09-21,NML,107.19999694824219,107.5999984741211,103.5,104.08999633789062,78.26126861572266,1530000
2020-09-22,NML,104.30000305175781,104.3499984741211,102.11000061035156,103.41000366210938,77.75,530000
2020-09-23,NML,103.05999755859375,106.98999786376953,103.0,105.30000305175781,79.17102813720703,1863500
2020-09-24,NML,105.5,105.98999786376953,103.75,105.04000091552734,78.97554016113281,831500
2020-09-25,NML,104.5999984741211,106.98999786376953,104.5,106.43000030517578,80.02061462402344,687000
2020-09-28,NML,106.29000091552734,107.0,103.01000213623047,103.77999877929688,78.02818298339844,795500
2020-09-29,NML,103.0199966430664,105.01000213623047,100.98999786376953,104.38999938964844,78.48682403564453,846500
2020-09-30,NML,105.38999938964844,105.38999938964844,98.05000305175781,101.06999969482422,75.99064636230469,1048000
2020-10-01,NML,100.51000213623047,102.3499984741211,99.01000213623047,101.75,76.50190734863281,1132500
2020-10-02,NML,101.77999877929688,102.9800033569336,99.0,99.68000030517578,74.945556640625,641000
2020-10-05,NML,99.4000015258789,99.4000015258789,94.80000305175781,95.43000030517578,71.75015258789062,1373500
2020-10-06,NML,98.0,98.0,94.11000061035156,96.04000091552734,72.20878601074219,670000
2020-10-07,NML,96.9800033569336,99.5,96.5,98.80000305175781,74.28392791748047,964500
2020-10-08,NML,99.0,101.75,98.0,100.66000366210938,75.68238830566406,948000
2020-10-09,NML,100.72000122070312,102.69999694824219,100.70999908447266,102.36000061035156,76.9605484008789,1059000
2020-10-12,NML,102.5,104.23999786376953,100.05000305175781,100.58000183105469,75.62223815917969,791500
2020-10-13,NML,100.5999984741211,102.0,99.98999786376953,100.80000305175781,75.78765106201172,832000
2020-10-14,NML,101.9800033569336,102.0,100.19999694824219,100.98999786376953,75.93049621582031,211000
2020-10-15,NML,101.98999786376953,102.75,101.1500015258789,101.4000015258789,76.23876190185547,551000
2020-10-16,NML,101.51000213623047,103.87999725341797,100.01000213623047,102.80999755859375,77.29888916015625,683000
2020-10-19,NML,99.70999908447266,100.75,99.0,99.29000091552734,77.67438507080078,294500
2020-10-20,NML,99.80000305175781,101.9000015258789,99.80000305175781,100.20999908447266,78.39410400390625,606000
2020-10-21,NML,100.9000015258789,101.0,99.1500015258789,99.44999694824219,77.79955291748047,628000
2020-10-22,NML,99.86000061035156,101.0,96.02999877929688,96.79000091552734,75.71863555908203,1581000
2020-10-23,NML,96.95999908447266,98.0999984741211,96.69999694824219,97.55999755859375,76.32101440429688,890500
2020-10-26,NML,97.94000244140625,98.48999786376953,95.05000305175781,97.79000091552734,76.50094604492188,1781500
2020-10-27,NML,97.6500015258789,99.23999786376953,96.0,96.0999984741211,75.1788558959961,958000
2020-10-28,NML,96.55000305175781,97.0,89.25,91.16000366210938,71.31430053710938,3357500
2020-10-29,NML,90.0,90.0,84.33000183105469,84.69000244140625,66.25283813476562,4162000
2020-10-30,NML,84.69000244140625,84.69000244140625,84.69000244140625,84.69000244140625,66.25283813476562,0
2020-11-02,NML,84.5999984741211,84.5999984741211,80.48999786376953,81.12999725341797,63.46784973144531,1057500
2020-11-03,NML,83.44000244140625,87.20999908447266,83.0,87.20999908447266,68.22422790527344,1225000
2020-11-04,NML,89.9800033569336,90.75,86.12000274658203,86.7699966430664,67.88002014160156,1191500
2020-11-05,NML,88.0999984741211,90.0,87.25,89.51000213623047,70.02350616455078,639000
2020-11-06,NML,89.80000305175781,90.98999786376953,88.69999694824219,89.68000030517578,70.15650177001953,595000
2020-11-09,NML,89.9000015258789,90.0,87.25,88.06999969482422,68.89700317382812,1085500
2020-11-10,NML,90.55000305175781,94.66999816894531,90.5,92.8499984741211,72.63639068603516,4393500
2020-11-11,NML,93.0,93.0,90.5,91.75,71.77584838867188,342500
2020-11-12,NML,91.5,91.9800033569336,89.25,89.94000244140625,70.35989379882812,780500
2020-11-13,NML,89.98999786376953,91.48999786376953,89.0,90.0999984741211,70.48506927490234,327500
2020-11-16,NML,90.0,90.37999725341797,88.25,88.44000244140625,69.18645477294922,205000
2020-11-17,NML,88.4000015258789,90.0,87.5999984741211,88.01000213623047,68.85006713867188,424500
2020-11-18,NML,88.05000305175781,88.05000305175781,86.06999969482422,87.55000305175781,68.4902114868164,445000
2020-11-19,NML,88.0,88.44999694824219,87.0,87.66999816894531,68.5840835571289,218500
2020-11-20,NML,88.69999694824219,91.5,88.0,88.81999969482422,69.48371887207031,1776000
2020-11-23,NML,88.5,90.01000213623047,86.55000305175781,88.3499984741211,69.11604309082031,970000
2020-11-24,NML,89.98999786376953,89.98999786376953,87.4000015258789,87.97000122070312,68.81877899169922,559000
2020-11-25,NML,89.0,89.75,88.0,89.23999786376953,69.81229400634766,370000
2020-11-26,NML,90.0,91.80000305175781,90.0,91.37999725341797,71.48640441894531,756000
2020-11-27,NML,91.0,91.44999694824219,89.75,90.22000122070312,70.57894134521484,474500
2020-11-30,NML,91.0,92.86000061035156,89.0,91.45999908447266,71.54898834228516,837000
2020-12-01,NML,91.5,94.4800033569336,91.4000015258789,92.06999969482422,72.02618408203125,1587500
2020-12-02,NML,93.0,94.76000213623047,92.91000366210938,93.27999877929688,72.9727783203125,844000
2020-12-03,NML,94.9000015258789,94.9000015258789,92.30000305175781,92.5999984741211,72.4408187866211,1067500
2020-12-04,NML,93.0,93.88999938964844,92.0,92.70999908447266,72.52686309814453,823500
2020-12-07,NML,92.5199966430664,93.25,92.0999984741211,92.4000015258789,72.28435516357422,422500
2020-12-08,NML,92.0199966430664,92.83999633789062,90.61000061035156,91.16999816894531,71.32211303710938,735000
2020-12-09,NML,91.19999694824219,92.5999984741211,91.0,91.08000183105469,71.25172424316406,753500
2020-12-10,NML,91.0,92.5,90.02999877929688,90.37999725341797,70.7041015625,890000
2020-12-11,NML,90.5,92.0,90.5,91.04000091552734,71.22042846679688,871000
2020-12-14,NML,91.0999984741211,94.4000015258789,91.05000305175781,93.61000061035156,73.23092651367188,4249000
2020-12-15,NML,94.0,100.62999725341797,93.6500015258789,98.3499984741211,76.93902587890625,8117500
2020-12-16,NML,99.29000091552734,102.3499984741211,98.05000305175781,100.41000366210938,78.55056762695312,4037000
2020-12-17,NML,100.80999755859375,101.9800033569336,99.1500015258789,99.3499984741211,77.72132873535156,1851000
2020-12-18,NML,99.5,101.5,98.51000213623047,99.43000030517578,77.7839126586914,3235500
2020-12-21,NML,100.25,103.44000244140625,99.5999984741211,100.56999969482422,78.67572021484375,5094500
2020-12-22,NML,100.11000061035156,100.94999694824219,98.0,98.55999755859375,77.10330963134766,2126500
2020-12-23,NML,99.0,100.79000091552734,98.25,98.81999969482422,77.30670166015625,1740500
2020-12-24,NML,100.0,101.1500015258789,98.75,99.47000122070312,77.81520080566406,1325000
2020-12-25,NML,99.47000122070312,99.47000122070312,99.47000122070312,99.47000122070312,77.81520080566406,0
2020-12-28,NML,100.48999786376953,101.98999786376953,99.75,100.33000183105469,78.48798370361328,1807500
2020-12-29,NML,101.30000305175781,104.3499984741211,101.1500015258789,101.88999938964844,79.70835876464844,4995000
2020-12-30,NML,102.88999938964844,104.9000015258789,102.5,103.0999984741211,80.65493774414062,3756500
2020-12-31,NML,104.0,104.0,100.5,101.7699966430664,79.6144790649414,1610000
2021-01-01,NML,102.0,107.5,101.5999984741211,105.79000091552734,82.75931549072266,6965000
2021-01-04,NML,108.5,113.72000122070312,107.5999984741211,112.23999786376953,87.80514526367188,9912000
2021-01-05,NML,111.9800033569336,115.0,110.76000213623047,113.12999725341797,88.50138854980469,3717000
2021-01-06,NML,114.63999938964844,115.0,112.4000015258789,112.80000305175781,88.24324035644531,1988000
2021-01-07,NML,113.5,116.9000015258789,112.30999755859375,114.11000061035156,89.2680435180664,2904500
2021-01-08,NML,114.75,118.0,113.5,115.75,90.55101776123047,2189500
2021-01-11,NML,116.9000015258789,116.98999786376953,113.01000213623047,113.63999938964844,88.90036010742188,1628500
2021-01-12,NML,114.0,114.8499984741211,113.4000015258789,114.12999725341797,89.28368377685547,1022000
2021-01-13,NML,115.8499984741211,117.0999984741211,114.11000061035156,116.26000213623047,90.94998931884766,3571000
2021-01-14,NML,117.5,119.5199966430664,116.3499984741211,116.95999908447266,91.49759674072266,5391000
2021-01-15,NML,117.5,118.55000305175781,113.52999877929688,114.30000305175781,89.41667938232422,4553000
2021-01-18,NML,115.0999984741211,116.19999694824219,114.5999984741211,115.16000366210938,90.08946228027344,1734500
2021-01-19,NML,115.05000305175781,115.44999694824219,113.0,113.54000091552734,88.8221435546875,1635000
2021-01-20,NML,113.3499984741211,115.33999633789062,112.5999984741211,113.55000305175781,88.8299560546875,2112000
2021-01-21,NML,113.6500015258789,115.19999694824219,113.0999984741211,114.11000061035156,89.2680435180664,936500
2021-01-22,NML,114.88999938964844,115.0999984741211,112.80000305175781,113.27999877929688,88.61873626708984,1093000
2021-01-25,NML,113.0,114.0,112.26000213623047,113.79000091552734,89.01770782470703,1163500
2021-01-26,NML,115.0,115.0,112.69999694824219,114.31999969482422,89.43233489990234,1939000
2021-01-27,NML,115.01000213623047,115.83999633789062,112.9000015258789,113.23999786376953,88.58744049072266,1659500
2021-01-28,NML,113.23999786376953,113.26000213623047,111.6500015258789,111.77999877929688,87.44528198242188,951000
2021-01-29,NML,110.80000305175781,114.0,110.5,113.36000061035156,88.68132019042969,2036500
2021-02-01,NML,114.0,115.5,112.30000305175781,113.2699966430664,88.61090850830078,1592000
2021-02-02,NML,113.5,113.98999786376953,112.55000305175781,113.31999969482422,88.6500244140625,954500
2021-02-03,NML,113.98999786376953,117.8499984741211,113.8499984741211,116.80999755859375,91.3802490234375,4496000
2021-02-04,NML,117.5,118.0,116.08999633789062,117.12000274658203,91.62276458740234,1878000
2021-02-05,NML,117.12000274658203,117.12000274658203,117.12000274658203,117.12000274658203,91.62276458740234,0
2021-02-08,NML,117.0999984741211,118.94999694824219,116.5,116.94000244140625,91.48194885253906,1231000
2021-02-09,NML,116.5,118.05000305175781,115.0,115.41999816894531,90.29285430908203,803000
2021-02-10,NML,115.5,116.94999694824219,114.5,115.13999938964844,90.07380676269531,815500
2021-02-11,NML,115.0,119.0,115.0,115.44000244140625,90.30850982666016,2979500
2021-02-12,NML,115.44999694824219,117.87999725341797,114.9000015258789,116.91999816894531,91.46630859375,1102000
2021-02-15,NML,118.0,123.83999633789062,117.5,121.23999786376953,94.84583282470703,13611000
2021-02-16,NML,122.5,124.88999938964844,121.1500015258789,121.87000274658203,95.33867645263672,6647000
2021-02-17,NML,123.01000213623047,124.0,121.5,123.08999633789062,96.29308319091797,3177500
2021-02-18,NML,123.4800033569336,124.0,120.5999984741211,121.4800033569336,95.03358459472656,2188000
2021-02-19,NML,121.9000015258789,122.30000305175781,119.75,120.05000305175781,93.91490173339844,1195500
2021-02-22,NML,119.5,120.9000015258789,117.5,118.01000213623047,92.31901550292969,2163500
2021-02-23,NML,119.05000305175781,119.05000305175781,116.05000305175781,117.91999816894531,92.24860382080078,1370500
2021-02-24,NML,117.9000015258789,119.80000305175781,114.0,116.16999816894531,90.87957000732422,1668500
2021-02-25,NML,116.80000305175781,118.0,113.0199966430664,114.4800033569336,89.5574951171875,1285500
2021-02-26,NML,113.5,113.5,109.0,110.05999755859375,86.09973907470703,3510000
2021-03-01,NML,109.9000015258789,111.25,105.80000305175781,107.61000061035156,84.18310546875,1863000
2021-03-02,NML,108.01000213623047,109.5,108.0,108.81999969482422,85.12969207763672,2988500
2021-03-03,NML,108.81999969482422,111.44999694824219,108.01000213623047,111.20999908447266,86.99937438964844,1922500
2021-03-04,NML,107.01000213623047,109.0,106.5,107.30999755859375,83.94841766357422,1611000
2021-03-05,NML,107.5999984741211,108.4000015258789,106.30000305175781,107.02999877929688,83.7293701171875,757500
2021-03-08,NML,109.0,109.0,100.66000366210938,102.41000366210938,80.11516571044922,1363000
2021-03-09,NML,102.48999786376953,102.94999694824219,97.0,98.43000030517578,77.00161743164062,2288000
2021-03-10,NML,99.9000015258789,101.5999984741211,97.11000061035156,98.30000305175781,76.89991760253906,1359000
2021-03-11,NML,97.25,99.5,93.0,94.75,74.12276458740234,1597000
2021-03-12,NML,93.4000015258789,101.8499984741211,93.4000015258789,101.83999633789062,79.66924285888672,2095500
2021-03-15,NML,104.9800033569336,104.9800033569336,100.5999984741211,103.45999908447266,80.93656921386719,1797000
2021-03-16,NML,103.48999786376953,103.48999786376953,100.25,102.05999755859375,79.84134674072266,1226500
2021-03-17,NML,103.5,105.5,102.5999984741211,103.91999816894531,81.29642486572266,2153000
2021-03-18,NML,104.0,104.69999694824219,98.11000061035156,100.37000274658203,78.51927185058594,1168500
2021-03-19,NML,100.5,102.0,98.0,101.58000183105469,79.46585845947266,461000
2021-03-22,NML,101.58000183105469,102.0,99.06999969482422,100.05999755859375,78.27674865722656,1057000
2021-03-23,NML,100.05999755859375,100.05999755859375,100.05999755859375,100.05999755859375,78.27674865722656,0
2021-03-24,NML,100.06999969482422,101.44999694824219,98.41000366210938,98.55999755859375,77.10330963134766,1179000
2021-03-25,NML,98.75,100.5,98.05000305175781,98.20999908447266,76.82949829101562,1831000
2021-03-26,NML,98.19999694824219,99.0,96.16000366210938,97.83000183105469,76.53223419189453,1024000
2021-03-29,NML,97.5,97.5,94.0199966430664,94.95999908447266,74.28704071044922,768500
2021-03-30,NML,94.5,96.0,92.80000305175781,93.72000122070312,73.3169937133789,860500
2021-03-31,NML,95.8499984741211,96.0,92.02999877929688,92.5199966430664,72.37821960449219,1283000
2021-04-01,NML,93.5,94.41999816894531,92.5,92.66999816894531,72.49556732177734,570500
2021-04-02,NML,92.30000305175781,93.38999938964844,89.41000366210938,90.9800033569336,71.17349243164062,1133500
2021-04-05,NML,90.0,90.0,87.0,88.4800033569336,69.21774291992188,1159500
2021-04-06,NML,88.05000305175781,90.48999786376953,88.0,90.05000305175781,70.4459457397461,676000
2021-04-07,NML,90.88999938964844,90.88999938964844,88.05999755859375,88.58000183105469,69.29598236083984,962500
2021-04-08,NML,89.38999938964844,90.6500015258789,88.19999694824219,90.25,70.60240936279297,438500
2021-04-09,NML,90.9000015258789,94.0,89.01000213623047,92.97000122070312,72.73026275634766,905500
2021-04-12,NML,92.9000015258789,92.9000015258789,90.16000366210938,91.05000305175781,71.22825622558594,306500
2021-04-13,NML,90.5999984741211,92.94999694824219,90.5999984741211,92.22000122070312,72.14353942871094,249500
2021-04-14,NML,92.0,92.8499984741211,91.5,91.79000091552734,71.8071517944336,122500
2021-04-15,NML,92.0999984741211,93.44999694824219,91.51000213623047,91.79000091552734,71.8071517944336,264500
2021-04-16,NML,93.0,93.0,91.0,91.52999877929688,71.60375213623047,87500
2021-04-19,NML,92.0,92.0,85.2699966430664,89.4800033569336,70.00003814697266,240500
2021-04-20,NML,91.0,92.48999786376953,90.20999908447266,91.08000183105469,71.25172424316406,293500
2021-04-21,NML,92.4000015258789,93.0,90.52999877929688,91.08999633789062,71.25953674316406,392000
2021-04-22,NML,90.80000305175781,91.69999694824219,88.52999877929688,89.08999633789062,69.69493865966797,141500
2021-04-23,NML,88.5,88.8499984741211,87.0,88.27999877929688,69.061279296875,129500
2021-04-26,NML,87.0,89.47000122070312,85.5199966430664,87.55999755859375,68.4980239868164,578500
2021-04-27,NML,88.0,88.94999694824219,86.51000213623047,87.4800033569336,68.4354476928711,616500
2021-04-28,NML,88.38999938964844,88.5,87.12000274658203,87.62000274658203,68.54496765136719,467500
2021-04-29,NML,86.0999984741211,90.0,86.0999984741211,87.5999984741211,68.5293197631836,424000
2021-04-30,NML,88.44000244140625,88.44000244140625,85.0,86.19000244140625,67.42628479003906,580500
2021-05-03,NML,85.01000213623047,85.01000213623047,79.7300033569336,80.02999877929688,62.60731887817383,1611000
2021-05-04,NML,80.02999877929688,83.9000015258789,79.98999786376953,82.47000122070312,64.51612854003906,1009500
2021-05-05,NML,83.0999984741211,84.5,83.0,83.66000366210938,65.44707489013672,208000
2021-05-06,NML,84.0,86.5,83.75,86.12999725341797,67.37934112548828,193000
2021-05-07,NML,86.12999725341797,86.12999725341797,86.12999725341797,86.12999725341797,67.37934112548828,0
2021-05-10,NML,86.12999725341797,86.12999725341797,86.12999725341797,86.12999725341797,67.37934112548828,0
2021-05-11,NML,86.12999725341797,86.12999725341797,86.12999725341797,86.12999725341797,67.37934112548828,0
2021-05-12,NML,86.12999725341797,86.12999725341797,86.12999725341797,86.12999725341797,67.37934112548828,0
2021-05-13,NML,86.12999725341797,86.12999725341797,86.12999725341797,86.12999725341797,67.37934112548828,0
2021-05-14,NML,86.12999725341797,86.12999725341797,86.12999725341797,86.12999725341797,67.37934112548828,0
2021-05-17,NML,87.94999694824219,91.5999984741211,87.0,89.37999725341797,69.92180633544922,1246000
2021-05-18,NML,90.0,90.75,89.0,89.19999694824219,69.78099822998047,477500
2021-05-19,NML,89.19999694824219,89.5,86.5,86.94000244140625,68.01300811767578,596500
2021-05-20,NML,87.23999786376953,88.25,85.9000015258789,87.3499984741211,68.33374786376953,217000
2021-05-21,NML,87.20999908447266,88.45999908447266,87.0,87.55000305175781,68.4902114868164,185000
2021-05-24,NML,88.97000122070312,88.98999786376953,87.4000015258789,87.75,68.64666748046875,357000
2021-05-25,NML,88.4000015258789,90.4000015258789,87.5,90.0999984741211,70.48506927490234,1492000
2021-05-26,NML,89.98999786376953,96.8499984741211,89.98999786376953,96.37000274658203,75.39008331298828,3616000
2021-05-27,NML,96.5,97.69000244140625,94.5999984741211,95.44000244140625,74.66253662109375,1396000
2021-05-28,NML,94.80000305175781,99.0,94.80000305175781,97.29000091552734,76.10977935791016,1142000
2021-05-31,NML,97.98999786376953,102.0,97.5,101.2699966430664,79.22333526611328,1783000
2021-06-01,NML,102.0,102.98999786376953,99.9000015258789,102.05000305175781,79.83353424072266,1124500
2021-06-02,NML,101.5,103.0,100.37000274658203,101.88999938964844,79.70835876464844,823500
2021-06-03,NML,101.98999786376953,105.0999984741211,101.0,104.0,81.3590087890625,1263500
2021-06-04,NML,103.9000015258789,106.0,102.30000305175781,105.05999755859375,82.18824768066406,1496000
2021-06-07,NML,105.5,106.5,102.01000213623047,102.56999969482422,80.24032592773438,1187500
2021-06-08,NML,102.6500015258789,102.69999694824219,99.62000274658203,100.51000213623047,78.6287841796875,1557000
2021-06-09,NML,101.0,101.1500015258789,97.77999877929688,98.70999908447266,77.22064971923828,1040500
2021-06-10,NML,99.0,103.69000244140625,98.12999725341797,102.80999755859375,80.4280776977539,1305000
2021-06-11,NML,103.0,103.0,101.0,101.08999633789062,79.08251953125,318500
2021-06-14,NML,103.05000305175781,104.0,98.11000061035156,98.66000366210938,77.1815414428711,1727500
2021-06-15,NML,98.25,99.0,97.80000305175781,98.1500015258789,76.78256225585938,1316000
2021-06-16,NML,98.69999694824219,99.75,97.5,98.44999694824219,77.01725006103516,768000
2021-06-17,NML,98.19999694824219,99.1500015258789,97.0999984741211,97.48999786376953,76.26624298095703,372000
2021-06-18,NML,98.16000366210938,99.5,97.08000183105469,98.79000091552734,77.28324127197266,487000
2021-06-21,NML,99.5,99.5,97.75,98.22000122070312,76.83733367919922,499500
2021-06-22,NML,97.9000015258789,100.94999694824219,97.5,100.19000244140625,78.37844848632812,2414000
2021-06-23,NML,101.0,101.0,98.05000305175781,98.30000305175781,76.89991760253906,675000
2021-06-24,NML,98.30000305175781,98.47000122070312,97.51000213623047,97.94000244140625,76.6182861328125,387000
2021-06-25,NML,98.69999694824219,98.75,96.0,97.66999816894531,76.40705871582031,1130000
2021-06-28,NML,97.4000015258789,97.4000015258789,94.75,94.87000274658203,74.21663665771484,1082500
2021-06-29,NML,95.26000213623047,96.0,93.55000305175781,94.2300033569336,73.71595764160156,705000
2021-06-30,NML,94.5999984741211,95.0,93.0,93.30000305175781,72.98841857910156,627500
2021-07-01,NML,94.98999786376953,99.83000183105469,94.98999786376953,98.94999694824219,77.40840148925781,2175800
2021-07-02,NML,99.5199966430664,100.79000091552734,97.05000305175781,97.5199966430664,76.28971862792969,833200
2021-07-05,NML,97.5199966430664,98.9800033569336,96.5999984741211,97.29000091552734,76.10977935791016,354900
2021-07-06,NML,97.69000244140625,97.69000244140625,94.19999694824219,95.06999969482422,74.37309265136719,841700
2021-07-07,NML,95.25,95.30000305175781,93.5,94.51000213623047,73.93500518798828,565000
2021-07-08,NML,95.0999984741211,97.5,95.0999984741211,97.2699966430664,76.0941390991211,949000
2021-07-09,NML,96.0,97.44999694824219,94.19999694824219,94.51000213623047,73.93500518798828,1290000
2021-07-12,NML,94.55000305175781,95.4000015258789,94.19999694824219,94.58000183105469,73.98976135253906,286600
2021-07-13,NML,94.01000213623047,95.44000244140625,94.01000213623047,94.83000183105469,74.18534088134766,228200
2021-07-14,NML,94.55000305175781,98.44999694824219,94.52999877929688,97.66999816894531,76.40705871582031,1219400
2021-07-15,NML,97.88999938964844,97.88999938964844,95.62999725341797,96.08999633789062,75.17102813720703,260100
2021-07-16,NML,96.0,96.75,95.66000366210938,96.5199966430664,75.50741577148438,195500
2021-07-19,NML,96.0,97.0,95.51000213623047,96.62999725341797,75.59346771240234,220600
2021-07-20,NML,96.62999725341797,96.62999725341797,96.62999725341797,96.62999725341797,75.59346771240234,0
2021-07-21,NML,96.62999725341797,96.62999725341797,96.62999725341797,96.62999725341797,75.59346771240234,0
2021-07-22,NML,96.62999725341797,96.62999725341797,96.62999725341797,96.62999725341797,75.59346771240234,0
2021-07-23,NML,96.62999725341797,96.62999725341797,96.62999725341797,96.62999725341797,75.59346771240234,0
2021-07-26,NML,96.69999694824219,98.05000305175781,96.5,97.16000366210938,76.00808715820312,715800
2021-07-27,NML,97.0,99.98999786376953,96.9800033569336,98.20999908447266,76.82949829101562,2953700
2021-07-28,NML,98.87999725341797,99.5,96.11000061035156,96.76000213623047,75.69517517089844,448200
2021-07-29,NML,96.0,97.30000305175781,94.6500015258789,95.98999786376953,75.09280395507812,938200
2021-07-30,NML,96.0,97.44999694824219,95.5,96.4000015258789,75.41354370117188,698300
2021-08-02,NML,96.4000015258789,99.0,96.0,98.75,77.251953125,758700
2021-08-03,NML,98.98999786376953,99.98999786376953,98.6500015258789,99.33000183105469,77.70568084716797,1092500
2021-08-04,NML,99.79000091552734,99.79000091552734,97.69000244140625,98.12999725341797,76.76691436767578,359200
2021-08-05,NML,98.87999725341797,98.87999725341797,97.05000305175781,97.68000030517578,76.41488647460938,212300
2021-08-06,NML,97.79000091552734,98.33999633789062,96.70999908447266,97.13999938964844,75.99244689941406,126100
2021-08-09,NML,97.30000305175781,99.16000366210938,96.25,96.41999816894531,75.42919158935547,906600
2021-08-10,NML,96.25,97.87999725341797,96.19999694824219,96.72000122070312,75.66387939453125,296900
2021-08-11,NML,97.0,100.19999694824219,97.0,97.93000030517578,76.61045837402344,1743300
2021-08-12,NML,98.0199966430664,99.69000244140625,97.66000366210938,97.95999908447266,76.63392639160156,697500
2021-08-13,NML,98.0,98.0,96.9000015258789,97.0199966430664,75.89856719970703,342700
2021-08-16,NML,96.51000213623047,97.48999786376953,94.5199966430664,95.9800033569336,75.0849838256836,454100
2021-08-17,NML,96.98999786376953,99.0,96.5999984741211,98.6500015258789,77.17371368408203,575200
2021-08-18,NML,98.6500015258789,98.6500015258789,98.6500015258789,98.6500015258789,77.17371368408203,0
2021-08-19,NML,98.6500015258789,98.6500015258789,98.6500015258789,98.6500015258789,77.17371368408203,0
2021-08-20,NML,99.01000213623047,100.30000305175781,98.8499984741211,99.02999877929688,77.47098541259766,1100400
2021-08-23,NML,99.9000015258789,100.38999938964844,98.97000122070312,99.80999755859375,78.0811767578125,873300
2021-08-24,NML,99.98999786376953,101.19999694824219,98.0,98.30999755859375,76.9077377319336,1619500
2021-08-25,NML,98.02999877929688,98.5,96.55000305175781,96.94000244140625,75.83599090576172,639000
2021-08-26,NML,97.0,98.0,96.0,96.22000122070312,75.27273559570312,343700
2021-08-27,NML,96.9800033569336,96.9800033569336,95.20999908447266,96.2300033569336,75.28055572509766,1066000
2021-08-30,NML,96.48999786376953,97.38999938964844,96.05999755859375,96.77999877929688,75.71082305908203,365300
2021-08-31,NML,97.48999786376953,98.80000305175781,97.19999694824219,97.55000305175781,76.31318664550781,662400
2021-09-01,NML,98.0,98.75,97.44999694824219,97.9000015258789,76.58699798583984,370000
2021-09-02,NML,97.55000305175781,97.55000305175781,96.19999694824219,96.27999877929688,75.31967163085938,439000
2021-09-03,NML,96.5,97.25,95.02999877929688,95.58000183105469,74.77206420898438,399700
2021-09-06,NML,95.55000305175781,96.44999694824219,95.25,95.7699966430664,74.92069244384766,234300
2021-09-07,NML,95.02999877929688,96.0,95.02999877929688,95.47000122070312,74.6860122680664,407000
2021-09-08,NML,95.5,96.88999938964844,94.5999984741211,95.94999694824219,75.06150817871094,655700
2021-09-09,NML,95.80000305175781,96.44999694824219,95.0,96.12000274658203,75.19450378417969,421900
2021-09-10,NML,95.55000305175781,96.6500015258789,95.5,95.98999786376953,75.09280395507812,314800
2021-09-13,NML,96.05000305175781,96.98999786376953,95.5,95.76000213623047,74.91287994384766,265200
2021-09-14,NML,96.48999786376953,96.5,94.05999755859375,94.80999755859375,74.16968536376953,572300
2021-09-15,NML,95.0,95.0,93.5999984741211,94.23999786376953,73.72378540039062,208400
2021-09-16,NML,94.30000305175781,97.0,94.30000305175781,96.36000061035156,75.38225555419922,821900
2021-09-17,NML,97.0,97.0,95.30000305175781,95.56999969482422,74.76423645019531,416800
2021-09-20,NML,95.0,96.19999694824219,94.0,95.33000183105469,74.57649230957031,849500
2021-09-21,NML,95.0,95.0,91.5,91.94000244140625,71.92449951171875,1358300
2021-09-22,NML,91.97000122070312,91.98999786376953,89.0999984741211,90.97000122070312,71.16566467285156,1317200
2021-09-23,NML,91.6500015258789,92.0999984741211,89.52999877929688,89.70999908447266,70.17996978759766,642800
2021-09-24,NML,89.80000305175781,91.0,89.05000305175781,90.05000305175781,70.4459457397461,1340300
2021-09-27,NML,90.0,90.52999877929688,88.5,88.97000122070312,69.60106658935547,512900
2021-09-28,NML,89.0999984741211,91.0999984741211,88.16000366210938,90.37999725341797,70.7041015625,516200
2021-09-29,NML,89.05000305175781,90.18000030517578,88.0,89.0999984741211,69.70276641845703,715000
2021-09-30,NML,88.0,91.0999984741211,88.0,90.86000061035156,71.0796127319336,357100
2021-10-01,NML,90.0,92.30000305175781,89.5,90.01000213623047,70.41465759277344,375100
2021-10-04,NML,89.19999694824219,90.94999694824219,88.44999694824219,90.19000244140625,70.55548095703125,145500
2021-10-05,NML,90.19999694824219,90.19999694824219,88.51000213623047,89.25,69.82011413574219,372500
2021-10-06,NML,89.2699966430664,89.9000015258789,88.30000305175781,88.97000122070312,69.60106658935547,480000
2021-10-07,NML,89.88999938964844,89.88999938964844,88.0,88.33999633789062,69.10822296142578,384500
2021-10-08,NML,88.01000213623047,90.0,88.01000213623047,89.08999633789062,69.69493865966797,620300
2021-10-11,NML,89.75,90.97000122070312,87.94999694824219,89.7300033569336,70.19561767578125,767400
2021-10-12,NML,88.9000015258789,89.5999984741211,87.0,89.04000091552734,69.65583038330078,157400
2021-10-13,NML,89.5999984741211,89.5999984741211,85.0,85.79000091552734,67.11336517333984,130400
2021-10-14,NML,84.87999725341797,88.25,84.87999725341797,86.88999938964844,67.97388458251953,113500
2021-10-15,NML,87.0,87.5,85.0999984741211,86.4000015258789,67.5905532836914,879400
2021-10-18,NML,84.44999694824219,84.44999694824219,82.05000305175781,82.4000015258789,67.5905532836914,216100
2021-10-19,NML,82.4000015258789,82.4000015258789,82.4000015258789,82.4000015258789,67.5905532836914,0
2021-10-20,NML,82.75,85.75,82.75,84.97000122070312,69.69866180419922,1591400
2021-10-21,NML,85.0,87.33000183105469,84.7699966430664,85.94999694824219,70.50252532958984,1349000
2021-10-22,NML,86.0,87.0,83.98999786376953,85.5,70.13341522216797,304700
2021-10-25,NML,84.69999694824219,86.0,83.0,85.5,70.13341522216797,71700
2021-10-26,NML,84.5999984741211,84.61000061035156,83.6500015258789,84.0,68.90299987792969,156500
2021-10-27,NML,85.9800033569336,86.44000244140625,84.51000213623047,85.97000122070312,70.51893615722656,162600
2021-10-28,NML,85.30000305175781,86.0,84.30000305175781,85.51000213623047,70.14161682128906,165400
2021-10-29,NML,85.5999984741211,91.91999816894531,84.0,90.47000122070312,74.21017456054688,833600
2021-11-01,NML,92.0,94.0,90.1500015258789,91.2699966430664,74.86639404296875,966900
2021-11-02,NML,91.94999694824219,91.94999694824219,89.5,89.75,73.61957550048828,335400
2021-11-03,NML,90.0,91.5999984741211,88.5999984741211,89.12999725341797,73.11100006103516,715600
2021-11-04,NML,89.9000015258789,91.5,89.25,91.25,74.84999084472656,450000
2021-11-05,NML,90.05000305175781,93.6500015258789,90.05000305175781,92.70999908447266,76.0475845336914,1016300
2021-11-08,NML,91.5,92.51000213623047,91.0999984741211,91.77999877929688,75.28472900390625,201700
2021-11-09,NML,91.1500015258789,91.5,88.05999755859375,88.97000122070312,72.97976684570312,527700
2021-11-10,NML,90.8499984741211,90.0,88.1500015258789,89.83000183105469,73.68519592285156,145200
2021-11-11,NML,89.80000305175781,90.48999786376953,87.72000122070312,88.31999969482422,72.44658660888672,107600
2021-11-12,NML,87.5,87.75,85.9000015258789,85.98999786376953,70.53533935546875,273100
2021-11-15,NML,86.98999786376953,87.0,85.0199966430664,85.83999633789062,70.41230773925781,126500
2021-11-16,NML,85.80000305175781,87.0,85.80000305175781,86.73999786376953,71.15055084228516,218200
2021-11-17,NML,86.4000015258789,87.0999984741211,86.0,86.4000015258789,70.87165832519531,126000
2021-11-18,NML,87.23999786376953,87.4000015258789,85.0,86.58000183105469,71.0193099975586,104300
2021-11-19,NML,87.0,88.6500015258789,86.58000183105469,88.08999633789062,72.25791931152344,310800
2021-11-22,NML,87.1500015258789,87.16000366210938,85.51000213623047,86.62999725341797,71.06031799316406,143200
2021-11-23,NML,87.05000305175781,87.05000305175781,84.75,85.29000091552734,69.9611587524414,145900
2021-11-24,NML,84.8499984741211,85.20999908447266,83.0,84.94000244140625,69.67406463623047,96200
2021-11-25,NML,84.19999694824219,84.30000305175781,83.20999908447266,83.6500015258789,68.61590576171875,218900
2021-11-26,NML,84.0,85.16000366210938,83.0999984741211,84.30000305175781,69.14908599853516,212600
2021-11-29,NML,83.0,90.62000274658203,83.0,90.4000015258789,74.15274810791016,1096600
2021-11-30,NML,90.0199966430664,94.0,87.5,91.73999786376953,75.25191497802734,456700
2021-12-01,NML,90.0,91.98999786376953,89.0199966430664,89.91000366210938,73.75082397460938,83500
2021-12-02,NML,88.98999786376953,89.0,83.16999816894531,83.48999786376953,68.48465728759766,403000
2021-12-03,NML,84.0,85.0,80.0999984741211,81.87999725341797,67.16402435302734,462600
2021-12-06,NML,82.01000213623047,83.0,75.73999786376953,77.02999877929688,63.18568801879883,1274100
2021-12-07,NML,78.0,80.69999694824219,78.0,80.08000183105469,65.68753051757812,198700
2021-12-08,NML,80.5999984741211,82.0,78.11000061035156,80.73999786376953,66.2289047241211,172200
2021-12-09,NML,78.30000305175781,81.48999786376953,78.25,79.87000274658203,65.51527404785156,131500
2021-12-10,NML,80.0,80.0,76.98999786376953,78.83000183105469,64.66218566894531,421900
2021-12-13,NML,79.0,79.0,78.0,78.08999633789062,64.05518341064453,58200
2021-12-14,NML,77.5,79.79000091552734,76.9000015258789,79.45999908447266,65.17896270751953,993100
2021-12-15,NML,80.80000305175781,83.97000122070312,80.25,82.77999877929688,67.90226745605469,1378800
2021-12-16,NML,83.0,83.0,79.4000015258789,81.01000213623047,66.45038604736328,1469100
2021-12-17,NML,81.0,82.9000015258789,79.5999984741211,81.44000244140625,66.8031005859375,248900
2021-12-20,NML,81.0,83.47000122070312,80.55000305175781,83.04000091552734,68.11553955078125,411500
2021-12-21,NML,82.05000305175781,83.5,80.5,80.87999725341797,66.34375,306100
2021-12-22,NML,81.0,81.5,79.9800033569336,80.02999877929688,65.64651489257812,610500
2021-12-23,NML,80.04000091552734,80.79000091552734,79.0,80.04000091552734,65.65470886230469,287500
2021-12-24,NML,80.05999755859375,81.87999725341797,78.5,78.58999633789062,64.46531677246094,661100
2021-12-27,NML,79.0,79.48999786376953,78.0,78.37000274658203,64.28485870361328,224400
2021-12-28,NML,78.5999984741211,79.29000091552734,78.5999984741211,79.02999877929688,64.82624053955078,187000
2021-12-29,NML,79.38999938964844,81.5,78.9000015258789,80.05999755859375,65.6711196899414,647200
2021-12-30,NML,80.4000015258789,80.5,79.4000015258789,79.55999755859375,65.260986328125,308500
2021-12-31,NML,79.5999984741211,80.0,78.68000030517578,79.58000183105469,65.27738952636719,577400
2022-01-03,NML,79.98999786376953,80.5,79.80000305175781,80.1500015258789,65.74494171142578,284000
2022-01-04,NML,80.0999984741211,81.5,80.01000213623047,81.37999725341797,66.75387573242188,738500
2022-01-05,NML,81.4800033569336,81.98999786376953,80.86000061035156,81.43000030517578,66.7948989868164,411000
2022-01-06,NML,81.44999694824219,81.69999694824219,79.5,79.77999877929688,65.44143676757812,717500
2022-01-07,NML,80.5999984741211,80.69999694824219,79.19999694824219,79.31999969482422,65.06411743164062,413000
2022-01-10,NML,79.20999908447266,82.19999694824219,79.19999694824219,81.19000244140625,66.59803771972656,1433000
2022-01-11,NML,81.5,82.0,80.73999786376953,81.69000244140625,67.00817108154297,723000
2022-01-12,NML,82.0,83.30000305175781,81.7300033569336,82.41000366210938,67.59877014160156,1312000
2022-01-13,NML,82.25,82.9000015258789,81.51000213623047,81.80000305175781,67.09840393066406,354000
2022-01-14,NML,82.0,82.19999694824219,81.44999694824219,81.5,66.8523178100586,616000
2022-01-17,NML,81.5,81.86000061035156,80.80000305175781,81.5,66.8523178100586,328547
2022-01-18,NML,81.5,81.5999984741211,80.44999694824219,80.73999786376953,66.2289047241211,303461
2022-01-19,NML,81.0,81.4000015258789,78.5,78.87000274658203,64.69499969482422,318931
2022-01-20,NML,78.87000274658203,79.80000305175781,77.80000305175781,79.1500015258789,64.92467498779297,582878
2022-01-21,NML,79.75,80.5,79.05000305175781,79.98999786376953,65.61370086669922,210843
2022-01-24,NML,79.75,81.9800033569336,79.5,81.44000244140625,66.8031005859375,1020464
2022-01-25,NML,82.0,83.4000015258789,81.5,82.66000366210938,67.8038330078125,1335518
2022-01-26,NML,82.5,82.73999786376953,80.98999786376953,81.5,66.8523178100586,119960
2022-01-27,NML,81.68000030517578,82.19999694824219,81.5,81.69000244140625,67.00817108154297,215425
2022-01-28,NML,82.5,83.19999694824219,82.0,82.37999725341797,67.57415771484375,485495
2022-01-31,NML,82.79000091552734,83.44999694824219,82.26000213623047,82.52999877929688,67.69719696044922,425292
2022-02-01,NML,83.0,84.5999984741211,82.80999755859375,84.08999633789062,68.97682189941406,1839579
2022-02-02,NML,84.4800033569336,89.55000305175781,84.19999694824219,89.19999694824219,73.16842651367188,2481504
2022-02-03,NML,90.0,94.38999938964844,89.70999908447266,90.41000366210938,74.16096496582031,2680070
2022-02-04,NML,91.5,91.97000122070312,88.31999969482422,90.0999984741211,73.90667724609375,274630
2022-02-07,NML,90.0999984741211,94.25,90.0999984741211,92.58999633789062,75.94915008544922,2063792
2022-02-08,NML,92.58999633789062,98.95999908447266,91.5999984741211,96.7699966430664,79.37789916992188,3175041
2022-02-09,NML,97.0,97.69000244140625,94.51000213623047,95.2699966430664,78.1474838256836,903792
2022-02-10,NML,94.25,95.48999786376953,92.01000213623047,92.22000122070312,75.6456527709961,761467
2022-02-11,NML,92.5,93.75,92.0,93.33999633789062,76.56436157226562,293502
2022-02-14,NML,93.7699966430664,93.80000305175781,91.0,91.80000305175781,75.3011474609375,186541
2022-02-15,NML,91.0,91.80000305175781,90.0,91.45999908447266,75.02224731445312,265136
2022-02-16,NML,93.4000015258789,93.4000015258789,90.69999694824219,92.58000183105469,75.94095611572266,769940
2022-02-17,NML,94.0,94.0,90.81999969482422,91.48999786376953,75.04685974121094,891330
2022-02-18,NML,91.5999984741211,91.94999694824219,90.25,91.0,74.6449203491211,357748
2022-02-21,NML,91.0,91.5,87.75,88.02999877929688,72.20870208740234,924076
2022-02-22,NML,88.0,88.75,86.01000213623047,87.51000213623047,71.78216552734375,748043
2022-02-23,NML,88.0,88.0,83.5,84.47000122070312,69.28852844238281,1451152
2022-02-24,NML,83.69999694824219,83.69999694824219,81.48999786376953,82.0,67.26245880126953,1393085
2022-02-25,NML,81.5,84.5,80.5,81.48999786376953,66.8441162109375,640752
2022-02-28,NML,80.19999694824219,82.9000015258789,80.0,82.4000015258789,67.5905532836914,431968
2022-03-01,NML,82.5,84.38999938964844,82.5,83.0,68.08272552490234,271943
2022-03-02,NML,82.5,82.5,80.2699966430664,81.44000244140625,66.8031005859375,530707
2022-03-03,NML,82.2699966430664,82.2699966430664,79.5999984741211,80.0199966430664,65.63831329345703,727137
2022-03-04,NML,80.48999786376953,81.88999938964844,80.38999938964844,80.69000244140625,66.18790435791016,171316
2022-03-07,NML,79.01000213623047,79.94999694824219,77.0,79.05000305175781,64.8426513671875,539432
2022-03-08,NML,79.75,79.75,77.5,78.45999908447266,64.35868072509766,118709
2022-03-09,NML,78.45999908447266,79.0,76.05000305175781,77.94000244140625,63.93214416503906,283790
2022-03-10,NML,78.05000305175781,82.5,78.0,81.4000015258789,66.77027893066406,626106
2022-03-11,NML,81.0999984741211,82.37999725341797,80.05000305175781,81.08999633789062,66.51599884033203,204887
2022-03-14,NML,80.0999984741211,81.25,79.0,79.95999908447266,65.5890884399414,287255
2022-03-15,NML,80.5,81.87999725341797,79.30000305175781,81.45999908447266,66.81950378417969,233035
2022-03-16,NML,81.4000015258789,83.33000183105469,81.4000015258789,82.97000122070312,68.05811309814453,483905
2022-03-17,NML,82.9000015258789,82.9000015258789,81.16999816894531,81.2300033569336,66.63084411621094,38995
2022-03-18,NML,79.16000366210938,81.44999694824219,76.0,78.98999786376953,64.79342651367188,580993
2022-03-21,NML,79.0,79.88999938964844,78.5,79.48999786376953,65.20355987548828,111454
2022-03-22,NML,79.88999938964844,80.69999694824219,79.0,79.27999877929688,65.03131103515625,227420
2022-03-23,NML,79.27999877929688,79.27999877929688,79.27999877929688,79.27999877929688,65.03131103515625,0
2022-03-24,NML,80.0,80.08000183105469,78.1500015258789,79.98999786376953,65.61370086669922,151244
2022-03-25,NML,79.94999694824219,80.19999694824219,79.0,79.19999694824219,64.96568298339844,104613
2022-03-28,NML,79.0,80.72000122070312,78.69999694824219,80.58999633789062,66.10586547851562,100288
2022-03-29,NML,80.62000274658203,82.37999725341797,80.62000274658203,81.72000122070312,67.03277587890625,244854
2022-03-30,NML,81.19999694824219,84.80000305175781,80.08999633789062,82.97000122070312,68.05811309814453,699016
2022-03-31,NML,82.0999984741211,86.0,82.0999984741211,85.68000030517578,70.28105926513672,1264474
2022-04-01,NML,84.55000305175781,89.5,84.30000305175781,86.83000183105469,71.22437286376953,1117806
2022-04-04,NML,82.38999938964844,84.87999725341797,82.38999938964844,82.87999725341797,67.98429870605469,361241
2022-04-05,NML,82.87999725341797,84.58999633789062,82.0,82.12000274658203,67.36088562011719,513534
2022-04-06,NML,82.83999633789062,83.94999694824219,82.83999633789062,83.54000091552734,68.52567291259766,112264
2022-04-07,NML,83.23999786376953,83.9000015258789,82.0,82.68000030517578,67.82024383544922,54652
2022-04-08,NML,81.55000305175781,83.5,81.44999694824219,82.69000244140625,67.82844543457031,340334
2022-04-11,NML,85.5,88.88999938964844,85.5,88.87999725341797,72.90592956542969,1350622
2022-04-12,NML,88.87999725341797,91.0,87.0,90.58999633789062,74.30860900878906,780191
2022-04-13,NML,90.0,90.19999694824219,88.0,88.22000122070312,72.36456298828125,658763
2022-04-14,NML,87.55999755859375,88.98999786376953,87.0,88.4000015258789,72.51220703125,71623
2022-04-15,NML,88.4000015258789,89.98999786376953,88.0,88.13999938964844,72.2989273071289,315676
2022-04-18,NML,88.13999938964844,88.5,86.05000305175781,87.23999786376953,71.56068420410156,305535
2022-04-19,NML,87.0,88.0,86.0,86.16000366210938,70.67479705810547,160396
2022-04-20,NML,86.25,87.5,84.80999755859375,84.9800033569336,69.70687103271484,165300
2022-04-21,NML,85.0,85.0,84.30000305175781,84.43000030517578,69.2557144165039,43699
2022-04-22,NML,84.5,85.0,84.5,84.77999877929688,69.54280853271484,36785
2022-04-25,NML,84.5,87.9000015258789,84.5,85.29000091552734,69.9611587524414,140432
2022-04-26,NML,85.30000305175781,85.30000305175781,83.0,83.37000274658203,68.38623046875,531085
2022-04-27,NML,83.0,83.5,82.0999984741211,82.93000030517578,68.02531433105469,150939
2022-04-28,NML,82.5,83.5,81.69999694824219,82.66000366210938,67.8038330078125,1529772
2022-04-29,NML,82.66000366210938,82.66000366210938,82.66000366210938,82.66000366210938,67.8038330078125,0
2022-05-02,NML,82.66000366210938,82.66000366210938,82.66000366210938,82.66000366210938,67.8038330078125,0
2022-05-03,NML,82.66000366210938,82.66000366210938,82.66000366210938,82.66000366210938,67.8038330078125,0
2022-05-04,NML,82.66000366210938,82.66000366210938,82.66000366210938,82.66000366210938,67.8038330078125,0
2022-05-05,NML,82.66000366210938,82.66000366210938,82.66000366210938,82.66000366210938,67.8038330078125,0
2022-05-06,NML,82.66999816894531,82.66999816894531,79.9000015258789,80.4000015258789,65.95001220703125,706030
2022-05-09,NML,80.0,80.0,76.5,76.9800033569336,63.14468765258789,901872
2022-05-10,NML,76.9800033569336,78.0999984741211,76.25,77.26000213623047,63.37435531616211,209453
2022-05-11,NML,78.30000305175781,78.30000305175781,73.0,76.01000213623047,62.34900665283203,1278327
2022-05-12,NML,76.5,76.98999786376953,73.55000305175781,75.33000183105469,61.79122543334961,741744
2022-05-13,NML,74.80000305175781,76.98999786376953,74.5,76.20999908447266,62.513065338134766,463807
2022-05-16,NML,74.0999984741211,75.9000015258789,72.0,74.27999877929688,60.92993927001953,891508
2022-05-17,NML,75.69999694824219,75.69999694824219,72.25,74.05999755859375,60.74947738647461,807154
2022-05-18,NML,73.98999786376953,76.69000244140625,72.88999938964844,76.47000122070312,62.72634506225586,745067
2022-05-19,NML,76.51000213623047,78.44999694824219,76.11000061035156,77.05000305175781,63.20209884643555,1776015
2022-05-20,NML,77.5,78.48999786376953,76.87999725341797,77.05000305175781,63.20209884643555,522917
2022-05-23,NML,75.19999694824219,75.5,73.9000015258789,74.38999938964844,61.020172119140625,366099
2022-05-24,NML,74.0,74.75,72.19999694824219,72.58999633789062,59.543678283691406,789406
2022-05-25,NML,72.01000213623047,73.4800033569336,71.01000213623047,72.16000366210938,59.19095993041992,2373932
2022-05-26,NML,72.0,73.75,71.0,73.33000183105469,60.15068054199219,1212240
2022-05-27,NML,74.0999984741211,75.94999694824219,74.01000213623047,74.4800033569336,61.093997955322266,937026
2022-05-30,NML,74.9000015258789,75.0,73.11000061035156,73.94999694824219,60.65925216674805,517974
2022-05-31,NML,74.0,74.44000244140625,72.70999908447266,73.12000274658203,59.97842025756836,418061
2022-06-01,NML,72.80999755859375,73.66000366210938,72.1500015258789,72.62000274658203,59.56828308105469,241318
2022-06-02,NML,72.5,72.5,69.80000305175781,71.56999969482422,58.707000732421875,1249215
2022-06-03,NML,70.5999984741211,72.0,68.5,71.26000213623047,58.45271301269531,546374
2022-06-06,NML,71.0,71.79000091552734,70.0,71.5999984741211,58.731597900390625,297093
2022-06-07,NML,71.80000305175781,76.75,71.80000305175781,75.94000244140625,62.291595458984375,4586209
2022-06-08,NML,75.75,76.0,73.1500015258789,73.77999877929688,60.51980209350586,266622
2022-06-09,NML,74.48999786376953,74.5999984741211,72.5999984741211,72.97000122070312,59.855377197265625,136404
2022-06-10,NML,73.48999786376953,74.5,72.91000366210938,74.06999969482422,60.7576789855957,59001
2022-06-13,NML,73.80000305175781,74.06999969482422,71.80000305175781,72.83000183105469,59.74053955078125,370153
2022-06-14,NML,72.1500015258789,74.0,72.1500015258789,73.18000030517578,60.02763366699219,247496
2022-06-15,NML,73.47000122070312,74.88999938964844,73.0,73.12999725341797,59.98662567138672,194833
2022-06-16,NML,72.9000015258789,74.4800033569336,72.9000015258789,73.37999725341797,60.19169235229492,166930
2022-06-17,NML,73.5,76.69999694824219,73.0,76.01000213623047,62.34900665283203,1219363
2022-06-20,NML,74.20999908447266,76.29000091552734,73.0,73.31999969482422,60.14247512817383,576998
2022-06-21,NML,73.5,75.94999694824219,73.5,75.48999786376953,61.92246627807617,560959
2022-06-22,NML,76.44999694824219,76.94999694824219,74.94999694824219,75.19999694824219,61.68458557128906,379957
2022-06-23,NML,75.0,76.69999694824219,75.0,75.56999969482422,61.988094329833984,1019295
2022-06-24,NML,76.25,76.9000015258789,69.91000366210938,71.58999633789062,58.72340393066406,1015058
2022-06-27,NML,72.4800033569336,73.37999725341797,71.58999633789062,73.01000213623047,59.8881950378418,295387
2022-06-28,NML,73.5,73.5,72.0199966430664,73.04000091552734,59.91280746459961,1453302
2022-06-29,NML,73.88999938964844,73.88999938964844,72.05000305175781,73.19000244140625,60.03584289550781,637430
2022-06-30,NML,72.51000213623047,74.0,72.51000213623047,73.91000366210938,60.626441955566406,697498
2022-07-01,NML,74.0,75.19999694824219,73.06999969482422,73.41000366210938,60.216304779052734,186224
2022-07-04,NML,73.05999755859375,74.48999786376953,72.25,72.5199966430664,59.48625183105469,63241
2022-07-05,NML,72.26000213623047,73.9000015258789,72.26000213623047,72.47000122070312,59.445247650146484,81709
2022-07-06,NML,72.9000015258789,73.0,72.01000213623047,72.19999694824219,59.22377014160156,83412
2022-07-07,NML,72.5,72.5,71.5,71.66999816894531,58.789024353027344,161163
2022-07-08,NML,71.66999816894531,71.66999816894531,71.66999816894531,71.66999816894531,58.789024353027344,0
2022-07-11,NML,71.66999816894531,71.66999816894531,71.66999816894531,71.66999816894531,58.789024353027344,0
2022-07-12,NML,71.66999816894531,71.66999816894531,71.66999816894531,71.66999816894531,58.789024353027344,0
2022-07-13,NML,72.0,72.94000244140625,71.5,72.05000305175781,59.10072708129883,346435
2022-07-14,NML,72.93000030517578,73.51000213623047,72.05000305175781,73.05000305175781,59.9210090637207,470179
2022-07-15,NML,73.54000091552734,73.54000091552734,72.0199966430664,72.56999969482422,59.52727508544922,143633
2022-07-18,NML,71.19000244140625,72.19000244140625,70.5,71.23999786376953,58.436309814453125,190571
2022-07-19,NML,71.87000274658203,71.87000274658203,66.5,67.23999786376953,55.15520477294922,1084855
2022-07-20,NML,67.55000305175781,68.0,66.88999938964844,67.02999877929688,54.98295593261719,457196
2022-07-21,NML,67.48999786376953,67.48999786376953,65.0,66.30000305175781,54.384159088134766,353116
2022-07-22,NML,66.4000015258789,67.33999633789062,65.61000061035156,67.12000274658203,55.05677795410156,156728
2022-07-25,NML,66.51000213623047,68.8499984741211,65.4000015258789,67.3499984741211,55.24544143676758,313813
2022-07-26,NML,67.69999694824219,69.73999786376953,66.69999694824219,67.66999816894531,55.50792694091797,302035
2022-07-27,NML,68.4000015258789,68.4000015258789,66.80000305175781,67.37999725341797,55.27004623413086,155714
2022-07-28,NML,67.9800033569336,68.9000015258789,67.5,67.87000274658203,55.67198944091797,227502
2022-07-29,NML,67.5999984741211,68.73999786376953,66.5999984741211,67.41999816894531,55.302860260009766,211104
2022-08-01,NML,67.19999694824219,69.01000213623047,67.19999694824219,68.04000091552734,55.81142807006836,344606
2022-08-02,NML,67.0,68.87000274658203,66.80000305175781,68.01000213623047,55.78682327270508,315971
2022-08-03,NML,69.48999786376953,69.69000244140625,68.51000213623047,68.94999694824219,56.55787658691406,907370
2022-08-04,NML,69.94999694824219,71.5,69.25,70.55000305175781,57.87031936645508,2557042
2022-08-05,NML,71.48999786376953,72.75,70.80999755859375,71.19999694824219,58.40349578857422,1592140
2022-08-08,NML,71.19999694824219,71.19999694824219,71.19999694824219,71.19999694824219,58.40349578857422,0
2022-08-09,NML,71.19999694824219,71.19999694824219,71.19999694824219,71.19999694824219,58.40349578857422,0
2022-08-10,NML,71.30000305175781,73.69999694824219,71.19999694824219,72.06999969482422,59.117130279541016,2587197
2022-08-11,NML,72.5,72.63999938964844,71.51000213623047,72.19000244140625,59.21556854248047,1057180
2022-08-12,NML,72.0,74.30000305175781,70.01000213623047,73.87999725341797,60.601829528808594,1902485
2022-08-15,NML,73.87999725341797,77.0,73.4000015258789,76.43000030517578,62.69352722167969,2329308
2022-08-16,NML,77.0999984741211,79.0,76.0,78.2699966430664,64.20282745361328,3523561
2022-08-17,NML,78.98999786376953,81.5,77.5199966430664,79.79000091552734,65.44965362548828,1929399
2022-08-18,NML,79.79000091552734,81.0,78.12000274658203,78.79000091552734,64.62937927246094,445259
2022-08-19,NML,78.25,78.75,77.5,78.08999633789062,64.05518341064453,509414
2022-08-22,NML,77.0,79.23999786376953,76.5,78.0,63.98136520385742,743714
2022-08-23,NML,78.5,80.94999694824219,78.5,80.44999694824219,65.99102783203125,2130849
2022-08-24,NML,80.44999694824219,82.0,79.5199966430664,80.02999877929688,65.64651489257812,1017771
2022-08-25,NML,79.72000122070312,80.37000274658203,77.5,78.98999786376953,64.79342651367188,2428445
2022-08-26,NML,78.98999786376953,81.98999786376953,77.0199966430664,77.52999877929688,63.59583282470703,520969
2022-08-29,NML,77.05000305175781,77.9000015258789,75.4000015258789,76.55000305175781,62.791961669921875,708149
2022-08-30,NML,78.0,78.0,73.5,74.3499984741211,60.987361907958984,608709
2022-08-31,NML,73.01000213623047,74.94000244140625,72.5,72.86000061035156,59.76515197753906,1134889
2022-09-01,NML,73.4000015258789,73.87000274658203,71.5199966430664,71.7300033569336,58.8382453918457,1526805
2022-09-02,NML,72.30000305175781,72.37000274658203,70.5,71.19999694824219,58.40349578857422,1012509
2022-09-05,NML,71.97000122070312,72.25,70.5,70.61000061035156,57.919532775878906,574185
2022-09-06,NML,70.9000015258789,71.5,70.01000213623047,70.97000122070312,58.21483612060547,468928
2022-09-07,NML,70.55000305175781,71.19999694824219,69.51000213623047,69.69000244140625,57.164878845214844,219289
2022-09-08,NML,70.01000213623047,71.4000015258789,69.08999633789062,70.79000091552734,58.06718826293945,898852
2022-09-09,NML,70.61000061035156,71.0,68.0,70.33999633789062,57.698062896728516,398010
2022-09-12,NML,70.30000305175781,70.98999786376953,69.0,69.9800033569336,57.40276336669922,147625
2022-09-13,NML,70.69999694824219,71.98999786376953,70.0,71.76000213623047,58.862850189208984,572761
2022-09-14,NML,71.69000244140625,71.80000305175781,70.80000305175781,71.2699966430664,58.460906982421875,124559
2022-09-15,NML,71.5,72.80000305175781,70.25,70.69000244140625,57.985164642333984,1761159
2022-09-16,NML,70.69000244140625,71.0,69.01000213623047,69.22000122070312,56.779354095458984,615504
2022-09-19,NML,69.8499984741211,69.8499984741211,69.0999984741211,69.13999938964844,56.71372604370117,236654
2022-09-20,NML,68.0,70.0,67.5,68.27999877929688,56.008296966552734,489985
2022-09-21,NML,68.9800033569336,69.6500015258789,68.0,68.66999816894531,56.32819747924805,748197
2022-09-22,NML,68.30000305175781,68.80000305175781,67.5,68.12999725341797,55.885250091552734,407304
2022-09-23,NML,68.5,68.5,66.11000061035156,66.73999786376953,54.74507522583008,841964
2022-09-26,NML,67.0999984741211,67.88999938964844,66.5,66.86000061035156,54.843509674072266,958015
2022-09-27,NML,67.37999725341797,69.80000305175781,67.11000061035156,68.7699966430664,56.41023254394531,583560
2022-09-28,NML,69.18000030517578,69.80000305175781,68.1500015258789,69.0999984741211,56.68091583251953,735361
2022-09-29,NML,69.0999984741211,69.11000061035156,68.19999694824219,68.72000122070312,56.36921691894531,305132
2022-09-30,NML,68.5999984741211,68.5999984741211,67.5,68.12000274658203,55.877052307128906,825837
2022-10-03,NML,67.98999786376953,67.98999786376953,67.12000274658203,67.33000183105469,55.229034423828125,275957
2022-10-04,NML,67.11000061035156,68.5,67.0999984741211,68.06999969482422,55.83604049682617,539992
2022-10-05,NML,68.25,68.55000305175781,67.5,67.83999633789062,55.64737319946289,272767
2022-10-06,NML,68.0999984741211,69.48999786376953,67.61000061035156,68.95999908447266,56.56608581542969,746776
2022-10-07,NML,69.9000015258789,70.9000015258789,68.51000213623047,68.75,56.393829345703125,1856568
2022-10-10,NML,68.98999786376953,69.1500015258789,67.88999938964844,68.62000274658203,56.287193298339844,745997
2022-10-11,NML,68.5999984741211,69.5,68.5,68.62999725341797,56.29539108276367,249179
2022-10-12,NML,68.94000244140625,68.94000244140625,67.75,67.91999816894531,55.71299362182617,226468
2022-10-13,NML,68.0,68.5,67.76000213623047,68.08999633789062,55.85244369506836,223430
2022-10-14,NML,67.95999908447266,69.19999694824219,67.95999908447266,68.08000183105469,55.84424591064453,744472
2022-10-17,NML,68.19999694824219,68.55000305175781,67.1500015258789,67.62000274658203,55.4669189453125,304394
2022-10-18,NML,68.48999786376953,68.48999786376953,67.5,67.62999725341797,55.47511672973633,275474
2022-10-19,NML,64.0199966430664,64.5,63.630001068115234,64.45999908447266,56.1987419128418,142229
2022-10-20,NML,65.0,65.3499984741211,63.70000076293945,63.900001525878906,55.710514068603516,187315
2022-10-21,NML,64.0,64.0999984741211,62.5,63.7400016784668,55.571022033691406,256825
2022-10-24,NML,64.98999786376953,64.98999786376953,63.5,63.560001373291016,55.41408920288086,154197
2022-10-25,NML,63.599998474121094,64.08999633789062,62.0,62.439998626708984,54.43762969970703,297597
2022-10-26,NML,62.0099983215332,62.900001525878906,61.400001525878906,61.88999938964844,53.9581184387207,472927
2022-10-27,NML,62.7400016784668,62.7400016784668,60.099998474121094,61.75,53.8360595703125,790626
2022-10-28,NML,61.33000183105469,62.45000076293945,60.099998474121094,61.54999923706055,53.66169357299805,407396
2022-10-31,NML,61.04999923706055,63.0,60.150001525878906,60.7599983215332,52.972938537597656,533533
2022-11-01,NML,61.88999938964844,61.97999954223633,60.900001525878906,61.869998931884766,53.940677642822266,155568
2022-11-02,NML,62.02000045776367,62.75,61.20000076293945,62.15999984741211,54.19351577758789,369143
2022-11-03,NML,62.75,63.0,61.900001525878906,62.06999969482422,54.115047454833984,396480
2022-11-04,NML,60.25,61.70000076293945,60.099998474121094,61.0099983215332,53.19089889526367,205123
2022-11-07,NML,61.40999984741211,61.810001373291016,61.0099983215332,61.709999084472656,53.801185607910156,166666
2022-11-08,NML,62.099998474121094,62.599998474121094,61.43000030517578,62.18000030517578,54.2109489440918,255855
2022-11-09,NML,62.18000030517578,62.18000030517578,62.18000030517578,62.18000030517578,54.2109489440918,0
2022-11-10,NML,61.619998931884766,64.0,61.540000915527344,63.4900016784668,55.35306167602539,724374
2022-11-11,NML,63.4900016784668,63.79999923706055,63.099998474121094,63.33000183105469,55.213565826416016,187550
2022-11-14,NML,63.279998779296875,63.33000183105469,62.5,63.0099983215332,54.93457794189453,74327
2022-11-15,NML,63.5,63.599998474121094,62.75,63.02000045776367,54.943294525146484,257479
2022-11-16,NML,63.0,63.400001525878906,61.79999923706055,62.099998474121094,54.14120101928711,238866
2022-11-17,NML,62.70000076293945,62.70000076293945,61.4900016784668,61.59000015258789,53.696563720703125,165871
2022-11-18,NML,61.20000076293945,61.9900016784668,60.25,60.5,52.74626159667969,451284
2022-11-21,NML,61.5,61.5,59.400001525878906,60.13999938964844,52.43239974975586,755173
2022-11-22,NML,60.5,61.650001525878906,59.619998931884766,61.150001525878906,53.312957763671875,582206
2022-11-23,NML,61.5,61.70000076293945,60.900001525878906,61.33000183105469,53.469886779785156,129999
2022-11-24,NML,61.95000076293945,61.33000183105469,60.709999084472656,60.88999938964844,53.08627700805664,323817
2022-11-25,NML,61.25,61.25,60.099998474121094,60.380001068115234,52.641639709472656,564131
2022-11-28,NML,59.9900016784668,59.9900016784668,57.29999923706055,58.88999938964844,51.34259796142578,794392
2022-11-29,NML,59.38999938964844,59.400001525878906,58.11000061035156,58.970001220703125,51.41234588623047,80277
2022-11-30,NML,59.29999923706055,59.349998474121094,58.0,58.689998626708984,51.16823196411133,636113
2022-12-01,NML,57.90999984741211,58.7400016784668,57.90999984741211,58.31999969482422,50.84564971923828,70931
2022-12-02,NML,57.5099983215332,58.599998474121094,57.0099983215332,58.25,50.78462219238281,646742
2022-12-05,NML,58.5,59.0,57.0,57.75,50.34870147705078,376773
2022-12-06,NML,58.20000076293945,58.439998626708984,57.099998474121094,57.810001373291016,50.4010124206543,932591
2022-12-07,NML,58.099998474121094,58.20000076293945,57.29999923706055,57.5099983215332,50.139461517333984,840560
2022-12-08,NML,57.970001220703125,57.970001220703125,56.20000076293945,56.84000015258789,49.55533218383789,585279
2022-12-09,NML,56.9900016784668,57.439998626708984,56.5,57.0099983215332,49.70354080200195,210344
2022-12-12,NML,56.54999923706055,57.20000076293945,55.0,56.560001373291016,49.31121826171875,408233
2022-12-13,NML,56.9900016784668,56.9900016784668,56.0,56.70000076293945,49.43327331542969,266803
2022-12-14,NML,56.880001068115234,58.599998474121094,56.70000076293945,57.7400016784668,50.339988708496094,968519
2022-12-15,NML,57.7400016784668,57.7400016784668,56.5,56.61000061035156,49.35480880737305,638747
2022-12-16,NML,57.2599983215332,57.2599983215332,55.29999923706055,56.13999938964844,48.94504165649414,236441
2022-12-19,NML,56.29999923706055,57.0,55.54999923706055,56.54999923706055,49.302494049072266,689452
2022-12-20,NML,57.04999923706055,57.09000015258789,52.310001373291016,52.650001525878906,45.90232849121094,1329109
2022-12-21,NML,51.58000183105469,53.099998474121094,50.5,52.22999954223633,45.53615188598633,271480
2022-12-22,NML,52.900001525878906,53.5,52.02000045776367,53.47999954223633,46.62594985961914,239082
2022-12-23,NML,53.38999938964844,53.5,52.0,52.880001068115234,46.10285186767578,1032726
2022-12-26,NML,53.0,54.290000915527344,52.0099983215332,53.029998779296875,46.233619689941406,681764
2022-12-27,NML,52.97999954223633,52.97999954223633,52.099998474121094,52.41999816894531,45.70180130004883,107280
2022-12-28,NML,52.25,52.599998474121094,50.900001525878906,51.70000076293945,45.07408142089844,1145456
2022-12-29,NML,51.599998474121094,55.56999969482422,50.0,53.900001525878906,46.99212646484375,4663392
2022-12-30,NML,53.0,57.0,52.5,54.9900016784668,47.94242858886719,3420676
2023-01-02,NML,54.150001525878906,55.900001525878906,52.29999923706055,53.040000915527344,46.24234390258789,1261315
2023-01-03,NML,53.20000076293945,53.689998626708984,52.400001525878906,52.529998779296875,45.79770278930664,429342
2023-01-04,NML,52.150001525878906,53.04999923706055,51.95000076293945,52.08000183105469,45.40537643432617,337986
2023-01-05,NML,52.93000030517578,52.93000030517578,51.79999923706055,51.97999954223633,45.31819534301758,231574
2023-01-06,NML,52.0,52.20000076293945,51.099998474121094,51.52000045776367,44.91714859008789,584585
2023-01-09,NML,52.25,52.25,50.02000045776367,50.25,43.80990982055664,712800
2023-01-10,NML,51.08000183105469,52.0,50.5,51.560001373291016,44.95201873779297,1736597
2023-01-11,NML,51.0,51.95000076293945,50.29999923706055,50.61000061035156,44.12377166748047,795906
2023-01-12,NML,50.11000061035156,51.70000076293945,50.11000061035156,50.63999938964844,44.14992904663086,786560
2023-01-13,NML,49.5,51.20000076293945,49.5,50.400001525878906,43.94068908691406,526057
2023-01-16,NML,50.77000045776367,51.099998474121094,50.150001525878906,50.59000015258789,44.1063346862793,184522
2023-01-17,NML,51.20000076293945,51.59000015258789,49.04999923706055,49.779998779296875,43.400146484375,671749
2023-01-18,NML,50.439998626708984,50.439998626708984,49.5,49.88999938964844,43.49604797363281,237841
2023-01-19,NML,50.79999923706055,50.79999923706055,49.5,49.970001220703125,43.5657958984375,196195
2023-01-20,NML,50.09000015258789,50.79999923706055,49.0,49.400001525878906,43.068851470947266,402059
2023-01-23,NML,50.38999938964844,51.0,49.11000061035156,49.720001220703125,43.34783935546875,216388
2023-01-24,NML,51.25,51.70000076293945,50.0,51.41999816894531,44.82996368408203,307299
2023-01-25,NML,52.09000015258789,52.849998474121094,51.5,51.779998779296875,45.14382553100586,693939
2023-01-26,NML,51.779998779296875,54.5,51.0,53.77000045776367,46.8787841796875,2448505
2023-01-27,NML,54.0,54.400001525878906,52.029998779296875,52.45000076293945,45.72795867919922,1261789
2023-01-30,NML,52.400001525878906,53.5,51.099998474121094,52.43000030517578,45.71052169799805,175143
2023-01-31,NML,51.54999923706055,53.79999923706055,51.54999923706055,53.369998931884766,46.53004837036133,483890
2023-02-01,NML,53.5,54.70000076293945,52.900001525878906,53.61000061035156,46.73929214477539,2773477
2023-02-02,NML,53.5,53.599998474121094,52.70000076293945,53.18000030517578,46.36439895629883,416811
2023-02-03,NML,52.90999984741211,54.189998626708984,52.54999923706055,53.849998474121094,46.94852828979492,543488
2023-02-06,NML,54.2400016784668,54.2400016784668,52.5,53.209999084472656,46.39055252075195,608367
2023-02-07,NML,53.25,54.5,53.11000061035156,53.310001373291016,46.47773742675781,603592
2023-02-08,NML,53.70000076293945,53.90999984741211,53.0,53.16999816894531,46.355682373046875,263261
2023-02-09,NML,53.150001525878906,54.54999923706055,51.349998474121094,53.560001373291016,46.695701599121094,1927766
2023-02-10,NML,53.20000076293945,53.5,52.400001525878906,52.560001373291016,45.82386016845703,266491
2023-02-13,NML,52.900001525878906,53.0,52.0,52.20000076293945,45.5099983215332,184231
2023-02-14,NML,52.869998931884766,52.869998931884766,51.0,51.33000183105469,44.751495361328125,216861
2023-02-15,NML,51.0,52.099998474121094,51.0,51.72999954223633,45.1002311706543,182433
2023-02-16,NML,52.0,52.0,50.25,50.54999923706055,44.07146072387695,290643
2023-02-17,NML,51.0,51.380001068115234,50.33000183105469,51.0,44.46378707885742,81188
2023-02-20,NML,50.880001068115234,52.849998474121094,49.400001525878906,52.13999938964844,45.45768737792969,1538294
2023-02-21,NML,52.79999923706055,54.0,52.13999938964844,53.709999084472656,46.826473236083984,1758429
2023-02-22,NML,53.709999084472656,54.599998474121094,53.380001068115234,54.25,47.29726791381836,1307630
2023-02-23,NML,53.400001525878906,54.0,52.5,53.810001373291016,46.913658142089844,845801
2023-02-24,NML,53.810001373291016,53.810001373291016,52.599998474121094,53.0099983215332,46.2161865234375,581072
2023-02-27,NML,53.29999923706055,53.349998474121094,51.5,52.029998779296875,45.36178207397461,280753
2023-02-28,NML,52.900001525878906,52.900001525878906,51.02000045776367,51.38999938964844,44.80380630493164,160269
2023-03-01,NML,51.0,51.349998474121094,49.5,51.09000015258789,44.542259216308594,205461
2023-03-02,NML,51.70000076293945,51.95000076293945,50.900001525878906,51.599998474121094,44.98689270019531,658802
2023-03-03,NML,52.5,54.0,51.0,53.91999816894531,47.009559631347656,1112185
2023-03-06,NML,53.25,55.0,53.25,53.9900016784668,47.07059097290039,323256
2023-03-07,NML,54.45000076293945,54.689998626708984,53.0,53.65999984741211,46.78288269042969,1212181
2023-03-08,NML,54.20000076293945,54.20000076293945,52.630001068115234,53.02000045776367,46.22490310668945,472208
2023-03-09,NML,53.400001525878906,54.400001525878906,53.18000030517578,53.470001220703125,46.61723327636719,797849
2023-03-10,NML,53.45000076293945,55.0,53.0,54.369998931884766,47.40188980102539,771222
2023-03-13,NML,54.5,55.20000076293945,54.0,54.2599983215332,47.30598068237305,322348
2023-03-14,NML,54.5,54.5,53.529998779296875,53.95000076293945,47.03571701049805,90484
2023-03-15,NML,54.2599983215332,56.70000076293945,53.709999084472656,55.310001373291016,48.22142028808594,2204564
2023-03-16,NML,55.7400016784668,56.0,55.0,55.470001220703125,48.36091232299805,979440
2023-03-17,NML,55.75,56.459999084472656,55.0,55.810001373291016,48.65734100341797,1273858
2023-03-20,NML,55.970001220703125,55.97999954223633,55.0,55.150001525878906,48.08192443847656,579419
2023-03-21,NML,55.0099983215332,55.029998779296875,54.029998779296875,54.63999938964844,47.63728332519531,137053
2023-03-22,NML,54.29999923706055,55.349998474121094,53.04999923706055,53.189998626708984,46.37311553955078,808124
2023-03-23,NML,53.189998626708984,53.189998626708984,53.189998626708984,53.189998626708984,46.37311553955078,0
2023-03-24,NML,53.900001525878906,53.900001525878906,52.599998474121094,52.68000030517578,45.92848205566406,35961
2023-03-27,NML,53.189998626708984,53.38999938964844,52.5,53.099998474121094,46.29465103149414,806049
2023-03-28,NML,53.650001525878906,53.70000076293945,52.79999923706055,53.41999816894531,46.573638916015625,39305
2023-03-29,NML,53.25,53.70000076293945,52.060001373291016,52.380001068115234,45.66693115234375,4517879
2023-03-30,NML,53.25,53.25,52.400001525878906,52.84000015258789,46.06797409057617,196768
2023-03-31,NML,52.29999923706055,53.0,52.29999923706055,52.619998931884766,45.87616729736328,138837
2023-04-03,NML,53.45000076293945,53.45000076293945,52.0,52.97999954223633,46.19002914428711,151259
2023-04-04,NML,52.25,52.88999938964844,52.11000061035156,52.560001373291016,45.82386016845703,29662
2023-04-05,NML,53.38999938964844,53.38999938964844,52.2599983215332,52.4900016784668,45.76283264160156,217252
2023-04-06,NML,52.25,53.79999923706055,52.25,53.34000015258789,46.5038948059082,202951
2023-04-07,NML,53.79999923706055,54.5,53.400001525878906,54.25,47.29726791381836,618770
2023-04-10,NML,53.9900016784668,54.5,53.7599983215332,54.0,47.079307556152344,46473
2023-04-11,NML,54.439998626708984,54.439998626708984,53.5,53.81999969482422,46.9223747253418,40697
2023-04-12,NML,54.0,54.09000015258789,53.5,53.849998474121094,46.94852828979492,196415
2023-04-13,NML,54.0099983215332,54.849998474121094,53.2599983215332,53.900001525878906,46.99212646484375,404703
2023-04-14,NML,53.900001525878906,53.900001525878906,53.900001525878906,53.900001525878906,46.99212646484375,0
2023-04-17,NML,53.9900016784668,54.5,53.5,53.59000015258789,46.72185134887695,72358
2023-04-18,NML,53.9900016784668,54.2599983215332,53.560001373291016,54.099998474121094,47.16648864746094,87744
2023-04-19,NML,54.29999923706055,54.5,53.54999923706055,53.689998626708984,46.80903625488281,72018
2023-04-20,NML,53.5099983215332,54.54999923706055,53.5099983215332,54.25,47.29726791381836,165953
2023-04-21,NML,54.25,54.25,54.25,54.25,47.29726791381836,0
2023-04-24,NML,54.25,54.25,54.25,54.25,47.29726791381836,0
2023-04-25,NML,54.25,54.25,54.25,54.25,47.29726791381836,0
2023-04-26,NML,54.79999923706055,55.099998474121094,53.5099983215332,54.58000183105469,47.58497619628906,750493
2023-04-27,NML,54.88999938964844,55.7400016784668,54.5,55.16999816894531,48.09935760498047,981036
2023-04-28,NML,55.400001525878906,55.75,54.5099983215332,54.939998626708984,47.898834228515625,890560
2023-05-01,NML,54.939998626708984,54.939998626708984,54.939998626708984,54.939998626708984,47.898834228515625,0
2023-05-02,NML,54.61000061035156,55.29999923706055,54.61000061035156,55.16999816894531,48.09935760498047,212021
2023-05-03,NML,55.29999923706055,56.0,54.75,55.77000045776367,48.62246322631836,695499
2023-05-04,NML,55.5099983215332,57.95000076293945,54.75,57.09000015258789,49.77328872680664,2002097
2023-05-05,NML,57.45000076293945,57.45000076293945,56.0,56.529998779296875,49.28506088256836,1788326
2023-05-08,NML,56.20000076293945,56.70000076293945,55.5,55.56999969482422,48.44809341430664,424871
2023-05-09,NML,55.5099983215332,56.0,54.099998474121094,54.72999954223633,47.71575164794922,531111
2023-05-10,NML,54.5,55.380001068115234,54.150001525878906,54.630001068115234,47.628570556640625,177315
2023-05-11,NML,54.9900016784668,55.4900016784668,54.5,54.70000076293945,47.68959426879883,113404
2023-05-12,NML,55.0,56.5,55.0,55.58000183105469,48.456817626953125,499492
2023-05-15,NML,56.209999084472656,56.25,54.79999923706055,56.150001525878906,48.953765869140625,108203
2023-05-16,NML,56.47999954223633,56.47999954223633,55.61000061035156,55.86000061035156,48.700927734375,237080
2023-05-17,NML,56.400001525878906,57.599998474121094,55.0,57.220001220703125,49.88663101196289,866214
2023-05-18,NML,57.0099983215332,58.20000076293945,56.150001525878906,57.86000061035156,50.44460678100586,741872
2023-05-19,NML,57.25,58.849998474121094,57.25,58.189998626708984,50.7323112487793,192542
2023-05-22,NML,58.45000076293945,58.45000076293945,56.060001373291016,56.689998626708984,49.42455291748047,490880
2023-05-23,NML,55.75,57.75,55.75,57.209999084472656,49.87791061401367,252191
2023-05-24,NML,56.97999954223633,61.0,56.97999954223633,60.45000076293945,52.70267105102539,3186192
2023-05-25,NML,60.65999984741211,61.939998626708984,57.5,57.849998474121094,50.43588638305664,2889955
2023-05-26,NML,57.9900016784668,59.939998626708984,57.9900016784668,59.16999816894531,51.58671188354492,1879372
2023-05-29,NML,59.970001220703125,61.939998626708984,59.970001220703125,60.779998779296875,52.99037551879883,4096985
2023-05-30,NML,60.95000076293945,60.95000076293945,59.209999084472656,59.58000183105469,51.94417190551758,1588893
2023-05-31,NML,59.599998474121094,60.099998474121094,58.5,59.529998779296875,51.90057373046875,1506205
2023-06-01,NML,59.900001525878906,59.900001525878906,58.70000076293945,59.34000015258789,51.734928131103516,478689
2023-06-02,NML,59.31999969482422,59.880001068115234,59.0,59.689998626708984,52.04007339477539,455716
2023-06-05,NML,59.5099983215332,60.900001525878906,59.459999084472656,60.63999938964844,52.868316650390625,277545
2023-06-06,NML,60.9900016784668,62.459999084472656,60.75,61.59000015258789,53.696563720703125,1468734
2023-06-07,NML,61.79999923706055,62.83000183105469,61.099998474121094,62.189998626708984,54.219669342041016,960529
2023-06-08,NML,62.400001525878906,63.349998474121094,61.599998474121094,61.95000076293945,54.01042556762695,1280838
2023-06-09,NML,62.5,64.5,61.11000061035156,63.869998931884766,55.684356689453125,2046945
2023-06-12,NML,63.0,63.0,59.08000183105469,59.47999954223633,51.85698318481445,2688138
2023-06-13,NML,59.0099983215332,60.04999923706055,58.099998474121094,58.61000061035156,51.09848403930664,515266
2023-06-14,NML,59.20000076293945,60.20000076293945,57.54999923706055,59.41999816894531,51.80467224121094,1826799
2023-06-15,NML,59.400001525878906,59.400001525878906,58.25,58.5,51.00258255004883,462282
2023-06-16,NML,59.04999923706055,59.47999954223633,58.29999923706055,59.060001373291016,51.490814208984375,693729
2023-06-19,NML,59.5,62.75,57.0,57.18000030517578,49.85175704956055,1589496
2023-06-20,NML,57.900001525878906,57.900001525878906,56.20000076293945,56.7599983215332,49.4855842590332,1682411
2023-06-21,NML,58.0,60.5099983215332,56.0,56.2400016784668,49.0322265625,1325851
2023-06-22,NML,57.0,57.0,54.5099983215332,55.45000076293945,48.343475341796875,515700
2023-06-23,NML,56.0,56.0,54.25,54.97999954223633,47.93370819091797,737847
2023-06-26,NML,55.29999923706055,57.47999954223633,55.29999923706055,57.33000183105469,49.98253631591797,645979
2023-06-27,NML,57.4900016784668,57.900001525878906,56.0,56.77000045776367,49.49430465698242,931265
2023-06-28,NML,56.77000045776367,56.77000045776367,56.77000045776367,56.77000045776367,49.49430465698242,0
2023-06-29,NML,56.77000045776367,56.77000045776367,56.77000045776367,56.77000045776367,49.49430465698242,0
2023-06-30,NML,56.77000045776367,56.77000045776367,56.77000045776367,56.77000045776367,49.49430465698242,0
2023-07-03,NML,60.0,61.029998779296875,58.5099983215332,61.029998779296875,53.208335876464844,518478
2023-07-04,NML,61.900001525878906,61.900001525878906,58.9900016784668,59.209999084472656,51.62158966064453,1031377
2023-07-05,NML,59.4900016784668,60.0,57.70000076293945,58.369998931884766,50.88924026489258,398902
2023-07-06,NML,59.38999938964844,61.0,58.29999923706055,60.400001525878906,52.65907669067383,1390959
2023-07-07,NML,61.150001525878906,61.150001525878906,60.029998779296875,60.279998779296875,52.5544548034668,676628
2023-07-10,NML,60.900001525878906,60.97999954223633,60.0,60.18000030517578,52.4672737121582,413926
2023-07-11,NML,60.88999938964844,62.75,60.25,62.45000076293945,54.44635009765625,1669366
2023-07-12,NML,62.0,64.19999694824219,61.5099983215332,63.130001068115234,55.0391960144043,1872715
2023-07-13,NML,63.0,63.70000076293945,60.61000061035156,61.150001525878906,53.312957763671875,995227
2023-07-14,NML,61.75,61.75,60.36000061035156,60.43000030517578,52.68523025512695,451699
2023-07-17,NML,61.5,61.5,60.0099983215332,60.41999816894531,52.676513671875,560742
2023-07-18,NML,61.0,61.29999923706055,60.400001525878906,60.65999984741211,52.8857536315918,377806
2023-07-19,NML,60.97999954223633,61.099998474121094,60.400001525878906,60.97999954223633,53.16474533081055,935211
2023-07-20,NML,61.0,62.47999954223633,61.0,61.58000183105469,53.68784713745117,1002407
2023-07-21,NML,60.599998474121094,62.650001525878906,60.599998474121094,61.689998626708984,53.783748626708984,1475659
2023-07-24,NML,62.290000915527344,62.290000915527344,60.0099983215332,61.150001525878906,53.312957763671875,431024
2023-07-25,NML,61.0,62.599998474121094,60.599998474121094,62.0099983215332,54.06273651123047,999025
2023-07-26,NML,61.70000076293945,66.66000366210938,61.70000076293945,66.66000366210938,58.116790771484375,5617155
2023-07-27,NML,66.66000366210938,66.66000366210938,66.66000366210938,66.66000366210938,58.116790771484375,0
2023-07-28,NML,66.66000366210938,66.66000366210938,66.66000366210938,66.66000366210938,58.116790771484375,0
2023-07-31,NML,66.01000213623047,69.0,66.01000213623047,67.77999877929688,59.09324264526367,1335732
2023-08-01,NML,68.77999877929688,70.0999984741211,68.0999984741211,69.51000213623047,60.60153579711914,1504685
2023-08-02,NML,69.0,70.5,68.5999984741211,69.08999633789062,60.235355377197266,1656350
2023-08-03,NML,68.98999786376953,70.5,68.25,68.30999755859375,59.55532455444336,1040790
2023-08-04,NML,68.30000305175781,68.75,67.0,67.7300033569336,59.049659729003906,204413
2023-08-07,NML,67.51000213623047,68.0,65.5,65.6500015258789,57.236228942871094,496257
2023-08-08,NML,65.19999694824219,65.9000015258789,63.0,63.880001068115234,55.69308090209961,644696
2023-08-09,NML,64.0,68.5,64.0,67.41999816894531,58.779388427734375,2488347
2023-08-10,NML,68.75,68.75,65.9000015258789,66.06999969482422,57.60240936279297,1115208
2023-08-11,NML,67.0,68.9800033569336,66.55000305175781,68.70999908447266,59.904056549072266,2338481
2023-08-14,NML,68.70999908447266,68.70999908447266,68.70999908447266,68.70999908447266,59.904056549072266,0
2023-08-15,NML,68.70999908447266,70.98999786376953,68.33999633789062,68.45999908447266,59.68609619140625,1931923
2023-08-16,NML,68.8499984741211,68.88999938964844,66.30000305175781,67.06999969482422,58.474246978759766,500389
2023-08-17,NML,66.5999984741211,68.88999938964844,66.58999633789062,68.25,59.503013610839844,1975027
2023-08-18,NML,68.04000091552734,69.4800033569336,67.05000305175781,68.37999725341797,59.61635208129883,1153388
2023-08-21,NML,68.38999938964844,68.97000122070312,66.6500015258789,66.87999725341797,58.30858612060547,513179
2023-08-22,NML,67.4000015258789,67.91000366210938,66.2699966430664,67.31999969482422,58.69219970703125,108771
2023-08-23,NML,66.75,67.80000305175781,66.58000183105469,66.75,58.19525909423828,370595
2023-08-24,NML,69.0,69.5999984741211,67.5,68.3499984741211,59.59019470214844,3186661
2023-08-25,NML,68.01000213623047,68.48999786376953,67.25,67.5,58.8491325378418,792990
2023-08-28,NML,67.8499984741211,67.8499984741211,66.48999786376953,66.62000274658203,58.0819206237793,513971
2023-08-29,NML,67.0,67.0,64.81999969482422,64.94000244140625,56.61723327636719,646694
2023-08-30,NML,64.9000015258789,65.48999786376953,62.5,63.0,54.92585754394531,969524
2023-08-31,NML,63.0099983215332,63.5,58.279998779296875,58.279998779296875,50.8107795715332,3698352
2023-09-01,NML,58.0,59.0,57.40999984741211,58.86000061035156,51.316444396972656,483805
2023-09-04,NML,59.400001525878906,60.45000076293945,59.0,59.88999938964844,52.21443557739258,227809
2023-09-05,NML,60.47999954223633,60.61000061035156,59.5,59.79999923706055,52.1359748840332,72537
2023-09-06,NML,59.5099983215332,59.79999923706055,57.40999984741211,57.91999816894531,50.496917724609375,1338457
2023-09-07,NML,57.9900016784668,58.439998626708984,56.95000076293945,58.18000030517578,50.723594665527344,611221
2023-09-08,NML,58.400001525878906,59.75,58.0,59.470001220703125,51.848270416259766,391500
2023-09-11,NML,59.900001525878906,60.599998474121094,57.70000076293945,57.849998474121094,50.43588638305664,1181796
2023-09-12,NML,57.66999816894531,58.34000015258789,57.400001525878906,57.599998474121094,50.217926025390625,132371
2023-09-13,NML,57.41999816894531,58.0,57.41999816894531,57.86000061035156,50.44460678100586,143215
2023-09-14,NML,58.0,59.0,57.959999084472656,58.61000061035156,51.09848403930664,290506
2023-09-15,NML,59.20000076293945,60.38999938964844,59.02000045776367,59.27000045776367,51.67389678955078,465063
2023-09-18,NML,59.70000076293945,60.099998474121094,58.5,59.709999084472656,52.0575065612793,619820
2023-09-19,NML,60.11000061035156,60.4900016784668,59.45000076293945,59.540000915527344,51.909297943115234,370845
2023-09-20,NML,59.880001068115234,59.95000076293945,59.20000076293945,59.380001068115234,51.76980209350586,129265
2023-09-21,NML,59.4900016784668,60.290000915527344,59.099998474121094,60.02000045776367,52.32777786254883,320165
2023-09-22,NML,60.2599983215332,60.90999984741211,60.0,60.709999084472656,52.92934799194336,358427
2023-09-25,NML,60.97999954223633,62.119998931884766,60.97999954223633,61.650001525878906,53.748878479003906,572976
2023-09-26,NML,62.150001525878906,62.400001525878906,59.2599983215332,60.38999938964844,52.650360107421875,2212530
2023-09-27,NML,60.70000076293945,61.060001373291016,60.20000076293945,60.83000183105469,53.03396987915039,382702
2023-09-28,NML,60.83000183105469,60.83000183105469,60.83000183105469,60.83000183105469,53.03396987915039,0
2023-09-29,NML,60.83000183105469,60.83000183105469,60.83000183105469,60.83000183105469,53.03396987915039,0
2023-10-02,NML,60.45000076293945,62.0,60.29999923706055,60.90999984741211,53.10371398925781,2181241
2023-10-03,NML,61.29999923706055,61.29999923706055,60.79999923706055,60.86000061035156,53.060123443603516,591298
2023-10-04,NML,60.709999084472656,62.20000076293945,60.70000076293945,61.72999954223633,53.81862258911133,1331165
2023-10-05,NML,61.900001525878906,63.0,61.310001373291016,62.41999816894531,54.42019271850586,1298035
2023-10-06,NML,63.0,63.79999923706055,62.79999923706055,63.0,54.92585754394531,860679
2023-10-09,NML,62.0,63.400001525878906,62.0,62.810001373291016,54.76021194458008,276250
2023-10-10,NML,63.290000915527344,63.630001068115234,63.0,63.400001525878906,55.27459716796875,768745
2023-10-11,NML,63.70000076293945,64.20999908447266,63.0099983215332,63.209999084472656,55.108943939208984,1551690
2023-10-12,NML,63.599998474121094,63.599998474121094,62.45000076293945,62.599998474121094,54.57712173461914,1166045
2023-10-13,NML,63.29999923706055,64.0,62.4900016784668,63.66999816894531,55.509986877441406,2272367
2023-10-16,NML,59.31999969482422,62.47999954223633,59.31999969482422,61.16999816894531,57.87533950805664,5091480
2023-10-17,NML,60.97999954223633,61.099998474121094,59.599998474121094,59.93000030517578,56.70212936401367,732886
2023-10-18,NML,60.0,60.47999954223633,58.04999923706055,58.5,55.349151611328125,529613
2023-10-19,NML,58.88999938964844,59.97999954223633,58.5099983215332,59.61000061035156,56.39936447143555,486130
2023-10-20,NML,59.599998474121094,60.95000076293945,59.54999923706055,60.09000015258789,56.853511810302734,1504926
2023-10-23,NML,60.0099983215332,62.5,60.0,60.790000915527344,57.51580810546875,2157559
2023-10-24,NML,61.0,61.0,60.0,60.66999816894531,57.40226745605469,505908
2023-10-25,NML,60.9900016784668,61.95000076293945,60.369998931884766,60.560001373291016,57.29819869995117,1353800
2023-10-26,NML,60.599998474121094,61.59000015258789,60.599998474121094,61.02000045776367,57.733421325683594,1282414
2023-10-27,NML,61.0,61.540000915527344,59.900001525878906,60.02000045776367,56.78728103637695,574626
2023-10-30,NML,60.900001525878906,61.0,58.54999923706055,60.470001220703125,57.21304702758789,1000574
2023-10-31,NML,60.5,62.380001068115234,59.20000076293945,60.06999969482422,56.83458709716797,5115213
2023-11-01,NML,60.29999923706055,64.5,60.29999923706055,63.79999923706055,60.36368942260742,6376770
2023-11-02,NML,64.0,66.0,63.2599983215332,65.62999725341797,62.095123291015625,3475331
2023-11-03,NML,65.9000015258789,68.80000305175781,65.88999938964844,68.05999755859375,64.39424133300781,4668980
2023-11-06,NML,68.51000213623047,73.0,68.0,71.87999725341797,68.00849151611328,5491351
2023-11-07,NML,71.98999786376953,72.73999786376953,68.8499984741211,69.26000213623047,65.52960968017578,3623210
2023-11-08,NML,69.30999755859375,70.9000015258789,68.55999755859375,69.9800033569336,66.21083068847656,2049188
2023-11-09,NML,69.9800033569336,69.9800033569336,69.9800033569336,69.9800033569336,66.21083068847656,0
2023-11-10,NML,69.94999694824219,72.13999938964844,69.5999984741211,70.80999755859375,66.9961166381836,3207971
2023-11-13,NML,71.5,73.98999786376953,71.30999755859375,73.22000122070312,69.27632141113281,3101202
2023-11-14,NML,73.4000015258789,74.25,72.0,72.44000244140625,68.538330078125,2112403
2023-11-15,NML,73.38999938964844,74.4800033569336,72.0999984741211,73.0199966430664,69.08708953857422,1805555
2023-11-16,NML,73.9800033569336,75.87999725341797,73.0999984741211,75.51000213623047,71.44298553466797,4450361
2023-11-17,NML,76.0,76.0,74.0,74.77999877929688,70.7522964477539,1751999
2023-11-20,NML,74.1500015258789,74.87999725341797,73.26000213623047,74.0,70.0143051147461,1400013
2023-11-21,NML,74.0,74.75,73.0,73.51000213623047,69.55069732666016,2106954
2023-11-22,NML,74.0,75.48999786376953,73.5,74.08000183105469,70.08999633789062,961697
2023-11-23,NML,74.94999694824219,75.5,72.98999786376953,74.94000244140625,70.9036865234375,2746028
2023-11-24,NML,75.48999786376953,78.69000244140625,75.0,78.0999984741211,73.89347839355469,6802232
2023-11-27,NML,78.5199966430664,79.98999786376953,78.0,79.56999969482422,75.28430938720703,3651432
2023-11-28,NML,79.5999984741211,81.4000015258789,79.5999984741211,80.20999908447266,75.88983154296875,3986508
2023-11-29,NML,80.80000305175781,81.30000305175781,77.4000015258789,77.83999633789062,73.6474838256836,3428220
2023-11-30,NML,78.88999938964844,79.98999786376953,77.0,78.23999786376953,74.02593231201172,2610937
2023-12-01,NML,78.5,81.30000305175781,78.01000213623047,80.62000274658203,76.27774810791016,2520565
2023-12-04,NML,81.0,83.98999786376953,80.8499984741211,82.80999755859375,78.34979248046875,3444943
2023-12-05,NML,82.0999984741211,83.0,80.88999938964844,82.37999725341797,77.94295501708984,1642124
2023-12-06,NML,82.98999786376953,83.5,82.0,83.06999969482422,78.59578704833984,1964790
2023-12-07,NML,83.0,84.94999694824219,82.5,82.94000244140625,78.4728012084961,1936888
2023-12-08,NML,83.98999786376953,83.98999786376953,81.0,82.33999633789062,77.90510559082031,3775913
2023-12-11,NML,82.0,83.88999938964844,81.80000305175781,82.66999816894531,78.21733093261719,3124758
2023-12-12,NML,83.4000015258789,84.30000305175781,82.98999786376953,83.37999725341797,78.88909149169922,1763463
2023-12-13,NML,83.94999694824219,86.23999786376953,80.0,82.4000015258789,77.96187591552734,3322503
2023-12-14,NML,82.80000305175781,83.44999694824219,81.51000213623047,82.30000305175781,77.86726379394531,1035737
2023-12-15,NML,82.9800033569336,84.1500015258789,82.5,83.63999938964844,79.13508605957031,2425922
2023-12-18,NML,83.75,85.9000015258789,82.0,82.80000305175781,78.34033966064453,1624200
2023-12-19,NML,82.0,82.98999786376953,77.4000015258789,78.61000061035156,74.37600708007812,1601396
2023-12-20,NML,80.0,80.5999984741211,74.5,76.7300033569336,72.59727478027344,1766923
2023-12-21,NML,77.0,79.48999786376953,76.01000213623047,79.02999877929688,74.77338409423828,576829
2023-12-22,NML,79.5,79.5,78.0,78.55999755859375,74.32870483398438,394460
2023-12-25,NML,78.55999755859375,78.55999755859375,78.55999755859375,78.55999755859375,74.32870483398438,0
2023-12-26,NML,77.0,79.48999786376953,73.11000061035156,74.4800033569336,70.46846008300781,582170
2023-12-27,NML,74.5,77.0,74.0999984741211,75.0999984741211,71.05506134033203,2330152
2023-12-28,NML,75.5,77.69999694824219,75.5,76.9800033569336,72.83380889892578,1554625
2023-12-29,NML,77.25,77.80000305175781,75.19999694824219,76.72000122070312,72.58780670166016,1015100
2024-01-01,NML,77.7699966430664,80.55999755859375,77.0,80.33000183105469,76.00337219238281,919632
2024-01-02,NML,80.80000305175781,81.0,78.5,79.63999938964844,75.35053253173828,904940
2024-01-03,NML,79.91000366210938,81.5,79.0,79.54000091552734,75.25592041015625,1496727
2024-01-04,NML,79.12000274658203,80.48999786376953,78.80000305175781,79.0,74.74501037597656,613477
2024-01-05,NML,79.0,82.0,78.80000305175781,80.69999694824219,76.35343933105469,2250861
2024-01-08,NML,80.0,80.98999786376953,79.55000305175781,80.31999969482422,75.99391174316406,481006
2024-01-09,NML,81.4800033569336,81.4800033569336,79.5,79.91000366210938,75.60599517822266,775079
2024-01-10,NML,80.5,81.25,79.45999908447266,80.0999984741211,75.78575897216797,1389252
2024-01-11,NML,80.80000305175781,83.75,80.5,81.30999755859375,76.93058013916016,2230536
2024-01-12,NML,80.94999694824219,82.37999725341797,80.5,80.87999725341797,76.52374267578125,449215
2024-01-15,NML,81.0,82.0999984741211,79.5,79.87000274658203,75.56815338134766,454366
2024-01-16,NML,80.0,80.5,76.0,78.13999938964844,73.93132019042969,437405
2024-01-17,NML,78.0,79.0,76.0,77.62000274658203,73.43933868408203,328941
2024-01-18,NML,77.0199966430664,77.8499984741211,74.0999984741211,77.06999969482422,72.91896057128906,290009
2024-01-19,NML,77.01000213623047,78.5999984741211,76.5,76.98999786376953,72.84326934814453,208719
2024-01-22,NML,76.98999786376953,77.5999984741211,76.11000061035156,76.58999633789062,72.46480560302734,105255
2024-01-23,NML,77.0,77.30000305175781,75.0,76.12000274658203,72.02012634277344,1217947
2024-01-24,NML,76.0,78.19999694824219,75.51000213623047,76.55999755859375,72.43641662597656,1030975
2024-01-25,NML,77.88999938964844,77.88999938964844,76.19999694824219,76.7300033569336,72.59727478027344,665475
2024-01-26,NML,76.12999725341797,77.5,75.5,75.94999694824219,71.8592758178711,177707
2024-01-29,NML,76.0,76.48999786376953,73.5,73.9800033569336,69.9953842163086,114001
2024-01-30,NML,74.9000015258789,76.98999786376953,72.55000305175781,74.7300033569336,70.70499420166016,987351
2024-01-31,NML,75.80000305175781,76.79000091552734,74.01000213623047,75.01000213623047,70.96990966796875,138226
2024-02-01,NML,76.38999938964844,77.0,75.5,75.93000030517578,71.8403549194336,410270
2024-02-02,NML,76.5,76.58999633789062,75.0999984741211,75.9000015258789,71.81197357177734,282293
2024-02-06,NML,76.0,79.0,75.9000015258789,76.20999908447266,72.10527038574219,208310
2024-02-07,NML,76.0,77.0,76.0,76.87000274658203,72.729736328125,105646
2024-02-08,NML,76.87000274658203,76.87000274658203,76.87000274658203,76.87000274658203,72.729736328125,0
2024-02-09,NML,75.19999694824219,75.19999694824219,71.0999984741211,73.36000061035156,69.40878295898438,761066
2024-02-12,NML,73.0,73.47000122070312,71.0,72.04000091552734,68.15988159179688,512428
2024-02-13,NML,71.30000305175781,72.5,69.0,70.80999755859375,66.9961166381836,638704
2024-02-14,NML,71.88999938964844,73.38999938964844,71.88999938964844,72.94000244140625,69.01140594482422,512019
2024-02-15,NML,72.5,72.75,70.0,70.8499984741211,67.03396606445312,248850
2024-02-16,NML,70.80000305175781,71.0,66.69999694824219,67.7300033569336,64.08201599121094,476859
2024-02-19,NML,67.43000030517578,69.88999938964844,65.51000213623047,69.72000122070312,65.96483612060547,295389
2024-02-20,NML,69.9000015258789,71.0,68.0199966430664,69.88999938964844,66.12567901611328,335602
2024-02-21,NML,71.80000305175781,71.80000305175781,68.62000274658203,69.26000213623047,65.52960968017578,681223
2024-02-22,NML,69.01000213623047,70.9000015258789,69.01000213623047,70.38999938964844,66.59874725341797,565410
2024-02-23,NML,70.4000015258789,71.0,65.51000213623047,70.30999755859375,66.52305603027344,1154465
2024-02-26,NML,70.9000015258789,71.80000305175781,70.5,70.97000122070312,67.14750671386719,432210
2024-02-27,NML,70.5,71.44999694824219,69.5999984741211,69.9800033569336,66.21083068847656,240256
2024-02-28,NML,69.9800033569336,71.0,66.9000015258789,67.69000244140625,64.04417419433594,883316
2024-02-29,NML,67.69000244140625,69.4000015258789,67.25,69.11000061035156,65.38768768310547,789342
2024-03-01,NML,69.11000061035156,70.0,67.69999694824219,68.20999908447266,64.53616333007812,632639
2024-03-04,NML,69.58000183105469,69.58000183105469,68.30000305175781,68.7300033569336,65.02816009521484,133939
2024-03-05,NML,69.02999877929688,69.19999694824219,68.26000213623047,68.5199966430664,64.82946014404297,249813
2024-03-06,NML,68.5199966430664,68.9800033569336,67.6500015258789,67.75,64.10093688964844,312459
2024-03-07,NML,68.0,68.45999908447266,67.0,67.48999786376953,63.85493850708008,711341
2024-03-08,NML,67.9800033569336,68.5,67.5,68.13999938964844,64.46993255615234,311322
2024-03-11,NML,68.5,70.0,68.02999877929688,69.12999725341797,65.40660095214844,662401
2024-03-12,NML,69.9800033569336,69.9800033569336,67.5199966430664,67.95999908447266,64.29962921142578,217754
2024-03-13,NML,68.0,68.9800033569336,67.1500015258789,67.26000213623047,63.637332916259766,210612
2024-03-14,NML,67.11000061035156,68.0,67.0,67.55999755859375,63.921165466308594,456727
2024-03-15,NML,67.5,67.88999938964844,66.33999633789062,66.62000274658203,63.03180694580078,140685
2024-03-18,NML,67.94999694824219,67.94999694824219,66.0,66.91999816894531,63.31563949584961,44423
2024-03-19,NML,66.91999816894531,67.80000305175781,66.0,66.51000213623047,62.927730560302734,78081
2024-03-20,NML,66.98999786376953,66.98999786376953,65.4000015258789,65.54000091552734,62.00996780395508,287312
2024-03-21,NML,65.75,65.75,64.1500015258789,64.47000122070312,60.99760437011719,387674
2024-03-22,NML,65.44000244140625,65.44000244140625,63.209999084472656,64.18000030517578,60.72322082519531,441375
2024-03-26,NML,64.62999725341797,66.4800033569336,64.62999725341797,66.06999969482422,62.51142501831055,430217
2024-03-27,NML,66.4800033569336,66.83999633789062,65.9000015258789,66.5,62.91826629638672,238732
2024-03-28,NML,66.48999786376953,67.44000244140625,66.48999786376953,67.26000213623047,63.637332916259766,581882
2024-03-29,NML,67.4000015258789,67.5999984741211,66.0999984741211,66.33000183105469,62.75741958618164,145366
2024-04-01,NML,67.0,67.9000015258789,66.01000213623047,66.23999786376953,62.672264099121094,161903
2024-04-02,NML,66.0,66.79000091552734,65.5,65.69999694824219,62.16135025024414,105259
2024-04-03,NML,65.6500015258789,66.1500015258789,64.70999908447266,65.51000213623047,61.981590270996094,855054
2024-04-04,NML,65.9000015258789,67.93000030517578,65.9000015258789,67.18000030517578,63.561641693115234,810869
2024-04-08,NML,67.80999755859375,68.4000015258789,67.0,67.61000061035156,63.96847915649414,294398
2024-04-09,NML,67.5999984741211,69.19999694824219,67.5,67.94999694824219,64.2901611328125,934937
2024-04-15,NML,68.19000244140625,68.19999694824219,66.80000305175781,67.08999633789062,63.47648620605469,988973
2024-04-16,NML,67.88999938964844,70.0,67.1500015258789,69.37999725341797,65.64314270019531,2377030
2024-04-17,NML,69.25,71.19999694824219,69.0,69.79000091552734,66.03106689453125,3366490
2024-04-18,NML,70.5999984741211,70.80000305175781,69.19999694824219,70.05999755859375,66.28651428222656,1351655
2024-04-19,NML,70.4000015258789,70.5,69.19999694824219,69.87000274658203,66.10675811767578,738045
2024-04-22,NML,70.38999938964844,72.5,69.5,71.69999694824219,67.83818817138672,7649704
2024-04-23,NML,72.80000305175781,74.05999755859375,71.80999755859375,73.12999725341797,69.19116973876953,5389785
2024-04-24,NML,73.01000213623047,75.80000305175781,73.01000213623047,74.22000122070312,70.22245788574219,4113657
2024-04-25,NML,74.5,75.1500015258789,73.25,73.69000244140625,69.72100830078125,1687844
2024-04-26,NML,73.69000244140625,74.25,72.19999694824219,72.5999984741211,68.68971252441406,799418
2024-04-29,NML,73.0,73.30000305175781,67.5,68.31999969482422,64.64024353027344,2911557
2024-04-30,NML,68.4000015258789,69.5999984741211,67.5,67.51000213623047,63.87386703491211,1264335
2024-05-02,NML,68.69999694824219,68.9800033569336,67.0,68.02999877929688,64.36585235595703,509298
2024-05-03,NML,68.48999786376953,70.58999633789062,68.26000213623047,70.43000030517578,66.63658905029297,581148
2024-05-06,NML,70.51000213623047,72.87999725341797,70.5,71.68000030517578,67.81926727294922,1325314
2024-05-07,NML,72.5,72.5,70.44000244140625,70.80000305175781,66.9866714477539,961480
2024-05-08,NML,71.0,71.0,69.5,69.61000061035156,65.86075592041016,434562
2024-05-09,NML,70.0,70.5,69.05000305175781,69.52999877929688,65.78506469726562,386911
2024-05-10,NML,70.0999984741211,73.75,69.5,73.4800033569336,69.52232360839844,2106650
2024-05-13,NML,74.0,75.4800033569336,73.5,74.02999877929688,70.04269409179688,1200125
2024-05-14,NML,75.44000244140625,75.44000244140625,72.4000015258789,72.98999786376953,69.05870819091797,1179598
2024-05-15,NML,73.5,73.5,69.0,70.54000091552734,66.74066925048828,1349429
2024-05-16,NML,70.75,72.48999786376953,68.0,72.22000122070312,68.33018493652344,888318
2024-05-17,NML,72.19999694824219,73.7300033569336,72.19999694824219,72.69000244140625,68.77487182617188,500516
2024-05-20,NML,73.0,73.80000305175781,71.0,73.0,69.06816864013672,782949
2024-05-21,NML,72.5,73.5,71.95999908447266,72.11000061035156,68.22610473632812,488835
2024-05-22,NML,71.80000305175781,74.0,71.80000305175781,73.20999908447266,69.26685333251953,1332036
2024-05-23,NML,73.75,73.75,72.1500015258789,72.52999877929688,68.62348175048828,453675
2024-05-24,NML,73.19999694824219,77.19999694824219,72.1500015258789,75.52999877929688,71.46189880371094,20506725
2024-05-27,NML,75.98999786376953,76.23999786376953,74.5999984741211,74.86000061035156,70.82798767089844,2027030
2024-05-28,NML,74.86000061035156,74.86000061035156,74.86000061035156,74.86000061035156,70.82798767089844,0
2024-05-29,NML,74.86000061035156,75.25,73.0,73.4800033569336,69.52232360839844,1533323
2024-05-30,NML,73.25,73.98999786376953,71.80000305175781,72.08999633789062,68.2071762084961,1560100
2024-05-31,NML,72.25,73.38999938964844,71.52999877929688,73.1500015258789,69.21009063720703,1004334
2024-06-03,NML,73.5,74.1500015258789,72.5999984741211,72.76000213623047,68.84109497070312,682848
2024-06-04,NML,73.0,73.5999984741211,71.0,71.08999633789062,67.26103973388672,738602
2024-06-05,NML,71.9000015258789,71.94999694824219,69.01000213623047,69.5,65.75668334960938,914913
2024-06-06,NML,69.9000015258789,70.48999786376953,69.25,69.47000122070312,65.7282943725586,1072308
2024-06-07,NML,70.0,70.88999938964844,68.25,70.26000213623047,66.47574615478516,1343288
2024-06-10,NML,70.9000015258789,71.25,69.9000015258789,70.56999969482422,66.76905059814453,497460
2024-06-11,NML,72.75,73.0,70.7699966430664,71.44999694824219,67.60165405273438,1637500
2024-06-12,NML,72.0,72.25,70.8499984741211,71.41999816894531,67.5732650756836,624943
2024-06-13,NML,69.9000015258789,71.5,68.0199966430664,71.05000305175781,67.22319793701172,2947312
2024-06-14,NML,71.44999694824219,73.0,70.0,72.45999908447266,68.5572509765625,1230089
2024-06-20,NML,73.4000015258789,73.80000305175781,72.05999755859375,73.12999725341797,69.19116973876953,835504
2024-06-21,NML,73.4000015258789,73.5999984741211,72.19999694824219,72.45999908447266,68.5572509765625,708363
2024-06-24,NML,72.75,73.0,70.51000213623047,71.12999725341797,67.29888916015625,291105
2024-06-25,NML,71.0,71.5999984741211,69.5,69.97000122070312,66.20137023925781,937025
2024-06-26,NML,70.75,70.75,69.0,69.45999908447266,65.71883392333984,399591
2024-06-27,NML,69.5,71.19999694824219,69.30000305175781,70.91999816894531,67.1001968383789,592738
2024-06-28,NML,70.94000244140625,72.0,70.30999755859375,70.8499984741211,67.03396606445312,319457
2024-07-01,NML,70.4000015258789,70.80000305175781,69.12000274658203,70.45999908447266,66.66497802734375,203808
2024-07-02,NML,69.9800033569336,70.5,68.9000015258789,69.20999908447266,65.4822998046875,947801
2024-07-03,NML,69.80000305175781,69.80000305175781,68.80000305175781,69.41999816894531,65.68099212646484,825474
2024-07-04,NML,69.9000015258789,69.95999908447266,68.9000015258789,69.0999984741211,65.37822723388672,909543
2024-07-05,NML,69.79000091552734,69.80000305175781,68.5999984741211,68.87999725341797,65.17007446289062,556602
2024-07-08,NML,69.25,69.5,68.0,68.7300033569336,65.02816009521484,411417
2024-07-09,NML,69.0,69.8499984741211,68.75,69.44999694824219,65.7093734741211,1019486
2024-07-10,NML,70.0,70.0,68.69999694824219,68.79000091552734,65.08492279052734,241970
2024-07-11,NML,69.2699966430664,69.48999786376953,68.5999984741211,68.81999969482422,65.1133041381836,318402
2024-07-12,NML,69.80000305175781,69.9000015258789,67.55000305175781,68.9000015258789,65.18899536132812,745933
2024-07-15,NML,69.73999786376953,69.94999694824219,69.01000213623047,69.2300033569336,65.501220703125,581939
2024-07-16,NML,69.2300033569336,69.2300033569336,69.2300033569336,69.2300033569336,65.501220703125,0
2024-07-17,NML,69.2300033569336,69.2300033569336,69.2300033569336,69.2300033569336,65.501220703125,0
2024-07-18,NML,69.5999984741211,70.9000015258789,69.0,69.86000061035156,66.0972900390625,1457673
2024-07-19,NML,70.4000015258789,70.4000015258789,67.05999755859375,67.4000015258789,63.76979064941406,1490730
2024-07-22,NML,68.0,68.0,65.5,65.61000061035156,62.076202392578125,725629
2024-07-23,NML,66.6500015258789,67.0,65.58000183105469,66.47000122070312,62.8898811340332,522556
2024-07-24,NML,66.88999938964844,67.4000015258789,65.69999694824219,66.44999694824219,62.87095260620117,728204
2024-07-25,NML,66.5999984741211,67.4000015258789,66.0,66.48999786376953,62.9088020324707,370831
2024-07-26,NML,65.52999877929688,66.48999786376953,64.0999984741211,65.58999633789062,62.057273864746094,842175
2024-07-29,NML,65.56999969482422,66.94999694824219,65.01000213623047,66.30999755859375,62.73849105834961,370068
2024-07-30,NML,67.0,67.0,66.0,66.0999984741211,62.53980255126953,89751
2024-07-31,NML,65.5,66.44999694824219,65.05999755859375,65.2300033569336,61.716670989990234,335496
2024-08-01,NML,65.11000061035156,66.4800033569336,64.94999694824219,65.5199966430664,61.99103927612305,226351
2024-08-02,NML,65.9000015258789,66.88999938964844,65.19999694824219,66.68000030517578,63.08856964111328,291016
2024-08-05,NML,66.0,66.69999694824219,64.56999969482422,65.22000122070312,61.70720672607422,176283
2024-08-06,NML,66.0,66.0,64.5,65.05000305175781,61.54636764526367,270482
2024-08-07,NML,65.0999984741211,65.88999938964844,64.55000305175781,64.72000122070312,61.234134674072266,394655
2024-08-08,NML,64.75,65.88999938964844,64.5999984741211,65.05000305175781,61.54636764526367,447907
2024-08-09,NML,65.5,65.69999694824219,64.9000015258789,65.23999786376953,61.72612762451172,183208
2024-08-12,NML,65.4000015258789,65.4000015258789,64.75,65.0199966430664,61.517974853515625,374269
2024-08-13,NML,65.37999725341797,66.4800033569336,64.7699966430664,65.30000305175781,61.78289794921875,110913
2024-08-15,NML,65.30000305175781,66.5,65.30000305175781,65.41999816894531,61.896427154541016,311605
2024-08-16,NML,65.5,66.48999786376953,65.0199966430664,65.2699966430664,61.754512786865234,142732
2024-08-19,NML,65.44999694824219,66.0,64.75,64.9800033569336,61.480133056640625,107220
2024-08-20,NML,64.70999908447266,65.4000015258789,64.70999908447266,65.01000213623047,61.50851821899414,81147
2024-08-21,NML,64.8499984741211,65.73999786376953,64.8499984741211,65.01000213623047,61.50851821899414,229682
2024-08-22,NML,65.45999908447266,66.16999816894531,65.0199966430664,65.58999633789062,62.057273864746094,113583
2024-08-23,NML,65.19999694824219,67.5,65.19999694824219,65.58999633789062,62.057273864746094,993234
2024-08-26,NML,65.69999694824219,65.69999694824219,65.1500015258789,65.3499984741211,61.830204010009766,64326
2024-08-27,NML,65.30000305175781,65.69999694824219,64.48999786376953,64.54000091552734,61.0638313293457,388675
2024-08-28,NML,64.41000366210938,64.98999786376953,64.12000274658203,64.33000183105469,60.865142822265625,58820
2024-08-29,NML,64.33000183105469,65.30000305175781,63.599998474121094,64.16000366210938,60.70429992675781,560298
2024-08-30,NML,64.48999786376953,64.8499984741211,61.5,63.90999984741211,60.46776580810547,567394
2024-09-02,NML,64.3499984741211,66.3499984741211,64.0199966430664,64.30999755859375,60.846214294433594,278390
2024-09-03,NML,65.5,65.5,63.900001525878906,64.19999694824219,60.74213790893555,550109
2024-09-04,NML,64.19999694824219,64.98999786376953,63.9900016784668,64.05000305175781,60.600223541259766,270708
2024-09-05,NML,64.0999984741211,64.48999786376953,63.900001525878906,64.04000091552734,60.59075927734375,116390
2024-09-06,NML,64.80000305175781,64.80000305175781,63.970001220703125,64.47000122070312,60.99760437011719,203631
2024-09-09,NML,64.05000305175781,65.19999694824219,64.05000305175781,64.6500015258789,61.16790771484375,191486
2024-09-10,NML,64.8499984741211,65.0,64.41000366210938,64.73999786376953,61.253055572509766,412638
2024-09-11,NML,64.9800033569336,64.9800033569336,64.30000305175781,64.5,61.02598571777344,419758
2024-09-12,NML,64.30999755859375,65.37999725341797,64.30999755859375,64.91999816894531,61.423362731933594,187591
2024-09-13,NML,67.0,67.73999786376953,64.5,64.62999725341797,61.148983001708984,1808119
2024-09-16,NML,64.76000213623047,64.98999786376953,63.900001525878906,64.02999877929688,60.581295013427734,416999
2024-09-17,NML,64.02999877929688,64.02999877929688,64.02999877929688,64.02999877929688,60.581295013427734,0
2024-09-18,NML,64.48999786376953,64.98999786376953,64.0,64.13999938964844,60.68537521362305,209198
2024-09-19,NML,64.01000213623047,64.48999786376953,63.970001220703125,64.0199966430664,60.571834564208984,253645
2024-09-20,NML,64.69999694824219,64.75,63.400001525878906,63.84000015258789,60.40153503417969,447944
2024-09-23,NML,63.84000015258789,64.0,63.150001525878906,63.29999923706055,59.89061737060547,188816
2024-09-24,NML,63.7400016784668,63.7400016784668,60.0,61.52000045776367,58.20648956298828,1162967
2024-09-25,NML,61.9900016784668,63.0,61.20000076293945,62.72999954223633,59.351318359375,180067
2024-09-26,NML,63.400001525878906,63.79999923706055,62.0,62.90999984741211,59.52162170410156,830474
2024-09-27,NML,63.0,63.400001525878906,60.5,60.9900016784668,57.705039978027344,1255472
2024-09-30,NML,61.099998474121094,62.0,60.290000915527344,61.43000030517578,58.121337890625,371861
2024-10-01,NML,61.52000045776367,62.5,61.25,62.470001220703125,59.105323791503906,624120
2024-10-02,NML,62.59000015258789,63.900001525878906,62.0,62.95000076293945,59.559471130371094,3679626
2024-10-03,NML,63.5,67.80000305175781,63.310001373291016,67.30999755859375,63.68463897705078,4954677
2024-10-04,NML,67.98999786376953,67.98999786376953,66.0999984741211,66.30000305175781,62.729042053222656,2960900
2024-10-07,NML,66.88999938964844,68.94999694824219,64.5,66.30999755859375,62.73849105834961,10669364
2024-10-08,NML,67.0,70.0,67.0,68.0999984741211,64.43209075927734,4415829
2024-10-09,NML,68.0999984741211,68.0999984741211,68.0999984741211,68.0999984741211,64.43209075927734,0
2024-10-10,NML,68.0,68.4000015258789,67.0,67.2300033569336,63.60894775390625,542684
2024-10-11,NML,67.01000213623047,69.0,67.0,68.7300033569336,65.02816009521484,4625827
2024-10-14,NML,68.9000015258789,72.0,68.69999694824219,70.97000122070312,67.14750671386719,8523234
2024-10-15,NML,71.08999633789062,72.0,69.80000305175781,70.47000122070312,66.67443084716797,1822668
2024-10-16,NML,71.0,73.5999984741211,70.5999984741211,72.52999877929688,68.62348175048828,5554184
2024-10-17,NML,71.0,72.0,68.5,69.4000015258789,68.49517822265625,2584838
2024-10-18,NML,69.0,69.19999694824219,67.5,68.08000183105469,67.19239044189453,1579493
2024-10-21,NML,68.48999786376953,69.3499984741211,67.91000366210938,68.48999786376953,67.59703826904297,778024
2024-10-22,NML,68.88999938964844,70.9000015258789,68.1500015258789,70.33999633789062,69.42292022705078,4083158
2024-10-23,NML,70.69999694824219,72.19999694824219,70.44999694824219,71.20999908447266,70.28157806396484,3444088
2024-10-24,NML,71.0,73.0,70.9000015258789,71.62999725341797,70.69609832763672,3349508
2024-10-25,NML,71.80000305175781,72.69000244140625,70.30000305175781,72.04000091552734,71.10076141357422,4042447
2024-10-28,NML,72.05999755859375,74.0999984741211,71.1500015258789,71.86000061035156,70.92310333251953,1680221
2024-10-29,NML,72.4000015258789,74.55000305175781,71.9800033569336,74.05000305175781,73.08455657958984,2615802
2024-10-30,NML,74.20999908447266,75.4000015258789,70.4000015258789,70.91999816894531,69.99535369873047,2771929
2024-10-31,NML,71.0,71.5,68.5,68.79000091552734,67.89312744140625,2043763
2024-11-01,NML,69.8499984741211,70.9000015258789,68.5,69.54000091552734,68.63335418701172,893612
2024-11-04,NML,70.0,72.5999984741211,69.55000305175781,72.05999755859375,71.12049102783203,1673658
2024-11-05,NML,73.0,73.5,72.05999755859375,72.25,71.30802154541016,753012
2024-11-06,NML,72.19999694824219,72.80000305175781,71.5,71.66999816894531,70.73558044433594,1024780
2024-11-07,NML,71.66999816894531,74.25,71.66999816894531,74.01000213623047,73.04507446289062,1828393
2024-11-08,NML,73.94999694824219,76.1500015258789,73.0,74.66999816894531,73.69646453857422,2849752
2024-11-11,NML,75.0,77.4000015258789,74.80000305175781,76.66000366210938,75.6605224609375,3014466
2024-11-12,NML,76.01000213623047,78.0,76.01000213623047,76.66999816894531,75.6703872680664,1585058
2024-11-13,NML,76.66000366210938,77.9000015258789,76.0,77.27999877929688,76.2724380493164,1746721
2024-11-14,NML,77.5,78.5,75.9000015258789,76.04000091552734,75.0486068725586,1365832
2024-11-15,NML,76.48999786376953,77.30000305175781,75.5,75.88999938964844,74.90055847167969,1185867
2024-11-18,NML,76.0999984741211,76.0999984741211,74.80999755859375,75.5,74.5156478881836,456873
2024-11-19,NML,76.4800033569336,76.5,74.86000061035156,75.0,74.02216339111328,490935
2024-11-20,NML,75.3499984741211,75.43000030517578,71.5,72.0,71.061279296875,2090945
2024-11-21,NML,72.8499984741211,74.75,72.4000015258789,74.5199966430664,73.54841613769531,1815004
2024-11-22,NML,74.0,74.80000305175781,72.5,73.04000091552734,72.08772277832031,1104909
2024-11-25,NML,73.01000213623047,74.5,73.01000213623047,73.2699966430664,72.3147201538086,347466
2024-11-26,NML,73.30000305175781,74.5,71.0,71.56999969482422,70.63688659667969,2176718
2024-11-27,NML,73.0,74.0,72.19999694824219,73.29000091552734,72.33445739746094,1450410
2024-11-28,NML,73.5,76.69999694824219,73.5,75.73999786376953,74.75251770019531,1150326
2024-11-29,NML,76.19999694824219,78.0,75.0,76.91999816894531,75.91712951660156,1387448
2024-12-02,NML,77.9000015258789,81.75,77.05000305175781,81.20999908447266,80.15119934082031,2451448
2024-12-03,NML,81.20999908447266,82.5,79.01000213623047,81.97000122070312,80.90129089355469,1319215
2024-12-04,NML,82.88999938964844,83.30000305175781,81.0199966430664,81.9800033569336,80.91116333007812,636760
2024-12-05,NML,82.69999694824219,90.18000030517578,81.76000213623047,90.18000030517578,89.0042495727539,3359745
2024-12-06,NML,93.93000030517578,99.19999694824219,93.93000030517578,99.19999694824219,97.90664672851562,2802834
2024-12-09,NML,105.9000015258789,109.12000274658203,105.0,109.12000274658203,107.69731903076172,2228304
2024-12-10,NML,114.9800033569336,120.0,105.5,111.44999694824219,109.99693298339844,6542536
2024-12-11,NML,113.0,122.0,112.0,120.6500015258789,119.07698822021484,3817925
2024-12-12,NML,123.94999694824219,126.5,121.0,126.12999725341797,124.48554229736328,3332457
2024-12-13,NML,124.01000213623047,126.0,119.9000015258789,123.01000213623047,121.40621948242188,1433472
2024-12-16,NML,123.0,127.80000305175781,121.0,125.19000244140625,123.55780029296875,2770628
2024-12-17,NML,127.0999984741211,128.3000030517578,119.0,122.4800033569336,120.88313293457031,1389916
2024-12-18,NML,124.5,126.0,111.0,112.1500015258789,110.68781280517578,1819376
2024-12-19,NML,109.19999694824219,111.5999984741211,100.94000244140625,101.04000091552734,99.72266387939453,2698641
2024-12-20,NML,101.55999755859375,109.0,99.0,104.69000244140625,103.3250732421875,1316959
2024-12-23,NML,106.0,108.0,101.41999816894531,103.79000091552734,102.43680572509766,3038280
2024-12-24,NML,104.94999694824219,107.0999984741211,99.0,100.9800033569336,99.66344451904297,2316209
2024-12-26,NML,102.0,102.0,96.43000030517578,97.7699966430664,96.49529266357422,1910065
2024-12-27,NML,97.7699966430664,104.80000305175781,97.0,101.05999755859375,99.74240112304688,1395021
2024-12-30,NML,102.5,104.9800033569336,101.01000213623047,104.7300033569336,103.36455535888672,802356
2024-12-31,NML,105.0,109.98999786376953,102.0,107.13999938964844,105.74312591552734,1312604
2025-01-01,NML,107.13999938964844,107.13999938964844,107.13999938964844,107.13999938964844,105.74312591552734,0
2025-01-02,NML,107.0,112.0,106.55000305175781,108.20999908447266,106.79917907714844,1939628
2025-01-03,NML,108.98999786376953,112.44000244140625,103.01000213623047,109.19999694824219,107.7762680053711,2119216
2025-01-06,NML,112.9800033569336,112.98999786376953,105.25,106.43000030517578,105.04238891601562,1762660
2025-01-07,NML,106.4000015258789,106.94999694824219,101.75,105.73999786376953,104.36138153076172,1683224
2025-01-08,NML,106.5,109.9000015258789,103.75,104.55999755859375,103.19676208496094,1819099
2025-01-09,NML,105.0,105.0,101.0,102.19000244140625,100.857666015625,1208037
2025-01-10,NML,102.5,102.5,98.80999755859375,99.27999877929688,97.98560333251953,1465754
2025-01-13,NML,100.0,102.87999725341797,99.0,101.87000274658203,100.54183959960938,484116
2025-01-14,NML,101.80000305175781,103.0,100.1500015258789,101.05999755859375,99.74240112304688,539743
2025-01-15,NML,101.25,102.75,100.69999694824219,101.27999877929688,99.95953369140625,437566
2025-01-16,NML,101.0,101.9000015258789,99.61000061035156,100.0,98.69622039794922,214705
2025-01-17,NML,100.9800033569336,101.5,99.0,100.18000030517578,98.87387084960938,532571
2025-01-20,NML,100.26000213623047,101.80000305175781,100.0,101.0999984741211,99.78187561035156,336381
2025-01-21,NML,101.0999984741211,101.5,99.4000015258789,99.87999725341797,98.5777816772461,285858
2025-01-22,NML,99.87999725341797,101.30000305175781,99.0,99.58000183105469,98.28170013427734,506767
2025-01-23,NML,100.88999938964844,101.98999786376953,98.5,100.36000061035156,99.05152893066406,309324
2025-01-24,NML,101.0,101.80000305175781,99.4000015258789,99.72000122070312,98.41986846923828,159993
2025-01-27,NML,99.58999633789062,100.0,97.0,97.87999725341797,96.6038589477539,156633
2025-01-28,NML,97.72000122070312,98.44999694824219,94.33999633789062,95.5,94.25489044189453,196372
2025-01-29,NML,93.6500015258789,96.98999786376953,93.5,93.76000213623047,92.5375747680664,313876
2025-01-30,NML,94.0,95.69999694824219,94.0,94.69000244140625,93.45545196533203,206814
2025-01-31,NML,95.0,95.94999694824219,94.75,95.2300033569336,93.98841094970703,342914
2025-02-03,NML,95.0,95.0,93.01000213623047,93.52999877929688,92.3105697631836,100358
2025-02-04,NML,94.0,94.0,91.56999969482422,91.98999786376953,90.7906494140625,85508
2025-02-06,NML,93.0,93.0,90.0,90.62999725341797,89.44837951660156,143285
2025-02-07,NML,92.63999938964844,92.63999938964844,89.80999755859375,90.88999938964844,89.70499420166016,60357
2025-02-10,NML,91.0,91.80000305175781,89.80000305175781,91.25,90.060302734375,271110
2025-02-11,NML,91.30000305175781,93.33000183105469,91.30000305175781,93.01000213623047,91.79735565185547,99233
2025-02-12,NML,93.5,95.95999908447266,93.01000213623047,94.45999908447266,93.22844696044922,300422
2025-02-13,NML,94.5,95.37000274658203,90.01000213623047,91.7300033569336,90.53404235839844,921427
2025-02-14,NML,91.7300033569336,93.0,90.0,90.08000183105469,88.90555572509766,766272
2025-02-17,NML,90.5999984741211,91.5,89.0,89.33999633789062,88.17520141601562,165714
2025-02-18,NML,89.5999984741211,92.0,89.36000061035156,91.52999877929688,90.3366470336914,315595
2025-02-19,NML,91.52999877929688,96.0,91.5,94.1500015258789,92.92249298095703,1337984
2025-02-20,NML,94.0999984741211,98.30000305175781,94.0999984741211,97.20999908447266,95.94259643554688,853878
2025-02-21,NML,97.0,97.9000015258789,95.02999877929688,95.22000122070312,93.9785385131836,209688
2025-02-24,NML,95.05000305175781,99.73999786376953,93.12999725341797,97.9800033569336,96.70256042480469,863601
2025-02-25,NML,98.01000213623047,101.30000305175781,98.0,98.75,97.46251678466797,634484
2025-02-26,NML,98.69999694824219,99.0,97.9800033569336,98.05999755859375,96.78150939941406,147397
2025-02-27,NML,98.0,98.79000091552734,95.61000061035156,96.0199966430664,94.76810455322266,131138
2025-02-28,NML,95.98999786376953,103.25,93.5,102.62000274658203,101.28206634521484,1739636
2025-03-03,NML,103.0,104.0,99.0,100.97000122070312,99.65357208251953,298583
2025-03-04,NML,101.0,101.80000305175781,99.0,99.4800033569336,98.1830062866211,229793
2025-03-05,NML,99.51000213623047,100.4000015258789,97.9000015258789,98.18000030517578,96.89994812011719,128466
2025-03-06,NML,99.0,99.2300033569336,97.80000305175781,98.0,96.72229766845703,196976
2025-03-07,NML,97.66000366210938,98.97000122070312,95.93000030517578,98.0199966430664,96.74203491210938,265094
2025-03-10,NML,98.01000213623047,101.0,98.01000213623047,99.81999969482422,98.51856994628906,152354
2025-03-11,NML,98.11000061035156,98.9000015258789,96.97000122070312,97.02999877929688,95.76493835449219,193696
2025-03-12,NML,97.0,99.30000305175781,96.5,97.2699966430664,96.0018081665039,64789
2025-03-13,NML,97.2699966430664,99.5999984741211,96.95999908447266,99.29000091552734,97.99547576904297,228071
2025-03-14,NML,99.5,102.9800033569336,99.44999694824219,101.87999725341797,100.55170440673828,1204992
2025-03-17,NML,102.0,106.5,101.5,105.13999938964844,103.76920318603516,699637
2025-03-18,NML,106.0,109.69000244140625,104.8499984741211,108.73999786376953,107.322265625,847723
2025-03-19,NML,110.0,111.9000015258789,106.55000305175781,109.61000061035156,108.18092346191406,748770
2025-03-20,NML,111.9000015258789,111.9000015258789,106.19999694824219,107.05000305175781,105.65430450439453,746573
2025-03-21,NML,109.98999786376953,117.76000213623047,109.75,117.76000213623047,116.22467041015625,2376732
2025-03-24,NML,119.75,120.87999725341797,112.31999969482422,114.0,112.51368713378906,1206996
2025-03-25,NML,110.0,113.9000015258789,109.98999786376953,112.69999694824219,111.23063659667969,1003483
2025-03-26,NML,113.01000213623047,116.16999816894531,110.0,112.8499984741211,111.3786849975586,390509
2025-03-27,NML,112.0,113.80000305175781,109.94999694824219,110.20999908447266,108.77310180664062,260270
2025-03-28,NML,110.20999908447266,110.20999908447266,110.20999908447266,110.20999908447266,108.77310180664062,0
2025-03-31,NML,110.20999908447266,110.20999908447266,110.20999908447266,110.20999908447266,108.77310180664062,0
2025-04-03,NML,106.0,108.69999694824219,102.55999755859375,108.25,106.83866119384766,1975461
2025-04-04,NML,108.0,109.88999938964844,105.25,108.55000305175781,107.13475036621094,1422991
2025-04-07,NML,107.6500015258789,107.6500015258789,97.69999694824219,103.05999755859375,101.71632385253906,1190025
2025-04-08,NML,103.26000213623047,105.1500015258789,102.0,103.2699966430664,101.923583984375,668259
2025-04-09,NML,101.0999984741211,105.44999694824219,99.5999984741211,104.5199966430664,103.15728759765625,1089231
2025-04-10,NML,109.0,113.19999694824219,107.0999984741211,110.25,108.81258392333984,1433003
2025-04-11,NML,110.0,110.05000305175781,106.4000015258789,107.66999816894531,106.26622009277344,767255
2025-04-14,NML,108.9000015258789,112.48999786376953,108.11000061035156,110.91000366210938,109.46398162841797,1433742
2025-04-15,NML,110.0,115.26000213623047,110.0,112.26000213623047,110.79637908935547,690522
2025-04-16,NML,113.01000213623047,116.44000244140625,112.0,112.41000366210938,110.94442749023438,1050448
2025-04-17,NML,113.79000091552734,115.3499984741211,110.5,114.45999908447266,112.96768951416016,700438
2025-04-18,NML,115.0,118.0,112.5,115.91999816894531,114.40865325927734,1057039
2025-04-21,NML,116.94999694824219,122.48999786376953,116.5,120.30000305175781,118.73155212402344,1709154
2025-04-22,NML,120.0,121.48999786376953,118.0,118.63999938964844,117.09319305419922,763745
2025-04-23,NML,119.0,119.8499984741211,115.80000305175781,116.18000030517578,114.66526794433594,667729
2025-04-24,NML,113.9000015258789,116.0,106.16000366210938,109.36000061035156,107.93418884277344,1931440
2025-04-25,NML,109.0,112.44999694824219,107.0999984741211,110.9800033569336,109.53306579589844,443963
2025-04-28,NML,111.01000213623047,112.98999786376953,110.0,112.0199966430664,110.55950164794922,941997
2025-04-29,NML,112.0,112.80000305175781,109.0,112.47000122070312,111.0036392211914,854387
2025-04-30,NML,113.0,115.75,101.22000122070312,101.3499984741211,100.02861785888672,3005074
2025-05-02,NML,103.01000213623047,108.1500015258789,102.25,107.12000274658203,105.72339630126953,1075756
2025-05-05,NML,107.12000274658203,110.5999984741211,105.05000305175781,110.04000091552734,108.6053237915039,855910
2025-05-06,NML,111.0,111.9800033569336,108.0,109.0999984741211,107.67757415771484,436514
2025-05-07,NML,105.0999984741211,108.97000122070312,103.0,105.19000244140625,103.81855773925781,819370
2025-05-08,NML,105.01000213623047,107.0,94.66999816894531,101.38999938964844,100.06809997558594,641780
2025-05-09,NML,96.0,105.0,96.0,104.91999816894531,103.55207061767578,734422
2025-05-12,NML,115.0,115.41000366210938,107.30000305175781,115.41000366210938,113.90531158447266,3035748
2025-05-13,NML,120.0,120.0,111.5,113.79000091552734,112.30642700195312,644280
2025-05-14,NML,113.98999786376953,115.0,110.0,111.27999877929688,109.82915496826172,1026466
2025-05-15,NML,110.31999969482422,112.5,107.4000015258789,107.79000091552734,106.38465881347656,1088449
2025-05-16,NML,108.0,111.05000305175781,106.80000305175781,109.04000091552734,107.61836242675781,7951444
2025-05-19,NML,110.0,115.30000305175781,110.0,113.97000122070312,112.48408508300781,3880482
2025-05-20,NML,114.01000213623047,115.94999694824219,112.5,113.0199966430664,111.54646301269531,1173632
2025-05-21,NML,114.0,114.3499984741211,112.20999908447266,113.91000366210938,112.42486572265625,665946
2025-05-22,NML,114.5,115.38999938964844,111.0,111.5999984741211,110.14498138427734,1401363
2025-05-23,NML,112.73999786376953,112.98999786376953,110.0,110.86000061035156,109.41462707519531,886268
2025-05-26,NML,111.4000015258789,112.88999938964844,109.91000366210938,110.26000213623047,108.82245635986328,611152
2025-05-27,NML,111.0,111.41000366210938,109.0999984741211,109.62000274658203,108.1907958984375,744221
2025-05-28,NML,109.62000274658203,109.62000274658203,109.62000274658203,109.62000274658203,108.1907958984375,0
2025-05-29,NML,111.0,111.80000305175781,108.5999984741211,109.27999877929688,107.855224609375,1809835
2025-05-30,NML,109.27999877929688,110.0,108.19999694824219,108.47000122070312,107.05579376220703,942081
2025-06-02,NML,109.0,109.5,107.5,107.80000305175781,106.39453125,331943
2025-06-03,NML,107.8499984741211,110.0,107.55000305175781,109.16000366210938,107.7367935180664,1309643
2025-06-04,NML,110.0,112.83999633789062,109.5,111.63999938964844,110.18445587158203,2285595
2025-06-05,NML,111.5999984741211,114.44000244140625,111.5999984741211,113.0199966430664,111.54646301269531,2214219
2025-06-06,NML,113.0199966430664,113.0199966430664,113.0199966430664,113.0199966430664,111.54646301269531,0
2025-06-09,NML,113.0199966430664,113.0199966430664,113.0199966430664,113.0199966430664,111.54646301269531,0
2025-06-10,NML,114.4000015258789,114.4000015258789,110.19999694824219,112.52999877929688,111.06285858154297,332714
2025-06-11,NML,115.0,118.0,112.20999908447266,115.69000244140625,114.18165588378906,2763773
2025-06-12,NML,117.19999694824219,123.4000015258789,116.55999755859375,120.04000091552734,118.47494506835938,5710695
2025-06-13,NML,118.5,119.5,114.1500015258789,118.56999969482422,117.02410888671875,2252995
2025-06-16,NML,118.56999969482422,118.56999969482422,118.56999969482422,118.56999969482422,117.02410888671875,0
2025-06-17,NML,118.0,125.01000213623047,117.5,122.61000061035156,121.01143646240234,2063222
2025-06-18,NML,125.75,126.6500015258789,122.5,124.0,122.38331604003906,1648838
2025-06-19,NML,124.5,128.5,120.5,121.37999725341797,119.79747009277344,1334045
2025-06-20,NML,121.0,122.98999786376953,117.5199966430664,118.29000091552734,116.74775695800781,915923
2025-06-23,NML,115.0,116.0,109.0,110.36000061035156,108.92115020751953,714225
2025-06-24,NML,115.97000122070312,120.98999786376953,115.0999984741211,119.30000305175781,117.74459075927734,1217362
2025-06-25,NML,120.0,121.3499984741211,117.56999969482422,118.11000061035156,116.57010650634766,643889
2025-06-26,NML,118.0,120.19999694824219,117.30000305175781,118.05000305175781,116.5108871459961,405832
2025-06-27,NML,118.0999984741211,124.19999694824219,118.0999984741211,123.41000366210938,121.80101013183594,1593679
2025-06-30,NML,124.98999786376953,127.5,123.51000213623047,125.87999725341797,124.23880004882812,1827851
2025-07-01,NML,125.87999725341797,127.9000015258789,124.0,126.05999755859375,124.41645050048828,1105382
2025-07-02,NML,125.47000122070312,134.77999877929688,125.01000213623047,132.9499969482422,131.21661376953125,3612395
2025-07-03,NML,135.0,135.0,130.1999969482422,131.75,130.0322723388672,1558374
2025-07-04,NML,132.0,132.89999389648438,128.6199951171875,131.92999267578125,130.2099151611328,1774614
2025-07-07,NML,134.0,141.89999389648438,134.0,139.91000366210938,138.0858917236328,5845481
2025-07-08,NML,139.25,147.0,139.25,142.72000122070312,140.8592529296875,7015380
2025-07-09,NML,143.88999938964844,143.88999938964844,138.1999969482422,139.02000427246094,137.20748901367188,3531738
2025-07-10,NML,139.0,148.3000030517578,139.0,143.41000366210938,141.54025268554688,5289839
2025-07-11,NML,144.0,146.5,140.5,142.07000732421875,140.2177276611328,2725337
2025-07-14,NML,142.6999969482422,143.8699951171875,138.0,139.25,137.43447875976562,1851417
2025-07-15,NML,139.25,139.99000549316406,134.5,135.00999450683594,133.249755859375,704718
2025-07-16,NML,135.0,137.99000549316406,132.00999450683594,135.24000549316406,133.47677612304688,1000632
2025-07-17,NML,135.25,140.4499969482422,134.5,139.0,137.187744140625,1730679
2025-07-18,NML,139.25,140.74000549316406,136.02000427246094,136.75999450683594,134.97694396972656,556666
2025-07-21,NML,137.0,137.0,132.6699981689453,134.05999755859375,132.31214904785156,463234
2025-07-22,NML,134.05999755859375,136.75,134.05999755859375,134.6300048828125,132.87472534179688,257517
2025-07-23,NML,134.5,135.99000549316406,132.60000610351562,133.14999389648438,131.4140167236328,264285
2025-07-24,NML,132.61000061035156,134.0,132.0,132.72999572753906,130.99948120117188,568733
2025-07-25,NML,132.1199951171875,133.5,132.0,132.4499969482422,130.72314453125,850514
2025-07-28,NML,133.89999389648438,138.0,133.0,136.2899932861328,134.51307678222656,1105039
2025-07-29,NML,136.94000244140625,142.10000610351562,135.2100067138672,136.97000122070312,135.18421936035156,2300011
2025-07-30,NML,137.60000610351562,138.0,134.5,135.9499969482422,134.17750549316406,645622
2025-07-31,NML,138.22000122070312,141.0,137.11000061035156,137.55999755859375,135.7665252685547,1832521
2025-08-01,NML,137.3000030517578,137.3000030517578,132.61000061035156,133.1999969482422,131.46336364746094,1265273
2025-08-04,NML,134.0,134.99000549316406,132.25999450683594,133.77000427246094,132.02593994140625,699374
2025-08-05,NML,134.00999450683594,147.14999389648438,134.00999450683594,146.49000549316406,144.58009338378906,8359778
2025-08-06,NML,149.0,151.75,142.60000610351562,144.5399932861328,142.65550231933594,7323876
2025-08-07,NML,146.97999572753906,149.8800048828125,144.8000030517578,146.9499969482422,145.03408813476562,3588604
2025-08-08,NML,149.0,151.3000030517578,144.72000122070312,145.5800018310547,143.6819610595703,3412850
2025-08-11,NML,144.83999633789062,148.4499969482422,143.0500030517578,147.82000732421875,145.89276123046875,1006515
2025-08-12,NML,148.0,148.8000030517578,144.5399932861328,145.39999389648438,143.50430297851562,861535
2025-08-13,NML,146.10000610351562,147.5,144.02999877929688,144.47000122070312,142.58642578125,591602
2025-08-15,NML,145.0,148.5,144.0,145.6300048828125,143.73130798339844,1552467
2025-08-18,NML,145.8000030517578,148.25,144.39999389648438,147.57000732421875,145.64601135253906,755971
2025-08-19,NML,149.0,149.0,145.8000030517578,147.07000732421875,145.1525421142578,1053218
2025-08-20,NML,147.8800048828125,154.0,146.0,152.0399932861328,150.05772399902344,3627651
2025-08-21,NML,153.9499969482422,157.85000610351562,148.5,153.2100067138672,151.2124786376953,3916005
2025-08-22,NML,153.0,153.5,149.3000030517578,149.97999572753906,148.0245819091797,535638
2025-08-25,NML,149.0,150.4499969482422,147.0,147.52999877929688,145.60653686523438,398559
2025-08-26,NML,148.0,149.3000030517578,142.66000366210938,145.05999755859375,143.16873168945312,859381
2025-08-27,NML,145.0,146.74000549316406,144.75,145.00999450683594,143.119384765625,292666
2025-08-28,NML,145.0,146.5,144.25,146.16000366210938,144.25439453125,309091
2025-08-29,NML,147.2899932861328,152.14999389648438,145.0,150.2100067138672,148.25160217285156,2129849
2025-09-01,NML,151.49000549316406,154.00999450683594,150.75999450683594,151.4600067138672,149.4853057861328,1444004
2025-09-02,NML,152.0,156.49000549316406,152.0,152.5800018310547,150.5906982421875,1508378
2025-09-03,NML,154.0,155.5,149.05999755859375,152.77000427246094,150.77821350097656,1630763
2025-09-04,NML,154.8000030517578,154.8000030517578,150.60000610351562,151.32000732421875,149.3471221923828,356919
2025-09-05,NML,151.5,159.89999389648438,151.10000610351562,157.4600067138672,155.40707397460938,1883274
2025-09-08,NML,158.0,166.0,158.0,162.0500030517578,159.93722534179688,2666059
2025-09-09,NML,163.0,163.0,157.0,158.17999267578125,156.11767578125,927653
2025-09-10,NML,156.11000061035156,163.5,155.50999450683594,160.13999938964844,158.0521240234375,1406626
2025-09-11,NML,160.02000427246094,163.5,158.0,158.97999572753906,156.90724182128906,1823422
2025-09-12,NML,161.0,161.0,156.0,156.5800018310547,154.53854370117188,333185
2025-09-15,NML,156.64999389648438,158.0,154.6999969482422,156.07000732421875,154.0352020263672,320449
2025-09-16,NML,156.5,158.35000610351562,156.4499969482422,157.11000061035156,155.06163024902344,546055
2025-09-17,NML,157.0,158.0,156.0,157.3800048828125,155.32810974121094,367850
2025-09-18,NML,159.5,160.5,157.39999389648438,159.77999877929688,157.6968231201172,2173111
2025-09-19,NML,160.64999389648438,165.5,159.61000061035156,160.47000122070312,158.37782287597656,2736770
2025-09-22,NML,160.5,164.25,158.5,160.69000244140625,158.59495544433594,1080483
2025-09-23,NML,160.69000244140625,160.69000244140625,160.69000244140625,160.69000244140625,158.59495544433594,0
2025-09-24,NML,162.0,163.69000244140625,160.1999969482422,161.6300048828125,159.522705078125,557305
2025-09-25,NML,161.50999450683594,162.0,159.8800048828125,160.72999572753906,158.63442993164062,746659
2025-09-26,NML,160.0,171.39999389648438,159.1999969482422,168.88999938964844,166.68804931640625,4936803
2025-09-29,NML,169.97999572753906,175.0,168.5,173.3300018310547,171.07015991210938,1746680
2025-09-30,NML,173.3300018310547,176.0,164.1999969482422,165.85000610351562,163.68768310546875,2680910
2025-10-01,NML,164.0,165.8000030517578,160.0,162.74000549316406,160.6182403564453,1130609
2025-10-02,NML,163.0,164.9499969482422,160.11000061035156,162.17999267578125,160.06552124023438,1150162
2025-10-03,NML,163.14999389648438,163.14999389648438,159.5,161.1699981689453,159.06869506835938,908289
2025-10-06,NML,160.10000610351562,161.8000030517578,157.5,158.55999755859375,156.4927215576172,533486
2025-10-07,NML,158.55999755859375,158.55999755859375,158.55999755859375,158.55999755859375,156.4927215576172,0
2025-10-08,NML,159.25,159.64999389648438,153.0,156.0800018310547,154.04505920410156,598490
2025-10-09,NML,155.0,156.67999267578125,154.0,154.36000061035156,152.3474884033203,980982
2025-10-10,NML,155.5,155.5,151.0,152.27999877929688,150.2946014404297,814935
2025-10-13,NML,151.97999572753906,151.97999572753906,143.0,145.6699981689453,143.77078247070312,1664583
2025-10-14,NML,146.0,152.47999572753906,146.0,151.97999572753906,149.99850463867188,1024613
2025-10-15,NML,152.1999969482422,162.80999755859375,152.02000427246094,155.50999450683594,153.48248291015625,3198578
2025-10-16,NML,157.8800048828125,158.83999633789062,152.10000610351562,153.39999389648438,151.39999389648438,643432
2025-10-17,NML,153.39999389648438,154.0,150.5500030517578,151.99000549316406,151.99000549316406,230042
2025-10-20,NML,151.92999267578125,155.99000549316406,151.5,154.3699951171875,154.3699951171875,2022029
2025-10-21,NML,154.41000366210938,158.0,153.10000610351562,153.5399932861328,153.5399932861328,1145977
2025-10-22,NML,154.49000549316406,155.89999389648438,153.10000610351562,153.60000610351562,153.60000610351562,747891
2025-10-23,NML,154.49000549316406,154.49000549316406,149.0,149.97000122070312,149.97000122070312,768443
2025-10-24,NML,151.99000549316406,152.0,148.75999450683594,150.30999755859375,150.30999755859375,437856
2025-10-27,NML,150.89999389648438,152.89999389648438,149.0,150.1999969482422,150.1999969482422,525132
2025-10-28,NML,150.85000610351562,154.44000244140625,149.50999450683594,150.22999572753906,150.22999572753906,1212569
2025-10-29,NML,150.25,151.0500030517578,147.85000610351562,148.13999938964844,148.13999938964844,615882
2025-10-30,NML,149.1199951171875,150.88999938964844,137.99000549316406,139.42999267578125,139.42999267578125,1505819
2025-10-31,NML,140.5,145.0,140.25,143.36000061035156,143.36000061035156,1208996
2025-11-03,NML,148.94000244140625,152.9600067138672,147.6999969482422,151.5,151.5,3654267
2025-11-04,NML,150.5,152.25,148.00999450683594,149.02999877929688,149.02999877929688,1085603
2025-11-05,NML,149.02999877929688,150.8000030517578,144.60000610351562,145.39999389648438,145.39999389648438,1030223
2025-11-06,NML,145.5,147.5,143.5,144.41000366210938,144.41000366210938,645015
2025-11-07,NML,144.41000366210938,146.25,144.41000366210938,144.72000122070312,144.72000122070312,283320
2025-11-10,NML,145.5,147.3800048828125,144.6999969482422,146.75999450683594,146.75999450683594,576990
2025-11-11,NML,146.5,148.0,140.0,140.83999633789062,140.83999633789062,1019393
2025-11-12,NML,140.83999633789062,143.0,140.83999633789062,141.88999938964844,141.88999938964844,303235
2025-11-13,NML,143.89999389648438,144.25,142.0,143.02999877929688,143.02999877929688,254710
2025-11-14,NML,144.36000061035156,146.0,143.02999877929688,145.1300048828125,145.1300048828125,332170
2025-11-17,NML,146.0,149.0,144.5,145.02999877929688,145.02999877929688,1206906
2025-11-18,NML,145.05999755859375,146.5,143.0,143.57000732421875,143.57000732421875,532613
2025-11-19,NML,144.5399932861328,144.60000610351562,141.72999572753906,142.1199951171875,142.1199951171875,841464
2025-11-20,NML,142.1999969482422,144.97999572753906,141.0,141.6300048828125,141.6300048828125,968425
2025-11-21,NML,141.88999938964844,143.25,139.0,140.1199951171875,140.1199951171875,643273
2025-11-24,NML,140.0,141.0,137.25,138.7899932861328,138.7899932861328,741816
2025-11-25,NML,140.0,140.5,137.85000610351562,140.1199951171875,140.1199951171875,1010879
2025-11-26,NML,141.0,143.25,139.0,141.58999633789062,141.58999633789062,1337248
2025-11-27,NML,143.0,143.5,141.02000427246094,142.17999267578125,142.17999267578125,750461
2025-11-28,NML,143.0,149.6999969482422,142.60000610351562,148.02999877929688,148.02999877929688,2676036
2025-12-01,NML,149.89999389648438,155.0,149.50999450683594,153.17999267578125,153.17999267578125,3596601
2025-12-02,NML,154.0,154.0,150.0,150.4499969482422,150.4499969482422,1008359
2025-12-03,NML,151.8000030517578,152.5,148.61000061035156,148.97000122070312,148.97000122070312,511229
2025-12-04,NML,150.64999389648438,150.8000030517578,147.02000427246094,149.72999572753906,149.72999572753906,1110738
2025-12-05,NML,151.5,152.52000427246094,149.8000030517578,150.8699951171875,150.8699951171875,1142059
2025-12-08,NML,151.25999450683594,154.6300048828125,150.25999450683594,152.67999267578125,152.67999267578125,1741585
2025-12-09,NML,153.97999572753906,157.25,152.1199951171875,154.3699951171875,154.3699951171875,2408898
2025-12-10,NML,155.64999389648438,164.89999389648438,154.41000366210938,160.64999389648438,160.64999389648438,8808130
2025-12-11,NML,161.99000549316406,176.72000122070312,161.0,176.72000122070312,176.72000122070312,15957649
2025-12-12,NML,178.49000549316406,192.1999969482422,175.00999450683594,186.25999450683594,186.25999450683594,16634917
2025-12-15,NML,188.00999450683594,196.5,179.5,194.6300048828125,194.6300048828125,17458789
2025-12-16,NML,196.0,200.83999633789062,187.0500030517578,189.22999572753906,189.22999572753906,13628638
2025-12-17,NML,189.22999572753906,191.3800048828125,184.39999389648438,185.22999572753906,185.22999572753906,2913683
2025-12-18,NML,185.9499969482422,188.97999572753906,182.8000030517578,184.02999877929688,184.02999877929688,4038508
2025-12-19,NML,185.49000549316406,190.6999969482422,183.8000030517578,184.8800048828125,184.8800048828125,4985393
2025-12-22,NML,186.0,189.0,184.9499969482422,185.25,185.25,3445392
2025-12-23,NML,189.0,189.85000610351562,180.14999389648438,181.52000427246094,181.52000427246094,4695139
2025-12-24,NML,179.5,183.49000549316406,178.99000549316406,180.22000122070312,180.22000122070312,1684637
2025-12-26,NML,180.22000122070312,181.0,178.0,178.6300048828125,178.6300048828125,1449248
2025-12-29,NML,179.69000244140625,180.0,177.0500030517578,177.58999633789062,177.58999633789062,831498
2025-12-30,NML,177.60000610351562,179.89999389648438,176.8000030517578,178.1999969482422,178.1999969482422,1136213
2025-12-31,NML,179.0,179.0,174.0,176.57000732421875,176.57000732421875,1311833
