Date,Symbol,Open,High,Low,Close,Adj Close,Volume
2015-01-01,PTC,23.0,23.479999542236328,23.0,23.290000915527344,12.963465690612793,3126500
2015-01-02,PTC,23.350000381469727,24.399999618530273,23.049999237060547,24.200000762939453,13.469983100891113,12843000
2015-01-05,PTC,24.06999969482422,25.139999389648438,24.049999237060547,24.649999618530273,13.720454216003418,11454500
2015-01-06,PTC,24.799999237060547,24.799999237060547,24.100000381469727,24.3799991607666,13.570172309875488,1522000
2015-01-07,PTC,24.59000015258789,25.59000015258789,24.59000015258789,25.59000015258789,14.243669509887695,8735500
2015-01-08,PTC,26.110000610351562,26.860000610351562,25.260000228881836,26.700000762939453,14.861509323120117,14253000
2015-01-09,PTC,26.899999618530273,27.25,26.260000228881836,26.5,14.750187873840332,4891500
2015-01-12,PTC,26.649999618530273,26.93000030517578,26.1200008392334,26.670000076293945,14.844812393188477,1967000
2015-01-13,PTC,26.59000015258789,26.700000762939453,26.079999923706055,26.149999618530273,14.555374145507812,2075000
2015-01-14,PTC,26.260000228881836,26.600000381469727,26.25,26.5,14.750187873840332,1942500
2015-01-15,PTC,26.360000610351562,26.989999771118164,26.200000762939453,26.360000610351562,14.672261238098145,4388500
2015-01-16,PTC,26.25,26.399999618530273,25.049999237060547,25.1200008392334,13.982064247131348,9116000
2015-01-19,PTC,25.40999984741211,25.639999389648438,25.25,25.3700008392334,14.121214866638184,2802500
2015-01-20,PTC,25.299999237060547,25.600000381469727,25.0,25.1200008392334,13.982064247131348,1596000
2015-01-21,PTC,25.31999969482422,25.600000381469727,25.0,25.010000228881836,13.920835494995117,1353000
2015-01-22,PTC,25.06999969482422,26.010000228881836,24.850000381469727,25.489999771118164,14.188010215759277,5519000
2015-01-23,PTC,25.700000762939453,25.739999771118164,25.31999969482422,25.440000534057617,14.16018009185791,614000
2015-01-26,PTC,25.600000381469727,26.049999237060547,25.600000381469727,25.729999542236328,14.321596145629883,1776000
2015-01-27,PTC,25.899999618530273,26.700000762939453,25.700000762939453,26.40999984741211,14.700090408325195,9375000
2015-01-28,PTC,26.5,26.5,26.100000381469727,26.15999984741211,14.560940742492676,1561000
2015-01-29,PTC,26.010000228881836,26.440000534057617,25.860000610351562,26.270000457763672,14.622164726257324,1999500
2015-01-30,PTC,26.25,26.5,25.799999237060547,25.93000030517578,14.432918548583984,3964500
2015-02-02,PTC,26.0,26.239999771118164,25.299999237060547,25.40999984741211,14.143481254577637,3436000
2015-02-03,PTC,25.43000030517578,25.700000762939453,25.399999618530273,25.6200008392334,14.260371208190918,2170500
2015-02-04,PTC,25.700000762939453,25.799999237060547,25.559999465942383,25.6299991607666,14.265936851501465,1316500
2015-02-05,PTC,25.6299991607666,25.6299991607666,25.6299991607666,25.6299991607666,14.265936851501465,0
2015-02-06,PTC,25.6299991607666,26.200000762939453,25.6299991607666,25.84000015258789,14.382823944091797,2780000
2015-02-09,PTC,25.75,26.09000015258789,25.399999618530273,25.440000534057617,14.16018009185791,1047500
2015-02-10,PTC,25.540000915527344,26.190000534057617,25.1299991607666,25.6200008392334,14.260371208190918,4985500
2015-02-11,PTC,25.709999084472656,25.799999237060547,25.200000762939453,25.34000015258789,14.104519844055176,2194000
2015-02-12,PTC,25.399999618530273,25.489999771118164,24.700000762939453,25.239999771118164,14.048858642578125,2347500
2015-02-13,PTC,25.239999771118164,25.469999313354492,24.950000762939453,25.010000228881836,13.920835494995117,1987500
2015-02-16,PTC,25.030000686645508,25.200000762939453,24.299999237060547,24.59000015258789,13.68705940246582,1894500
2015-02-17,PTC,24.649999618530273,24.65999984741211,24.25,24.3799991607666,13.570172309875488,1681500
2015-02-18,PTC,24.399999618530273,24.5,24.09000015258789,24.299999237060547,13.525642395019531,765000
2015-02-19,PTC,24.299999237060547,24.68000030517578,24.25,24.520000457763672,13.648098945617676,1449500
2015-02-20,PTC,24.520000457763672,25.100000381469727,24.3700008392334,24.56999969482422,13.67592716217041,4380500
2015-02-23,PTC,24.5,24.799999237060547,24.350000381469727,24.399999618530273,13.581303596496582,867500
2015-02-24,PTC,24.450000762939453,24.56999969482422,24.0,24.219999313354492,13.481114387512207,1609500
2015-02-25,PTC,24.15999984741211,24.229999542236328,23.920000076293945,24.040000915527344,13.380925178527832,3082000
2015-02-26,PTC,24.100000381469727,24.25,23.90999984741211,24.010000228881836,13.364225387573242,916500
2015-02-27,PTC,24.010000228881836,24.200000762939453,23.25,23.31999969482422,12.98016357421875,2388000
2015-03-02,PTC,23.260000228881836,23.389999389648438,22.950000762939453,23.09000015258789,12.852144241333008,4113000
2015-03-03,PTC,23.0,23.5,23.0,23.360000610351562,13.002429962158203,1517000
2015-03-04,PTC,23.450000762939453,23.950000762939453,23.450000762939453,23.6200008392334,13.147149085998535,1874500
2015-03-05,PTC,23.799999237060547,23.920000076293945,23.549999237060547,23.600000381469727,13.136015892028809,605000
2015-03-06,PTC,23.600000381469727,23.8799991607666,23.479999542236328,23.530000686645508,13.097052574157715,358500
2015-03-09,PTC,23.5,23.520000457763672,23.0,23.049999237060547,12.829878807067871,1843000
2015-03-10,PTC,23.200000762939453,23.299999237060547,22.700000762939453,22.809999465942383,12.69629192352295,1175500
2015-03-11,PTC,22.799999237060547,23.149999618530273,22.510000228881836,22.979999542236328,12.790915489196777,6624500
2015-03-12,PTC,23.010000228881836,23.229999542236328,22.65999984741211,22.739999771118164,12.657330513000488,2303000
2015-03-13,PTC,22.889999389648438,23.40999984741211,22.889999389648438,23.1200008392334,12.868843078613281,5210000
2015-03-16,PTC,23.100000381469727,23.290000915527344,22.850000381469727,22.90999984741211,12.75195598602295,1456000
2015-03-17,PTC,22.979999542236328,23.010000228881836,22.549999237060547,22.6200008392334,12.59053897857666,3410500
2015-03-18,PTC,22.739999771118164,22.739999771118164,21.489999771118164,21.610000610351562,12.028359413146973,5544500
2015-03-19,PTC,21.5,22.049999237060547,21.5,21.940000534057617,12.212041854858398,1237000
2015-03-20,PTC,22.040000915527344,22.600000381469727,22.0,22.489999771118164,12.51817798614502,1669500
2015-03-23,PTC,22.489999771118164,22.489999771118164,22.489999771118164,22.489999771118164,12.51817798614502,0
2015-03-24,PTC,22.68000030517578,22.770000457763672,21.809999465942383,21.969999313354492,12.228738784790039,1483500
2015-03-25,PTC,22.100000381469727,22.360000610351562,22.0,22.110000610351562,12.306666374206543,867500
2015-03-26,PTC,22.100000381469727,22.260000228881836,21.010000228881836,21.579999923706055,12.011662483215332,3235000
2015-03-27,PTC,21.399999618530273,21.889999389648438,21.010000228881836,21.09000015258789,11.738924026489258,2495500
2015-03-30,PTC,21.049999237060547,21.299999237060547,20.040000915527344,20.059999465942383,11.16561222076416,4249000
2015-03-31,PTC,20.100000381469727,21.059999465942383,20.0,21.059999465942383,11.722223281860352,2184500
2015-04-01,PTC,21.020000457763672,22.110000610351562,21.0,22.09000015258789,12.2955322265625,3075000
2015-04-02,PTC,22.190000534057617,22.489999771118164,21.950000762939453,22.350000381469727,12.440252304077148,1467000
2015-04-03,PTC,22.579999923706055,22.75,22.149999618530273,22.6299991607666,12.596102714538574,1688000
2015-04-06,PTC,22.790000915527344,23.760000228881836,22.790000915527344,23.760000228881836,13.225071907043457,4740000
2015-04-07,PTC,24.0,24.170000076293945,23.510000228881836,23.600000381469727,13.136015892028809,3112000
2015-04-08,PTC,23.8700008392334,23.93000030517578,23.299999237060547,23.34000015258789,12.99129581451416,830000
2015-04-09,PTC,23.399999618530273,23.579999923706055,23.200000762939453,23.290000915527344,12.963465690612793,762500
2015-04-10,PTC,23.479999542236328,23.770000457763672,23.030000686645508,23.530000686645508,13.097052574157715,4607000
2015-04-13,PTC,23.549999237060547,24.100000381469727,23.31999969482422,23.649999618530273,13.163844108581543,2582500
2015-04-14,PTC,23.549999237060547,23.950000762939453,23.5,23.81999969482422,13.258469581604004,5013500
2015-04-15,PTC,23.889999389648438,24.299999237060547,22.760000228881836,23.0,12.802048683166504,5691000
2015-04-16,PTC,23.049999237060547,23.600000381469727,22.889999389648438,23.329999923706055,12.985730171203613,4824000
2015-04-17,PTC,21.889999389648438,22.0,20.799999237060547,21.229999542236328,12.628815650939941,6697500
2015-04-20,PTC,21.399999618530273,21.469999313354492,20.729999542236328,20.809999465942383,12.378975868225098,16201500
2015-04-21,PTC,20.889999389648438,20.979999542236328,20.5,20.700000762939453,12.313543319702148,1998500
2015-04-22,PTC,20.600000381469727,21.25,20.59000015258789,20.8799991607666,12.420615196228027,4133500
2015-04-23,PTC,20.899999618530273,21.09000015258789,20.600000381469727,20.81999969482422,12.38492488861084,3305500
2015-04-24,PTC,20.700000762939453,21.0,20.700000762939453,20.84000015258789,12.396821975708008,1704500
2015-04-27,PTC,20.75,20.899999618530273,20.670000076293945,20.780000686645508,12.36113166809082,1046500
2015-04-28,PTC,20.780000686645508,20.860000610351562,20.549999237060547,20.75,12.34328556060791,694500
2015-04-29,PTC,20.6200008392334,21.100000381469727,20.6200008392334,20.770000457763672,12.355180740356445,2153500
2015-04-30,PTC,20.719999313354492,20.8799991607666,20.649999618530273,20.790000915527344,12.367079734802246,863500
2015-05-01,PTC,20.790000915527344,20.790000915527344,20.790000915527344,20.790000915527344,12.367079734802246,0
2015-05-04,PTC,20.989999771118164,21.0,20.600000381469727,20.690000534057617,12.30759334564209,596500
2015-05-05,PTC,20.649999618530273,21.100000381469727,20.489999771118164,21.010000228881836,12.497947692871094,2189500
2015-05-06,PTC,21.299999237060547,22.059999465942383,21.299999237060547,22.059999465942383,13.122546195983887,9532500
2015-05-07,PTC,22.5,22.84000015258789,22.229999542236328,22.309999465942383,13.271260261535645,7613500
2015-05-08,PTC,22.43000030517578,22.520000457763672,22.0,22.049999237060547,13.116599082946777,3506500
2015-05-11,PTC,22.100000381469727,22.100000381469727,20.950000762939453,20.950000762939453,12.46225643157959,7224500
2015-05-12,PTC,20.899999618530273,21.549999237060547,20.75,21.389999389648438,12.723991394042969,2853000
2015-05-13,PTC,21.450000762939453,21.549999237060547,21.06999969482422,21.15999984741211,12.587174415588379,1677500
2015-05-14,PTC,21.399999618530273,21.799999237060547,21.350000381469727,21.6200008392334,12.860811233520508,2098500
2015-05-15,PTC,21.75,22.190000534057617,21.399999618530273,21.489999771118164,12.783478736877441,5647000
2015-05-18,PTC,21.6299991607666,21.6299991607666,20.899999618530273,21.0,12.491998672485352,2242500
2015-05-19,PTC,21.0,21.209999084472656,20.450000762939453,20.649999618530273,12.283798217773438,3291000
2015-05-20,PTC,20.649999618530273,20.850000381469727,20.5,20.549999237060547,12.224312782287598,2343500
2015-05-21,PTC,20.600000381469727,20.709999084472656,20.399999618530273,20.479999542236328,12.182673454284668,3355500
2015-05-22,PTC,20.579999923706055,20.600000381469727,20.40999984741211,20.5,12.194571495056152,801500
2015-05-25,PTC,20.600000381469727,20.780000686645508,20.299999237060547,20.450000762939453,12.164828300476074,5504000
2015-05-26,PTC,20.489999771118164,20.5,20.270000457763672,20.399999618530273,12.135085105895996,1412000
2015-05-27,PTC,20.420000076293945,20.75,20.420000076293945,20.540000915527344,12.218364715576172,4280500
2015-05-28,PTC,20.510000228881836,20.690000534057617,20.459999084472656,20.56999969482422,12.236209869384766,1081000
2015-05-29,PTC,20.600000381469727,21.3700008392334,20.549999237060547,20.860000610351562,12.408719062805176,19666500
2015-06-01,PTC,20.969999313354492,21.149999618530273,20.760000228881836,20.90999984741211,12.438462257385254,7592000
2015-06-02,PTC,21.0,21.399999618530273,21.0,21.079999923706055,12.539587020874023,8495000
2015-06-03,PTC,21.15999984741211,21.18000030517578,20.600000381469727,20.760000228881836,12.349233627319336,10133500
2015-06-04,PTC,20.799999237060547,20.969999313354492,20.600000381469727,20.850000381469727,12.402770042419434,8220000
2015-06-05,PTC,20.850000381469727,20.850000381469727,20.850000381469727,20.850000381469727,12.402770042419434,0
2015-06-08,PTC,20.850000381469727,20.850000381469727,20.850000381469727,20.850000381469727,12.402770042419434,0
2015-06-09,PTC,20.600000381469727,21.020000457763672,20.549999237060547,20.739999771118164,12.337335586547852,9014500
2015-06-10,PTC,20.950000762939453,21.440000534057617,20.8700008392334,21.260000228881836,12.646662712097168,21785000
2015-06-11,PTC,21.360000610351562,21.790000915527344,21.260000228881836,21.399999618530273,12.729941368103027,15676000
2015-06-12,PTC,21.399999618530273,21.899999618530273,21.15999984741211,21.6299991607666,12.866758346557617,14893000
2015-06-15,PTC,21.610000610351562,22.200000762939453,21.450000762939453,22.049999237060547,13.116599082946777,15972000
2015-06-16,PTC,22.100000381469727,22.239999771118164,21.549999237060547,21.649999618530273,12.878656387329102,7320500
2015-06-17,PTC,21.549999237060547,21.75,21.299999237060547,21.389999389648438,12.723991394042969,6158000
2015-06-18,PTC,21.34000015258789,21.5,21.200000762939453,21.25,12.640714645385742,3574000
2015-06-19,PTC,21.209999084472656,21.6299991607666,21.0,21.100000381469727,12.551486015319824,3767500
2015-06-22,PTC,21.0,21.0,20.610000610351562,20.739999771118164,12.337335586547852,2517000
2015-06-23,PTC,20.850000381469727,20.989999771118164,20.649999618530273,20.700000762939453,12.313543319702148,2134500
2015-06-24,PTC,20.8700008392334,21.030000686645508,20.709999084472656,20.829999923706055,12.390873908996582,3144000
2015-06-25,PTC,21.020000457763672,21.020000457763672,20.649999618530273,20.760000228881836,12.349233627319336,2522000
2015-06-26,PTC,20.889999389648438,20.899999618530273,19.850000381469727,19.969999313354492,11.879295349121094,13947500
2015-06-29,PTC,20.100000381469727,20.6299991607666,20.0,20.5,12.194571495056152,5945500
2015-06-30,PTC,20.639999389648438,20.899999618530273,20.399999618530273,20.5,12.194571495056152,10075000
2015-07-01,PTC,20.639999389648438,21.049999237060547,20.600000381469727,20.850000381469727,12.402770042419434,8856000
2015-07-02,PTC,20.899999618530273,21.530000686645508,20.899999618530273,21.260000228881836,12.646662712097168,11771000
2015-07-03,PTC,21.299999237060547,21.399999618530273,21.049999237060547,21.149999618530273,12.581226348876953,3596500
2015-07-06,PTC,21.200000762939453,21.469999313354492,20.75,20.920000076293945,12.444408416748047,7193000
2015-07-07,PTC,20.989999771118164,20.989999771118164,20.600000381469727,20.65999984741211,12.289748191833496,4773500
2015-07-08,PTC,20.700000762939453,21.0,20.600000381469727,20.739999771118164,12.337335586547852,4835500
2015-07-09,PTC,20.75,20.809999465942383,20.40999984741211,20.450000762939453,12.164828300476074,5731000
2015-07-10,PTC,20.5,20.950000762939453,20.350000381469727,20.469999313354492,12.17672348022461,13159500
2015-07-13,PTC,20.489999771118164,20.799999237060547,20.420000076293945,20.600000381469727,12.254056930541992,4189000
2015-07-14,PTC,20.690000534057617,20.850000381469727,20.34000015258789,20.3799991607666,12.123187065124512,6147500
2015-07-15,PTC,20.479999542236328,20.5,20.110000610351562,20.229999542236328,12.033960342407227,4839500
2015-07-16,PTC,21.100000381469727,21.149999618530273,20.700000762939453,20.940000534057617,12.456307411193848,25918500
2015-07-17,PTC,20.940000534057617,20.940000534057617,20.940000534057617,20.940000534057617,12.456307411193848,0
2015-07-20,PTC,20.940000534057617,20.940000534057617,20.940000534057617,20.940000534057617,12.456307411193848,0
2015-07-21,PTC,20.940000534057617,20.940000534057617,20.940000534057617,20.940000534057617,12.456307411193848,0
2015-07-22,PTC,21.030000686645508,21.489999771118164,21.0,21.360000610351562,12.706147193908691,16121000
2015-07-23,PTC,21.5,21.6299991607666,21.100000381469727,21.190000534057617,12.605022430419922,7352000
2015-07-24,PTC,21.190000534057617,22.040000915527344,21.139999389648438,21.760000228881836,12.944090843200684,24169000
2015-07-27,PTC,21.799999237060547,21.979999542236328,21.260000228881836,21.31999969482422,12.682352066040039,18435000
2015-07-28,PTC,21.299999237060547,21.799999237060547,21.299999237060547,21.75,12.938142776489258,9377000
2015-07-29,PTC,21.850000381469727,22.350000381469727,21.850000381469727,22.110000610351562,13.152292251586914,18045000
2015-07-30,PTC,22.25,22.5,21.809999465942383,22.149999618530273,13.176084518432617,15582500
2015-07-31,PTC,22.360000610351562,22.399999618530273,22.020000457763672,22.110000610351562,13.152292251586914,3991000
2015-08-03,PTC,22.110000610351562,22.299999237060547,21.90999984741211,22.040000915527344,13.110649108886719,3425000
2015-08-04,PTC,22.06999969482422,22.09000015258789,21.600000381469727,21.790000915527344,12.96193790435791,3441000
2015-08-05,PTC,21.799999237060547,21.889999389648438,21.350000381469727,21.40999984741211,12.735889434814453,9309500
2015-08-06,PTC,21.399999618530273,21.899999618530273,21.299999237060547,21.790000915527344,12.96193790435791,7463500
2015-08-07,PTC,21.940000534057617,22.0,21.700000762939453,21.889999389648438,13.021419525146484,5229500
2015-08-10,PTC,21.190000534057617,21.25,20.81999969482422,20.889999389648438,13.021419525146484,6260500
2015-08-11,PTC,21.0,21.100000381469727,20.639999389648438,20.709999084472656,12.909222602844238,4948000
2015-08-12,PTC,20.75,20.799999237060547,20.399999618530273,20.469999313354492,12.759620666503906,3387000
2015-08-13,PTC,20.469999313354492,20.649999618530273,20.350000381469727,20.420000076293945,12.728455543518066,2906000
2015-08-14,PTC,20.420000076293945,20.420000076293945,20.420000076293945,20.420000076293945,12.728455543518066,0
2015-08-17,PTC,20.600000381469727,20.600000381469727,20.100000381469727,20.149999618530273,12.560154914855957,3827500
2015-08-18,PTC,20.25,20.309999465942383,19.920000076293945,20.059999465942383,12.50405502319336,2624500
2015-08-19,PTC,20.049999237060547,20.290000915527344,19.920000076293945,19.979999542236328,12.45418930053711,2283500
2015-08-20,PTC,19.940000534057617,20.09000015258789,19.850000381469727,19.979999542236328,12.45418930053711,2388000
2015-08-21,PTC,19.920000076293945,19.950000762939453,19.06999969482422,19.510000228881836,12.161224365234375,5518500
2015-08-24,PTC,19.25,19.25,18.510000228881836,18.510000228881836,11.53788948059082,12691500
2015-08-25,PTC,18.510000228881836,19.0,18.06999969482422,18.93000030517578,11.799690246582031,5752500
2015-08-26,PTC,18.889999389648438,18.979999542236328,18.5,18.65999984741211,11.631389617919922,1939000
2015-08-27,PTC,18.719999313354492,18.989999771118164,18.450000762939453,18.90999984741211,11.787223815917969,1967500
2015-08-28,PTC,18.899999618530273,19.479999542236328,18.809999465942383,19.209999084472656,11.974222183227539,5182500
2015-08-31,PTC,19.1200008392334,19.3799991607666,19.0,19.1200008392334,11.918123245239258,2735500
2015-09-01,PTC,19.15999984741211,19.18000030517578,18.790000915527344,18.81999969482422,11.731123924255371,1686500
2015-09-02,PTC,18.81999969482422,18.850000381469727,18.579999923706055,18.610000610351562,11.600223541259766,1983000
2015-09-03,PTC,18.6200008392334,18.860000610351562,18.6200008392334,18.75,11.68748950958252,1144500
2015-09-04,PTC,18.989999771118164,19.200000762939453,18.399999618530273,18.610000610351562,11.600223541259766,3245000
2015-09-07,PTC,18.549999237060547,18.56999969482422,17.649999618530273,17.889999389648438,11.151423454284668,6900500
2015-09-08,PTC,17.799999237060547,18.5,17.799999237060547,18.43000030517578,11.488022804260254,3539000
2015-09-09,PTC,18.510000228881836,18.700000762939453,18.299999237060547,18.530000686645508,11.550355911254883,1332500
2015-09-10,PTC,18.309999465942383,18.450000762939453,18.219999313354492,18.360000610351562,11.444389343261719,545500
2015-09-11,PTC,18.3799991607666,18.450000762939453,18.110000610351562,18.149999618530273,11.31348991394043,527000
2015-09-14,PTC,18.389999389648438,18.450000762939453,18.049999237060547,18.09000015258789,11.276090621948242,606500
2015-09-15,PTC,18.139999389648438,18.25,17.899999618530273,18.010000228881836,11.22622299194336,848500
2015-09-16,PTC,18.100000381469727,18.290000915527344,18.0,18.260000228881836,11.382057189941406,643000
2015-09-17,PTC,18.299999237060547,18.440000534057617,17.90999984741211,17.959999084472656,11.195055961608887,1436000
2015-09-18,PTC,17.959999084472656,18.139999389648438,17.5,17.56999969482422,10.951956748962402,2549000
2015-09-21,PTC,17.700000762939453,17.700000762939453,17.31999969482422,17.5,10.908323287963867,1501000
2015-09-22,PTC,17.649999618530273,17.8799991607666,17.59000015258789,17.81999969482422,11.107789039611816,1411500
2015-09-23,PTC,17.700000762939453,17.899999618530273,17.600000381469727,17.84000015258789,11.120256423950195,1304000
2015-09-24,PTC,17.84000015258789,17.84000015258789,17.84000015258789,17.84000015258789,11.120256423950195,0
2015-09-25,PTC,17.84000015258789,17.84000015258789,17.84000015258789,17.84000015258789,11.120256423950195,0
2015-09-28,PTC,17.760000228881836,17.899999618530273,17.5,17.549999237060547,10.939489364624023,370000
2015-09-29,PTC,17.399999618530273,17.540000915527344,17.15999984741211,17.389999389648438,10.839756965637207,2974000
2015-09-30,PTC,17.420000076293945,17.68000030517578,17.280000686645508,17.389999389648438,10.839756965637207,2852500
2015-10-01,PTC,17.489999771118164,17.889999389648438,17.399999618530273,17.84000015258789,11.120256423950195,1490000
2015-10-02,PTC,17.809999465942383,18.149999618530273,17.729999542236328,18.06999969482422,11.263623237609863,1575000
2015-10-05,PTC,18.1200008392334,18.149999618530273,17.8799991607666,17.969999313354492,11.201290130615234,865000
2015-10-06,PTC,18.049999237060547,18.270000457763672,18.049999237060547,18.219999313354492,11.357123374938965,934500
2015-10-07,PTC,18.239999771118164,18.25,17.860000610351562,18.020000457763672,11.232457160949707,1032000
2015-10-08,PTC,17.90999984741211,18.030000686645508,17.8700008392334,17.950000762939453,11.188823699951172,267000
2015-10-09,PTC,18.079999923706055,18.280000686645508,18.0,18.239999771118164,11.369589805603027,5129000
2015-10-12,PTC,18.25,18.399999618530273,18.100000381469727,18.260000228881836,11.382057189941406,2085500
2015-10-13,PTC,18.389999389648438,18.399999618530273,18.149999618530273,18.299999237060547,11.406989097595215,1225500
2015-10-14,PTC,18.25,18.799999237060547,18.229999542236328,18.639999389648438,11.61892318725586,2451500
2015-10-15,PTC,18.790000915527344,18.920000076293945,18.5,18.559999465942383,11.569055557250977,1269500
2015-10-16,PTC,18.59000015258789,19.040000915527344,18.579999923706055,18.809999465942383,11.724889755249023,2191000
2015-10-19,PTC,18.799999237060547,18.989999771118164,18.649999618530273,18.719999313354492,11.66878890991211,1106500
2015-10-20,PTC,18.6200008392334,18.760000228881836,18.399999618530273,18.479999542236328,11.51918888092041,602500
2015-10-21,PTC,18.450000762939453,18.799999237060547,18.309999465942383,18.479999542236328,11.51918888092041,1294000
2015-10-22,PTC,18.450000762939453,18.68000030517578,17.899999618530273,17.950000762939453,11.188823699951172,2344500
2015-10-23,PTC,17.950000762939453,17.950000762939453,17.950000762939453,17.950000762939453,11.188823699951172,0
2015-10-26,PTC,17.950000762939453,18.100000381469727,17.700000762939453,17.729999542236328,11.051690101623535,873500
2015-10-27,PTC,17.729999542236328,17.899999618530273,17.5,17.600000381469727,10.970658302307129,983500
2015-10-28,PTC,17.610000610351562,17.729999542236328,17.549999237060547,17.639999389648438,10.995590209960938,776000
2015-10-29,PTC,17.700000762939453,17.899999618530273,17.65999984741211,17.8700008392334,11.138957977294922,522500
2015-10-30,PTC,17.899999618530273,17.920000076293945,17.56999969482422,17.610000610351562,10.976890563964844,908500
2015-11-02,PTC,17.649999618530273,17.790000915527344,17.399999618530273,17.469999313354492,10.88962459564209,955000
2015-11-03,PTC,17.5,17.649999618530273,17.399999618530273,17.510000228881836,10.914557456970215,271500
2015-11-04,PTC,17.6299991607666,17.700000762939453,17.5,17.65999984741211,11.008056640625,513500
2015-11-05,PTC,17.549999237060547,17.770000457763672,17.510000228881836,17.600000381469727,10.970658302307129,447500
2015-11-06,PTC,17.549999237060547,17.59000015258789,17.31999969482422,17.459999084472656,10.883389472961426,743000
2015-11-09,PTC,17.459999084472656,17.459999084472656,17.459999084472656,17.459999084472656,10.883389472961426,0
2015-11-10,PTC,17.5,17.600000381469727,17.149999618530273,17.200000762939453,10.72132396697998,1114500
2015-11-11,PTC,17.1299991607666,17.25,16.829999923706055,16.93000030517578,10.553024291992188,1609000
2015-11-12,PTC,17.049999237060547,17.18000030517578,16.950000762939453,17.0,10.596656799316406,3089500
2015-11-13,PTC,17.010000228881836,17.049999237060547,16.899999618530273,16.920000076293945,10.54679012298584,1243000
2015-11-16,PTC,17.079999923706055,17.079999923706055,16.709999084472656,16.829999923706055,10.490691184997559,1053500
2015-11-17,PTC,16.899999618530273,17.049999237060547,16.899999618530273,16.90999984741211,10.540557861328125,915000
2015-11-18,PTC,17.0,17.049999237060547,16.799999237060547,16.81999969482422,10.484457015991211,858500
2015-11-19,PTC,16.799999237060547,16.979999542236328,16.799999237060547,16.860000610351562,10.509390830993652,325500
2015-11-20,PTC,16.899999618530273,16.959999084472656,16.75,16.81999969482422,10.484457015991211,1538500
2015-11-23,PTC,16.899999618530273,17.06999969482422,16.75,16.790000915527344,10.46575927734375,2023500
2015-11-24,PTC,16.969999313354492,16.969999313354492,16.649999618530273,16.709999084472656,10.41589069366455,1468500
2015-11-25,PTC,16.719999313354492,16.829999923706055,16.010000228881836,16.15999984741211,10.073058128356934,4529500
2015-11-26,PTC,16.299999237060547,16.799999237060547,16.299999237060547,16.719999313354492,10.422122955322266,3513500
2015-11-27,PTC,16.700000762939453,16.700000762939453,16.299999237060547,16.469999313354492,10.266289710998535,1112000
2015-11-30,PTC,16.600000381469727,16.600000381469727,16.0,16.030000686645508,9.992024421691895,1919500
2015-12-01,PTC,16.200000762939453,16.299999237060547,15.710000038146973,15.800000190734863,9.848657608032227,1487000
2015-12-02,PTC,16.049999237060547,16.200000762939453,15.800000190734863,16.15999984741211,10.073058128356934,1165500
2015-12-03,PTC,16.100000381469727,16.239999771118164,16.020000457763672,16.100000381469727,10.03565788269043,765000
2015-12-04,PTC,16.100000381469727,16.5,16.049999237060547,16.389999389648438,10.216423988342285,1542000
2015-12-07,PTC,16.34000015258789,16.5,16.270000457763672,16.3799991607666,10.210190773010254,837500
2015-12-08,PTC,16.450000762939453,16.5,16.270000457763672,16.43000030517578,10.24135684967041,1124500
2015-12-09,PTC,16.3700008392334,16.700000762939453,16.3700008392334,16.59000015258789,10.34109115600586,1370000
2015-12-10,PTC,16.690000534057617,16.690000534057617,16.440000534057617,16.450000762939453,10.253825187683105,386000
2015-12-11,PTC,16.5,16.59000015258789,16.25,16.299999237060547,10.160324096679688,941000
2015-12-14,PTC,16.25,16.299999237060547,16.079999923706055,16.139999389648438,10.060591697692871,616000
2015-12-15,PTC,16.100000381469727,16.350000381469727,15.699999809265137,15.859999656677246,9.88605785369873,923000
2015-12-16,PTC,15.9399995803833,16.229999542236328,15.9399995803833,16.09000015258789,10.029423713684082,307000
2015-12-17,PTC,16.190000534057617,16.34000015258789,16.1299991607666,16.200000762939453,10.097991943359375,1570000
2015-12-18,PTC,16.270000457763672,16.290000915527344,16.0,16.010000228881836,9.979557991027832,1594000
2015-12-21,PTC,16.049999237060547,16.25,16.0,16.18000030517578,10.085524559020996,345000
2015-12-22,PTC,16.25,16.260000228881836,16.0,16.040000915527344,9.998258590698242,614500
2015-12-23,PTC,16.100000381469727,16.100000381469727,15.8100004196167,15.869999885559082,9.892291069030762,534000
2015-12-24,PTC,15.869999885559082,15.869999885559082,15.869999885559082,15.869999885559082,9.892291069030762,0
2015-12-25,PTC,15.869999885559082,15.869999885559082,15.869999885559082,15.869999885559082,9.892291069030762,0
2015-12-28,PTC,15.899999618530273,16.329999923706055,15.899999618530273,16.209999084472656,10.104223251342773,5547000
2015-12-29,PTC,16.25,16.530000686645508,16.25,16.290000915527344,10.154092788696289,3167000
2015-12-30,PTC,16.450000762939453,16.5,16.290000915527344,16.469999313354492,10.266289710998535,1182500
2015-12-31,PTC,16.5,16.549999237060547,16.31999969482422,16.489999771118164,10.27875804901123,1581000
2016-01-01,PTC,16.479999542236328,16.670000076293945,16.479999542236328,16.579999923706055,10.334856986999512,808000
2016-01-04,PTC,16.600000381469727,16.690000534057617,16.299999237060547,16.350000381469727,10.19149112701416,769500
2016-01-05,PTC,16.270000457763672,16.350000381469727,16.100000381469727,16.299999237060547,10.160324096679688,404500
2016-01-06,PTC,16.350000381469727,16.399999618530273,16.1200008392334,16.149999618530273,10.066823959350586,1226500
2016-01-07,PTC,16.0,16.18000030517578,15.899999618530273,16.110000610351562,10.041892051696777,453000
2016-01-08,PTC,16.149999618530273,16.149999618530273,15.890000343322754,15.920000076293945,9.923458099365234,872000
2016-01-11,PTC,16.100000381469727,16.110000610351562,15.800000190734863,15.8100004196167,9.854891777038574,574500
2016-01-12,PTC,15.850000381469727,15.850000381469727,15.520000457763672,15.630000114440918,9.742691993713379,593000
2016-01-13,PTC,15.600000381469727,15.8100004196167,15.449999809265137,15.5,9.661657333374023,764000
2016-01-14,PTC,15.399999618530273,15.59000015258789,14.75,15.079999923706055,9.399858474731445,1072000
2016-01-15,PTC,15.100000381469727,15.220000267028809,14.75,14.949999809265137,9.318824768066406,1232000
2016-01-18,PTC,14.600000381469727,15.449999809265137,13.949999809265137,14.510000228881836,9.04455852508545,4514500
2016-01-19,PTC,14.5,15.510000228881836,14.199999809265137,15.420000076293945,9.611791610717773,6762000
2016-01-20,PTC,15.300000190734863,15.300000190734863,14.850000381469727,15.0,9.349990844726562,3340500
2016-01-21,PTC,15.079999923706055,15.09000015258789,14.699999809265137,14.779999732971191,9.212858200073242,2193500
2016-01-22,PTC,14.899999618530273,15.0,14.699999809265137,14.880000114440918,9.275191307067871,1303500
2016-01-25,PTC,15.029999732971191,15.140000343322754,14.829999923706055,14.90999984741211,9.293891906738281,1603000
2016-01-26,PTC,14.819999694824219,14.899999618530273,14.609999656677246,14.789999961853027,9.219091415405273,1987500
2016-01-27,PTC,14.800000190734863,15.0,14.770000457763672,14.829999923706055,9.244025230407715,357000
2016-01-28,PTC,14.800000190734863,14.920000076293945,14.779999732971191,14.84000015258789,9.25025749206543,613500
2016-01-29,PTC,14.899999618530273,14.989999771118164,14.510000228881836,14.539999961853027,9.063258171081543,3808000
2016-02-01,PTC,14.550000190734863,14.979999542236328,14.550000190734863,14.869999885559082,9.26895809173584,1543000
2016-02-02,PTC,14.979999542236328,15.449999809265137,14.949999809265137,15.289999961853027,9.530756950378418,4403000
2016-02-03,PTC,15.25,15.34000015258789,15.0,15.210000038146973,9.480891227722168,1587500
2016-02-04,PTC,15.25,15.550000190734863,15.100000381469727,15.449999809265137,9.630491256713867,2498500
2016-02-05,PTC,15.449999809265137,15.449999809265137,15.449999809265137,15.449999809265137,9.630491256713867,0
2016-02-08,PTC,15.489999771118164,15.779999732971191,15.199999809265137,15.25,9.50582504272461,2824500
2016-02-09,PTC,15.25,15.300000190734863,14.859999656677246,14.949999809265137,9.318824768066406,3080500
2016-02-10,PTC,15.0,15.399999618530273,14.800000190734863,15.069999694824219,9.393625259399414,13231000
2016-02-11,PTC,15.119999885559082,15.229999542236328,14.779999732971191,14.84000015258789,9.25025749206543,1865500
2016-02-12,PTC,14.84000015258789,14.979999542236328,14.600000381469727,14.710000038146973,9.169225692749023,2945000
2016-02-15,PTC,14.899999618530273,14.989999771118164,14.699999809265137,14.760000228881836,9.20039176940918,995500
2016-02-16,PTC,14.829999923706055,14.850000381469727,14.5,14.529999732971191,9.057025909423828,2590000
2016-02-17,PTC,14.600000381469727,14.600000381469727,14.40999984741211,14.449999809265137,9.007158279418945,646000
2016-02-18,PTC,14.489999771118164,14.65999984741211,14.199999809265137,14.270000457763672,8.894959449768066,1329000
2016-02-19,PTC,14.260000228881836,14.5,14.050000190734863,14.140000343322754,8.813926696777344,783000
2016-02-22,PTC,14.1899995803833,14.239999771118164,13.84000015258789,14.010000228881836,8.732892990112305,1109000
2016-02-23,PTC,13.979999542236328,14.050000190734863,13.319999694824219,13.680000305175781,8.527192115783691,2744000
2016-02-24,PTC,13.579999923706055,13.890000343322754,13.569999694824219,13.779999732971191,8.58952522277832,1073000
2016-02-25,PTC,13.869999885559082,13.880000114440918,13.520000457763672,13.579999923706055,8.464859008789062,1595000
2016-02-26,PTC,13.649999618530273,13.869999885559082,13.609999656677246,13.770000457763672,8.583292961120605,2103000
2016-02-29,PTC,13.770000457763672,13.800000190734863,13.649999618530273,13.6899995803833,8.533426284790039,1382500
2016-03-01,PTC,13.779999732971191,13.800000190734863,13.649999618530273,13.6899995803833,8.533426284790039,1697000
2016-03-02,PTC,13.779999732971191,13.850000381469727,13.649999618530273,13.699999809265137,8.539658546447754,1574500
2016-03-03,PTC,13.819999694824219,13.819999694824219,13.649999618530273,13.6899995803833,8.533426284790039,1058000
2016-03-04,PTC,13.890000343322754,14.100000381469727,13.649999618530273,13.890000343322754,8.658093452453613,3484000
2016-03-07,PTC,13.899999618530273,14.890000343322754,13.899999618530273,14.819999694824219,9.237792015075684,10735000
2016-03-08,PTC,14.989999771118164,15.100000381469727,14.630000114440918,14.850000381469727,9.256490707397461,2011500
2016-03-09,PTC,14.800000190734863,14.9399995803833,14.699999809265137,14.75,9.194158554077148,1050000
2016-03-10,PTC,14.819999694824219,15.550000190734863,14.75,14.819999694824219,9.237792015075684,7173500
2016-03-11,PTC,14.899999618530273,14.989999771118164,14.710000038146973,14.920000076293945,9.300125122070312,771500
2016-03-14,PTC,14.970000267028809,15.100000381469727,14.920000076293945,15.0,9.349990844726562,1562500
2016-03-15,PTC,15.0,15.069999694824219,14.930000305175781,15.0,9.349990844726562,1215500
2016-03-16,PTC,15.0,15.180000305175781,14.949999809265137,15.100000381469727,9.412325859069824,1419000
2016-03-17,PTC,15.100000381469727,15.149999618530273,14.989999771118164,15.010000228881836,9.35622501373291,2058500
2016-03-18,PTC,15.0,15.050000190734863,14.520000457763672,14.859999656677246,9.262725830078125,2591000
2016-03-21,PTC,14.899999618530273,15.09000015258789,14.800000190734863,15.0,9.349990844726562,603000
2016-03-22,PTC,14.90999984741211,15.069999694824219,14.90999984741211,15.0,9.349990844726562,2310000
2016-03-23,PTC,15.0,15.0,15.0,15.0,9.349990844726562,0
2016-03-24,PTC,15.0,15.09000015258789,14.899999618530273,15.020000457763672,9.362458229064941,706500
2016-03-25,PTC,15.050000190734863,15.149999618530273,14.949999809265137,15.020000457763672,9.362458229064941,431500
2016-03-28,PTC,14.899999618530273,15.09000015258789,14.859999656677246,14.930000305175781,9.306358337402344,246000
2016-03-29,PTC,15.0,15.0,14.850000381469727,14.899999618530273,9.287657737731934,844500
2016-03-30,PTC,14.949999809265137,15.0,14.84000015258789,14.859999656677246,9.262725830078125,604500
2016-03-31,PTC,14.899999618530273,15.100000381469727,14.880000114440918,15.020000457763672,9.362458229064941,1480000
2016-04-01,PTC,15.050000190734863,15.449999809265137,14.949999809265137,15.350000381469727,9.568158149719238,3765000
2016-04-04,PTC,15.350000381469727,15.399999618530273,15.109999656677246,15.359999656677246,9.57439136505127,762500
2016-04-05,PTC,15.34000015258789,16.360000610351562,15.25,16.34000015258789,10.185257911682129,20059500
2016-04-06,PTC,16.34000015258789,17.239999771118164,16.34000015258789,16.959999084472656,10.571722984313965,14528000
2016-04-07,PTC,17.059999465942383,17.059999465942383,16.610000610351562,16.770000457763672,10.453290939331055,1907500
2016-04-08,PTC,16.579999923706055,16.899999618530273,16.549999237060547,16.829999923706055,10.490691184997559,2484500
2016-04-11,PTC,16.809999465942383,16.950000762939453,16.25,16.43000030517578,10.24135684967041,2009500
2016-04-12,PTC,16.290000915527344,16.299999237060547,15.949999809265137,16.209999084472656,10.104223251342773,1821000
2016-04-13,PTC,16.200000762939453,16.280000686645508,15.789999961853027,16.040000915527344,9.998258590698242,1528500
2016-04-14,PTC,16.049999237060547,16.829999923706055,16.010000228881836,16.469999313354492,10.266289710998535,5944500
2016-04-15,PTC,15.640000343322754,15.75,15.170000076293945,15.319999694824219,10.166747093200684,2879500
2016-04-18,PTC,15.3100004196167,15.380000114440918,15.109999656677246,15.149999618530273,10.053930282592773,856500
2016-04-19,PTC,15.149999618530273,15.199999809265137,14.930000305175781,14.960000038146973,9.927842140197754,1850000
2016-04-20,PTC,14.949999809265137,15.050000190734863,14.850000381469727,14.880000114440918,9.874751091003418,441000
2016-04-21,PTC,15.010000228881836,15.210000038146973,14.649999618530273,14.770000457763672,9.801753044128418,1181500
2016-04-22,PTC,14.699999809265137,14.899999618530273,14.520000457763672,14.680000305175781,9.742026329040527,756500
2016-04-25,PTC,14.630000114440918,14.850000381469727,14.630000114440918,14.739999771118164,9.781843185424805,1304000
2016-04-26,PTC,14.800000190734863,14.890000343322754,14.119999885559082,14.489999771118164,9.615936279296875,1882000
2016-04-27,PTC,14.550000190734863,14.710000038146973,14.449999809265137,14.600000381469727,9.688936233520508,1050500
2016-04-28,PTC,14.649999618530273,14.710000038146973,14.449999809265137,14.460000038146973,9.596029281616211,2759000
2016-04-29,PTC,14.460000038146973,14.550000190734863,14.029999732971191,14.210000038146973,9.430121421813965,2287500
2016-05-02,PTC,14.25,14.479999542236328,14.140000343322754,14.279999732971191,9.47657585144043,8211500
2016-05-03,PTC,14.460000038146973,15.039999961853027,14.399999618530273,14.8100004196167,9.828298568725586,16876500
2016-05-04,PTC,14.84000015258789,15.119999885559082,14.800000190734863,14.899999618530273,9.888023376464844,23719000
2016-05-05,PTC,15.0,15.6899995803833,15.0,15.470000267028809,10.266291618347168,17202000
2016-05-06,PTC,15.5,15.739999771118164,15.119999885559082,15.199999809265137,10.087112426757812,6828500
2016-05-09,PTC,15.470000267028809,15.470000267028809,15.100000381469727,15.229999542236328,10.107020378112793,3014000
2016-05-10,PTC,15.149999618530273,15.4399995803833,15.119999885559082,15.1899995803833,10.080475807189941,1610500
2016-05-11,PTC,15.25,15.25,14.869999885559082,14.979999542236328,9.941113471984863,3623000
2016-05-12,PTC,15.0,15.149999618530273,14.90999984741211,15.0,9.954385757446289,2720000
2016-05-13,PTC,15.09000015258789,15.399999618530273,15.0,15.029999732971191,9.974294662475586,4515000
2016-05-16,PTC,15.100000381469727,15.649999618530273,15.069999694824219,15.449999809265137,10.253018379211426,9822500
2016-05-17,PTC,15.5,15.699999809265137,15.300000190734863,15.350000381469727,10.18665599822998,4546000
2016-05-18,PTC,15.34000015258789,15.489999771118164,15.199999809265137,15.210000038146973,10.093748092651367,2462500
2016-05-19,PTC,15.229999542236328,16.209999084472656,15.130000114440918,16.209999084472656,10.757372856140137,23266000
2016-05-20,PTC,16.420000076293945,16.440000534057617,15.779999732971191,15.850000381469727,10.518468856811523,12759000
2016-05-23,PTC,15.899999618530273,16.200000762939453,15.75,16.06999969482422,10.66446590423584,3776500
2016-05-24,PTC,16.110000610351562,16.3700008392334,15.970000267028809,16.010000228881836,10.624649047851562,3948000
2016-05-25,PTC,16.100000381469727,16.18000030517578,15.899999618530273,15.920000076293945,10.564922332763672,2811000
2016-05-26,PTC,15.899999618530273,16.0,15.75,15.779999732971191,10.472015380859375,1383500
2016-05-27,PTC,15.800000190734863,15.890000343322754,15.699999809265137,15.760000228881836,10.458742141723633,2097500
2016-05-30,PTC,15.699999809265137,15.75,15.270000457763672,15.300000190734863,10.153474807739258,3696000
2016-05-31,PTC,15.260000228881836,15.819999694824219,15.260000228881836,15.470000267028809,10.266291618347168,4616000
2016-06-01,PTC,15.520000457763672,15.890000343322754,15.510000228881836,15.75,10.452106475830078,1798500
2016-06-02,PTC,15.699999809265137,16.350000381469727,15.699999809265137,16.079999923706055,10.671102523803711,5461500
2016-06-03,PTC,16.25,16.34000015258789,15.819999694824219,15.949999809265137,10.584830284118652,2792500
2016-06-06,PTC,16.100000381469727,16.100000381469727,15.649999618530273,15.699999809265137,10.418924331665039,1470500
2016-06-07,PTC,15.640000343322754,15.729999542236328,15.449999809265137,15.470000267028809,10.266291618347168,2313500
2016-06-08,PTC,15.489999771118164,15.649999618530273,15.399999618530273,15.510000228881836,10.292835235595703,860000
2016-06-09,PTC,15.59000015258789,15.649999618530273,15.25,15.369999885559082,10.199928283691406,1996500
2016-06-10,PTC,15.359999656677246,15.359999656677246,14.949999809265137,15.010000228881836,9.961023330688477,2436000
2016-06-13,PTC,15.050000190734863,15.1899995803833,14.800000190734863,14.880000114440918,9.874751091003418,2939000
2016-06-14,PTC,14.819999694824219,15.140000343322754,14.819999694824219,15.020000457763672,9.967658996582031,3009000
2016-06-15,PTC,15.479999542236328,15.479999542236328,15.020000457763672,15.039999961853027,9.980932235717773,3458000
2016-06-16,PTC,15.100000381469727,15.960000038146973,15.039999961853027,15.510000228881836,10.292835235595703,13554000
2016-06-17,PTC,15.59000015258789,15.699999809265137,15.319999694824219,15.4399995803833,10.246382713317871,1968000
2016-06-20,PTC,15.5,15.5600004196167,15.100000381469727,15.220000267028809,10.100384712219238,2182000
2016-06-21,PTC,15.220000267028809,15.350000381469727,15.100000381469727,15.15999984741211,10.060566902160645,2677500
2016-06-22,PTC,15.069999694824219,15.350000381469727,15.010000228881836,15.180000305175781,10.073840141296387,1368000
2016-06-23,PTC,15.25,15.329999923706055,15.0600004196167,15.210000038146973,10.093748092651367,1724500
2016-06-24,PTC,15.09000015258789,15.09000015258789,14.300000190734863,14.819999694824219,9.83493423461914,6288000
2016-06-27,PTC,14.510000228881836,14.899999618530273,14.510000228881836,14.859999656677246,9.861479759216309,1401500
2016-06-28,PTC,14.899999618530273,14.970000267028809,14.65999984741211,14.760000228881836,9.795116424560547,1089000
2016-06-29,PTC,14.75,15.109999656677246,14.75,15.0600004196167,9.994205474853516,1965500
2016-06-30,PTC,15.100000381469727,15.229999542236328,14.880000114440918,15.029999732971191,9.974294662475586,1414500
2016-07-01,PTC,15.029999732971191,15.029999732971191,15.029999732971191,15.029999732971191,9.974294662475586,0
2016-07-04,PTC,14.989999771118164,15.489999771118164,14.989999771118164,15.460000038146973,10.25965404510498,2085000
2016-07-05,PTC,15.460000038146973,15.460000038146973,15.460000038146973,15.460000038146973,10.25965404510498,0
2016-07-06,PTC,15.460000038146973,15.460000038146973,15.460000038146973,15.460000038146973,10.25965404510498,0
2016-07-07,PTC,15.460000038146973,15.460000038146973,15.460000038146973,15.460000038146973,10.25965404510498,0
2016-07-08,PTC,15.460000038146973,15.460000038146973,15.460000038146973,15.460000038146973,10.25965404510498,0
2016-07-11,PTC,15.489999771118164,15.640000343322754,15.300000190734863,15.569999694824219,10.332653999328613,1560000
2016-07-12,PTC,15.600000381469727,15.890000343322754,15.600000381469727,15.84000015258789,10.511833190917969,2829500
2016-07-13,PTC,15.800000190734863,16.43000030517578,15.800000190734863,16.190000534057617,10.744101524353027,11658500
2016-07-14,PTC,16.25,16.489999771118164,16.139999389648438,16.280000686645508,10.803828239440918,3463000
2016-07-15,PTC,16.309999465942383,16.3799991607666,16.010000228881836,16.059999465942383,10.657829284667969,2934000
2016-07-18,PTC,16.100000381469727,16.18000030517578,16.0,16.09000015258789,10.677738189697266,1419500
2016-07-19,PTC,16.299999237060547,16.559999465942383,15.90999984741211,16.079999923706055,10.671102523803711,9696500
2016-07-20,PTC,16.299999237060547,16.34000015258789,15.779999732971191,15.899999618530273,10.55164909362793,7114500
2016-07-21,PTC,15.989999771118164,16.139999389648438,15.949999809265137,16.030000686645508,10.637921333312988,6753500
2016-07-22,PTC,16.100000381469727,16.100000381469727,15.859999656677246,15.90999984741211,10.5582857131958,2013500
2016-07-25,PTC,15.970000267028809,16.190000534057617,15.899999618530273,16.1200008392334,10.697648048400879,2559500
2016-07-26,PTC,16.100000381469727,16.239999771118164,16.010000228881836,16.149999618530273,10.71755599975586,1834500
2016-07-27,PTC,16.149999618530273,16.200000762939453,16.079999923706055,16.1200008392334,10.697648048400879,1168000
2016-07-28,PTC,16.059999465942383,16.600000381469727,16.059999465942383,16.469999313354492,10.929915428161621,6791000
2016-07-29,PTC,16.489999771118164,16.639999389648438,16.25,16.530000686645508,10.969735145568848,2802500
2016-08-01,PTC,16.530000686645508,16.530000686645508,16.530000686645508,16.530000686645508,10.969735145568848,0
2016-08-02,PTC,16.65999984741211,16.799999237060547,16.469999313354492,16.719999313354492,11.095821380615234,1706500
2016-08-03,PTC,16.75,16.75,16.399999618530273,16.68000030517578,11.069278717041016,5449500
2016-08-04,PTC,16.540000915527344,16.709999084472656,16.450000762939453,16.479999542236328,10.936551094055176,1821500
2016-08-05,PTC,16.510000228881836,16.510000228881836,16.299999237060547,16.3700008392334,10.863554000854492,800500
2016-08-08,PTC,16.31999969482422,16.540000915527344,16.200000762939453,16.309999465942383,10.823736190795898,3519500
2016-08-09,PTC,15.800000190734863,15.800000190734863,15.3100004196167,15.449999809265137,10.922712326049805,8257500
2016-08-10,PTC,15.430000305175781,15.4399995803833,15.220000267028809,15.3100004196167,10.823736190795898,1862500
2016-08-11,PTC,15.260000228881836,15.319999694824219,15.09000015258789,15.15999984741211,10.717691421508789,2623000
2016-08-12,PTC,15.170000076293945,15.300000190734863,15.15999984741211,15.239999771118164,10.774248123168945,641000
2016-08-15,PTC,15.220000267028809,15.359999656677246,15.220000267028809,15.270000457763672,10.79545783996582,545500
2016-08-16,PTC,15.229999542236328,15.300000190734863,15.180000305175781,15.260000228881836,10.7883882522583,1540000
2016-08-17,PTC,15.3100004196167,15.8100004196167,15.3100004196167,15.609999656677246,11.035826683044434,4593000
2016-08-18,PTC,15.75,15.760000228881836,15.479999542236328,15.59000015258789,11.021688461303711,2057000
2016-08-19,PTC,15.680000305175781,15.789999961853027,15.5,15.579999923706055,11.014619827270508,866500
2016-08-22,PTC,15.59000015258789,15.600000381469727,15.59000015258789,15.600000381469727,11.02875804901123,1817000
2016-08-23,PTC,15.699999809265137,15.699999809265137,15.479999542236328,15.579999923706055,11.014619827270508,605500
2016-08-24,PTC,15.40999984741211,15.600000381469727,15.40999984741211,15.569999694824219,11.007549285888672,326000
2016-08-25,PTC,15.569999694824219,15.649999618530273,15.510000228881836,15.600000381469727,11.02875804901123,594500
2016-08-26,PTC,15.670000076293945,16.290000915527344,15.579999923706055,16.06999969482422,11.361035346984863,5469000
2016-08-29,PTC,16.010000228881836,17.0,15.989999771118164,16.75,11.841775894165039,12839500
2016-08-30,PTC,16.809999465942383,16.899999618530273,16.34000015258789,16.399999618530273,11.594335556030273,2024000
2016-08-31,PTC,16.43000030517578,16.600000381469727,16.200000762939453,16.299999237060547,11.523637771606445,1515500
2016-09-01,PTC,16.450000762939453,16.450000762939453,16.049999237060547,16.190000534057617,11.44587230682373,1433500
2016-09-02,PTC,16.299999237060547,16.5,16.0,16.149999618530273,11.417593002319336,2235000
2016-09-05,PTC,16.200000762939453,16.350000381469727,16.0,16.049999237060547,11.346895217895508,1665000
2016-09-06,PTC,16.18000030517578,16.68000030517578,16.0,16.549999237060547,11.7003812789917,3006000
2016-09-07,PTC,16.549999237060547,17.440000534057617,16.5,17.229999542236328,12.181122779846191,10501500
2016-09-08,PTC,17.350000381469727,17.649999618530273,17.200000762939453,17.25,12.195261001586914,8779500
2016-09-09,PTC,17.299999237060547,17.510000228881836,17.049999237060547,17.1200008392334,12.103355407714844,2198000
2016-09-12,PTC,17.1200008392334,17.1200008392334,17.1200008392334,17.1200008392334,12.103355407714844,0
2016-09-13,PTC,17.1200008392334,17.1200008392334,17.1200008392334,17.1200008392334,12.103355407714844,0
2016-09-14,PTC,17.1200008392334,17.1200008392334,17.1200008392334,17.1200008392334,12.103355407714844,0
2016-09-15,PTC,17.100000381469727,17.239999771118164,17.0,17.139999389648438,12.117493629455566,3214500
2016-09-16,PTC,17.18000030517578,18.0,17.18000030517578,17.81999969482422,12.598236083984375,7077500
2016-09-19,PTC,17.850000381469727,18.459999084472656,17.850000381469727,18.209999084472656,12.873952865600586,10862500
2016-09-20,PTC,18.399999618530273,18.5,17.75,17.979999542236328,12.71135139465332,4244500
2016-09-21,PTC,18.100000381469727,18.93000030517578,17.700000762939453,18.3700008392334,12.987070083618164,15376000
2016-09-22,PTC,18.690000534057617,18.969999313354492,18.209999084472656,18.510000228881836,13.08604621887207,15417000
2016-09-23,PTC,18.479999542236328,18.5,18.010000228881836,18.100000381469727,12.796187400817871,4284000
2016-09-26,PTC,18.06999969482422,18.690000534057617,18.06999969482422,18.510000228881836,13.08604621887207,5245500
2016-09-27,PTC,18.489999771118164,18.600000381469727,18.200000762939453,18.350000381469727,12.972930908203125,1765500
2016-09-28,PTC,18.309999465942383,18.399999618530273,18.020000457763672,18.100000381469727,12.796187400817871,4511500
2016-09-29,PTC,18.100000381469727,18.59000015258789,17.920000076293945,18.15999984741211,12.838604927062988,6471000
2016-09-30,PTC,18.209999084472656,18.399999618530273,18.100000381469727,18.280000686645508,12.923443794250488,2272500
2016-10-03,PTC,18.280000686645508,18.68000030517578,18.149999618530273,18.299999237060547,12.937580108642578,2715000
2016-10-04,PTC,18.399999618530273,18.649999618530273,18.299999237060547,18.420000076293945,13.022418022155762,2328500
2016-10-05,PTC,18.420000076293945,18.899999618530273,18.31999969482422,18.6200008392334,13.163813591003418,5417500
2016-10-06,PTC,18.700000762939453,19.34000015258789,18.510000228881836,19.0,13.432462692260742,13319500
2016-10-07,PTC,19.010000228881836,19.110000610351562,18.25,18.31999969482422,12.951720237731934,4662500
2016-10-10,PTC,18.5,18.6299991607666,18.219999313354492,18.290000915527344,12.930513381958008,1863500
2016-10-11,PTC,18.290000915527344,18.290000915527344,18.290000915527344,18.290000915527344,12.930513381958008,0
2016-10-12,PTC,18.290000915527344,18.290000915527344,18.290000915527344,18.290000915527344,12.930513381958008,0
2016-10-13,PTC,18.309999465942383,18.5,17.850000381469727,17.950000762939453,12.690142631530762,3579500
2016-10-14,PTC,17.860000610351562,18.18000030517578,17.709999084472656,18.0,12.725489616394043,1108000
2016-10-17,PTC,18.139999389648438,18.149999618530273,17.8700008392334,17.93000030517578,12.676002502441406,908000
2016-10-18,PTC,17.950000762939453,18.0,17.700000762939453,17.799999237060547,12.58409595489502,1594500
2016-10-19,PTC,17.8799991607666,17.899999618530273,17.360000610351562,17.43000030517578,12.322516441345215,3522500
2016-10-20,PTC,17.559999465942383,18.0,17.559999465942383,17.75,12.548748016357422,3336500
2016-10-21,PTC,17.700000762939453,17.799999237060547,17.5,17.510000228881836,12.379074096679688,1553500
2016-10-24,PTC,17.5,17.5,17.170000076293945,17.229999542236328,12.181122779846191,448500
2016-10-25,PTC,17.15999984741211,17.15999984741211,16.850000381469727,17.09000015258789,12.082145690917969,1135000
2016-10-26,PTC,16.93000030517578,17.31999969482422,16.93000030517578,16.959999084472656,11.990239143371582,679500
2016-10-27,PTC,16.950000762939453,17.020000457763672,16.579999923706055,16.649999618530273,11.771079063415527,2165000
2016-10-28,PTC,16.559999465942383,16.809999465942383,16.399999618530273,16.6200008392334,11.749869346618652,1588000
2016-10-31,PTC,16.5,16.799999237060547,16.25,16.420000076293945,11.608474731445312,1695500
2016-11-01,PTC,16.450000762939453,17.420000076293945,16.350000381469727,17.34000015258789,12.258889198303223,3765000
2016-11-02,PTC,17.5,18.25,17.34000015258789,17.790000915527344,12.5770263671875,4205000
2016-11-03,PTC,17.809999465942383,18.0,17.6299991607666,17.790000915527344,12.5770263671875,1000500
2016-11-04,PTC,17.729999542236328,17.850000381469727,17.579999923706055,17.65999984741211,12.485119819641113,433500
2016-11-07,PTC,17.690000534057617,17.989999771118164,17.6200008392334,17.809999465942383,12.591165542602539,677000
2016-11-08,PTC,17.889999389648438,18.09000015258789,17.450000762939453,17.579999923706055,12.428561210632324,19817500
2016-11-09,PTC,17.579999923706055,17.579999923706055,17.579999923706055,17.579999923706055,12.428561210632324,0
2016-11-10,PTC,18.219999313354492,18.299999237060547,17.799999237060547,17.8799991607666,12.640652656555176,2917500
2016-11-11,PTC,17.899999618530273,18.25,17.700000762939453,18.170000076293945,12.845675468444824,9913500
2016-11-14,PTC,18.200000762939453,18.510000228881836,18.0,18.06999969482422,12.774978637695312,8082500
2016-11-15,PTC,18.06999969482422,18.309999465942383,17.899999618530273,18.139999389648438,12.82446575164795,2868000
2016-11-16,PTC,18.139999389648438,18.5,18.139999389648438,18.3799991607666,12.994138717651367,5502000
2016-11-17,PTC,18.389999389648438,18.5,18.1200008392334,18.15999984741211,12.838604927062988,5611000
2016-11-18,PTC,18.200000762939453,18.239999771118164,17.799999237060547,17.889999389648438,12.647722244262695,4960000
2016-11-21,PTC,17.850000381469727,17.989999771118164,17.75,17.940000534057617,12.683072090148926,1159000
2016-11-22,PTC,17.940000534057617,18.290000915527344,17.940000534057617,17.989999771118164,12.71842098236084,3441500
2016-11-23,PTC,18.030000686645508,18.219999313354492,17.899999618530273,17.989999771118164,12.71842098236084,4267000
2016-11-24,PTC,18.100000381469727,18.100000381469727,17.850000381469727,17.889999389648438,12.647722244262695,1596500
2016-11-25,PTC,17.950000762939453,18.100000381469727,17.84000015258789,17.920000076293945,12.668932914733887,2241000
2016-11-28,PTC,17.950000762939453,18.290000915527344,17.950000762939453,18.049999237060547,12.76083755493164,2303500
2016-11-29,PTC,18.110000610351562,18.149999618530273,17.65999984741211,17.709999084472656,12.520467758178711,4438000
2016-11-30,PTC,17.350000381469727,17.799999237060547,17.350000381469727,17.799999237060547,12.58409595489502,6707500
2016-12-01,PTC,17.530000686645508,17.719999313354492,17.40999984741211,17.479999542236328,12.357865333557129,2767500
2016-12-02,PTC,17.40999984741211,17.610000610351562,17.389999389648438,17.459999084472656,12.343725204467773,3373000
2016-12-05,PTC,17.43000030517578,18.0,17.43000030517578,17.68000030517578,12.499258995056152,6974500
2016-12-06,PTC,17.75,17.799999237060547,17.600000381469727,17.719999313354492,12.52753734588623,1799000
2016-12-07,PTC,17.649999618530273,17.860000610351562,17.6200008392334,17.709999084472656,12.520467758178711,1408000
2016-12-08,PTC,17.799999237060547,17.799999237060547,17.520000457763672,17.600000381469727,12.442702293395996,1087000
2016-12-09,PTC,17.700000762939453,17.989999771118164,17.649999618530273,17.790000915527344,12.5770263671875,3261500
2016-12-12,PTC,17.790000915527344,17.790000915527344,17.790000915527344,17.790000915527344,12.5770263671875,0
2016-12-13,PTC,17.809999465942383,17.979999542236328,17.579999923706055,17.670000076293945,12.492189407348633,3288000
2016-12-14,PTC,17.780000686645508,17.790000915527344,17.450000762939453,17.610000610351562,12.449771881103516,2065000
2016-12-15,PTC,17.520000457763672,17.6299991607666,17.399999618530273,17.459999084472656,12.343725204467773,2744500
2016-12-16,PTC,17.5,17.950000762939453,17.450000762939453,17.84000015258789,12.612374305725098,3733500
2016-12-19,PTC,17.65999984741211,17.989999771118164,17.639999389648438,17.770000457763672,12.562887191772461,1749000
2016-12-20,PTC,17.799999237060547,17.850000381469727,17.600000381469727,17.719999313354492,12.52753734588623,1547000
2016-12-21,PTC,17.75,17.899999618530273,17.450000762939453,17.600000381469727,12.442702293395996,4029500
2016-12-22,PTC,17.65999984741211,17.68000030517578,17.399999618530273,17.420000076293945,12.315447807312012,1487500
2016-12-23,PTC,17.399999618530273,17.450000762939453,17.15999984741211,17.299999237060547,12.230608940124512,766000
2016-12-26,PTC,17.5,17.5,17.209999084472656,17.309999465942383,12.237680435180664,646500
2016-12-27,PTC,17.260000228881836,17.299999237060547,17.0,17.040000915527344,12.046796798706055,2231500
2016-12-28,PTC,17.100000381469727,17.3700008392334,17.010000228881836,17.110000610351562,12.096285820007324,1287500
2016-12-29,PTC,17.25,17.360000610351562,17.110000610351562,17.219999313354492,12.174052238464355,1058500
2016-12-30,PTC,17.190000534057617,17.450000762939453,17.049999237060547,17.18000030517578,12.145774841308594,3444500
2017-01-02,PTC,17.219999313354492,17.75,17.219999313354492,17.68000030517578,12.499258995056152,2335500
2017-01-03,PTC,17.719999313354492,18.299999237060547,17.5,18.110000610351562,12.80325698852539,7475000
2017-01-04,PTC,18.149999618530273,18.760000228881836,18.149999618530273,18.270000457763672,12.916372299194336,14112500
2017-01-05,PTC,18.299999237060547,18.8700008392334,18.299999237060547,18.600000381469727,13.149674415588379,6859000
2017-01-06,PTC,18.5,18.959999084472656,18.479999542236328,18.670000076293945,13.1991605758667,3614500
2017-01-09,PTC,18.700000762939453,18.950000762939453,18.5,18.6200008392334,13.163813591003418,2987000
2017-01-10,PTC,18.649999618530273,18.850000381469727,18.450000762939453,18.5,13.07897663116455,1122500
2017-01-11,PTC,18.5,18.860000610351562,18.489999771118164,18.790000915527344,13.283998489379883,3892000
2017-01-12,PTC,18.790000915527344,18.979999542236328,18.489999771118164,18.510000228881836,13.08604621887207,4007000
2017-01-13,PTC,18.549999237060547,18.75,18.459999084472656,18.709999084472656,13.227439880371094,1648000
2017-01-16,PTC,18.610000610351562,18.75,18.100000381469727,18.190000534057617,12.859816551208496,2766000
2017-01-17,PTC,18.200000762939453,18.309999465942383,17.899999618530273,18.200000762939453,12.8668851852417,2586000
2017-01-18,PTC,18.290000915527344,18.489999771118164,18.100000381469727,18.31999969482422,12.951720237731934,1197500
2017-01-19,PTC,18.350000381469727,19.239999771118164,18.350000381469727,19.0,13.432462692260742,7765500
2017-01-20,PTC,19.100000381469727,19.459999084472656,18.75,19.389999389648438,13.708181381225586,5967500
2017-01-23,PTC,19.450000762939453,19.6299991607666,19.200000762939453,19.40999984741211,13.722321510314941,3777000
2017-01-24,PTC,19.399999618530273,19.510000228881836,19.110000610351562,19.200000762939453,13.573856353759766,2512500
2017-01-25,PTC,19.299999237060547,19.3799991607666,19.020000457763672,19.09000015258789,13.496089935302734,1397500
2017-01-26,PTC,19.049999237060547,19.190000534057617,18.770000457763672,18.90999984741211,13.36883544921875,1532500
2017-01-27,PTC,18.979999542236328,19.690000534057617,18.979999542236328,19.450000762939453,13.75059986114502,14405500
2017-01-30,PTC,19.5,19.5,18.510000228881836,18.790000915527344,13.283998489379883,2871000
2017-01-31,PTC,18.899999618530273,19.09000015258789,18.5,18.530000686645508,13.10018539428711,2843000
2017-02-01,PTC,18.649999618530273,18.950000762939453,18.649999618530273,18.790000915527344,13.283998489379883,1137500
2017-02-02,PTC,18.809999465942383,19.3799991607666,18.809999465942383,19.229999542236328,13.59506607055664,3021500
2017-02-03,PTC,19.200000762939453,19.200000762939453,18.719999313354492,18.790000915527344,13.283998489379883,1341500
2017-02-06,PTC,18.799999237060547,18.950000762939453,18.709999084472656,18.770000457763672,13.269858360290527,656000
2017-02-07,PTC,18.760000228881836,19.299999237060547,18.739999771118164,19.200000762939453,13.573856353759766,2481500
2017-02-08,PTC,19.200000762939453,19.389999389648438,18.200000762939453,18.40999984741211,13.015348434448242,10179500
2017-02-09,PTC,18.200000762939453,18.34000015258789,17.899999618530273,18.059999465942383,12.76790714263916,19109500
2017-02-10,PTC,18.06999969482422,18.200000762939453,17.899999618530273,17.93000030517578,12.676002502441406,1106000
2017-02-13,PTC,17.989999771118164,18.06999969482422,17.770000457763672,17.81999969482422,12.598236083984375,1271500
2017-02-14,PTC,17.860000610351562,17.899999618530273,17.600000381469727,17.690000534057617,12.506328582763672,1045000
2017-02-15,PTC,17.889999389648438,17.889999389648438,17.100000381469727,17.270000457763672,12.209402084350586,2568500
2017-02-16,PTC,17.389999389648438,17.450000762939453,17.299999237060547,17.360000610351562,12.273029327392578,651000
2017-02-17,PTC,17.350000381469727,17.600000381469727,17.280000686645508,17.450000762939453,12.336655616760254,3595000
2017-02-20,PTC,17.440000534057617,17.549999237060547,17.25,17.290000915527344,12.223541259765625,2272000
2017-02-21,PTC,17.309999465942383,17.649999618530273,17.200000762939453,17.3700008392334,12.280098915100098,949500
2017-02-22,PTC,17.450000762939453,17.5,17.260000228881836,17.3799991607666,12.287166595458984,548000
2017-02-23,PTC,17.25,17.299999237060547,16.889999389648438,16.920000076293945,11.961960792541504,1844000
2017-02-24,PTC,17.0,17.030000686645508,16.709999084472656,16.8799991607666,11.93368148803711,1323000
2017-02-27,PTC,16.899999618530273,16.989999771118164,16.700000762939453,16.799999237060547,11.877124786376953,663000
2017-02-28,PTC,16.799999237060547,16.899999618530273,16.700000762939453,16.790000915527344,11.870055198669434,412500
2017-03-01,PTC,16.850000381469727,16.969999313354492,16.809999465942383,16.90999984741211,11.954890251159668,249000
2017-03-02,PTC,16.950000762939453,17.18000030517578,16.920000076293945,17.020000457763672,12.032659530639648,2822500
2017-03-03,PTC,17.100000381469727,17.200000762939453,16.75,16.799999237060547,11.877124786376953,2505000
2017-03-06,PTC,16.8700008392334,17.0,16.809999465942383,16.860000610351562,11.91954231262207,568500
2017-03-07,PTC,16.950000762939453,16.950000762939453,16.75,16.809999465942383,11.884194374084473,299000
2017-03-08,PTC,16.860000610351562,16.940000534057617,16.850000381469727,16.8700008392334,11.926612854003906,191000
2017-03-09,PTC,16.940000534057617,16.940000534057617,16.450000762939453,16.530000686645508,11.68624210357666,2345000
2017-03-10,PTC,16.5,16.729999542236328,16.299999237060547,16.530000686645508,11.68624210357666,1170000
2017-03-13,PTC,16.639999389648438,16.75,16.5,16.579999923706055,11.721590042114258,488000
2017-03-14,PTC,16.549999237060547,16.549999237060547,16.31999969482422,16.43000030517578,11.615544319152832,453000
2017-03-15,PTC,16.5,16.5,16.399999618530273,16.399999618530273,11.594335556030273,76000
2017-03-16,PTC,16.350000381469727,16.760000228881836,16.299999237060547,16.670000076293945,11.78521728515625,462000
2017-03-17,PTC,16.549999237060547,17.0,16.530000686645508,16.889999389648438,11.940752029418945,731000
2017-03-20,PTC,16.850000381469727,16.950000762939453,16.549999237060547,16.709999084472656,11.813495635986328,172500
2017-03-21,PTC,16.649999618530273,16.860000610351562,16.540000915527344,16.729999542236328,11.827635765075684,212000
2017-03-22,PTC,16.739999771118164,17.0,16.700000762939453,16.850000381469727,11.912473678588867,457000
2017-03-23,PTC,16.850000381469727,16.850000381469727,16.850000381469727,16.850000381469727,11.912473678588867,0
2017-03-24,PTC,16.8700008392334,16.950000762939453,16.850000381469727,16.8799991607666,11.93368148803711,219500
2017-03-27,PTC,16.899999618530273,16.899999618530273,16.6200008392334,16.6299991607666,11.756937980651855,133500
2017-03-28,PTC,16.649999618530273,16.75,16.520000457763672,16.540000915527344,11.69331169128418,201500
2017-03-29,PTC,16.600000381469727,16.780000686645508,16.40999984741211,16.489999771118164,11.657963752746582,420500
2017-03-30,PTC,16.520000457763672,16.540000915527344,16.25,16.360000610351562,11.566058158874512,275500
2017-03-31,PTC,16.350000381469727,16.350000381469727,16.049999237060547,16.170000076293945,11.431732177734375,398000
2017-04-03,PTC,16.299999237060547,16.43000030517578,16.18000030517578,16.40999984741211,11.60140609741211,268500
2017-04-04,PTC,16.450000762939453,16.450000762939453,16.170000076293945,16.190000534057617,11.44587230682373,168500
2017-04-05,PTC,16.190000534057617,16.190000534057617,16.190000534057617,16.190000534057617,11.44587230682373,0
2017-04-06,PTC,16.0,16.34000015258789,15.899999618530273,15.9399995803833,11.26912784576416,205500
2017-04-07,PTC,15.899999618530273,16.239999771118164,15.899999618530273,16.15999984741211,11.424662590026855,260000
2017-04-10,PTC,16.200000762939453,16.209999084472656,15.949999809265137,16.0,11.31154727935791,651500
2017-04-11,PTC,16.09000015258789,16.139999389648438,15.949999809265137,16.059999465942383,11.353963851928711,389500
2017-04-12,PTC,16.100000381469727,16.200000762939453,16.020000457763672,16.049999237060547,11.346895217895508,290500
2017-04-13,PTC,16.0,16.25,15.800000190734863,15.859999656677246,11.212570190429688,952500
2017-04-14,PTC,15.899999618530273,15.930000305175781,15.819999694824219,15.859999656677246,11.212570190429688,114000
2017-04-17,PTC,16.0,16.3799991607666,15.800000190734863,15.84000015258789,11.198431968688965,2091000
2017-04-18,PTC,15.979999542236328,15.989999771118164,15.479999542236328,15.680000305175781,11.08531665802002,2664500
2017-04-19,PTC,15.550000190734863,16.25,15.25,16.1200008392334,11.396384239196777,1519500
2017-04-20,PTC,16.139999389648438,16.479999542236328,15.869999885559082,16.139999389648438,11.410521507263184,691000
2017-04-21,PTC,16.110000610351562,17.010000228881836,16.110000610351562,16.760000228881836,11.848846435546875,3249000
2017-04-24,PTC,16.799999237060547,16.899999618530273,16.5,16.65999984741211,11.77814769744873,1110000
2017-04-25,PTC,16.65999984741211,16.799999237060547,16.399999618530273,16.450000762939453,11.629685401916504,971500
2017-04-26,PTC,16.5,16.549999237060547,16.25,16.299999237060547,11.523637771606445,779000
2017-04-27,PTC,16.3700008392334,16.3799991607666,16.100000381469727,16.149999618530273,11.417593002319336,725500
2017-04-28,PTC,16.149999618530273,16.299999237060547,16.010000228881836,16.09000015258789,11.375174522399902,427500
2017-05-01,PTC,16.09000015258789,16.09000015258789,16.09000015258789,16.09000015258789,11.375174522399902,0
2017-05-02,PTC,16.049999237060547,16.18000030517578,15.619999885559082,15.699999809265137,11.099455833435059,1052000
2017-05-03,PTC,15.739999771118164,15.75,15.25,15.300000190734863,10.816667556762695,2145000
2017-05-04,PTC,15.489999771118164,15.609999656677246,15.399999618530273,15.59000015258789,11.021688461303711,376500
2017-05-05,PTC,15.59000015258789,15.710000038146973,15.550000190734863,15.65999984741211,11.071176528930664,452500
2017-05-08,PTC,15.699999809265137,15.800000190734863,15.550000190734863,15.710000038146973,11.106525421142578,459500
2017-05-09,PTC,15.800000190734863,16.0,15.510000228881836,15.670000076293945,11.0782470703125,1173500
2017-05-10,PTC,15.649999618530273,15.949999809265137,15.649999618530273,15.880000114440918,11.22671127319336,323500
2017-05-11,PTC,15.899999618530273,16.5,15.819999694824219,16.18000030517578,11.438800811767578,9561500
2017-05-12,PTC,16.149999618530273,16.25,16.049999237060547,16.15999984741211,11.424662590026855,451000
2017-05-15,PTC,16.25,16.5,16.25,16.399999618530273,11.594335556030273,1475000
2017-05-16,PTC,16.399999618530273,16.399999618530273,16.1200008392334,16.260000228881836,11.495360374450684,1423000
2017-05-17,PTC,16.299999237060547,16.3799991607666,16.1200008392334,16.229999542236328,11.474149703979492,701500
2017-05-18,PTC,16.299999237060547,16.3700008392334,16.049999237060547,16.170000076293945,11.431732177734375,602000
2017-05-19,PTC,16.209999084472656,16.299999237060547,16.149999618530273,16.15999984741211,11.424662590026855,109000
2017-05-22,PTC,16.200000762939453,16.299999237060547,16.149999618530273,16.149999618530273,11.417593002319336,109500
2017-05-23,PTC,16.170000076293945,16.299999237060547,16.15999984741211,16.200000762939453,11.45294189453125,486500
2017-05-24,PTC,16.149999618530273,16.299999237060547,16.149999618530273,16.15999984741211,11.424662590026855,955000
2017-05-25,PTC,16.110000610351562,16.68000030517578,16.010000228881836,16.219999313354492,11.467080116271973,1636000
2017-05-26,PTC,16.149999618530273,16.290000915527344,16.0,16.100000381469727,11.382244110107422,622000
2017-05-29,PTC,16.110000610351562,16.25,16.059999465942383,16.110000610351562,11.389314651489258,612000
2017-05-30,PTC,16.149999618530273,16.149999618530273,15.899999618530273,15.979999542236328,11.297407150268555,318000
2017-05-31,PTC,16.0,16.030000686645508,15.210000038146973,15.470000267028809,10.93685245513916,3289000
2017-06-01,PTC,15.510000228881836,15.800000190734863,14.75,14.989999771118164,10.597505569458008,2254000
2017-06-02,PTC,14.989999771118164,15.789999961853027,14.90999984741211,15.520000457763672,10.972201347351074,899500
2017-06-05,PTC,15.539999961853027,15.800000190734863,15.5,15.770000457763672,11.148942947387695,187000
2017-06-06,PTC,15.5600004196167,15.649999618530273,15.479999542236328,15.59000015258789,11.021688461303711,191000
2017-06-07,PTC,15.649999618530273,15.75,15.600000381469727,15.6899995803833,11.092385292053223,267500
2017-06-08,PTC,15.649999618530273,15.890000343322754,15.649999618530273,15.729999542236328,11.120664596557617,214000
2017-06-09,PTC,15.699999809265137,15.699999809265137,15.350000381469727,15.460000038146973,10.92978286743164,165500
2017-06-12,PTC,15.539999961853027,15.539999961853027,14.699999809265137,14.829999923706055,10.484389305114746,1492500
2017-06-13,PTC,15.100000381469727,15.25,14.899999618530273,15.220000267028809,10.760108947753906,1262000
2017-06-14,PTC,15.210000038146973,15.5,15.0,15.109999656677246,10.682342529296875,1092500
2017-06-15,PTC,15.149999618530273,15.489999771118164,15.029999732971191,15.100000381469727,10.675272941589355,1556500
2017-06-16,PTC,15.199999809265137,15.350000381469727,14.75,14.880000114440918,10.51973819732666,990000
2017-06-19,PTC,14.899999618530273,15.100000381469727,14.899999618530273,15.010000228881836,10.611645698547363,894500
2017-06-20,PTC,15.100000381469727,15.149999618530273,14.800000190734863,14.8100004196167,10.47025203704834,1335500
2017-06-21,PTC,14.40999984741211,15.0,14.25,14.960000038146973,10.57629680633545,3901000
2017-06-22,PTC,14.960000038146973,15.140000343322754,14.899999618530273,15.100000381469727,10.675272941589355,357000
2017-06-23,PTC,15.100000381469727,15.100000381469727,15.100000381469727,15.100000381469727,10.675272941589355,0
2017-06-26,PTC,15.100000381469727,15.100000381469727,15.100000381469727,15.100000381469727,10.675272941589355,0
2017-06-27,PTC,15.100000381469727,15.100000381469727,15.100000381469727,15.100000381469727,10.675272941589355,0
2017-06-28,PTC,15.100000381469727,15.100000381469727,15.100000381469727,15.100000381469727,10.675272941589355,0
2017-06-29,PTC,15.199999809265137,15.899999618530273,14.949999809265137,15.65999984741211,11.071176528930664,3878500
2017-06-30,PTC,15.5,15.699999809265137,15.300000190734863,15.609999656677246,11.035826683044434,305000
2017-07-03,PTC,15.460000038146973,15.460000038146973,15.0,15.020000457763672,10.618715286254883,1384000
2017-07-04,PTC,14.399999618530273,14.5,14.100000381469727,14.40999984741211,10.91409969329834,1569500
2017-07-05,PTC,14.350000381469727,14.619999885559082,14.270000457763672,14.319999694824219,11.654728889465332,428500
2017-07-06,PTC,14.350000381469727,14.479999542236328,14.15999984741211,14.170000076293945,11.532647132873535,446500
2017-07-07,PTC,14.210000038146973,14.5,14.15999984741211,14.319999694824219,11.654728889465332,303000
2017-07-10,PTC,14.300000190734863,14.59000015258789,14.199999809265137,14.569999694824219,11.858198165893555,237500
2017-07-11,PTC,14.350000381469727,14.350000381469727,14.0,14.079999923706055,11.459397315979004,823500
2017-07-12,PTC,14.199999809265137,14.350000381469727,14.010000228881836,14.199999809265137,11.557063102722168,162000
2017-07-13,PTC,14.399999618530273,14.399999618530273,14.130000114440918,14.289999961853027,11.6303129196167,78000
2017-07-14,PTC,14.350000381469727,14.350000381469727,14.15999984741211,14.229999542236328,11.5814790725708,88000
2017-07-17,PTC,14.050000190734863,14.600000381469727,14.050000190734863,14.4399995803833,11.75239372253418,125000
2017-07-18,PTC,14.5,14.5600004196167,14.300000190734863,14.479999542236328,11.78494930267334,557000
2017-07-19,PTC,14.569999694824219,14.619999885559082,14.300000190734863,14.460000038146973,11.768671989440918,622000
2017-07-20,PTC,14.399999618530273,14.600000381469727,14.199999809265137,14.239999771118164,11.589618682861328,253000
2017-07-21,PTC,14.15999984741211,14.34000015258789,14.100000381469727,14.15999984741211,11.524507522583008,462000
2017-07-24,PTC,14.329999923706055,14.350000381469727,14.15999984741211,14.270000457763672,11.614035606384277,262500
2017-07-25,PTC,14.300000190734863,14.5,14.25,14.399999618530273,11.719839096069336,557500
2017-07-26,PTC,14.3100004196167,14.460000038146973,14.199999809265137,14.289999961853027,11.6303129196167,293500
2017-07-27,PTC,14.350000381469727,14.399999618530273,14.149999618530273,14.289999961853027,11.6303129196167,81500
2017-07-28,PTC,13.90999984741211,14.25,13.800000190734863,14.140000343322754,11.508232116699219,651500
2017-07-31,PTC,14.319999694824219,14.5,14.260000228881836,14.289999961853027,11.6303129196167,578000
2017-08-01,PTC,14.460000038146973,14.579999923706055,14.359999656677246,14.520000457763672,11.8175048828125,312500
2017-08-02,PTC,14.600000381469727,14.789999961853027,14.5,14.710000038146973,11.97214126586914,579500
2017-08-03,PTC,14.789999961853027,14.890000343322754,14.600000381469727,14.710000038146973,11.97214126586914,467000
2017-08-04,PTC,14.789999961853027,15.199999809265137,14.649999618530273,15.069999694824219,12.26513671875,1904000
2017-08-07,PTC,15.100000381469727,15.1899995803833,14.75,14.970000267028809,12.183749198913574,670000
2017-08-08,PTC,14.899999618530273,15.09000015258789,14.850000381469727,14.949999809265137,12.167470932006836,358500
2017-08-09,PTC,14.800000190734863,15.0,14.75,14.9399995803833,12.159332275390625,154500
2017-08-10,PTC,14.899999618530273,15.0,14.75,14.8100004196167,12.053529739379883,165000
2017-08-11,PTC,14.75,14.9399995803833,14.619999885559082,14.699999809265137,11.96400260925293,115000
2017-08-14,PTC,14.699999809265137,14.699999809265137,14.699999809265137,14.699999809265137,11.96400260925293,0
2017-08-15,PTC,14.720000267028809,14.75,14.0,14.140000343322754,11.508232116699219,397500
2017-08-16,PTC,14.010000228881836,14.539999961853027,14.010000228881836,14.5,11.801226615905762,1435500
2017-08-17,PTC,14.399999618530273,14.399999618530273,14.050000190734863,14.09000015258789,11.467537879943848,328500
2017-08-18,PTC,14.050000190734863,14.300000190734863,13.899999618530273,14.100000381469727,11.475675582885742,557000
2017-08-21,PTC,14.100000381469727,14.109999656677246,13.529999732971191,13.920000076293945,11.329176902770996,659500
2017-08-22,PTC,13.850000381469727,13.949999809265137,13.5600004196167,13.819999694824219,11.24778938293457,338000
2017-08-23,PTC,13.819999694824219,14.069999694824219,13.739999771118164,13.989999771118164,11.386149406433105,500000
2017-08-24,PTC,14.010000228881836,14.010000228881836,13.510000228881836,13.630000114440918,11.09315299987793,248000
2017-08-25,PTC,13.800000190734863,14.09000015258789,13.649999618530273,13.979999542236328,11.378009796142578,821000
2017-08-28,PTC,13.899999618530273,14.0,13.800000190734863,13.8100004196167,11.23965072631836,72000
2017-08-29,PTC,13.890000343322754,13.949999809265137,13.720000267028809,13.739999771118164,11.182680130004883,69000
2017-08-30,PTC,13.850000381469727,13.920000076293945,13.8100004196167,13.869999885559082,11.288482666015625,59500
2017-08-31,PTC,13.899999618530273,13.979999542236328,13.579999923706055,13.770000457763672,11.207096099853516,382000
2017-09-01,PTC,13.770000457763672,13.770000457763672,13.770000457763672,13.770000457763672,11.207096099853516,0
2017-09-04,PTC,13.770000457763672,13.770000457763672,13.770000457763672,13.770000457763672,11.207096099853516,0
2017-09-05,PTC,13.850000381469727,14.199999809265137,13.800000190734863,14.130000114440918,11.500091552734375,521500
2017-09-06,PTC,14.109999656677246,14.1899995803833,13.75,13.829999923706055,11.255928993225098,367500
2017-09-07,PTC,13.800000190734863,13.989999771118164,13.680000305175781,13.760000228881836,11.198957443237305,174500
2017-09-08,PTC,13.960000038146973,13.960000038146973,13.699999809265137,13.800000190734863,11.231513023376465,113000
2017-09-11,PTC,13.949999809265137,13.949999809265137,13.729999542236328,13.800000190734863,11.231513023376465,65500
2017-09-12,PTC,13.800000190734863,14.029999732971191,13.760000228881836,13.979999542236328,11.378009796142578,674000
2017-09-13,PTC,14.119999885559082,14.15999984741211,13.949999809265137,14.020000457763672,11.410565376281738,1755500
2017-09-14,PTC,14.100000381469727,14.350000381469727,14.0,14.100000381469727,11.475675582885742,1638000
2017-09-15,PTC,14.0600004196167,14.149999618530273,13.520000457763672,13.8100004196167,11.23965072631836,3026500
2017-09-18,PTC,13.880000114440918,14.34000015258789,13.880000114440918,14.0600004196167,11.443120956420898,3179000
2017-09-19,PTC,14.020000457763672,14.460000038146973,14.020000457763672,14.09000015258789,11.467537879943848,838000
2017-09-20,PTC,14.09000015258789,14.199999809265137,14.029999732971191,14.170000076293945,11.532647132873535,187000
2017-09-21,PTC,14.069999694824219,14.390000343322754,14.069999694824219,14.119999885559082,11.491952896118164,178000
2017-09-22,PTC,14.119999885559082,14.199999809265137,14.100000381469727,14.140000343322754,11.508232116699219,29000
2017-09-25,PTC,14.100000381469727,14.25,14.020000457763672,14.0600004196167,11.443120956420898,59500
2017-09-26,PTC,14.0600004196167,14.25,13.800000190734863,13.930000305175781,11.337316513061523,899000
2017-09-27,PTC,13.930000305175781,14.390000343322754,13.819999694824219,14.140000343322754,11.508232116699219,704000
2017-09-28,PTC,14.100000381469727,15.100000381469727,14.029999732971191,14.670000076293945,11.939586639404297,2930000
2017-09-29,PTC,14.5,14.989999771118164,14.329999923706055,14.729999542236328,11.988417625427246,1243000
2017-10-02,PTC,14.579999923706055,14.579999923706055,14.350000381469727,14.399999618530273,11.719839096069336,383500
2017-10-03,PTC,14.34000015258789,14.479999542236328,14.050000190734863,14.100000381469727,11.475675582885742,430000
2017-10-04,PTC,14.069999694824219,14.1899995803833,13.699999809265137,13.8100004196167,11.23965072631836,1480000
2017-10-05,PTC,14.09000015258789,14.09000015258789,13.6899995803833,13.720000267028809,11.166401863098145,480500
2017-10-06,PTC,13.850000381469727,14.079999923706055,13.84000015258789,14.0,11.394288063049316,736500
2017-10-09,PTC,13.90999984741211,14.0,13.760000228881836,13.84000015258789,11.264067649841309,134500
2017-10-10,PTC,13.899999618530273,13.899999618530273,13.670000076293945,13.710000038146973,11.158263206481934,566500
2017-10-11,PTC,13.970000267028809,13.970000267028809,13.640000343322754,13.800000190734863,11.231513023376465,148500
2017-10-12,PTC,13.800000190734863,13.800000190734863,13.510000228881836,13.760000228881836,11.198957443237305,280500
2017-10-13,PTC,13.579999923706055,13.75,13.399999618530273,13.5600004196167,11.036182403564453,590500
2017-10-16,PTC,13.75,14.239999771118164,13.609999656677246,14.020000457763672,11.410565376281738,842000
2017-10-17,PTC,13.960000038146973,14.050000190734863,13.800000190734863,13.829999923706055,11.255928993225098,128000
2017-10-18,PTC,13.800000190734863,13.800000190734863,13.319999694824219,13.600000381469727,11.068737030029297,3866500
2017-10-19,PTC,13.600000381469727,13.9399995803833,13.5,13.84000015258789,11.264067649841309,272500
2017-10-20,PTC,13.850000381469727,13.850000381469727,13.600000381469727,13.760000228881836,11.198957443237305,183000
2017-10-23,PTC,13.880000114440918,13.880000114440918,13.600000381469727,13.699999809265137,11.150124549865723,55500
2017-10-24,PTC,13.6899995803833,13.6899995803833,13.460000038146973,13.550000190734863,11.028042793273926,154500
2017-10-25,PTC,13.5600004196167,13.779999732971191,13.5600004196167,13.6899995803833,11.141985893249512,77500
2017-10-26,PTC,13.699999809265137,13.770000457763672,13.5,13.75,11.190818786621094,244000
2017-10-27,PTC,13.699999809265137,13.75,13.5,13.600000381469727,11.068737030029297,262000
2017-10-30,PTC,13.800000190734863,13.800000190734863,13.399999618530273,13.420000076293945,10.92223834991455,104000
2017-10-31,PTC,13.359999656677246,13.4399995803833,13.119999885559082,13.199999809265137,10.743185043334961,89000
2017-11-01,PTC,13.399999618530273,13.6899995803833,13.300000190734863,13.420000076293945,10.92223834991455,126000
2017-11-02,PTC,13.390000343322754,13.75,13.319999694824219,13.399999618530273,10.905961036682129,427000
2017-11-03,PTC,13.199999809265137,13.399999618530273,13.140000343322754,13.25,10.783879280090332,2974000
2017-11-06,PTC,13.25,13.25,12.989999771118164,13.020000457763672,10.596688270568848,5576000
2017-11-07,PTC,13.100000381469727,13.149999618530273,12.899999618530273,12.960000038146973,10.547855377197266,153000
2017-11-08,PTC,13.0,13.010000228881836,12.949999809265137,13.0,10.58041000366211,147500
2017-11-09,PTC,13.050000190734863,13.100000381469727,12.949999809265137,12.989999771118164,10.572271347045898,482000
2017-11-10,PTC,13.0,13.0,12.949999809265137,12.979999542236328,10.564132690429688,164000
2017-11-13,PTC,12.850000381469727,13.050000190734863,12.800000190734863,12.84000015258789,10.450189590454102,267500
2017-11-14,PTC,12.960000038146973,12.989999771118164,12.600000381469727,12.75,10.37693977355957,7363000
2017-11-15,PTC,12.699999809265137,13.0,12.649999618530273,12.720000267028809,10.352524757385254,2449500
2017-11-16,PTC,12.84000015258789,12.899999618530273,12.75,12.789999961853027,10.409496307373047,291500
2017-11-17,PTC,12.850000381469727,12.9399995803833,12.649999618530273,12.720000267028809,10.352524757385254,283500
2017-11-20,PTC,12.720000267028809,12.800000190734863,12.619999885559082,12.630000114440918,10.279275894165039,149000
2017-11-21,PTC,12.649999618530273,12.699999809265137,12.550000190734863,12.619999885559082,10.271136283874512,227000
2017-11-22,PTC,12.600000381469727,12.649999618530273,12.520000457763672,12.5600004196167,10.222304344177246,140000
2017-11-23,PTC,12.680000305175781,12.739999771118164,12.59000015258789,12.710000038146973,10.344386100769043,180000
2017-11-24,PTC,12.579999923706055,12.949999809265137,12.550000190734863,12.569999694824219,10.23044204711914,311500
2017-11-27,PTC,12.510000228881836,12.649999618530273,12.5,12.529999732971191,10.197887420654297,52500
2017-11-28,PTC,12.600000381469727,12.699999809265137,12.5,12.520000457763672,10.189748764038086,64500
2017-11-29,PTC,12.630000114440918,12.630000114440918,12.510000228881836,12.550000190734863,10.214165687561035,143000
2017-11-30,PTC,12.600000381469727,12.779999732971191,12.600000381469727,12.600000381469727,10.25485897064209,95000
2017-12-01,PTC,12.600000381469727,12.600000381469727,12.600000381469727,12.600000381469727,10.25485897064209,0
2017-12-04,PTC,12.600000381469727,12.6899995803833,12.5600004196167,12.600000381469727,10.25485897064209,155500
2017-12-05,PTC,12.600000381469727,12.699999809265137,12.510000228881836,12.539999961853027,10.206026077270508,190000
2017-12-06,PTC,12.539999961853027,12.539999961853027,12.539999961853027,12.539999961853027,10.206026077270508,0
2017-12-07,PTC,12.649999618530273,12.670000076293945,12.300000190734863,12.359999656677246,10.059528350830078,239500
2017-12-08,PTC,12.300000190734863,12.510000228881836,12.199999809265137,12.3100004196167,10.018835067749023,1043500
2017-12-11,PTC,12.449999809265137,12.5,11.859999656677246,11.979999542236328,9.750253677368164,349500
2017-12-12,PTC,12.100000381469727,12.100000381469727,11.850000381469727,12.0,9.766532897949219,163500
2017-12-13,PTC,12.220000267028809,12.220000267028809,11.960000038146973,12.0,9.766532897949219,229500
2017-12-14,PTC,11.850000381469727,12.0,11.829999923706055,11.920000076293945,9.701422691345215,39500
2017-12-15,PTC,12.25,12.850000381469727,11.899999618530273,12.260000228881836,9.978141784667969,363000
2017-12-18,PTC,12.050000190734863,12.050000190734863,11.899999618530273,11.920000076293945,9.701422691345215,238500
2017-12-19,PTC,11.859999656677246,11.899999618530273,11.800000190734863,11.800000190734863,9.60375690460205,48500
2017-12-20,PTC,11.869999885559082,11.880000114440918,11.800000190734863,11.800000190734863,9.60375690460205,73500
2017-12-21,PTC,11.8100004196167,12.25,11.600000381469727,11.920000076293945,9.701422691345215,676500
2017-12-22,PTC,12.0,12.600000381469727,12.0,12.569999694824219,10.23044204711914,621000
2017-12-25,PTC,12.569999694824219,12.569999694824219,12.569999694824219,12.569999694824219,10.23044204711914,0
2017-12-26,PTC,12.5,12.5600004196167,12.300000190734863,12.34000015258789,10.043251037597656,159000
2017-12-27,PTC,12.5,12.550000190734863,12.199999809265137,12.390000343322754,10.083944320678711,395500
2017-12-28,PTC,12.649999618530273,12.649999618530273,12.270000457763672,12.300000190734863,10.010696411132812,157500
2017-12-29,PTC,12.300000190734863,13.300000190734863,12.149999618530273,13.050000190734863,10.621103286743164,25362000
2018-01-01,PTC,13.020000457763672,13.5,12.770000457763672,13.34000015258789,10.857128143310547,1047000
2018-01-02,PTC,13.100000381469727,13.5,13.0,13.210000038146973,10.751323699951172,4448000
2018-01-03,PTC,13.119999885559082,13.449999809265137,13.050000190734863,13.119999885559082,10.678075790405273,2533500
2018-01-04,PTC,13.109999656677246,13.90999984741211,13.100000381469727,13.739999771118164,11.182680130004883,11353500
2018-01-05,PTC,13.75,13.760000228881836,13.3100004196167,13.5,10.987348556518555,4170500
2018-01-08,PTC,13.779999732971191,13.800000190734863,13.430000305175781,13.489999771118164,10.979209899902344,948500
2018-01-09,PTC,13.420000076293945,13.420000076293945,13.100000381469727,13.199999809265137,10.743185043334961,611500
2018-01-10,PTC,13.25,13.699999809265137,13.239999771118164,13.579999923706055,11.052459716796875,2205000
2018-01-11,PTC,13.6899995803833,13.949999809265137,13.550000190734863,13.800000190734863,11.231513023376465,7814000
2018-01-12,PTC,13.640000343322754,13.699999809265137,13.3100004196167,13.350000381469727,10.865267753601074,449500
2018-01-15,PTC,13.289999961853027,13.600000381469727,13.0,13.050000190734863,10.621103286743164,729000
2018-01-16,PTC,13.239999771118164,13.4399995803833,12.8100004196167,13.069999694824219,10.637381553649902,552500
2018-01-17,PTC,13.109999656677246,13.25,13.050000190734863,13.149999618530273,10.70249080657959,198500
2018-01-18,PTC,13.300000190734863,13.4399995803833,13.140000343322754,13.210000038146973,10.751323699951172,299000
2018-01-19,PTC,13.229999542236328,13.289999961853027,13.100000381469727,13.119999885559082,10.678075790405273,409500
2018-01-22,PTC,13.329999923706055,13.399999618530273,13.15999984741211,13.34000015258789,10.857128143310547,472000
2018-01-23,PTC,13.380000114440918,13.380000114440918,13.1899995803833,13.319999694824219,10.840851783752441,346500
2018-01-24,PTC,13.319999694824219,13.59000015258789,13.3100004196167,13.380000114440918,10.889683723449707,571000
2018-01-25,PTC,13.449999809265137,13.59000015258789,13.319999694824219,13.420000076293945,10.92223834991455,206000
2018-01-26,PTC,13.420000076293945,13.550000190734863,13.359999656677246,13.430000305175781,10.930377960205078,202000
2018-01-29,PTC,13.430000305175781,13.640000343322754,13.350000381469727,13.449999809265137,10.9466552734375,414500
2018-01-30,PTC,13.600000381469727,13.850000381469727,13.399999618530273,13.640000343322754,11.101292610168457,966000
2018-01-31,PTC,13.800000190734863,14.100000381469727,13.779999732971191,13.869999885559082,11.288482666015625,2253500
2018-02-01,PTC,13.949999809265137,14.039999961853027,13.609999656677246,13.829999923706055,11.255928993225098,384500
2018-02-02,PTC,13.710000038146973,13.850000381469727,13.600000381469727,13.649999618530273,11.109430313110352,590000
2018-02-05,PTC,13.649999618530273,13.649999618530273,13.649999618530273,13.649999618530273,11.109430313110352,0
2018-02-06,PTC,13.5,13.569999694824219,13.319999694824219,13.399999618530273,10.905961036682129,865500
2018-02-07,PTC,13.550000190734863,13.670000076293945,13.430000305175781,13.569999694824219,11.044320106506348,473500
2018-02-08,PTC,13.510000228881836,13.59000015258789,13.390000343322754,13.420000076293945,10.92223834991455,556500
2018-02-09,PTC,13.359999656677246,13.460000038146973,13.289999961853027,13.40999984741211,10.91409969329834,342000
2018-02-12,PTC,13.420000076293945,13.449999809265137,13.3100004196167,13.350000381469727,10.865267753601074,506500
2018-02-13,PTC,13.350000381469727,13.350000381469727,13.350000381469727,13.350000381469727,10.865267753601074,0
2018-02-14,PTC,13.350000381469727,13.350000381469727,13.350000381469727,13.350000381469727,10.865267753601074,0
2018-02-15,PTC,12.539999961853027,12.949999809265137,12.34000015258789,12.539999961853027,10.206026077270508,15386000
2018-02-16,PTC,12.59000015258789,12.869999885559082,12.59000015258789,12.760000228881836,10.385079383850098,607000
2018-02-19,PTC,12.699999809265137,12.699999809265137,12.489999771118164,12.510000228881836,10.181610107421875,380000
2018-02-20,PTC,12.59000015258789,12.59000015258789,12.229999542236328,12.279999732971191,9.994417190551758,2001500
2018-02-21,PTC,12.399999618530273,12.600000381469727,12.399999618530273,12.510000228881836,10.181610107421875,1735500
2018-02-22,PTC,12.390000343322754,12.779999732971191,12.34000015258789,12.729999542236328,10.360662460327148,593500
2018-02-23,PTC,12.699999809265137,12.800000190734863,12.350000381469727,12.40999984741211,10.10022258758545,408500
2018-02-26,PTC,12.460000038146973,12.670000076293945,12.399999618530273,12.510000228881836,10.181610107421875,250000
2018-02-27,PTC,12.5,12.640000343322754,12.25,12.319999694824219,10.026972770690918,814500
2018-02-28,PTC,12.350000381469727,12.4399995803833,12.199999809265137,12.289999961853027,10.002556800842285,368500
2018-03-01,PTC,12.319999694824219,12.449999809265137,12.140000343322754,12.170000076293945,9.904891967773438,756500
2018-03-02,PTC,12.289999961853027,12.4399995803833,12.149999618530273,12.199999809265137,9.92930793762207,409500
2018-03-05,PTC,12.229999542236328,12.399999618530273,12.199999809265137,12.25,9.970002174377441,884000
2018-03-06,PTC,12.350000381469727,12.350000381469727,12.100000381469727,12.149999618530273,9.8886137008667,829500
2018-03-07,PTC,12.210000038146973,12.350000381469727,12.149999618530273,12.199999809265137,9.92930793762207,2649000
2018-03-08,PTC,12.15999984741211,12.770000457763672,12.15999984741211,12.300000190734863,10.010696411132812,5139500
2018-03-09,PTC,12.350000381469727,12.369999885559082,12.149999618530273,12.199999809265137,9.92930793762207,1640500
2018-03-12,PTC,12.15999984741211,12.350000381469727,12.15999984741211,12.289999961853027,10.002556800842285,407000
2018-03-13,PTC,12.350000381469727,12.350000381469727,12.1899995803833,12.229999542236328,9.953722953796387,349500
2018-03-14,PTC,12.34000015258789,12.420000076293945,12.220000267028809,12.359999656677246,10.059528350830078,773000
2018-03-15,PTC,12.460000038146973,12.5,12.399999618530273,12.399999618530273,10.092083930969238,1732000
2018-03-16,PTC,12.369999885559082,12.4399995803833,12.199999809265137,12.34000015258789,10.043251037597656,1857500
2018-03-19,PTC,12.319999694824219,12.449999809265137,12.279999732971191,12.3100004196167,10.018835067749023,68000
2018-03-20,PTC,12.359999656677246,12.600000381469727,12.359999656677246,12.479999542236328,10.157193183898926,370500
2018-03-21,PTC,12.40999984741211,12.5,12.350000381469727,12.390000343322754,10.083944320678711,163000
2018-03-22,PTC,12.5,12.5,12.319999694824219,12.369999885559082,10.067667007446289,122500
2018-03-23,PTC,12.369999885559082,12.369999885559082,12.369999885559082,12.369999885559082,10.067667007446289,0
2018-03-26,PTC,12.350000381469727,12.649999618530273,12.300000190734863,12.399999618530273,10.092083930969238,326500
2018-03-27,PTC,12.319999694824219,12.449999809265137,12.300000190734863,12.40999984741211,10.10022258758545,412000
2018-03-28,PTC,12.399999618530273,12.5,12.350000381469727,12.350000381469727,10.051390647888184,524000
2018-03-29,PTC,12.350000381469727,12.479999542236328,12.329999923706055,12.390000343322754,10.083944320678711,208500
2018-03-30,PTC,12.359999656677246,12.5,12.279999732971191,12.350000381469727,10.051390647888184,788500
2018-04-02,PTC,12.359999656677246,12.449999809265137,12.300000190734863,12.359999656677246,10.059528350830078,268000
2018-04-03,PTC,12.5,12.5,12.300000190734863,12.34000015258789,10.043251037597656,201000
2018-04-04,PTC,12.5,12.800000190734863,12.300000190734863,12.619999885559082,10.271136283874512,2579500
2018-04-05,PTC,12.5600004196167,12.789999961853027,12.5600004196167,12.720000267028809,10.352524757385254,411500
2018-04-06,PTC,12.8100004196167,12.850000381469727,12.600000381469727,12.720000267028809,10.352524757385254,694500
2018-04-09,PTC,12.75,12.75,12.600000381469727,12.630000114440918,10.279275894165039,187000
2018-04-10,PTC,12.609999656677246,12.989999771118164,12.569999694824219,12.880000114440918,10.482745170593262,829000
2018-04-11,PTC,12.850000381469727,13.239999771118164,12.800000190734863,13.119999885559082,10.678075790405273,7459000
2018-04-12,PTC,13.260000228881836,13.380000114440918,12.699999809265137,12.770000457763672,10.393218994140625,5661000
2018-04-13,PTC,12.649999618530273,12.75,12.460000038146973,12.579999923706055,10.238581657409668,935500
2018-04-16,PTC,12.479999542236328,12.479999542236328,12.350000381469727,12.359999656677246,10.059528350830078,592000
2018-04-17,PTC,12.329999923706055,12.5,12.329999923706055,12.399999618530273,10.092083930969238,102500
2018-04-18,PTC,12.449999809265137,12.449999809265137,12.25,12.279999732971191,9.994417190551758,408000
2018-04-19,PTC,12.300000190734863,12.3100004196167,12.100000381469727,12.199999809265137,9.92930793762207,659000
2018-04-20,PTC,12.199999809265137,12.289999961853027,12.010000228881836,12.109999656677246,9.856059074401855,990500
2018-04-23,PTC,12.100000381469727,12.300000190734863,12.100000381469727,12.279999732971191,9.994417190551758,326000
2018-04-24,PTC,12.15999984741211,12.5,12.149999618530273,12.359999656677246,10.059528350830078,220500
2018-04-25,PTC,12.270000457763672,12.390000343322754,12.229999542236328,12.289999961853027,10.002556800842285,101500
2018-04-26,PTC,12.430000305175781,12.430000305175781,12.220000267028809,12.25,9.970002174377441,175500
2018-04-27,PTC,12.25,12.300000190734863,12.149999618530273,12.1899995803833,9.921168327331543,706500
2018-04-30,PTC,12.300000190734863,12.300000190734863,12.149999618530273,12.199999809265137,9.92930793762207,243000
2018-05-01,PTC,12.199999809265137,12.199999809265137,12.199999809265137,12.199999809265137,9.92930793762207,0
2018-05-02,PTC,12.380000114440918,12.380000114440918,12.149999618530273,12.1899995803833,9.921168327331543,207000
2018-05-03,PTC,12.130000114440918,12.239999771118164,12.029999732971191,12.0600004196167,9.8153657913208,430500
2018-05-04,PTC,12.09000015258789,12.1899995803833,12.0600004196167,12.15999984741211,9.896753311157227,265000
2018-05-07,PTC,12.15999984741211,12.210000038146973,12.039999961853027,12.119999885559082,9.864197731018066,268500
2018-05-08,PTC,12.039999961853027,12.100000381469727,12.0,12.010000228881836,9.77467155456543,814500
2018-05-09,PTC,12.010000228881836,12.079999923706055,11.829999923706055,11.9399995803833,9.717700004577637,637000
2018-05-10,PTC,11.920000076293945,12.100000381469727,11.90999984741211,12.039999961853027,9.799087524414062,112000
2018-05-11,PTC,12.010000228881836,12.100000381469727,11.899999618530273,11.90999984741211,9.693283081054688,537500
2018-05-14,PTC,11.8100004196167,11.949999809265137,11.699999809265137,11.789999961853027,9.59561824798584,601500
2018-05-15,PTC,11.949999809265137,11.949999809265137,11.600000381469727,11.819999694824219,9.620034217834473,548500
2018-05-16,PTC,11.949999809265137,11.949999809265137,11.800000190734863,11.8100004196167,9.611896514892578,72000
2018-05-17,PTC,11.75,11.75,11.619999885559082,11.6899995803833,9.514230728149414,94500
2018-05-18,PTC,11.800000190734863,11.800000190734863,11.520000457763672,11.539999961853027,9.392148971557617,246000
2018-05-21,PTC,11.649999618530273,11.729999542236328,11.59000015258789,11.649999618530273,9.481675148010254,483000
2018-05-22,PTC,11.630000114440918,11.850000381469727,11.630000114440918,11.729999542236328,9.546785354614258,634500
2018-05-23,PTC,11.800000190734863,11.979999542236328,11.800000190734863,11.90999984741211,9.693283081054688,171500
2018-05-24,PTC,11.949999809265137,11.949999809265137,11.75,11.75,9.56306266784668,76500
2018-05-25,PTC,11.800000190734863,11.880000114440918,11.59000015258789,11.609999656677246,9.449119567871094,346000
2018-05-28,PTC,11.550000190734863,11.6899995803833,11.510000228881836,11.65999984741211,9.489813804626465,105000
2018-05-29,PTC,11.579999923706055,11.699999809265137,11.579999923706055,11.630000114440918,9.465397834777832,90000
2018-05-30,PTC,11.630000114440918,11.699999809265137,11.5,11.529999732971191,9.384010314941406,206000
2018-05-31,PTC,11.550000190734863,11.989999771118164,11.5,11.899999618530273,9.685144424438477,820000
2018-06-01,PTC,11.800000190734863,11.850000381469727,11.800000190734863,11.850000381469727,9.644451141357422,23000
2018-06-04,PTC,11.979999542236328,11.979999542236328,11.670000076293945,11.770000457763672,9.579340934753418,58000
2018-06-05,PTC,11.75,11.90999984741211,11.75,11.819999694824219,9.620034217834473,117000
2018-06-06,PTC,11.90999984741211,12.039999961853027,11.8100004196167,11.880000114440918,9.668867111206055,247500
2018-06-07,PTC,11.850000381469727,11.970000267028809,11.800000190734863,11.800000190734863,9.60375690460205,65500
2018-06-08,PTC,11.800000190734863,11.800000190734863,11.800000190734863,11.800000190734863,9.60375690460205,0
2018-06-11,PTC,11.720000267028809,12.0,11.720000267028809,11.829999923706055,9.628172874450684,237500
2018-06-12,PTC,11.800000190734863,11.850000381469727,11.600000381469727,11.609999656677246,9.449119567871094,89500
2018-06-13,PTC,11.75,11.75,11.649999618530273,11.6899995803833,9.514230728149414,254000
2018-06-14,PTC,11.84000015258789,11.84000015258789,11.75,11.8100004196167,9.611896514892578,1018500
2018-06-15,PTC,11.8100004196167,11.8100004196167,11.8100004196167,11.8100004196167,9.611896514892578,0
2018-06-19,PTC,11.8100004196167,11.829999923706055,11.6899995803833,11.699999809265137,9.522368431091309,1195500
2018-06-20,PTC,11.75,11.75,11.619999885559082,11.630000114440918,9.465397834777832,23000
2018-06-21,PTC,11.600000381469727,11.699999809265137,11.520000457763672,11.5600004196167,9.408426284790039,355000
2018-06-22,PTC,11.5600004196167,11.979999542236328,11.520000457763672,11.539999961853027,9.392148971557617,239500
2018-06-25,PTC,11.510000228881836,11.510000228881836,11.329999923706055,11.34000015258789,9.229373931884766,193500
2018-06-26,PTC,11.270000457763672,11.399999618530273,11.170000076293945,11.210000038146973,9.123568534851074,222500
2018-06-27,PTC,11.289999961853027,11.300000190734863,11.100000381469727,11.199999809265137,9.11543083190918,838500
2018-06-28,PTC,11.180000305175781,11.199999809265137,11.029999732971191,11.0600004196167,9.001487731933594,794500
2018-06-29,PTC,11.050000190734863,11.699999809265137,11.020000457763672,11.4399995803833,9.310761451721191,1112500
2018-07-02,PTC,11.5,11.529999732971191,11.229999542236328,11.34000015258789,9.229373931884766,16000
2018-07-03,PTC,11.220000267028809,11.399999618530273,11.220000267028809,11.25,9.156124114990234,99500
2018-07-04,PTC,11.149999618530273,11.15999984741211,10.699999809265137,10.84000015258789,8.822434425354004,466000
2018-07-05,PTC,10.989999771118164,11.0,10.800000190734863,10.920000076293945,8.887544631958008,91500
2018-07-06,PTC,10.920000076293945,11.050000190734863,10.75,11.010000228881836,8.960793495178223,166500
2018-07-09,PTC,10.800000190734863,10.9399995803833,10.760000228881836,10.789999961853027,8.781740188598633,420000
2018-07-10,PTC,10.699999809265137,10.970000267028809,10.579999923706055,10.9399995803833,8.90382194519043,213500
2018-07-11,PTC,10.850000381469727,11.170000076293945,10.829999923706055,10.90999984741211,8.879405975341797,724500
2018-07-12,PTC,10.989999771118164,11.0,10.829999923706055,10.869999885559082,8.846851348876953,104500
2018-07-13,PTC,10.899999618530273,11.100000381469727,10.899999618530273,11.069999694824219,9.009626388549805,4586500
2018-07-16,PTC,11.25,11.25,10.899999618530273,10.960000038146973,8.920099258422852,122000
2018-07-17,PTC,10.960000038146973,11.1899995803833,10.899999618530273,11.119999885559082,9.05031967163086,50500
2018-07-18,PTC,11.050000190734863,11.899999618530273,11.050000190734863,11.609999656677246,9.449119567871094,5478000
2018-07-19,PTC,11.6899995803833,11.899999618530273,11.600000381469727,11.760000228881836,9.571202278137207,2189500
2018-07-20,PTC,11.800000190734863,11.869999885559082,11.5600004196167,11.630000114440918,9.465397834777832,917000
2018-07-23,PTC,11.600000381469727,11.699999809265137,11.510000228881836,11.539999961853027,9.392148971557617,1019500
2018-07-24,PTC,11.6899995803833,11.789999961853027,11.600000381469727,11.729999542236328,9.546785354614258,822500
2018-07-25,PTC,11.729999542236328,11.729999542236328,11.729999542236328,11.729999542236328,9.546785354614258,0
2018-07-26,PTC,11.899999618530273,11.899999618530273,11.550000190734863,11.699999809265137,9.522368431091309,1561500
2018-07-27,PTC,11.800000190734863,12.199999809265137,11.65999984741211,11.949999809265137,9.725838661193848,4279500
2018-07-30,PTC,12.020000457763672,12.199999809265137,11.899999618530273,11.970000267028809,9.742116928100586,2506500
2018-07-31,PTC,11.960000038146973,12.149999618530273,11.8100004196167,11.829999923706055,9.628172874450684,1269000
2018-08-01,PTC,11.899999618530273,12.0,11.850000381469727,11.90999984741211,9.693283081054688,718000
2018-08-02,PTC,12.010000228881836,12.039999961853027,11.850000381469727,11.880000114440918,9.668867111206055,692500
2018-08-03,PTC,11.880000114440918,12.039999961853027,11.880000114440918,11.9399995803833,9.717700004577637,768000
2018-08-06,PTC,12.0,12.149999618530273,11.949999809265137,11.960000038146973,9.733977317810059,1303500
2018-08-07,PTC,12.0,12.100000381469727,11.890000343322754,11.949999809265137,9.725838661193848,3302500
2018-08-08,PTC,11.9399995803833,12.039999961853027,11.779999732971191,11.84000015258789,9.636312484741211,1475000
2018-08-09,PTC,11.140000343322754,11.149999618530273,10.9399995803833,11.079999923706055,9.849662780761719,1425500
2018-08-10,PTC,11.079999923706055,11.09000015258789,10.890000343322754,10.90999984741211,9.698539733886719,501500
2018-08-13,PTC,10.90999984741211,11.039999961853027,10.850000381469727,10.90999984741211,9.698539733886719,101000
2018-08-14,PTC,10.90999984741211,10.90999984741211,10.90999984741211,10.90999984741211,9.698539733886719,0
2018-08-15,PTC,11.029999732971191,11.029999732971191,10.800000190734863,10.850000381469727,9.64520263671875,222000
2018-08-16,PTC,10.890000343322754,10.890000343322754,10.59000015258789,10.699999809265137,9.511857986450195,407000
2018-08-17,PTC,10.75,10.979999542236328,10.699999809265137,10.90999984741211,9.698539733886719,373500
2018-08-20,PTC,10.9399995803833,10.970000267028809,10.829999923706055,10.859999656677246,9.654090881347656,129000
2018-08-21,PTC,10.859999656677246,10.859999656677246,10.859999656677246,10.859999656677246,9.654090881347656,0
2018-08-22,PTC,10.859999656677246,10.859999656677246,10.859999656677246,10.859999656677246,9.654090881347656,0
2018-08-23,PTC,10.859999656677246,10.859999656677246,10.859999656677246,10.859999656677246,9.654090881347656,0
2018-08-24,PTC,10.859999656677246,10.899999618530273,10.649999618530273,10.720000267028809,9.529638290405273,353000
2018-08-27,PTC,10.75,10.800000190734863,10.699999809265137,10.699999809265137,9.511857986450195,113500
2018-08-28,PTC,10.699999809265137,10.739999771118164,10.619999885559082,10.640000343322754,9.458520889282227,147500
2018-08-29,PTC,10.609999656677246,10.84000015258789,10.550000190734863,10.59000015258789,9.414072036743164,314000
2018-08-30,PTC,10.739999771118164,10.739999771118164,10.5,10.600000381469727,9.42296314239502,1227000
2018-08-31,PTC,10.6899995803833,10.6899995803833,10.510000228881836,10.529999732971191,9.360733985900879,256000
2018-09-03,PTC,10.529999732971191,10.529999732971191,10.390000343322754,10.470000267028809,9.307397842407227,275000
2018-09-04,PTC,10.649999618530273,10.6899995803833,10.5,10.520000457763672,9.351845741271973,291000
2018-09-05,PTC,10.75,10.75,10.470000267028809,10.510000228881836,9.342955589294434,194500
2018-09-06,PTC,10.569999694824219,10.569999694824219,10.199999809265137,10.239999771118164,9.102936744689941,393000
2018-09-07,PTC,10.390000343322754,10.390000343322754,9.970000267028809,10.029999732971191,8.916254997253418,1046500
2018-09-10,PTC,10.170000076293945,10.180000305175781,9.899999618530273,10.0,8.88958740234375,667500
2018-09-11,PTC,10.029999732971191,10.5,10.029999732971191,10.229999542236328,9.094046592712402,1219000
2018-09-12,PTC,10.380000114440918,10.380000114440918,10.069999694824219,10.119999885559082,8.996262550354004,245500
2018-09-13,PTC,10.050000190734863,10.25,10.050000190734863,10.119999885559082,8.996262550354004,277000
2018-09-14,PTC,10.210000038146973,10.210000038146973,10.050000190734863,10.109999656677246,8.987372398376465,166000
2018-09-17,PTC,10.210000038146973,10.25,9.920000076293945,10.010000228881836,8.898476600646973,1345500
2018-09-18,PTC,10.100000381469727,10.199999809265137,10.020000457763672,10.109999656677246,8.987372398376465,257000
2018-09-19,PTC,10.199999809265137,10.199999809265137,10.050000190734863,10.130000114440918,9.005151748657227,110000
2018-09-20,PTC,10.130000114440918,10.130000114440918,10.130000114440918,10.130000114440918,9.005151748657227,0
2018-09-21,PTC,10.130000114440918,10.130000114440918,10.130000114440918,10.130000114440918,9.005151748657227,0
2018-09-24,PTC,10.109999656677246,10.149999618530273,9.979999542236328,10.0,8.88958740234375,396000
2018-09-25,PTC,10.050000190734863,10.050000190734863,9.949999809265137,9.979999542236328,8.871807098388672,353500
2018-09-26,PTC,9.970000267028809,10.039999961853027,9.970000267028809,10.0,8.88958740234375,1136500
2018-09-27,PTC,10.0,10.050000190734863,9.899999618530273,10.010000228881836,8.898476600646973,593500
2018-09-28,PTC,10.0,10.050000190734863,9.989999771118164,10.0,8.88958740234375,429500
2018-10-01,PTC,10.0,10.010000228881836,9.800000190734863,9.960000038146973,8.854028701782227,243000
2018-10-02,PTC,10.09000015258789,10.09000015258789,9.899999618530273,10.0,8.88958740234375,503500
2018-10-03,PTC,10.050000190734863,10.289999961853027,10.050000190734863,10.270000457763672,9.129606246948242,593500
2018-10-04,PTC,10.25,10.25,9.90999984741211,9.989999771118164,8.880697250366211,130000
2018-10-05,PTC,10.0,10.0,9.699999809265137,9.739999771118164,8.658456802368164,398500
2018-10-08,PTC,9.979999542236328,9.979999542236328,9.0,9.0600004196167,8.053966522216797,806500
2018-10-09,PTC,9.149999618530273,9.489999771118164,9.149999618530273,9.369999885559082,8.329543113708496,462000
2018-10-10,PTC,9.399999618530273,10.239999771118164,9.180000305175781,9.880000114440918,8.782912254333496,1080500
2018-10-11,PTC,9.850000381469727,9.869999885559082,9.5,9.600000381469727,8.534004211425781,662500
2018-10-12,PTC,9.649999618530273,10.170000076293945,9.460000038146973,9.800000190734863,8.71179485321045,1669500
2018-10-15,PTC,9.800000190734863,9.800000190734863,9.270000457763672,9.329999923706055,8.293985366821289,736000
2018-10-16,PTC,9.460000038146973,9.640000343322754,9.279999732971191,9.390000343322754,8.347322463989258,363500
2018-10-17,PTC,9.399999618530273,9.680000305175781,9.300000190734863,9.619999885559082,8.551782608032227,1184000
2018-10-18,PTC,9.600000381469727,9.770000457763672,9.5,9.630000114440918,8.560672760009766,234000
2018-10-19,PTC,9.600000381469727,9.890000343322754,9.550000190734863,9.84000015258789,8.747353553771973,355000
2018-10-22,PTC,9.850000381469727,10.300000190734863,9.8100004196167,10.100000381469727,8.978483200073242,1027000
2018-10-23,PTC,10.010000228881836,10.149999618530273,9.779999732971191,9.84000015258789,8.747353553771973,760500
2018-10-24,PTC,10.010000228881836,10.479999542236328,10.010000228881836,10.399999618530273,9.245169639587402,846500
2018-10-25,PTC,10.5,10.600000381469727,10.0,10.239999771118164,9.102936744689941,871000
2018-10-26,PTC,10.15999984741211,10.970000267028809,10.039999961853027,10.859999656677246,9.654090881347656,1307000
2018-10-29,PTC,11.100000381469727,11.75,11.100000381469727,11.3100004196167,10.054122924804688,3186500
2018-10-30,PTC,11.300000190734863,11.430000305175781,11.020000457763672,11.180000305175781,9.938558578491211,1213500
2018-10-31,PTC,11.149999618530273,11.210000038146973,10.850000381469727,11.029999732971191,9.805214881896973,425500
2018-11-01,PTC,11.0,11.100000381469727,10.600000381469727,10.979999542236328,9.76076602935791,1255000
2018-11-02,PTC,10.850000381469727,11.180000305175781,10.75,10.970000267028809,9.751877784729004,165500
2018-11-05,PTC,10.979999542236328,10.979999542236328,10.800000190734863,10.850000381469727,9.64520263671875,197000
2018-11-06,PTC,10.850000381469727,10.890000343322754,10.729999542236328,10.760000228881836,9.565195083618164,85500
2018-11-07,PTC,11.0,11.34000015258789,10.869999885559082,11.260000228881836,10.009675979614258,2300000
2018-11-08,PTC,11.260000228881836,11.420000076293945,11.020000457763672,11.380000114440918,10.116350173950195,2162500
2018-11-09,PTC,11.300000190734863,11.489999771118164,11.149999618530273,11.380000114440918,10.116350173950195,609000
2018-11-12,PTC,11.350000381469727,11.399999618530273,11.199999809265137,11.380000114440918,10.116350173950195,1865500
2018-11-13,PTC,11.300000190734863,11.5,11.199999809265137,11.449999809265137,10.178577423095703,1629000
2018-11-14,PTC,11.449999809265137,11.470000267028809,11.100000381469727,11.180000305175781,9.938558578491211,962000
2018-11-15,PTC,11.199999809265137,11.300000190734863,11.069999694824219,11.119999885559082,9.885220527648926,696500
2018-11-16,PTC,11.149999618530273,11.180000305175781,11.010000228881836,11.029999732971191,9.805214881896973,170500
2018-11-19,PTC,11.020000457763672,11.1899995803833,11.010000228881836,11.100000381469727,9.86744213104248,316500
2018-11-20,PTC,11.050000190734863,11.100000381469727,11.0,11.010000228881836,9.787435531616211,176000
2018-11-21,PTC,11.010000228881836,11.010000228881836,11.010000228881836,11.010000228881836,9.787435531616211,0
2018-11-22,PTC,11.09000015258789,11.09000015258789,10.920000076293945,11.0,9.778545379638672,341500
2018-11-23,PTC,10.920000076293945,10.949999809265137,10.829999923706055,10.850000381469727,9.64520263671875,122000
2018-11-26,PTC,10.899999618530273,11.0,10.819999694824219,10.819999694824219,9.618532180786133,511000
2018-11-27,PTC,10.819999694824219,10.949999809265137,10.75,10.880000114440918,9.671870231628418,141500
2018-11-28,PTC,10.899999618530273,11.0,10.899999618530273,10.90999984741211,9.698539733886719,129000
2018-11-29,PTC,10.949999809265137,11.1899995803833,10.699999809265137,10.800000190734863,9.600753784179688,950500
2018-11-30,PTC,10.800000190734863,11.1899995803833,10.600000381469727,10.90999984741211,9.698539733886719,432500
2018-12-03,PTC,10.75,10.789999961853027,10.449999809265137,10.520000457763672,9.351845741271973,265000
2018-12-04,PTC,10.600000381469727,10.600000381469727,10.350000381469727,10.510000228881836,9.342955589294434,1177500
2018-12-05,PTC,10.600000381469727,10.600000381469727,10.350000381469727,10.369999885559082,9.218502044677734,98000
2018-12-06,PTC,10.399999618530273,10.399999618530273,9.920000076293945,10.010000228881836,8.898476600646973,4286500
2018-12-07,PTC,9.90999984741211,10.300000190734863,9.899999618530273,10.09000015258789,8.969593048095703,79000
2018-12-10,PTC,10.149999618530273,11.09000015258789,10.149999618530273,10.770000457763672,9.574085235595703,1856000
2018-12-11,PTC,10.75,10.75,10.199999809265137,10.229999542236328,9.094046592712402,573500
2018-12-12,PTC,10.180000305175781,10.399999618530273,10.100000381469727,10.210000038146973,9.076268196105957,661500
2018-12-13,PTC,10.220000267028809,10.279999732971191,9.989999771118164,10.0,8.88958740234375,545500
2018-12-14,PTC,10.050000190734863,10.289999961853027,10.010000228881836,10.130000114440918,9.005151748657227,81500
2018-12-17,PTC,10.100000381469727,10.289999961853027,10.100000381469727,10.239999771118164,9.102936744689941,98000
2018-12-18,PTC,10.279999732971191,10.300000190734863,10.100000381469727,10.289999961853027,9.147384643554688,84500
2018-12-19,PTC,10.279999732971191,10.279999732971191,9.890000343322754,9.90999984741211,8.80958080291748,958500
2018-12-20,PTC,9.050000190734863,9.869999885559082,9.050000190734863,9.630000114440918,8.560672760009766,11839500
2018-12-21,PTC,9.600000381469727,9.779999732971191,9.550000190734863,9.760000228881836,8.676237106323242,514500
2018-12-24,PTC,9.760000228881836,9.850000381469727,9.649999618530273,9.699999809265137,8.622899055480957,323000
2018-12-25,PTC,9.699999809265137,9.699999809265137,9.699999809265137,9.699999809265137,8.622899055480957,0
2018-12-26,PTC,9.6899995803833,9.760000228881836,9.600000381469727,9.760000228881836,8.676237106323242,108500
2018-12-27,PTC,9.75,9.84000015258789,9.649999618530273,9.729999542236328,8.649567604064941,575000
2018-12-28,PTC,9.699999809265137,9.800000190734863,9.600000381469727,9.640000343322754,8.569562911987305,861500
2018-12-31,PTC,9.600000381469727,9.6899995803833,9.539999961853027,9.609999656677246,8.542892456054688,87500
2019-01-01,PTC,9.609999656677246,9.819999694824219,9.600000381469727,9.800000190734863,8.71179485321045,195500
2019-01-02,PTC,9.65999984741211,9.890000343322754,9.65999984741211,9.75,8.66734790802002,138000
2019-01-03,PTC,9.800000190734863,9.850000381469727,9.699999809265137,9.739999771118164,8.658456802368164,78000
2019-01-04,PTC,9.800000190734863,10.239999771118164,9.699999809265137,9.970000267028809,8.86291790008545,265000
2019-01-07,PTC,10.0,10.25,9.970000267028809,10.210000038146973,9.076268196105957,1033000
2019-01-08,PTC,10.149999618530273,10.270000457763672,10.100000381469727,10.15999984741211,9.031820297241211,371000
2019-01-09,PTC,10.15999984741211,10.25,10.020000457763672,10.029999732971191,8.916254997253418,315000
2019-01-10,PTC,10.0,10.199999809265137,9.970000267028809,9.989999771118164,8.880697250366211,292500
2019-01-11,PTC,10.0,10.180000305175781,9.760000228881836,10.039999961853027,8.925145149230957,428000
2019-01-14,PTC,10.0,10.170000076293945,9.989999771118164,10.109999656677246,8.987372398376465,242000
2019-01-15,PTC,10.100000381469727,10.100000381469727,9.989999771118164,10.0600004196167,8.942925453186035,564000
2019-01-16,PTC,10.050000190734863,10.119999885559082,10.0,10.0,8.88958740234375,72500
2019-01-17,PTC,9.949999809265137,10.100000381469727,9.899999618530273,10.039999961853027,8.925145149230957,81000
2019-01-18,PTC,10.0,10.100000381469727,9.90999984741211,10.029999732971191,8.916254997253418,291500
2019-01-21,PTC,10.09000015258789,10.119999885559082,10.0600004196167,10.100000381469727,8.978483200073242,150500
2019-01-22,PTC,10.0600004196167,10.25,10.050000190734863,10.180000305175781,9.049600601196289,163000
2019-01-23,PTC,10.229999542236328,10.25,10.109999656677246,10.149999618530273,9.022930145263672,173000
2019-01-24,PTC,10.25,10.279999732971191,10.100000381469727,10.140000343322754,9.014041900634766,442500
2019-01-25,PTC,10.149999618530273,10.199999809265137,10.050000190734863,10.119999885559082,8.996262550354004,127500
2019-01-28,PTC,10.050000190734863,10.260000228881836,10.050000190734863,10.220000267028809,9.08515739440918,661000
2019-01-29,PTC,10.119999885559082,10.25,10.100000381469727,10.239999771118164,9.102936744689941,477000
2019-01-30,PTC,10.220000267028809,10.279999732971191,10.199999809265137,10.270000457763672,9.129606246948242,118500
2019-01-31,PTC,10.270000457763672,10.399999618530273,10.220000267028809,10.329999923706055,9.182943344116211,199000
2019-02-01,PTC,10.399999618530273,10.5,10.300000190734863,10.399999618530273,9.245169639587402,336500
2019-02-04,PTC,10.399999618530273,10.539999961853027,10.399999618530273,10.430000305175781,9.27184009552002,660000
2019-02-05,PTC,10.430000305175781,10.430000305175781,10.430000305175781,10.430000305175781,9.27184009552002,0
2019-02-06,PTC,10.5,10.6899995803833,10.430000305175781,10.539999961853027,9.369625091552734,632500
2019-02-07,PTC,10.579999923706055,10.739999771118164,10.5,10.529999732971191,9.360733985900879,326000
2019-02-08,PTC,10.5,10.6899995803833,10.239999771118164,10.260000228881836,9.120716094970703,401500
2019-02-11,PTC,10.300000190734863,10.300000190734863,9.989999771118164,10.0,8.88958740234375,1788500
2019-02-12,PTC,10.149999618530273,10.25,10.010000228881836,10.1899995803833,9.058488845825195,929000
2019-02-13,PTC,10.25,10.25,10.020000457763672,10.0600004196167,8.942925453186035,270000
2019-02-14,PTC,10.100000381469727,10.199999809265137,10.0,10.0600004196167,8.942925453186035,1590500
2019-02-15,PTC,10.119999885559082,10.199999809265137,10.050000190734863,10.130000114440918,9.005151748657227,214000
2019-02-18,PTC,10.199999809265137,10.25,10.100000381469727,10.1899995803833,9.058488845825195,1297500
2019-02-19,PTC,10.100000381469727,10.239999771118164,10.100000381469727,10.149999618530273,9.022930145263672,3804000
2019-02-20,PTC,10.100000381469727,10.210000038146973,10.100000381469727,10.149999618530273,9.022930145263672,264500
2019-02-21,PTC,10.149999618530273,10.25,10.149999618530273,10.199999809265137,9.067378997802734,348500
2019-02-22,PTC,10.149999618530273,10.149999618530273,9.949999809265137,10.0,8.88958740234375,75500
2019-02-25,PTC,9.960000038146973,10.149999618530273,9.899999618530273,9.960000038146973,8.854028701782227,136000
2019-02-26,PTC,9.899999618530273,10.050000190734863,9.649999618530273,9.649999618530273,8.578451156616211,1126000
2019-02-27,PTC,9.609999656677246,9.75,9.25,9.600000381469727,8.534004211425781,817000
2019-02-28,PTC,9.699999809265137,9.869999885559082,9.609999656677246,9.84000015258789,8.747353553771973,133500
2019-03-01,PTC,9.890000343322754,9.949999809265137,9.75,9.75,8.66734790802002,99500
2019-03-04,PTC,9.75,9.850000381469727,9.649999618530273,9.699999809265137,8.622899055480957,253500
2019-03-05,PTC,9.720000267028809,9.829999923706055,9.619999885559082,9.75,8.66734790802002,317500
2019-03-06,PTC,9.75,9.779999732971191,9.65999984741211,9.699999809265137,8.622899055480957,50500
2019-03-07,PTC,9.789999961853027,9.800000190734863,9.510000228881836,9.579999923706055,8.51622486114502,125500
2019-03-08,PTC,9.75,9.800000190734863,9.649999618530273,9.739999771118164,8.658456802368164,188500
2019-03-11,PTC,9.729999542236328,10.149999618530273,9.729999542236328,9.859999656677246,8.765131950378418,863500
2019-03-12,PTC,9.760000228881836,9.899999618530273,9.75,9.770000457763672,8.685127258300781,46500
2019-03-13,PTC,9.850000381469727,9.850000381469727,9.789999961853027,9.850000381469727,8.756243705749512,6500
2019-03-14,PTC,9.8100004196167,9.8100004196167,9.609999656677246,9.630000114440918,8.560672760009766,69000
2019-03-15,PTC,9.569999694824219,9.6899995803833,9.5,9.579999923706055,8.51622486114502,66000
2019-03-18,PTC,9.710000038146973,9.800000190734863,9.5,9.720000267028809,8.640678405761719,47500
2019-03-19,PTC,9.609999656677246,9.800000190734863,9.520000457763672,9.649999618530273,8.578451156616211,99500
2019-03-20,PTC,9.600000381469727,9.619999885559082,9.300000190734863,9.359999656677246,8.320652961730957,11183500
2019-03-21,PTC,9.4399995803833,9.449999809265137,9.270000457763672,9.319999694824219,8.285094261169434,75500
2019-03-22,PTC,9.319999694824219,9.420000076293945,9.25,9.300000190734863,8.267315864562988,901000
2019-03-25,PTC,9.220000267028809,9.300000190734863,9.020000457763672,9.029999732971191,8.027297019958496,743000
2019-03-26,PTC,9.09000015258789,9.25,9.020000457763672,9.15999984741211,8.142861366271973,694000
2019-03-27,PTC,9.149999618530273,9.279999732971191,9.149999618530273,9.229999542236328,8.20508861541748,123500
2019-03-28,PTC,9.15999984741211,9.229999542236328,9.100000381469727,9.100000381469727,8.089524269104004,244500
2019-03-29,PTC,9.050000190734863,9.170000076293945,9.050000190734863,9.09000015258789,8.080635070800781,80000
2019-04-01,PTC,9.15999984741211,9.239999771118164,9.010000228881836,9.020000457763672,8.018407821655273,165000
2019-04-02,PTC,9.100000381469727,9.119999885559082,9.0,9.09000015258789,8.080635070800781,168000
2019-04-03,PTC,9.039999961853027,9.140000343322754,9.010000228881836,9.029999732971191,8.027297019958496,85000
2019-04-04,PTC,9.029999732971191,9.180000305175781,9.0,9.0,8.000628471374512,340000
2019-04-05,PTC,9.020000457763672,9.100000381469727,9.0,9.020000457763672,8.018407821655273,389500
2019-04-08,PTC,9.020000457763672,9.020000457763672,8.699999809265137,8.770000457763672,7.796168327331543,126000
2019-04-09,PTC,8.850000381469727,9.100000381469727,8.800000190734863,9.020000457763672,8.018407821655273,94500
2019-04-10,PTC,9.0,9.130000114440918,8.649999618530273,8.760000228881836,7.787278175354004,89000
2019-04-11,PTC,8.760000228881836,8.9399995803833,8.600000381469727,8.899999618530273,7.911732196807861,25000
2019-04-12,PTC,8.899999618530273,9.1899995803833,8.869999885559082,9.119999885559082,8.10730266571045,260500
2019-04-15,PTC,8.90999984741211,9.229999542236328,8.90999984741211,9.199999809265137,8.17841911315918,225000
2019-04-16,PTC,9.300000190734863,9.300000190734863,9.010000228881836,9.050000190734863,8.045076370239258,38000
2019-04-17,PTC,9.0600004196167,9.180000305175781,8.819999694824219,9.020000457763672,8.018407821655273,53000
2019-04-18,PTC,9.300000190734863,9.449999809265137,9.109999656677246,9.239999771118164,8.213977813720703,614500
2019-04-19,PTC,9.479999542236328,9.5,9.25,9.300000190734863,8.267315864562988,506000
2019-04-22,PTC,9.300000190734863,9.399999618530273,9.010000228881836,9.109999656677246,8.098413467407227,317500
2019-04-23,PTC,9.399999618530273,9.5,9.109999656677246,9.239999771118164,8.213977813720703,339000
2019-04-24,PTC,9.199999809265137,9.359999656677246,9.100000381469727,9.199999809265137,8.17841911315918,521500
2019-04-25,PTC,9.15999984741211,9.25,9.149999618530273,9.220000267028809,8.196199417114258,86500
2019-04-26,PTC,9.289999961853027,9.510000228881836,9.199999809265137,9.390000343322754,8.347322463989258,232500
2019-04-29,PTC,9.399999618530273,9.75,9.300000190734863,9.380000114440918,8.338432312011719,118000
2019-04-30,PTC,9.399999618530273,9.399999618530273,9.199999809265137,9.260000228881836,8.231757164001465,476000
2019-05-01,PTC,9.260000228881836,9.260000228881836,9.260000228881836,9.260000228881836,8.231757164001465,0
2019-05-02,PTC,9.210000038146973,9.210000038146973,9.0,9.15999984741211,8.142861366271973,116000
2019-05-03,PTC,9.15999984741211,9.15999984741211,9.15999984741211,9.15999984741211,8.142861366271973,0
2019-05-06,PTC,9.149999618530273,9.199999809265137,8.9399995803833,9.039999961853027,8.036187171936035,103000
2019-05-07,PTC,9.09000015258789,9.149999618530273,8.949999809265137,9.020000457763672,8.018407821655273,71500
2019-05-08,PTC,9.0,9.0,8.829999923706055,8.869999885559082,7.885063171386719,280000
2019-05-09,PTC,8.600000381469727,8.779999732971191,8.350000381469727,8.4399995803833,7.95100736618042,210500
2019-05-10,PTC,8.5,8.600000381469727,8.380000114440918,8.399999618530273,7.913325309753418,107000
2019-05-13,PTC,8.800000190734863,8.800000190734863,8.130000114440918,8.149999618530273,7.677809715270996,1008500
2019-05-14,PTC,8.15999984741211,8.399999618530273,8.0600004196167,8.09000015258789,7.621286392211914,174500
2019-05-15,PTC,8.25,8.300000190734863,8.050000190734863,8.25,7.7720160484313965,129500
2019-05-16,PTC,8.079999923706055,8.09000015258789,7.809999942779541,7.989999771118164,7.5270795822143555,535500
2019-05-17,PTC,8.010000228881836,8.010000228881836,7.099999904632568,7.519999980926514,7.084310531616211,469000
2019-05-20,PTC,7.900000095367432,8.130000114440918,7.599999904632568,8.100000381469727,7.630707263946533,567000
2019-05-21,PTC,8.0,8.350000381469727,7.900000095367432,8.3100004196167,7.828540325164795,241000
2019-05-22,PTC,8.449999809265137,8.550000190734863,8.399999618530273,8.479999542236328,7.98868989944458,1970500
2019-05-23,PTC,8.739999771118164,8.75,8.479999542236328,8.65999984741211,8.1582612991333,1785500
2019-05-24,PTC,8.5,8.75,8.399999618530273,8.569999694824219,8.07347583770752,2934500
2019-05-27,PTC,8.520000457763672,8.600000381469727,8.029999732971191,8.510000228881836,8.016952514648438,1702000
2019-05-28,PTC,8.6899995803833,8.6899995803833,8.359999656677246,8.390000343322754,7.903905391693115,442000
2019-05-29,PTC,8.390000343322754,8.390000343322754,8.390000343322754,8.390000343322754,7.903905391693115,0
2019-05-30,PTC,8.399999618530273,8.680000305175781,8.25,8.279999732971191,7.8002777099609375,95000
2019-05-31,PTC,8.279999732971191,8.279999732971191,8.279999732971191,8.279999732971191,7.8002777099609375,0
2019-06-03,PTC,8.399999618530273,8.399999618530273,8.109999656677246,8.119999885559082,7.649548053741455,103500
2019-06-04,PTC,8.119999885559082,8.119999885559082,8.119999885559082,8.119999885559082,7.649548053741455,0
2019-06-05,PTC,8.119999885559082,8.119999885559082,8.119999885559082,8.119999885559082,7.649548053741455,0
2019-06-06,PTC,8.119999885559082,8.119999885559082,8.119999885559082,8.119999885559082,7.649548053741455,0
2019-06-07,PTC,8.119999885559082,8.119999885559082,8.119999885559082,8.119999885559082,7.649548053741455,0
2019-06-10,PTC,8.1899995803833,8.199999809265137,8.0600004196167,8.130000114440918,7.658968925476074,38500
2019-06-11,PTC,8.1899995803833,8.229999542236328,8.0,8.199999809265137,7.724912643432617,172500
2019-06-12,PTC,8.25,8.359999656677246,8.100000381469727,8.1899995803833,7.715491771697998,509000
2019-06-13,PTC,8.220000267028809,8.479999542236328,8.109999656677246,8.170000076293945,7.696650981903076,540500
2019-06-14,PTC,8.380000114440918,8.479999542236328,8.09000015258789,8.130000114440918,7.658968925476074,170500
2019-06-17,PTC,8.149999618530273,8.15999984741211,8.100000381469727,8.109999656677246,7.640127182006836,22500
2019-06-18,PTC,8.109999656677246,8.229999542236328,8.0,8.069999694824219,7.602444648742676,75500
2019-06-19,PTC,8.020000457763672,8.119999885559082,8.010000228881836,8.100000381469727,7.630707263946533,67000
2019-06-20,PTC,8.1899995803833,8.199999809265137,8.0600004196167,8.109999656677246,7.640127182006836,1127000
2019-06-21,PTC,8.140000343322754,8.199999809265137,8.0600004196167,8.100000381469727,7.630707263946533,1061000
2019-06-24,PTC,8.050000190734863,8.140000343322754,7.900000095367432,7.949999809265137,7.489397048950195,72500
2019-06-25,PTC,7.900000095367432,8.050000190734863,7.900000095367432,7.949999809265137,7.489397048950195,1518000
2019-06-26,PTC,7.900000095367432,8.130000114440918,7.900000095367432,8.029999732971191,7.564762115478516,1696000
2019-06-27,PTC,8.100000381469727,8.1899995803833,7.949999809265137,8.069999694824219,7.602444648742676,57500
2019-06-28,PTC,8.010000228881836,8.5,8.0,8.270000457763672,7.790857791900635,334000
2019-07-01,PTC,8.119999885559082,8.239999771118164,8.109999656677246,8.109999656677246,7.640127182006836,21000
2019-07-02,PTC,8.109999656677246,8.180000305175781,8.069999694824219,8.100000381469727,7.630707263946533,59500
2019-07-03,PTC,8.199999809265137,8.199999809265137,8.050000190734863,8.109999656677246,7.640127182006836,195000
2019-07-04,PTC,8.100000381469727,8.1899995803833,8.0600004196167,8.069999694824219,7.602444648742676,22500
2019-07-05,PTC,8.029999732971191,8.170000076293945,8.0,8.010000228881836,7.545921325683594,32000
2019-07-08,PTC,8.15999984741211,8.15999984741211,7.989999771118164,8.050000190734863,7.583603858947754,32500
2019-07-09,PTC,8.239999771118164,8.239999771118164,7.949999809265137,7.949999809265137,7.489397048950195,119000
2019-07-10,PTC,8.0,8.039999961853027,7.96999979019165,8.039999961853027,7.574182987213135,7000
2019-07-11,PTC,8.100000381469727,8.25,7.96999979019165,7.989999771118164,7.5270795822143555,99000
2019-07-12,PTC,7.989999771118164,8.289999961853027,7.949999809265137,7.960000038146973,7.4988179206848145,63000
2019-07-15,PTC,8.0,8.0,7.760000228881836,7.760000228881836,7.310405731201172,74500
2019-07-16,PTC,7.800000190734863,7.900000095367432,7.650000095367432,7.699999809265137,7.253881454467773,442000
2019-07-17,PTC,7.800000190734863,7.900000095367432,7.619999885559082,7.730000019073486,7.282143592834473,115000
2019-07-18,PTC,7.710000038146973,7.789999961853027,7.400000095367432,7.429999828338623,6.9995245933532715,289500
2019-07-19,PTC,7.599999904632568,7.639999866485596,7.099999904632568,7.269999980926514,6.848794937133789,600000
2019-07-22,PTC,7.199999809265137,7.199999809265137,7.050000190734863,7.119999885559082,6.707485198974609,209000
2019-07-23,PTC,7.150000095367432,7.199999809265137,7.079999923706055,7.179999828338623,6.76400899887085,127000
2019-07-24,PTC,7.190000057220459,7.300000190734863,7.099999904632568,7.239999771118164,6.82053279876709,643000
2019-07-25,PTC,7.320000171661377,7.320000171661377,7.099999904632568,7.159999847412109,6.7451677322387695,30000
2019-07-26,PTC,7.050000190734863,7.199999809265137,7.010000228881836,7.090000152587891,6.679223537445068,438000
2019-07-29,PTC,7.099999904632568,7.150000095367432,7.010000228881836,7.150000095367432,6.735747337341309,31000
2019-07-30,PTC,7.150000095367432,7.150000095367432,7.019999980926514,7.070000171661377,6.660382270812988,43000
2019-07-31,PTC,7.28000020980835,7.289999961853027,7.019999980926514,7.099999904632568,6.688643932342529,73500
2019-08-01,PTC,7.099999904632568,7.199999809265137,6.989999771118164,7.0,6.594438076019287,332000
2019-08-02,PTC,7.059999942779541,7.059999942779541,6.900000095367432,6.949999809265137,6.547334671020508,45000
2019-08-05,PTC,6.010000228881836,7.099999904632568,6.010000228881836,7.0,6.594438076019287,81000
2019-08-06,PTC,6.849999904632568,7.0,6.809999942779541,6.929999828338623,6.528493404388428,96000
2019-08-07,PTC,6.929999828338623,6.929999828338623,6.929999828338623,6.929999828338623,6.528493404388428,0
2019-08-08,PTC,6.840000152587891,6.989999771118164,6.599999904632568,6.929999828338623,6.528493404388428,370500
2019-08-09,PTC,6.800000190734863,6.960000038146973,6.800000190734863,6.869999885559082,6.4719696044921875,42000
2019-08-12,PTC,6.869999885559082,6.869999885559082,6.869999885559082,6.869999885559082,6.4719696044921875,0
2019-08-13,PTC,6.869999885559082,6.869999885559082,6.869999885559082,6.869999885559082,6.4719696044921875,0
2019-08-14,PTC,6.869999885559082,6.869999885559082,6.869999885559082,6.869999885559082,6.4719696044921875,0
2019-08-15,PTC,6.869999885559082,6.869999885559082,6.869999885559082,6.869999885559082,6.4719696044921875,0
2019-08-16,PTC,6.909999847412109,6.949999809265137,6.519999980926514,6.789999961853027,6.396604537963867,72500
2019-08-19,PTC,6.949999809265137,7.050000190734863,6.900000095367432,7.03000020980835,6.622699737548828,65000
2019-08-20,PTC,7.099999904632568,7.400000095367432,7.0,7.110000133514404,6.698064804077148,49000
2019-08-21,PTC,7.150000095367432,7.199999809265137,6.940000057220459,7.0,6.594438076019287,654000
2019-08-22,PTC,7.150000095367432,7.690000057220459,7.019999980926514,7.5,7.065469264984131,2128500
2019-08-23,PTC,7.329999923706055,7.449999809265137,7.25,7.28000020980835,6.858215808868408,188500
2019-08-26,PTC,7.119999885559082,7.28000020980835,7.0,7.0,6.594438076019287,438000
2019-08-27,PTC,7.139999866485596,7.199999809265137,6.900000095367432,7.099999904632568,6.688643932342529,181000
2019-08-28,PTC,7.190000057220459,7.400000095367432,7.010000228881836,7.039999961853027,6.632120132446289,230000
2019-08-29,PTC,7.019999980926514,7.110000133514404,6.840000152587891,6.900000095367432,6.500231742858887,1246500
2019-08-30,PTC,6.5,6.800000190734863,6.5,6.590000152587891,6.208192348480225,1168500
2019-09-02,PTC,6.559999942779541,6.800000190734863,6.559999942779541,6.760000228881836,6.368342876434326,68500
2019-09-03,PTC,6.699999809265137,6.949999809265137,6.699999809265137,6.75,6.358922481536865,79000
2019-09-04,PTC,6.960000038146973,6.96999979019165,6.699999809265137,6.809999942779541,6.415445804595947,95000
2019-09-05,PTC,6.800000190734863,6.989999771118164,6.639999866485596,6.659999847412109,6.274136543273926,924500
2019-09-06,PTC,6.639999866485596,6.820000171661377,6.639999866485596,6.820000171661377,6.424866676330566,11000
2019-09-09,PTC,6.820000171661377,6.820000171661377,6.820000171661377,6.820000171661377,6.424866676330566,0
2019-09-10,PTC,6.820000171661377,6.820000171661377,6.820000171661377,6.820000171661377,6.424866676330566,0
2019-09-11,PTC,6.849999904632568,6.989999771118164,6.739999771118164,6.800000190734863,6.406025409698486,385000
2019-09-12,PTC,6.75,6.960000038146973,6.75,6.849999904632568,6.453128337860107,325000
2019-09-13,PTC,6.800000190734863,6.920000076293945,6.78000020980835,6.809999942779541,6.415445804595947,65000
2019-09-16,PTC,6.809999942779541,6.980000019073486,6.800000190734863,6.869999885559082,6.4719696044921875,87500
2019-09-17,PTC,6.940000057220459,7.0,6.840000152587891,6.880000114440918,6.481390476226807,408500
2019-09-18,PTC,6.880000114440918,7.0,6.880000114440918,6.96999979019165,6.566175937652588,277500
2019-09-19,PTC,6.849999904632568,7.03000020980835,6.849999904632568,6.989999771118164,6.585017204284668,88000
2019-09-20,PTC,6.949999809265137,6.980000019073486,6.800000190734863,6.880000114440918,6.481390476226807,167500
2019-09-23,PTC,7.139999866485596,7.139999866485596,6.710000038146973,6.800000190734863,6.406025409698486,236000
2019-09-24,PTC,6.809999942779541,7.0,6.71999979019165,6.989999771118164,6.585017204284668,211500
2019-09-25,PTC,6.949999809265137,7.0,6.900000095367432,6.960000038146973,6.556755542755127,115000
2019-09-26,PTC,6.949999809265137,6.949999809265137,6.860000133514404,6.909999847412109,6.509652137756348,56000
2019-09-27,PTC,6.900000095367432,6.989999771118164,6.820000171661377,6.920000076293945,6.519073009490967,146000
2019-09-30,PTC,7.099999904632568,7.099999904632568,6.900000095367432,6.900000095367432,6.500231742858887,27500
2019-10-01,PTC,6.909999847412109,6.96999979019165,6.900000095367432,6.929999828338623,6.528493404388428,25000
2019-10-02,PTC,6.920000076293945,7.0,6.900000095367432,7.0,6.594438076019287,158500
2019-10-03,PTC,6.900000095367432,7.199999809265137,6.710000038146973,7.159999847412109,6.7451677322387695,304000
2019-10-04,PTC,7.099999904632568,7.75,7.099999904632568,7.599999904632568,7.159675121307373,3047500
2019-10-07,PTC,7.75,8.010000228881836,7.5,7.900000095367432,7.442294120788574,5850500
2019-10-08,PTC,7.949999809265137,8.0,7.699999809265137,7.730000019073486,7.282143592834473,941500
2019-10-09,PTC,7.800000190734863,7.800000190734863,7.599999904632568,7.650000095367432,7.206778526306152,289500
2019-10-10,PTC,7.800000190734863,8.100000381469727,7.659999847412109,7.730000019073486,7.282143592834473,1978000
2019-10-11,PTC,7.900000095367432,8.25,7.849999904632568,8.180000305175781,7.706071853637695,4691000
2019-10-14,PTC,8.199999809265137,8.550000190734863,8.010000228881836,8.050000190734863,7.583603858947754,2052500
2019-10-15,PTC,8.15999984741211,8.15999984741211,7.940000057220459,8.020000457763672,7.555342197418213,475000
2019-10-16,PTC,8.079999923706055,8.210000038146973,7.659999847412109,7.730000019073486,7.282143592834473,2768000
2019-10-17,PTC,7.75,7.800000190734863,7.590000152587891,7.619999885559082,7.178516387939453,777000
2019-10-18,PTC,7.550000190734863,7.800000190734863,7.519999980926514,7.559999942779541,7.121993064880371,539500
2019-10-21,PTC,7.579999923706055,7.579999923706055,7.099999904632568,7.119999885559082,6.707485198974609,466500
2019-10-22,PTC,7.059999942779541,7.25,7.050000190734863,7.190000057220459,6.773429870605469,64500
2019-10-23,PTC,7.150000095367432,7.289999961853027,7.150000095367432,7.28000020980835,6.858215808868408,55000
2019-10-24,PTC,7.289999961853027,7.409999847412109,7.190000057220459,7.329999923706055,6.905318260192871,161000
2019-10-25,PTC,7.300000190734863,7.440000057220459,7.300000190734863,7.309999942779541,6.886477470397949,238000
2019-10-28,PTC,7.199999809265137,7.5,7.150000095367432,7.269999980926514,6.848794937133789,600000
2019-10-29,PTC,7.460000038146973,7.460000038146973,7.260000228881836,7.28000020980835,6.858215808868408,208000
2019-10-30,PTC,7.300000190734863,7.400000095367432,7.300000190734863,7.309999942779541,6.886477470397949,160000
2019-10-31,PTC,7.260000228881836,7.5,7.260000228881836,7.400000095367432,6.9712629318237305,374500
2019-11-01,PTC,7.300000190734863,7.5,7.300000190734863,7.420000076293945,6.9901041984558105,778000
2019-11-04,PTC,7.5,7.679999828338623,7.449999809265137,7.610000133514404,7.169095993041992,2293500
2019-11-05,PTC,7.559999942779541,7.599999904632568,7.429999828338623,7.449999809265137,7.018365859985352,1729500
2019-11-06,PTC,7.739999771118164,7.739999771118164,7.539999961853027,7.559999942779541,7.121993064880371,575000
2019-11-07,PTC,7.5,7.760000228881836,7.5,7.699999809265137,7.253881454467773,603000
2019-11-08,PTC,7.760000228881836,7.78000020980835,7.570000171661377,7.590000152587891,7.150254726409912,403500
2019-11-11,PTC,7.730000019073486,7.869999885559082,7.599999904632568,7.829999923706055,7.376349925994873,1553500
2019-11-12,PTC,7.840000152587891,8.149999618530273,7.730000019073486,8.09000015258789,7.621286392211914,4741500
2019-11-13,PTC,8.100000381469727,8.399999618530273,8.0,8.050000190734863,7.583603858947754,3904500
2019-11-14,PTC,8.100000381469727,8.199999809265137,8.050000190734863,8.09000015258789,7.621286392211914,1693000
2019-11-15,PTC,8.149999618530273,8.319999694824219,8.100000381469727,8.220000267028809,7.7437543869018555,3304500
2019-11-18,PTC,8.300000190734863,8.569999694824219,8.199999809265137,8.489999771118164,7.998110771179199,4986000
2019-11-19,PTC,8.729999542236328,8.9399995803833,8.649999618530273,8.720000267028809,8.2147855758667,6186000
2019-11-20,PTC,8.989999771118164,8.989999771118164,8.510000228881836,8.529999732971191,8.03579330444336,1842000
2019-11-21,PTC,8.649999618530273,8.649999618530273,8.010000228881836,8.199999809265137,7.724912643432617,1384500
2019-11-22,PTC,8.34000015258789,8.979999542236328,8.260000228881836,8.869999885559082,8.356094360351562,10928500
2019-11-25,PTC,8.989999771118164,9.0,8.699999809265137,8.930000305175781,8.412618637084961,2938500
2019-11-26,PTC,8.949999809265137,8.979999542236328,8.220000267028809,8.520000457763672,8.026373863220215,6170500
2019-11-27,PTC,8.5,8.630000114440918,8.319999694824219,8.4399995803833,7.95100736618042,1363500
2019-11-28,PTC,8.5,8.800000190734863,8.350000381469727,8.449999809265137,7.960428237915039,3243500
2019-11-29,PTC,8.449999809265137,8.729999542236328,8.40999984741211,8.569999694824219,8.07347583770752,2783500
2019-12-02,PTC,8.699999809265137,9.350000381469727,8.600000381469727,9.270000457763672,8.73292064666748,10861000
2019-12-03,PTC,9.399999618530273,9.75,9.149999618530273,9.40999984741211,8.864808082580566,14094500
2019-12-04,PTC,9.390000343322754,9.850000381469727,9.3100004196167,9.760000228881836,9.194530487060547,3821000
2019-12-05,PTC,9.789999961853027,9.899999618530273,9.399999618530273,9.5,8.949594497680664,2580000
2019-12-06,PTC,9.520000457763672,10.300000190734863,9.449999809265137,9.989999771118164,9.41120433807373,14015000
2019-12-09,PTC,10.0,10.449999809265137,9.949999809265137,10.149999618530273,9.561934471130371,7460500
2019-12-10,PTC,10.149999618530273,10.5,9.899999618530273,10.0,9.420625686645508,4229000
2019-12-11,PTC,10.0,10.289999961853027,9.699999809265137,9.739999771118164,9.175688743591309,2991000
2019-12-12,PTC,9.850000381469727,10.149999618530273,9.649999618530273,9.8100004196167,9.241634368896484,5123500
2019-12-13,PTC,9.979999542236328,10.119999885559082,9.649999618530273,9.680000305175781,9.119165420532227,3707500
2019-12-16,PTC,9.850000381469727,10.149999618530273,9.670000076293945,9.800000190734863,9.232213020324707,4774500
2019-12-17,PTC,9.899999618530273,10.0,9.600000381469727,9.65999984741211,9.100324630737305,1549500
2019-12-18,PTC,9.649999618530273,9.850000381469727,9.550000190734863,9.670000076293945,9.109745025634766,1250000
2019-12-19,PTC,9.649999618530273,9.649999618530273,9.300000190734863,9.510000228881836,8.959014892578125,1632000
2019-12-20,PTC,9.649999618530273,9.680000305175781,9.260000228881836,9.369999885559082,8.827126502990723,979500
2019-12-23,PTC,9.300000190734863,9.5,9.199999809265137,9.300000190734863,8.761181831359863,517500
2019-12-24,PTC,9.25,9.600000381469727,9.050000190734863,9.539999961853027,8.987277030944824,531000
2019-12-25,PTC,9.539999961853027,9.539999961853027,9.539999961853027,9.539999961853027,8.987277030944824,0
2019-12-26,PTC,9.510000228881836,9.8100004196167,9.5,9.539999961853027,8.987277030944824,877000
2019-12-27,PTC,9.510000228881836,9.699999809265137,9.300000190734863,9.34000015258789,8.798864364624023,605000
2019-12-30,PTC,9.300000190734863,9.399999618530273,9.25,9.270000457763672,8.73292064666748,584500
2019-12-31,PTC,9.359999656677246,9.5,9.25,9.359999656677246,8.817705154418945,299000
2020-01-01,PTC,9.359999656677246,9.529999732971191,9.350000381469727,9.460000038146973,8.911911964416504,427500
2020-01-02,PTC,9.520000457763672,10.25,9.510000228881836,10.15999984741211,9.571355819702148,3425500
2020-01-03,PTC,10.359999656677246,10.699999809265137,10.100000381469727,10.34000015258789,9.740926742553711,5285000
2020-01-06,PTC,10.149999618530273,10.199999809265137,9.800000190734863,9.890000343322754,9.316999435424805,1657000
2020-01-07,PTC,9.880000114440918,10.09000015258789,9.800000190734863,9.899999618530273,9.32641887664795,932500
2020-01-08,PTC,9.84000015258789,9.850000381469727,9.5,9.510000228881836,8.959014892578125,1556000
2020-01-09,PTC,9.649999618530273,10.0,9.649999618530273,9.859999656677246,9.288736343383789,1388500
2020-01-10,PTC,9.649999618530273,9.949999809265137,9.649999618530273,9.890000343322754,9.316999435424805,910000
2020-01-13,PTC,9.970000267028809,9.970000267028809,9.75,9.779999732971191,9.213371276855469,560000
2020-01-14,PTC,9.800000190734863,10.130000114440918,9.800000190734863,9.979999542236328,9.40178394317627,1819500
2020-01-15,PTC,9.899999618530273,9.960000038146973,9.75,9.779999732971191,9.213371276855469,599500
2020-01-16,PTC,9.850000381469727,9.899999618530273,9.710000038146973,9.779999732971191,9.213371276855469,280000
2020-01-17,PTC,9.75,9.899999618530273,9.699999809265137,9.75,9.185110092163086,510000
2020-01-20,PTC,9.75,9.800000190734863,9.600000381469727,9.630000114440918,9.072062492370605,434500
2020-01-21,PTC,9.739999771118164,9.800000190734863,9.600000381469727,9.75,9.185110092163086,701000
2020-01-22,PTC,9.739999771118164,9.739999771118164,9.449999809265137,9.579999923706055,9.024959564208984,1505500
2020-01-23,PTC,9.850000381469727,10.149999618530273,9.779999732971191,10.069999694824219,9.48656940460205,4212000
2020-01-24,PTC,10.149999618530273,10.180000305175781,9.890000343322754,9.970000267028809,9.392363548278809,984500
2020-01-27,PTC,9.989999771118164,10.0,9.800000190734863,9.890000343322754,9.316999435424805,503000
2020-01-28,PTC,9.899999618530273,9.899999618530273,9.75,9.75,9.185110092163086,647500
2020-01-29,PTC,9.789999961853027,9.920000076293945,9.649999618530273,9.65999984741211,9.100324630737305,1095000
2020-01-30,PTC,9.720000267028809,9.800000190734863,9.65999984741211,9.739999771118164,9.175688743591309,239000
2020-01-31,PTC,9.75,9.949999809265137,9.680000305175781,9.710000038146973,9.147427558898926,408500
2020-02-03,PTC,9.649999618530273,9.699999809265137,9.399999618530273,9.40999984741211,8.864808082580566,2480000
2020-02-04,PTC,9.699999809265137,9.699999809265137,9.399999618530273,9.520000457763672,8.968436241149902,477000
2020-02-05,PTC,9.520000457763672,9.520000457763672,9.520000457763672,9.520000457763672,8.968436241149902,0
2020-02-06,PTC,9.649999618530273,9.649999618530273,9.369999885559082,9.449999809265137,8.902490615844727,1074500
2020-02-07,PTC,9.449999809265137,9.5,9.300000190734863,9.420000076293945,8.874229431152344,3624000
2020-02-10,PTC,9.449999809265137,9.449999809265137,9.100000381469727,9.1899995803833,8.657554626464844,427500
2020-02-11,PTC,9.489999771118164,9.5,9.0600004196167,9.220000267028809,8.685816764831543,2039500
2020-02-12,PTC,9.300000190734863,9.4399995803833,9.199999809265137,9.220000267028809,8.685816764831543,626000
2020-02-13,PTC,9.199999809265137,9.350000381469727,9.109999656677246,9.149999618530273,8.619872093200684,186000
2020-02-14,PTC,9.119999885559082,9.119999885559082,9.010000228881836,9.020000457763672,8.497405052185059,122500
2020-02-17,PTC,9.029999732971191,9.100000381469727,9.0,9.010000228881836,8.487983703613281,134500
2020-02-18,PTC,9.0,9.25,8.970000267028809,9.010000228881836,8.487983703613281,268000
2020-02-19,PTC,9.010000228881836,9.010000228881836,9.010000228881836,9.010000228881836,8.487983703613281,0
2020-02-20,PTC,9.100000381469727,9.100000381469727,8.930000305175781,8.949999809265137,8.431459426879883,320500
2020-02-21,PTC,8.930000305175781,9.050000190734863,8.899999618530273,8.930000305175781,8.412618637084961,144500
2020-02-24,PTC,8.90999984741211,8.90999984741211,8.699999809265137,8.720000267028809,8.2147855758667,148000
2020-02-25,PTC,8.989999771118164,8.989999771118164,8.640000343322754,8.710000038146973,8.205365180969238,224000
2020-02-26,PTC,8.800000190734863,8.800000190734863,8.550000190734863,8.640000343322754,8.139420509338379,369000
2020-02-27,PTC,8.600000381469727,8.600000381469727,8.300000190734863,8.539999961853027,8.045214653015137,391500
2020-02-28,PTC,8.539999961853027,8.539999961853027,8.539999961853027,8.539999961853027,8.045214653015137,0
2020-03-02,PTC,8.550000190734863,8.850000381469727,8.550000190734863,8.670000076293945,8.167682647705078,358000
2020-03-03,PTC,8.800000190734863,8.949999809265137,8.75,8.760000228881836,8.25246810913086,294000
2020-03-04,PTC,8.789999961853027,8.800000190734863,8.550000190734863,8.5600004196167,8.064055442810059,185500
2020-03-05,PTC,8.739999771118164,8.979999542236328,8.550000190734863,8.65999984741211,8.1582612991333,1340000
2020-03-06,PTC,8.579999923706055,8.75,8.5,8.5600004196167,8.064055442810059,376000
2020-03-09,PTC,8.449999809265137,8.479999542236328,7.900000095367432,8.300000190734863,7.819119453430176,706500
2020-03-10,PTC,8.300000190734863,8.699999809265137,8.25,8.380000114440918,7.894484519958496,197500
2020-03-11,PTC,8.539999961853027,8.539999961853027,8.210000038146973,8.229999542236328,7.753174304962158,136500
2020-03-12,PTC,8.300000190734863,8.300000190734863,7.800000190734863,7.880000114440918,7.423452854156494,1196000
2020-03-13,PTC,7.860000133514404,8.1899995803833,7.75,7.989999771118164,7.5270795822143555,209000
2020-03-16,PTC,8.09000015258789,8.09000015258789,7.510000228881836,7.619999885559082,7.178516387939453,461000
2020-03-17,PTC,7.699999809265137,7.880000114440918,7.389999866485596,7.429999828338623,6.9995245933532715,700000
2020-03-18,PTC,7.5,7.5,7.0,7.289999961853027,6.867636203765869,628500
2020-03-19,PTC,7.0,7.699999809265137,6.659999847412109,7.25,6.829953670501709,302000
2020-03-20,PTC,7.489999771118164,7.739999771118164,7.300000190734863,7.630000114440918,7.187937259674072,670000
2020-03-23,PTC,7.630000114440918,7.630000114440918,7.630000114440918,7.630000114440918,7.187937259674072,0
2020-03-24,PTC,6.909999847412109,7.239999771118164,6.800000190734863,6.849999904632568,6.453128337860107,422000
2020-03-25,PTC,7.070000171661377,7.150000095367432,7.0,7.050000190734863,6.641541004180908,184500
2020-03-26,PTC,7.099999904632568,7.28000020980835,6.920000076293945,7.010000228881836,6.603858947753906,399000
2020-03-27,PTC,7.059999942779541,7.300000190734863,6.960000038146973,7.21999979019165,6.80169153213501,287000
2020-03-30,PTC,7.239999771118164,7.349999904632568,7.110000133514404,7.349999904632568,6.924159526824951,189000
2020-03-31,PTC,7.349999904632568,7.800000190734863,7.349999904632568,7.75,7.300984859466553,252000
2020-04-01,PTC,7.789999961853027,7.889999866485596,7.699999809265137,7.75,7.300984859466553,163500
2020-04-02,PTC,7.800000190734863,7.989999771118164,7.699999809265137,7.980000019073486,7.5176591873168945,483500
2020-04-03,PTC,8.0,8.180000305175781,7.949999809265137,8.0,7.536500453948975,557000
2020-04-06,PTC,8.050000190734863,8.050000190734863,7.78000020980835,7.800000190734863,7.348088264465332,619000
2020-04-07,PTC,7.699999809265137,7.900000095367432,7.659999847412109,7.730000019073486,7.282143592834473,402500
2020-04-08,PTC,7.75,7.849999904632568,7.650000095367432,7.690000057220459,7.2444610595703125,138000
2020-04-09,PTC,7.769999980926514,7.900000095367432,7.75,7.860000133514404,7.404611587524414,780000
2020-04-10,PTC,7.659999847412109,7.840000152587891,7.659999847412109,7.699999809265137,7.253881454467773,146500
2020-04-13,PTC,7.699999809265137,7.699999809265137,7.389999866485596,7.400000095367432,6.9712629318237305,320500
2020-04-14,PTC,7.5,7.5,7.369999885559082,7.389999866485596,6.961842060089111,5191000
2020-04-15,PTC,7.400000095367432,7.539999961853027,7.369999885559082,7.380000114440918,6.95242166519165,126000
2020-04-16,PTC,7.480000019073486,7.489999771118164,7.320000171661377,7.360000133514404,6.93358039855957,56000
2020-04-17,PTC,7.610000133514404,7.989999771118164,7.610000133514404,7.929999828338623,7.470555782318115,582500
2020-04-20,PTC,7.949999809265137,7.960000038146973,7.75,7.840000152587891,7.385770797729492,321500
2020-04-21,PTC,7.840000152587891,7.840000152587891,7.590000152587891,7.650000095367432,7.206778526306152,148500
2020-04-22,PTC,7.739999771118164,7.739999771118164,7.510000228881836,7.679999828338623,7.235040187835693,34500
2020-04-23,PTC,7.699999809265137,7.739999771118164,7.699999809265137,7.699999809265137,7.253881454467773,17000
2020-04-24,PTC,7.659999847412109,7.800000190734863,7.659999847412109,7.730000019073486,7.282143592834473,75500
2020-04-27,PTC,7.659999847412109,7.75,7.630000114440918,7.650000095367432,7.206778526306152,17500
2020-04-28,PTC,7.650000095367432,7.699999809265137,7.599999904632568,7.610000133514404,7.169095993041992,37000
2020-04-29,PTC,7.650000095367432,7.650000095367432,7.599999904632568,7.650000095367432,7.206778526306152,20000
2020-04-30,PTC,7.630000114440918,7.789999961853027,7.630000114440918,7.670000076293945,7.225619792938232,589500
2020-05-01,PTC,7.670000076293945,7.670000076293945,7.670000076293945,7.670000076293945,7.225619792938232,0
2020-05-04,PTC,7.699999809265137,7.75,7.670000076293945,7.739999771118164,7.291563987731934,98000
2020-05-05,PTC,7.75,7.849999904632568,7.75,7.789999961853027,7.338667392730713,152500
2020-05-06,PTC,7.75,8.039999961853027,7.610000133514404,7.980000019073486,7.5176591873168945,806500
2020-05-07,PTC,8.050000190734863,8.09000015258789,7.800000190734863,7.900000095367432,7.442294120788574,185000
2020-05-08,PTC,7.900000095367432,7.900000095367432,7.710000038146973,7.78000020980835,7.329246997833252,44500
2020-05-11,PTC,7.849999904632568,8.140000343322754,7.849999904632568,8.0,7.536500453948975,1845500
2020-05-12,PTC,8.0,8.050000190734863,7.980000019073486,7.989999771118164,7.5270795822143555,78000
2020-05-13,PTC,7.989999771118164,8.100000381469727,7.980000019073486,7.989999771118164,7.5270795822143555,456500
2020-05-14,PTC,8.069999694824219,8.989999771118164,7.940000057220459,8.630000114440918,8.130000114440918,1996500
2020-05-15,PTC,8.319999694824219,8.989999771118164,8.020000457763672,8.6899995803833,8.6899995803833,1397500
2020-05-18,PTC,8.84000015258789,9.130000114440918,8.460000038146973,8.5,8.5,1432000
2020-05-19,PTC,8.649999618530273,9.0,8.15999984741211,8.229999542236328,8.229999542236328,2252500
2020-05-20,PTC,8.34000015258789,8.75,8.170000076293945,8.510000228881836,8.510000228881836,515500
2020-05-21,PTC,8.550000190734863,8.550000190734863,8.350000381469727,8.380000114440918,8.380000114440918,224000
2020-05-22,PTC,8.380000114440918,8.380000114440918,8.380000114440918,8.380000114440918,8.380000114440918,0
2020-05-25,PTC,8.380000114440918,8.380000114440918,8.380000114440918,8.380000114440918,8.380000114440918,0
2020-05-26,PTC,8.380000114440918,8.380000114440918,8.380000114440918,8.380000114440918,8.380000114440918,0
2020-05-27,PTC,8.380000114440918,8.380000114440918,8.380000114440918,8.380000114440918,8.380000114440918,0
2020-05-28,PTC,8.380000114440918,8.5,8.369999885559082,8.399999618530273,8.399999618530273,309000
2020-05-29,PTC,8.449999809265137,8.510000228881836,8.350000381469727,8.489999771118164,8.489999771118164,502500
2020-06-01,PTC,8.399999618530273,8.460000038146973,8.350000381469727,8.449999809265137,8.449999809265137,710000
2020-06-02,PTC,8.40999984741211,8.760000228881836,8.399999618530273,8.649999618530273,8.649999618530273,1610000
2020-06-03,PTC,8.649999618530273,9.079999923706055,8.550000190734863,8.859999656677246,8.859999656677246,1466500
2020-06-04,PTC,8.699999809265137,8.75,8.649999618530273,8.670000076293945,8.670000076293945,1357000
2020-06-05,PTC,8.619999885559082,8.699999809265137,8.600000381469727,8.640000343322754,8.640000343322754,321000
2020-06-08,PTC,8.670000076293945,8.75,8.449999809265137,8.510000228881836,8.510000228881836,1049000
2020-06-09,PTC,8.600000381469727,8.630000114440918,8.510000228881836,8.539999961853027,8.539999961853027,74500
2020-06-10,PTC,8.729999542236328,8.729999542236328,8.550000190734863,8.600000381469727,8.600000381469727,358500
2020-06-11,PTC,8.649999618530273,8.699999809265137,8.529999732971191,8.630000114440918,8.630000114440918,240500
2020-06-12,PTC,8.420000076293945,8.5,8.300000190734863,8.3100004196167,8.3100004196167,1341000
2020-06-15,PTC,8.319999694824219,8.449999809265137,8.100000381469727,8.109999656677246,8.109999656677246,591000
2020-06-16,PTC,8.109999656677246,8.369999885559082,8.109999656677246,8.350000381469727,8.350000381469727,232500
2020-06-17,PTC,8.25,8.680000305175781,8.25,8.390000343322754,8.390000343322754,1287000
2020-06-18,PTC,8.3100004196167,8.359999656677246,8.199999809265137,8.300000190734863,8.300000190734863,145500
2020-06-19,PTC,8.220000267028809,8.899999618530273,8.210000038146973,8.649999618530273,8.649999618530273,1708500
2020-06-22,PTC,8.75,8.75,8.460000038146973,8.619999885559082,8.619999885559082,157500
2020-06-23,PTC,8.680000305175781,8.680000305175781,8.399999618530273,8.489999771118164,8.489999771118164,371500
2020-06-24,PTC,8.420000076293945,8.600000381469727,8.300000190734863,8.34000015258789,8.34000015258789,268500
2020-06-25,PTC,8.489999771118164,8.489999771118164,8.199999809265137,8.210000038146973,8.210000038146973,228500
2020-06-26,PTC,8.399999618530273,8.399999618530273,8.229999542236328,8.25,8.25,181500
2020-06-29,PTC,8.34000015258789,8.75,8.220000267028809,8.569999694824219,8.569999694824219,538500
2020-06-30,PTC,8.40999984741211,8.989999771118164,8.1899995803833,8.880000114440918,8.880000114440918,1227000
2020-07-01,PTC,8.600000381469727,8.8100004196167,8.600000381469727,8.710000038146973,8.710000038146973,192500
2020-07-02,PTC,8.9399995803833,9.710000038146973,8.579999923706055,9.489999771118164,9.489999771118164,5748000
2020-07-03,PTC,9.489999771118164,9.649999618530273,9.199999809265137,9.300000190734863,9.300000190734863,8320000
2020-07-06,PTC,9.300000190734863,9.399999618530273,8.779999732971191,8.819999694824219,8.819999694824219,6581000
2020-07-07,PTC,8.8100004196167,9.300000190734863,8.8100004196167,9.149999618530273,9.149999618530273,3507000
2020-07-08,PTC,9.149999618530273,9.449999809265137,9.0,9.270000457763672,9.270000457763672,1183000
2020-07-09,PTC,9.390000343322754,9.390000343322754,9.140000343322754,9.210000038146973,9.210000038146973,329000
2020-07-10,PTC,9.300000190734863,9.34000015258789,9.199999809265137,9.260000228881836,9.260000228881836,265500
2020-07-13,PTC,9.300000190734863,9.350000381469727,9.149999618530273,9.1899995803833,9.1899995803833,455000
2020-07-14,PTC,9.050000190734863,9.289999961853027,9.050000190734863,9.220000267028809,9.220000267028809,456500
2020-07-15,PTC,9.25,9.300000190734863,8.800000190734863,8.819999694824219,8.819999694824219,2442000
2020-07-16,PTC,8.819999694824219,8.949999809265137,8.800000190734863,8.8100004196167,8.8100004196167,460000
2020-07-17,PTC,8.9399995803833,8.9399995803833,8.779999732971191,8.84000015258789,8.84000015258789,272000
2020-07-20,PTC,8.850000381469727,8.949999809265137,8.789999961853027,8.84000015258789,8.84000015258789,765000
2020-07-21,PTC,8.970000267028809,8.989999771118164,8.75,8.770000457763672,8.770000457763672,514000
2020-07-22,PTC,8.779999732971191,8.800000190734863,8.680000305175781,8.6899995803833,8.6899995803833,420500
2020-07-23,PTC,8.8100004196167,8.880000114440918,8.649999618530273,8.649999618530273,8.649999618530273,112000
2020-07-24,PTC,8.65999984741211,8.779999732971191,8.479999542236328,8.670000076293945,8.670000076293945,573000
2020-07-27,PTC,8.65999984741211,8.699999809265137,8.59000015258789,8.609999656677246,8.609999656677246,108000
2020-07-28,PTC,8.920000076293945,8.920000076293945,8.630000114440918,8.680000305175781,8.680000305175781,258500
2020-07-29,PTC,8.699999809265137,8.720000267028809,8.600000381469727,8.630000114440918,8.630000114440918,473000
2020-07-30,PTC,8.800000190734863,8.819999694824219,8.539999961853027,8.630000114440918,8.630000114440918,740500
2020-07-31,PTC,8.630000114440918,8.630000114440918,8.630000114440918,8.630000114440918,8.630000114440918,0
2020-08-03,PTC,8.75,8.75,8.609999656677246,8.680000305175781,8.680000305175781,827000
2020-08-04,PTC,8.789999961853027,8.899999618530273,8.649999618530273,8.710000038146973,8.710000038146973,1845000
2020-08-05,PTC,8.619999885559082,8.819999694824219,8.600000381469727,8.699999809265137,8.699999809265137,317500
2020-08-06,PTC,8.720000267028809,9.119999885559082,8.600000381469727,8.979999542236328,8.979999542236328,5090000
2020-08-07,PTC,9.100000381469727,9.399999618530273,9.050000190734863,9.109999656677246,9.109999656677246,9142500
2020-08-10,PTC,9.1899995803833,9.1899995803833,8.859999656677246,8.890000343322754,8.890000343322754,794000
2020-08-11,PTC,8.899999618530273,9.390000343322754,8.800000190734863,9.100000381469727,9.100000381469727,3200500
2020-08-12,PTC,9.199999809265137,9.489999771118164,9.100000381469727,9.109999656677246,9.109999656677246,5094500
2020-08-13,PTC,9.100000381469727,9.170000076293945,9.0,9.039999961853027,9.039999961853027,775000
2020-08-14,PTC,9.039999961853027,9.039999961853027,9.039999961853027,9.039999961853027,9.039999961853027,0
2020-08-17,PTC,9.039999961853027,9.1899995803833,8.859999656677246,8.9399995803833,8.9399995803833,568000
2020-08-18,PTC,8.9399995803833,9.199999809265137,8.850000381469727,9.069999694824219,9.069999694824219,2988500
2020-08-19,PTC,9.100000381469727,9.399999618530273,9.100000381469727,9.1899995803833,9.1899995803833,8514000
2020-08-20,PTC,9.199999809265137,9.649999618530273,9.199999809265137,9.460000038146973,9.460000038146973,21046500
2020-08-21,PTC,9.399999618530273,9.649999618530273,9.199999809265137,9.239999771118164,9.239999771118164,11656000
2020-08-24,PTC,9.380000114440918,9.380000114440918,9.220000267028809,9.260000228881836,9.260000228881836,1353500
2020-08-25,PTC,9.260000228881836,9.6899995803833,9.199999809265137,9.329999923706055,9.329999923706055,3667500
2020-08-26,PTC,9.489999771118164,9.489999771118164,9.180000305175781,9.199999809265137,9.199999809265137,894500
2020-08-27,PTC,9.210000038146973,9.350000381469727,9.199999809265137,9.25,9.25,2118000
2020-08-28,PTC,9.149999618530273,9.75,9.149999618530273,9.550000190734863,9.550000190734863,2626000
2020-08-31,PTC,9.550000190734863,9.600000381469727,9.369999885559082,9.420000076293945,9.420000076293945,11954000
2020-09-01,PTC,9.390000343322754,9.989999771118164,9.390000343322754,9.65999984741211,9.65999984741211,12411500
2020-09-02,PTC,9.710000038146973,10.640000343322754,9.680000305175781,10.539999961853027,10.539999961853027,48748500
2020-09-03,PTC,10.800000190734863,10.850000381469727,10.100000381469727,10.270000457763672,10.270000457763672,21704000
2020-09-04,PTC,10.270000457763672,10.300000190734863,9.979999542236328,10.029999732971191,10.029999732971191,9225500
2020-09-07,PTC,10.220000267028809,10.350000381469727,9.960000038146973,10.220000267028809,10.220000267028809,12896500
2020-09-08,PTC,10.350000381469727,10.520000457763672,10.039999961853027,10.319999694824219,10.319999694824219,24962000
2020-09-09,PTC,10.25,11.319999694824219,10.130000114440918,11.270000457763672,11.270000457763672,63041000
2020-09-10,PTC,11.300000190734863,11.789999961853027,11.130000114440918,11.270000457763672,11.270000457763672,41417000
2020-09-11,PTC,11.350000381469727,11.350000381469727,10.800000190734863,10.869999885559082,10.869999885559082,11082000
2020-09-14,PTC,10.850000381469727,11.09000015258789,10.670000076293945,10.710000038146973,10.710000038146973,9760000
2020-09-15,PTC,10.789999961853027,10.850000381469727,10.550000190734863,10.609999656677246,10.609999656677246,8140500
2020-09-16,PTC,10.600000381469727,10.8100004196167,10.5,10.760000228881836,10.760000228881836,3229000
2020-09-17,PTC,10.899999618530273,11.760000228881836,10.899999618530273,11.710000038146973,11.710000038146973,78666000
2020-09-18,PTC,11.800000190734863,12.09000015258789,11.5,11.630000114440918,11.630000114440918,28181500
2020-09-21,PTC,11.520000457763672,11.880000114440918,11.430000305175781,11.720000267028809,11.720000267028809,8129000
2020-09-22,PTC,11.699999809265137,12.050000190734863,11.329999923706055,11.619999885559082,11.619999885559082,18375500
2020-09-23,PTC,11.6899995803833,12.300000190734863,11.5600004196167,11.770000457763672,11.770000457763672,27156000
2020-09-24,PTC,11.6899995803833,12.180000305175781,11.550000190734863,11.720000267028809,11.720000267028809,17748000
2020-09-25,PTC,11.779999732971191,12.109999656677246,11.649999618530273,11.6899995803833,11.6899995803833,11278500
2020-09-28,PTC,11.84000015258789,11.989999771118164,11.100000381469727,11.199999809265137,11.199999809265137,10937000
2020-09-29,PTC,11.170000076293945,11.449999809265137,10.899999618530273,11.25,11.25,7110000
2020-09-30,PTC,11.34000015258789,11.460000038146973,10.699999809265137,10.8100004196167,10.8100004196167,7089000
2020-10-01,PTC,10.760000228881836,10.970000267028809,10.460000038146973,10.609999656677246,10.609999656677246,5739000
2020-10-02,PTC,10.579999923706055,10.739999771118164,10.010000228881836,10.119999885559082,10.119999885559082,5378000
2020-10-05,PTC,10.020000457763672,10.079999923706055,9.4399995803833,9.529999732971191,9.529999732971191,6885500
2020-10-06,PTC,9.550000190734863,9.75,9.300000190734863,9.5600004196167,9.5600004196167,1971000
2020-10-07,PTC,9.649999618530273,10.149999618530273,9.619999885559082,10.0600004196167,10.0600004196167,3167500
2020-10-08,PTC,10.100000381469727,10.119999885559082,9.850000381469727,10.039999961853027,10.039999961853027,1481500
2020-10-09,PTC,10.069999694824219,10.199999809265137,9.899999618530273,9.960000038146973,9.960000038146973,2651500
2020-10-12,PTC,9.90999984741211,10.050000190734863,9.40999984741211,9.449999809265137,9.449999809265137,2765000
2020-10-13,PTC,9.59000015258789,9.59000015258789,9.350000381469727,9.449999809265137,9.449999809265137,753000
2020-10-14,PTC,9.600000381469727,9.710000038146973,9.399999618530273,9.4399995803833,9.4399995803833,1025000
2020-10-15,PTC,9.489999771118164,9.649999618530273,9.449999809265137,9.5,9.5,2267000
2020-10-16,PTC,9.5,9.5,9.369999885559082,9.430000305175781,9.430000305175781,342500
2020-10-19,PTC,9.430000305175781,9.539999961853027,9.380000114440918,9.390000343322754,9.390000343322754,318000
2020-10-20,PTC,9.449999809265137,9.600000381469727,9.350000381469727,9.390000343322754,9.390000343322754,2407500
2020-10-21,PTC,9.399999618530273,9.9399995803833,9.399999618530273,9.8100004196167,9.8100004196167,6552000
2020-10-22,PTC,9.890000343322754,10.09000015258789,9.649999618530273,9.760000228881836,9.760000228881836,3055000
2020-10-23,PTC,9.8100004196167,9.890000343322754,9.600000381469727,9.65999984741211,9.65999984741211,963000
2020-10-26,PTC,9.699999809265137,9.979999542236328,9.680000305175781,9.819999694824219,9.819999694824219,3445500
2020-10-27,PTC,9.789999961853027,9.800000190734863,9.600000381469727,9.649999618530273,9.649999618530273,897500
2020-10-28,PTC,9.649999618530273,9.850000381469727,9.569999694824219,9.600000381469727,9.600000381469727,1916500
2020-10-29,PTC,9.619999885559082,9.619999885559082,8.699999809265137,9.0600004196167,9.0600004196167,2432500
2020-10-30,PTC,9.0600004196167,9.0600004196167,9.0600004196167,9.0600004196167,9.0600004196167,0
2020-11-02,PTC,9.050000190734863,9.0600004196167,8.5,8.90999984741211,8.90999984741211,1131500
2020-11-03,PTC,9.0,9.380000114440918,9.0,9.300000190734863,9.300000190734863,839000
2020-11-04,PTC,9.34000015258789,9.449999809265137,9.050000190734863,9.0600004196167,9.0600004196167,1288000
2020-11-05,PTC,9.239999771118164,9.569999694824219,9.140000343322754,9.420000076293945,9.420000076293945,3331500
2020-11-06,PTC,9.5,9.5,9.210000038146973,9.25,9.25,610500
2020-11-09,PTC,9.34000015258789,9.399999618530273,9.149999618530273,9.270000457763672,9.270000457763672,1238500
2020-11-10,PTC,9.350000381469727,9.399999618530273,9.130000114440918,9.180000305175781,9.180000305175781,750500
2020-11-11,PTC,9.199999809265137,9.239999771118164,9.09000015258789,9.149999618530273,9.149999618530273,323000
2020-11-12,PTC,9.109999656677246,9.15999984741211,8.899999618530273,8.90999984741211,8.90999984741211,1885500
2020-11-13,PTC,8.989999771118164,8.989999771118164,8.859999656677246,8.899999618530273,8.899999618530273,783000
2020-11-16,PTC,8.880000114440918,8.979999542236328,8.859999656677246,8.920000076293945,8.920000076293945,272000
2020-11-17,PTC,8.979999542236328,9.050000190734863,8.90999984741211,8.970000267028809,8.970000267028809,294500
2020-11-18,PTC,8.890000343322754,8.949999809265137,8.739999771118164,8.770000457763672,8.770000457763672,1275000
2020-11-19,PTC,8.890000343322754,8.949999809265137,8.710000038146973,8.770000457763672,8.770000457763672,477000
2020-11-20,PTC,8.890000343322754,8.890000343322754,8.739999771118164,8.789999961853027,8.789999961853027,239000
2020-11-23,PTC,8.680000305175781,8.789999961853027,8.520000457763672,8.550000190734863,8.550000190734863,774500
2020-11-24,PTC,8.779999732971191,8.779999732971191,8.510000228881836,8.539999961853027,8.539999961853027,225500
2020-11-25,PTC,8.739999771118164,8.869999885559082,8.640000343322754,8.779999732971191,8.779999732971191,218500
2020-11-26,PTC,8.890000343322754,9.079999923706055,8.779999732971191,8.930000305175781,8.930000305175781,1988000
2020-11-27,PTC,9.0,9.039999961853027,8.8100004196167,8.970000267028809,8.970000267028809,264000
2020-11-30,PTC,8.949999809265137,9.109999656677246,8.829999923706055,9.050000190734863,9.050000190734863,1506500
2020-12-01,PTC,9.109999656677246,9.199999809265137,8.949999809265137,9.109999656677246,9.109999656677246,985000
2020-12-02,PTC,9.149999618530273,9.199999809265137,9.100000381469727,9.109999656677246,9.109999656677246,745000
2020-12-03,PTC,9.180000305175781,9.25,8.949999809265137,8.979999542236328,8.979999542236328,1007500
2020-12-04,PTC,8.920000076293945,9.380000114440918,8.920000076293945,9.199999809265137,9.199999809265137,21734500
2020-12-07,PTC,9.279999732971191,9.279999732971191,9.050000190734863,9.0600004196167,9.0600004196167,1417500
2020-12-08,PTC,9.069999694824219,9.149999618530273,8.949999809265137,9.029999732971191,9.029999732971191,885500
2020-12-09,PTC,9.100000381469727,9.170000076293945,8.880000114440918,8.930000305175781,8.930000305175781,1710000
2020-12-10,PTC,9.0,9.0,8.899999618530273,8.90999984741211,8.90999984741211,437000
2020-12-11,PTC,8.859999656677246,9.180000305175781,8.859999656677246,8.90999984741211,8.90999984741211,1354000
2020-12-14,PTC,9.0,9.229999542236328,9.0,9.170000076293945,9.170000076293945,1819500
2020-12-15,PTC,9.199999809265137,9.350000381469727,9.109999656677246,9.180000305175781,9.180000305175781,1761000
2020-12-16,PTC,9.109999656677246,9.170000076293945,8.979999542236328,9.020000457763672,9.020000457763672,1324000
2020-12-17,PTC,9.0600004196167,9.199999809265137,9.0600004196167,9.079999923706055,9.079999923706055,816500
2020-12-18,PTC,9.079999923706055,9.15999984741211,8.90999984741211,8.9399995803833,8.9399995803833,2161000
2020-12-21,PTC,8.989999771118164,9.0,8.8100004196167,8.859999656677246,8.859999656677246,1733500
2020-12-22,PTC,8.880000114440918,9.050000190734863,8.800000190734863,8.84000015258789,8.84000015258789,895500
2020-12-23,PTC,8.829999923706055,9.149999618530273,8.800000190734863,8.960000038146973,8.960000038146973,1745500
2020-12-24,PTC,8.949999809265137,9.100000381469727,8.949999809265137,8.989999771118164,8.989999771118164,802000
2020-12-25,PTC,8.989999771118164,8.989999771118164,8.989999771118164,8.989999771118164,8.989999771118164,0
2020-12-28,PTC,8.960000038146973,9.550000190734863,8.90999984741211,9.5,9.5,5246000
2020-12-29,PTC,9.550000190734863,9.739999771118164,9.149999618530273,9.229999542236328,9.229999542236328,5305500
2020-12-30,PTC,9.300000190734863,9.399999618530273,9.149999618530273,9.180000305175781,9.180000305175781,1402000
2020-12-31,PTC,9.25,9.399999618530273,9.050000190734863,9.100000381469727,9.100000381469727,1812500
2021-01-01,PTC,9.449999809265137,9.649999618530273,9.100000381469727,9.119999885559082,9.119999885559082,7506000
2021-01-04,PTC,9.25,9.399999618530273,8.970000267028809,9.029999732971191,9.029999732971191,3988000
2021-01-05,PTC,9.140000343322754,9.59000015258789,9.119999885559082,9.4399995803833,9.4399995803833,12352000
2021-01-06,PTC,9.510000228881836,9.850000381469727,9.510000228881836,9.699999809265137,9.699999809265137,9713000
2021-01-07,PTC,9.75,9.800000190734863,9.399999618530273,9.4399995803833,9.4399995803833,2631500
2021-01-08,PTC,9.529999732971191,10.0600004196167,9.520000457763672,9.869999885559082,9.869999885559082,9697500
2021-01-11,PTC,9.970000267028809,10.0,9.529999732971191,9.569999694824219,9.569999694824219,4969000
2021-01-12,PTC,9.649999618530273,9.949999809265137,9.600000381469727,9.800000190734863,9.800000190734863,5318500
2021-01-13,PTC,9.970000267028809,10.34000015258789,9.880000114440918,9.920000076293945,9.920000076293945,16401000
2021-01-14,PTC,9.949999809265137,10.0,9.739999771118164,9.789999961853027,9.789999961853027,2368500
2021-01-15,PTC,9.800000190734863,9.850000381469727,9.619999885559082,9.670000076293945,9.670000076293945,2816500
2021-01-18,PTC,9.739999771118164,9.779999732971191,9.5,9.600000381469727,9.600000381469727,2215500
2021-01-19,PTC,9.600000381469727,9.779999732971191,9.539999961853027,9.630000114440918,9.630000114440918,1414000
2021-01-20,PTC,9.619999885559082,9.699999809265137,9.460000038146973,9.510000228881836,9.510000228881836,2172000
2021-01-21,PTC,9.550000190734863,9.59000015258789,9.300000190734863,9.34000015258789,9.34000015258789,2849000
2021-01-22,PTC,9.399999618530273,9.470000267028809,9.199999809265137,9.3100004196167,9.3100004196167,1572500
2021-01-25,PTC,9.399999618530273,9.630000114440918,9.319999694824219,9.34000015258789,9.34000015258789,1169500
2021-01-26,PTC,9.470000267028809,9.479999542236328,9.180000305175781,9.199999809265137,9.199999809265137,3473500
2021-01-27,PTC,9.220000267028809,9.300000190734863,9.010000228881836,9.130000114440918,9.130000114440918,1542000
2021-01-28,PTC,9.140000343322754,9.180000305175781,9.0,9.109999656677246,9.109999656677246,3814500
2021-01-29,PTC,9.149999618530273,9.1899995803833,9.029999732971191,9.100000381469727,9.100000381469727,1894000
2021-02-01,PTC,9.199999809265137,9.34000015258789,9.119999885559082,9.15999984741211,9.15999984741211,1713500
2021-02-02,PTC,9.199999809265137,9.25,9.100000381469727,9.15999984741211,9.15999984741211,1369000
2021-02-03,PTC,9.25,9.270000457763672,9.100000381469727,9.1899995803833,9.1899995803833,1765500
2021-02-04,PTC,9.15999984741211,9.460000038146973,9.15999984741211,9.199999809265137,9.199999809265137,3237000
2021-02-05,PTC,9.199999809265137,9.199999809265137,9.199999809265137,9.199999809265137,9.199999809265137,0
2021-02-08,PTC,9.220000267028809,9.289999961853027,9.100000381469727,9.130000114440918,9.130000114440918,1285500
2021-02-09,PTC,9.199999809265137,9.5,9.15999984741211,9.300000190734863,9.300000190734863,4639000
2021-02-10,PTC,9.449999809265137,9.670000076293945,9.119999885559082,9.289999961853027,9.289999961853027,6872500
2021-02-11,PTC,9.1899995803833,9.359999656677246,9.0,9.029999732971191,9.029999732971191,6941500
2021-02-12,PTC,9.050000190734863,9.210000038146973,8.880000114440918,8.930000305175781,8.930000305175781,2866000
2021-02-15,PTC,8.960000038146973,9.100000381469727,8.760000228881836,8.800000190734863,8.800000190734863,3262500
2021-02-16,PTC,8.8100004196167,9.100000381469727,8.8100004196167,9.020000457763672,9.020000457763672,3040500
2021-02-17,PTC,9.09000015258789,9.25,9.0,9.020000457763672,9.020000457763672,3692000
2021-02-18,PTC,9.130000114440918,9.140000343322754,8.859999656677246,8.90999984741211,8.90999984741211,3578500
2021-02-19,PTC,9.0,9.0,8.869999885559082,8.920000076293945,8.920000076293945,2182500
2021-02-22,PTC,8.989999771118164,9.09000015258789,8.899999618530273,9.020000457763672,9.020000457763672,1697000
2021-02-23,PTC,9.09000015258789,9.130000114440918,8.90999984741211,9.0600004196167,9.0600004196167,1986500
2021-02-24,PTC,9.0600004196167,9.4399995803833,9.0600004196167,9.130000114440918,9.130000114440918,8889000
2021-02-25,PTC,9.149999618530273,9.300000190734863,9.039999961853027,9.0600004196167,9.0600004196167,2764500
2021-02-26,PTC,9.050000190734863,9.119999885559082,8.890000343322754,8.920000076293945,8.920000076293945,1329000
2021-03-01,PTC,8.960000038146973,8.960000038146973,8.699999809265137,8.800000190734863,8.800000190734863,2214500
2021-03-02,PTC,8.890000343322754,8.920000076293945,8.789999961853027,8.829999923706055,8.829999923706055,1603000
2021-03-03,PTC,8.8100004196167,8.970000267028809,8.800000190734863,8.829999923706055,8.829999923706055,618500
2021-03-04,PTC,8.569999694824219,8.770000457763672,8.5,8.529999732971191,8.529999732971191,2100000
2021-03-05,PTC,8.699999809265137,8.789999961853027,8.600000381469727,8.729999542236328,8.729999542236328,840000
2021-03-08,PTC,8.819999694824219,8.880000114440918,8.600000381469727,8.640000343322754,8.640000343322754,837000
2021-03-09,PTC,8.609999656677246,8.699999809265137,8.300000190734863,8.34000015258789,8.34000015258789,2009000
2021-03-10,PTC,8.420000076293945,8.420000076293945,8.199999809265137,8.210000038146973,8.210000038146973,617500
2021-03-11,PTC,8.279999732971191,8.300000190734863,8.0,8.020000457763672,8.020000457763672,2467500
2021-03-12,PTC,7.920000076293945,8.239999771118164,7.920000076293945,8.140000343322754,8.140000343322754,1087000
2021-03-15,PTC,8.25,8.329999923706055,8.15999984741211,8.210000038146973,8.210000038146973,2162500
2021-03-16,PTC,8.25,8.640000343322754,8.210000038146973,8.529999732971191,8.529999732971191,1629000
2021-03-17,PTC,8.600000381469727,8.729999542236328,8.5600004196167,8.609999656677246,8.609999656677246,1261500
2021-03-18,PTC,8.520000457763672,8.600000381469727,8.350000381469727,8.380000114440918,8.380000114440918,777500
2021-03-19,PTC,8.59000015258789,8.59000015258789,8.3100004196167,8.40999984741211,8.40999984741211,720000
2021-03-22,PTC,8.300000190734863,8.649999618530273,8.300000190734863,8.510000228881836,8.510000228881836,1319000
2021-03-23,PTC,8.510000228881836,8.510000228881836,8.510000228881836,8.510000228881836,8.510000228881836,0
2021-03-24,PTC,8.699999809265137,9.510000228881836,8.600000381469727,9.510000228881836,9.510000228881836,37218000
2021-03-25,PTC,9.6899995803833,10.350000381469727,9.260000228881836,10.100000381469727,10.100000381469727,61352500
2021-03-26,PTC,10.1899995803833,10.5,9.850000381469727,10.130000114440918,10.130000114440918,39614000
2021-03-29,PTC,10.180000305175781,10.199999809265137,9.260000228881836,9.5600004196167,9.5600004196167,24328500
2021-03-30,PTC,9.4399995803833,9.600000381469727,9.25,9.479999542236328,9.479999542236328,3978000
2021-03-31,PTC,9.609999656677246,9.800000190734863,9.229999542236328,9.279999732971191,9.279999732971191,3958500
2021-04-01,PTC,9.25,9.600000381469727,8.989999771118164,9.050000190734863,9.050000190734863,17162000
2021-04-02,PTC,9.0600004196167,9.140000343322754,9.0,9.0,9.0,4122000
2021-04-05,PTC,9.100000381469727,9.100000381469727,8.819999694824219,8.859999656677246,8.859999656677246,2844000
2021-04-06,PTC,8.880000114440918,9.470000267028809,8.880000114440918,9.40999984741211,9.40999984741211,4846500
2021-04-07,PTC,9.449999809265137,9.470000267028809,9.149999618530273,9.1899995803833,9.1899995803833,1412000
2021-04-08,PTC,9.289999961853027,9.609999656677246,9.220000267028809,9.529999732971191,9.529999732971191,10599000
2021-04-09,PTC,9.5,9.609999656677246,9.399999618530273,9.470000267028809,9.470000267028809,4689500
2021-04-12,PTC,9.3100004196167,9.789999961853027,9.3100004196167,9.59000015258789,9.59000015258789,8039000
2021-04-13,PTC,9.520000457763672,9.9399995803833,9.520000457763672,9.710000038146973,9.710000038146973,8329000
2021-04-14,PTC,9.699999809265137,10.25,9.699999809265137,10.020000457763672,10.020000457763672,13551500
2021-04-15,PTC,10.199999809265137,10.199999809265137,9.819999694824219,9.890000343322754,9.890000343322754,3314000
2021-04-16,PTC,9.979999542236328,10.0600004196167,9.829999923706055,9.9399995803833,9.9399995803833,1581000
2021-04-19,PTC,9.699999809265137,9.829999923706055,9.449999809265137,9.5600004196167,9.5600004196167,3012500
2021-04-20,PTC,9.729999542236328,9.779999732971191,9.5,9.569999694824219,9.569999694824219,1300000
2021-04-21,PTC,9.739999771118164,9.739999771118164,9.260000228881836,9.380000114440918,9.380000114440918,1538500
2021-04-22,PTC,9.380000114440918,9.5,9.100000381469727,9.170000076293945,9.170000076293945,1650000
2021-04-23,PTC,9.199999809265137,9.199999809265137,9.010000228881836,9.069999694824219,9.069999694824219,896500
2021-04-26,PTC,9.020000457763672,9.239999771118164,9.0,9.079999923706055,9.079999923706055,1731000
2021-04-27,PTC,9.09000015258789,9.239999771118164,9.069999694824219,9.109999656677246,9.109999656677246,1195000
2021-04-28,PTC,9.199999809265137,9.229999542236328,9.039999961853027,9.069999694824219,9.069999694824219,542000
2021-04-29,PTC,9.0600004196167,9.100000381469727,9.0,9.029999732971191,9.029999732971191,623000
2021-04-30,PTC,9.180000305175781,9.180000305175781,8.949999809265137,9.0,9.0,1180500
2021-05-03,PTC,9.0,9.050000190734863,8.829999923706055,9.0,9.0,487500
2021-05-04,PTC,9.069999694824219,9.300000190734863,9.020000457763672,9.079999923706055,9.079999923706055,217500
2021-05-05,PTC,9.180000305175781,9.270000457763672,9.149999618530273,9.1899995803833,9.1899995803833,898000
2021-05-06,PTC,9.149999618530273,9.149999618530273,8.970000267028809,9.0,9.0,1532000
2021-05-07,PTC,9.0,9.0,9.0,9.0,9.0,0
2021-05-10,PTC,9.0,9.0,9.0,9.0,9.0,0
2021-05-11,PTC,9.0,9.0,9.0,9.0,9.0,0
2021-05-12,PTC,9.0,9.0,9.0,9.0,9.0,0
2021-05-13,PTC,9.0,9.0,9.0,9.0,9.0,0
2021-05-14,PTC,9.0,9.0,9.0,9.0,9.0,0
2021-05-17,PTC,9.140000343322754,9.270000457763672,9.0,9.25,9.25,1259500
2021-05-18,PTC,9.369999885559082,9.369999885559082,9.119999885559082,9.25,9.25,860000
2021-05-19,PTC,9.239999771118164,9.239999771118164,9.109999656677246,9.149999618530273,9.149999618530273,219000
2021-05-20,PTC,9.119999885559082,9.489999771118164,9.100000381469727,9.319999694824219,9.319999694824219,2147000
2021-05-21,PTC,9.369999885559082,9.550000190734863,9.260000228881836,9.399999618530273,9.399999618530273,3647500
2021-05-24,PTC,9.449999809265137,9.5,9.199999809265137,9.229999542236328,9.229999542236328,2099500
2021-05-25,PTC,9.229999542236328,9.319999694824219,9.180000305175781,9.199999809265137,9.199999809265137,1343000
2021-05-26,PTC,9.300000190734863,10.199999809265137,9.279999732971191,10.069999694824219,10.069999694824219,23714000
2021-05-27,PTC,10.300000190734863,10.819999694824219,10.210000038146973,10.359999656677246,10.359999656677246,49967000
2021-05-28,PTC,10.359999656677246,10.460000038146973,10.130000114440918,10.170000076293945,10.170000076293945,4178000
2021-05-31,PTC,10.329999923706055,10.449999809265137,10.149999618530273,10.229999542236328,10.229999542236328,21390500
2021-06-01,PTC,10.449999809265137,11.229999542236328,10.390000343322754,11.229999542236328,11.229999542236328,58938500
2021-06-02,PTC,11.5,11.6899995803833,10.949999809265137,11.0600004196167,11.0600004196167,36195000
2021-06-03,PTC,10.949999809265137,11.539999961853027,10.850000381469727,11.210000038146973,11.210000038146973,20762000
2021-06-04,PTC,11.3100004196167,11.979999542236328,11.289999961853027,11.859999656677246,11.859999656677246,35951000
2021-06-07,PTC,11.890000343322754,12.779999732971191,11.600000381469727,12.640000343322754,12.640000343322754,64767500
2021-06-08,PTC,12.75,13.140000343322754,12.109999656677246,12.380000114440918,12.380000114440918,32299500
2021-06-09,PTC,12.399999618530273,13.050000190734863,12.100000381469727,12.869999885559082,12.869999885559082,34111000
2021-06-10,PTC,13.0,13.34000015258789,12.880000114440918,13.09000015258789,13.09000015258789,20966500
2021-06-11,PTC,13.399999618530273,14.0,13.270000457763672,13.84000015258789,13.84000015258789,51553000
2021-06-14,PTC,14.140000343322754,14.170000076293945,13.380000114440918,13.489999771118164,13.489999771118164,27611000
2021-06-15,PTC,13.489999771118164,13.649999618530273,12.800000190734863,12.9399995803833,12.9399995803833,10290000
2021-06-16,PTC,13.029999732971191,13.350000381469727,12.510000228881836,13.0,13.0,15189500
2021-06-17,PTC,13.0,13.300000190734863,12.609999656677246,12.6899995803833,12.6899995803833,9468500
2021-06-18,PTC,12.670000076293945,13.25,12.670000076293945,13.09000015258789,13.09000015258789,7922000
2021-06-21,PTC,13.010000228881836,13.100000381469727,12.619999885559082,12.729999542236328,12.729999542236328,6889500
2021-06-22,PTC,12.729999542236328,12.899999618530273,12.260000228881836,12.390000343322754,12.390000343322754,6017500
2021-06-23,PTC,12.390000343322754,12.5,12.029999732971191,12.100000381469727,12.100000381469727,6686500
2021-06-24,PTC,12.239999771118164,12.449999809265137,12.0,12.079999923706055,12.079999923706055,5684500
2021-06-25,PTC,12.010000228881836,12.25,11.800000190734863,11.859999656677246,11.859999656677246,8899500
2021-06-28,PTC,11.899999618530273,11.989999771118164,11.609999656677246,11.6899995803833,11.6899995803833,4047500
2021-06-29,PTC,11.699999809265137,12.199999809265137,11.699999809265137,11.989999771118164,11.989999771118164,6024000
2021-06-30,PTC,12.149999618530273,12.220000267028809,11.800000190734863,11.84000015258789,11.84000015258789,2513500
2021-07-01,PTC,12.0,12.25,11.899999618530273,12.0600004196167,12.0600004196167,6243000
2021-07-02,PTC,12.220000267028809,12.25,11.890000343322754,11.9399995803833,11.9399995803833,2790000
2021-07-05,PTC,11.949999809265137,12.100000381469727,11.800000190734863,11.859999656677246,11.859999656677246,1693500
2021-07-06,PTC,11.970000267028809,12.039999961853027,11.600000381469727,11.6899995803833,11.6899995803833,1486000
2021-07-07,PTC,11.75,11.770000457763672,11.470000267028809,11.550000190734863,11.550000190734863,1661500
2021-07-08,PTC,11.550000190734863,12.3100004196167,11.399999618530273,12.079999923706055,12.079999923706055,7208500
2021-07-09,PTC,12.199999809265137,12.239999771118164,11.800000190734863,11.859999656677246,11.859999656677246,2310000
2021-07-12,PTC,11.8100004196167,11.890000343322754,11.399999618530273,11.5,11.5,1390500
2021-07-13,PTC,11.6899995803833,11.819999694824219,11.550000190734863,11.609999656677246,11.609999656677246,1769000
2021-07-14,PTC,11.670000076293945,12.100000381469727,11.609999656677246,11.75,11.75,4100500
2021-07-15,PTC,11.760000228881836,11.890000343322754,11.630000114440918,11.84000015258789,11.84000015258789,3656500
2021-07-16,PTC,11.850000381469727,12.25,11.84000015258789,12.15999984741211,12.15999984741211,5207500
2021-07-19,PTC,12.239999771118164,12.239999771118164,12.0,12.119999885559082,12.119999885559082,2814500
2021-07-20,PTC,12.119999885559082,12.119999885559082,12.119999885559082,12.119999885559082,12.119999885559082,0
2021-07-21,PTC,12.119999885559082,12.119999885559082,12.119999885559082,12.119999885559082,12.119999885559082,0
2021-07-22,PTC,12.119999885559082,12.119999885559082,12.119999885559082,12.119999885559082,12.119999885559082,0
2021-07-23,PTC,12.119999885559082,12.119999885559082,12.119999885559082,12.119999885559082,12.119999885559082,0
2021-07-26,PTC,11.880000114440918,12.0,11.75,11.779999732971191,11.779999732971191,1388500
2021-07-27,PTC,11.710000038146973,11.899999618530273,11.710000038146973,11.789999961853027,11.789999961853027,2207000
2021-07-28,PTC,11.920000076293945,11.920000076293945,11.5,11.609999656677246,11.609999656677246,2439500
2021-07-29,PTC,11.5,12.100000381469727,11.270000457763672,11.779999732971191,11.779999732971191,8647000
2021-07-30,PTC,11.800000190734863,12.140000343322754,11.600000381469727,11.649999618530273,11.649999618530273,3894000
2021-08-02,PTC,11.5600004196167,11.850000381469727,11.5600004196167,11.770000457763672,11.770000457763672,957000
2021-08-03,PTC,11.989999771118164,12.289999961853027,11.800000190734863,12.130000114440918,12.130000114440918,7064000
2021-08-04,PTC,12.149999618530273,12.25,11.979999542236328,12.050000190734863,12.050000190734863,3013500
2021-08-05,PTC,12.140000343322754,13.050000190734863,12.100000381469727,12.630000114440918,12.630000114440918,62138500
2021-08-06,PTC,12.630000114440918,12.6899995803833,12.149999618530273,12.25,12.25,5691000
2021-08-09,PTC,12.3100004196167,12.510000228881836,12.020000457763672,12.15999984741211,12.15999984741211,3671000
2021-08-10,PTC,12.229999542236328,12.449999809265137,11.9399995803833,12.199999809265137,12.199999809265137,2786500
2021-08-11,PTC,12.229999542236328,12.449999809265137,11.960000038146973,12.020000457763672,12.020000457763672,9799000
2021-08-12,PTC,11.949999809265137,12.0,11.609999656677246,11.680000305175781,11.680000305175781,2426000
2021-08-13,PTC,11.609999656677246,11.84000015258789,11.520000457763672,11.720000267028809,11.720000267028809,1762500
2021-08-16,PTC,11.739999771118164,11.75,11.329999923706055,11.479999542236328,11.479999542236328,2004500
2021-08-17,PTC,11.649999618530273,11.800000190734863,11.510000228881836,11.569999694824219,11.569999694824219,1322000
2021-08-18,PTC,11.569999694824219,11.569999694824219,11.569999694824219,11.569999694824219,11.569999694824219,0
2021-08-19,PTC,11.569999694824219,11.569999694824219,11.569999694824219,11.569999694824219,11.569999694824219,0
2021-08-20,PTC,11.460000038146973,11.789999961853027,11.460000038146973,11.720000267028809,11.720000267028809,1621500
2021-08-23,PTC,11.710000038146973,11.8100004196167,11.550000190734863,11.609999656677246,11.609999656677246,938000
2021-08-24,PTC,11.550000190734863,11.850000381469727,11.5,11.550000190734863,11.550000190734863,1050000
2021-08-25,PTC,11.529999732971191,11.6899995803833,11.40999984741211,11.449999809265137,11.449999809265137,5191500
2021-08-26,PTC,11.470000267028809,11.510000228881836,11.260000228881836,11.300000190734863,11.300000190734863,565500
2021-08-27,PTC,11.239999771118164,11.479999542236328,10.819999694824219,10.890000343322754,10.890000343322754,2143000
2021-08-30,PTC,11.0,11.199999809265137,10.960000038146973,11.0600004196167,11.0600004196167,1747500
2021-08-31,PTC,11.229999542236328,11.279999732971191,11.0,11.050000190734863,11.050000190734863,1541000
2021-09-01,PTC,11.09000015258789,11.399999618530273,11.050000190734863,11.34000015258789,11.34000015258789,2387500
2021-09-02,PTC,11.34000015258789,11.5,11.020000457763672,11.100000381469727,11.100000381469727,1957500
2021-09-03,PTC,11.050000190734863,11.25,10.930000305175781,11.0,11.0,1820500
2021-09-06,PTC,11.0600004196167,11.369999885559082,10.949999809265137,11.220000267028809,11.220000267028809,2487500
2021-09-07,PTC,11.3100004196167,11.9399995803833,11.3100004196167,11.4399995803833,11.4399995803833,12704000
2021-09-08,PTC,11.4399995803833,12.25,11.220000267028809,11.359999656677246,11.359999656677246,22695500
2021-09-09,PTC,11.449999809265137,11.449999809265137,11.0,11.029999732971191,11.029999732971191,6007500
2021-09-10,PTC,11.09000015258789,11.289999961853027,10.970000267028809,11.029999732971191,11.029999732971191,5343000
2021-09-13,PTC,11.140000343322754,11.140000343322754,10.710000038146973,10.770000457763672,10.770000457763672,1751000
2021-09-14,PTC,10.880000114440918,10.880000114440918,10.329999923706055,10.529999732971191,10.529999732971191,4418000
2021-09-15,PTC,10.550000190734863,10.869999885559082,10.40999984741211,10.649999618530273,10.649999618530273,3557500
2021-09-16,PTC,10.699999809265137,10.789999961853027,10.34000015258789,10.369999885559082,10.369999885559082,4970500
2021-09-17,PTC,10.479999542236328,10.640000343322754,10.350000381469727,10.380000114440918,10.380000114440918,1983000
2021-09-20,PTC,10.399999618530273,10.5,10.199999809265137,10.359999656677246,10.359999656677246,1327000
2021-09-21,PTC,10.359999656677246,10.4399995803833,10.0,10.050000190734863,10.050000190734863,3030500
2021-09-22,PTC,10.100000381469727,10.109999656677246,9.699999809265137,9.979999542236328,9.979999542236328,4189500
2021-09-23,PTC,10.149999618530273,10.239999771118164,9.770000457763672,9.979999542236328,9.979999542236328,2767000
2021-09-24,PTC,9.90999984741211,10.180000305175781,9.609999656677246,9.720000267028809,9.720000267028809,3085000
2021-09-27,PTC,9.789999961853027,9.899999618530273,9.359999656677246,9.550000190734863,9.550000190734863,2896500
2021-09-28,PTC,9.510000228881836,9.9399995803833,9.449999809265137,9.869999885559082,9.869999885559082,2788500
2021-09-29,PTC,9.979999542236328,9.989999771118164,9.369999885559082,9.529999732971191,9.529999732971191,1108000
2021-09-30,PTC,9.59000015258789,9.59000015258789,9.130000114440918,9.359999656677246,9.359999656677246,5353000
2021-10-01,PTC,9.350000381469727,9.380000114440918,9.199999809265137,9.3100004196167,9.3100004196167,1674500
2021-10-04,PTC,9.399999618530273,9.449999809265137,9.170000076293945,9.369999885559082,9.369999885559082,1228000
2021-10-05,PTC,9.460000038146973,9.489999771118164,9.25,9.319999694824219,9.319999694824219,756000
2021-10-06,PTC,9.350000381469727,9.380000114440918,9.220000267028809,9.3100004196167,9.3100004196167,458000
2021-10-07,PTC,9.319999694824219,9.390000343322754,9.220000267028809,9.289999961853027,9.289999961853027,1008500
2021-10-08,PTC,9.25,9.399999618530273,9.199999809265137,9.300000190734863,9.300000190734863,310000
2021-10-11,PTC,9.380000114440918,9.380000114440918,9.050000190734863,9.229999542236328,9.229999542236328,836500
2021-10-12,PTC,9.109999656677246,9.300000190734863,8.960000038146973,9.170000076293945,9.170000076293945,5581500
2021-10-13,PTC,9.180000305175781,9.289999961853027,9.0,9.149999618530273,9.149999618530273,2398000
2021-10-14,PTC,9.0,9.239999771118164,8.960000038146973,9.210000038146973,9.210000038146973,1242500
2021-10-15,PTC,9.149999618530273,9.520000457763672,9.100000381469727,9.260000228881836,9.260000228881836,3133000
2021-10-18,PTC,9.180000305175781,9.270000457763672,9.010000228881836,9.170000076293945,9.170000076293945,652500
2021-10-19,PTC,9.170000076293945,9.170000076293945,9.170000076293945,9.170000076293945,9.170000076293945,0
2021-10-20,PTC,9.199999809265137,9.399999618530273,9.149999618530273,9.210000038146973,9.210000038146973,2784000
2021-10-21,PTC,9.210000038146973,9.279999732971191,9.020000457763672,9.079999923706055,9.079999923706055,1909000
2021-10-22,PTC,9.149999618530273,9.199999809265137,8.970000267028809,9.100000381469727,9.100000381469727,901500
2021-10-25,PTC,9.100000381469727,9.149999618530273,9.0,9.100000381469727,9.100000381469727,844500
2021-10-26,PTC,9.010000228881836,9.140000343322754,9.0,9.0600004196167,9.0600004196167,682000
2021-10-27,PTC,9.100000381469727,9.130000114440918,9.0,9.020000457763672,9.020000457763672,569500
2021-10-28,PTC,9.130000114440918,9.130000114440918,9.0,9.09000015258789,9.09000015258789,519500
2021-10-29,PTC,9.020000457763672,9.09000015258789,8.949999809265137,9.039999961853027,9.039999961853027,1065500
2021-11-01,PTC,9.15999984741211,9.390000343322754,9.050000190734863,9.170000076293945,9.170000076293945,2692000
2021-11-02,PTC,9.199999809265137,9.359999656677246,9.170000076293945,9.239999771118164,9.239999771118164,1113000
2021-11-03,PTC,9.300000190734863,10.239999771118164,9.300000190734863,10.180000305175781,10.180000305175781,22718500
2021-11-04,PTC,10.260000228881836,10.260000228881836,9.899999618530273,9.979999542236328,9.979999542236328,2858500
2021-11-05,PTC,9.979999542236328,10.25,9.8100004196167,10.109999656677246,10.109999656677246,4168500
2021-11-08,PTC,10.1899995803833,10.40999984741211,10.0,10.140000343322754,10.140000343322754,5970000
2021-11-09,PTC,10.100000381469727,10.199999809265137,9.579999923706055,9.649999618530273,9.649999618530273,3372500
2021-11-10,PTC,9.760000228881836,9.850000381469727,9.550000190734863,9.609999656677246,9.609999656677246,1221500
2021-11-11,PTC,9.609999656677246,9.699999809265137,9.260000228881836,9.300000190734863,9.300000190734863,2336500
2021-11-12,PTC,9.270000457763672,9.34000015258789,9.109999656677246,9.199999809265137,9.199999809265137,1093000
2021-11-15,PTC,9.199999809265137,9.350000381469727,9.109999656677246,9.15999984741211,9.15999984741211,619500
2021-11-16,PTC,9.239999771118164,9.359999656677246,9.199999809265137,9.350000381469727,9.350000381469727,1136000
2021-11-17,PTC,9.350000381469727,9.350000381469727,9.0,9.079999923706055,9.079999923706055,1556500
2021-11-18,PTC,9.100000381469727,9.180000305175781,9.010000228881836,9.050000190734863,9.050000190734863,756000
2021-11-19,PTC,9.079999923706055,9.180000305175781,9.050000190734863,9.149999618530273,9.149999618530273,636000
2021-11-22,PTC,9.029999732971191,9.109999656677246,9.0,9.029999732971191,9.029999732971191,415500
2021-11-23,PTC,9.100000381469727,9.15999984741211,9.0,9.010000228881836,9.010000228881836,2226500
2021-11-24,PTC,9.010000228881836,9.010000228881836,8.880000114440918,8.90999984741211,8.90999984741211,975500
2021-11-25,PTC,8.949999809265137,9.0,8.850000381469727,8.920000076293945,8.920000076293945,601000
2021-11-26,PTC,8.989999771118164,9.0,8.75,8.869999885559082,8.869999885559082,732500
2021-11-29,PTC,8.949999809265137,9.239999771118164,8.75,9.069999694824219,9.069999694824219,825500
2021-11-30,PTC,9.069999694824219,9.100000381469727,8.869999885559082,8.970000267028809,8.970000267028809,731500
2021-12-01,PTC,8.949999809265137,9.0,8.850000381469727,8.899999618530273,8.899999618530273,808500
2021-12-02,PTC,8.859999656677246,8.989999771118164,8.40999984741211,8.850000381469727,8.850000381469727,2708500
2021-12-03,PTC,8.850000381469727,8.899999618530273,8.5,8.630000114440918,8.630000114440918,835000
2021-12-06,PTC,8.630000114440918,8.789999961853027,8.399999618530273,8.65999984741211,8.65999984741211,445500
2021-12-07,PTC,8.760000228881836,8.9399995803833,8.550000190734863,8.890000343322754,8.890000343322754,489000
2021-12-08,PTC,8.890000343322754,8.890000343322754,8.619999885559082,8.649999618530273,8.649999618530273,336000
2021-12-09,PTC,8.609999656677246,8.6899995803833,8.5,8.640000343322754,8.640000343322754,317500
2021-12-10,PTC,8.5600004196167,8.6899995803833,8.449999809265137,8.579999923706055,8.579999923706055,257500
2021-12-13,PTC,8.510000228881836,8.779999732971191,8.25,8.510000228881836,8.510000228881836,971000
2021-12-14,PTC,8.399999618530273,8.600000381469727,8.260000228881836,8.460000038146973,8.460000038146973,1122000
2021-12-15,PTC,8.670000076293945,9.170000076293945,8.5,8.930000305175781,8.930000305175781,4290500
2021-12-16,PTC,8.90999984741211,9.050000190734863,8.600000381469727,8.65999984741211,8.65999984741211,2585000
2021-12-17,PTC,8.789999961853027,8.789999961853027,8.640000343322754,8.65999984741211,8.65999984741211,564500
2021-12-20,PTC,8.699999809265137,8.800000190734863,8.600000381469727,8.640000343322754,8.640000343322754,1340000
2021-12-21,PTC,8.699999809265137,8.789999961853027,8.510000228881836,8.529999732971191,8.529999732971191,459000
2021-12-22,PTC,8.600000381469727,8.630000114440918,8.390000343322754,8.430000305175781,8.430000305175781,1724000
2021-12-23,PTC,8.539999961853027,8.649999618530273,8.449999809265137,8.510000228881836,8.510000228881836,457500
2021-12-24,PTC,8.550000190734863,8.579999923706055,8.380000114440918,8.40999984741211,8.40999984741211,1518000
2021-12-27,PTC,8.40999984741211,8.600000381469727,8.390000343322754,8.399999618530273,8.399999618530273,418500
2021-12-28,PTC,8.399999618530273,8.479999542236328,8.380000114440918,8.399999618530273,8.399999618530273,313000
2021-12-29,PTC,8.479999542236328,8.489999771118164,8.319999694824219,8.359999656677246,8.359999656677246,2048500
2021-12-30,PTC,8.510000228881836,8.510000228881836,8.369999885559082,8.399999618530273,8.399999618530273,342000
2021-12-31,PTC,8.449999809265137,8.800000190734863,8.399999618530273,8.699999809265137,8.699999809265137,1880500
2022-01-03,PTC,8.680000305175781,8.710000038146973,8.5,8.59000015258789,8.59000015258789,568500
2022-01-04,PTC,8.5600004196167,8.800000190734863,8.529999732971191,8.720000267028809,8.720000267028809,613000
2022-01-05,PTC,8.789999961853027,8.800000190734863,8.699999809265137,8.75,8.75,511000
2022-01-06,PTC,8.850000381469727,8.9399995803833,8.569999694824219,8.619999885559082,8.619999885559082,1733500
2022-01-07,PTC,8.6899995803833,8.699999809265137,8.550000190734863,8.640000343322754,8.640000343322754,327000
2022-01-10,PTC,8.569999694824219,8.760000228881836,8.569999694824219,8.739999771118164,8.739999771118164,740000
2022-01-11,PTC,8.760000228881836,9.09000015258789,8.649999618530273,8.859999656677246,8.859999656677246,5583500
2022-01-12,PTC,8.880000114440918,9.350000381469727,8.880000114440918,9.210000038146973,9.210000038146973,6385000
2022-01-13,PTC,9.25,9.5,9.199999809265137,9.3100004196167,9.3100004196167,2909500
2022-01-14,PTC,9.319999694824219,9.470000267028809,9.25,9.300000190734863,9.300000190734863,1467500
2022-01-17,PTC,9.25,9.25,9.0,9.100000381469727,9.100000381469727,536000
2022-01-18,PTC,9.229999542236328,9.229999542236328,9.0,9.010000228881836,9.010000228881836,1035500
2022-01-19,PTC,9.180000305175781,9.180000305175781,8.760000228881836,8.800000190734863,8.800000190734863,785000
2022-01-20,PTC,8.800000190734863,8.800000190734863,8.600000381469727,8.65999984741211,8.65999984741211,1158000
2022-01-21,PTC,8.699999809265137,8.699999809265137,8.59000015258789,8.619999885559082,8.619999885559082,810000
2022-01-24,PTC,8.770000457763672,8.770000457763672,8.550000190734863,8.600000381469727,8.600000381469727,402500
2022-01-25,PTC,8.619999885559082,8.729999542236328,8.550000190734863,8.600000381469727,8.600000381469727,304000
2022-01-26,PTC,8.569999694824219,8.65999984741211,8.5,8.569999694824219,8.569999694824219,218500
2022-01-27,PTC,8.729999542236328,8.729999542236328,8.510000228881836,8.550000190734863,8.550000190734863,427500
2022-01-28,PTC,8.5600004196167,8.779999732971191,8.539999961853027,8.609999656677246,8.609999656677246,533000
2022-01-31,PTC,8.640000343322754,8.800000190734863,8.630000114440918,8.760000228881836,8.760000228881836,473500
2022-02-01,PTC,8.819999694824219,8.859999656677246,8.75,8.800000190734863,8.800000190734863,531000
2022-02-02,PTC,8.84000015258789,9.0,8.84000015258789,8.9399995803833,8.9399995803833,1564000
2022-02-03,PTC,8.979999542236328,9.079999923706055,8.8100004196167,8.84000015258789,8.84000015258789,860000
2022-02-04,PTC,8.9399995803833,8.9399995803833,8.84000015258789,8.880000114440918,8.880000114440918,311500
2022-02-07,PTC,8.800000190734863,9.050000190734863,8.770000457763672,8.800000190734863,8.800000190734863,1505000
2022-02-08,PTC,8.800000190734863,8.890000343322754,8.670000076293945,8.729999542236328,8.729999542236328,910500
2022-02-09,PTC,8.850000381469727,9.25,8.800000190734863,9.130000114440918,9.130000114440918,2535000
2022-02-10,PTC,9.170000076293945,9.25,8.399999618530273,8.4399995803833,8.4399995803833,6007500
2022-02-11,PTC,8.520000457763672,8.550000190734863,8.430000305175781,8.460000038146973,8.460000038146973,1222500
2022-02-14,PTC,8.5,8.5,8.300000190734863,8.3100004196167,8.3100004196167,892000
2022-02-15,PTC,8.300000190734863,8.420000076293945,8.199999809265137,8.399999618530273,8.399999618530273,913000
2022-02-16,PTC,8.399999618530273,8.5,8.350000381469727,8.369999885559082,8.369999885559082,490000
2022-02-17,PTC,8.319999694824219,8.5,8.199999809265137,8.270000457763672,8.270000457763672,546500
2022-02-18,PTC,8.270000457763672,8.319999694824219,8.210000038146973,8.25,8.25,499500
2022-02-21,PTC,8.25,8.3100004196167,8.15999984741211,8.199999809265137,8.199999809265137,1250500
2022-02-22,PTC,8.25,8.289999961853027,7.699999809265137,7.96999979019165,7.96999979019165,3972000
2022-02-23,PTC,8.029999732971191,8.140000343322754,7.71999979019165,8.010000228881836,8.010000228881836,1502000
2022-02-24,PTC,7.849999904632568,7.989999771118164,7.599999904632568,7.900000095367432,7.900000095367432,2238000
2022-02-25,PTC,7.809999942779541,7.980000019073486,7.710000038146973,7.860000133514404,7.860000133514404,780000
2022-02-28,PTC,7.849999904632568,7.929999828338623,7.699999809265137,7.900000095367432,7.900000095367432,1640000
2022-03-01,PTC,7.940000057220459,8.170000076293945,7.909999847412109,8.010000228881836,8.010000228881836,2184500
2022-03-02,PTC,8.0,8.140000343322754,7.829999923706055,7.989999771118164,7.989999771118164,6157500
2022-03-03,PTC,8.010000228881836,8.260000228881836,7.989999771118164,8.0600004196167,8.0600004196167,1191000
2022-03-04,PTC,8.0600004196167,8.119999885559082,7.900000095367432,7.949999809265137,7.949999809265137,600500
2022-03-07,PTC,7.849999904632568,7.900000095367432,7.599999904632568,7.659999847412109,7.659999847412109,617500
2022-03-08,PTC,7.659999847412109,7.75,7.550000190734863,7.570000171661377,7.570000171661377,556500
2022-03-09,PTC,7.739999771118164,7.739999771118164,7.630000114440918,7.699999809265137,7.699999809265137,327000
2022-03-10,PTC,7.699999809265137,7.849999904632568,7.699999809265137,7.739999771118164,7.739999771118164,532500
2022-03-11,PTC,7.739999771118164,7.739999771118164,7.480000019073486,7.53000020980835,7.53000020980835,1088000
2022-03-14,PTC,7.53000020980835,7.599999904632568,7.159999847412109,7.400000095367432,7.400000095367432,880500
2022-03-15,PTC,7.400000095367432,7.599999904632568,7.329999923706055,7.570000171661377,7.570000171661377,889000
2022-03-16,PTC,7.599999904632568,7.800000190734863,7.519999980926514,7.550000190734863,7.550000190734863,374500
2022-03-17,PTC,7.599999904632568,7.639999866485596,7.429999828338623,7.460000038146973,7.460000038146973,154000
2022-03-18,PTC,7.309999942779541,7.590000152587891,7.25,7.369999885559082,7.369999885559082,556500
2022-03-21,PTC,7.400000095367432,7.5,7.300000190734863,7.380000114440918,7.380000114440918,166000
2022-03-22,PTC,7.329999923706055,7.5,7.179999828338623,7.389999866485596,7.389999866485596,887000
2022-03-23,PTC,7.389999866485596,7.389999866485596,7.389999866485596,7.389999866485596,7.389999866485596,0
2022-03-24,PTC,7.400000095367432,7.630000114440918,7.320000171661377,7.53000020980835,7.53000020980835,466500
2022-03-25,PTC,7.449999809265137,7.699999809265137,7.449999809265137,7.53000020980835,7.53000020980835,276500
2022-03-28,PTC,7.409999847412109,7.75,7.349999904632568,7.630000114440918,7.630000114440918,449500
2022-03-29,PTC,7.630000114440918,7.860000133514404,7.559999942779541,7.590000152587891,7.590000152587891,1316500
2022-03-30,PTC,7.559999942779541,7.849999904632568,7.5,7.659999847412109,7.659999847412109,1343500
2022-03-31,PTC,7.699999809265137,7.849999904632568,7.510000228881836,7.800000190734863,7.800000190734863,295000
2022-04-01,PTC,7.699999809265137,7.769999980926514,7.539999961853027,7.659999847412109,7.659999847412109,1511500
2022-04-04,PTC,7.329999923706055,7.5,7.329999923706055,7.380000114440918,7.380000114440918,428500
2022-04-05,PTC,7.489999771118164,7.650000095367432,7.400000095367432,7.480000019073486,7.480000019073486,378500
2022-04-06,PTC,7.599999904632568,7.599999904632568,7.449999809265137,7.46999979019165,7.46999979019165,73500
2022-04-07,PTC,7.550000190734863,7.559999942779541,7.420000076293945,7.480000019073486,7.480000019073486,83500
2022-04-08,PTC,7.559999942779541,7.679999828338623,7.400000095367432,7.650000095367432,7.650000095367432,462000
2022-04-11,PTC,7.800000190734863,8.25,7.800000190734863,8.039999961853027,8.039999961853027,4844500
2022-04-12,PTC,8.069999694824219,8.100000381469727,7.860000133514404,8.0600004196167,8.0600004196167,808500
2022-04-13,PTC,8.069999694824219,8.199999809265137,7.929999828338623,7.949999809265137,7.949999809265137,1021500
2022-04-14,PTC,7.849999904632568,7.900000095367432,7.690000057220459,7.769999980926514,7.769999980926514,1098000
2022-04-15,PTC,7.900000095367432,8.09000015258789,7.800000190734863,8.020000457763672,8.020000457763672,1995500
2022-04-18,PTC,8.020000457763672,8.079999923706055,7.849999904632568,7.949999809265137,7.949999809265137,329000
2022-04-19,PTC,8.0,8.0,7.800000190734863,7.929999828338623,7.929999828338623,355500
2022-04-20,PTC,7.900000095367432,7.900000095367432,7.670000076293945,7.699999809265137,7.699999809265137,571500
2022-04-21,PTC,7.699999809265137,7.809999942779541,7.650000095367432,7.789999961853027,7.789999961853027,457500
2022-04-22,PTC,7.710000038146973,7.78000020980835,7.670000076293945,7.699999809265137,7.699999809265137,375500
2022-04-25,PTC,7.699999809265137,7.840000152587891,7.349999904632568,7.369999885559082,7.369999885559082,3930500
2022-04-26,PTC,7.449999809265137,7.5,7.0,7.119999885559082,7.119999885559082,10547500
2022-04-27,PTC,7.190000057220459,7.340000152587891,7.190000057220459,7.230000019073486,7.230000019073486,907500
2022-04-28,PTC,7.170000076293945,7.28000020980835,7.0,7.150000095367432,7.150000095367432,2019000
2022-04-29,PTC,7.150000095367432,7.150000095367432,7.150000095367432,7.150000095367432,7.150000095367432,0
2022-05-02,PTC,7.150000095367432,7.150000095367432,7.150000095367432,7.150000095367432,7.150000095367432,0
2022-05-03,PTC,7.150000095367432,7.150000095367432,7.150000095367432,7.150000095367432,7.150000095367432,0
2022-05-04,PTC,7.150000095367432,7.150000095367432,7.150000095367432,7.150000095367432,7.150000095367432,0
2022-05-05,PTC,7.150000095367432,7.150000095367432,7.150000095367432,7.150000095367432,7.150000095367432,0
2022-05-06,PTC,7.159999847412109,7.300000190734863,7.019999980926514,7.090000152587891,7.090000152587891,338500
2022-05-09,PTC,7.050000190734863,7.099999904632568,6.78000020980835,7.059999942779541,7.059999942779541,1562500
2022-05-10,PTC,7.0,7.179999828338623,6.880000114440918,7.019999980926514,7.019999980926514,857500
2022-05-11,PTC,7.0,7.090000152587891,6.650000095367432,6.980000019073486,6.980000019073486,3423000
2022-05-12,PTC,6.949999809265137,7.070000171661377,6.690000057220459,6.989999771118164,6.989999771118164,2710500
2022-05-13,PTC,6.800000190734863,7.03000020980835,6.800000190734863,6.949999809265137,6.949999809265137,606000
2022-05-16,PTC,6.860000133514404,7.0,6.699999809265137,6.960000038146973,6.960000038146973,1144000
2022-05-17,PTC,6.909999847412109,6.989999771118164,6.849999904632568,6.96999979019165,6.96999979019165,281000
2022-05-18,PTC,6.949999809265137,7.329999923706055,6.900000095367432,7.25,7.25,9925000
2022-05-19,PTC,7.190000057220459,7.289999961853027,7.110000133514404,7.150000095367432,7.150000095367432,415000
2022-05-20,PTC,7.079999923706055,7.349999904632568,7.079999923706055,7.289999961853027,7.289999961853027,1770500
2022-05-23,PTC,7.110000133514404,7.309999942779541,7.03000020980835,7.269999980926514,7.269999980926514,631500
2022-05-24,PTC,7.199999809265137,7.400000095367432,7.199999809265137,7.340000152587891,7.340000152587891,2169000
2022-05-25,PTC,7.25,7.519999980926514,7.110000133514404,7.480000019073486,7.480000019073486,2232000
2022-05-26,PTC,7.510000228881836,8.220000267028809,7.409999847412109,8.170000076293945,8.170000076293945,14110000
2022-05-27,PTC,8.15999984741211,8.289999961853027,7.610000133514404,7.71999979019165,7.71999979019165,3900000
2022-05-30,PTC,7.71999979019165,7.849999904632568,7.610000133514404,7.639999866485596,7.639999866485596,555500
2022-05-31,PTC,7.639999866485596,7.900000095367432,7.610000133514404,7.710000038146973,7.710000038146973,273500
2022-06-01,PTC,7.710000038146973,7.800000190734863,7.599999904632568,7.610000133514404,7.610000133514404,349500
2022-06-02,PTC,7.610000133514404,7.659999847412109,7.550000190734863,7.550000190734863,7.550000190734863,188500
2022-06-03,PTC,7.510000228881836,7.610000133514404,7.300000190734863,7.400000095367432,7.400000095367432,452500
2022-06-06,PTC,7.400000095367432,7.420000076293945,7.309999942779541,7.329999923706055,7.329999923706055,414500
2022-06-07,PTC,7.309999942779541,7.409999847412109,7.150000095367432,7.190000057220459,7.190000057220459,263500
2022-06-08,PTC,7.199999809265137,7.289999961853027,7.199999809265137,7.28000020980835,7.28000020980835,68500
2022-06-09,PTC,7.25,7.380000114440918,7.199999809265137,7.210000038146973,7.210000038146973,1871500
2022-06-10,PTC,7.300000190734863,7.300000190734863,7.190000057220459,7.28000020980835,7.28000020980835,137000
2022-06-13,PTC,7.25,7.309999942779541,7.050000190734863,7.099999904632568,7.099999904632568,992000
2022-06-14,PTC,7.099999904632568,7.260000228881836,7.0,7.25,7.25,329000
2022-06-15,PTC,7.28000020980835,7.300000190734863,7.210000038146973,7.28000020980835,7.28000020980835,297500
2022-06-16,PTC,7.28000020980835,7.340000152587891,7.099999904632568,7.210000038146973,7.210000038146973,3250500
2022-06-17,PTC,7.25,7.440000057220459,7.25,7.340000152587891,7.340000152587891,249000
2022-06-20,PTC,7.380000114440918,7.380000114440918,7.199999809265137,7.230000019073486,7.230000019073486,174500
2022-06-21,PTC,7.28000020980835,7.400000095367432,7.199999809265137,7.349999904632568,7.349999904632568,2319500
2022-06-22,PTC,7.400000095367432,7.429999828338623,7.230000019073486,7.260000228881836,7.260000228881836,182500
2022-06-23,PTC,7.25,7.5,7.199999809265137,7.21999979019165,7.21999979019165,1575000
2022-06-24,PTC,7.300000190734863,7.320000171661377,6.960000038146973,7.010000228881836,7.010000228881836,1274500
2022-06-27,PTC,7.099999904632568,7.230000019073486,7.099999904632568,7.110000133514404,7.110000133514404,589000
2022-06-28,PTC,7.119999885559082,7.190000057220459,7.0,7.010000228881836,7.010000228881836,688500
2022-06-29,PTC,7.010000228881836,7.190000057220459,7.0,7.039999961853027,7.039999961853027,390500
2022-06-30,PTC,7.079999923706055,7.090000152587891,6.900000095367432,6.960000038146973,6.960000038146973,482500
2022-07-01,PTC,7.090000152587891,7.150000095367432,6.960000038146973,6.989999771118164,6.989999771118164,424000
2022-07-04,PTC,7.0,7.070000171661377,6.949999809265137,6.96999979019165,6.96999979019165,265000
2022-07-05,PTC,6.949999809265137,7.059999942779541,6.949999809265137,6.989999771118164,6.989999771118164,29500
2022-07-06,PTC,7.010000228881836,7.079999923706055,7.0,7.039999961853027,7.039999961853027,203000
2022-07-07,PTC,7.099999904632568,7.099999904632568,6.989999771118164,7.070000171661377,7.070000171661377,219000
2022-07-08,PTC,7.070000171661377,7.070000171661377,7.070000171661377,7.070000171661377,7.070000171661377,0
2022-07-11,PTC,7.070000171661377,7.070000171661377,7.070000171661377,7.070000171661377,7.070000171661377,0
2022-07-12,PTC,7.070000171661377,7.070000171661377,7.070000171661377,7.070000171661377,7.070000171661377,0
2022-07-13,PTC,7.0,7.090000152587891,7.0,7.079999923706055,7.079999923706055,209500
2022-07-14,PTC,7.119999885559082,7.230000019073486,7.119999885559082,7.170000076293945,7.170000076293945,398000
2022-07-15,PTC,7.190000057220459,7.230000019073486,7.150000095367432,7.150000095367432,7.150000095367432,354000
2022-07-18,PTC,7.059999942779541,7.21999979019165,7.019999980926514,7.130000114440918,7.130000114440918,1338500
2022-07-19,PTC,7.130000114440918,7.130000114440918,6.869999885559082,6.960000038146973,6.960000038146973,854500
2022-07-20,PTC,6.900000095367432,7.0,6.849999904632568,6.980000019073486,6.980000019073486,354000
2022-07-21,PTC,6.900000095367432,6.980000019073486,6.710000038146973,6.860000133514404,6.860000133514404,2190500
2022-07-22,PTC,6.619999885559082,6.900000095367432,6.599999904632568,6.829999923706055,6.829999923706055,1260000
2022-07-25,PTC,6.809999942779541,6.869999885559082,6.730000019073486,6.849999904632568,6.849999904632568,205000
2022-07-26,PTC,6.670000076293945,6.800000190734863,6.670000076293945,6.800000190734863,6.800000190734863,689000
2022-07-27,PTC,6.900000095367432,6.900000095367432,6.650000095367432,6.78000020980835,6.78000020980835,587000
2022-07-28,PTC,6.889999866485596,6.900000095367432,6.739999771118164,6.880000114440918,6.880000114440918,875500
2022-07-29,PTC,6.880000114440918,6.900000095367432,6.789999961853027,6.889999866485596,6.889999866485596,126000
2022-08-01,PTC,6.690000057220459,6.900000095367432,6.690000057220459,6.829999923706055,6.829999923706055,289000
2022-08-02,PTC,6.730000019073486,6.880000114440918,6.670000076293945,6.800000190734863,6.800000190734863,385500
2022-08-03,PTC,6.840000152587891,7.159999847412109,6.840000152587891,7.110000133514404,7.110000133514404,1974500
2022-08-04,PTC,7.050000190734863,7.349999904632568,7.050000190734863,7.210000038146973,7.210000038146973,1715000
2022-08-05,PTC,7.130000114440918,7.309999942779541,7.130000114440918,7.190000057220459,7.190000057220459,831000
2022-08-08,PTC,7.190000057220459,7.190000057220459,7.190000057220459,7.190000057220459,7.190000057220459,0
2022-08-09,PTC,7.190000057220459,7.190000057220459,7.190000057220459,7.190000057220459,7.190000057220459,0
2022-08-10,PTC,7.289999961853027,7.289999961853027,7.110000133514404,7.130000114440918,7.130000114440918,1010500
2022-08-11,PTC,7.110000133514404,7.199999809265137,7.099999904632568,7.170000076293945,7.170000076293945,798000
2022-08-12,PTC,7.170000076293945,7.239999771118164,7.110000133514404,7.21999979019165,7.21999979019165,762500
2022-08-15,PTC,7.130000114440918,7.349999904632568,7.130000114440918,7.269999980926514,7.269999980926514,471000
2022-08-16,PTC,7.269999980926514,7.329999923706055,7.150000095367432,7.170000076293945,7.170000076293945,799000
2022-08-17,PTC,7.25,8.069999694824219,7.150000095367432,7.940000057220459,7.940000057220459,14141000
2022-08-18,PTC,7.900000095367432,7.989999771118164,7.550000190734863,7.710000038146973,7.710000038146973,5063500
2022-08-19,PTC,7.699999809265137,7.699999809265137,7.400000095367432,7.460000038146973,7.460000038146973,1757000
2022-08-22,PTC,7.449999809265137,7.449999809265137,7.269999980926514,7.360000133514404,7.360000133514404,1154500
2022-08-23,PTC,7.400000095367432,7.699999809265137,7.389999866485596,7.46999979019165,7.46999979019165,2566000
2022-08-24,PTC,7.5,7.5,7.309999942779541,7.349999904632568,7.349999904632568,372000
2022-08-25,PTC,7.329999923706055,7.389999866485596,7.269999980926514,7.289999961853027,7.289999961853027,156500
2022-08-26,PTC,7.440000057220459,7.449999809265137,7.210000038146973,7.21999979019165,7.21999979019165,615500
2022-08-29,PTC,7.159999847412109,7.21999979019165,7.099999904632568,7.190000057220459,7.190000057220459,243500
2022-08-30,PTC,7.25,7.349999904632568,7.159999847412109,7.179999828338623,7.179999828338623,514500
2022-08-31,PTC,7.199999809265137,7.25,7.150000095367432,7.159999847412109,7.159999847412109,46000
2022-09-01,PTC,7.230000019073486,7.449999809265137,7.199999809265137,7.210000038146973,7.210000038146973,599500
2022-09-02,PTC,7.190000057220459,7.289999961853027,7.139999866485596,7.150000095367432,7.150000095367432,223500
2022-09-05,PTC,7.28000020980835,7.28000020980835,7.099999904632568,7.110000133514404,7.110000133514404,275000
2022-09-06,PTC,7.079999923706055,7.170000076293945,7.050000190734863,7.099999904632568,7.099999904632568,352500
2022-09-07,PTC,7.150000095367432,7.150000095367432,7.079999923706055,7.099999904632568,7.099999904632568,103500
2022-09-08,PTC,7.150000095367432,7.170000076293945,7.050000190734863,7.110000133514404,7.110000133514404,147500
2022-09-09,PTC,7.150000095367432,7.179999828338623,7.050000190734863,7.059999942779541,7.059999942779541,302500
2022-09-12,PTC,7.099999904632568,7.139999866485596,7.050000190734863,7.059999942779541,7.059999942779541,198000
2022-09-13,PTC,7.110000133514404,7.139999866485596,6.889999866485596,6.920000076293945,6.920000076293945,924500
2022-09-14,PTC,6.989999771118164,6.989999771118164,6.849999904632568,6.880000114440918,6.880000114440918,204000
2022-09-15,PTC,7.090000152587891,7.099999904632568,6.860000133514404,6.889999866485596,6.889999866485596,447000
2022-09-16,PTC,6.829999923706055,6.920000076293945,6.820000171661377,6.860000133514404,6.860000133514404,113000
2022-09-19,PTC,6.869999885559082,6.920000076293945,6.840000152587891,6.889999866485596,6.889999866485596,38500
2022-09-20,PTC,6.960000038146973,6.960000038146973,6.809999942779541,6.840000152587891,6.840000152587891,180500
2022-09-21,PTC,6.840000152587891,6.889999866485596,6.71999979019165,6.789999961853027,6.789999961853027,195500
2022-09-22,PTC,6.789999961853027,6.800000190734863,6.650000095367432,6.739999771118164,6.739999771118164,120500
2022-09-23,PTC,6.730000019073486,6.940000057220459,6.699999809265137,6.75,6.75,1428500
2022-09-26,PTC,6.840000152587891,6.900000095367432,6.71999979019165,6.849999904632568,6.849999904632568,218000
2022-09-27,PTC,6.900000095367432,6.980000019073486,6.829999923706055,6.929999828338623,6.929999828338623,96500
2022-09-28,PTC,6.920000076293945,7.079999923706055,6.900000095367432,6.929999828338623,6.929999828338623,154000
2022-09-29,PTC,6.949999809265137,6.949999809265137,6.769999980926514,6.849999904632568,6.849999904632568,475000
2022-09-30,PTC,6.840000152587891,6.849999904632568,6.760000228881836,6.789999961853027,6.789999961853027,4090000
2022-10-03,PTC,6.889999866485596,6.889999866485596,6.769999980926514,6.789999961853027,6.789999961853027,53500
2022-10-04,PTC,6.900000095367432,7.0,6.889999866485596,6.929999828338623,6.929999828338623,544000
2022-10-05,PTC,6.980000019073486,7.28000020980835,6.949999809265137,7.110000133514404,7.110000133514404,1570500
2022-10-06,PTC,7.28000020980835,7.28000020980835,7.070000171661377,7.139999866485596,7.139999866485596,625000
2022-10-07,PTC,7.099999904632568,7.199999809265137,7.0,7.010000228881836,7.010000228881836,575500
2022-10-10,PTC,7.019999980926514,7.119999885559082,6.980000019073486,7.03000020980835,7.03000020980835,334500
2022-10-11,PTC,7.090000152587891,7.090000152587891,6.96999979019165,6.980000019073486,6.980000019073486,188500
2022-10-12,PTC,7.0,7.070000171661377,6.940000057220459,6.949999809265137,6.949999809265137,567500
2022-10-13,PTC,7.0,7.21999979019165,6.869999885559082,6.96999979019165,6.96999979019165,1406000
2022-10-14,PTC,7.010000228881836,7.050000190734863,6.869999885559082,6.909999847412109,6.909999847412109,627500
2022-10-17,PTC,6.860000133514404,6.909999847412109,6.809999942779541,6.829999923706055,6.829999923706055,139000
2022-10-18,PTC,6.980000019073486,6.980000019073486,6.789999961853027,6.809999942779541,6.809999942779541,153500
2022-10-19,PTC,6.889999866485596,6.929999828338623,6.840000152587891,6.880000114440918,6.880000114440918,355500
2022-10-20,PTC,6.849999904632568,6.989999771118164,6.800000190734863,6.809999942779541,6.809999942779541,645000
2022-10-21,PTC,6.849999904632568,7.199999809265137,6.800000190734863,6.880000114440918,6.880000114440918,1134500
2022-10-24,PTC,7.099999904632568,7.099999904632568,6.809999942779541,6.829999923706055,6.829999923706055,573000
2022-10-25,PTC,6.940000057220459,7.369999885559082,6.809999942779541,7.010000228881836,7.010000228881836,6630500
2022-10-26,PTC,6.960000038146973,7.0,6.75,6.809999942779541,6.809999942779541,996500
2022-10-27,PTC,6.900000095367432,6.96999979019165,6.800000190734863,6.829999923706055,6.829999923706055,736500
2022-10-28,PTC,6.760000228881836,6.949999809265137,6.599999904632568,6.639999866485596,6.639999866485596,1040500
2022-10-31,PTC,6.730000019073486,6.800000190734863,6.699999809265137,6.739999771118164,6.739999771118164,211000
2022-11-01,PTC,6.800000190734863,6.940000057220459,6.789999961853027,6.889999866485596,6.889999866485596,270500
2022-11-02,PTC,6.860000133514404,7.099999904632568,6.860000133514404,6.980000019073486,6.980000019073486,2131000
2022-11-03,PTC,7.050000190734863,7.289999961853027,7.010000228881836,7.050000190734863,7.050000190734863,3079000
2022-11-04,PTC,6.989999771118164,7.360000133514404,6.920000076293945,7.139999866485596,7.139999866485596,5995500
2022-11-07,PTC,7.340000152587891,7.480000019073486,7.199999809265137,7.309999942779541,7.309999942779541,8918500
2022-11-08,PTC,7.309999942779541,7.429999828338623,7.210000038146973,7.320000171661377,7.320000171661377,3305000
2022-11-09,PTC,7.320000171661377,7.320000171661377,7.320000171661377,7.320000171661377,7.320000171661377,0
2022-11-10,PTC,7.389999866485596,7.449999809265137,7.289999961853027,7.309999942779541,7.309999942779541,1093500
2022-11-11,PTC,7.369999885559082,7.449999809265137,7.269999980926514,7.389999866485596,7.389999866485596,1166500
2022-11-14,PTC,7.400000095367432,7.71999979019165,7.309999942779541,7.599999904632568,7.599999904632568,12833000
2022-11-15,PTC,7.639999866485596,7.639999866485596,7.360000133514404,7.409999847412109,7.409999847412109,1474000
2022-11-16,PTC,7.489999771118164,7.550000190734863,7.320000171661377,7.360000133514404,7.360000133514404,1342500
2022-11-17,PTC,7.400000095367432,7.400000095367432,7.079999923706055,7.130000114440918,7.130000114440918,1761000
2022-11-18,PTC,7.139999866485596,7.199999809265137,7.019999980926514,7.150000095367432,7.150000095367432,717500
2022-11-21,PTC,7.179999828338623,7.21999979019165,7.079999923706055,7.110000133514404,7.110000133514404,526000
2022-11-22,PTC,7.059999942779541,7.179999828338623,7.019999980926514,7.059999942779541,7.059999942779541,704500
2022-11-23,PTC,7.059999942779541,7.139999866485596,7.010000228881836,7.019999980926514,7.019999980926514,537500
2022-11-24,PTC,7.489999771118164,7.5,7.159999847412109,7.21999979019165,7.21999979019165,7853000
2022-11-25,PTC,7.300000190734863,7.320000171661377,7.099999904632568,7.110000133514404,7.110000133514404,2430500
2022-11-28,PTC,7.0,7.050000190734863,6.800000190734863,6.849999904632568,6.849999904632568,5409000
2022-11-29,PTC,6.860000133514404,7.0,6.860000133514404,6.929999828338623,6.929999828338623,311500
2022-11-30,PTC,7.010000228881836,7.010000228881836,6.889999866485596,6.929999828338623,6.929999828338623,747500
2022-12-01,PTC,6.869999885559082,7.079999923706055,6.869999885559082,6.949999809265137,6.949999809265137,325500
2022-12-02,PTC,6.820000171661377,7.039999961853027,6.809999942779541,6.900000095367432,6.900000095367432,308000
2022-12-05,PTC,6.820000171661377,6.96999979019165,6.710000038146973,6.739999771118164,6.739999771118164,361500
2022-12-06,PTC,6.889999866485596,6.889999866485596,6.650000095367432,6.739999771118164,6.739999771118164,438500
2022-12-07,PTC,6.849999904632568,7.0,6.78000020980835,6.909999847412109,6.909999847412109,791500
2022-12-08,PTC,6.989999771118164,6.989999771118164,6.630000114440918,6.659999847412109,6.659999847412109,1321000
2022-12-09,PTC,6.710000038146973,6.710000038146973,6.579999923706055,6.599999904632568,6.599999904632568,824500
2022-12-12,PTC,6.699999809265137,6.699999809265137,6.460000038146973,6.5,6.5,706500
2022-12-13,PTC,6.5,6.909999847412109,6.489999771118164,6.599999904632568,6.599999904632568,15371000
2022-12-14,PTC,6.699999809265137,6.78000020980835,6.619999885559082,6.659999847412109,6.659999847412109,1105500
2022-12-15,PTC,6.739999771118164,6.75,6.519999980926514,6.550000190734863,6.550000190734863,2288500
2022-12-16,PTC,6.519999980926514,6.599999904632568,6.429999828338623,6.480000019073486,6.480000019073486,550000
2022-12-19,PTC,6.590000152587891,6.690000057220459,6.28000020980835,6.519999980926514,6.519999980926514,1333000
2022-12-20,PTC,6.429999828338623,6.429999828338623,5.829999923706055,5.980000019073486,5.980000019073486,3265000
2022-12-21,PTC,6.079999923706055,6.230000019073486,5.849999904632568,5.989999771118164,5.989999771118164,2925000
2022-12-22,PTC,5.960000038146973,6.059999942779541,5.809999942779541,6.0,6.0,2335500
2022-12-23,PTC,5.949999809265137,6.010000228881836,5.880000114440918,5.980000019073486,5.980000019073486,583500
2022-12-26,PTC,5.900000095367432,6.170000076293945,5.900000095367432,6.079999923706055,6.079999923706055,2607000
2022-12-27,PTC,6.110000133514404,6.300000190734863,6.0,6.019999980926514,6.019999980926514,3530000
2022-12-28,PTC,6.039999961853027,6.059999942779541,5.849999904632568,5.960000038146973,5.960000038146973,1957000
2022-12-29,PTC,6.010000228881836,6.190000057220459,5.909999847412109,6.090000152587891,6.090000152587891,904000
2022-12-30,PTC,6.079999923706055,6.190000057220459,6.0,6.099999904632568,6.099999904632568,1630500
2023-01-02,PTC,5.949999809265137,6.190000057220459,5.949999809265137,6.159999847412109,6.159999847412109,973000
2023-01-03,PTC,6.190000057220459,6.269999980926514,6.070000171661377,6.119999885559082,6.119999885559082,482000
2023-01-04,PTC,6.050000190734863,6.150000095367432,6.0,6.039999961853027,6.039999961853027,552000
2023-01-05,PTC,6.090000152587891,6.110000133514404,6.0,6.039999961853027,6.039999961853027,437500
2023-01-06,PTC,6.21999979019165,6.21999979019165,6.019999980926514,6.190000057220459,6.190000057220459,569500
2023-01-09,PTC,6.079999923706055,6.300000190734863,6.070000171661377,6.099999904632568,6.099999904632568,266000
2023-01-10,PTC,6.269999980926514,6.300000190734863,6.099999904632568,6.159999847412109,6.159999847412109,1479500
2023-01-11,PTC,6.170000076293945,6.349999904632568,6.139999866485596,6.309999942779541,6.309999942779541,1541500
2023-01-12,PTC,6.349999904632568,6.590000152587891,6.349999904632568,6.440000057220459,6.440000057220459,3858500
2023-01-13,PTC,6.309999942779541,6.400000095367432,6.150000095367432,6.190000057220459,6.190000057220459,1641500
2023-01-16,PTC,6.150000095367432,6.190000057220459,6.019999980926514,6.059999942779541,6.059999942779541,737500
2023-01-17,PTC,6.099999904632568,6.099999904632568,5.800000190734863,5.880000114440918,5.880000114440918,821500
2023-01-18,PTC,5.849999904632568,6.070000171661377,5.840000152587891,5.96999979019165,5.96999979019165,1074000
2023-01-19,PTC,5.869999885559082,6.130000114440918,5.869999885559082,6.059999942779541,6.059999942779541,414000
2023-01-20,PTC,6.130000114440918,6.139999866485596,6.0,6.079999923706055,6.079999923706055,201000
2023-01-23,PTC,6.0,6.119999885559082,6.0,6.050000190734863,6.050000190734863,119500
2023-01-24,PTC,6.050000190734863,6.119999885559082,5.989999771118164,6.050000190734863,6.050000190734863,273000
2023-01-25,PTC,6.03000020980835,6.25,6.0,6.239999771118164,6.239999771118164,1291500
2023-01-26,PTC,6.150000095367432,6.269999980926514,6.150000095367432,6.190000057220459,6.190000057220459,1684500
2023-01-27,PTC,6.199999809265137,6.199999809265137,6.050000190734863,6.070000171661377,6.070000171661377,324000
2023-01-30,PTC,6.190000057220459,6.190000057220459,6.0,6.03000020980835,6.03000020980835,170000
2023-01-31,PTC,6.139999866485596,6.429999828338623,6.099999904632568,6.239999771118164,6.239999771118164,2627000
2023-02-01,PTC,6.389999866485596,6.440000057220459,6.199999809265137,6.389999866485596,6.389999866485596,941000
2023-02-02,PTC,6.400000095367432,6.400000095367432,6.199999809265137,6.230000019073486,6.230000019073486,415500
2023-02-03,PTC,6.289999961853027,6.289999961853027,6.090000152587891,6.110000133514404,6.110000133514404,330500
2023-02-06,PTC,6.150000095367432,6.579999923706055,6.099999904632568,6.5,6.5,5531000
2023-02-07,PTC,6.429999828338623,6.579999923706055,6.260000228881836,6.360000133514404,6.360000133514404,1860000
2023-02-08,PTC,6.360000133514404,6.429999828338623,6.28000020980835,6.409999847412109,6.409999847412109,290000
2023-02-09,PTC,6.440000057220459,6.75,6.420000076293945,6.610000133514404,6.610000133514404,3197500
2023-02-10,PTC,6.550000190734863,6.599999904632568,6.349999904632568,6.559999942779541,6.559999942779541,1198500
2023-02-13,PTC,6.590000152587891,6.739999771118164,6.550000190734863,6.690000057220459,6.690000057220459,2090500
2023-02-14,PTC,6.590000152587891,6.980000019073486,6.590000152587891,6.710000038146973,6.710000038146973,8028500
2023-02-15,PTC,6.739999771118164,6.820000171661377,6.150000095367432,6.21999979019165,6.21999979019165,3221500
2023-02-16,PTC,6.239999771118164,6.300000190734863,6.079999923706055,6.099999904632568,6.099999904632568,654000
2023-02-17,PTC,6.179999828338623,6.179999828338623,6.050000190734863,6.070000171661377,6.070000171661377,304000
2023-02-20,PTC,6.070000171661377,6.070000171661377,5.889999866485596,5.900000095367432,5.900000095367432,606000
2023-02-21,PTC,5.949999809265137,6.199999809265137,5.949999809265137,6.139999866485596,6.139999866485596,948500
2023-02-22,PTC,6.199999809265137,6.199999809265137,6.059999942779541,6.070000171661377,6.070000171661377,220500
2023-02-23,PTC,6.050000190734863,6.099999904632568,6.0,6.0,6.0,117500
2023-02-24,PTC,6.0,6.019999980926514,5.909999847412109,5.940000057220459,5.940000057220459,486000
2023-02-27,PTC,6.0,6.059999942779541,5.900000095367432,5.96999979019165,5.96999979019165,189500
2023-02-28,PTC,5.920000076293945,6.0,5.849999904632568,5.880000114440918,5.880000114440918,192500
2023-03-01,PTC,5.829999923706055,5.900000095367432,5.559999942779541,5.769999980926514,5.769999980926514,2939000
2023-03-02,PTC,5.78000020980835,5.849999904632568,5.690000057220459,5.710000038146973,5.710000038146973,681000
2023-03-03,PTC,5.690000057220459,5.860000133514404,5.599999904632568,5.710000038146973,5.710000038146973,1799500
2023-03-06,PTC,5.710000038146973,6.03000020980835,5.710000038146973,5.880000114440918,5.880000114440918,1403000
2023-03-07,PTC,5.849999904632568,5.949999809265137,5.690000057220459,5.730000019073486,5.730000019073486,1084500
2023-03-08,PTC,5.75,5.840000152587891,5.590000152587891,5.630000114440918,5.630000114440918,767000
2023-03-09,PTC,5.699999809265137,5.840000152587891,5.630000114440918,5.789999961853027,5.789999961853027,370500
2023-03-10,PTC,5.880000114440918,5.989999771118164,5.809999942779541,5.880000114440918,5.880000114440918,463000
2023-03-13,PTC,5.980000019073486,6.0,5.869999885559082,5.889999866485596,5.889999866485596,330000
2023-03-14,PTC,5.889999866485596,5.980000019073486,5.809999942779541,5.829999923706055,5.829999923706055,339000
2023-03-15,PTC,5.800000190734863,5.889999866485596,5.75,5.789999961853027,5.789999961853027,827500
2023-03-16,PTC,5.75,5.929999828338623,5.75,5.840000152587891,5.840000152587891,304500
2023-03-17,PTC,5.860000133514404,5.949999809265137,5.800000190734863,5.820000171661377,5.820000171661377,251500
2023-03-20,PTC,5.800000190734863,5.900000095367432,5.78000020980835,5.849999904632568,5.849999904632568,360500
2023-03-21,PTC,5.829999923706055,5.949999809265137,5.829999923706055,5.840000152587891,5.840000152587891,194000
2023-03-22,PTC,5.900000095367432,5.900000095367432,5.710000038146973,5.739999771118164,5.739999771118164,158500
2023-03-23,PTC,5.739999771118164,5.739999771118164,5.739999771118164,5.739999771118164,5.739999771118164,0
2023-03-24,PTC,5.800000190734863,5.820000171661377,5.710000038146973,5.71999979019165,5.71999979019165,148000
2023-03-27,PTC,5.699999809265137,5.760000228881836,5.599999904632568,5.619999885559082,5.619999885559082,275000
2023-03-28,PTC,5.690000057220459,5.730000019073486,5.599999904632568,5.610000133514404,5.610000133514404,186500
2023-03-29,PTC,5.659999847412109,5.690000057220459,5.579999923706055,5.610000133514404,5.610000133514404,104500
2023-03-30,PTC,5.610000133514404,5.769999980926514,5.429999828338623,5.619999885559082,5.619999885559082,208500
2023-03-31,PTC,5.610000133514404,5.980000019073486,5.519999980926514,5.840000152587891,5.840000152587891,802000
2023-04-03,PTC,5.650000095367432,5.949999809265137,5.650000095367432,5.789999961853027,5.789999961853027,85500
2023-04-04,PTC,5.800000190734863,5.909999847412109,5.699999809265137,5.730000019073486,5.730000019073486,273500
2023-04-05,PTC,5.710000038146973,5.820000171661377,5.699999809265137,5.75,5.75,69500
2023-04-06,PTC,5.730000019073486,5.849999904632568,5.730000019073486,5.840000152587891,5.840000152587891,109000
2023-04-07,PTC,5.840000152587891,5.840000152587891,5.78000020980835,5.800000190734863,5.800000190734863,39000
2023-04-10,PTC,5.800000190734863,5.820000171661377,5.75,5.75,5.75,15000
2023-04-11,PTC,5.800000190734863,5.800000190734863,5.619999885559082,5.699999809265137,5.699999809265137,33500
2023-04-12,PTC,5.699999809265137,5.739999771118164,5.659999847412109,5.670000076293945,5.670000076293945,356500
2023-04-13,PTC,5.75,5.75,5.650000095367432,5.670000076293945,5.670000076293945,82000
2023-04-14,PTC,5.670000076293945,5.670000076293945,5.670000076293945,5.670000076293945,5.670000076293945,0
2023-04-17,PTC,5.659999847412109,5.670000076293945,5.610000133514404,5.630000114440918,5.630000114440918,59000
2023-04-18,PTC,5.699999809265137,6.03000020980835,5.699999809265137,5.880000114440918,5.880000114440918,1367500
2023-04-19,PTC,5.900000095367432,5.949999809265137,5.809999942779541,5.869999885559082,5.869999885559082,173500
2023-04-20,PTC,5.829999923706055,5.869999885559082,5.75,5.800000190734863,5.800000190734863,356500
2023-04-21,PTC,5.800000190734863,5.800000190734863,5.800000190734863,5.800000190734863,5.800000190734863,0
2023-04-24,PTC,5.800000190734863,5.800000190734863,5.800000190734863,5.800000190734863,5.800000190734863,0
2023-04-25,PTC,5.800000190734863,5.800000190734863,5.800000190734863,5.800000190734863,5.800000190734863,0
2023-04-26,PTC,5.800000190734863,5.889999866485596,5.78000020980835,5.800000190734863,5.800000190734863,751000
2023-04-27,PTC,5.800000190734863,6.0,5.800000190734863,5.980000019073486,5.980000019073486,1385000
2023-04-28,PTC,5.980000019073486,6.150000095367432,5.929999828338623,5.980000019073486,5.980000019073486,1177000
2023-05-01,PTC,5.980000019073486,5.980000019073486,5.980000019073486,5.980000019073486,5.980000019073486,0
2023-05-02,PTC,5.980000019073486,6.25,5.929999828338623,6.139999866485596,6.139999866485596,1486500
2023-05-03,PTC,6.150000095367432,6.199999809265137,6.099999904632568,6.150000095367432,6.150000095367432,725500
2023-05-04,PTC,6.159999847412109,6.300000190734863,6.0,6.199999809265137,6.199999809265137,1051500
2023-05-05,PTC,6.329999923706055,6.329999923706055,6.099999904632568,6.110000133514404,6.110000133514404,78500
2023-05-08,PTC,6.190000057220459,6.190000057220459,6.050000190734863,6.119999885559082,6.119999885559082,259000
2023-05-09,PTC,6.090000152587891,6.099999904632568,5.940000057220459,6.0,6.0,1109500
2023-05-10,PTC,5.909999847412109,6.039999961853027,5.900000095367432,6.0,6.0,185500
2023-05-11,PTC,5.96999979019165,6.050000190734863,5.96999979019165,6.019999980926514,6.019999980926514,69500
2023-05-12,PTC,5.929999828338623,6.25,5.920000076293945,5.989999771118164,5.989999771118164,201500
2023-05-15,PTC,5.900000095367432,6.150000095367432,5.900000095367432,6.119999885559082,6.119999885559082,1888500
2023-05-16,PTC,6.170000076293945,6.800000190734863,6.170000076293945,6.75,6.75,15602500
2023-05-17,PTC,6.710000038146973,6.900000095367432,6.599999904632568,6.639999866485596,6.639999866485596,3416500
2023-05-18,PTC,6.699999809265137,6.699999809265137,6.400000095367432,6.510000228881836,6.510000228881836,514000
2023-05-19,PTC,6.539999961853027,6.579999923706055,6.420000076293945,6.5,6.5,129500
2023-05-22,PTC,6.449999809265137,6.480000019073486,6.349999904632568,6.389999866485596,6.389999866485596,179500
2023-05-23,PTC,6.320000171661377,6.360000133514404,6.289999961853027,6.309999942779541,6.309999942779541,253500
2023-05-24,PTC,6.309999942779541,6.349999904632568,6.25,6.260000228881836,6.260000228881836,281500
2023-05-25,PTC,6.260000228881836,6.400000095367432,6.199999809265137,6.300000190734863,6.300000190734863,471500
2023-05-26,PTC,6.25,6.329999923706055,6.099999904632568,6.199999809265137,6.199999809265137,854000
2023-05-29,PTC,6.300000190734863,6.320000171661377,6.170000076293945,6.230000019073486,6.230000019073486,274500
2023-05-30,PTC,6.230000019073486,6.289999961853027,6.139999866485596,6.21999979019165,6.21999979019165,80500
2023-05-31,PTC,6.239999771118164,6.239999771118164,6.150000095367432,6.150000095367432,6.150000095367432,204500
2023-06-01,PTC,6.159999847412109,6.230000019073486,6.130000114440918,6.139999866485596,6.139999866485596,42000
2023-06-02,PTC,6.199999809265137,6.230000019073486,6.079999923706055,6.090000152587891,6.090000152587891,96000
2023-06-05,PTC,6.119999885559082,6.230000019073486,6.119999885559082,6.199999809265137,6.199999809265137,66500
2023-06-06,PTC,6.159999847412109,6.25,6.150000095367432,6.210000038146973,6.210000038146973,141000
2023-06-07,PTC,6.260000228881836,6.739999771118164,6.260000228881836,6.340000152587891,6.340000152587891,3196000
2023-06-08,PTC,6.460000038146973,6.5,6.269999980926514,6.269999980926514,6.269999980926514,401500
2023-06-09,PTC,6.28000020980835,6.389999866485596,6.199999809265137,6.230000019073486,6.230000019073486,311000
2023-06-12,PTC,6.199999809265137,6.420000076293945,6.199999809265137,6.230000019073486,6.230000019073486,197500
2023-06-13,PTC,6.25,6.380000114440918,6.050000190734863,6.099999904632568,6.099999904632568,317000
2023-06-14,PTC,6.110000133514404,6.159999847412109,6.059999942779541,6.070000171661377,6.070000171661377,681000
2023-06-15,PTC,6.059999942779541,6.170000076293945,6.050000190734863,6.059999942779541,6.059999942779541,371000
2023-06-16,PTC,6.150000095367432,6.150000095367432,5.96999979019165,6.0,6.0,859000
2023-06-19,PTC,6.159999847412109,6.239999771118164,5.949999809265137,5.960000038146973,5.960000038146973,89000
2023-06-20,PTC,5.949999809265137,6.0,5.949999809265137,5.960000038146973,5.960000038146973,197000
2023-06-21,PTC,5.920000076293945,6.079999923706055,5.900000095367432,5.909999847412109,5.909999847412109,160500
2023-06-22,PTC,5.949999809265137,6.050000190734863,5.860000133514404,5.949999809265137,5.949999809265137,161500
2023-06-23,PTC,5.900000095367432,5.900000095367432,5.75,5.769999980926514,5.769999980926514,287000
2023-06-26,PTC,5.800000190734863,6.019999980926514,5.800000190734863,6.010000228881836,6.010000228881836,174500
2023-06-27,PTC,6.0,6.079999923706055,6.0,6.010000228881836,6.010000228881836,192000
2023-06-28,PTC,6.010000228881836,6.010000228881836,6.010000228881836,6.010000228881836,6.010000228881836,0
2023-06-29,PTC,6.010000228881836,6.010000228881836,6.010000228881836,6.010000228881836,6.010000228881836,0
2023-06-30,PTC,6.010000228881836,6.010000228881836,6.010000228881836,6.010000228881836,6.010000228881836,0
2023-07-03,PTC,6.400000095367432,6.590000152587891,6.119999885559082,6.510000228881836,6.510000228881836,2176000
2023-07-04,PTC,6.5,6.5,6.300000190734863,6.309999942779541,6.309999942779541,244500
2023-07-05,PTC,6.300000190734863,6.400000095367432,6.210000038146973,6.239999771118164,6.239999771118164,224500
2023-07-06,PTC,6.25,6.699999809265137,6.25,6.440000057220459,6.440000057220459,2516000
2023-07-07,PTC,6.409999847412109,6.650000095367432,6.349999904632568,6.369999885559082,6.369999885559082,1012500
2023-07-10,PTC,6.349999904632568,6.699999809265137,6.349999904632568,6.400000095367432,6.400000095367432,3101500
2023-07-11,PTC,6.449999809265137,6.670000076293945,6.449999809265137,6.539999961853027,6.539999961853027,1845000
2023-07-12,PTC,6.440000057220459,6.670000076293945,6.340000152587891,6.420000076293945,6.420000076293945,2839000
2023-07-13,PTC,6.420000076293945,6.550000190734863,6.349999904632568,6.389999866485596,6.389999866485596,2308000
2023-07-14,PTC,6.389999866485596,6.5,6.340000152587891,6.420000076293945,6.420000076293945,615000
2023-07-17,PTC,6.449999809265137,6.699999809265137,6.25,6.28000020980835,6.28000020980835,5549500
2023-07-18,PTC,6.289999961853027,6.369999885559082,6.269999980926514,6.309999942779541,6.309999942779541,389000
2023-07-19,PTC,6.300000190734863,6.349999904632568,6.099999904632568,6.130000114440918,6.130000114440918,1083500
2023-07-20,PTC,6.099999904632568,6.199999809265137,6.050000190734863,6.130000114440918,6.130000114440918,997000
2023-07-21,PTC,6.239999771118164,6.239999771118164,6.039999961853027,6.059999942779541,6.059999942779541,3498000
2023-07-24,PTC,6.059999942779541,6.199999809265137,6.03000020980835,6.090000152587891,6.090000152587891,1636000
2023-07-25,PTC,6.150000095367432,6.159999847412109,6.010000228881836,6.090000152587891,6.090000152587891,1381000
2023-07-26,PTC,6.059999942779541,6.150000095367432,6.050000190734863,6.139999866485596,6.139999866485596,1682000
2023-07-27,PTC,6.139999866485596,6.139999866485596,6.139999866485596,6.139999866485596,6.139999866485596,0
2023-07-28,PTC,6.139999866485596,6.139999866485596,6.139999866485596,6.139999866485596,6.139999866485596,0
2023-07-31,PTC,6.179999828338623,6.699999809265137,6.110000133514404,6.510000228881836,6.510000228881836,19492000
2023-08-01,PTC,6.610000133514404,6.75,6.409999847412109,6.460000038146973,6.460000038146973,7150000
2023-08-02,PTC,6.570000171661377,6.599999904632568,6.309999942779541,6.360000133514404,6.360000133514404,2771000
2023-08-03,PTC,6.46999979019165,6.5,6.21999979019165,6.25,6.25,2109000
2023-08-04,PTC,6.239999771118164,6.329999923706055,6.170000076293945,6.210000038146973,6.210000038146973,437000
2023-08-07,PTC,6.25,6.329999923706055,6.110000133514404,6.130000114440918,6.130000114440918,918500
2023-08-08,PTC,6.130000114440918,6.199999809265137,6.0,6.010000228881836,6.010000228881836,1479500
2023-08-09,PTC,6.190000057220459,6.190000057220459,6.0,6.079999923706055,6.079999923706055,556500
2023-08-10,PTC,6.150000095367432,6.150000095367432,5.949999809265137,5.989999771118164,5.989999771118164,898500
2023-08-11,PTC,5.909999847412109,6.150000095367432,5.909999847412109,6.090000152587891,6.090000152587891,340500
2023-08-14,PTC,6.090000152587891,6.090000152587891,6.090000152587891,6.090000152587891,6.090000152587891,0
2023-08-15,PTC,6.079999923706055,6.489999771118164,6.050000190734863,6.25,6.25,2229000
2023-08-16,PTC,6.239999771118164,6.28000020980835,6.050000190734863,6.059999942779541,6.059999942779541,1249500
2023-08-17,PTC,6.050000190734863,6.159999847412109,6.0,6.010000228881836,6.010000228881836,1094000
2023-08-18,PTC,6.03000020980835,6.150000095367432,6.0,6.039999961853027,6.039999961853027,1527000
2023-08-21,PTC,6.03000020980835,6.119999885559082,5.949999809265137,5.960000038146973,5.960000038146973,590500
2023-08-22,PTC,6.0,6.130000114440918,6.0,6.090000152587891,6.090000152587891,997500
2023-08-23,PTC,6.03000020980835,6.150000095367432,5.949999809265137,5.96999979019165,5.96999979019165,421000
2023-08-24,PTC,5.96999979019165,6.039999961853027,5.949999809265137,5.96999979019165,5.96999979019165,68000
2023-08-25,PTC,6.050000190734863,6.099999904632568,5.849999904632568,5.900000095367432,5.900000095367432,410500
2023-08-28,PTC,5.929999828338623,5.980000019073486,5.849999904632568,5.860000133514404,5.860000133514404,199000
2023-08-29,PTC,5.889999866485596,5.960000038146973,5.769999980926514,5.789999961853027,5.789999961853027,295500
2023-08-30,PTC,5.949999809265137,5.949999809265137,5.630000114440918,5.690000057220459,5.690000057220459,4102500
2023-08-31,PTC,5.789999961853027,5.869999885559082,5.579999923706055,5.710000038146973,5.710000038146973,2944000
2023-09-01,PTC,5.690000057220459,5.880000114440918,5.650000095367432,5.860000133514404,5.860000133514404,218000
2023-09-04,PTC,5.849999904632568,5.860000133514404,5.78000020980835,5.789999961853027,5.789999961853027,55000
2023-09-05,PTC,5.789999961853027,5.809999942779541,5.639999866485596,5.699999809265137,5.699999809265137,378000
2023-09-06,PTC,5.699999809265137,5.75,5.619999885559082,5.71999979019165,5.71999979019165,310500
2023-09-07,PTC,5.75,5.769999980926514,5.650000095367432,5.690000057220459,5.690000057220459,410500
2023-09-08,PTC,5.75,5.75,5.650000095367432,5.670000076293945,5.670000076293945,747500
2023-09-11,PTC,5.659999847412109,5.739999771118164,5.630000114440918,5.679999828338623,5.679999828338623,145500
2023-09-12,PTC,5.639999866485596,5.699999809265137,5.559999942779541,5.619999885559082,5.619999885559082,712000
2023-09-13,PTC,5.610000133514404,5.679999828338623,5.579999923706055,5.619999885559082,5.619999885559082,56500
2023-09-14,PTC,5.699999809265137,5.699999809265137,5.630000114440918,5.650000095367432,5.650000095367432,37000
2023-09-15,PTC,5.610000133514404,5.699999809265137,5.610000133514404,5.650000095367432,5.650000095367432,76500
2023-09-18,PTC,5.619999885559082,5.639999866485596,5.599999904632568,5.630000114440918,5.630000114440918,120500
2023-09-19,PTC,5.659999847412109,5.699999809265137,5.599999904632568,5.630000114440918,5.630000114440918,218500
2023-09-20,PTC,5.630000114440918,5.639999866485596,5.570000171661377,5.590000152587891,5.590000152587891,288500
2023-09-21,PTC,5.559999942779541,5.650000095367432,5.53000020980835,5.650000095367432,5.650000095367432,139500
2023-09-22,PTC,5.650000095367432,5.690000057220459,5.619999885559082,5.639999866485596,5.639999866485596,376000
2023-09-25,PTC,5.699999809265137,5.760000228881836,5.650000095367432,5.739999771118164,5.739999771118164,228000
2023-09-26,PTC,5.789999961853027,5.949999809265137,5.75,5.880000114440918,5.880000114440918,912000
2023-09-27,PTC,5.849999904632568,5.889999866485596,5.809999942779541,5.880000114440918,5.880000114440918,112500
2023-09-28,PTC,5.880000114440918,5.880000114440918,5.880000114440918,5.880000114440918,5.880000114440918,0
2023-09-29,PTC,5.880000114440918,5.880000114440918,5.880000114440918,5.880000114440918,5.880000114440918,0
2023-10-02,PTC,5.900000095367432,6.0,5.829999923706055,5.849999904632568,5.849999904632568,2511500
2023-10-03,PTC,5.849999904632568,5.849999904632568,5.739999771118164,5.75,5.75,590000
2023-10-04,PTC,5.730000019073486,5.78000020980835,5.710000038146973,5.71999979019165,5.71999979019165,688500
2023-10-05,PTC,5.710000038146973,5.929999828338623,5.710000038146973,5.809999942779541,5.809999942779541,1294500
2023-10-06,PTC,5.849999904632568,5.929999828338623,5.820000171661377,5.909999847412109,5.909999847412109,495500
2023-10-09,PTC,5.800000190734863,5.96999979019165,5.800000190734863,5.809999942779541,5.809999942779541,209500
2023-10-10,PTC,5.789999961853027,6.130000114440918,5.789999961853027,6.090000152587891,6.090000152587891,1936500
2023-10-11,PTC,6.079999923706055,6.260000228881836,6.010000228881836,6.25,6.25,3045500
2023-10-12,PTC,6.199999809265137,6.25,6.119999885559082,6.199999809265137,6.199999809265137,874000
2023-10-13,PTC,6.25,7.199999809265137,6.25,7.119999885559082,7.119999885559082,48393000
2023-10-16,PTC,7.440000057220459,7.449999809265137,6.75,6.949999809265137,6.949999809265137,22603000
2023-10-17,PTC,6.949999809265137,6.960000038146973,6.699999809265137,6.769999980926514,6.769999980926514,6188000
2023-10-18,PTC,6.699999809265137,6.900000095367432,6.619999885559082,6.78000020980835,6.78000020980835,3043500
2023-10-19,PTC,6.800000190734863,6.849999904632568,6.590000152587891,6.650000095367432,6.650000095367432,1231000
2023-10-20,PTC,6.670000076293945,6.71999979019165,6.559999942779541,6.579999923706055,6.579999923706055,1904500
2023-10-23,PTC,6.71999979019165,6.800000190734863,6.610000133514404,6.71999979019165,6.71999979019165,1814000
2023-10-24,PTC,6.71999979019165,6.869999885559082,6.670000076293945,6.710000038146973,6.710000038146973,2423500
2023-10-25,PTC,6.800000190734863,6.800000190734863,6.670000076293945,6.739999771118164,6.739999771118164,4820500
2023-10-26,PTC,6.739999771118164,6.800000190734863,6.679999828338623,6.699999809265137,6.699999809265137,1392500
2023-10-27,PTC,6.659999847412109,6.75,6.53000020980835,6.630000114440918,6.630000114440918,2113500
2023-10-30,PTC,6.610000133514404,6.800000190734863,6.579999923706055,6.699999809265137,6.699999809265137,1071500
2023-10-31,PTC,6.619999885559082,6.800000190734863,6.53000020980835,6.760000228881836,6.760000228881836,589000
2023-11-01,PTC,6.75,6.820000171661377,6.670000076293945,6.710000038146973,6.710000038146973,534000
2023-11-02,PTC,6.71999979019165,7.099999904632568,6.710000038146973,6.800000190734863,6.800000190734863,5154000
2023-11-03,PTC,6.769999980926514,6.929999828338623,6.760000228881836,6.820000171661377,6.820000171661377,768000
2023-11-06,PTC,6.980000019073486,7.079999923706055,6.829999923706055,6.949999809265137,6.949999809265137,980000
2023-11-07,PTC,7.0,7.03000020980835,6.730000019073486,6.760000228881836,6.760000228881836,1202000
2023-11-08,PTC,6.889999866485596,7.260000228881836,6.730000019073486,7.050000190734863,7.050000190734863,5899500
2023-11-09,PTC,7.050000190734863,7.050000190734863,7.050000190734863,7.050000190734863,7.050000190734863,0
2023-11-10,PTC,7.099999904632568,7.199999809265137,7.0,7.010000228881836,7.010000228881836,3103000
2023-11-13,PTC,7.0,7.150000095367432,7.0,7.050000190734863,7.050000190734863,834000
2023-11-14,PTC,7.119999885559082,7.119999885559082,6.900000095367432,6.929999828338623,6.929999828338623,1710500
2023-11-15,PTC,7.0,7.199999809265137,6.900000095367432,7.139999866485596,7.139999866485596,2643000
2023-11-16,PTC,7.099999904632568,7.199999809265137,7.079999923706055,7.119999885559082,7.119999885559082,2093500
2023-11-17,PTC,7.179999828338623,7.599999904632568,7.090000152587891,7.320000171661377,7.320000171661377,12445000
2023-11-20,PTC,7.360000133514404,7.5,7.210000038146973,7.300000190734863,7.300000190734863,6718500
2023-11-21,PTC,7.289999961853027,7.599999904632568,7.059999942779541,7.210000038146973,7.210000038146973,7878500
2023-11-22,PTC,7.199999809265137,7.440000057220459,7.110000133514404,7.300000190734863,7.300000190734863,1908500
2023-11-23,PTC,7.349999904632568,7.699999809265137,7.349999904632568,7.380000114440918,7.380000114440918,7236000
2023-11-24,PTC,7.440000057220459,7.510000228881836,7.25,7.269999980926514,7.269999980926514,2023000
2023-11-27,PTC,7.25,7.449999809265137,7.190000057220459,7.260000228881836,7.260000228881836,2965000
2023-11-28,PTC,7.340000152587891,7.449999809265137,7.25,7.260000228881836,7.260000228881836,1675500
2023-11-29,PTC,7.25,7.449999809265137,6.800000190734863,6.940000057220459,6.940000057220459,6720000
2023-11-30,PTC,6.989999771118164,7.059999942779541,6.840000152587891,7.0,7.0,3493500
2023-12-01,PTC,7.0,7.340000152587891,6.96999979019165,7.170000076293945,7.170000076293945,8092000
2023-12-04,PTC,7.25,7.989999771118164,7.25,7.889999866485596,7.889999866485596,21755000
2023-12-05,PTC,8.0,8.470000267028809,7.949999809265137,8.069999694824219,8.069999694824219,36098500
2023-12-06,PTC,8.1899995803833,8.260000228881836,8.050000190734863,8.130000114440918,8.130000114440918,6827500
2023-12-07,PTC,8.25,9.130000114440918,8.25,8.720000267028809,8.720000267028809,43233500
2023-12-08,PTC,8.789999961853027,9.720000267028809,8.539999961853027,9.649999618530273,9.649999618530273,58736500
2023-12-11,PTC,9.699999809265137,10.319999694824219,9.449999809265137,10.149999618530273,10.149999618530273,63835000
2023-12-12,PTC,10.25,11.130000114440918,10.100000381469727,11.010000228881836,11.010000228881836,79248000
2023-12-13,PTC,11.350000381469727,12.010000228881836,11.300000190734863,12.010000228881836,12.010000228881836,62457500
2023-12-14,PTC,13.010000228881836,13.010000228881836,13.010000228881836,13.010000228881836,13.010000228881836,1854500
2023-12-15,PTC,14.010000228881836,14.010000228881836,14.010000228881836,14.010000228881836,14.010000228881836,706500
2023-12-18,PTC,15.0600004196167,15.0600004196167,14.029999732971191,15.0600004196167,15.0600004196167,70521500
2023-12-19,PTC,15.949999809265137,16.190000534057617,14.300000190734863,15.069999694824219,15.069999694824219,74078000
2023-12-20,PTC,15.100000381469727,15.5,13.9399995803833,13.9399995803833,13.9399995803833,26220000
2023-12-21,PTC,13.569999694824219,14.550000190734863,12.890000343322754,14.25,14.25,45165500
2023-12-22,PTC,14.300000190734863,14.609999656677246,13.180000305175781,13.210000038146973,13.210000038146973,20638500
2023-12-25,PTC,13.210000038146973,13.210000038146973,13.210000038146973,13.210000038146973,13.210000038146973,0
2023-12-26,PTC,12.899999618530273,12.899999618530273,12.210000038146973,12.210000038146973,12.210000038146973,13250000
2023-12-27,PTC,11.520000457763672,12.699999809265137,11.210000038146973,12.25,12.25,55426000
2023-12-28,PTC,12.600000381469727,12.850000381469727,11.649999618530273,11.920000076293945,11.920000076293945,26047500
2023-12-29,PTC,12.0600004196167,12.449999809265137,11.25,12.229999542236328,12.229999542236328,16151500
2024-01-01,PTC,12.3100004196167,13.100000381469727,12.3100004196167,12.9399995803833,12.9399995803833,19491500
2024-01-02,PTC,13.180000305175781,13.239999771118164,12.399999618530273,12.75,12.75,27349500
2024-01-03,PTC,13.0,13.75,12.670000076293945,13.489999771118164,13.489999771118164,50431000
2024-01-04,PTC,13.300000190734863,13.5,12.899999618530273,13.239999771118164,13.239999771118164,14653000
2024-01-05,PTC,13.289999961853027,13.75,12.699999809265137,13.180000305175781,13.180000305175781,25557791
2024-01-08,PTC,13.229999542236328,13.630000114440918,12.760000228881836,12.880000114440918,12.880000114440918,17773928
2024-01-09,PTC,12.989999771118164,13.140000343322754,12.220000267028809,12.34000015258789,12.34000015258789,11368958
2024-01-10,PTC,12.300000190734863,12.670000076293945,11.800000190734863,12.449999809265137,12.449999809265137,13995613
2024-01-11,PTC,12.5,12.729999542236328,12.300000190734863,12.460000038146973,12.460000038146973,7700601
2024-01-12,PTC,12.649999618530273,13.149999618530273,12.470000267028809,12.640000343322754,12.640000343322754,23129261
2024-01-15,PTC,12.800000190734863,12.989999771118164,12.420000076293945,12.569999694824219,12.569999694824219,8039388
2024-01-16,PTC,12.489999771118164,13.569999694824219,12.489999771118164,13.569999694824219,13.569999694824219,48565635
2024-01-17,PTC,13.5,14.399999618530273,13.420000076293945,14.020000457763672,14.020000457763672,45978785
2024-01-18,PTC,13.899999618530273,14.430000305175781,13.199999809265137,14.260000228881836,14.260000228881836,25690390
2024-01-19,PTC,14.350000381469727,14.390000343322754,13.710000038146973,13.829999923706055,13.829999923706055,14161766
2024-01-22,PTC,13.710000038146973,13.920000076293945,13.25,13.470000267028809,13.470000267028809,4576537
2024-01-23,PTC,13.649999618530273,14.149999618530273,13.600000381469727,13.680000305175781,13.680000305175781,18157298
2024-01-24,PTC,13.670000076293945,13.9399995803833,13.199999809265137,13.369999885559082,13.369999885559082,13621020
2024-01-25,PTC,13.40999984741211,13.529999732971191,12.600000381469727,12.770000457763672,12.770000457763672,9639224
2024-01-26,PTC,12.600000381469727,13.0,12.300000190734863,12.40999984741211,12.40999984741211,11459261
2024-01-29,PTC,12.40999984741211,12.5,11.40999984741211,11.40999984741211,11.40999984741211,15873772
2024-01-30,PTC,11.5,11.84000015258789,10.40999984741211,10.529999732971191,10.529999732971191,23674665
2024-01-31,PTC,10.5600004196167,10.850000381469727,10.350000381469727,10.449999809265137,10.449999809265137,6751457
2024-02-01,PTC,10.550000190734863,10.65999984741211,10.460000038146973,10.5600004196167,10.5600004196167,2544796
2024-02-02,PTC,10.539999961853027,11.09000015258789,10.529999732971191,10.90999984741211,10.90999984741211,8730405
2024-02-06,PTC,10.800000190734863,11.199999809265137,10.800000190734863,11.020000457763672,11.020000457763672,2842875
2024-02-07,PTC,11.0600004196167,11.350000381469727,11.0600004196167,11.170000076293945,11.170000076293945,3411843
2024-02-08,PTC,11.170000076293945,11.170000076293945,11.170000076293945,11.170000076293945,11.170000076293945,0
2024-02-09,PTC,10.989999771118164,11.1899995803833,10.260000228881836,11.0600004196167,11.0600004196167,6854953
2024-02-12,PTC,11.1899995803833,11.1899995803833,10.0600004196167,10.069999694824219,10.069999694824219,9461003
2024-02-13,PTC,9.899999618530273,10.489999771118164,9.319999694824219,9.630000114440918,9.630000114440918,11198165
2024-02-14,PTC,9.800000190734863,9.979999542236328,9.65999984741211,9.770000457763672,9.770000457763672,7162052
2024-02-15,PTC,9.829999923706055,10.1899995803833,9.5,9.569999694824219,9.569999694824219,10504476
2024-02-16,PTC,9.569999694824219,9.75,8.899999618530273,9.140000343322754,9.140000343322754,6238638
2024-02-19,PTC,9.020000457763672,9.699999809265137,8.75,9.630000114440918,9.630000114440918,5943195
2024-02-20,PTC,9.710000038146973,9.880000114440918,9.300000190734863,9.479999542236328,9.479999542236328,3837468
2024-02-21,PTC,9.770000457763672,9.84000015258789,9.220000267028809,9.489999771118164,9.489999771118164,3338664
2024-02-22,PTC,9.489999771118164,9.850000381469727,9.449999809265137,9.550000190734863,9.550000190734863,3685279
2024-02-23,PTC,9.520000457763672,10.550000190734863,9.40999984741211,10.479999542236328,10.479999542236328,15473285
2024-02-26,PTC,10.550000190734863,11.300000190734863,10.550000190734863,10.779999732971191,10.779999732971191,10095530
2024-02-27,PTC,10.8100004196167,10.859999656677246,10.5,10.529999732971191,10.529999732971191,3647356
2024-02-28,PTC,10.550000190734863,11.319999694824219,10.329999923706055,11.069999694824219,11.069999694824219,11661085
2024-02-29,PTC,11.149999618530273,11.34000015258789,10.819999694824219,10.960000038146973,10.960000038146973,5999641
2024-03-01,PTC,11.100000381469727,11.550000190734863,10.699999809265137,11.390000343322754,11.390000343322754,6896425
2024-03-04,PTC,11.520000457763672,12.390000343322754,11.119999885559082,12.079999923706055,12.079999923706055,23412888
2024-03-05,PTC,12.220000267028809,12.899999618530273,12.0600004196167,12.220000267028809,12.220000267028809,24851077
2024-03-06,PTC,12.25,12.699999809265137,12.010000228881836,12.100000381469727,12.100000381469727,6968493
2024-03-07,PTC,12.069999694824219,12.390000343322754,11.8100004196167,12.100000381469727,12.100000381469727,6433277
2024-03-08,PTC,12.350000381469727,12.550000190734863,12.029999732971191,12.210000038146973,12.210000038146973,6240688
2024-03-11,PTC,12.399999618530273,13.210000038146973,12.3100004196167,13.199999809265137,13.199999809265137,26435903
2024-03-12,PTC,13.449999809265137,13.680000305175781,12.75,12.899999618530273,12.899999618530273,18051998
2024-03-13,PTC,12.899999618530273,13.170000076293945,12.449999809265137,12.59000015258789,12.59000015258789,8779590
2024-03-14,PTC,12.729999542236328,13.59000015258789,12.729999542236328,13.539999961853027,13.539999961853027,11250475
2024-03-15,PTC,13.579999923706055,13.800000190734863,13.079999923706055,13.1899995803833,13.1899995803833,6334062
2024-03-18,PTC,13.050000190734863,14.1899995803833,13.050000190734863,14.1899995803833,14.1899995803833,13816469
2024-03-19,PTC,14.510000228881836,15.25,14.5,15.25,15.25,5139518
2024-03-20,PTC,16.389999389648438,16.389999389648438,16.389999389648438,16.389999389648438,16.389999389648438,1670921
2024-03-21,PTC,17.610000610351562,17.6200008392334,15.270000457763672,15.84000015258789,15.84000015258789,52898951
2024-03-22,PTC,15.9399995803833,15.9399995803833,14.649999618530273,14.649999618530273,14.649999618530273,10930294
2024-03-26,PTC,15.25,16.5,15.020000457763672,16.100000381469727,16.100000381469727,28146003
2024-03-27,PTC,16.209999084472656,17.309999465942383,16.209999084472656,17.309999465942383,17.309999465942383,24701735
2024-03-28,PTC,18.610000610351562,18.610000610351562,17.809999465942383,18.420000076293945,18.420000076293945,55715919
2024-03-29,PTC,17.8799991607666,18.600000381469727,17.190000534057617,18.270000457763672,18.270000457763672,32214179
2024-04-01,PTC,18.489999771118164,18.489999771118164,16.899999618530273,16.940000534057617,16.940000534057617,21231631
2024-04-02,PTC,16.610000610351562,16.979999542236328,15.800000190734863,16.459999084472656,16.459999084472656,27131713
2024-04-03,PTC,16.799999237060547,17.09000015258789,16.209999084472656,16.3700008392334,16.3700008392334,10602024
2024-04-04,PTC,16.5,16.690000534057617,15.800000190734863,16.190000534057617,16.190000534057617,15054641
2024-04-08,PTC,16.989999771118164,17.399999618530273,16.309999465942383,17.020000457763672,17.020000457763672,33757114
2024-04-09,PTC,17.0,17.200000762939453,16.420000076293945,16.719999313354492,16.719999313354492,11252126
2024-04-15,PTC,16.489999771118164,16.899999618530273,16.260000228881836,16.59000015258789,16.59000015258789,12721103
2024-04-16,PTC,16.600000381469727,16.829999923706055,16.049999237060547,16.110000610351562,16.110000610351562,7263191
2024-04-17,PTC,16.239999771118164,16.65999984741211,16.020000457763672,16.149999618530273,16.149999618530273,9690272
2024-04-18,PTC,16.200000762939453,16.350000381469727,14.9399995803833,15.130000114440918,15.130000114440918,24397248
2024-04-19,PTC,14.75,15.289999961853027,14.399999618530273,14.720000267028809,14.720000267028809,10174902
2024-04-22,PTC,14.710000038146973,15.819999694824219,14.609999656677246,15.539999961853027,15.539999961853027,18991406
2024-04-23,PTC,15.5,15.899999618530273,14.8100004196167,14.960000038146973,14.960000038146973,5612166
2024-04-24,PTC,15.100000381469727,15.149999618530273,14.449999809265137,14.59000015258789,14.59000015258789,7300282
2024-04-25,PTC,14.6899995803833,15.079999923706055,14.550000190734863,14.739999771118164,14.739999771118164,8231079
2024-04-26,PTC,14.920000076293945,14.920000076293945,14.449999809265137,14.59000015258789,14.59000015258789,5742481
2024-04-29,PTC,14.75,15.020000457763672,14.300000190734863,14.40999984741211,14.40999984741211,8846204
2024-04-30,PTC,14.350000381469727,14.649999618530273,14.029999732971191,14.09000015258789,14.09000015258789,3588690
2024-05-02,PTC,14.289999961853027,14.289999961853027,13.029999732971191,13.0600004196167,13.0600004196167,9256013
2024-05-03,PTC,13.069999694824219,13.430000305175781,13.020000457763672,13.380000114440918,13.380000114440918,3861610
2024-05-06,PTC,13.640000343322754,14.380000114440918,13.640000343322754,14.329999923706055,14.329999923706055,14068830
2024-05-07,PTC,13.899999618530273,14.239999771118164,13.649999618530273,13.84000015258789,13.84000015258789,8897338
2024-05-08,PTC,14.0,14.100000381469727,13.5,13.5600004196167,13.5600004196167,4675410
2024-05-09,PTC,13.619999885559082,14.3100004196167,13.5,13.949999809265137,13.949999809265137,9395555
2024-05-10,PTC,13.90999984741211,15.0,13.90999984741211,14.670000076293945,14.670000076293945,20152162
2024-05-13,PTC,14.989999771118164,14.989999771118164,14.369999885559082,14.479999542236328,14.479999542236328,3330582
2024-05-14,PTC,14.59000015258789,14.649999618530273,14.069999694824219,14.170000076293945,14.170000076293945,2627454
2024-05-15,PTC,14.199999809265137,14.470000267028809,13.899999618530273,13.989999771118164,13.989999771118164,5003551
2024-05-16,PTC,14.1899995803833,14.390000343322754,13.550000190734863,14.029999732971191,14.029999732971191,2527186
2024-05-17,PTC,13.899999618530273,14.199999809265137,13.899999618530273,13.920000076293945,13.920000076293945,1057785
2024-05-20,PTC,13.720000267028809,14.050000190734863,13.699999809265137,13.90999984741211,13.90999984741211,1992126
2024-05-21,PTC,13.8100004196167,14.75,13.800000190734863,14.449999809265137,14.449999809265137,13482176
2024-05-22,PTC,14.449999809265137,14.550000190734863,13.899999618530273,13.989999771118164,13.989999771118164,2896984
2024-05-23,PTC,13.850000381469727,14.199999809265137,13.75,14.069999694824219,14.069999694824219,2130108
2024-05-24,PTC,13.9399995803833,14.15999984741211,13.850000381469727,14.010000228881836,14.010000228881836,896284
2024-05-27,PTC,14.029999732971191,14.15999984741211,13.8100004196167,14.010000228881836,14.010000228881836,2603226
2024-05-28,PTC,14.010000228881836,14.010000228881836,14.010000228881836,14.010000228881836,14.010000228881836,0
2024-05-29,PTC,14.199999809265137,14.199999809265137,13.600000381469727,13.720000267028809,13.720000267028809,4015656
2024-05-30,PTC,13.789999961853027,13.899999618530273,13.640000343322754,13.770000457763672,13.770000457763672,1795361
2024-05-31,PTC,13.789999961853027,14.020000457763672,13.510000228881836,13.9399995803833,13.9399995803833,3795994
2024-06-03,PTC,13.8100004196167,14.350000381469727,13.800000190734863,14.079999923706055,14.079999923706055,3545557
2024-06-04,PTC,14.100000381469727,14.100000381469727,13.699999809265137,13.75,13.75,2583245
2024-06-05,PTC,13.930000305175781,13.930000305175781,13.550000190734863,13.649999618530273,13.649999618530273,2651723
2024-06-06,PTC,13.729999542236328,13.729999542236328,13.010000228881836,13.229999542236328,13.229999542236328,1198962
2024-06-07,PTC,13.25,13.25,12.699999809265137,13.039999961853027,13.039999961853027,2773228
2024-06-10,PTC,13.15999984741211,13.15999984741211,12.369999885559082,12.539999961853027,12.539999961853027,1330250
2024-06-11,PTC,12.800000190734863,12.800000190734863,11.65999984741211,11.899999618530273,11.899999618530273,3991148
2024-06-12,PTC,11.880000114440918,12.300000190734863,11.600000381469727,12.1899995803833,12.1899995803833,2140163
2024-06-13,PTC,12.279999732971191,13.229999542236328,12.050000190734863,13.079999923706055,13.079999923706055,5626000
2024-06-14,PTC,12.800000190734863,13.180000305175781,12.0,12.0600004196167,12.0600004196167,7152021
2024-06-20,PTC,12.0600004196167,12.319999694824219,12.050000190734863,12.220000267028809,12.220000267028809,1403018
2024-06-21,PTC,12.319999694824219,12.390000343322754,12.140000343322754,12.289999961853027,12.289999961853027,1368799
2024-06-24,PTC,12.300000190734863,12.380000114440918,12.100000381469727,12.149999618530273,12.149999618530273,966683
2024-06-25,PTC,12.029999732971191,12.170000076293945,11.850000381469727,11.9399995803833,11.9399995803833,985792
2024-06-26,PTC,12.09000015258789,12.100000381469727,11.479999542236328,11.600000381469727,11.600000381469727,2333571
2024-06-27,PTC,11.699999809265137,11.949999809265137,10.850000381469727,11.010000228881836,11.010000228881836,12361457
2024-06-28,PTC,11.489999771118164,12.010000228881836,11.0,12.010000228881836,12.010000228881836,70992434
2024-07-01,PTC,12.170000076293945,12.899999618530273,12.050000190734863,12.649999618530273,12.649999618530273,30206071
2024-07-02,PTC,12.770000457763672,12.930000305175781,12.479999542236328,12.630000114440918,12.630000114440918,13241410
2024-07-03,PTC,12.699999809265137,12.729999542236328,12.300000190734863,12.369999885559082,12.369999885559082,7296389
2024-07-04,PTC,12.5,12.869999885559082,12.319999694824219,12.369999885559082,12.369999885559082,11832711
2024-07-05,PTC,12.34000015258789,12.699999809265137,12.319999694824219,12.430000305175781,12.430000305175781,6754595
2024-07-08,PTC,12.5600004196167,12.899999618530273,12.350000381469727,12.680000305175781,12.680000305175781,6511831
2024-07-09,PTC,12.720000267028809,13.5600004196167,12.520000457763672,13.130000114440918,13.130000114440918,17895384
2024-07-10,PTC,13.25,13.350000381469727,12.550000190734863,12.6899995803833,12.6899995803833,11175103
2024-07-11,PTC,12.600000381469727,12.84000015258789,12.399999618530273,12.569999694824219,12.569999694824219,5129704
2024-07-12,PTC,12.680000305175781,13.0600004196167,11.920000076293945,12.949999809265137,12.949999809265137,8856632
2024-07-15,PTC,12.949999809265137,13.430000305175781,12.949999809265137,13.010000228881836,13.010000228881836,8852269
2024-07-16,PTC,13.010000228881836,13.010000228881836,13.010000228881836,13.010000228881836,13.010000228881836,0
2024-07-17,PTC,13.010000228881836,13.010000228881836,13.010000228881836,13.010000228881836,13.010000228881836,0
2024-07-18,PTC,13.149999618530273,14.100000381469727,13.020000457763672,13.699999809265137,13.699999809265137,25028450
2024-07-19,PTC,13.720000267028809,13.789999961853027,12.800000190734863,12.930000305175781,12.930000305175781,9509676
2024-07-22,PTC,12.979999542236328,12.989999771118164,12.399999618530273,12.470000267028809,12.470000267028809,2981630
2024-07-23,PTC,12.420000076293945,12.899999618530273,12.420000076293945,12.600000381469727,12.600000381469727,2412593
2024-07-24,PTC,12.600000381469727,12.880000114440918,12.40999984741211,12.520000457763672,12.520000457763672,2632938
2024-07-25,PTC,12.600000381469727,12.6899995803833,12.359999656677246,12.40999984741211,12.40999984741211,1427639
2024-07-26,PTC,12.5,12.5,11.90999984741211,12.100000381469727,12.100000381469727,4528573
2024-07-29,PTC,12.100000381469727,12.5,12.050000190734863,12.270000457763672,12.270000457763672,5845036
2024-07-30,PTC,12.270000457763672,12.390000343322754,12.100000381469727,12.3100004196167,12.3100004196167,2023054
2024-07-31,PTC,12.25,12.25,11.800000190734863,11.890000343322754,11.890000343322754,2453797
2024-08-01,PTC,12.0,12.170000076293945,11.619999885559082,12.0600004196167,12.0600004196167,1813570
2024-08-02,PTC,12.180000305175781,12.199999809265137,11.960000038146973,12.010000228881836,12.010000228881836,2239514
2024-08-05,PTC,12.180000305175781,12.180000305175781,11.710000038146973,11.779999732971191,11.779999732971191,2950701
2024-08-06,PTC,11.899999618530273,12.239999771118164,11.75,11.84000015258789,11.84000015258789,5650129
2024-08-07,PTC,11.979999542236328,12.25,11.789999961853027,12.15999984741211,12.15999984741211,2212986
2024-08-08,PTC,12.199999809265137,12.25,11.800000190734863,11.859999656677246,11.859999656677246,2657156
2024-08-09,PTC,11.949999809265137,12.050000190734863,11.699999809265137,11.75,11.75,1519919
2024-08-12,PTC,11.75,11.949999809265137,11.609999656677246,11.670000076293945,11.670000076293945,1384559
2024-08-13,PTC,11.800000190734863,11.800000190734863,11.329999923706055,11.430000305175781,11.430000305175781,7758704
2024-08-15,PTC,11.5,12.569999694824219,11.399999618530273,12.569999694824219,12.569999694824219,14249013
2024-08-16,PTC,12.600000381469727,13.399999618530273,12.220000267028809,12.420000076293945,12.420000076293945,21231669
2024-08-19,PTC,12.479999542236328,12.579999923706055,11.880000114440918,11.960000038146973,11.960000038146973,3613704
2024-08-20,PTC,12.050000190734863,12.890000343322754,11.779999732971191,12.5600004196167,12.5600004196167,8449355
2024-08-21,PTC,12.920000076293945,13.819999694824219,12.760000228881836,13.4399995803833,13.4399995803833,33657902
2024-08-22,PTC,13.489999771118164,13.489999771118164,12.859999656677246,12.960000038146973,12.960000038146973,7407687
2024-08-23,PTC,12.949999809265137,13.239999771118164,12.649999618530273,12.710000038146973,12.710000038146973,5576890
2024-08-26,PTC,12.800000190734863,12.859999656677246,12.399999618530273,12.550000190734863,12.550000190734863,2463954
2024-08-27,PTC,12.630000114440918,12.989999771118164,12.380000114440918,12.829999923706055,12.829999923706055,3760812
2024-08-28,PTC,12.890000343322754,12.890000343322754,12.329999923706055,12.390000343322754,12.390000343322754,5707363
2024-08-29,PTC,12.329999923706055,12.529999732971191,12.020000457763672,12.079999923706055,12.079999923706055,4445833
2024-08-30,PTC,12.109999656677246,12.489999771118164,12.020000457763672,12.220000267028809,12.220000267028809,3845740
2024-09-02,PTC,12.25,12.3100004196167,11.899999618530273,11.949999809265137,11.949999809265137,1572806
2024-09-03,PTC,11.8100004196167,12.100000381469727,11.8100004196167,11.960000038146973,11.960000038146973,1237071
2024-09-04,PTC,11.899999618530273,12.279999732971191,11.899999618530273,11.989999771118164,11.989999771118164,1745863
2024-09-05,PTC,11.90999984741211,12.100000381469727,11.84000015258789,11.920000076293945,11.920000076293945,10143776
2024-09-06,PTC,11.8100004196167,12.15999984741211,11.800000190734863,11.850000381469727,11.850000381469727,1432838
2024-09-09,PTC,11.949999809265137,11.949999809265137,11.609999656677246,11.729999542236328,11.729999542236328,1438301
2024-09-10,PTC,11.699999809265137,12.020000457763672,11.699999809265137,11.970000267028809,11.970000267028809,1210475
2024-09-11,PTC,12.100000381469727,12.100000381469727,11.770000457763672,11.800000190734863,11.800000190734863,921706
2024-09-12,PTC,11.880000114440918,12.199999809265137,11.850000381469727,12.100000381469727,12.100000381469727,1719441
2024-09-13,PTC,12.100000381469727,12.449999809265137,11.899999618530273,11.9399995803833,11.9399995803833,2541017
2024-09-16,PTC,11.9399995803833,11.989999771118164,11.470000267028809,11.569999694824219,11.569999694824219,3264720
2024-09-17,PTC,11.569999694824219,11.569999694824219,11.569999694824219,11.569999694824219,11.569999694824219,0
2024-09-18,PTC,11.40999984741211,11.6899995803833,11.40999984741211,11.5,11.5,1270067
2024-09-19,PTC,11.5,11.680000305175781,11.020000457763672,11.130000114440918,11.130000114440918,2448560
2024-09-20,PTC,11.149999618530273,11.199999809265137,10.949999809265137,11.09000015258789,11.09000015258789,2185633
2024-09-23,PTC,11.050000190734863,11.609999656677246,11.050000190734863,11.489999771118164,11.489999771118164,2788590
2024-09-24,PTC,11.399999618530273,11.899999618530273,11.399999618530273,11.600000381469727,11.600000381469727,3246037
2024-09-25,PTC,11.600000381469727,11.989999771118164,11.550000190734863,11.819999694824219,11.819999694824219,2677876
2024-09-26,PTC,11.899999618530273,12.199999809265137,11.5,11.600000381469727,11.600000381469727,4201557
2024-09-27,PTC,11.75,11.9399995803833,11.40999984741211,11.5600004196167,11.5600004196167,3236509
2024-09-30,PTC,11.569999694824219,11.699999809265137,11.210000038146973,11.279999732971191,11.279999732971191,2139527
2024-10-01,PTC,11.3100004196167,12.0,11.300000190734863,11.84000015258789,11.84000015258789,2345683
2024-10-02,PTC,11.899999618530273,12.399999618530273,11.800000190734863,11.880000114440918,11.880000114440918,6088688
2024-10-03,PTC,11.989999771118164,12.1899995803833,11.899999618530273,12.09000015258789,12.09000015258789,2843550
2024-10-04,PTC,12.0,12.180000305175781,11.819999694824219,11.949999809265137,11.949999809265137,2009032
2024-10-07,PTC,11.949999809265137,12.109999656677246,11.859999656677246,11.90999984741211,11.90999984741211,1245315
2024-10-08,PTC,11.949999809265137,12.300000190734863,11.899999618530273,12.050000190734863,12.050000190734863,5249009
2024-10-09,PTC,12.050000190734863,12.050000190734863,12.050000190734863,12.050000190734863,12.050000190734863,0
2024-10-10,PTC,13.479999542236328,14.520000457763672,13.180000305175781,14.520000457763672,14.520000457763672,52237770
2024-10-11,PTC,14.75,15.970000267028809,13.960000038146973,15.699999809265137,15.699999809265137,51351566
2024-10-14,PTC,15.789999961853027,16.600000381469727,15.210000038146973,15.369999885559082,15.369999885559082,21007202
2024-10-15,PTC,15.0,16.5,14.109999656677246,15.729999542236328,15.729999542236328,37868367
2024-10-16,PTC,15.800000190734863,16.350000381469727,15.399999618530273,15.569999694824219,15.569999694824219,11308243
2024-10-17,PTC,15.520000457763672,15.699999809265137,14.75,15.130000114440918,15.130000114440918,11331562
2024-10-18,PTC,15.09000015258789,15.489999771118164,14.75,14.880000114440918,14.880000114440918,6633627
2024-10-21,PTC,14.880000114440918,16.030000686645508,14.600000381469727,15.800000190734863,15.800000190734863,17522926
2024-10-22,PTC,15.899999618530273,16.299999237060547,15.600000381469727,15.65999984741211,15.65999984741211,12154255
2024-10-23,PTC,15.699999809265137,16.100000381469727,15.5600004196167,15.779999732971191,15.779999732971191,11046826
2024-10-24,PTC,15.880000114440918,16.899999618530273,15.720000267028809,16.760000228881836,16.760000228881836,41105281
2024-10-25,PTC,17.0,17.34000015258789,16.149999618530273,16.260000228881836,16.260000228881836,19733585
2024-10-28,PTC,16.0,16.540000915527344,15.449999809265137,15.579999923706055,15.579999923706055,10312776
2024-10-29,PTC,15.699999809265137,15.9399995803833,14.970000267028809,15.010000228881836,15.010000228881836,6169955
2024-10-30,PTC,15.010000228881836,15.59000015258789,14.859999656677246,15.079999923706055,15.079999923706055,6726259
2024-10-31,PTC,15.300000190734863,15.600000381469727,14.510000228881836,14.640000343322754,14.640000343322754,10098500
2024-11-01,PTC,14.899999618530273,15.100000381469727,14.510000228881836,14.979999542236328,14.979999542236328,6699501
2024-11-04,PTC,15.149999618530273,15.300000190734863,14.819999694824219,15.199999809265137,15.199999809265137,5793295
2024-11-05,PTC,15.489999771118164,16.719999313354492,15.210000038146973,16.5,16.5,27225611
2024-11-06,PTC,16.700000762939453,17.06999969482422,16.010000228881836,16.170000076293945,16.170000076293945,10111353
2024-11-07,PTC,16.170000076293945,16.549999237060547,16.010000228881836,16.110000610351562,16.110000610351562,3179161
2024-11-08,PTC,16.100000381469727,16.700000762939453,16.100000381469727,16.280000686645508,16.280000686645508,4696552
2024-11-11,PTC,16.350000381469727,16.700000762939453,15.949999809265137,16.09000015258789,16.09000015258789,6589635
2024-11-12,PTC,16.110000610351562,16.75,15.5,16.0,16.0,13276673
2024-11-13,PTC,16.100000381469727,16.299999237060547,15.930000305175781,16.06999969482422,16.06999969482422,6255526
2024-11-14,PTC,16.290000915527344,16.649999618530273,16.170000076293945,16.260000228881836,16.260000228881836,8173592
2024-11-15,PTC,16.399999618530273,16.399999618530273,16.040000915527344,16.139999389648438,16.139999389648438,3013713
2024-11-18,PTC,16.209999084472656,17.559999465942383,16.209999084472656,17.18000030517578,17.18000030517578,38829416
2024-11-19,PTC,17.299999237060547,18.799999237060547,17.299999237060547,18.559999465942383,18.559999465942383,40072992
2024-11-20,PTC,18.649999618530273,19.34000015258789,18.0,18.299999237060547,18.299999237060547,25801714
2024-11-21,PTC,18.25,18.6200008392334,17.799999237060547,18.459999084472656,18.459999084472656,8112657
2024-11-22,PTC,18.799999237060547,19.0,17.100000381469727,17.5,17.5,14315204
2024-11-25,PTC,17.600000381469727,18.25,17.0,17.809999465942383,17.809999465942383,7265227
2024-11-26,PTC,17.610000610351562,17.950000762939453,16.260000228881836,16.399999618530273,16.399999618530273,11147251
2024-11-27,PTC,16.889999389648438,17.959999084472656,16.889999389648438,17.700000762939453,17.700000762939453,10754379
2024-11-28,PTC,18.200000762939453,19.469999313354492,17.899999618530273,19.469999313354492,19.469999313354492,27953239
2024-11-29,PTC,19.5,20.899999618530273,19.360000610351562,20.34000015258789,20.34000015258789,32551968
2024-12-02,PTC,20.540000915527344,21.0,20.200000762939453,20.690000534057617,20.690000534057617,15441100
2024-12-03,PTC,20.899999618530273,20.899999618530273,19.25,20.06999969482422,20.06999969482422,15497211
2024-12-04,PTC,20.5,22.079999923706055,20.399999618530273,22.079999923706055,22.079999923706055,33454232
2024-12-05,PTC,22.6200008392334,23.209999084472656,21.600000381469727,22.34000015258789,22.34000015258789,30418566
2024-12-06,PTC,22.600000381469727,24.56999969482422,22.59000015258789,24.56999969482422,24.56999969482422,40087220
2024-12-09,PTC,25.6299991607666,26.75,25.299999237060547,25.59000015258789,25.59000015258789,30144153
2024-12-10,PTC,25.709999084472656,26.40999984741211,23.229999542236328,25.270000457763672,25.270000457763672,17912322
2024-12-11,PTC,25.200000762939453,27.549999237060547,25.0,27.389999389648438,27.389999389648438,26667303
2024-12-12,PTC,28.0,28.3799991607666,26.75,27.209999084472656,27.209999084472656,21921751
2024-12-13,PTC,27.209999084472656,27.75,26.5,26.59000015258789,26.59000015258789,12599666
2024-12-16,PTC,27.0,27.06999969482422,25.850000381469727,26.040000915527344,26.040000915527344,13178614
2024-12-17,PTC,26.100000381469727,27.450000762939453,25.549999237060547,26.6200008392334,26.6200008392334,21469414
2024-12-18,PTC,26.950000762939453,27.350000381469727,25.0,25.469999313354492,25.469999313354492,13341956
2024-12-19,PTC,25.110000610351562,26.299999237060547,23.020000457763672,23.450000762939453,23.450000762939453,8972090
2024-12-20,PTC,23.799999237060547,25.799999237060547,23.530000686645508,25.799999237060547,25.799999237060547,11733925
2024-12-23,PTC,27.3700008392334,28.3799991607666,26.200000762939453,28.309999465942383,28.309999465942383,33030118
2024-12-24,PTC,28.899999618530273,28.979999542236328,26.520000457763672,26.8799991607666,26.8799991607666,13581854
2024-12-26,PTC,26.940000534057617,26.940000534057617,25.920000076293945,26.34000015258789,26.34000015258789,8541449
2024-12-27,PTC,26.5,28.200000762939453,26.100000381469727,27.0,27.0,9259550
2024-12-30,PTC,27.739999771118164,28.139999389648438,27.100000381469727,27.299999237060547,27.299999237060547,12466282
2024-12-31,PTC,27.600000381469727,28.020000457763672,26.850000381469727,27.270000457763672,27.270000457763672,9538657
2025-01-01,PTC,27.270000457763672,27.270000457763672,27.270000457763672,27.270000457763672,27.270000457763672,0
2025-01-02,PTC,27.450000762939453,28.239999771118164,27.239999771118164,27.389999389648438,27.389999389648438,9496539
2025-01-03,PTC,27.399999618530273,27.399999618530273,26.5,26.6299991607666,26.6299991607666,5327608
2025-01-06,PTC,26.950000762939453,26.950000762939453,24.700000762939453,24.969999313354492,24.969999313354492,7609746
2025-01-07,PTC,25.100000381469727,25.600000381469727,24.149999618530273,25.170000076293945,25.170000076293945,8581023
2025-01-08,PTC,25.5,26.059999465942383,24.520000457763672,24.729999542236328,24.729999542236328,7906801
2025-01-09,PTC,24.799999237060547,25.100000381469727,23.799999237060547,24.06999969482422,24.06999969482422,3844268
2025-01-10,PTC,23.90999984741211,24.790000915527344,23.5,24.020000457763672,24.020000457763672,4605538
2025-01-13,PTC,24.149999618530273,24.579999923706055,23.65999984741211,24.34000015258789,24.34000015258789,2037936
2025-01-14,PTC,24.600000381469727,24.899999618530273,24.110000610351562,24.440000534057617,24.440000534057617,2289583
2025-01-15,PTC,24.600000381469727,25.799999237060547,24.25,24.790000915527344,24.790000915527344,10473018
2025-01-16,PTC,24.799999237060547,25.8799991607666,24.520000457763672,24.989999771118164,24.989999771118164,6654785
2025-01-17,PTC,24.809999465942383,25.75,24.809999465942383,25.040000915527344,25.040000915527344,4294754
2025-01-20,PTC,25.5,26.049999237060547,25.25,25.350000381469727,25.350000381469727,6068725
2025-01-21,PTC,25.600000381469727,25.700000762939453,24.649999618530273,24.770000457763672,24.770000457763672,3193609
2025-01-22,PTC,24.850000381469727,25.440000534057617,24.450000762939453,24.559999465942383,24.559999465942383,1326631
2025-01-23,PTC,24.5,25.149999618530273,24.489999771118164,24.899999618530273,24.899999618530273,2124371
2025-01-24,PTC,24.950000762939453,25.389999389648438,24.649999618530273,24.700000762939453,24.700000762939453,3130530
2025-01-27,PTC,24.709999084472656,26.600000381469727,24.709999084472656,25.530000686645508,25.530000686645508,18282383
2025-01-28,PTC,25.600000381469727,26.299999237060547,24.639999389648438,25.040000915527344,25.040000915527344,6265707
2025-01-29,PTC,25.329999923706055,25.329999923706055,23.950000762939453,24.06999969482422,24.06999969482422,4671729
2025-01-30,PTC,24.209999084472656,24.790000915527344,23.90999984741211,24.139999389648438,24.139999389648438,4256003
2025-01-31,PTC,24.200000762939453,24.940000534057617,24.049999237060547,24.309999465942383,24.309999465942383,5532379
2025-02-03,PTC,24.219999313354492,24.450000762939453,23.25,23.450000762939453,23.450000762939453,2279033
2025-02-04,PTC,23.489999771118164,23.899999618530273,22.059999465942383,22.510000228881836,22.510000228881836,4129510
2025-02-06,PTC,22.350000381469727,23.200000762939453,21.700000762939453,22.510000228881836,22.510000228881836,3234056
2025-02-07,PTC,22.600000381469727,22.84000015258789,22.1200008392334,22.420000076293945,22.420000076293945,1285057
2025-02-10,PTC,22.420000076293945,22.700000762939453,21.950000762939453,22.350000381469727,22.350000381469727,3574549
2025-02-11,PTC,22.59000015258789,22.8700008392334,22.399999618530273,22.68000030517578,22.68000030517578,5334349
2025-02-12,PTC,23.059999465942383,24.950000762939453,23.059999465942383,24.770000457763672,24.770000457763672,30235783
2025-02-13,PTC,24.5,24.700000762939453,24.239999771118164,24.389999389648438,24.389999389648438,5758181
2025-02-14,PTC,24.5,24.700000762939453,23.899999618530273,23.950000762939453,23.950000762939453,2389493
2025-02-17,PTC,23.940000534057617,24.200000762939453,23.200000762939453,23.309999465942383,23.309999465942383,2479739
2025-02-18,PTC,23.489999771118164,23.549999237060547,22.3799991607666,23.079999923706055,23.079999923706055,19754534
2025-02-19,PTC,23.200000762939453,23.600000381469727,23.1200008392334,23.489999771118164,23.489999771118164,2958563
2025-02-20,PTC,23.520000457763672,25.600000381469727,23.299999237060547,24.989999771118164,24.989999771118164,10386079
2025-02-21,PTC,25.479999542236328,26.200000762939453,24.649999618530273,24.850000381469727,24.850000381469727,10080321
2025-02-24,PTC,24.84000015258789,25.149999618530273,24.100000381469727,24.809999465942383,24.809999465942383,4287117
2025-02-25,PTC,25.010000228881836,25.299999237060547,24.25,24.81999969482422,24.81999969482422,3282660
2025-02-26,PTC,24.739999771118164,24.75,24.299999237060547,24.440000534057617,24.440000534057617,809365
2025-02-27,PTC,24.649999618530273,24.68000030517578,23.799999237060547,23.940000534057617,23.940000534057617,1169117
2025-02-28,PTC,24.100000381469727,24.100000381469727,23.15999984741211,23.469999313354492,23.469999313354492,945528
2025-03-03,PTC,23.649999618530273,23.649999618530273,23.149999618530273,23.229999542236328,23.229999542236328,267062
2025-03-04,PTC,23.389999389648438,24.0,22.899999618530273,23.739999771118164,23.739999771118164,1892861
2025-03-05,PTC,23.81999969482422,23.959999084472656,22.959999084472656,23.020000457763672,23.020000457763672,1422376
2025-03-06,PTC,23.0,23.5,23.0,23.34000015258789,23.34000015258789,558731
2025-03-07,PTC,23.5,23.780000686645508,23.0,23.530000686645508,23.530000686645508,1705734
2025-03-10,PTC,23.889999389648438,23.889999389648438,22.899999618530273,23.059999465942383,23.059999465942383,1121767
2025-03-11,PTC,23.010000228881836,23.239999771118164,22.719999313354492,22.959999084472656,22.959999084472656,929732
2025-03-12,PTC,23.139999389648438,23.489999771118164,23.0,23.110000610351562,23.110000610351562,977386
2025-03-13,PTC,23.450000762939453,23.850000381469727,23.219999313354492,23.700000762939453,23.700000762939453,2099113
2025-03-14,PTC,23.799999237060547,24.5,23.799999237060547,24.34000015258789,24.34000015258789,3192358
2025-03-17,PTC,24.899999618530273,25.200000762939453,24.25,24.959999084472656,24.959999084472656,2581704
2025-03-18,PTC,25.600000381469727,25.600000381469727,24.549999237060547,24.770000457763672,24.770000457763672,2609517
2025-03-19,PTC,24.770000457763672,25.059999465942383,24.200000762939453,24.520000457763672,24.520000457763672,1906951
2025-03-20,PTC,24.450000762939453,24.75,24.059999465942383,24.25,24.25,2665333
2025-03-21,PTC,24.34000015258789,24.600000381469727,24.0,24.309999465942383,24.309999465942383,1024582
2025-03-24,PTC,24.309999465942383,24.309999465942383,24.0,24.079999923706055,24.079999923706055,649302
2025-03-25,PTC,23.899999618530273,24.100000381469727,23.510000228881836,23.690000534057617,23.690000534057617,1423612
2025-03-26,PTC,24.0,24.100000381469727,23.75,23.770000457763672,23.770000457763672,606567
2025-03-27,PTC,23.979999542236328,23.979999542236328,23.0,23.200000762939453,23.200000762939453,2460695
2025-03-28,PTC,23.200000762939453,23.200000762939453,23.200000762939453,23.200000762939453,23.200000762939453,0
2025-03-31,PTC,23.200000762939453,23.200000762939453,23.200000762939453,23.200000762939453,23.200000762939453,0
2025-04-03,PTC,23.209999084472656,23.690000534057617,22.979999542236328,23.200000762939453,23.200000762939453,4766679
2025-04-04,PTC,23.200000762939453,24.350000381469727,22.979999542236328,24.049999237060547,24.049999237060547,8859232
2025-04-07,PTC,23.889999389648438,23.889999389648438,21.649999618530273,22.700000762939453,22.700000762939453,7438695
2025-04-08,PTC,23.0,23.399999618530273,22.75,22.940000534057617,22.940000534057617,3126192
2025-04-09,PTC,23.149999618530273,24.0,22.75,22.989999771118164,22.989999771118164,14141745
2025-04-10,PTC,23.649999618530273,23.989999771118164,23.25,23.559999465942383,23.559999465942383,5023600
2025-04-11,PTC,23.520000457763672,23.690000534057617,23.0,23.09000015258789,23.09000015258789,2531255
2025-04-14,PTC,23.15999984741211,23.549999237060547,23.010000228881836,23.360000610351562,23.360000610351562,3759670
2025-04-15,PTC,23.739999771118164,23.989999771118164,23.200000762939453,23.260000228881836,23.260000228881836,4554657
2025-04-16,PTC,23.530000686645508,23.530000686645508,22.43000030517578,22.6200008392334,22.6200008392334,5212928
2025-04-17,PTC,22.850000381469727,22.850000381469727,22.200000762939453,22.389999389648438,22.389999389648438,6263965
2025-04-18,PTC,22.690000534057617,23.0,21.950000762939453,22.860000610351562,22.860000610351562,7355492
2025-04-21,PTC,22.610000610351562,22.979999542236328,22.540000915527344,22.639999389648438,22.639999389648438,2719081
2025-04-22,PTC,22.59000015258789,22.829999923706055,22.100000381469727,22.229999542236328,22.229999542236328,1382577
2025-04-23,PTC,22.25,22.299999237060547,21.31999969482422,21.549999237060547,21.549999237060547,12064366
2025-04-24,PTC,21.190000534057617,21.899999618530273,20.799999237060547,21.200000762939453,21.200000762939453,7587039
2025-04-25,PTC,21.200000762939453,21.549999237060547,20.600000381469727,21.299999237060547,21.299999237060547,2472323
2025-04-28,PTC,21.5,21.5,20.0,20.280000686645508,20.280000686645508,4309329
2025-04-29,PTC,20.790000915527344,20.790000915527344,20.0,20.579999923706055,20.579999923706055,1431813
2025-04-30,PTC,20.389999389648438,20.799999237060547,19.25,19.459999084472656,19.459999084472656,3995728
2025-05-02,PTC,20.0,21.0,19.860000610351562,20.729999542236328,20.729999542236328,1945231
2025-05-05,PTC,20.75,21.010000228881836,20.100000381469727,20.850000381469727,20.850000381469727,697595
2025-05-06,PTC,21.0,21.06999969482422,20.299999237060547,20.389999389648438,20.389999389648438,882820
2025-05-07,PTC,18.549999237060547,20.100000381469727,18.450000762939453,19.350000381469727,19.350000381469727,7395176
2025-05-08,PTC,19.399999618530273,19.75,17.420000076293945,17.43000030517578,17.43000030517578,6294169
2025-05-09,PTC,16.559999465942383,17.899999618530273,16.559999465942383,17.540000915527344,17.540000915527344,3988612
2025-05-12,PTC,19.290000915527344,19.290000915527344,19.200000762939453,19.290000915527344,19.290000915527344,2289568
2025-05-13,PTC,20.0,20.399999618530273,18.0,20.1299991607666,20.1299991607666,6740833
2025-05-14,PTC,20.1299991607666,20.799999237060547,19.899999618530273,20.049999237060547,20.049999237060547,4120073
2025-05-15,PTC,20.100000381469727,22.059999465942383,20.100000381469727,22.059999465942383,22.059999465942383,13505155
2025-05-16,PTC,22.610000610351562,23.579999923706055,22.600000381469727,22.719999313354492,22.719999313354492,15675499
2025-05-19,PTC,22.989999771118164,22.989999771118164,21.899999618530273,22.030000686645508,22.030000686645508,2448066
2025-05-20,PTC,21.899999618530273,22.299999237060547,21.5,22.0,22.0,2333684
2025-05-21,PTC,22.0,23.479999542236328,22.0,23.170000076293945,23.170000076293945,7949261
2025-05-22,PTC,23.450000762939453,24.0,22.610000610351562,22.739999771118164,22.739999771118164,12884902
2025-05-23,PTC,22.989999771118164,23.709999084472656,22.920000076293945,23.190000534057617,23.190000534057617,10229271
2025-05-26,PTC,23.309999465942383,24.360000610351562,23.299999237060547,24.06999969482422,24.06999969482422,26781205
2025-05-27,PTC,24.18000030517578,24.889999389648438,24.149999618530273,24.280000686645508,24.280000686645508,20008328
2025-05-28,PTC,24.280000686645508,24.280000686645508,24.280000686645508,24.280000686645508,24.280000686645508,0
2025-05-29,PTC,24.510000228881836,26.709999084472656,24.510000228881836,26.229999542236328,26.229999542236328,65676043
2025-05-30,PTC,26.229999542236328,27.43000030517578,24.90999984741211,25.399999618530273,25.399999618530273,22174138
2025-06-02,PTC,25.280000686645508,25.31999969482422,24.56999969482422,24.729999542236328,24.729999542236328,4963824
2025-06-03,PTC,24.610000610351562,26.75,24.450000762939453,25.75,25.75,16944155
2025-06-04,PTC,25.989999771118164,26.979999542236328,25.770000457763672,26.1200008392334,26.1200008392334,9612830
2025-06-05,PTC,26.0,26.5,25.59000015258789,26.020000457763672,26.020000457763672,5432264
2025-06-06,PTC,26.020000457763672,26.020000457763672,26.020000457763672,26.020000457763672,26.020000457763672,0
2025-06-09,PTC,26.020000457763672,26.020000457763672,26.020000457763672,26.020000457763672,26.020000457763672,0
2025-06-10,PTC,26.0,26.399999618530273,25.75,25.799999237060547,25.799999237060547,2313047
2025-06-11,PTC,26.110000610351562,26.200000762939453,25.5,25.510000228881836,25.510000228881836,3738940
2025-06-12,PTC,25.950000762939453,26.389999389648438,25.299999237060547,25.5,25.5,8631513
2025-06-13,PTC,25.5,25.940000534057617,24.25,24.43000030517578,24.43000030517578,3767758
2025-06-16,PTC,24.43000030517578,24.43000030517578,24.43000030517578,24.43000030517578,24.43000030517578,0
2025-06-17,PTC,24.700000762939453,24.899999618530273,24.290000915527344,24.530000686645508,24.530000686645508,1267200
2025-06-18,PTC,24.299999237060547,24.299999237060547,23.100000381469727,23.559999465942383,23.559999465942383,3398859
2025-06-19,PTC,24.0,24.799999237060547,23.299999237060547,23.600000381469727,23.600000381469727,3189779
2025-06-20,PTC,24.200000762939453,24.520000457763672,23.280000686645508,23.43000030517578,23.43000030517578,1796923
2025-06-23,PTC,22.399999618530273,23.1200008392334,21.209999084472656,21.559999465942383,21.559999465942383,3707381
2025-06-24,PTC,23.030000686645508,23.719999313354492,22.56999969482422,23.719999313354492,23.719999313354492,7418434
2025-06-25,PTC,24.0,24.799999237060547,23.5,24.15999984741211,24.15999984741211,6890401
2025-06-26,PTC,24.200000762939453,24.299999237060547,23.5,23.639999389648438,23.639999389648438,7065779
2025-06-27,PTC,23.799999237060547,25.100000381469727,23.75,24.290000915527344,24.290000915527344,6340441
2025-06-30,PTC,24.65999984741211,25.899999618530273,24.100000381469727,25.440000534057617,25.440000534057617,12734582
2025-07-01,PTC,25.200000762939453,25.84000015258789,24.889999389648438,25.540000915527344,25.540000915527344,7655781
2025-07-02,PTC,25.690000534057617,25.690000534057617,24.899999618530273,24.959999084472656,24.959999084472656,3102252
2025-07-03,PTC,24.959999084472656,25.15999984741211,24.549999237060547,24.68000030517578,24.68000030517578,2547157
2025-07-04,PTC,24.600000381469727,25.5,24.5,24.68000030517578,24.68000030517578,4073992
2025-07-07,PTC,24.760000228881836,24.809999465942383,23.899999618530273,24.010000228881836,24.010000228881836,4963184
2025-07-08,PTC,25.489999771118164,26.049999237060547,25.0,25.440000534057617,25.440000534057617,18707984
2025-07-09,PTC,25.5,25.700000762939453,24.600000381469727,24.899999618530273,24.899999618530273,4860625
2025-07-10,PTC,25.100000381469727,25.139999389648438,24.420000076293945,24.59000015258789,24.59000015258789,3010110
2025-07-11,PTC,24.5,24.700000762939453,23.950000762939453,24.260000228881836,24.260000228881836,2830505
2025-07-14,PTC,23.829999923706055,24.270000457763672,23.760000228881836,24.020000457763672,24.020000457763672,3056979
2025-07-15,PTC,24.020000457763672,24.329999923706055,23.600000381469727,23.690000534057617,23.690000534057617,2579978
2025-07-16,PTC,23.399999618530273,23.399999618530273,21.510000228881836,21.90999984741211,21.90999984741211,16597824
2025-07-17,PTC,22.299999237060547,23.790000915527344,22.0,23.559999465942383,23.559999465942383,14491830
2025-07-18,PTC,23.8799991607666,23.8799991607666,22.600000381469727,22.799999237060547,22.799999237060547,3314715
2025-07-21,PTC,22.799999237060547,23.299999237060547,22.75,23.049999237060547,23.049999237060547,4148359
2025-07-22,PTC,22.799999237060547,24.75,22.799999237060547,23.959999084472656,23.959999084472656,24901859
2025-07-23,PTC,24.09000015258789,24.170000076293945,23.34000015258789,23.860000610351562,23.860000610351562,5188988
2025-07-24,PTC,24.059999465942383,24.100000381469727,23.350000381469727,23.5,23.5,4085539
2025-07-25,PTC,23.649999618530273,24.049999237060547,23.399999618530273,23.8700008392334,23.8700008392334,5046570
2025-07-28,PTC,24.0,24.040000915527344,23.25,23.510000228881836,23.510000228881836,3364914
2025-07-29,PTC,23.75,23.75,22.920000076293945,23.0,23.0,2456074
2025-07-30,PTC,23.200000762939453,23.329999923706055,22.600000381469727,22.920000076293945,22.920000076293945,2127498
2025-07-31,PTC,23.149999618530273,23.479999542236328,22.799999237060547,23.1299991607666,23.1299991607666,2448752
2025-08-01,PTC,23.0,23.68000030517578,22.829999923706055,23.510000228881836,23.510000228881836,4219852
2025-08-04,PTC,23.510000228881836,23.600000381469727,22.84000015258789,23.149999618530273,23.149999618530273,1482848
2025-08-05,PTC,23.149999618530273,23.579999923706055,22.899999618530273,23.059999465942383,23.059999465942383,6223850
2025-08-06,PTC,23.299999237060547,23.5,23.110000610351562,23.280000686645508,23.280000686645508,1263702
2025-08-07,PTC,23.020000457763672,23.299999237060547,22.420000076293945,22.8700008392334,22.8700008392334,8364252
2025-08-08,PTC,23.0,24.25,22.780000686645508,23.829999923706055,23.829999923706055,14152365
2025-08-11,PTC,23.299999237060547,24.440000534057617,23.299999237060547,23.719999313354492,23.719999313354492,2250268
2025-08-12,PTC,23.899999618530273,24.079999923706055,23.079999923706055,23.170000076293945,23.170000076293945,2398865
2025-08-13,PTC,23.299999237060547,23.780000686645508,22.850000381469727,23.030000686645508,23.030000686645508,4335007
2025-08-15,PTC,23.0,23.469999313354492,22.809999465942383,22.950000762939453,22.950000762939453,2762188
2025-08-18,PTC,22.799999237060547,23.389999389648438,22.799999237060547,23.200000762939453,23.200000762939453,2765666
2025-08-19,PTC,23.100000381469727,23.3700008392334,23.030000686645508,23.260000228881836,23.260000228881836,1035190
2025-08-20,PTC,23.239999771118164,23.389999389648438,23.100000381469727,23.260000228881836,23.260000228881836,1259070
2025-08-21,PTC,23.25,23.3799991607666,22.920000076293945,23.049999237060547,23.049999237060547,2128433
2025-08-22,PTC,23.200000762939453,23.549999237060547,23.049999237060547,23.25,23.25,3531944
2025-08-25,PTC,23.25,24.610000610351562,22.899999618530273,23.899999618530273,23.899999618530273,13804627
2025-08-26,PTC,24.299999237060547,24.299999237060547,23.700000762939453,23.770000457763672,23.770000457763672,1551189
2025-08-27,PTC,23.93000030517578,23.950000762939453,23.200000762939453,23.219999313354492,23.219999313354492,1912027
2025-08-28,PTC,23.399999618530273,23.700000762939453,22.309999465942383,23.09000015258789,23.09000015258789,10966595
2025-08-29,PTC,23.25,23.25,22.25,22.799999237060547,22.799999237060547,8767452
2025-09-01,PTC,22.799999237060547,23.0,22.5,22.770000457763672,22.770000457763672,2519900
2025-09-02,PTC,23.0,23.0,22.56999969482422,22.719999313354492,22.719999313354492,1694603
2025-09-03,PTC,22.899999618530273,23.219999313354492,22.600000381469727,23.1200008392334,23.1200008392334,2970608
2025-09-04,PTC,23.1200008392334,23.25,22.809999465942383,23.190000534057617,23.190000534057617,1937038
2025-09-05,PTC,23.190000534057617,23.899999618530273,23.149999618530273,23.56999969482422,23.56999969482422,5720206
2025-09-08,PTC,23.600000381469727,24.59000015258789,23.399999618530273,24.40999984741211,24.40999984741211,13215652
2025-09-09,PTC,24.600000381469727,24.899999618530273,23.950000762939453,24.149999618530273,24.149999618530273,3334489
2025-09-10,PTC,24.290000915527344,25.149999618530273,23.729999542236328,24.81999969482422,24.81999969482422,11111135
2025-09-11,PTC,25.049999237060547,25.5,24.110000610351562,24.190000534057617,24.190000534057617,13295742
2025-09-12,PTC,24.25,24.520000457763672,23.350000381469727,23.5,23.5,4180715
2025-09-15,PTC,23.399999618530273,23.739999771118164,23.299999237060547,23.520000457763672,23.520000457763672,1210471
2025-09-16,PTC,23.600000381469727,23.979999542236328,23.399999618530273,23.760000228881836,23.760000228881836,2968872
2025-09-17,PTC,23.850000381469727,23.950000762939453,23.389999389648438,23.420000076293945,23.420000076293945,3298635
2025-09-18,PTC,23.670000076293945,24.469999313354492,23.299999237060547,24.239999771118164,24.239999771118164,6925129
2025-09-19,PTC,24.299999237060547,26.65999984741211,24.25,25.889999389648438,25.889999389648438,78779049
2025-09-22,PTC,26.559999465942383,27.649999618530273,26.5,27.170000076293945,27.170000076293945,60719329
2025-09-23,PTC,27.170000076293945,27.170000076293945,27.170000076293945,27.170000076293945,27.170000076293945,0
2025-09-24,PTC,26.350000381469727,26.850000381469727,26.0,26.170000076293945,26.170000076293945,7319819
2025-09-25,PTC,26.5,26.5,25.559999465942383,25.68000030517578,25.68000030517578,7709763
2025-09-26,PTC,25.950000762939453,28.25,25.700000762939453,27.790000915527344,27.790000915527344,31791633
2025-09-29,PTC,28.0,30.34000015258789,28.0,28.5,28.5,36747164
2025-09-30,PTC,28.940000534057617,29.190000534057617,28.1200008392334,28.399999618530273,28.399999618530273,14924656
2025-10-01,PTC,30.989999771118164,31.239999771118164,28.889999389648438,29.260000228881836,29.260000228881836,91941039
2025-10-02,PTC,30.0,31.239999771118164,29.75,30.100000381469727,30.100000381469727,25609738
2025-10-03,PTC,30.649999618530273,31.40999984741211,28.75,29.209999084472656,29.209999084472656,38026613
2025-10-06,PTC,29.399999618530273,31.8799991607666,28.969999313354492,31.40999984741211,31.40999984741211,43540218
2025-10-07,PTC,31.40999984741211,31.40999984741211,31.40999984741211,31.40999984741211,31.40999984741211,0
2025-10-08,PTC,31.5,34.25,31.299999237060547,33.369998931884766,33.369998931884766,114322798
2025-10-09,PTC,33.79999923706055,36.650001525878906,32.400001525878906,35.68000030517578,35.68000030517578,119852815
2025-10-10,PTC,36.0,38.4900016784668,35.25,37.25,37.25,83382204
2025-10-13,PTC,37.38999938964844,38.70000076293945,36.20000076293945,36.63999938964844,36.63999938964844,52423003
2025-10-14,PTC,37.70000076293945,38.5,34.599998474121094,37.04999923706055,37.04999923706055,79832584
2025-10-15,PTC,37.90999984741211,40.099998474121094,37.29999923706055,37.959999084472656,37.959999084472656,71820999
2025-10-16,PTC,38.310001373291016,39.4900016784668,38.0,38.459999084472656,38.459999084472656,32241428
2025-10-17,PTC,39.0,39.099998474121094,37.29999923706055,37.52000045776367,37.52000045776367,18201738
2025-10-20,PTC,37.79999923706055,38.099998474121094,36.75,37.15999984741211,37.15999984741211,17700663
2025-10-21,PTC,37.4900016784668,40.880001068115234,36.61000061035156,40.2400016784668,40.2400016784668,82886627
2025-10-22,PTC,41.20000076293945,42.70000076293945,40.2400016784668,41.779998779296875,41.779998779296875,71757648
2025-10-23,PTC,41.88999938964844,42.400001525878906,38.72999954223633,39.36000061035156,39.36000061035156,36181614
2025-10-24,PTC,39.36000061035156,39.79999923706055,37.31999969482422,37.869998931884766,37.869998931884766,11591313
2025-10-27,PTC,37.849998474121094,38.47999954223633,36.619998931884766,36.90999984741211,36.90999984741211,18254974
2025-10-28,PTC,36.88999938964844,38.13999938964844,34.75,35.470001220703125,35.470001220703125,27772068
2025-10-29,PTC,35.95000076293945,36.900001525878906,34.650001525878906,35.02000045776367,35.02000045776367,21858510
2025-10-30,PTC,35.11000061035156,36.25,34.47999954223633,34.75,34.75,18504371
2025-10-31,PTC,35.400001525878906,37.77000045776367,35.400001525878906,37.189998626708984,37.189998626708984,23552015
2025-11-03,PTC,37.400001525878906,37.70000076293945,35.849998474121094,36.09000015258789,36.09000015258789,10731863
2025-11-04,PTC,36.5,37.849998474121094,35.619998931884766,36.11000061035156,36.11000061035156,23526131
2025-11-05,PTC,36.4900016784668,36.79999923706055,35.0,35.20000076293945,35.20000076293945,9926983
2025-11-06,PTC,35.599998474121094,36.5,34.65999984741211,36.209999084472656,36.209999084472656,20663891
2025-11-07,PTC,36.900001525878906,37.400001525878906,35.880001068115234,36.08000183105469,36.08000183105469,14279922
2025-11-10,PTC,36.5,37.04999923706055,35.77000045776367,36.15999984741211,36.15999984741211,8274805
2025-11-11,PTC,36.2599983215332,36.400001525878906,34.45000076293945,34.619998931884766,34.619998931884766,12406370
2025-11-12,PTC,34.9900016784668,35.400001525878906,33.79999923706055,34.02000045776367,34.02000045776367,9907966
2025-11-13,PTC,34.400001525878906,35.0,33.54999923706055,34.45000076293945,34.45000076293945,7572746
2025-11-14,PTC,34.75,36.61000061035156,34.36000061035156,36.220001220703125,36.220001220703125,19574237
2025-11-17,PTC,36.5,37.119998931884766,35.869998931884766,36.02000045776367,36.02000045776367,13676325
2025-11-18,PTC,36.15999984741211,37.400001525878906,36.15999984741211,36.77000045776367,36.77000045776367,17318403
2025-11-19,PTC,36.79999923706055,38.849998474121094,36.560001373291016,38.58000183105469,38.58000183105469,33230146
2025-11-20,PTC,38.70000076293945,39.81999969482422,38.11000061035156,38.93000030517578,38.93000030517578,25223780
2025-11-21,PTC,39.279998779296875,39.790000915527344,38.70000076293945,38.869998931884766,38.869998931884766,13042590
2025-11-24,PTC,39.400001525878906,39.79999923706055,38.900001525878906,39.189998626708984,39.189998626708984,8678557
2025-11-25,PTC,39.459999084472656,41.70000076293945,39.29999923706055,40.54999923706055,40.54999923706055,38776082
2025-11-26,PTC,40.79999923706055,41.38999938964844,39.650001525878906,39.95000076293945,39.95000076293945,20881419
2025-11-27,PTC,39.79999923706055,40.29999923706055,39.349998474121094,39.689998626708984,39.689998626708984,9555076
2025-11-28,PTC,39.9900016784668,40.16999816894531,39.5,39.58000183105469,39.58000183105469,6107713
2025-12-01,PTC,39.939998626708984,43.189998626708984,39.380001068115234,42.709999084472656,42.709999084472656,35987705
2025-12-02,PTC,43.20000076293945,44.0,41.900001525878906,42.099998474121094,42.099998474121094,27783572
2025-12-03,PTC,42.29999923706055,42.599998474121094,41.619998931884766,41.849998474121094,41.849998474121094,7143854
2025-12-04,PTC,42.0,44.880001068115234,41.900001525878906,43.91999816894531,43.91999816894531,34470403
2025-12-05,PTC,44.5,46.04999923706055,44.040000915527344,45.130001068115234,45.130001068115234,26029578
2025-12-08,PTC,46.0,49.63999938964844,45.5,49.56999969482422,49.56999969482422,60897282
2025-12-09,PTC,50.20000076293945,50.79999923706055,47.81999969482422,48.0,48.0,30920384
2025-12-10,PTC,48.20000076293945,48.849998474121094,46.5099983215332,46.790000915527344,46.790000915527344,25783687
2025-12-11,PTC,46.900001525878906,47.619998931884766,45.849998474121094,46.15999984741211,46.15999984741211,12061602
2025-12-12,PTC,46.25,46.650001525878906,45.5099983215332,45.86000061035156,45.86000061035156,7775549
2025-12-15,PTC,46.150001525878906,47.189998626708984,45.91999816894531,46.2599983215332,46.2599983215332,7081409
2025-12-16,PTC,46.75,48.09000015258789,46.11000061035156,47.27000045776367,47.27000045776367,20411605
2025-12-17,PTC,47.400001525878906,48.84000015258789,47.400001525878906,48.11000061035156,48.11000061035156,14184202
2025-12-18,PTC,48.2599983215332,48.599998474121094,47.099998474121094,47.40999984741211,47.40999984741211,9162213
2025-12-19,PTC,47.47999954223633,47.4900016784668,46.2599983215332,46.43000030517578,46.43000030517578,4601109
2025-12-22,PTC,46.400001525878906,47.22999954223633,45.900001525878906,46.459999084472656,46.459999084472656,7426213
2025-12-23,PTC,46.150001525878906,50.43000030517578,46.150001525878906,49.25,49.25,32274723
2025-12-24,PTC,51.5,54.18000030517578,50.099998474121094,54.18000030517578,54.18000030517578,34936324
2025-12-26,PTC,55.0,58.43000030517578,53.81999969482422,54.20000076293945,54.20000076293945,26953369
2025-12-29,PTC,54.0,59.619998931884766,52.599998474121094,59.619998931884766,59.619998931884766,42555911
2025-12-30,PTC,61.02000045776367,62.4900016784668,58.099998474121094,59.150001525878906,59.150001525878906,45107554
2025-12-31,PTC,58.88999938964844,60.70000076293945,58.20000076293945,59.470001220703125,59.470001220703125,23847180
