Date,Symbol,Open,High,Low,Close,Adj Close,Volume
2015-01-01,UBL,176.75,178.0,174.6999969482422,174.97999572753906,83.95062255859375,660900
2015-01-02,UBL,174.10000610351562,177.5,171.0,174.97999572753906,83.95062255859375,367200
2015-01-05,UBL,175.3000030517578,176.35000610351562,174.75,175.00999450683594,83.96500396728516,369600
2015-01-06,UBL,174.5500030517578,176.0,173.0,173.9199981689453,83.44204711914062,1539100
2015-01-07,UBL,172.89999389648438,177.0,172.89999389648438,175.07000732421875,83.99381256103516,1019700
2015-01-08,UBL,175.00999450683594,175.5,173.39999389648438,175.00999450683594,83.96500396728516,649700
2015-01-09,UBL,175.0,176.0,173.8000030517578,174.3300018310547,83.6387710571289,465500
2015-01-12,UBL,174.64999389648438,177.5,174.64999389648438,176.86000061035156,84.85260009765625,1204500
2015-01-13,UBL,177.0,177.8000030517578,174.30999755859375,175.39999389648438,84.15214538574219,519500
2015-01-14,UBL,175.00999450683594,176.25,175.0,175.3000030517578,84.1041488647461,786600
2015-01-15,UBL,175.89999389648438,180.5,175.3000030517578,179.49000549316406,86.11441802978516,1818400
2015-01-16,UBL,179.6999969482422,181.0,179.0,180.50999450683594,86.60377502441406,1167800
2015-01-19,UBL,180.0,181.5,177.0,177.9600067138672,85.38034057617188,571200
2015-01-20,UBL,178.05999755859375,179.0,177.1999969482422,178.75999450683594,85.76416015625,1489500
2015-01-21,UBL,178.5,185.5,178.5,184.8699951171875,88.69558715820312,2974600
2015-01-22,UBL,184.0,186.0,178.52999877929688,179.88999938964844,86.30631256103516,941900
2015-01-23,UBL,179.5,180.10000610351562,178.11000061035156,179.66000366210938,86.19597625732422,343900
2015-01-26,UBL,178.11000061035156,183.47999572753906,178.0,181.5800018310547,87.11711883544922,1454200
2015-01-27,UBL,182.85000610351562,182.85000610351562,177.99000549316406,179.11000061035156,85.93209838867188,1361200
2015-01-28,UBL,178.14999389648438,179.8800048828125,178.05999755859375,178.89999389648438,85.83131408691406,611500
2015-01-29,UBL,179.39999389648438,179.39999389648438,177.5,177.9199981689453,85.36117553710938,589800
2015-01-30,UBL,178.5,182.1999969482422,177.75,179.99000549316406,86.35430908203125,1473500
2015-02-02,UBL,180.8000030517578,181.5,178.75,179.1199951171875,85.9368896484375,1133900
2015-02-03,UBL,179.0,179.89999389648438,177.52999877929688,178.41000366210938,85.59625244140625,645400
2015-02-04,UBL,178.61000061035156,179.47999572753906,176.5,177.08999633789062,84.96295928955078,1171700
2015-02-05,UBL,177.08999633789062,177.08999633789062,177.08999633789062,177.08999633789062,84.96295928955078,0
2015-02-06,UBL,177.0,177.25,175.8000030517578,176.52000427246094,84.68949127197266,1114100
2015-02-09,UBL,177.1999969482422,177.4499969482422,176.00999450683594,176.55999755859375,84.70865631103516,432200
2015-02-10,UBL,176.5,176.5,172.5500030517578,173.14999389648438,83.0726547241211,1808600
2015-02-11,UBL,173.0,174.5,171.35000610351562,173.75999450683594,83.36530303955078,319800
2015-02-12,UBL,174.8000030517578,176.0,172.0,173.55999755859375,83.26934051513672,408500
2015-02-13,UBL,173.02000427246094,174.5,170.99000549316406,172.02999877929688,82.5353012084961,455000
2015-02-16,UBL,172.8000030517578,172.94000244140625,171.75,172.27999877929688,82.6552734375,182300
2015-02-17,UBL,171.0500030517578,174.5,171.0500030517578,173.30999755859375,83.14940643310547,347500
2015-02-18,UBL,172.35000610351562,172.60000610351562,169.0,170.16000366210938,81.63810729980469,527300
2015-02-19,UBL,171.44000244140625,172.89999389648438,169.00999450683594,171.1699981689453,82.1227035522461,700900
2015-02-20,UBL,172.89999389648438,174.0,170.0,171.0399932861328,82.0603256225586,1132400
2015-02-23,UBL,171.50999450683594,172.0,169.0,169.99000549316406,81.5565414428711,984000
2015-02-24,UBL,170.60000610351562,170.9199981689453,169.00999450683594,169.85000610351562,81.48938751220703,2010700
2015-02-25,UBL,170.69000244140625,172.0,168.75,170.10000610351562,81.60934448242188,422800
2015-02-26,UBL,170.0,170.50999450683594,167.00999450683594,167.55999755859375,80.39068603515625,1153100
2015-02-27,UBL,167.50999450683594,170.5,165.64999389648438,168.7899932861328,80.98081970214844,1212700
2015-03-02,UBL,168.0,169.88999938964844,167.0,167.69000244140625,80.45308685302734,1213000
2015-03-03,UBL,168.5,168.89999389648438,164.36000061035156,167.05999755859375,80.15083312988281,1186000
2015-03-04,UBL,168.0,169.8000030517578,168.0,168.52000427246094,80.85128021240234,1033700
2015-03-05,UBL,168.6999969482422,168.6999969482422,166.10000610351562,166.75,80.00211334228516,995600
2015-03-06,UBL,166.97000122070312,167.5,163.85000610351562,164.3800048828125,78.86504364013672,952300
2015-03-09,UBL,164.97999572753906,164.97999572753906,157.6999969482422,159.66000366210938,76.60053253173828,530000
2015-03-10,UBL,160.0,162.3000030517578,157.0,160.1300048828125,76.82601928710938,731200
2015-03-11,UBL,159.89999389648438,160.0,157.1999969482422,158.6300048828125,76.1063461303711,4158800
2015-03-12,UBL,160.0,162.0,159.0,161.6300048828125,77.54566955566406,802700
2015-03-13,UBL,162.8000030517578,166.49000549316406,162.0,165.86000061035156,79.57510375976562,1314700
2015-03-16,UBL,166.4499969482422,166.4499969482422,161.0,161.64999389648438,77.55526733398438,232000
2015-03-17,UBL,160.00999450683594,162.5,159.1199951171875,160.35000610351562,76.93155670166016,272800
2015-03-18,UBL,156.0,157.0,150.0,151.77999877929688,73.73963165283203,1095000
2015-03-19,UBL,150.25,151.6999969482422,147.5,148.57000732421875,72.18011474609375,605300
2015-03-20,UBL,150.0,155.0,145.5,148.07000732421875,71.93720245361328,974300
2015-03-23,UBL,148.07000732421875,148.07000732421875,148.07000732421875,148.07000732421875,71.93720245361328,0
2015-03-24,UBL,149.9499969482422,151.0,147.1999969482422,149.00999450683594,72.39387512207031,1578300
2015-03-25,UBL,149.4499969482422,150.0,148.00999450683594,149.50999450683594,72.63679504394531,1341100
2015-03-26,UBL,149.85000610351562,152.25,148.0,150.9499969482422,73.33639526367188,3955000
2015-03-27,UBL,151.5,152.0,145.5,146.3800048828125,71.11613464355469,992200
2015-03-30,UBL,144.0,148.0,141.25,146.60000610351562,71.2230224609375,649600
2015-03-31,UBL,148.5,153.92999267578125,148.5,153.92999267578125,74.7841796875,4316100
2015-04-01,UBL,153.99000549316406,158.5,151.25,154.41000366210938,75.0173568725586,4038200
2015-04-02,UBL,155.0,156.10000610351562,152.0,155.02000427246094,75.31376647949219,1624400
2015-04-03,UBL,155.97000122070312,162.77000427246094,153.0,160.02000427246094,77.74290466308594,1714600
2015-04-06,UBL,160.47999572753906,160.5,157.0,157.13999938964844,76.34369659423828,319300
2015-04-07,UBL,156.0500030517578,156.25,152.36000061035156,152.77000427246094,74.22061920166016,413600
2015-04-08,UBL,154.0,154.39999389648438,152.5,153.52999877929688,74.58985900878906,2245600
2015-04-09,UBL,153.89999389648438,157.75,153.75,156.7100067138672,76.1347885131836,3835900
2015-04-10,UBL,159.0,162.9499969482422,159.0,160.69000244140625,78.06839752197266,5767200
2015-04-13,UBL,160.99000549316406,165.1999969482422,160.0,163.75999450683594,79.55989837646484,5950100
2015-04-14,UBL,163.02000427246094,164.5,160.5,161.25999450683594,78.3453140258789,529500
2015-04-15,UBL,162.5,163.5,161.00999450683594,161.4199981689453,78.4230728149414,629600
2015-04-16,UBL,160.85000610351562,166.0,160.85000610351562,165.02000427246094,80.17205810546875,2528800
2015-04-17,UBL,164.00999450683594,169.0500030517578,164.00999450683594,168.08999633789062,81.6635513305664,1264500
2015-04-20,UBL,168.8000030517578,173.0,168.8000030517578,171.47999572753906,83.31053924560547,2451000
2015-04-21,UBL,171.0,172.8800048828125,167.0,170.3699951171875,82.77127075195312,1587100
2015-04-22,UBL,170.3000030517578,176.5500030517578,170.0500030517578,175.8800048828125,85.44818878173828,2443700
2015-04-23,UBL,177.10000610351562,178.25,175.25,176.32000732421875,85.6619644165039,1756700
2015-04-24,UBL,177.60000610351562,183.89999389648438,176.0,182.74000549316406,88.78101348876953,6345400
2015-04-27,UBL,183.49000549316406,184.99000549316406,179.25,180.17999267578125,87.53726959228516,1772100
2015-04-28,UBL,178.6999969482422,181.10000610351562,178.0,178.3000030517578,86.62388610839844,532100
2015-04-29,UBL,178.10000610351562,180.97000122070312,175.64999389648438,176.17999267578125,85.5939712524414,452000
2015-04-30,UBL,176.97000122070312,178.39999389648438,176.0,177.67999267578125,86.32269287109375,1134900
2015-05-01,UBL,177.67999267578125,177.67999267578125,177.67999267578125,177.67999267578125,86.32269287109375,0
2015-05-04,UBL,177.99000549316406,182.0,177.5500030517578,179.5800018310547,87.24577331542969,1861600
2015-05-05,UBL,179.25,179.25,176.99000549316406,178.02999877929688,86.49273681640625,252500
2015-05-06,UBL,178.0,179.47999572753906,177.38999938964844,177.7899932861328,86.37613677978516,398100
2015-05-07,UBL,179.0,179.0,175.5,176.14999389648438,85.5793685913086,381100
2015-05-08,UBL,175.25,176.47999572753906,174.1199951171875,174.5500030517578,84.80201721191406,278500
2015-05-11,UBL,173.5,173.5,168.16000366210938,169.66000366210938,82.42634582519531,467700
2015-05-12,UBL,169.11000061035156,171.0,163.99000549316406,170.19000244140625,82.68380737304688,1124500
2015-05-13,UBL,170.25,172.0500030517578,168.00999450683594,169.02000427246094,82.11538696289062,598600
2015-05-14,UBL,167.9499969482422,169.49000549316406,167.50999450683594,167.99000549316406,82.34577178955078,1914200
2015-05-15,UBL,167.5,168.50999450683594,166.30999755859375,167.00999450683594,81.86538696289062,616500
2015-05-18,UBL,167.00999450683594,167.00999450683594,165.0500030517578,166.94000244140625,81.83106994628906,598000
2015-05-19,UBL,165.1199951171875,166.0,165.0,165.5800018310547,81.16446685791016,33100
2015-05-20,UBL,166.0,167.0,163.6999969482422,164.4499969482422,80.61051177978516,137800
2015-05-21,UBL,165.27000427246094,165.5,163.8000030517578,165.30999755859375,81.03208923339844,459000
2015-05-22,UBL,165.1999969482422,166.49000549316406,164.35000610351562,165.72000122070312,81.23307037353516,61800
2015-05-25,UBL,159.00999450683594,162.0,157.44000244140625,158.00999450683594,77.45375061035156,2575600
2015-05-26,UBL,159.4600067138672,159.5,157.25,158.97999572753906,77.9292221069336,1014500
2015-05-27,UBL,159.64999389648438,162.75,158.00999450683594,161.8699951171875,79.34583282470703,2648000
2015-05-28,UBL,161.25,162.3000030517578,160.1999969482422,161.07000732421875,78.9537353515625,448900
2015-05-29,UBL,161.49000549316406,161.49000549316406,157.0,157.92999267578125,77.4145278930664,4648900
2015-06-01,UBL,159.5,164.0,159.0,163.02999877929688,79.91447448730469,1938100
2015-06-02,UBL,163.39999389648438,170.0,163.39999389648438,168.75999450683594,82.72320556640625,4371300
2015-06-03,UBL,171.0,173.0,169.0,169.89999389648438,83.28201293945312,1736700
2015-06-04,UBL,168.25999450683594,171.35000610351562,168.25999450683594,170.47000122070312,83.5614242553711,713600
2015-06-05,UBL,170.47000122070312,170.47000122070312,170.47000122070312,170.47000122070312,83.5614242553711,0
2015-06-08,UBL,170.47000122070312,170.47000122070312,170.47000122070312,170.47000122070312,83.5614242553711,0
2015-06-09,UBL,164.97000122070312,168.4499969482422,164.02000427246094,165.94000244140625,81.34091186523438,1324600
2015-06-10,UBL,167.00999450683594,169.0,161.5500030517578,161.97000122070312,79.3948745727539,1543200
2015-06-11,UBL,163.49000549316406,165.0,162.02000427246094,164.4499969482422,80.61051177978516,875000
2015-06-12,UBL,164.99000549316406,164.99000549316406,162.75,163.0500030517578,79.92424774169922,979600
2015-06-15,UBL,162.25,165.5,162.1999969482422,164.57000732421875,80.66932678222656,1589100
2015-06-16,UBL,164.11000061035156,164.99000549316406,163.0,164.0,80.38993072509766,2318300
2015-06-17,UBL,164.0,164.0,162.89999389648438,163.47000122070312,80.13014221191406,456700
2015-06-18,UBL,163.97000122070312,167.89999389648438,163.97000122070312,165.2100067138672,80.98306274414062,803800
2015-06-19,UBL,165.99000549316406,167.75,163.5,167.0500030517578,81.885009765625,179200
2015-06-22,UBL,166.00999450683594,167.0,164.60000610351562,166.3300018310547,81.53207397460938,531900
2015-06-23,UBL,166.00999450683594,166.00999450683594,163.6999969482422,164.57000732421875,80.66932678222656,121300
2015-06-24,UBL,164.97000122070312,169.4499969482422,164.97000122070312,168.50999450683594,82.60063934326172,797500
2015-06-25,UBL,166.60000610351562,170.0,166.60000610351562,168.77999877929688,82.73302459716797,1543500
2015-06-26,UBL,169.0,173.99000549316406,168.0,172.14999389648438,84.38492584228516,1176100
2015-06-29,UBL,172.00999450683594,172.5,169.0,169.75999450683594,83.2134017944336,609100
2015-06-30,UBL,169.99000549316406,171.58999633789062,169.11000061035156,170.9199981689453,83.78202056884766,6601600
2015-07-01,UBL,171.0,173.0,170.5,171.3699951171875,84.0025863647461,875600
2015-07-02,UBL,171.88999938964844,173.0,170.61000061035156,171.75,84.18885040283203,1099300
2015-07-03,UBL,172.44000244140625,180.3300018310547,171.5,175.4499969482422,86.00251770019531,2289500
2015-07-06,UBL,175.0500030517578,176.9499969482422,172.25,173.6699981689453,85.13001251220703,316500
2015-07-07,UBL,174.0,176.5,173.02000427246094,173.72999572753906,85.159423828125,574100
2015-07-08,UBL,173.5,174.5,172.11000061035156,173.10000610351562,84.85059356689453,665200
2015-07-09,UBL,173.0,174.89999389648438,169.86000061035156,170.05999755859375,83.36043548583984,349300
2015-07-10,UBL,171.4499969482422,172.5,170.10000610351562,171.0800018310547,83.86044311523438,496300
2015-07-13,UBL,170.11000061035156,176.0,170.0,175.13999938964844,85.85057830810547,695400
2015-07-14,UBL,175.0,175.75,173.0,173.74000549316406,85.1643295288086,360200
2015-07-15,UBL,174.0,176.5,174.0,175.6199951171875,86.08586120605469,173400
2015-07-16,UBL,176.0,179.74000549316406,175.5,179.02000427246094,87.75249481201172,783600
2015-07-17,UBL,179.02000427246094,179.02000427246094,179.02000427246094,179.02000427246094,87.75249481201172,0
2015-07-20,UBL,179.02000427246094,179.02000427246094,179.02000427246094,179.02000427246094,87.75249481201172,0
2015-07-21,UBL,179.02000427246094,179.02000427246094,179.02000427246094,179.02000427246094,87.75249481201172,0
2015-07-22,UBL,179.88999938964844,183.75,179.0,181.89999389648438,89.16419219970703,1815000
2015-07-23,UBL,181.75,183.0,179.25,180.4499969482422,88.45346069335938,1436300
2015-07-24,UBL,180.5,180.5,178.80999755859375,180.0399932861328,88.25251770019531,111600
2015-07-27,UBL,181.0,182.89999389648438,178.5,178.92999267578125,87.7083740234375,1043400
2015-07-28,UBL,180.0,181.8800048828125,179.0,180.77999877929688,88.61520385742188,388300
2015-07-29,UBL,180.77999877929688,183.0,180.0,181.33999633789062,88.88971710205078,2801300
2015-07-30,UBL,182.89999389648438,184.5,181.25,182.97000122070312,89.68869018554688,2258700
2015-07-31,UBL,182.11000061035156,184.47000122070312,182.11000061035156,183.11000061035156,89.7573471069336,398800
2015-08-03,UBL,184.39999389648438,184.9499969482422,183.5,184.00999450683594,90.1985092163086,456800
2015-08-04,UBL,183.00999450683594,185.85000610351562,183.0,185.60000610351562,90.97789001464844,1459700
2015-08-05,UBL,186.0,186.75,185.25999450683594,185.5399932861328,90.94847106933594,1636600
2015-08-06,UBL,185.64999389648438,186.5,185.60000610351562,186.0,91.1739501953125,360100
2015-08-07,UBL,186.4499969482422,186.4499969482422,181.50999450683594,183.57000732421875,89.98283386230469,276500
2015-08-10,UBL,182.0500030517578,184.47999572753906,180.5,182.77000427246094,89.59066772460938,434700
2015-08-11,UBL,182.02000427246094,185.49000549316406,181.30999755859375,183.97000122070312,90.17887878417969,264300
2015-08-12,UBL,181.85000610351562,182.9499969482422,178.58999633789062,179.02000427246094,88.47386932373047,397200
2015-08-13,UBL,177.60000610351562,180.97999572753906,177.60000610351562,179.91000366210938,88.9137191772461,315900
2015-08-14,UBL,179.91000366210938,179.91000366210938,179.91000366210938,179.91000366210938,88.9137191772461,0
2015-08-17,UBL,180.99000549316406,180.99000549316406,177.0,177.58999633789062,87.76712036132812,2655000
2015-08-18,UBL,177.8000030517578,179.0,176.99000549316406,177.0800018310547,87.51507568359375,821600
2015-08-19,UBL,178.0,179.85000610351562,175.5,177.6999969482422,87.8215103149414,383400
2015-08-20,UBL,178.0,178.0,175.8000030517578,175.99000549316406,86.97639465332031,686100
2015-08-21,UBL,173.00999450683594,173.00999450683594,168.00999450683594,171.05999755859375,84.53995513916016,1948400
2015-08-24,UBL,171.0,171.0,163.0,163.13999938964844,80.62576293945312,1491400
2015-08-25,UBL,165.0,169.99000549316406,163.0,164.97000122070312,81.53018188476562,3349400
2015-08-26,UBL,166.99000549316406,167.0,163.9499969482422,164.27000427246094,81.18424224853516,551600
2015-08-27,UBL,164.97000122070312,166.9499969482422,163.35000610351562,165.25999450683594,81.67350769042969,2024700
2015-08-28,UBL,166.9499969482422,167.5,164.5,164.55999755859375,81.3275146484375,1358200
2015-08-31,UBL,164.89999389648438,165.0,163.0,163.9499969482422,81.02608489990234,574700
2015-09-01,UBL,164.5,165.1999969482422,163.5,164.97999572753906,81.53511810302734,462600
2015-09-02,UBL,163.75,164.25,163.0,163.9499969482422,81.02608489990234,610800
2015-09-03,UBL,164.00999450683594,164.00999450683594,161.5,162.00999450683594,80.06733703613281,1336800
2015-09-04,UBL,161.6999969482422,162.0,157.50999450683594,160.7100067138672,79.42484283447266,124000
2015-09-07,UBL,160.0,160.0,152.67999267578125,154.3300018310547,76.27178192138672,5928600
2015-09-08,UBL,155.99000549316406,159.0,155.5,158.0,78.08551788330078,1637800
2015-09-09,UBL,158.0,161.5,156.75,158.00999450683594,78.09046173095703,1377300
2015-09-10,UBL,157.5,161.4499969482422,156.25,159.9600067138672,79.05416870117188,1828500
2015-09-11,UBL,159.5,162.0,159.0,161.17999267578125,79.65711212158203,894200
2015-09-14,UBL,160.00999450683594,160.02000427246094,157.0,157.25,77.71485137939453,129500
2015-09-15,UBL,157.5,157.5,153.0,154.24000549316406,76.22728729248047,348800
2015-09-16,UBL,155.5,158.0,154.10000610351562,155.8300018310547,77.01307678222656,397400
2015-09-17,UBL,156.0,158.49000549316406,153.00999450683594,153.86000061035156,76.03948974609375,534800
2015-09-18,UBL,153.9499969482422,156.0,152.5,155.25,76.7264404296875,535400
2015-09-21,UBL,155.02000427246094,159.88999938964844,153.57000732421875,159.1699981689453,78.66376495361328,358800
2015-09-22,UBL,157.00999450683594,158.99000549316406,155.60000610351562,156.16000366210938,77.17616271972656,153800
2015-09-23,UBL,157.0,157.0,153.0,153.60000610351562,75.91099548339844,610000
2015-09-24,UBL,153.60000610351562,153.60000610351562,153.60000610351562,153.60000610351562,75.91099548339844,0
2015-09-25,UBL,153.60000610351562,153.60000610351562,153.60000610351562,153.60000610351562,75.91099548339844,0
2015-09-28,UBL,153.5,154.5,153.0,153.0399932861328,75.63422393798828,341400
2015-09-29,UBL,153.00999450683594,153.00999450683594,149.5,149.89999389648438,74.08241271972656,350300
2015-09-30,UBL,151.5,151.5,143.60000610351562,146.72000122070312,72.51077270507812,1773800
2015-10-01,UBL,147.0,151.74000549316406,145.5,151.27000427246094,74.75946044921875,704000
2015-10-02,UBL,150.10000610351562,154.50999450683594,150.0,152.02999877929688,75.13508605957031,453000
2015-10-05,UBL,152.10000610351562,155.35000610351562,149.5,154.8300018310547,76.51888275146484,449000
2015-10-06,UBL,155.0,158.10000610351562,154.0,157.13999938964844,77.66050720214844,514200
2015-10-07,UBL,155.00999450683594,157.4499969482422,155.00999450683594,156.72999572753906,77.4578857421875,128400
2015-10-08,UBL,155.5,158.99000549316406,155.1999969482422,157.85000610351562,78.01139068603516,73600
2015-10-09,UBL,158.35000610351562,162.97999572753906,158.0500030517578,161.97000122070312,80.04753875732422,515300
2015-10-12,UBL,162.5,169.3000030517578,161.0,167.8800048828125,82.96831512451172,1517500
2015-10-13,UBL,166.99000549316406,169.0,164.2100067138672,166.82000732421875,82.4444808959961,572600
2015-10-14,UBL,165.8000030517578,167.88999938964844,163.02000427246094,163.36000061035156,80.73452758789062,1387000
2015-10-15,UBL,163.0,164.47999572753906,161.5,163.5500030517578,80.8283920288086,2029500
2015-10-16,UBL,163.5500030517578,164.0,162.0500030517578,163.2899932861328,80.69988250732422,189400
2015-10-19,UBL,163.6999969482422,164.00999450683594,162.11000061035156,163.72000122070312,80.91240692138672,673200
2015-10-20,UBL,161.1999969482422,164.0,161.1999969482422,163.50999450683594,80.80863189697266,236100
2015-10-21,UBL,163.99000549316406,164.0,162.8000030517578,163.85000610351562,80.9766845703125,287300
2015-10-22,UBL,164.5,164.5,163.5,163.5500030517578,80.8283920288086,60600
2015-10-23,UBL,163.5500030517578,163.5500030517578,163.5500030517578,163.5500030517578,80.8283920288086,0
2015-10-26,UBL,163.60000610351562,164.0,162.0,163.27000427246094,80.69001007080078,1690000
2015-10-27,UBL,163.5,163.75,162.3000030517578,163.07000732421875,80.59115600585938,3569000
2015-10-28,UBL,163.02999877929688,164.89999389648438,162.00999450683594,163.0,80.55657196044922,2938200
2015-10-29,UBL,162.50999450683594,165.10000610351562,162.5,164.17999267578125,81.13972473144531,1899600
2015-10-30,UBL,164.9499969482422,165.50999450683594,164.0,164.1199951171875,81.110107421875,2361800
2015-11-02,UBL,164.50999450683594,164.99000549316406,163.5,164.02000427246094,81.0606689453125,1452300
2015-11-03,UBL,164.0,164.75,164.0,164.49000549316406,81.29295349121094,1257000
2015-11-04,UBL,164.30999755859375,164.5,164.0,164.25999450683594,81.1792984008789,1543100
2015-11-05,UBL,164.3000030517578,164.5,163.8000030517578,163.9600067138672,81.03102111816406,871700
2015-11-06,UBL,164.25,164.25,163.64999389648438,163.80999755859375,80.95689392089844,629800
2015-11-09,UBL,163.80999755859375,163.80999755859375,163.80999755859375,163.80999755859375,80.95689392089844,0
2015-11-10,UBL,163.0,163.39999389648438,160.89999389648438,161.55999755859375,79.84491729736328,668900
2015-11-11,UBL,162.47999572753906,162.5,160.75,161.27000427246094,79.70158386230469,317900
2015-11-12,UBL,162.49000549316406,164.5,161.49000549316406,162.77999877929688,80.44784545898438,419300
2015-11-13,UBL,162.5,163.8000030517578,162.3300018310547,163.02000427246094,80.56645965576172,448200
2015-11-16,UBL,161.0,162.64999389648438,161.0,161.97999572753906,80.05248260498047,556800
2015-11-17,UBL,161.89999389648438,162.89999389648438,161.75,161.99000549316406,80.05742645263672,183500
2015-11-18,UBL,162.25,163.35000610351562,162.0,162.02000427246094,80.072265625,193500
2015-11-19,UBL,162.10000610351562,163.5,161.9600067138672,162.32000732421875,80.22052001953125,299000
2015-11-20,UBL,162.5,163.0,162.5,162.64999389648438,80.38362121582031,97300
2015-11-23,UBL,163.0,164.5,163.0,164.0500030517578,81.07550048828125,839400
2015-11-24,UBL,163.5,164.0,162.5,162.7100067138672,80.41324615478516,296100
2015-11-25,UBL,162.5,162.5,161.1999969482422,161.97999572753906,80.05248260498047,2165200
2015-11-26,UBL,162.50999450683594,163.9499969482422,159.5500030517578,160.4600067138672,79.3012924194336,488900
2015-11-27,UBL,161.0,162.0,159.0,160.52999877929688,79.33587646484375,1231500
2015-11-30,UBL,160.0,161.0,155.14999389648438,159.22999572753906,78.69338989257812,2241400
2015-12-01,UBL,159.10000610351562,159.10000610351562,156.25,157.42999267578125,77.80381774902344,413300
2015-12-02,UBL,157.00999450683594,158.60000610351562,156.10000610351562,157.52000427246094,77.84829711914062,1316600
2015-12-03,UBL,156.0,156.0,153.50999450683594,154.3300018310547,77.00505828857422,1409800
2015-12-04,UBL,154.42999267578125,154.6999969482422,153.0,153.52999877929688,76.60590362548828,176600
2015-12-07,UBL,153.60000610351562,154.42999267578125,151.5,152.27999877929688,75.9821548461914,214300
2015-12-08,UBL,151.5,154.10000610351562,151.5,152.72999572753906,76.20670318603516,1963900
2015-12-09,UBL,152.85000610351562,154.39999389648438,152.0,153.9499969482422,76.81543731689453,1593100
2015-12-10,UBL,154.0,161.3000030517578,153.5,159.4199981689453,79.54476928710938,2778200
2015-12-11,UBL,160.0,161.5,158.0,159.3800048828125,79.52478790283203,1926900
2015-12-14,UBL,159.0,159.88999938964844,154.10000610351562,158.8699951171875,79.27033233642578,464600
2015-12-15,UBL,159.89999389648438,159.89999389648438,153.5,154.52000427246094,77.09986114501953,977000
2015-12-16,UBL,154.1199951171875,157.14999389648438,154.1199951171875,156.89999389648438,78.28739929199219,1094000
2015-12-17,UBL,159.0,159.0,157.0,157.9600067138672,78.81629180908203,1072300
2015-12-18,UBL,156.25,158.50999450683594,155.49000549316406,156.10000610351562,77.88823699951172,362700
2015-12-21,UBL,154.0,156.88999938964844,153.00999450683594,155.2899932861328,77.48405456542969,2727800
2015-12-22,UBL,155.97000122070312,156.0,153.89999389648438,154.61000061035156,77.1447525024414,1880800
2015-12-23,UBL,155.49000549316406,155.49000549316406,153.0,153.6300048828125,76.65579986572266,532500
2015-12-24,UBL,153.6300048828125,153.6300048828125,153.6300048828125,153.6300048828125,76.65579986572266,0
2015-12-25,UBL,153.6300048828125,153.6300048828125,153.6300048828125,153.6300048828125,76.65579986572266,0
2015-12-28,UBL,153.0500030517578,154.60000610351562,153.00999450683594,153.97000122070312,76.825439453125,2381100
2015-12-29,UBL,153.97000122070312,154.89999389648438,153.6999969482422,153.92999267578125,76.80545043945312,2577900
2015-12-30,UBL,153.0500030517578,155.88999938964844,153.0500030517578,154.75,77.214599609375,416800
2015-12-31,UBL,155.0,156.0,153.60000610351562,154.9499969482422,77.31439971923828,809800
2016-01-01,UBL,153.9600067138672,156.0,153.9600067138672,155.86000061035156,77.76848602294922,68700
2016-01-04,UBL,155.00999450683594,157.0,154.5,155.35000610351562,77.51396179199219,75900
2016-01-05,UBL,153.5,155.0,152.5,154.9199981689453,77.29942321777344,572400
2016-01-06,UBL,154.11000061035156,155.1999969482422,154.0500030517578,154.7899932861328,77.23455810546875,384700
2016-01-07,UBL,154.08999633789062,154.25,153.25999450683594,153.5800018310547,76.630859375,239500
2016-01-08,UBL,154.0,154.0,152.5,152.9600067138672,76.32145690917969,1607400
2016-01-11,UBL,152.5,153.99000549316406,150.50999450683594,151.97999572753906,75.8324966430664,46900
2016-01-12,UBL,151.0,153.0,149.86000061035156,151.8800048828125,75.78258514404297,177600
2016-01-13,UBL,152.00999450683594,152.39999389648438,150.0,150.6699981689453,75.17884063720703,588100
2016-01-14,UBL,149.00999450683594,150.0,147.35000610351562,147.72999572753906,73.71188354492188,3156400
2016-01-15,UBL,146.30999755859375,148.0,144.0,144.52999877929688,72.11519622802734,875800
2016-01-18,UBL,141.3000030517578,148.8699951171875,137.30999755859375,146.5399932861328,73.11813354492188,1395400
2016-01-19,UBL,146.5399932861328,150.5,146.0,149.7100067138672,74.69984436035156,502100
2016-01-20,UBL,149.00999450683594,149.10000610351562,146.10000610351562,147.25,73.47236633300781,1932300
2016-01-21,UBL,147.5,149.0,144.11000061035156,145.13999938964844,72.4195785522461,456100
2016-01-22,UBL,143.1199951171875,145.5,143.1199951171875,144.72999572753906,72.21499633789062,193200
2016-01-25,UBL,144.72999572753906,146.5,144.39999389648438,144.91000366210938,72.3048095703125,438000
2016-01-26,UBL,144.91000366210938,145.5800018310547,143.1999969482422,144.22000122070312,71.96053314208984,243000
2016-01-27,UBL,144.99000549316406,145.0,143.5,143.69000244140625,71.69608306884766,466900
2016-01-28,UBL,144.3000030517578,144.88999938964844,142.25,143.86000061035156,71.7809066772461,843800
2016-01-29,UBL,144.0,144.39999389648438,143.00999450683594,143.92999267578125,71.81584167480469,2138600
2016-02-01,UBL,144.99000549316406,151.1199951171875,144.99000549316406,151.10000610351562,75.39341735839844,1356500
2016-02-02,UBL,152.74000549316406,156.10000610351562,152.5,153.22999572753906,76.45619201660156,1070400
2016-02-03,UBL,153.49000549316406,155.49000549316406,151.10000610351562,154.0,76.84040832519531,1151700
2016-02-04,UBL,154.02000427246094,155.5,153.0,154.8300018310547,77.2545394897461,2169100
2016-02-05,UBL,154.8300018310547,154.8300018310547,154.8300018310547,154.8300018310547,77.2545394897461,0
2016-02-08,UBL,154.02000427246094,158.89999389648438,154.00999450683594,157.35000610351562,78.51191711425781,3370700
2016-02-09,UBL,157.0,157.5,154.02000427246094,156.6300048828125,78.15267944335938,2601800
2016-02-10,UBL,156.00999450683594,156.00999450683594,153.60000610351562,154.44000244140625,77.0599365234375,877400
2016-02-11,UBL,154.0,154.1999969482422,149.97000122070312,151.5500030517578,75.617919921875,1049200
2016-02-12,UBL,151.49000549316406,152.64999389648438,149.75,151.0800018310547,75.38343811035156,163300
2016-02-15,UBL,152.3000030517578,154.33999633789062,151.5,152.6999969482422,76.19171905517578,732900
2016-02-16,UBL,152.9499969482422,156.0,152.11000061035156,153.3000030517578,76.49111938476562,1513800
2016-02-17,UBL,153.5,153.5,151.0500030517578,152.42999267578125,76.05702209472656,667300
2016-02-18,UBL,153.08999633789062,153.8000030517578,152.0,152.42999267578125,76.05702209472656,1532700
2016-02-19,UBL,151.0500030517578,152.9499969482422,149.0,150.39999389648438,75.04412841796875,477000
2016-02-22,UBL,150.5,152.39999389648438,149.10000610351562,149.7899932861328,74.73976135253906,128900
2016-02-23,UBL,149.5,151.75,148.86000061035156,150.1199951171875,74.90441131591797,640500
2016-02-24,UBL,150.5,151.0,149.1999969482422,150.25,74.96926879882812,425500
2016-02-25,UBL,150.0,150.0,148.5,149.0800018310547,74.38549041748047,840100
2016-02-26,UBL,149.5,152.8000030517578,149.0,151.57000732421875,75.6279067993164,994100
2016-02-29,UBL,153.3000030517578,153.3000030517578,150.5,150.92999267578125,75.30856323242188,153900
2016-03-01,UBL,151.0500030517578,151.5,150.39999389648438,150.75,75.21875762939453,593100
2016-03-02,UBL,151.0,152.0,150.75,151.47999572753906,75.5830078125,1552100
2016-03-03,UBL,151.47999572753906,157.39999389648438,151.47999572753906,154.89999389648438,77.28945922851562,1229200
2016-03-04,UBL,155.5,157.0500030517578,154.30999755859375,156.66000366210938,78.1676254272461,487700
2016-03-07,UBL,157.0,159.0,157.0,158.4499969482422,79.06079864501953,877800
2016-03-08,UBL,158.00999450683594,158.5,156.5,157.25999450683594,78.46699523925781,406600
2016-03-09,UBL,157.89999389648438,157.89999389648438,153.00999450683594,153.72000122070312,76.70069122314453,1612900
2016-03-10,UBL,154.25,154.6999969482422,152.00999450683594,152.7100067138672,76.19673156738281,640300
2016-03-11,UBL,153.00999450683594,153.00999450683594,149.25,151.72000122070312,75.70274353027344,2288400
2016-03-14,UBL,152.0,152.8000030517578,150.0500030517578,152.0500030517578,75.867431640625,2132800
2016-03-15,UBL,152.0,153.2899932861328,151.0,152.61000061035156,76.14682006835938,1137600
2016-03-16,UBL,150.89999389648438,152.5,149.00999450683594,151.99000549316406,76.84454345703125,1198100
2016-03-17,UBL,151.00999450683594,154.60000610351562,150.5,154.02000427246094,77.87088012695312,1368700
2016-03-18,UBL,152.5500030517578,154.9499969482422,152.5,152.99000549316406,77.35013580322266,219400
2016-03-21,UBL,152.60000610351562,154.72000122070312,152.60000610351562,154.05999755859375,77.89110565185547,410900
2016-03-22,UBL,153.0,155.0,153.0,153.80999755859375,77.76473236083984,949700
2016-03-23,UBL,153.80999755859375,153.80999755859375,153.80999755859375,153.80999755859375,77.76473236083984,0
2016-03-24,UBL,152.30999755859375,154.75,152.30999755859375,153.22999572753906,77.47148132324219,1407900
2016-03-25,UBL,154.99000549316406,154.99000549316406,153.02000427246094,153.52999877929688,77.6231460571289,132700
2016-03-28,UBL,151.50999450683594,153.5,151.00999450683594,152.2100067138672,76.95580291748047,121700
2016-03-29,UBL,152.10000610351562,153.1999969482422,151.99000549316406,152.0500030517578,76.8748779296875,111500
2016-03-30,UBL,152.0,152.5,150.10000610351562,151.0800018310547,76.38446044921875,860900
2016-03-31,UBL,151.35000610351562,152.3000030517578,150.5,151.22000122070312,76.45524597167969,1123600
2016-04-01,UBL,151.02999877929688,155.0,150.77000427246094,151.97999572753906,76.8395004272461,2401100
2016-04-04,UBL,152.75,152.85000610351562,151.11000061035156,152.00999450683594,76.85464477539062,1219400
2016-04-05,UBL,152.39999389648438,153.0,150.0,150.33999633789062,76.01030731201172,1571000
2016-04-06,UBL,149.75,151.75,149.75,150.52000427246094,76.10130310058594,997300
2016-04-07,UBL,150.9499969482422,151.33999633789062,149.50999450683594,150.25,75.96482849121094,1198500
2016-04-08,UBL,149.02999877929688,151.75,149.02999877929688,151.4600067138672,76.57657623291016,594400
2016-04-11,UBL,152.0,153.3000030517578,151.25,151.42999267578125,76.56139373779297,1994100
2016-04-12,UBL,150.6999969482422,152.1999969482422,150.5,151.86000061035156,76.7788314819336,2071700
2016-04-13,UBL,152.0,152.94000244140625,151.5,152.13999938964844,76.92036437988281,206300
2016-04-14,UBL,152.5,153.8000030517578,152.0,153.1699981689453,77.4411392211914,2106800
2016-04-15,UBL,153.49000549316406,155.60000610351562,153.0,154.4600067138672,78.09333801269531,484500
2016-04-18,UBL,154.35000610351562,156.3000030517578,154.3000030517578,155.97000122070312,78.85678100585938,331100
2016-04-19,UBL,156.0,157.3000030517578,155.25,156.0,78.8719482421875,616700
2016-04-20,UBL,155.60000610351562,156.5,154.75,156.02999877929688,78.88712310791016,407500
2016-04-21,UBL,157.1999969482422,159.8000030517578,156.0,157.66000366210938,79.71122741699219,1083200
2016-04-22,UBL,157.72999572753906,159.0,157.60000610351562,157.92999267578125,79.84774780273438,221200
2016-04-25,UBL,157.0,157.0,155.0,155.02999877929688,78.38154602050781,145000
2016-04-26,UBL,154.33999633789062,157.89999389648438,154.0,156.32000732421875,79.03374481201172,646500
2016-04-27,UBL,155.5500030517578,157.0,155.0,156.67999267578125,79.21577453613281,1356800
2016-04-28,UBL,157.1999969482422,161.89999389648438,157.1999969482422,160.30999755859375,81.05106353759766,2397800
2016-04-29,UBL,159.5,166.5,159.5,163.94000244140625,82.88633728027344,3219600
2016-05-02,UBL,163.99000549316406,165.47000122070312,162.97999572753906,163.17999267578125,82.5020751953125,1494500
2016-05-03,UBL,163.39999389648438,168.5,162.8000030517578,167.1199951171875,84.4941177368164,1291300
2016-05-04,UBL,167.10000610351562,170.47999572753906,166.5,168.9600067138672,85.42438507080078,2127400
2016-05-05,UBL,166.0500030517578,172.5,166.0500030517578,171.1199951171875,86.51647186279297,2646100
2016-05-06,UBL,172.47000122070312,173.1699981689453,170.5,171.61000061035156,86.76419067382812,2302100
2016-05-09,UBL,173.0,178.0,172.5,177.36000061035156,89.67134094238281,5677800
2016-05-10,UBL,176.25,177.0,172.25999450683594,174.47000122070312,88.21021270751953,2337600
2016-05-11,UBL,175.0,175.0500030517578,172.5,173.05999755859375,87.497314453125,1380600
2016-05-12,UBL,173.0,173.89999389648438,169.25,170.11000061035156,86.0058364868164,994600
2016-05-13,UBL,170.25,172.99000549316406,170.1199951171875,172.13999938964844,87.03217315673828,1093200
2016-05-16,UBL,172.8000030517578,173.5,171.5,171.55999755859375,86.73893737792969,430800
2016-05-17,UBL,171.50999450683594,172.99000549316406,170.1300048828125,171.49000549316406,86.70354461669922,689600
2016-05-18,UBL,170.0,172.75,168.0,171.27000427246094,86.59234619140625,361400
2016-05-19,UBL,171.5,173.5,169.25,171.41000366210938,86.66307830810547,2426900
2016-05-20,UBL,171.89999389648438,171.89999389648438,170.6199951171875,171.00999450683594,86.4608383178711,274800
2016-05-23,UBL,168.5,170.10000610351562,164.00999450683594,166.5399932861328,84.20085906982422,1693700
2016-05-24,UBL,167.0,167.5,166.1999969482422,166.9600067138672,84.41320037841797,774400
2016-05-25,UBL,167.5,167.99000549316406,166.25,166.72000122070312,84.2918701171875,590100
2016-05-26,UBL,166.0,167.75,166.0,167.02999877929688,84.4486083984375,237400
2016-05-27,UBL,166.02000427246094,169.89999389648438,166.02000427246094,168.61000061035156,85.24748992919922,272300
2016-05-30,UBL,168.5,169.0,165.3000030517578,167.36000061035156,84.61544036865234,793200
2016-05-31,UBL,167.89999389648438,170.0,166.10000610351562,169.2899932861328,85.59124755859375,1291100
2016-06-01,UBL,168.00999450683594,171.0,168.00999450683594,170.1199951171875,86.0108871459961,534000
2016-06-02,UBL,170.0500030517578,172.00999450683594,162.0,171.3800048828125,86.64795684814453,2440600
2016-06-03,UBL,168.0,173.0,165.1300048828125,172.36000061035156,87.9128646850586,1351400
2016-06-06,UBL,168.1699981689453,173.0,168.1699981689453,169.9199981689453,86.6683349609375,316600
2016-06-07,UBL,168.5,170.25,168.5,169.02000427246094,86.20927429199219,1379000
2016-06-08,UBL,169.0,169.6999969482422,167.60000610351562,168.1300048828125,85.75532531738281,338400
2016-06-09,UBL,168.5,168.74000549316406,167.0,168.10000610351562,85.74002838134766,133300
2016-06-10,UBL,168.10000610351562,168.5,161.52000427246094,164.3800048828125,83.84264373779297,2104700
2016-06-13,UBL,164.3800048828125,168.89999389648438,163.0,167.42999267578125,85.39826965332031,382600
2016-06-14,UBL,169.88999938964844,174.5,167.5,171.32000732421875,87.38239288330078,1889000
2016-06-15,UBL,179.8800048828125,179.8800048828125,176.00999450683594,179.83999633789062,91.72804260253906,4488200
2016-06-16,UBL,181.89999389648438,186.0,178.0,184.52999877929688,94.12024688720703,4429300
2016-06-17,UBL,184.99000549316406,187.75,180.0500030517578,184.11000061035156,93.90599822998047,2439300
2016-06-20,UBL,183.99000549316406,185.02999877929688,177.10000610351562,178.52999877929688,91.05989074707031,1136800
2016-06-21,UBL,178.0,178.0,176.0,177.22999572753906,90.39679718017578,562700
2016-06-22,UBL,178.0,180.99000549316406,174.10000610351562,175.00999450683594,89.26451873779297,836200
2016-06-23,UBL,175.00999450683594,176.0,174.0,175.0800018310547,89.3001937866211,870200
2016-06-24,UBL,170.0399932861328,174.8000030517578,166.3300018310547,171.07000732421875,87.25487518310547,3408300
2016-06-27,UBL,172.5,172.5,166.25,167.08999633789062,85.22486877441406,1024500
2016-06-28,UBL,167.5,174.5,167.5,173.32000732421875,88.40251922607422,2183500
2016-06-29,UBL,176.39999389648438,177.02000427246094,174.5,176.3300018310547,89.93775177001953,1099500
2016-06-30,UBL,178.5,178.5,176.5,176.9199981689453,90.23870086669922,727300
2016-07-01,UBL,176.9199981689453,176.9199981689453,176.9199981689453,176.9199981689453,90.23870086669922,0
2016-07-04,UBL,176.97000122070312,179.0,175.0,177.10000610351562,90.33049774169922,1006000
2016-07-05,UBL,177.10000610351562,177.10000610351562,177.10000610351562,177.10000610351562,90.33049774169922,0
2016-07-06,UBL,177.10000610351562,177.10000610351562,177.10000610351562,177.10000610351562,90.33049774169922,0
2016-07-07,UBL,177.10000610351562,177.10000610351562,177.10000610351562,177.10000610351562,90.33049774169922,0
2016-07-08,UBL,177.10000610351562,177.10000610351562,177.10000610351562,177.10000610351562,90.33049774169922,0
2016-07-11,UBL,177.97000122070312,177.97000122070312,175.25,177.5800018310547,90.57532501220703,1357600
2016-07-12,UBL,177.99000549316406,181.5,177.99000549316406,181.1199951171875,92.38090515136719,1860300
2016-07-13,UBL,181.47999572753906,182.39999389648438,180.0,181.0399932861328,92.34011840820312,1327900
2016-07-14,UBL,180.4499969482422,182.25,180.25,180.6199951171875,92.12589263916016,344800
2016-07-15,UBL,180.50999450683594,182.0,179.55999755859375,180.74000549316406,92.18712615966797,1897600
2016-07-18,UBL,180.5,180.5,176.55999755859375,179.25999450683594,91.4322280883789,1633000
2016-07-19,UBL,178.25,181.0,177.1300048828125,180.1300048828125,91.87599182128906,886000
2016-07-20,UBL,180.89999389648438,181.0,178.1199951171875,179.25,91.42713165283203,964800
2016-07-21,UBL,179.50999450683594,180.49000549316406,179.0,179.80999755859375,91.71275329589844,339100
2016-07-22,UBL,179.9499969482422,180.25,179.10000610351562,179.52999877929688,91.5699462890625,829000
2016-07-25,UBL,179.97000122070312,181.5,178.66000366210938,179.33999633789062,91.4730453491211,498100
2016-07-26,UBL,179.5,183.5,179.0,183.02999877929688,93.35514068603516,1969000
2016-07-27,UBL,183.85000610351562,187.99000549316406,183.85000610351562,186.64999389648438,95.20152282714844,4149600
2016-07-28,UBL,187.5,189.10000610351562,186.0,187.3000030517578,95.53306579589844,2423200
2016-07-29,UBL,186.00999450683594,187.10000610351562,184.5,185.3800048828125,94.55375671386719,340000
2016-08-01,UBL,185.3800048828125,185.3800048828125,185.3800048828125,185.3800048828125,94.55375671386719,0
2016-08-02,UBL,187.5,189.88999938964844,187.25,189.3699951171875,96.58885955810547,780900
2016-08-03,UBL,189.89999389648438,189.97000122070312,188.5,188.99000549316406,96.39507293701172,459500
2016-08-04,UBL,189.5,190.0,188.61000061035156,189.39999389648438,96.60415649414062,1784800
2016-08-05,UBL,188.05999755859375,191.89999389648438,188.05999755859375,190.82000732421875,97.32846069335938,1282000
2016-08-08,UBL,190.97000122070312,199.1999969482422,190.60000610351562,197.72000122070312,100.84781646728516,3528200
2016-08-09,UBL,198.88999938964844,199.5,196.07000732421875,197.42999267578125,100.69989776611328,1883900
2016-08-10,UBL,197.4499969482422,198.0,196.25999450683594,197.30999755859375,100.63868713378906,593700
2016-08-11,UBL,200.0,207.1699981689453,196.1199951171875,205.5800018310547,104.85681915283203,4636000
2016-08-12,UBL,206.0,212.0,203.10000610351562,206.3800048828125,105.26490020751953,3603800
2016-08-15,UBL,206.5500030517578,207.5,205.0,205.7100067138672,104.92314147949219,811500
2016-08-16,UBL,205.75,209.9199981689453,204.97000122070312,206.4499969482422,105.30059051513672,1324000
2016-08-17,UBL,206.49000549316406,207.0,205.25,205.91000366210938,105.02516174316406,409600
2016-08-18,UBL,206.0,206.25,198.5,199.9600067138672,101.99036407470703,774900
2016-08-19,UBL,199.99000549316406,201.0,198.60000610351562,199.80999755859375,101.913818359375,724500
2016-08-22,UBL,196.60000610351562,196.60000610351562,196.60000610351562,196.60000610351562,100.27656555175781,300800
2016-08-23,UBL,201.5,202.8000030517578,199.00999450683594,200.6300048828125,102.33207702636719,311400
2016-08-24,UBL,201.5,202.0,199.0,199.41000366210938,101.7098159790039,146400
2016-08-25,UBL,199.5500030517578,203.39999389648438,199.4199981689453,202.0399932861328,103.0512466430664,1202800
2016-08-26,UBL,201.75,203.5,200.25,203.00999450683594,103.5460205078125,823800
2016-08-29,UBL,203.9499969482422,205.0,202.5,204.77000427246094,104.44369506835938,310700
2016-08-30,UBL,204.02999877929688,206.25,203.55999755859375,204.05999755859375,104.0815658569336,158300
2016-08-31,UBL,203.02999877929688,205.5,203.02999877929688,204.2100067138672,104.15807342529297,623400
2016-09-01,UBL,203.0,204.64999389648438,200.0,200.72000122070312,103.13553619384766,798900
2016-09-02,UBL,200.9600067138672,201.9499969482422,199.5,200.1199951171875,102.82726287841797,544300
2016-09-05,UBL,200.5,202.0,200.0,200.10000610351562,102.8169937133789,89100
2016-09-06,UBL,200.5,206.0,200.02000427246094,205.58999633789062,105.63787841796875,954500
2016-09-07,UBL,205.11000061035156,209.4499969482422,205.0,207.58999633789062,106.6655502319336,469100
2016-09-08,UBL,207.99000549316406,210.0500030517578,204.0,209.97999572753906,107.89360046386719,414400
2016-09-09,UBL,208.00999450683594,212.0,208.00999450683594,209.19000244140625,107.48767852783203,191600
2016-09-12,UBL,209.19000244140625,209.19000244140625,209.19000244140625,209.19000244140625,107.48767852783203,0
2016-09-13,UBL,209.19000244140625,209.19000244140625,209.19000244140625,209.19000244140625,107.48767852783203,0
2016-09-14,UBL,209.19000244140625,209.19000244140625,209.19000244140625,209.19000244140625,107.48767852783203,0
2016-09-15,UBL,208.00999450683594,208.00999450683594,202.5,203.1699981689453,104.39440155029297,1730200
2016-09-16,UBL,203.14999389648438,203.97999572753906,198.0,202.07000732421875,103.8292007446289,494000
2016-09-19,UBL,202.0,202.99000549316406,200.0500030517578,201.25,103.40787506103516,1375500
2016-09-20,UBL,201.25,202.4499969482422,198.0800018310547,200.0,102.76558685302734,1053300
2016-09-21,UBL,198.5,198.69000244140625,196.0,196.08999633789062,100.75653076171875,1406200
2016-09-22,UBL,196.10000610351562,199.77000427246094,196.10000610351562,198.35000610351562,101.91780853271484,410600
2016-09-23,UBL,199.24000549316406,200.0,194.0,195.72000122070312,100.56641387939453,538200
2016-09-26,UBL,195.1199951171875,201.58999633789062,195.0,200.7100067138672,103.13043975830078,899500
2016-09-27,UBL,198.25999450683594,201.5,198.25999450683594,200.74000549316406,103.14581298828125,1260800
2016-09-28,UBL,200.14999389648438,202.8000030517578,200.0,202.02999877929688,103.80867004394531,447600
2016-09-29,UBL,200.25999450683594,205.99000549316406,197.0,199.49000549316406,102.50352478027344,2562300
2016-09-30,UBL,200.00999450683594,200.89999389648438,197.99000549316406,198.77999877929688,102.13872528076172,600400
2016-10-03,UBL,199.2100067138672,205.0,199.2100067138672,203.64999389648438,104.64103698730469,1083200
2016-10-04,UBL,203.0,207.35000610351562,203.0,206.6699981689453,106.19285583496094,1559200
2016-10-05,UBL,207.0,208.89999389648438,203.5,203.88999938964844,104.7643814086914,260600
2016-10-06,UBL,204.5,207.0,203.50999450683594,205.16000366210938,105.41693115234375,304200
2016-10-07,UBL,204.22000122070312,205.0,203.14999389648438,204.61000061035156,105.13433074951172,218200
2016-10-10,UBL,202.00999450683594,203.99000549316406,202.00999450683594,202.55999755859375,104.08097076416016,277600
2016-10-11,UBL,202.55999755859375,202.55999755859375,202.55999755859375,202.55999755859375,104.08097076416016,0
2016-10-12,UBL,202.55999755859375,202.55999755859375,202.55999755859375,202.55999755859375,104.08097076416016,0
2016-10-13,UBL,203.25999450683594,204.0,201.0,202.9600067138672,104.28652954101562,629300
2016-10-14,UBL,202.0,202.0,200.10000610351562,201.52000427246094,103.54660034179688,862600
2016-10-17,UBL,201.55999755859375,202.5,201.0,201.61000061035156,103.59282684326172,217300
2016-10-18,UBL,200.5500030517578,201.99000549316406,199.0,200.0,102.76558685302734,1793000
2016-10-19,UBL,200.25999450683594,205.0,198.50999450683594,203.69000244140625,104.66159057617188,750900
2016-10-20,UBL,204.9499969482422,208.0,204.9499969482422,205.6699981689453,105.67900085449219,995600
2016-10-21,UBL,205.50999450683594,206.89999389648438,203.0,203.72000122070312,104.6770248413086,507500
2016-10-24,UBL,202.5,202.5,199.89999389648438,200.16000366210938,102.84781646728516,801600
2016-10-25,UBL,200.10000610351562,203.0,198.0,202.22000122070312,103.90628814697266,555800
2016-10-26,UBL,201.10000610351562,203.5,199.5,200.1999969482422,102.86835479736328,564000
2016-10-27,UBL,200.00999450683594,200.99000549316406,199.4499969482422,199.61000061035156,102.5652084350586,894000
2016-10-28,UBL,199.0,202.0,197.89999389648438,199.8000030517578,102.66282653808594,616400
2016-10-31,UBL,199.97000122070312,203.00999450683594,199.00999450683594,201.47999572753906,103.52603912353516,710800
2016-11-01,UBL,201.0,210.5,200.50999450683594,209.3699951171875,107.58015441894531,2417300
2016-11-02,UBL,210.0,216.25999450683594,210.0,213.3000030517578,109.5995101928711,2845300
2016-11-03,UBL,216.24000549316406,221.13999938964844,211.0500030517578,217.27999877929688,111.64452362060547,2087700
2016-11-04,UBL,216.97000122070312,219.8000030517578,213.10000610351562,214.0399932861328,109.97972869873047,265700
2016-11-07,UBL,212.0,220.89999389648438,212.0,216.97999572753906,111.49041748046875,644400
2016-11-08,UBL,218.5,218.5,211.3000030517578,214.08999633789062,110.77118682861328,1098100
2016-11-09,UBL,214.08999633789062,214.08999633789062,214.08999633789062,214.08999633789062,110.77118682861328,0
2016-11-10,UBL,214.99000549316406,222.5,214.99000549316406,221.8300018310547,114.77590942382812,1260600
2016-11-11,UBL,218.52000427246094,223.0,218.52000427246094,220.8699951171875,114.27920532226562,670500
2016-11-14,UBL,221.5,223.0,213.11000061035156,215.0500030517578,111.26789855957031,1232400
2016-11-15,UBL,214.1999969482422,215.1999969482422,211.10000610351562,212.63999938964844,110.02095794677734,496300
2016-11-16,UBL,214.89999389648438,215.0,212.10000610351562,212.89999389648438,110.15546417236328,525600
2016-11-17,UBL,213.99000549316406,214.5,210.5,211.3000030517578,109.32765197753906,1314600
2016-11-18,UBL,210.5,212.0,210.0,210.75999450683594,109.0482406616211,84400
2016-11-21,UBL,210.0,212.89999389648438,209.5,209.8300018310547,108.56705474853516,529600
2016-11-22,UBL,210.0,210.0,208.52000427246094,209.07000732421875,108.17381286621094,1313900
2016-11-23,UBL,208.35000610351562,215.0,208.35000610351562,213.9600067138672,110.7039566040039,811900
2016-11-24,UBL,214.5,218.0,213.0500030517578,214.17999267578125,110.81774139404297,601600
2016-11-25,UBL,214.49000549316406,215.99000549316406,212.75,214.3699951171875,110.91606140136719,93000
2016-11-28,UBL,212.6999969482422,217.0,212.6999969482422,215.1999969482422,111.34550476074219,217400
2016-11-29,UBL,215.00999450683594,215.5,208.5,210.19000244140625,108.75331115722656,1067800
2016-11-30,UBL,209.0,210.89999389648438,208.0,208.5500030517578,107.90476989746094,918100
2016-12-01,UBL,210.0,213.89999389648438,209.97000122070312,211.08999633789062,109.21895599365234,1205100
2016-12-02,UBL,213.77000427246094,215.75999450683594,208.0,214.6699981689453,111.07127380371094,157500
2016-12-05,UBL,215.0,218.0,215.0,217.5,112.5355453491211,651100
2016-12-06,UBL,215.25999450683594,220.0,215.25999450683594,219.4499969482422,113.54446411132812,538500
2016-12-07,UBL,218.5,222.49000549316406,217.0,220.3300018310547,113.99980163574219,335500
2016-12-08,UBL,221.0,226.0,221.0,224.88999938964844,116.35919952392578,1786400
2016-12-09,UBL,222.97999572753906,228.5,222.97000122070312,226.80999755859375,117.35260772705078,866600
2016-12-12,UBL,226.80999755859375,226.80999755859375,226.80999755859375,226.80999755859375,117.35260772705078,0
2016-12-13,UBL,227.0,235.49000549316406,224.02000427246094,231.3800048828125,119.71713256835938,1776700
2016-12-14,UBL,232.5,234.99000549316406,227.0,229.8800048828125,118.9410629272461,1294800
2016-12-15,UBL,230.0,235.49000549316406,227.99000549316406,230.57000732421875,119.29804229736328,1709800
2016-12-16,UBL,232.0,234.5,229.14999389648438,233.3000030517578,120.71051025390625,1654500
2016-12-19,UBL,232.0,236.5,231.3000030517578,232.1199951171875,120.09998321533203,2440100
2016-12-20,UBL,233.89999389648438,243.72000122070312,232.0,240.1699981689453,124.26510620117188,1758000
2016-12-21,UBL,241.99000549316406,242.0,234.0,236.7899932861328,122.51628875732422,1762800
2016-12-22,UBL,239.0,239.0,235.0,237.13999938964844,122.69735717773438,904900
2016-12-23,UBL,236.5,236.52999877929688,230.3000030517578,231.89999389648438,119.98616790771484,2482100
2016-12-26,UBL,228.99000549316406,233.0,228.99000549316406,231.5399932861328,119.79991912841797,679700
2016-12-27,UBL,231.99000549316406,233.5,230.75,231.2100067138672,119.6291732788086,1014600
2016-12-28,UBL,232.5,235.5500030517578,232.0,234.77000427246094,121.47113800048828,849600
2016-12-29,UBL,234.97000122070312,235.49000549316406,232.00999450683594,233.22000122070312,120.66914367675781,916500
2016-12-30,UBL,232.6999969482422,240.0,232.57000732421875,238.89999389648438,123.6080093383789,882900
2017-01-02,UBL,237.0,244.0,236.0800018310547,243.58999633789062,126.03462219238281,385100
2017-01-03,UBL,243.0,250.0,239.0,249.47999572753906,129.08218383789062,749500
2017-01-04,UBL,247.00999450683594,250.99000549316406,246.0,247.0800018310547,127.84040832519531,895800
2017-01-05,UBL,247.0,248.0,244.5500030517578,246.82000732421875,127.70584869384766,712700
2017-01-06,UBL,247.00999450683594,248.8000030517578,246.5,247.75,128.18704223632812,604600
2017-01-09,UBL,247.0,253.5,245.5500030517578,249.27000427246094,128.97354125976562,1032900
2017-01-10,UBL,248.0,251.0,246.0,247.52999877929688,128.07322692871094,281400
2017-01-11,UBL,245.0,253.5,245.0,252.52000427246094,130.65509033203125,1179300
2017-01-12,UBL,254.0,257.0,252.89999389648438,256.3500061035156,132.63673400878906,682800
2017-01-13,UBL,256.0,256.0,248.5,249.57000732421875,129.1287078857422,1094300
2017-01-16,UBL,249.10000610351562,249.10000610351562,237.5,238.36000061035156,123.32858276367188,1946300
2017-01-17,UBL,239.0,239.0,235.02000427246094,237.0,122.62494659423828,697400
2017-01-18,UBL,238.49000549316406,238.99000549316406,233.0,235.07000732421875,121.6263656616211,1042300
2017-01-19,UBL,236.99000549316406,237.99000549316406,233.0,235.55999755859375,121.8798828125,337000
2017-01-20,UBL,235.97000122070312,239.89999389648438,235.97000122070312,238.41000366210938,123.35450744628906,305100
2017-01-23,UBL,238.89999389648438,241.99000549316406,238.89999389648438,241.75999450683594,125.08782196044922,339000
2017-01-24,UBL,242.88999938964844,242.89999389648438,238.75999450683594,240.72000122070312,124.5496826171875,620600
2017-01-25,UBL,241.4499969482422,242.89999389648438,237.0,237.72000122070312,122.99749755859375,582100
2017-01-26,UBL,238.0,243.0,235.0,241.6199951171875,125.01535034179688,845200
2017-01-27,UBL,242.60000610351562,247.0,238.1999969482422,240.22999572753906,124.2961654663086,1066200
2017-01-30,UBL,240.97999572753906,241.5,235.0,235.9600067138672,122.08685302734375,623200
2017-01-31,UBL,236.00999450683594,236.89999389648438,230.25,235.3300018310547,121.76085662841797,1925400
2017-02-01,UBL,235.0500030517578,240.0,233.25,234.8699951171875,121.52283477783203,1728500
2017-02-02,UBL,235.47999572753906,237.1999969482422,231.0,231.47999572753906,119.76885986328125,2042900
2017-02-03,UBL,232.0,234.89999389648438,231.0,233.36000061035156,120.7415542602539,1276800
2017-02-06,UBL,232.00999450683594,236.89999389648438,232.00999450683594,235.5800018310547,121.8902359008789,547000
2017-02-07,UBL,236.0,245.0,236.0,244.8800048828125,126.70209503173828,805200
2017-02-08,UBL,244.8800048828125,244.8800048828125,240.1999969482422,241.58999633789062,124.99982452392578,477700
2017-02-09,UBL,241.0,244.5,238.05999755859375,241.3699951171875,124.88601684570312,1040200
2017-02-10,UBL,241.97000122070312,242.8800048828125,239.02999877929688,240.89999389648438,124.642822265625,458900
2017-02-13,UBL,240.00999450683594,250.5,238.5,243.85000610351562,126.1692123413086,1336900
2017-02-14,UBL,243.5,246.0,239.11000061035156,241.86000061035156,125.13955688476562,780400
2017-02-15,UBL,240.60000610351562,242.5,239.0,239.6999969482422,124.02193450927734,618000
2017-02-16,UBL,240.0,246.9499969482422,238.05999755859375,245.50999450683594,127.02806854248047,608100
2017-02-17,UBL,244.5,246.0,239.0,241.86000061035156,125.13955688476562,1968600
2017-02-20,UBL,241.02999877929688,247.0,241.02000427246094,245.4600067138672,127.0021743774414,609900
2017-02-21,UBL,244.00999450683594,248.85000610351562,242.5,247.25999450683594,127.93351745605469,239600
2017-02-22,UBL,245.0500030517578,249.99000549316406,245.0500030517578,248.86000061035156,128.76136779785156,1039600
2017-02-23,UBL,248.5,250.0,242.0,248.89999389648438,128.7820587158203,818500
2017-02-24,UBL,247.10000610351562,249.6999969482422,245.0,248.5,128.57510375976562,136700
2017-02-27,UBL,246.02000427246094,247.0,242.11000061035156,246.0399932861328,127.3022689819336,431100
2017-02-28,UBL,243.50999450683594,245.0,242.5,244.72999572753906,126.6244888305664,428200
2017-03-01,UBL,244.8000030517578,246.5,243.14999389648438,244.08999633789062,126.2933349609375,136400
2017-03-02,UBL,244.97000122070312,248.00999450683594,244.0,247.58999633789062,128.104248046875,917200
2017-03-03,UBL,248.10000610351562,250.8000030517578,245.10000610351562,248.92999267578125,128.79759216308594,1165700
2017-03-06,UBL,249.0,250.10000610351562,247.0,249.27999877929688,128.97866821289062,242400
2017-03-07,UBL,249.25,249.97000122070312,247.02000427246094,248.77000427246094,128.71481323242188,350200
2017-03-08,UBL,248.0500030517578,250.0,248.0500030517578,249.9499969482422,129.32528686523438,360500
2017-03-09,UBL,249.00999450683594,254.99000549316406,248.0,251.77999877929688,130.2721405029297,683800
2017-03-10,UBL,251.77999877929688,251.77999877929688,244.5,245.6300048828125,127.09017181396484,1364300
2017-03-13,UBL,243.11000061035156,245.88999938964844,240.14999389648438,240.83999633789062,124.61177825927734,740000
2017-03-14,UBL,241.99000549316406,242.0,235.1999969482422,240.5800018310547,124.47724151611328,1532800
2017-03-15,UBL,239.0,240.0,224.75999450683594,229.42999267578125,119.70330047607422,1653500
2017-03-16,UBL,228.0500030517578,232.60000610351562,224.0500030517578,231.27000427246094,120.66329956054688,1471600
2017-03-17,UBL,230.0,236.0,229.00999450683594,233.61000061035156,121.88417053222656,1425600
2017-03-20,UBL,233.0,235.97999572753906,232.11000061035156,233.83999633789062,122.0041732788086,258000
2017-03-21,UBL,233.99000549316406,234.0,232.0,232.33999633789062,121.22156524658203,467300
2017-03-22,UBL,233.9600067138672,234.00999450683594,230.0,230.22999572753906,120.12071228027344,1174400
2017-03-23,UBL,230.22999572753906,230.22999572753906,230.22999572753906,230.22999572753906,120.12071228027344,0
2017-03-24,UBL,230.39999389648438,231.0,228.5,229.4199981689453,119.69805145263672,927700
2017-03-27,UBL,229.5,230.0,226.5,227.6699981689453,118.78504180908203,752600
2017-03-28,UBL,227.97000122070312,229.0,223.50999450683594,226.99000549316406,118.43026733398438,1083100
2017-03-29,UBL,227.97000122070312,232.0,226.0,227.5500030517578,118.72242736816406,1963600
2017-03-30,UBL,227.97000122070312,228.6999969482422,223.0,225.19000244140625,117.49110412597656,628100
2017-03-31,UBL,224.5,230.0,221.97999572753906,227.6300048828125,118.76416015625,1499000
2017-04-03,UBL,227.52000427246094,235.5,226.5,234.50999450683594,122.35379028320312,2355900
2017-04-04,UBL,234.0,237.10000610351562,229.0,230.5800018310547,120.30330657958984,1767800
2017-04-05,UBL,230.5800018310547,230.5800018310547,230.5800018310547,230.5800018310547,120.30330657958984,0
2017-04-06,UBL,233.6999969482422,233.6999969482422,225.0,226.47999572753906,118.16414642333984,902400
2017-04-07,UBL,227.0,235.5,226.3000030517578,234.80999755859375,122.51029205322266,885100
2017-04-10,UBL,235.97000122070312,239.0,233.0,237.74000549316406,124.03898620605469,796200
2017-04-11,UBL,239.6300048828125,239.88999938964844,234.0,238.80999755859375,124.59721374511719,370700
2017-04-12,UBL,238.0,239.97999572753906,238.0,238.6199951171875,124.49811553955078,180800
2017-04-13,UBL,238.10000610351562,238.10000610351562,234.49000549316406,235.4499969482422,122.84418487548828,502100
2017-04-14,UBL,234.00999450683594,234.88999938964844,230.10000610351562,232.0,121.04419708251953,245600
2017-04-17,UBL,230.61000061035156,235.0,230.61000061035156,232.91000366210938,121.51897430419922,393900
2017-04-18,UBL,233.0500030517578,235.9499969482422,230.0,232.14999389648438,121.12245178222656,946200
2017-04-19,UBL,230.0,236.99000549316406,227.8800048828125,235.1300048828125,122.67721557617188,470600
2017-04-20,UBL,235.1999969482422,246.8800048828125,231.02000427246094,241.72000122070312,126.11550903320312,2294800
2017-04-21,UBL,242.0,247.0,238.72000122070312,245.64999389648438,128.16595458984375,2026400
2017-04-24,UBL,245.64999389648438,246.99000549316406,242.0,245.94000244140625,128.31729125976562,1275600
2017-04-25,UBL,246.0,247.0,245.0,245.92999267578125,128.3120574951172,1102600
2017-04-26,UBL,246.99000549316406,248.0,244.0,246.02000427246094,128.35902404785156,1024000
2017-04-27,UBL,246.0,247.97999572753906,244.1999969482422,246.74000549316406,128.73468017578125,269800
2017-04-28,UBL,247.0,250.0,245.00999450683594,248.13999938964844,129.46510314941406,3342200
2017-05-01,UBL,248.13999938964844,248.13999938964844,248.13999938964844,248.13999938964844,129.46510314941406,0
2017-05-02,UBL,245.13999938964844,248.0,243.0,245.63999938964844,128.1607208251953,266000
2017-05-03,UBL,245.10000610351562,247.49000549316406,243.88999938964844,246.35000610351562,128.5312042236328,627700
2017-05-04,UBL,245.0500030517578,252.0,244.00999450683594,250.7100067138672,130.80596923828125,1381400
2017-05-05,UBL,250.0,263.239990234375,250.0,262.2699890136719,136.83734130859375,1914100
2017-05-08,UBL,263.0,275.3800048828125,261.0,275.3800048828125,143.6773681640625,3048600
2017-05-09,UBL,282.0,283.0,268.5,270.54998779296875,141.1573486328125,1823000
2017-05-10,UBL,269.989990234375,271.4800109863281,264.0,268.5,140.86874389648438,2002500
2017-05-11,UBL,268.95001220703125,269.0,263.0,264.8699951171875,138.9643096923828,3810900
2017-05-12,UBL,264.0,268.1000061035156,263.989990234375,266.7699890136719,139.9611358642578,2348300
2017-05-15,UBL,266.9800109863281,273.5,266.5,267.0400085449219,140.1028289794922,3366600
2017-05-16,UBL,270.8999938964844,270.8999938964844,256.8999938964844,260.04998779296875,136.43548583984375,2050900
2017-05-17,UBL,261.0,261.95001220703125,256.75,258.55999755859375,135.6537322998047,3007800
2017-05-18,UBL,258.4800109863281,259.0,249.25,250.5500030517578,131.45132446289062,1925900
2017-05-19,UBL,251.0,253.0,246.02000427246094,247.66000366210938,129.93502807617188,2919100
2017-05-22,UBL,248.89999389648438,259.29998779296875,248.89999389648438,257.3800048828125,135.03469848632812,2158300
2017-05-23,UBL,260.0,265.5,258.5,263.010009765625,137.98846435546875,3826500
2017-05-24,UBL,264.8999938964844,271.0199890136719,263.989990234375,265.9700012207031,139.5414276123047,2349400
2017-05-25,UBL,264.5,266.9800109863281,258.20001220703125,259.6700134277344,136.23611450195312,1953400
2017-05-26,UBL,261.9700012207031,262.0,255.25,256.9200134277344,134.7933349609375,2241300
2017-05-29,UBL,254.00999450683594,258.9800109863281,248.0,250.24000549316406,131.2886505126953,1799600
2017-05-30,UBL,251.0,255.0,243.99000549316406,249.47999572753906,130.88992309570312,3126100
2017-05-31,UBL,249.97000122070312,252.0,237.00999450683594,237.60000610351562,124.65711212158203,21090000
2017-06-01,UBL,236.99000549316406,236.99000549316406,225.72000122070312,226.24000549316406,118.6970443725586,15870400
2017-06-02,UBL,225.75,227.99000549316406,217.5500030517578,222.69000244140625,116.83452606201172,3510900
2017-06-05,UBL,222.5,233.82000732421875,222.5,233.75,122.63716888427734,2599500
2017-06-06,UBL,233.0,237.75,232.0,235.11000061035156,123.3506851196289,2000600
2017-06-07,UBL,238.0,238.0500030517578,234.0,237.02000427246094,124.3527603149414,1178900
2017-06-08,UBL,236.0,242.49000549316406,233.99000549316406,237.17999267578125,124.43669128417969,2699900
2017-06-09,UBL,237.00999450683594,237.00999450683594,231.0,232.8699951171875,122.17546844482422,187400
2017-06-12,UBL,232.99000549316406,232.99000549316406,224.00999450683594,225.25999450683594,118.18285369873047,845000
2017-06-13,UBL,226.5,236.52000427246094,225.6999969482422,233.1199951171875,122.30657196044922,2514600
2017-06-14,UBL,235.89999389648438,238.85000610351562,229.91000366210938,232.99000549316406,122.23845672607422,1901000
2017-06-15,UBL,232.38999938964844,234.5,224.0,225.3699951171875,118.24059295654297,3067900
2017-06-16,UBL,225.89999389648438,227.5,221.02999877929688,222.02000427246094,116.4830093383789,1694200
2017-06-19,UBL,221.89999389648438,224.5,220.0,223.2899932861328,117.1493148803711,975000
2017-06-20,UBL,222.89999389648438,223.2899932861328,215.0,218.9600067138672,114.87757110595703,3078900
2017-06-21,UBL,216.00999450683594,226.0,216.0,224.3800048828125,117.7212142944336,2560800
2017-06-22,UBL,223.89999389648438,228.10000610351562,220.11000061035156,226.55999755859375,118.86492156982422,1999700
2017-06-23,UBL,226.55999755859375,226.55999755859375,226.55999755859375,226.55999755859375,118.86492156982422,0
2017-06-26,UBL,226.55999755859375,226.55999755859375,226.55999755859375,226.55999755859375,118.86492156982422,0
2017-06-27,UBL,226.55999755859375,226.55999755859375,226.55999755859375,226.55999755859375,118.86492156982422,0
2017-06-28,UBL,226.55999755859375,226.55999755859375,226.55999755859375,226.55999755859375,118.86492156982422,0
2017-06-29,UBL,225.89999389648438,237.5,221.0,235.75,123.6864242553711,4367100
2017-06-30,UBL,236.89999389648438,238.0,232.5,235.52000427246094,123.56580352783203,1152400
2017-07-03,UBL,232.0,235.99000549316406,223.75,223.75,117.390625,1914300
2017-07-04,UBL,224.0,232.5,220.14999389648438,225.2100067138672,118.15667724609375,839100
2017-07-05,UBL,224.0,227.49000549316406,220.0,223.63999938964844,117.33299255371094,2624600
2017-07-06,UBL,225.99000549316406,225.99000549316406,217.0,221.1199951171875,116.01081848144531,1024800
2017-07-07,UBL,219.5,223.9499969482422,213.3000030517578,215.17999267578125,112.89440155029297,1590300
2017-07-10,UBL,214.5,219.6999969482422,212.5,216.27999877929688,113.47150421142578,1067400
2017-07-11,UBL,212.5,212.5,205.47000122070312,205.47000122070312,107.800048828125,2625500
2017-07-12,UBL,204.0,208.00999450683594,196.00999450683594,202.32000732421875,106.14737701416016,1671600
2017-07-13,UBL,203.0,204.0,197.5,201.97000122070312,105.9637680053711,2022600
2017-07-14,UBL,201.0,207.0,201.0,206.8699951171875,108.53453063964844,623400
2017-07-17,UBL,205.0,212.0,205.0,209.5800018310547,109.95637512207031,704600
2017-07-18,UBL,209.75,218.0,209.14999389648438,216.75,113.71809387207031,586500
2017-07-19,UBL,216.0,217.75,212.14999389648438,213.6699981689453,112.10218048095703,420000
2017-07-20,UBL,215.0,218.5,210.0,211.22000122070312,110.8167953491211,943100
2017-07-21,UBL,209.25999450683594,215.0,207.5,213.83999633789062,112.19135284423828,562800
2017-07-24,UBL,214.75,215.75,211.10000610351562,213.36000061035156,111.93952941894531,271500
2017-07-25,UBL,211.5,215.5,211.5,214.4600067138672,112.51666259765625,378000
2017-07-26,UBL,214.5,216.5,214.0,215.55999755859375,113.0937271118164,408500
2017-07-27,UBL,213.5500030517578,215.0,212.0,214.22999572753906,112.39599609375,386700
2017-07-28,UBL,204.50999450683594,212.5,203.52000427246094,209.77999877929688,110.061279296875,2634900
2017-07-31,UBL,211.5,215.5,206.0,208.05999755859375,109.15887451171875,1584800
2017-08-01,UBL,209.75,213.1999969482422,206.5,211.88999938964844,111.16831970214844,1703600
2017-08-02,UBL,212.0500030517578,215.1999969482422,212.0500030517578,214.7100067138672,112.6478271484375,969200
2017-08-03,UBL,214.5,215.0,213.0,213.7100067138672,112.12315368652344,794200
2017-08-04,UBL,213.7100067138672,214.8699951171875,211.14999389648438,212.22999572753906,111.34664916992188,251300
2017-08-07,UBL,212.5,212.5,209.0,209.77000427246094,110.05603790283203,655700
2017-08-08,UBL,210.5,210.5,206.22000122070312,206.63999938964844,108.41387176513672,624500
2017-08-09,UBL,205.5,205.5,197.5,199.7100067138672,105.54418182373047,3434200
2017-08-10,UBL,200.5,201.0,198.5,199.0500030517578,105.19539642333984,2359600
2017-08-11,UBL,199.0,199.97999572753906,196.5,197.35000610351562,104.2969741821289,452000
2017-08-14,UBL,197.35000610351562,197.35000610351562,197.35000610351562,197.35000610351562,104.2969741821289,0
2017-08-15,UBL,198.0,200.0,194.0,194.86000061035156,102.98101806640625,1396200
2017-08-16,UBL,194.0,199.0,194.0,195.22000122070312,103.1712646484375,1362100
2017-08-17,UBL,198.4499969482422,198.4499969482422,190.0500030517578,191.5800018310547,101.24758911132812,474800
2017-08-18,UBL,191.0,195.0,188.5,191.0500030517578,100.96748352050781,1701000
2017-08-21,UBL,191.8800048828125,195.0,189.5500030517578,193.8800048828125,102.46309661865234,392800
2017-08-22,UBL,194.5,196.39999389648438,188.5,195.52999877929688,103.33509826660156,926200
2017-08-23,UBL,196.0,199.75,196.0,198.10000610351562,104.69334411621094,525000
2017-08-24,UBL,198.0,199.99000549316406,196.0,197.80999755859375,104.54004669189453,1709100
2017-08-25,UBL,197.5,199.0,193.00999450683594,198.66000366210938,104.98928833007812,403900
2017-08-28,UBL,197.00999450683594,198.0,192.0,192.5800018310547,101.77606964111328,818800
2017-08-29,UBL,190.5,197.3000030517578,182.9600067138672,188.69000244140625,99.72026062011719,1409100
2017-08-30,UBL,186.0,192.10000610351562,186.0,189.66000366210938,100.23287963867188,1057500
2017-08-31,UBL,189.33999633789062,189.99000549316406,183.1999969482422,186.1300048828125,98.36732482910156,4020100
2017-09-01,UBL,186.1300048828125,186.1300048828125,186.1300048828125,186.1300048828125,98.36732482910156,0
2017-09-04,UBL,186.1300048828125,186.1300048828125,186.1300048828125,186.1300048828125,98.36732482910156,0
2017-09-05,UBL,186.1300048828125,192.0,184.5,191.11000061035156,100.99919128417969,1298100
2017-09-06,UBL,192.5,195.0,187.05999755859375,190.14999389648438,100.49185943603516,824900
2017-09-07,UBL,191.0,193.0,190.0,192.1999969482422,101.57526397705078,2464500
2017-09-08,UBL,195.5,200.5,190.0,191.77999877929688,101.353271484375,2220200
2017-09-11,UBL,190.0,190.0,183.0,184.7899932861328,97.6591567993164,1193500
2017-09-12,UBL,184.5,188.99000549316406,183.0,184.30999755859375,97.40544891357422,1081500
2017-09-13,UBL,185.0,190.0,184.0,189.66000366210938,100.23287963867188,1112300
2017-09-14,UBL,188.00999450683594,191.0,187.0500030517578,190.27000427246094,100.55525207519531,508900
2017-09-15,UBL,190.9499969482422,191.5,188.0,189.64999389648438,100.22762298583984,2166900
2017-09-18,UBL,190.5,190.5,188.0,189.66000366210938,100.23287963867188,261900
2017-09-19,UBL,190.49000549316406,190.9499969482422,188.5,190.25,100.54467010498047,439400
2017-09-20,UBL,190.49000549316406,194.6999969482422,190.49000549316406,193.07000732421875,102.03506469726562,713100
2017-09-21,UBL,191.11000061035156,193.5,189.0,190.1699981689453,100.5024185180664,481300
2017-09-22,UBL,188.5500030517578,195.0,188.5500030517578,194.52000427246094,102.8013687133789,826500
2017-09-25,UBL,194.52000427246094,194.52000427246094,189.11000061035156,191.64999389648438,101.28458404541016,877800
2017-09-26,UBL,191.97000122070312,193.89999389648438,191.00999450683594,193.00999450683594,102.00332641601562,1113100
2017-09-27,UBL,192.00999450683594,192.5,190.0,190.6999969482422,100.78251647949219,586400
2017-09-28,UBL,190.50999450683594,192.5,190.0,191.83999633789062,101.38499450683594,1055100
2017-09-29,UBL,190.10000610351562,192.75,186.00999450683594,190.1699981689453,100.5024185180664,808700
2017-10-02,UBL,189.99000549316406,189.99000549316406,186.0,186.9199981689453,98.78482818603516,153300
2017-10-03,UBL,187.0,187.0,185.0,185.8800048828125,98.2352294921875,376400
2017-10-04,UBL,185.00999450683594,189.60000610351562,181.0,187.11000061035156,98.88526916503906,713200
2017-10-05,UBL,187.49000549316406,189.35000610351562,183.02999877929688,186.14999389648438,98.37788391113281,405000
2017-10-06,UBL,188.49000549316406,191.4499969482422,185.64999389648438,189.97999572753906,100.40200805664062,504800
2017-10-09,UBL,191.97000122070312,192.0,190.0,191.4600067138672,101.1842041015625,507200
2017-10-10,UBL,190.5,191.64999389648438,189.0500030517578,190.77999877929688,100.8248062133789,819100
2017-10-11,UBL,190.5,191.5,189.1300048828125,190.77999877929688,100.8248062133789,594800
2017-10-12,UBL,190.5,191.0,189.14999389648438,190.50999450683594,100.68212890625,1337300
2017-10-13,UBL,189.10000610351562,190.0,188.0,189.74000549316406,100.27517700195312,205400
2017-10-16,UBL,190.0,191.0500030517578,189.00999450683594,191.0,100.94107055664062,474400
2017-10-17,UBL,191.0,192.5,190.10000610351562,191.97999572753906,101.45899200439453,1745600
2017-10-18,UBL,191.5,194.5,190.25,192.82000732421875,101.90294647216797,501600
2017-10-19,UBL,192.5,193.10000610351562,188.99000549316406,192.00999450683594,101.47482299804688,630300
2017-10-20,UBL,191.10000610351562,196.0,189.5,193.69000244140625,102.36270141601562,328600
2017-10-23,UBL,192.0500030517578,197.0,192.0500030517578,193.99000549316406,102.5212631225586,2306200
2017-10-24,UBL,193.3000030517578,193.3000030517578,190.1199951171875,190.8300018310547,100.8512191772461,944400
2017-10-25,UBL,191.0,192.99000549316406,190.5,191.47999572753906,101.19473266601562,917600
2017-10-26,UBL,191.47000122070312,191.8000030517578,188.0500030517578,190.07000732421875,100.4495620727539,1762000
2017-10-27,UBL,190.0,190.50999450683594,188.2100067138672,188.9499969482422,99.85768127441406,3252300
2017-10-30,UBL,189.0,189.0,182.0,182.75999450683594,96.58634185791016,2086800
2017-10-31,UBL,183.0,183.0,177.25,179.08999633789062,94.64678192138672,3409600
2017-11-01,UBL,179.0,182.0,178.10000610351562,181.77000427246094,96.0631332397461,2139600
2017-11-02,UBL,180.10000610351562,183.5,180.10000610351562,181.7899932861328,96.07368469238281,461800
2017-11-03,UBL,181.7899932861328,182.0,180.6999969482422,181.8300018310547,96.09486389160156,955900
2017-11-06,UBL,182.88999938964844,182.88999938964844,180.5,180.52000427246094,95.40252685546875,391800
2017-11-07,UBL,180.5,181.89999389648438,179.41000366210938,179.66000366210938,94.94801330566406,688300
2017-11-08,UBL,180.4499969482422,180.99000549316406,179.64999389648438,180.44000244140625,95.36024475097656,872900
2017-11-09,UBL,180.0,181.0,178.0500030517578,179.44000244140625,94.83175659179688,3178900
2017-11-10,UBL,179.0,179.0,176.5,176.94000244140625,94.29882049560547,229800
2017-11-13,UBL,176.0,176.97999572753906,174.05999755859375,175.33999633789062,93.44608306884766,541500
2017-11-14,UBL,175.0,176.5,172.1999969482422,173.13999938964844,92.27361297607422,368400
2017-11-15,UBL,172.0,176.0,170.3000030517578,171.22999572753906,91.2557144165039,771900
2017-11-16,UBL,171.5,174.8000030517578,171.14999389648438,172.60000610351562,91.98583221435547,597400
2017-11-17,UBL,173.39999389648438,174.75,171.5500030517578,171.99000549316406,91.66075897216797,709600
2017-11-20,UBL,172.97000122070312,172.97000122070312,170.10000610351562,170.44000244140625,90.83470916748047,79100
2017-11-21,UBL,170.0,173.94000244140625,170.0,171.55999755859375,91.43157958984375,1582500
2017-11-22,UBL,172.5,172.60000610351562,170.3000030517578,171.44000244140625,91.36762237548828,1006400
2017-11-23,UBL,171.5,171.5,169.5,170.14999389648438,90.68013000488281,804300
2017-11-24,UBL,169.10000610351562,169.49000549316406,166.5500030517578,167.07000732421875,89.03868865966797,359200
2017-11-27,UBL,166.99000549316406,171.5,165.00999450683594,169.97000122070312,90.58421325683594,272300
2017-11-28,UBL,170.5,172.25,168.0,171.33999633789062,91.31434631347656,718800
2017-11-29,UBL,171.5,171.5,167.60000610351562,168.55999755859375,89.83274841308594,195200
2017-11-30,UBL,168.0,176.97999572753906,168.0,175.52999877929688,93.54736328125,2404300
2017-12-01,UBL,175.52999877929688,175.52999877929688,175.52999877929688,175.52999877929688,93.54736328125,0
2017-12-04,UBL,174.0,177.9499969482422,174.0,176.92999267578125,94.29347229003906,792500
2017-12-05,UBL,177.0,177.0,173.0,173.4499969482422,92.4388427734375,211900
2017-12-06,UBL,173.4499969482422,173.4499969482422,173.4499969482422,173.4499969482422,92.4388427734375,0
2017-12-07,UBL,171.10000610351562,171.10000610351562,163.0500030517578,163.39999389648438,87.0827407836914,1173800
2017-12-08,UBL,165.49000549316406,171.5500030517578,163.75999450683594,168.17999267578125,89.6302261352539,1108200
2017-12-11,UBL,168.0,171.5,167.0,167.99000549316406,89.52898406982422,653800
2017-12-12,UBL,168.5,168.5,162.1999969482422,167.24000549316406,89.12928009033203,754900
2017-12-13,UBL,166.5,171.5,165.5,166.0399932861328,88.48976135253906,1703300
2017-12-14,UBL,166.0399932861328,166.0399932861328,166.0399932861328,166.0399932861328,88.48976135253906,0
2017-12-15,UBL,164.00999450683594,169.5,162.00999450683594,164.99000549316406,87.9301528930664,2682600
2017-12-18,UBL,165.49000549316406,166.24000549316406,163.99000549316406,164.36000061035156,87.59440612792969,241000
2017-12-19,UBL,163.11000061035156,168.27000427246094,163.0,166.4199981689453,88.69223022460938,942200
2017-12-20,UBL,167.00999450683594,174.74000549316406,167.00999450683594,174.02999877929688,92.74796295166016,1173200
2017-12-21,UBL,174.25,180.5,172.60000610351562,179.86000061035156,95.85498046875,1627300
2017-12-22,UBL,179.5,184.0,177.14999389648438,182.8000030517578,97.4218521118164,1552300
2017-12-25,UBL,182.8000030517578,182.8000030517578,182.8000030517578,182.8000030517578,97.4218521118164,0
2017-12-26,UBL,182.5,182.5,178.0,179.11000061035156,95.4552993774414,550300
2017-12-27,UBL,178.3000030517578,184.0,178.3000030517578,182.17999267578125,97.09140014648438,1090500
2017-12-28,UBL,183.00999450683594,186.5,182.5,185.49000549316406,98.85545349121094,707200
2017-12-29,UBL,185.0,189.0,183.0,187.97000122070312,100.17715454101562,1329800
2018-01-01,UBL,185.0,190.5,183.0,190.05999755859375,101.29103088378906,371100
2018-01-02,UBL,189.99000549316406,197.00999450683594,189.0,195.49000549316406,104.18488311767578,1944700
2018-01-03,UBL,195.5,197.99000549316406,194.05999755859375,196.0800018310547,104.49934387207031,396500
2018-01-04,UBL,195.5,205.8800048828125,195.5,204.47999572753906,108.97604370117188,2886700
2018-01-05,UBL,201.5,212.0,201.5,210.4199981689453,112.1417236328125,2480200
2018-01-08,UBL,209.5,216.85000610351562,209.5,215.00999450683594,114.58795928955078,2047900
2018-01-09,UBL,211.5,214.0,205.99000549316406,210.3800048828125,112.12042236328125,1361700
2018-01-10,UBL,209.02000427246094,219.0,209.0,215.16000366210938,114.6678466796875,1570300
2018-01-11,UBL,215.0,216.97999572753906,209.60000610351562,213.91000366210938,114.00169372558594,3043100
2018-01-12,UBL,213.0,213.5,209.00999450683594,211.47999572753906,112.70663452148438,5063200
2018-01-15,UBL,210.00999450683594,210.75,205.5,206.55999755859375,110.08454895019531,1184700
2018-01-16,UBL,205.00999450683594,209.99000549316406,205.00999450683594,208.4199981689453,111.07583618164062,1498400
2018-01-17,UBL,208.0,210.5,206.00999450683594,209.8300018310547,111.82728576660156,1009500
2018-01-18,UBL,211.0,215.5,204.0,209.97000122070312,111.90189361572266,4103500
2018-01-19,UBL,210.5,214.5,208.5500030517578,213.88999938964844,113.99102783203125,1013300
2018-01-22,UBL,212.00999450683594,216.39999389648438,210.52000427246094,213.8000030517578,113.94305419921875,610400
2018-01-23,UBL,213.0,213.5,208.0,212.17999267578125,113.07971954345703,1045500
2018-01-24,UBL,212.60000610351562,214.8800048828125,209.11000061035156,213.13999938964844,113.59133911132812,2822800
2018-01-25,UBL,212.11000061035156,213.75,210.2100067138672,210.6199951171875,112.24829864501953,367400
2018-01-26,UBL,210.0,210.99000549316406,202.0,203.1699981689453,108.27788543701172,656300
2018-01-29,UBL,208.02999877929688,211.5,206.47999572753906,208.75,111.2516860961914,1428400
2018-01-30,UBL,208.75,208.75,208.75,208.75,111.2516860961914,0
2018-01-31,UBL,201.99000549316406,203.5,192.10000610351562,193.6300048828125,103.19358825683594,3387500
2018-02-01,UBL,193.0,195.39999389648438,190.25,190.82000732421875,101.69602966308594,1526300
2018-02-02,UBL,190.97000122070312,194.77999877929688,188.97999572753906,190.1699981689453,101.3496322631836,1405100
2018-02-05,UBL,190.1699981689453,190.1699981689453,190.1699981689453,190.1699981689453,101.3496322631836,0
2018-02-06,UBL,190.1699981689453,190.1699981689453,190.1699981689453,190.1699981689453,101.3496322631836,0
2018-02-07,UBL,190.5,195.0,190.5,194.24000549316406,103.51870727539062,1311100
2018-02-08,UBL,194.4499969482422,197.5,192.0,192.22000122070312,102.44219970703125,332100
2018-02-09,UBL,191.5,197.5,189.0,196.33999633789062,104.6379165649414,708400
2018-02-12,UBL,196.0,197.0,188.52000427246094,189.58999633789062,101.04051971435547,544800
2018-02-13,UBL,190.89999389648438,194.0,189.5500030517578,193.4499969482422,103.0976791381836,921600
2018-02-14,UBL,193.4499969482422,193.4499969482422,193.4499969482422,193.4499969482422,103.0976791381836,0
2018-02-15,UBL,197.0,197.5,195.11000061035156,197.1999969482422,105.09622955322266,358000
2018-02-16,UBL,197.14999389648438,206.0,196.5,203.5500030517578,108.4803695678711,926600
2018-02-19,UBL,203.11000061035156,205.0,201.5,202.33999633789062,107.83554077148438,323700
2018-02-20,UBL,202.97000122070312,203.9499969482422,198.02999877929688,200.72000122070312,106.97218322753906,1245000
2018-02-21,UBL,201.89999389648438,202.5,191.9499969482422,192.72999572753906,102.71400451660156,3105900
2018-02-22,UBL,189.0,200.0,185.9499969482422,198.07000732421875,105.55986022949219,2633100
2018-02-23,UBL,198.25,200.00999450683594,193.0,196.91000366210938,104.9416732788086,903600
2018-02-26,UBL,197.0,199.0,193.35000610351562,194.38999938964844,103.5986557006836,600100
2018-02-27,UBL,194.0,194.0,187.11000061035156,190.7100067138672,101.63742065429688,1289400
2018-02-28,UBL,191.0,194.88999938964844,188.02000427246094,188.66000366210938,100.54490661621094,2174400
2018-03-01,UBL,188.7100067138672,191.0500030517578,187.1300048828125,188.80999755859375,100.62483978271484,838600
2018-03-02,UBL,188.99000549316406,190.0,187.00999450683594,189.3699951171875,100.92328643798828,468400
2018-03-05,UBL,189.5,190.00999450683594,187.64999389648438,188.1699981689453,100.28375244140625,523100
2018-03-06,UBL,187.99000549316406,189.88999938964844,187.99000549316406,188.47000122070312,100.44364929199219,374500
2018-03-07,UBL,188.9499969482422,192.0,188.00999450683594,190.22000122070312,101.37625122070312,344700
2018-03-08,UBL,190.22999572753906,190.6999969482422,187.05999755859375,189.6199951171875,101.0565185546875,461100
2018-03-09,UBL,189.0,189.89999389648438,188.11000061035156,189.05999755859375,100.7580795288086,687500
2018-03-12,UBL,188.5,193.89999389648438,188.5,192.35000610351562,102.51143646240234,1025400
2018-03-13,UBL,192.5,194.5,191.8000030517578,193.44000244140625,103.09234619140625,1027000
2018-03-14,UBL,193.02000427246094,193.97000122070312,191.75,193.14999389648438,102.93781280517578,1379600
2018-03-15,UBL,192.1999969482422,192.5,190.1199951171875,190.77000427246094,101.66938781738281,188400
2018-03-16,UBL,190.77000427246094,191.00999450683594,188.0,188.92999267578125,100.68880462646484,756900
2018-03-19,UBL,188.5,190.1999969482422,187.0,188.86000061035156,100.65147399902344,350700
2018-03-20,UBL,188.1199951171875,198.3000030517578,188.1199951171875,197.7899932861328,105.41064453125,2525200
2018-03-21,UBL,195.7899932861328,199.00999450683594,194.1999969482422,196.82000732421875,105.96520233154297,1052300
2018-03-22,UBL,196.82000732421875,198.99000549316406,195.25,198.24000549316406,108.9438247680664,740700
2018-03-23,UBL,198.24000549316406,198.24000549316406,198.24000549316406,198.24000549316406,108.9438247680664,0
2018-03-26,UBL,195.52000427246094,203.5,195.0,201.8699951171875,110.9386978149414,698000
2018-03-27,UBL,201.0,203.75,199.05999755859375,202.6199951171875,111.3508529663086,622300
2018-03-28,UBL,201.00999450683594,203.0,200.55999755859375,201.77999877929688,110.88922119140625,1727400
2018-03-29,UBL,201.0500030517578,206.5,200.5,205.82000732421875,113.10942077636719,727800
2018-03-30,UBL,207.49000549316406,210.49000549316406,206.0,208.88999938964844,114.7965316772461,717000
2018-04-02,UBL,205.88999938964844,205.88999938964844,202.0,203.3300018310547,111.74102783203125,789800
2018-04-03,UBL,201.36000061035156,205.49000549316406,201.36000061035156,203.67999267578125,111.93336486816406,431200
2018-04-04,UBL,203.5,208.0,202.5,206.3300018310547,113.38969421386719,558900
2018-04-05,UBL,206.8000030517578,215.39999389648438,206.0,211.42999267578125,116.1923828125,1742100
2018-04-06,UBL,211.5,219.6999969482422,210.00999450683594,211.1199951171875,116.0220718383789,2211000
2018-04-09,UBL,210.0,213.25,210.0,211.7100067138672,116.3463134765625,896300
2018-04-10,UBL,210.75,211.44000244140625,209.0,210.38999938964844,115.62089538574219,269700
2018-04-11,UBL,210.0,212.0,205.5,206.3699951171875,113.41165924072266,1053300
2018-04-12,UBL,206.11000061035156,208.4499969482422,205.5,208.00999450683594,114.31293487548828,363400
2018-04-13,UBL,207.0800018310547,208.0,204.0,204.50999450683594,112.3895034790039,2546800
2018-04-16,UBL,204.97000122070312,205.74000549316406,202.5500030517578,203.5500030517578,111.86193084716797,411800
2018-04-17,UBL,204.97000122070312,205.02000427246094,199.0,201.6300048828125,110.80677032470703,781200
2018-04-18,UBL,202.49000549316406,202.49000549316406,199.0,201.3000030517578,110.62543487548828,574800
2018-04-19,UBL,195.10000610351562,201.0,194.36000061035156,200.02999877929688,109.92747497558594,948600
2018-04-20,UBL,200.99000549316406,201.0,193.64999389648438,195.64999389648438,107.52044677734375,416900
2018-04-23,UBL,194.5,197.60000610351562,194.5,195.86000061035156,107.63584899902344,308200
2018-04-24,UBL,195.9600067138672,200.0,195.55999755859375,199.58999633789062,109.68566131591797,367200
2018-04-25,UBL,198.3000030517578,201.0,197.5,198.30999755859375,108.98223876953125,139100
2018-04-26,UBL,198.0,199.6999969482422,195.99000549316406,197.00999450683594,108.26783752441406,1080400
2018-04-27,UBL,197.5,202.0,197.5,199.83999633789062,109.82305145263672,1849400
2018-04-30,UBL,200.5,204.0,199.0500030517578,201.10000610351562,110.51551055908203,806700
2018-05-01,UBL,201.10000610351562,201.10000610351562,201.10000610351562,201.10000610351562,110.51551055908203,0
2018-05-02,UBL,200.00999450683594,200.00999450683594,196.14999389648438,196.97999572753906,108.25132751464844,532500
2018-05-03,UBL,197.0,197.0,190.1999969482422,192.0500030517578,105.54204559326172,754400
2018-05-04,UBL,193.0,193.0,184.1999969482422,186.10000610351562,102.27216339111328,1350500
2018-05-07,UBL,186.0,186.0,180.5399932861328,181.75,99.88162994384766,568600
2018-05-08,UBL,182.0,182.0,179.0,180.14999389648438,99.0023193359375,906700
2018-05-09,UBL,178.5,179.7899932861328,173.10000610351562,175.89999389648438,97.47836303710938,913500
2018-05-10,UBL,176.5,178.0,174.0,174.4499969482422,96.6748275756836,1167400
2018-05-11,UBL,174.0500030517578,176.5,174.0,175.22000122070312,97.10153198242188,111600
2018-05-14,UBL,175.97999572753906,175.97999572753906,171.0,171.83999633789062,95.22843933105469,382800
2018-05-15,UBL,173.5,173.5,169.5,171.92999267578125,95.27830505371094,903900
2018-05-16,UBL,172.6999969482422,172.97999572753906,168.1999969482422,169.3800048828125,93.86518096923828,522700
2018-05-17,UBL,168.05999755859375,169.88999938964844,165.19000244140625,165.47999572753906,91.70392608642578,661600
2018-05-18,UBL,167.0,168.0,165.17999267578125,166.5399932861328,92.29136657714844,471800
2018-05-21,UBL,167.0,170.0,167.0,169.02000427246094,93.66570281982422,784400
2018-05-22,UBL,170.14999389648438,175.0,170.0,172.75999450683594,95.73828125,3729300
2018-05-23,UBL,173.0500030517578,173.5,170.5,171.60000610351562,95.095458984375,1039700
2018-05-24,UBL,170.99000549316406,172.5,170.0500030517578,171.27000427246094,94.91255950927734,372900
2018-05-25,UBL,172.39999389648438,172.5,168.0,170.05999755859375,94.24202728271484,457000
2018-05-28,UBL,172.99000549316406,173.50999450683594,167.5,169.38999938964844,93.87074279785156,1102300
2018-05-29,UBL,168.94000244140625,171.5,168.0500030517578,170.00999450683594,94.21430206298828,2247700
2018-05-30,UBL,171.0,172.0,167.25999450683594,168.83999633789062,93.56594848632812,778000
2018-05-31,UBL,169.39999389648438,171.0,167.05999755859375,169.1199951171875,93.72113037109375,2589500
2018-06-01,UBL,169.11000061035156,170.0,167.52999877929688,169.08999633789062,93.70446014404297,1700400
2018-06-04,UBL,169.49000549316406,173.75,167.88999938964844,171.10000610351562,94.818359375,2392900
2018-06-05,UBL,171.99000549316406,174.60000610351562,171.10000610351562,173.17999267578125,95.97103881835938,4286700
2018-06-06,UBL,173.49000549316406,181.8300018310547,173.3000030517578,181.6699981689453,100.6759262084961,5163200
2018-06-07,UBL,181.5,187.75,181.5,182.47000122070312,101.1192626953125,2143000
2018-06-08,UBL,182.47000122070312,182.47000122070312,182.47000122070312,182.47000122070312,101.1192626953125,0
2018-06-11,UBL,182.47000122070312,187.0,182.47000122070312,185.42999267578125,102.75958251953125,2255600
2018-06-12,UBL,185.50999450683594,187.0,178.5,179.00999450683594,99.20183563232422,1668900
2018-06-13,UBL,179.5,183.5,178.5,180.5399932861328,100.04971313476562,671300
2018-06-14,UBL,180.0,181.85000610351562,178.0,179.86000061035156,99.67286682128906,1159300
2018-06-15,UBL,179.86000061035156,179.86000061035156,179.86000061035156,179.86000061035156,99.67286682128906,0
2018-06-19,UBL,179.39999389648438,181.58999633789062,178.5,179.9600067138672,99.7282943725586,1605900
2018-06-20,UBL,179.5,180.0,174.0,175.0399932861328,97.00179290771484,846700
2018-06-21,UBL,174.0,174.0,168.0,168.72999572753906,93.50497436523438,1779000
2018-06-22,UBL,170.10000610351562,170.5,165.14999389648438,169.1300048828125,93.72663116455078,2969200
2018-06-25,UBL,169.0,173.0,168.0,170.1699981689453,94.302978515625,1033400
2018-06-26,UBL,170.1699981689453,172.97999572753906,169.0,170.0399932861328,94.23096466064453,1374600
2018-06-27,UBL,170.00999450683594,174.0,167.75,170.6999969482422,94.59667205810547,1269400
2018-06-28,UBL,170.00999450683594,171.89999389648438,167.99000549316406,169.27999877929688,93.80975341796875,993400
2018-06-29,UBL,169.0,170.49000549316406,168.1999969482422,168.97999572753906,93.64351654052734,942800
2018-07-02,UBL,170.0,170.5,166.49000549316406,167.1999969482422,92.65711212158203,437100
2018-07-03,UBL,167.0500030517578,167.0500030517578,164.11000061035156,164.7899932861328,91.3215560913086,553600
2018-07-04,UBL,164.0,164.00999450683594,158.0,160.07000732421875,88.70588684082031,1517700
2018-07-05,UBL,160.3000030517578,162.4499969482422,158.61000061035156,161.0500030517578,89.24893188476562,1344700
2018-07-06,UBL,160.5,162.5,159.99000549316406,161.3300018310547,89.40414428710938,701300
2018-07-09,UBL,160.5500030517578,160.5500030517578,153.27000427246094,153.52999877929688,85.08160400390625,3602400
2018-07-10,UBL,153.0,159.75,148.52000427246094,155.27000427246094,86.04588317871094,3459300
2018-07-11,UBL,155.5,156.5,150.50999450683594,152.82000732421875,84.68816375732422,4058200
2018-07-12,UBL,153.0,154.0,150.64999389648438,152.57000732421875,84.54961395263672,4483700
2018-07-13,UBL,152.5,160.19000244140625,152.5,160.19000244140625,88.77237701416016,3184000
2018-07-16,UBL,165.0,166.85000610351562,159.02999877929688,164.82000732421875,91.33817291259766,2430100
2018-07-17,UBL,164.0,166.1999969482422,161.0,165.08999633789062,91.48778533935547,365800
2018-07-18,UBL,166.5,173.33999633789062,166.5,172.47999572753906,95.5831298828125,1476700
2018-07-19,UBL,177.0,180.0,175.1199951171875,179.10000610351562,99.25173950195312,2177800
2018-07-20,UBL,179.0,179.3699951171875,175.0,177.16000366210938,98.17664337158203,1196500
2018-07-23,UBL,174.14999389648438,176.5,173.25,174.22999572753906,96.55290985107422,341200
2018-07-24,UBL,175.5,179.0,172.75,176.47999572753906,97.7997817993164,1375500
2018-07-25,UBL,176.47999572753906,176.47999572753906,176.47999572753906,176.47999572753906,97.7997817993164,0
2018-07-26,UBL,184.0,184.0,178.00999450683594,181.52999877929688,100.59832763671875,1876400
2018-07-27,UBL,181.60000610351562,188.0,180.00999450683594,186.02999877929688,103.0921401977539,2330100
2018-07-30,UBL,187.5500030517578,189.0,183.89999389648438,184.2899932861328,102.12783813476562,1935400
2018-07-31,UBL,183.88999938964844,183.88999938964844,175.0800018310547,175.39999389648438,97.2012710571289,1923300
2018-08-01,UBL,176.0,176.99000549316406,171.02000427246094,172.97999572753906,95.8602066040039,856000
2018-08-02,UBL,174.0,174.0,164.33999633789062,165.1699981689453,91.53215026855469,3742300
2018-08-03,UBL,164.0,166.0,161.50999450683594,165.24000549316406,91.57093048095703,2129300
2018-08-06,UBL,165.5,168.5,164.5,166.97999572753906,92.53518676757812,737800
2018-08-07,UBL,167.6999969482422,169.39999389648438,164.60000610351562,165.08999633789062,91.48778533935547,1191700
2018-08-08,UBL,163.39999389648438,166.5,163.39999389648438,163.77000427246094,90.75630187988281,1566800
2018-08-09,UBL,165.88999938964844,165.88999938964844,160.1999969482422,161.6300048828125,89.57036590576172,604100
2018-08-10,UBL,162.10000610351562,165.5,161.8000030517578,163.77999877929688,90.76183319091797,2527800
2018-08-13,UBL,164.99000549316406,165.5,162.25,162.8699951171875,90.25753784179688,483600
2018-08-14,UBL,162.8699951171875,162.8699951171875,162.8699951171875,162.8699951171875,90.25753784179688,0
2018-08-15,UBL,162.75,164.99000549316406,161.2100067138672,161.9600067138672,89.75325775146484,217800
2018-08-16,UBL,161.1999969482422,161.89999389648438,159.0,160.0,88.66709899902344,733600
2018-08-17,UBL,161.5,164.39999389648438,161.49000549316406,163.77000427246094,90.75630187988281,495900
2018-08-20,UBL,165.0,166.0,161.5,162.0800018310547,89.81976318359375,464900
2018-08-21,UBL,162.0800018310547,162.0800018310547,162.0800018310547,162.0800018310547,89.81976318359375,0
2018-08-22,UBL,162.0800018310547,162.0800018310547,162.0800018310547,162.0800018310547,89.81976318359375,0
2018-08-23,UBL,162.0800018310547,162.0800018310547,162.0800018310547,162.0800018310547,89.81976318359375,0
2018-08-24,UBL,160.3000030517578,163.89999389648438,160.3000030517578,162.55999755859375,90.08576202392578,151100
2018-08-27,UBL,163.0,165.0,162.5,162.97999572753906,90.31851196289062,671500
2018-08-28,UBL,162.97999572753906,163.88999938964844,161.25999450683594,162.02000427246094,89.7864990234375,516000
2018-08-29,UBL,162.4499969482422,162.4499969482422,158.00999450683594,159.99000549316406,88.66156005859375,603300
2018-08-30,UBL,159.97999572753906,160.0,159.10000610351562,159.63999938964844,88.46758270263672,258200
2018-08-31,UBL,160.0,160.0,157.3000030517578,158.02999877929688,87.57535552978516,1215600
2018-09-03,UBL,158.1999969482422,159.25,157.0500030517578,158.1999969482422,87.66956329345703,473200
2018-09-04,UBL,159.0,160.49000549316406,156.0500030517578,157.64999389648438,87.36479949951172,522500
2018-09-05,UBL,158.0,159.88999938964844,156.89999389648438,158.1699981689453,87.6529541015625,2564500
2018-09-06,UBL,158.0,162.60000610351562,157.55999755859375,160.52000427246094,88.95524597167969,1044500
2018-09-07,UBL,160.0,160.0,157.25,157.91000366210938,88.33433532714844,252200
2018-09-10,UBL,161.0,161.0,156.00999450683594,157.13999938964844,87.90357971191406,169600
2018-09-11,UBL,158.5,158.5,155.5,156.33999633789062,87.45604705810547,869500
2018-09-12,UBL,157.0,157.0,153.6999969482422,154.0,86.14707946777344,484700
2018-09-13,UBL,154.99000549316406,157.0,152.99000549316406,156.2100067138672,87.38334655761719,706800
2018-09-14,UBL,157.0,157.0,152.5500030517578,154.61000061035156,86.48831176757812,1130800
2018-09-17,UBL,152.0500030517578,153.5,149.89999389648438,151.50999450683594,84.75416564941406,476300
2018-09-18,UBL,152.5,156.9499969482422,151.0,154.0500030517578,86.17505645751953,983100
2018-09-19,UBL,154.5,155.0,153.0,154.10000610351562,86.20301818847656,714500
2018-09-20,UBL,154.10000610351562,154.10000610351562,154.10000610351562,154.10000610351562,86.20301818847656,0
2018-09-21,UBL,154.10000610351562,154.10000610351562,154.10000610351562,154.10000610351562,86.20301818847656,0
2018-09-24,UBL,153.75,156.0,153.1199951171875,153.8699951171875,86.07435607910156,1323500
2018-09-25,UBL,154.39999389648438,155.0,153.25,153.47000122070312,85.8506088256836,974600
2018-09-26,UBL,153.0500030517578,155.99000549316406,151.55999755859375,154.7899932861328,86.5889892578125,961800
2018-09-27,UBL,154.5,156.88999938964844,153.25,153.97000122070312,86.13032531738281,805600
2018-09-28,UBL,155.8000030517578,155.8000030517578,153.10000610351562,154.0,86.14707946777344,3359800
2018-10-01,UBL,154.9499969482422,155.0,153.0500030517578,153.4600067138672,85.84501647949219,306400
2018-10-02,UBL,153.75,153.75,151.3000030517578,151.5800018310547,84.79334259033203,204200
2018-10-03,UBL,151.00999450683594,151.4499969482422,150.1199951171875,150.77999877929688,84.3458023071289,226000
2018-10-04,UBL,150.77999877929688,152.0,148.97999572753906,150.44000244140625,84.15562438964844,513600
2018-10-05,UBL,151.0,151.0,144.3000030517578,144.97999572753906,81.10131072998047,1318400
2018-10-08,UBL,145.0,145.0,137.74000549316406,137.74000549316406,77.05128479003906,4057600
2018-10-09,UBL,138.0,142.5,135.0,137.7899932861328,77.07923889160156,5389200
2018-10-10,UBL,139.5399932861328,143.88999938964844,138.0,141.72999572753906,79.28327941894531,3443100
2018-10-11,UBL,140.02000427246094,142.5,139.0,139.5800018310547,78.08057403564453,2904700
2018-10-12,UBL,138.99000549316406,139.25,132.75,136.92999267578125,76.59818267822266,3368800
2018-10-15,UBL,139.77999877929688,139.77999877929688,133.02000427246094,136.8800048828125,76.57019805908203,2241600
2018-10-16,UBL,136.25,140.0,132.1999969482422,133.02999877929688,74.41653442382812,1275000
2018-10-17,UBL,134.99000549316406,138.9499969482422,133.5500030517578,136.94000244140625,76.60377502441406,2672200
2018-10-18,UBL,136.10000610351562,139.0,134.50999450683594,137.57000732421875,76.95620727539062,2579000
2018-10-19,UBL,135.10000610351562,139.99000549316406,134.5,139.13999938964844,77.83445739746094,2760600
2018-10-22,UBL,139.49000549316406,141.88999938964844,137.5,138.10000610351562,77.25267791748047,1356600
2018-10-23,UBL,138.0,138.0,134.02000427246094,136.02999877929688,76.09471130371094,671800
2018-10-24,UBL,140.0,142.8300018310547,139.0,142.8300018310547,79.89861297607422,4291200
2018-10-25,UBL,143.60000610351562,145.5,138.0,141.66000366210938,79.24413299560547,4673700
2018-10-26,UBL,138.25,145.0,138.10000610351562,144.0399932861328,80.57548522949219,5413800
2018-10-29,UBL,145.52000427246094,151.24000549316406,145.52000427246094,150.5500030517578,84.21715545654297,3103200
2018-10-30,UBL,150.97000122070312,152.6999969482422,149.0,151.44000244140625,84.71503448486328,3593700
2018-10-31,UBL,150.0,151.88999938964844,147.10000610351562,149.8800048828125,83.84236145019531,1572400
2018-11-01,UBL,148.0,149.64999389648438,146.3000030517578,147.4600067138672,82.48861694335938,867600
2018-11-02,UBL,147.5500030517578,154.47999572753906,145.0,151.1999969482422,84.58077239990234,2230900
2018-11-05,UBL,151.0,151.10000610351562,147.0,148.44000244140625,83.03683471679688,621500
2018-11-06,UBL,145.50999450683594,149.89999389648438,142.0,145.35000610351562,81.30828857421875,1422900
2018-11-07,UBL,147.9499969482422,150.0,146.0500030517578,147.5,82.51101684570312,1004100
2018-11-08,UBL,146.99000549316406,146.99000549316406,140.14999389648438,141.30999755859375,79.58792114257812,941900
2018-11-09,UBL,140.0,142.0,139.0,140.0800018310547,78.89515686035156,1455500
2018-11-12,UBL,139.75,141.0,136.25,137.0500030517578,77.1886215209961,867800
2018-11-13,UBL,137.9499969482422,138.5,134.2100067138672,137.08999633789062,77.21113586425781,954400
2018-11-14,UBL,131.0,136.25,130.24000549316406,131.27999877929688,73.93888092041016,9128400
2018-11-15,UBL,131.49000549316406,137.83999633789062,130.11000061035156,137.83999633789062,77.63355255126953,4687800
2018-11-16,UBL,140.74000549316406,143.8800048828125,139.5,142.5500030517578,80.28629302978516,3766400
2018-11-19,UBL,142.9499969482422,142.99000549316406,140.55999755859375,140.97999572753906,79.40203857421875,1814200
2018-11-20,UBL,141.3000030517578,143.5,139.7100067138672,140.64999389648438,79.21619415283203,506300
2018-11-21,UBL,140.64999389648438,140.64999389648438,140.64999389648438,140.64999389648438,79.21619415283203,0
2018-11-22,UBL,139.75,140.0,136.5,137.33999633789062,77.3519515991211,1282800
2018-11-23,UBL,136.05999755859375,139.5,136.05999755859375,139.1300048828125,78.36011505126953,1035100
2018-11-26,UBL,141.0,144.0,139.0,139.91000366210938,78.7994155883789,2649700
2018-11-27,UBL,140.0,146.0,137.0,145.3000030517578,81.83515167236328,7008000
2018-11-28,UBL,146.0,146.9499969482422,143.6199951171875,143.94000244140625,81.06917572021484,2288000
2018-11-29,UBL,143.50999450683594,146.14999389648438,141.6199951171875,143.8300018310547,81.00721740722656,2788100
2018-11-30,UBL,144.5,151.02000427246094,139.67999267578125,141.52999877929688,79.71180725097656,52062300
2018-12-03,UBL,144.0,144.3000030517578,134.9499969482422,140.72999572753906,79.26124572753906,8530300
2018-12-04,UBL,140.5,145.39999389648438,140.0,143.9199981689453,81.05790710449219,3007700
2018-12-05,UBL,144.0,144.0,139.99000549316406,142.60000610351562,80.314453125,1686000
2018-12-06,UBL,142.8000030517578,142.89999389648438,139.0,139.9600067138672,78.82759094238281,1107300
2018-12-07,UBL,141.0,141.0,137.50999450683594,140.02000427246094,78.86135864257812,977700
2018-12-10,UBL,141.25,144.3000030517578,141.0,142.3000030517578,80.14549255371094,1203300
2018-12-11,UBL,142.0,142.0,139.39999389648438,140.92999267578125,79.3739013671875,693800
2018-12-12,UBL,140.0,141.47999572753906,136.11000061035156,137.02000427246094,77.17170715332031,1616900
2018-12-13,UBL,137.6999969482422,138.3000030517578,134.89999389648438,136.4199981689453,76.83380126953125,607000
2018-12-14,UBL,137.89999389648438,141.75,137.0,140.0500030517578,78.8782730102539,519600
2018-12-17,UBL,139.50999450683594,139.75,137.85000610351562,138.64999389648438,78.08975219726562,246300
2018-12-18,UBL,138.64999389648438,138.64999389648438,137.1999969482422,137.80999755859375,77.61666107177734,494300
2018-12-19,UBL,137.1999969482422,141.39999389648438,137.0,138.6699981689453,78.10101318359375,283600
2018-12-20,UBL,139.0,140.89999389648438,137.97999572753906,138.77000427246094,78.15736389160156,506100
2018-12-21,UBL,137.52000427246094,140.0,135.39999389648438,139.39999389648438,78.51216888427734,566700
2018-12-24,UBL,139.00999450683594,139.39999389648438,137.0,138.07000732421875,77.76312255859375,108200
2018-12-25,UBL,138.07000732421875,138.07000732421875,138.07000732421875,138.07000732421875,77.76312255859375,0
2018-12-26,UBL,138.10000610351562,138.5,135.52000427246094,135.7899932861328,76.47895812988281,536300
2018-12-27,UBL,136.6699981689453,137.0800018310547,131.5,132.75999450683594,74.77243041992188,796100
2018-12-28,UBL,131.99000549316406,131.99000549316406,127.6500015258789,128.25999450683594,72.23795318603516,3164400
2018-12-31,UBL,129.0,129.0,121.8499984741211,122.63999938964844,69.07269287109375,12632400
2019-01-01,UBL,125.0,128.77000427246094,124.9000015258789,128.64999389648438,72.45761108398438,1058600
2019-01-02,UBL,129.0,135.0800018310547,127.5,129.7100067138672,73.05461883544922,2046300
2019-01-03,UBL,131.0,134.0,128.61000061035156,131.55999755859375,74.09657287597656,498900
2019-01-04,UBL,131.52000427246094,134.49000549316406,129.0,131.38999938964844,74.00080108642578,907300
2019-01-07,UBL,134.0,137.9499969482422,133.47999572753906,137.9499969482422,77.69550323486328,1357700
2019-01-08,UBL,138.6999969482422,141.38999938964844,136.3000030517578,137.75999450683594,77.58849334716797,2143100
2019-01-09,UBL,138.0,139.49000549316406,136.0,136.8000030517578,77.04781341552734,610100
2019-01-10,UBL,137.99000549316406,139.97999572753906,136.0800018310547,138.33999633789062,77.91516876220703,427800
2019-01-11,UBL,138.10000610351562,138.97999572753906,135.64999389648438,137.9199981689453,77.67862701416016,967900
2019-01-14,UBL,138.94000244140625,141.0,137.61000061035156,140.1199951171875,78.91768646240234,1333100
2019-01-15,UBL,140.0,142.5,139.5,141.0,79.41331481933594,931300
2019-01-16,UBL,141.97000122070312,142.0,139.0,139.5800018310547,78.61354064941406,378900
2019-01-17,UBL,139.97999572753906,141.0,137.9600067138672,140.35000610351562,79.04723358154297,524700
2019-01-18,UBL,140.97999572753906,140.97999572753906,139.10000610351562,139.27999877929688,78.44458770751953,373400
2019-01-21,UBL,139.67999267578125,143.88999938964844,139.67999267578125,142.2899932861328,80.1398696899414,1658900
2019-01-22,UBL,141.6999969482422,145.5500030517578,141.64999389648438,144.91000366210938,81.6155014038086,2486400
2019-01-23,UBL,145.0,147.8000030517578,145.0,146.64999389648438,82.59549713134766,3965900
2019-01-24,UBL,149.0,150.0,147.75,148.41000366210938,83.58673858642578,3252000
2019-01-25,UBL,148.0,153.8000030517578,148.0,153.13999938964844,86.2507553100586,3446300
2019-01-28,UBL,153.3000030517578,154.8000030517578,151.32000732421875,152.74000549316406,86.0254898071289,977900
2019-01-29,UBL,152.39999389648438,153.0,150.32000732421875,152.63999938964844,85.96915435791016,1290700
2019-01-30,UBL,152.97000122070312,153.60000610351562,152.02999877929688,152.6300048828125,85.96351623535156,722400
2019-01-31,UBL,152.69000244140625,153.97000122070312,152.00999450683594,152.66000366210938,85.98041534423828,746900
2019-02-01,UBL,152.97999572753906,157.0,152.97999572753906,156.6699981689453,88.23890686035156,2386600
2019-02-04,UBL,156.86000061035156,159.5,155.05999755859375,157.58999633789062,88.7570571899414,1535500
2019-02-05,UBL,157.58999633789062,157.58999633789062,157.58999633789062,157.58999633789062,88.7570571899414,0
2019-02-06,UBL,157.5,157.6199951171875,155.75,155.97999572753906,87.85028076171875,2113700
2019-02-07,UBL,156.0,156.9499969482422,153.99000549316406,154.2899932861328,86.89844512939453,936200
2019-02-08,UBL,154.89999389648438,155.5,149.8000030517578,152.08999633789062,85.65937805175781,1346300
2019-02-11,UBL,155.0,155.0,148.0,148.83999633789062,83.82890319824219,1452200
2019-02-12,UBL,147.5,151.77999877929688,147.25999450683594,149.6199951171875,84.26822662353516,1022800
2019-02-13,UBL,149.97999572753906,151.10000610351562,145.0500030517578,146.27000427246094,82.38146209716797,2165100
2019-02-14,UBL,147.0,150.99000549316406,145.1199951171875,150.52000427246094,84.77513122558594,1795400
2019-02-15,UBL,148.0,153.89999389648438,148.0,153.72999572753906,86.58304595947266,1213900
2019-02-18,UBL,153.9499969482422,154.50999450683594,150.02000427246094,151.77000427246094,85.4791488647461,980700
2019-02-19,UBL,153.0,153.0,150.0,150.14999389648438,84.56671905517578,404600
2019-02-20,UBL,150.0500030517578,157.64999389648438,149.6199951171875,157.47000122070312,88.6894760131836,4544800
2019-02-21,UBL,157.97999572753906,158.97999572753906,149.60000610351562,149.60000610351562,84.2569808959961,5065300
2019-02-22,UBL,142.1199951171875,144.00999450683594,142.1199951171875,142.1199951171875,80.04411315917969,4037100
2019-02-25,UBL,138.0,140.39999389648438,136.75,137.2100067138672,77.27873229980469,4505600
2019-02-26,UBL,136.0,138.60000610351562,133.25999450683594,134.57000732421875,75.7918472290039,2443100
2019-02-27,UBL,133.97999572753906,136.49000549316406,128.99000549316406,134.8300018310547,75.93827819824219,2417000
2019-02-28,UBL,136.00999450683594,137.9499969482422,132.89999389648438,135.89999389648438,76.54090881347656,1006200
2019-03-01,UBL,136.38999938964844,140.0,136.38999938964844,139.25,78.42770385742188,1271000
2019-03-04,UBL,139.88999938964844,142.0,139.10000610351562,141.49000549316406,79.68930053710938,875400
2019-03-05,UBL,141.97999572753906,142.14999389648438,139.89999389648438,140.42999267578125,79.09227752685547,424500
2019-03-06,UBL,141.1999969482422,141.1999969482422,138.75,139.97000122070312,78.83320617675781,496100
2019-03-07,UBL,140.25,140.89999389648438,137.5,138.14999389648438,77.80815887451172,530400
2019-03-08,UBL,137.9499969482422,138.0,136.5500030517578,137.44000244140625,77.40828704833984,203600
2019-03-11,UBL,140.89999389648438,140.89999389648438,137.99000549316406,139.1999969482422,78.39952087402344,643700
2019-03-12,UBL,139.10000610351562,139.94000244140625,137.5,138.64999389648438,78.08975219726562,475700
2019-03-13,UBL,138.0,140.38999938964844,138.0,140.00999450683594,78.85575866699219,203300
2019-03-14,UBL,139.89999389648438,140.5,138.5,138.92999267578125,78.24746704101562,319200
2019-03-15,UBL,139.97999572753906,139.97999572753906,136.60000610351562,137.39999389648438,77.3857421875,549200
2019-03-18,UBL,134.99000549316406,138.8800048828125,133.50999450683594,137.7100067138672,78.41641998291016,363600
2019-03-19,UBL,139.0,139.0,134.5,135.49000549316406,77.15228271484375,601200
2019-03-20,UBL,136.75,136.75,133.10000610351562,136.38999938964844,77.66476440429688,244600
2019-03-21,UBL,135.99000549316406,137.39999389648438,135.02000427246094,136.82000732421875,77.90962219238281,336300
2019-03-22,UBL,137.1999969482422,137.75,136.39999389648438,137.27000427246094,78.16585540771484,140900
2019-03-25,UBL,137.0,137.9499969482422,135.25,137.02999877929688,78.02921295166016,214100
2019-03-26,UBL,137.0,137.89999389648438,136.0,137.25,78.15447235107422,149500
2019-03-27,UBL,137.5,142.0,137.5,140.64999389648438,80.09054565429688,604100
2019-03-28,UBL,140.02000427246094,140.9499969482422,137.07000732421875,137.8300018310547,78.48475646972656,353500
2019-03-29,UBL,138.0,140.0,136.39999389648438,139.52999877929688,79.45279693603516,864300
2019-04-01,UBL,139.25,139.99000549316406,137.5,138.97999572753906,79.13958740234375,209800
2019-04-02,UBL,139.0,139.75,136.0500030517578,137.8000030517578,78.4676742553711,281900
2019-04-03,UBL,137.99000549316406,138.49000549316406,135.13999938964844,136.42999267578125,77.68755340576172,278800
2019-04-04,UBL,137.0,137.0,132.0,132.8000030517578,75.62049865722656,616800
2019-04-05,UBL,133.00999450683594,133.89999389648438,131.60000610351562,132.72000122070312,75.574951171875,531400
2019-04-08,UBL,132.5500030517578,132.5500030517578,130.02000427246094,131.0800018310547,74.64108276367188,968400
2019-04-09,UBL,131.85000610351562,136.88999938964844,130.0,134.6199951171875,76.65687561035156,368600
2019-04-10,UBL,134.0,135.94000244140625,131.5,133.86000061035156,76.22411346435547,314300
2019-04-11,UBL,134.0,135.5399932861328,133.3000030517578,133.85000610351562,76.21841430664062,146800
2019-04-12,UBL,135.39999389648438,137.9499969482422,133.27999877929688,134.3000030517578,76.47465515136719,782900
2019-04-15,UBL,134.5,139.0,133.10000610351562,134.27999877929688,76.46326446533203,1918000
2019-04-16,UBL,134.10000610351562,137.25,134.10000610351562,135.99000549316406,77.43701171875,1266800
2019-04-17,UBL,136.0,138.0,132.50999450683594,134.3300018310547,76.49175262451172,1905300
2019-04-18,UBL,135.5,137.99000549316406,135.0,137.0,78.01211547851562,786100
2019-04-19,UBL,137.5,143.85000610351562,136.5,139.8699951171875,79.6463851928711,3645200
2019-04-22,UBL,142.49000549316406,142.49000549316406,137.5,138.97999572753906,79.13958740234375,404300
2019-04-23,UBL,137.17999267578125,139.9499969482422,137.17999267578125,139.22000122070312,79.27623748779297,2138800
2019-04-24,UBL,139.5,144.67999267578125,139.5,143.2899932861328,81.59385681152344,3762200
2019-04-25,UBL,144.0,149.99000549316406,144.0,147.91000366210938,84.22461700439453,2213400
2019-04-26,UBL,148.0,149.5500030517578,145.5,147.08999633789062,83.75767517089844,763100
2019-04-29,UBL,147.25,149.0,145.52000427246094,146.14999389648438,83.222412109375,472100
2019-04-30,UBL,145.5,149.39999389648438,145.5,147.9199981689453,84.23030853271484,1323100
2019-05-01,UBL,147.9199981689453,147.9199981689453,147.9199981689453,147.9199981689453,84.23030853271484,0
2019-05-02,UBL,148.9499969482422,149.0,146.25,146.85000610351562,83.62100982666016,86100
2019-05-03,UBL,146.85000610351562,146.85000610351562,146.85000610351562,146.85000610351562,83.62100982666016,0
2019-05-06,UBL,145.5,146.99000549316406,141.16000366210938,142.67999267578125,81.24649047851562,2398800
2019-05-07,UBL,143.39999389648438,149.5,143.0,147.89999389648438,84.21891021728516,1341000
2019-05-08,UBL,151.0,151.0,147.10000610351562,148.89999389648438,84.78834533691406,3023300
2019-05-09,UBL,149.0,151.0,145.8300018310547,146.6300048828125,83.49574279785156,676900
2019-05-10,UBL,146.9499969482422,148.0,145.02999877929688,145.3699951171875,82.77825164794922,204100
2019-05-13,UBL,145.99000549316406,150.5,145.0,145.11000061035156,82.63021087646484,2946400
2019-05-14,UBL,148.0,149.88999938964844,146.0,147.27999877929688,83.86587524414062,813500
2019-05-15,UBL,148.5,150.0,146.5,147.25999450683594,83.85448455810547,1061600
2019-05-16,UBL,148.1999969482422,148.25,143.47999572753906,145.6300048828125,82.92633056640625,1282600
2019-05-17,UBL,145.0500030517578,145.0500030517578,143.02000427246094,143.75999450683594,81.86148071289062,2701100
2019-05-20,UBL,145.0,148.0,141.02999877929688,146.9499969482422,83.6779556274414,1216300
2019-05-21,UBL,147.5,149.25,145.5,146.3800048828125,83.3533935546875,439500
2019-05-22,UBL,148.0,151.0,147.3000030517578,147.92999267578125,84.23600006103516,591200
2019-05-23,UBL,150.89999389648438,154.60000610351562,148.5,151.92999267578125,86.51373291015625,1689500
2019-05-24,UBL,155.0,156.5,153.02000427246094,154.05999755859375,87.72660064697266,3219300
2019-05-27,UBL,154.0,156.89999389648438,151.25,154.4499969482422,87.94873046875,2211500
2019-05-28,UBL,154.4499969482422,156.0,152.0,154.3699951171875,87.90314483642578,1703400
2019-05-29,UBL,154.3699951171875,154.3699951171875,154.3699951171875,154.3699951171875,87.90314483642578,0
2019-05-30,UBL,157.75,159.49000549316406,157.5,158.82000732421875,90.4371109008789,2729200
2019-05-31,UBL,158.82000732421875,158.82000732421875,158.82000732421875,158.82000732421875,90.4371109008789,0
2019-06-03,UBL,156.0,156.6999969482422,154.00999450683594,155.47000122070312,89.23180389404297,1788300
2019-06-04,UBL,155.47000122070312,155.47000122070312,155.47000122070312,155.47000122070312,89.23180389404297,0
2019-06-05,UBL,155.47000122070312,155.47000122070312,155.47000122070312,155.47000122070312,89.23180389404297,0
2019-06-06,UBL,155.47000122070312,155.47000122070312,155.47000122070312,155.47000122070312,89.23180389404297,0
2019-06-07,UBL,155.47000122070312,155.47000122070312,155.47000122070312,155.47000122070312,89.23180389404297,0
2019-06-10,UBL,155.0,156.83999633789062,154.0,154.75999450683594,88.82431030273438,2630700
2019-06-11,UBL,153.9499969482422,154.99000549316406,153.9499969482422,154.5,88.67508697509766,825800
2019-06-12,UBL,153.0,155.0,153.0,154.69000244140625,88.78414154052734,964000
2019-06-13,UBL,155.0,157.5,154.60000610351562,155.63999938964844,89.32940673828125,936800
2019-06-14,UBL,158.0,158.0,154.00999450683594,154.3800048828125,88.60623168945312,183500
2019-06-17,UBL,154.9499969482422,155.0,152.5,153.00999450683594,87.81989288330078,247200
2019-06-18,UBL,152.5,154.83999633789062,152.5,153.13999938964844,87.89453887939453,242000
2019-06-19,UBL,152.75999450683594,153.94000244140625,152.0,152.57000732421875,87.56737518310547,219200
2019-06-20,UBL,152.97999572753906,154.89999389648438,152.57000732421875,153.02999877929688,87.8313980102539,405400
2019-06-21,UBL,153.0,153.25,151.02000427246094,152.42999267578125,87.48701477050781,231800
2019-06-24,UBL,152.1999969482422,152.1999969482422,151.0,151.49000549316406,86.94749450683594,421300
2019-06-25,UBL,152.89999389648438,152.89999389648438,149.0500030517578,150.49000549316406,86.3735580444336,937900
2019-06-26,UBL,151.5,151.5,147.89999389648438,148.0,84.94442749023438,452200
2019-06-27,UBL,147.00999450683594,149.99000549316406,144.0,147.42999267578125,84.61726379394531,733900
2019-06-28,UBL,147.47999572753906,150.8000030517578,145.0,147.3800048828125,84.58856964111328,1670200
2019-07-01,UBL,148.5,150.0,146.75,148.5800018310547,85.27731323242188,166000
2019-07-02,UBL,147.9499969482422,150.0,147.9499969482422,148.8699951171875,85.4437255859375,247300
2019-07-03,UBL,149.88999938964844,152.0,149.25,150.94000244140625,86.63184356689453,896200
2019-07-04,UBL,151.0,152.5,149.49000549316406,149.94000244140625,86.05789184570312,324000
2019-07-05,UBL,150.7899932861328,150.85000610351562,148.0,149.5,85.80534362792969,314100
2019-07-08,UBL,150.0,150.0,148.25,148.69000244140625,85.3404541015625,1054200
2019-07-09,UBL,149.0,149.0,146.35000610351562,146.8300018310547,84.27289581298828,220300
2019-07-10,UBL,146.97999572753906,147.5,146.0,146.9600067138672,84.34751892089844,614400
2019-07-11,UBL,147.0,149.75,147.0,148.25,85.08789825439453,149500
2019-07-12,UBL,148.0,149.94000244140625,148.0,149.25,85.66185760498047,560400
2019-07-15,UBL,148.5,149.89999389648438,146.1999969482422,148.0,84.94442749023438,635300
2019-07-16,UBL,149.0,152.99000549316406,147.0,150.32000732421875,86.2760009765625,784000
2019-07-17,UBL,151.0,151.10000610351562,149.5,149.80999755859375,85.98328399658203,589000
2019-07-18,UBL,149.9499969482422,151.9499969482422,149.0,149.80999755859375,85.98328399658203,1450100
2019-07-19,UBL,148.00999450683594,150.0,145.60000610351562,146.77999877929688,84.24420928955078,341000
2019-07-22,UBL,147.0,148.0,146.8000030517578,147.94000244140625,84.90998840332031,500700
2019-07-23,UBL,148.89999389648438,150.0,147.75999450683594,149.00999450683594,85.52410888671875,405400
2019-07-24,UBL,149.5,150.10000610351562,148.5,149.02000427246094,85.52986145019531,1370500
2019-07-25,UBL,149.47999572753906,150.89999389648438,148.1699981689453,149.58999633789062,85.85698699951172,326800
2019-07-26,UBL,150.0,150.0,148.0500030517578,149.0800018310547,85.56428527832031,691600
2019-07-29,UBL,145.2100067138672,151.0,145.2100067138672,146.5,84.08351135253906,96300
2019-07-30,UBL,146.0,148.0,144.97000122070312,145.69000244140625,83.61860656738281,101900
2019-07-31,UBL,146.0,146.5,144.11000061035156,145.61000061035156,83.57268524169922,66200
2019-08-01,UBL,148.0,148.0,145.5,146.0500030517578,83.8252182006836,124700
2019-08-02,UBL,147.24000549316406,147.24000549316406,142.05999755859375,143.80999755859375,82.53958129882812,524100
2019-08-05,UBL,141.2100067138672,143.74000549316406,136.6199951171875,136.8000030517578,78.51620483398438,441500
2019-08-06,UBL,137.85000610351562,138.0,132.8000030517578,133.1999969482422,76.44999694824219,968700
2019-08-07,UBL,133.1999969482422,133.1999969482422,133.1999969482422,133.1999969482422,76.44999694824219,0
2019-08-08,UBL,128.5,128.5,122.55000305175781,124.30000305175781,71.34183502197266,805700
2019-08-09,UBL,124.9000015258789,126.0,122.0,123.36000061035156,70.80230712890625,2655200
2019-08-12,UBL,123.36000061035156,123.36000061035156,123.36000061035156,123.36000061035156,70.80230712890625,0
2019-08-13,UBL,123.36000061035156,123.36000061035156,123.36000061035156,123.36000061035156,70.80230712890625,0
2019-08-14,UBL,123.36000061035156,123.36000061035156,123.36000061035156,123.36000061035156,70.80230712890625,0
2019-08-15,UBL,123.36000061035156,123.36000061035156,123.36000061035156,123.36000061035156,70.80230712890625,0
2019-08-16,UBL,120.01000213623047,120.97000122070312,119.0,119.66999816894531,68.6844482421875,752800
2019-08-19,UBL,121.0,121.5,118.01000213623047,121.11000061035156,69.51094055175781,1829300
2019-08-20,UBL,121.4000015258789,127.16000366210938,120.48999786376953,127.16000366210938,72.98333740234375,1496200
2019-08-21,UBL,128.25,133.39999389648438,128.25,132.38999938964844,75.9850845336914,1898500
2019-08-22,UBL,133.5,136.49000549316406,133.0,135.39999389648438,77.71265411376953,1223900
2019-08-23,UBL,133.0,135.5,131.0,131.85000610351562,75.67513275146484,1202600
2019-08-26,UBL,132.0,132.5,130.1300048828125,130.52999877929688,74.91752624511719,1115900
2019-08-27,UBL,132.0,133.0,127.0199966430664,132.52999877929688,76.06544494628906,932200
2019-08-28,UBL,132.89999389648438,137.25,132.25,135.22999572753906,77.61509704589844,1200800
2019-08-29,UBL,133.10000610351562,136.0,132.0,132.72000122070312,76.17449951171875,466900
2019-08-30,UBL,132.0,134.25,129.0,129.44000244140625,74.29193115234375,722500
2019-09-02,UBL,132.0,132.99000549316406,131.00999450683594,131.94000244140625,75.72679901123047,674900
2019-09-03,UBL,133.0,134.0,131.0,131.85000610351562,75.67513275146484,603900
2019-09-04,UBL,133.0,135.5,128.14999389648438,132.22000122070312,75.88751220703125,1393000
2019-09-05,UBL,132.9499969482422,133.88999938964844,129.25,129.82000732421875,74.51004028320312,329400
2019-09-06,UBL,130.0,131.5,128.75,130.5,74.90031433105469,1012600
2019-09-09,UBL,130.5,130.5,130.5,130.5,74.90031433105469,0
2019-09-10,UBL,130.5,130.5,130.5,130.5,74.90031433105469,0
2019-09-11,UBL,129.89999389648438,131.49000549316406,128.1999969482422,130.9199981689453,75.86808013916016,1653700
2019-09-12,UBL,130.99000549316406,137.4600067138672,130.99000549316406,134.10000610351562,77.71089172363281,3405500
2019-09-13,UBL,134.5,135.5,132.99000549316406,135.00999450683594,78.23822784423828,487500
2019-09-16,UBL,136.0,140.5,135.25,140.1699981689453,81.22844696044922,1359300
2019-09-17,UBL,140.00999450683594,143.5,139.39999389648438,142.92999267578125,82.8278579711914,1127000
2019-09-18,UBL,142.5,142.5,139.99000549316406,140.6300048828125,81.49504852294922,947500
2019-09-19,UBL,142.0,144.0,140.5500030517578,141.63999938964844,82.08031463623047,1689200
2019-09-20,UBL,142.5,143.00999450683594,140.0,141.69000244140625,82.10929107666016,1573400
2019-09-23,UBL,143.3300018310547,143.3300018310547,138.60000610351562,139.86000061035156,81.04881286621094,282400
2019-09-24,UBL,140.0,140.75,136.5500030517578,138.5,80.26068878173828,1753600
2019-09-25,UBL,138.0,138.0,134.50999450683594,135.10000610351562,78.29041290283203,458900
2019-09-26,UBL,135.25,136.60000610351562,133.99000549316406,134.69000244140625,78.05280303955078,380200
2019-09-27,UBL,137.0,139.89999389648438,135.0,138.97000122070312,80.53307342529297,491500
2019-09-30,UBL,139.4499969482422,140.75,138.0,138.22999572753906,80.1042251586914,238600
2019-10-01,UBL,139.75,140.25,137.5,138.3000030517578,80.14480590820312,1155600
2019-10-02,UBL,138.99000549316406,142.99000549316406,137.1999969482422,140.13999938964844,81.21104431152344,1137700
2019-10-03,UBL,141.0,142.5,139.10000610351562,140.1199951171875,81.19947814941406,1853900
2019-10-04,UBL,140.11000061035156,140.39999389648438,138.0,139.0399932861328,80.57360076904297,544600
2019-10-07,UBL,140.49000549316406,143.0,137.22999572753906,142.32000732421875,82.4743881225586,1481800
2019-10-08,UBL,142.0,144.99000549316406,141.0,141.74000549316406,82.13826751708984,1203300
2019-10-09,UBL,142.3000030517578,143.72000122070312,140.30999755859375,143.07000732421875,82.90901947021484,422500
2019-10-10,UBL,143.0,147.9499969482422,142.89999389648438,146.02000427246094,84.61852264404297,2052500
2019-10-11,UBL,146.2100067138672,150.5,146.1999969482422,148.80999755859375,86.2353286743164,2108600
2019-10-14,UBL,148.91000366210938,149.0,146.00999450683594,147.00999450683594,85.19223022460938,1209900
2019-10-15,UBL,148.0,148.0,145.10000610351562,146.74000549316406,85.03578186035156,453300
2019-10-16,UBL,147.24000549316406,149.89999389648438,144.50999450683594,145.3800048828125,84.24763488769531,1421600
2019-10-17,UBL,146.8800048828125,146.8800048828125,141.0,141.77000427246094,82.1556625366211,764000
2019-10-18,UBL,143.0,142.0,139.16000366210938,141.0,81.7094497680664,1457800
2019-10-21,UBL,141.5,141.5,138.0,138.39999389648438,80.20272827148438,1623000
2019-10-22,UBL,139.5,140.0,138.02000427246094,139.00999450683594,80.55621337890625,330400
2019-10-23,UBL,140.0,142.0,138.1999969482422,139.17999267578125,80.6547622680664,269100
2019-10-24,UBL,139.9600067138672,141.0,139.00999450683594,139.8300018310547,81.03141784667969,440600
2019-10-25,UBL,139.8300018310547,140.5,139.0,139.30999755859375,80.73008728027344,647100
2019-10-28,UBL,140.60000610351562,140.60000610351562,138.00999450683594,139.44000244140625,80.805419921875,258700
2019-10-29,UBL,140.99000549316406,140.99000549316406,137.5,138.69000244140625,80.37079620361328,828000
2019-10-30,UBL,139.49000549316406,140.0,137.5,138.02000427246094,79.9825210571289,767500
2019-10-31,UBL,136.9499969482422,139.1999969482422,136.9499969482422,137.55999755859375,80.59185028076172,900500
2019-11-01,UBL,139.5,143.0,137.13999938964844,138.9199981689453,81.38860321044922,750500
2019-11-04,UBL,139.5,145.86000061035156,139.0,143.0500030517578,83.8082275390625,1344000
2019-11-05,UBL,144.97000122070312,144.97000122070312,140.10000610351562,141.32000732421875,82.79469299316406,952200
2019-11-06,UBL,139.00999450683594,143.0,139.00999450683594,141.25999450683594,82.759521484375,1062100
2019-11-07,UBL,141.0,141.89999389648438,140.0,140.38999938964844,82.24982452392578,1113500
2019-11-08,UBL,140.97999572753906,143.89999389648438,140.14999389648438,143.2100067138672,83.90198516845703,809400
2019-11-11,UBL,144.2899932861328,148.89999389648438,144.2899932861328,148.41000366210938,86.948486328125,941700
2019-11-12,UBL,149.85000610351562,148.85000610351562,146.07000732421875,146.92999267578125,86.0813980102539,613700
2019-11-13,UBL,147.49000549316406,150.0,145.00999450683594,148.11000061035156,86.77273559570312,1276200
2019-11-14,UBL,149.6999969482422,149.6999969482422,146.0,147.38999938964844,86.35090637207031,467800
2019-11-15,UBL,147.99000549316406,149.0,146.22000122070312,147.72999572753906,86.55010223388672,362900
2019-11-18,UBL,149.0,154.0,148.5,153.44000244140625,89.8954086303711,2506800
2019-11-19,UBL,155.97999572753906,156.0,150.57000732421875,151.22999572753906,88.60064697265625,1668400
2019-11-20,UBL,151.3000030517578,151.5,147.8000030517578,148.13999938964844,86.79029846191406,1160300
2019-11-21,UBL,148.3000030517578,148.99000549316406,146.25,147.0399932861328,86.1458511352539,472600
2019-11-22,UBL,149.8800048828125,151.25,146.00999450683594,150.10000610351562,87.9385986328125,960300
2019-11-25,UBL,150.94000244140625,152.0,149.50999450683594,151.86000061035156,88.96974182128906,769400
2019-11-26,UBL,150.25999450683594,154.0,150.0,152.27999877929688,89.21577453613281,4278700
2019-11-27,UBL,153.63999938964844,155.0,151.99000549316406,154.5500030517578,90.54572296142578,1233300
2019-11-28,UBL,155.5,157.8000030517578,155.0,156.49000549316406,91.68229675292969,653000
2019-11-29,UBL,159.0,164.30999755859375,156.0,163.49000549316406,95.78335571289062,3275100
2019-12-02,UBL,167.0,171.66000366210938,164.00999450683594,171.66000366210938,100.56990814208984,2569000
2019-12-03,UBL,172.0,175.5,168.0,168.49000549316406,98.71269989013672,1541100
2019-12-04,UBL,168.0,172.0,165.25,171.3800048828125,100.4058609008789,942100
2019-12-05,UBL,173.75,177.99000549316406,171.0,171.82000732421875,100.66361236572266,2165700
2019-12-06,UBL,172.0,173.89999389648438,169.05999755859375,171.52999877929688,100.49372863769531,1778000
2019-12-09,UBL,171.0,171.89999389648438,165.0,166.02000427246094,97.26560974121094,785100
2019-12-10,UBL,168.0,168.49000549316406,164.25999450683594,167.9199981689453,98.37874603271484,492100
2019-12-11,UBL,168.4499969482422,169.0,165.0,166.9199981689453,97.79286193847656,1032700
2019-12-12,UBL,166.99000549316406,168.99000549316406,163.50999450683594,167.8000030517578,98.30842590332031,564400
2019-12-13,UBL,170.0,172.0,166.11000061035156,169.08999633789062,99.06423950195312,650400
2019-12-16,UBL,169.10000610351562,173.97999572753906,169.0,171.33999633789062,100.3824234008789,799800
2019-12-17,UBL,172.0,174.0,170.0,172.72999572753906,101.19676208496094,951300
2019-12-18,UBL,175.0,175.0,170.0,173.52999877929688,101.66544342041016,732300
2019-12-19,UBL,173.52999877929688,173.97000122070312,167.0,169.8699951171875,99.52118682861328,1653600
2019-12-20,UBL,172.0,178.0,167.5,168.35000610351562,98.63069152832031,878100
2019-12-23,UBL,169.97000122070312,169.97000122070312,164.6999969482422,165.14999389648438,96.75589752197266,363300
2019-12-24,UBL,164.94000244140625,165.99000549316406,162.5,164.25999450683594,96.23448181152344,1266100
2019-12-25,UBL,164.25999450683594,164.25999450683594,164.25999450683594,164.25999450683594,96.23448181152344,0
2019-12-26,UBL,165.0,170.0,165.0,169.4199981689453,99.2575454711914,699500
2019-12-27,UBL,169.9499969482422,172.5,167.0,169.9600067138672,99.57392120361328,855400
2019-12-30,UBL,170.49000549316406,170.49000549316406,167.0,167.80999755859375,98.31429290771484,206400
2019-12-31,UBL,167.89999389648438,167.89999389648438,163.1300048828125,164.5,96.37510681152344,958500
2020-01-01,UBL,165.97999572753906,172.6999969482422,163.11000061035156,171.24000549316406,100.3238525390625,572600
2020-01-02,UBL,173.0,179.8000030517578,173.0,177.89999389648438,104.22572326660156,2818700
2020-01-03,UBL,180.0,180.5,172.0,175.27999877929688,102.69072723388672,1646100
2020-01-06,UBL,170.5,179.0,170.10000610351562,174.52999877929688,102.25131225585938,991500
2020-01-07,UBL,175.0,179.99000549316406,174.00999450683594,176.72000122070312,103.53436279296875,822000
2020-01-08,UBL,173.25,184.0,173.25,176.1300048828125,103.18872833251953,1140000
2020-01-09,UBL,179.0,181.85000610351562,178.60000610351562,179.86000061035156,105.37401580810547,1812000
2020-01-10,UBL,180.5,182.89999389648438,180.0,181.9600067138672,106.60433959960938,2349400
2020-01-13,UBL,182.5,182.99000549316406,177.8800048828125,178.74000549316406,104.71781158447266,2305000
2020-01-14,UBL,178.75,182.5,178.52000427246094,181.83999633789062,106.53401184082031,1398800
2020-01-15,UBL,181.8800048828125,182.0,179.3000030517578,180.82000732421875,105.9364242553711,294800
2020-01-16,UBL,179.35000610351562,181.75,179.35000610351562,180.0500030517578,105.48531341552734,694800
2020-01-17,UBL,180.22999572753906,181.9499969482422,180.10000610351562,180.8300018310547,105.94229125976562,383400
2020-01-20,UBL,182.83999633789062,182.83999633789062,176.0500030517578,177.27000427246094,103.85659790039062,955700
2020-01-21,UBL,178.5,181.39999389648438,174.35000610351562,178.0800018310547,104.33116912841797,668000
2020-01-22,UBL,177.25,179.47000122070312,177.25,178.99000549316406,104.86431884765625,210700
2020-01-23,UBL,178.0,180.8000030517578,177.25999450683594,178.22000122070312,104.41319274902344,732700
2020-01-24,UBL,176.14999389648438,179.99000549316406,175.39999389648438,178.88999938964844,104.80569458007812,559600
2020-01-27,UBL,177.16000366210938,179.8800048828125,177.16000366210938,178.99000549316406,104.86431884765625,163400
2020-01-28,UBL,176.5,179.0,174.89999389648438,177.47999572753906,103.9796142578125,324100
2020-01-29,UBL,177.99000549316406,178.10000610351562,173.25,174.6699981689453,102.33333587646484,719400
2020-01-30,UBL,173.25,174.9499969482422,168.89999389648438,172.80999755859375,101.24363708496094,684300
2020-01-31,UBL,173.0,173.6999969482422,169.39999389648438,169.92999267578125,99.55632781982422,574100
2020-02-03,UBL,169.8000030517578,169.8000030517578,165.11000061035156,167.22999572753906,97.97450256347656,2048600
2020-02-04,UBL,166.05999755859375,173.25,166.05999755859375,171.3699951171875,100.40000915527344,483500
2020-02-05,UBL,171.3699951171875,171.3699951171875,171.3699951171875,171.3699951171875,100.40000915527344,0
2020-02-06,UBL,172.9499969482422,172.9499969482422,169.0,170.6300048828125,99.96644592285156,592000
2020-02-07,UBL,171.9499969482422,171.99000549316406,168.00999450683594,169.0800018310547,99.058349609375,199600
2020-02-10,UBL,166.00999450683594,169.74000549316406,165.0,166.89999389648438,97.78117370605469,819500
2020-02-11,UBL,169.89999389648438,170.0,163.0,166.7100067138672,97.66987609863281,534200
2020-02-12,UBL,167.0,171.0,166.0,168.7899932861328,98.88842010498047,1004100
2020-02-13,UBL,169.0,170.97999572753906,166.00999450683594,169.39999389648438,99.2458267211914,1412400
2020-02-14,UBL,171.0,171.0,167.0,169.72999572753906,99.43917083740234,186700
2020-02-17,UBL,168.1199951171875,171.89999389648438,166.1199951171875,168.82000732421875,98.90601348876953,512900
2020-02-18,UBL,169.0,170.00999450683594,165.5,167.7899932861328,98.30258178710938,1223100
2020-02-19,UBL,167.7899932861328,167.7899932861328,167.7899932861328,167.7899932861328,98.30258178710938,0
2020-02-20,UBL,172.25,175.0,170.0,173.99000549316406,101.9349594116211,1348300
2020-02-21,UBL,173.83999633789062,175.0,172.50999450683594,174.22000122070312,102.0697021484375,277400
2020-02-24,UBL,172.25,172.99000549316406,166.5,167.97999572753906,98.41390228271484,646200
2020-02-25,UBL,167.0,169.5,162.1300048828125,162.9499969482422,95.46699523925781,1373300
2020-02-26,UBL,162.9600067138672,162.9600067138672,155.5,159.3699951171875,93.36959075927734,1958200
2020-02-27,UBL,157.0,169.72000122070312,153.0,165.1199951171875,96.73831176757812,967800
2020-02-28,UBL,165.1199951171875,165.1199951171875,165.1199951171875,165.1199951171875,96.73831176757812,0
2020-03-02,UBL,168.89999389648438,171.0,167.8800048828125,169.24000549316406,99.152099609375,730500
2020-03-03,UBL,170.5,171.89999389648438,166.5,169.16000366210938,99.105224609375,474800
2020-03-04,UBL,169.14999389648438,172.0,168.14999389648438,170.25,99.74381256103516,657200
2020-03-05,UBL,170.3000030517578,170.52000427246094,165.55999755859375,166.9600067138672,97.81632995605469,726200
2020-03-06,UBL,166.02000427246094,166.8000030517578,157.0,159.42999267578125,93.40473175048828,836300
2020-03-09,UBL,154.02000427246094,154.02000427246094,148.27000427246094,148.27000427246094,86.86647033691406,1229500
2020-03-10,UBL,143.0,154.0,143.0,151.6300048828125,88.83496856689453,4792300
2020-03-11,UBL,152.5,157.0,152.5,155.19000244140625,90.9206771850586,1784900
2020-03-12,UBL,153.02000427246094,155.99000549316406,148.00999450683594,150.2899932861328,88.0499038696289,918600
2020-03-13,UBL,145.0,145.0,136.0500030517578,141.8300018310547,84.21417999267578,4047700
2020-03-16,UBL,138.0,138.0,131.1999969482422,131.1999969482422,77.90241241455078,1010700
2020-03-17,UBL,128.49000549316406,128.49000549316406,121.36000061035156,121.36000061035156,72.05974578857422,2100500
2020-03-18,UBL,120.0,121.98999786376953,112.26000213623047,112.5,66.7989501953125,2430700
2020-03-19,UBL,106.0,115.98999786376953,104.06999969482422,106.51000213623047,63.24225997924805,4083800
2020-03-20,UBL,110.0,111.5,103.5,107.97000122070312,64.10917663574219,3135300
2020-03-23,UBL,107.97000122070312,107.97000122070312,107.97000122070312,107.97000122070312,64.10917663574219,0
2020-03-24,UBL,99.87999725341797,100.0,99.87999725341797,99.87999725341797,59.30558395385742,298701
2020-03-25,UBL,106.69999694824219,106.69999694824219,92.38999938964844,92.38999938964844,54.85826110839844,1575443
2020-03-26,UBL,89.5,95.98999786376953,87.5,89.44000244140625,53.10665512084961,3077693
2020-03-27,UBL,89.0,96.13999938964844,88.16000366210938,95.63999938964844,56.78800964355469,2848074
2020-03-30,UBL,96.5,96.5,92.0,93.79000091552734,55.68954086303711,610971
2020-03-31,UBL,94.95999908447266,100.81999969482422,94.0,100.80999755859375,59.8577995300293,3221544
2020-04-01,UBL,102.87999725341797,105.98999786376953,98.61000061035156,102.91000366210938,61.10470962524414,1506388
2020-04-02,UBL,103.0,110.0,101.0,106.95999908447266,63.50947952270508,3056556
2020-04-03,UBL,108.0,114.0,108.0,112.76000213623047,66.95333099365234,3325475
2020-04-06,UBL,112.76000213623047,112.76000213623047,106.0,107.62000274658203,63.90135955810547,1543485
2020-04-07,UBL,109.0,109.4000015258789,104.55000305175781,107.44999694824219,63.800411224365234,1222090
2020-04-08,UBL,109.0,109.0,104.75,105.70999908447266,62.76725387573242,803962
2020-04-09,UBL,107.47000122070312,111.48999786376953,107.47000122070312,109.8499984741211,65.22545623779297,1052859
2020-04-10,UBL,109.80000305175781,112.4000015258789,107.5,111.37999725341797,66.13392639160156,466570
2020-04-13,UBL,113.0,113.0,105.51000213623047,106.58999633789062,63.289772033691406,574414
2020-04-14,UBL,106.5,108.98999786376953,106.11000061035156,106.91000366210938,63.47978591918945,434938
2020-04-15,UBL,107.0,108.95999908447266,105.5,105.98999786376953,62.93351364135742,1165452
2020-04-16,UBL,106.98999786376953,107.44999694824219,103.0999984741211,104.83999633789062,62.25068283081055,1043292
2020-04-17,UBL,105.0,111.4800033569336,101.0,105.98999786376953,62.93351364135742,2195028
2020-04-20,UBL,107.0199966430664,108.9000015258789,105.0,108.19000244140625,64.23982238769531,1278664
2020-04-21,UBL,107.05000305175781,109.0,104.01000213623047,104.70999908447266,62.17350387573242,2080753
2020-04-22,UBL,104.9800033569336,107.0999984741211,103.5,105.83000183105469,62.83851623535156,898269
2020-04-23,UBL,105.5,107.0,102.5,106.0199966430664,62.95132827758789,1498770
2020-04-24,UBL,107.44999694824219,107.79000091552734,105.5,107.05999755859375,63.568843841552734,479036
2020-04-27,UBL,107.0,107.0,103.5,103.91000366210938,61.6984977722168,1215712
2020-04-28,UBL,104.44999694824219,104.44999694824219,100.70999908447266,102.13999938964844,60.647518157958984,1161306
2020-04-29,UBL,103.5,104.3499984741211,102.5,103.93000030517578,61.71034622192383,960635
2020-04-30,UBL,104.0999984741211,108.0,104.0,107.02999877929688,63.5510368347168,820425
2020-05-01,UBL,107.02999877929688,107.02999877929688,107.02999877929688,107.02999877929688,63.5510368347168,0
2020-05-04,UBL,107.0999984741211,107.0999984741211,105.5,105.93000030517578,62.89789581298828,393821
2020-05-05,UBL,107.0,107.55000305175781,105.0999984741211,105.63999938964844,62.725704193115234,782367
2020-05-06,UBL,105.66000366210938,106.66000366210938,104.51000213623047,105.04000091552734,62.36943817138672,598506
2020-05-07,UBL,105.98999786376953,108.19999694824219,104.01000213623047,106.16000366210938,63.03445816040039,782232
2020-05-08,UBL,105.0999984741211,107.9000015258789,104.69999694824219,105.0,62.34569549560547,313804
2020-05-11,UBL,105.01000213623047,106.5,104.05999755859375,104.5,62.048797607421875,308636
2020-05-12,UBL,104.9000015258789,106.0,104.04000091552734,105.87000274658203,62.86225509643555,609795
2020-05-13,UBL,104.5,104.75,103.0999984741211,103.66000366210938,62.28543472290039,432544
2020-05-14,UBL,103.66000366210938,104.0,103.0,103.38999938964844,62.12320327758789,114648
2020-05-15,UBL,102.01000213623047,103.0,101.0999984741211,101.66000366210938,61.08371353149414,576674
2020-05-18,UBL,101.66000366210938,102.0,98.80000305175781,99.61000061035156,59.85194396972656,750869
2020-05-19,UBL,100.0,100.44999694824219,99.0,99.76000213623047,59.94206237792969,350558
2020-05-20,UBL,100.0,100.05000305175781,98.70999908447266,99.19999694824219,59.60558319091797,198255
2020-05-21,UBL,99.05000305175781,99.9000015258789,98.5,98.9800033569336,59.47339630126953,412306
2020-05-22,UBL,98.9800033569336,98.9800033569336,98.9800033569336,98.9800033569336,59.47339630126953,0
2020-05-25,UBL,98.9800033569336,98.9800033569336,98.9800033569336,98.9800033569336,59.47339630126953,0
2020-05-26,UBL,98.9800033569336,98.9800033569336,98.9800033569336,98.9800033569336,59.47339630126953,0
2020-05-27,UBL,98.9800033569336,98.9800033569336,98.9800033569336,98.9800033569336,59.47339630126953,0
2020-05-28,UBL,99.0,99.0,96.16999816894531,96.37999725341797,57.911163330078125,1060028
2020-05-29,UBL,97.88999938964844,97.88999938964844,95.01000213623047,96.02999877929688,57.700843811035156,539074
2020-06-01,UBL,96.05000305175781,99.5999984741211,95.51000213623047,99.44999694824219,59.75578689575195,2875297
2020-06-02,UBL,100.0,106.9000015258789,100.0,106.9000015258789,64.23223114013672,2751196
2020-06-03,UBL,108.0,109.3499984741211,106.75,107.55999755859375,64.62879180908203,2826935
2020-06-04,UBL,107.5,107.5,104.91000366210938,105.38999938964844,63.32492446899414,941836
2020-06-05,UBL,104.9800033569336,105.8499984741211,104.8499984741211,105.19000244140625,63.20475769042969,1086928
2020-06-08,UBL,105.19000244140625,109.73999786376953,105.0,108.51000213623047,65.19963836669922,1102899
2020-06-09,UBL,109.0,112.30000305175781,108.5,111.25,66.84597778320312,1997421
2020-06-10,UBL,111.5,117.3499984741211,111.5,116.70999908447266,70.1266860961914,2666433
2020-06-11,UBL,117.9000015258789,118.94999694824219,111.51000213623047,113.75,68.34815216064453,1269229
2020-06-12,UBL,113.0,113.0,109.25,110.91999816894531,66.64768981933594,589005
2020-06-15,UBL,112.0,112.0,106.5,106.7699966430664,64.15412139892578,277368
2020-06-16,UBL,106.26000213623047,108.0999984741211,106.26000213623047,107.81999969482422,64.78501892089844,291505
2020-06-17,UBL,107.80000305175781,109.48999786376953,105.25,105.55999755859375,63.42706298828125,598773
2020-06-18,UBL,106.9800033569336,106.9800033569336,103.55999755859375,103.88999938964844,62.423622131347656,302466
2020-06-19,UBL,104.69999694824219,104.9000015258789,102.0,102.29000091552734,61.46225357055664,877308
2020-06-22,UBL,103.44999694824219,104.51000213623047,102.5,103.77999877929688,62.35755157470703,729350
2020-06-23,UBL,103.51000213623047,104.5,102.5,103.36000061035156,62.10517501831055,294589
2020-06-24,UBL,103.9000015258789,103.9800033569336,102.5,102.76000213623047,61.74465560913086,1259237
2020-06-25,UBL,102.97000122070312,103.19000244140625,101.5999984741211,102.80999755859375,61.77468490600586,1461010
2020-06-26,UBL,102.0,102.9000015258789,101.5,101.69999694824219,61.10774230957031,334490
2020-06-29,UBL,101.9800033569336,101.98999786376953,99.12000274658203,101.08000183105469,60.735206604003906,956089
2020-06-30,UBL,100.5199966430664,107.0,100.25,103.36000061035156,62.10517501831055,1821084
2020-07-01,UBL,103.4000015258789,103.4000015258789,101.0,101.36000061035156,60.903438568115234,1339826
2020-07-02,UBL,101.69999694824219,104.9000015258789,101.45999908447266,103.0199966430664,61.9008903503418,7651323
2020-07-03,UBL,103.48999786376953,105.9000015258789,103.48999786376953,104.91999816894531,63.042537689208984,1890435
2020-07-06,UBL,105.4000015258789,105.5,103.3499984741211,104.73999786376953,62.93436050415039,1145849
2020-07-07,UBL,104.88999938964844,106.98999786376953,104.3499984741211,106.13999938964844,63.775569915771484,1757872
2020-07-08,UBL,106.30000305175781,109.9000015258789,106.30000305175781,109.30999755859375,65.6803207397461,2347739
2020-07-09,UBL,109.0199966430664,111.44999694824219,109.0,110.9800033569336,66.68375396728516,1793330
2020-07-10,UBL,110.1500015258789,112.0,110.1500015258789,110.87000274658203,66.6176528930664,645445
2020-07-13,UBL,111.19000244140625,112.25,110.5,110.83999633789062,66.59962463378906,1398258
2020-07-14,UBL,110.5199966430664,112.69999694824219,110.5199966430664,111.44999694824219,66.96614837646484,1196263
2020-07-15,UBL,111.9000015258789,112.05000305175781,111.0,111.69999694824219,67.11637115478516,2340094
2020-07-16,UBL,111.80000305175781,112.69999694824219,111.5,112.30999755859375,67.48289489746094,579490
2020-07-17,UBL,112.88999938964844,113.0,111.41000366210938,111.83000183105469,67.19448852539062,771448
2020-07-20,UBL,111.52999877929688,112.80000305175781,110.69999694824219,111.0199966430664,66.7077865600586,1394076
2020-07-21,UBL,111.73999786376953,111.73999786376953,109.19999694824219,109.69999694824219,65.91464233398438,1042410
2020-07-22,UBL,110.0,110.48999786376953,105.69999694824219,106.6500015258789,64.08200073242188,5223983
2020-07-23,UBL,107.0999984741211,109.2300033569336,107.0,107.33999633789062,64.4966049194336,1878278
2020-07-24,UBL,107.5,115.38999938964844,106.5,111.26000213623047,66.85198974609375,3532762
2020-07-27,UBL,111.48999786376953,114.9000015258789,110.0,113.91000366210938,68.44428253173828,4121041
2020-07-28,UBL,114.43000030517578,115.5,113.0,113.91000366210938,68.44428253173828,1902041
2020-07-29,UBL,114.55999755859375,114.97000122070312,112.80000305175781,113.12000274658203,67.9696044921875,1720816
2020-07-30,UBL,113.0999984741211,114.0,112.5199966430664,113.80000305175781,68.37818145751953,1862708
2020-07-31,UBL,113.80000305175781,113.80000305175781,113.80000305175781,113.80000305175781,68.37818145751953,0
2020-08-03,UBL,114.0,117.0,113.5199966430664,116.08999633789062,69.754150390625,3297252
2020-08-04,UBL,117.44999694824219,124.79000091552734,117.38999938964844,122.48999786376953,73.59967803955078,6918104
2020-08-05,UBL,123.5,124.23999786376953,120.3499984741211,120.95999908447266,72.68035125732422,3502398
2020-08-06,UBL,122.0,125.0199966430664,119.0,120.12999725341797,72.181640625,4096762
2020-08-07,UBL,120.9800033569336,120.9800033569336,115.69999694824219,116.48999786376953,69.99449920654297,2439756
2020-08-10,UBL,117.47000122070312,117.55000305175781,114.76000213623047,115.5,69.3996353149414,1158176
2020-08-11,UBL,115.5,121.1500015258789,115.0999984741211,119.22000122070312,71.63484954833984,2883903
2020-08-12,UBL,121.0999984741211,122.9000015258789,120.5,121.23999786376953,72.84859466552734,1852308
2020-08-13,UBL,121.0,121.9800033569336,119.19999694824219,121.5,73.00483703613281,703194
2020-08-14,UBL,121.5,121.5,121.5,121.5,73.00483703613281,0
2020-08-17,UBL,122.5,122.5,120.30000305175781,120.95999908447266,72.68035125732422,407163
2020-08-18,UBL,120.5,121.91999816894531,118.0999984741211,118.4000015258789,71.14215850830078,903355
2020-08-19,UBL,118.4000015258789,120.0,117.6500015258789,118.16999816894531,71.00395965576172,1049616
2020-08-20,UBL,118.0,119.6500015258789,117.6500015258789,118.52999877929688,71.22027587890625,764947
2020-08-21,UBL,118.5999984741211,119.4000015258789,117.0999984741211,118.5999984741211,71.2623291015625,867772
2020-08-24,UBL,118.9800033569336,118.9800033569336,117.5,118.19999694824219,71.02196502685547,283621
2020-08-25,UBL,118.5,121.0,118.5,120.70999908447266,72.53014373779297,950684
2020-08-26,UBL,121.55000305175781,125.9000015258789,120.01000213623047,125.0999984741211,75.16793823242188,2305415
2020-08-27,UBL,125.9000015258789,127.30000305175781,124.30000305175781,125.51000213623047,75.4142837524414,3976977
2020-08-28,UBL,125.75,128.5,125.25,126.73999786376953,76.15333557128906,1272880
2020-08-31,UBL,126.0999984741211,126.88999938964844,123.5,124.81999969482422,74.99968719482422,1664929
2020-09-01,UBL,126.41999816894531,126.5,123.0999984741211,124.05999755859375,74.54303741455078,630687
2020-09-02,UBL,124.80000305175781,128.8000030517578,124.25,127.12999725341797,76.38768768310547,1465774
2020-09-03,UBL,128.5,129.5,127.19999694824219,127.72000122070312,76.74219512939453,925916
2020-09-04,UBL,127.0,129.5,124.5999984741211,125.4000015258789,75.34819030761719,1663708
2020-09-07,UBL,126.3499984741211,126.5,124.75,125.22000122070312,75.24003601074219,366368
2020-09-08,UBL,126.19000244140625,126.19000244140625,124.05999755859375,124.68000030517578,74.91556549072266,504181
2020-09-09,UBL,123.41000366210938,124.68000030517578,122.61000061035156,123.2300033569336,74.0443344116211,1111887
2020-09-10,UBL,124.05000305175781,127.0,124.0,126.51000213623047,76.01515197753906,1260263
2020-09-11,UBL,127.11000061035156,132.0,125.5,129.2899932861328,77.68553924560547,2290308
2020-09-14,UBL,130.0,130.49000549316406,128.0,129.1699981689453,77.61343383789062,830533
2020-09-15,UBL,129.9499969482422,129.97000122070312,127.0,127.2699966430664,76.47180938720703,313236
2020-09-16,UBL,127.30000305175781,127.3499984741211,125.5,125.91999816894531,75.66064453125,1405839
2020-09-17,UBL,126.5,129.0,126.0,126.48999786376953,76.00312042236328,1114367
2020-09-18,UBL,126.9800033569336,129.7899932861328,126.5,128.92999267578125,77.46923828125,1938857
2020-09-21,UBL,129.9499969482422,129.9499969482422,126.5,126.98999786376953,76.30355834960938,1680146
2020-09-22,UBL,125.98999786376953,125.98999786376953,124.25,125.0199966430664,75.11985778808594,1123946
2020-09-23,UBL,124.5,125.9800033569336,124.0999984741211,124.33000183105469,74.70526885986328,172609
2020-09-24,UBL,124.88999938964844,124.9000015258789,120.0,124.0999984741211,74.56707000732422,1693239
2020-09-25,UBL,124.69999694824219,124.69999694824219,120.02999877929688,122.0999984741211,73.36534881591797,754363
2020-09-28,UBL,123.5,123.5,118.1500015258789,119.06999969482422,71.54473114013672,1249111
2020-09-29,UBL,119.5,120.5,116.02999877929688,119.93000030517578,72.06147003173828,1655523
2020-09-30,UBL,119.0999984741211,119.98999786376953,114.83000183105469,115.11000061035156,69.1653060913086,4535306
2020-10-01,UBL,115.5,118.0999984741211,114.5,117.5999984741211,70.66146087646484,1922066
2020-10-02,UBL,117.11000061035156,119.11000061035156,116.5,116.83000183105469,70.19879913330078,2180416
2020-10-05,UBL,116.0,117.48999786376953,114.55000305175781,116.47000122070312,69.98248291015625,802771
2020-10-06,UBL,117.0,117.1500015258789,114.8499984741211,116.87000274658203,70.22283172607422,920444
2020-10-07,UBL,118.5,119.8499984741211,116.25,118.5,71.20223236083984,1590790
2020-10-08,UBL,119.69999694824219,121.5,117.5,120.77999877929688,72.57219696044922,1218871
2020-10-09,UBL,121.48999786376953,123.5,119.5,122.87999725341797,73.8340072631836,812885
2020-10-12,UBL,123.01000213623047,124.4800033569336,122.0,122.56999969482422,73.64776611328125,1776638
2020-10-13,UBL,122.30000305175781,123.98999786376953,120.5,122.30000305175781,73.48552703857422,1309179
2020-10-14,UBL,123.0,123.0,121.05999755859375,122.79000091552734,73.77993774414062,209756
2020-10-15,UBL,123.5,123.9000015258789,121.1500015258789,122.26000213623047,73.46147918701172,422901
2020-10-16,UBL,123.75,123.9000015258789,120.19999694824219,122.69999694824219,73.7258529663086,1090938
2020-10-19,UBL,122.5,123.68000030517578,122.05000305175781,122.41999816894531,73.55760955810547,259361
2020-10-20,UBL,122.5,123.29000091552734,121.51000213623047,121.94000244140625,73.26920318603516,606709
2020-10-21,UBL,122.0,123.51000213623047,121.69999694824219,123.08000183105469,73.95417785644531,2011142
2020-10-22,UBL,123.0,123.98999786376953,121.5999984741211,121.88999938964844,73.2391586303711,1215668
2020-10-23,UBL,122.94999694824219,123.48999786376953,121.01000213623047,121.76000213623047,73.16104888916016,1158958
2020-10-26,UBL,120.98999786376953,123.0,117.1500015258789,119.04000091552734,71.52669525146484,1481085
2020-10-27,UBL,120.0,120.0,115.5199966430664,117.30000305175781,70.48120880126953,926750
2020-10-28,UBL,117.94999694824219,117.94999694824219,114.0,114.62000274658203,68.87088775634766,1475084
2020-10-29,UBL,113.1500015258789,113.51000213623047,106.20999908447266,109.62999725341797,65.87258911132812,2456772
2020-10-30,UBL,109.62999725341797,109.62999725341797,109.62999725341797,109.62999725341797,65.87258911132812,0
2020-11-02,UBL,108.0,108.0,106.01000213623047,106.45999908447266,63.96784973144531,1001019
2020-11-03,UBL,107.98999786376953,114.4000015258789,107.98999786376953,113.55999755859375,68.23397827148438,3165614
2020-11-04,UBL,114.58999633789062,115.0,110.9800033569336,111.13999938964844,66.77989196777344,587235
2020-11-05,UBL,112.9000015258789,114.5999984741211,111.5999984741211,113.88999938964844,68.43224334716797,368819
2020-11-06,UBL,114.0,114.9000015258789,110.9000015258789,111.55999755859375,67.03225708007812,946159
2020-11-09,UBL,111.0,112.8499984741211,109.0,111.47000122070312,66.97817993164062,392479
2020-11-10,UBL,118.5,118.55000305175781,116.51000213623047,117.41999816894531,70.55330657958984,4095044
2020-11-11,UBL,117.41999816894531,118.38999938964844,116.0199966430664,116.94999694824219,70.2708969116211,412727
2020-11-12,UBL,117.01000213623047,117.23999786376953,112.0,113.80999755859375,68.3841781616211,960596
2020-11-13,UBL,113.55000305175781,115.13999938964844,112.0999984741211,114.4800033569336,68.78677368164062,637216
2020-11-16,UBL,115.0,116.9000015258789,115.0,116.45999908447266,69.97647094726562,2365411
2020-11-17,UBL,117.70999908447266,122.69999694824219,117.0,121.0199966430664,72.7164077758789,1572946
2020-11-18,UBL,120.01000213623047,122.25,119.76000213623047,120.94000244140625,72.66834259033203,724210
2020-11-19,UBL,121.0,122.5,120.0,121.97000122070312,73.28724670410156,526712
2020-11-20,UBL,121.26000213623047,122.48999786376953,118.55000305175781,119.4000015258789,71.7430191040039,1046230
2020-11-23,UBL,119.30000305175781,119.30000305175781,116.75,118.0999984741211,70.9618911743164,1173609
2020-11-24,UBL,118.9800033569336,119.9000015258789,118.11000061035156,119.12000274658203,71.57478332519531,527507
2020-11-25,UBL,120.98999786376953,120.98999786376953,119.5,120.37000274658203,72.32584381103516,1570897
2020-11-26,UBL,122.0,122.0,119.80000305175781,120.19000244140625,72.21769714355469,1506844
2020-11-27,UBL,120.13999938964844,121.0,118.25,118.66999816894531,71.30438232421875,730925
2020-11-30,UBL,119.87999725341797,121.98999786376953,117.11000061035156,120.5,72.40393829345703,1432815
2020-12-01,UBL,121.51000213623047,122.0,120.5,121.7300033569336,73.14302062988281,4208758
2020-12-02,UBL,122.48999786376953,123.0,121.5,121.87000274658203,73.22714233398438,800709
2020-12-03,UBL,122.48999786376953,123.0,122.0,122.69000244140625,73.71985626220703,1081991
2020-12-04,UBL,122.87999725341797,124.88999938964844,122.19999694824219,123.98999786376953,74.50098419189453,2005232
2020-12-07,UBL,123.55000305175781,125.9000015258789,123.5,124.31999969482422,74.69924926757812,915004
2020-12-08,UBL,124.77999877929688,125.80000305175781,124.05000305175781,125.52999877929688,75.42631530761719,818960
2020-12-09,UBL,125.79000091552734,128.14999389648438,125.5,126.5199966430664,76.02115631103516,1156584
2020-12-10,UBL,125.6500015258789,127.8499984741211,125.6500015258789,126.08000183105469,75.75676727294922,1316464
2020-12-11,UBL,127.0999984741211,129.5,125.0,127.2699966430664,76.47180938720703,1970864
2020-12-14,UBL,127.41000366210938,129.5,127.41000366210938,129.1699981689453,77.61343383789062,863568
2020-12-15,UBL,129.8000030517578,131.25,128.57000732421875,129.6999969482422,77.93191528320312,1217596
2020-12-16,UBL,131.0,131.0,127.5199966430664,128.11000061035156,76.97653198242188,2430853
2020-12-17,UBL,129.8000030517578,129.8000030517578,127.0999984741211,128.91000366210938,77.45722961425781,2695219
2020-12-18,UBL,128.1999969482422,130.24000549316406,128.1999969482422,129.69000244140625,77.92588806152344,1238781
2020-12-21,UBL,129.69000244140625,130.5,127.0,127.72000122070312,76.74219512939453,998298
2020-12-22,UBL,127.98999786376953,127.98999786376953,125.1500015258789,125.58999633789062,75.46234893798828,751570
2020-12-23,UBL,125.4000015258789,127.25,125.0199966430664,125.58999633789062,75.46234893798828,622377
2020-12-24,UBL,126.0,127.5,126.0,126.70999908447266,76.13531494140625,2891857
2020-12-25,UBL,126.70999908447266,126.70999908447266,126.70999908447266,126.70999908447266,76.13531494140625,0
2020-12-28,UBL,125.55000305175781,127.4000015258789,125.5,125.91000366210938,75.65463256835938,418199
2020-12-29,UBL,125.51000213623047,126.4000015258789,120.0,121.73999786376953,73.14903259277344,910996
2020-12-30,UBL,123.94999694824219,124.5,122.6500015258789,124.29000091552734,74.68122863769531,821538
2020-12-31,UBL,124.75,127.48999786376953,123.5999984741211,125.86000061035156,75.62458038330078,442186
2021-01-01,UBL,126.5,134.49000549316406,125.01000213623047,129.9499969482422,78.08210754394531,1735326
2021-01-04,UBL,130.5,131.89999389648438,128.5,130.13999938964844,78.1962890625,1100394
2021-01-05,UBL,130.75,133.38999938964844,129.64999389648438,130.16000366210938,78.20830535888672,1173947
2021-01-06,UBL,131.0,132.89999389648438,130.5,131.47999572753906,79.00141906738281,842040
2021-01-07,UBL,132.39999389648438,140.0,132.00999450683594,139.32000732421875,83.71219635009766,4146663
2021-01-08,UBL,139.99000549316406,146.89999389648438,139.99000549316406,143.67999267578125,86.33194732666016,3092650
2021-01-11,UBL,144.0,147.0,141.25,141.63999938964844,85.10619354248047,1646822
2021-01-12,UBL,142.63999938964844,144.5,140.5,141.14999389648438,84.81177520751953,1494768
2021-01-13,UBL,143.14999389648438,143.14999389648438,138.5,139.02999877929688,83.53795623779297,2514574
2021-01-14,UBL,139.5,140.3000030517578,137.5,138.8800048828125,83.44782257080078,4942009
2021-01-15,UBL,139.97000122070312,140.49000549316406,136.89999389648438,138.83999633789062,83.4238052368164,1628181
2021-01-18,UBL,139.89999389648438,149.25,138.9499969482422,141.3300018310547,84.91992950439453,5329642
2021-01-19,UBL,142.0,144.5,138.32000732421875,139.27000427246094,83.6821517944336,2569186
2021-01-20,UBL,138.88999938964844,138.99000549316406,136.99000549316406,138.50999450683594,83.22549438476562,6072085
2021-01-21,UBL,138.9499969482422,140.0,138.00999450683594,138.7899932861328,83.39373016357422,3972280
2021-01-22,UBL,138.8000030517578,142.49000549316406,137.5,139.27999877929688,83.68819427490234,3739736
2021-01-25,UBL,138.5,141.49000549316406,137.89999389648438,138.16000366210938,83.01519012451172,1531249
2021-01-26,UBL,138.8699951171875,139.75,134.55999755859375,137.25999450683594,82.47441864013672,1636715
2021-01-27,UBL,138.25,142.0,135.0,136.08999633789062,81.77141571044922,2327398
2021-01-28,UBL,137.0,142.0,136.08999633789062,137.9499969482422,82.88900756835938,4293763
2021-01-29,UBL,138.10000610351562,139.99000549316406,136.1999969482422,136.7899932861328,82.19200134277344,3782391
2021-02-01,UBL,137.0,138.38999938964844,134.5,135.0800018310547,81.16455841064453,1694811
2021-02-02,UBL,136.3000030517578,136.89999389648438,134.6199951171875,136.57000732421875,82.05985260009766,1154465
2021-02-03,UBL,136.99000549316406,139.89999389648438,136.9499969482422,138.61000061035156,83.28558349609375,6060803
2021-02-04,UBL,139.5,144.75,138.25,138.72999572753906,83.35770416259766,5791539
2021-02-05,UBL,138.72999572753906,138.72999572753906,138.72999572753906,138.72999572753906,83.35770416259766,0
2021-02-08,UBL,138.60000610351562,139.9499969482422,137.25,138.22000122070312,83.0512466430664,2106891
2021-02-09,UBL,138.5500030517578,139.1300048828125,134.89999389648438,135.55999755859375,81.45295715332031,5817665
2021-02-10,UBL,135.49000549316406,135.49000549316406,134.00999450683594,134.1699981689453,80.61774444580078,1589278
2021-02-11,UBL,134.99000549316406,134.99000549316406,130.52000427246094,131.1300048828125,78.79114532470703,1288644
2021-02-12,UBL,131.89999389648438,133.00999450683594,128.5,129.35000610351562,77.72160339355469,2544006
2021-02-15,UBL,128.75,132.39999389648438,128.75,130.57000732421875,78.45465087890625,556571
2021-02-16,UBL,130.0,131.0,129.5500030517578,130.02999877929688,78.13018035888672,3802866
2021-02-17,UBL,130.99000549316406,133.8800048828125,130.1999969482422,130.88999938964844,78.64693450927734,2920817
2021-02-18,UBL,131.0,131.0,127.05000305175781,128.02000427246094,76.9224624633789,804549
2021-02-19,UBL,129.35000610351562,129.35000610351562,127.0,128.14999389648438,77.00055694580078,2122505
2021-02-22,UBL,128.14999389648438,128.44000244140625,119.11000061035156,122.9000015258789,73.84601593017578,2411633
2021-02-23,UBL,123.16000366210938,123.98999786376953,121.98999786376953,123.33999633789062,74.11040496826172,1868389
2021-02-24,UBL,123.5999984741211,125.18000030517578,121.0,122.8499984741211,73.81600189208984,2005249
2021-02-25,UBL,124.97000122070312,130.60000610351562,122.8499984741211,127.86000061035156,76.82630920410156,4138841
2021-02-26,UBL,128.3000030517578,131.4499969482422,126.9000015258789,127.51000213623047,76.61602020263672,3514012
2021-03-01,UBL,127.5,129.5,123.0,124.11000061035156,74.57306671142578,2408336
2021-03-02,UBL,124.30000305175781,127.0,123.19999694824219,126.36000061035156,75.9250259399414,3403969
2021-03-03,UBL,126.0,126.73999786376953,124.19999694824219,124.5999984741211,74.86750030517578,4426349
2021-03-04,UBL,121.5,123.80000305175781,121.0,121.87999725341797,73.233154296875,4335879
2021-03-05,UBL,122.19999694824219,124.75,122.0999984741211,123.93000030517578,74.46493530273438,2077258
2021-03-08,UBL,124.75,125.5,120.5,122.79000091552734,73.77993774414062,2039013
2021-03-09,UBL,122.19999694824219,126.25,121.30000305175781,124.80000305175781,74.9876708984375,2318519
2021-03-10,UBL,124.69999694824219,127.0,124.51000213623047,125.81999969482422,75.60054779052734,1852524
2021-03-11,UBL,126.94999694824219,126.94999694824219,123.0,123.58000183105469,74.2546157836914,1450761
2021-03-12,UBL,125.5,126.0,123.05000305175781,124.80999755859375,74.99369049072266,3182662
2021-03-15,UBL,125.54000091552734,127.4000015258789,125.0999984741211,126.23999786376953,75.85291290283203,1938399
2021-03-16,UBL,126.51000213623047,127.5,125.51000213623047,127.25,76.45978546142578,1154518
2021-03-17,UBL,127.4000015258789,132.89999389648438,127.4000015258789,132.39999389648438,79.55423736572266,2782816
2021-03-18,UBL,132.5,136.0,131.0500030517578,132.55999755859375,79.65036010742188,3517444
2021-03-19,UBL,123.9000015258789,123.9000015258789,119.4000015258789,120.91999816894531,75.35657501220703,1176702
2021-03-22,UBL,120.91999816894531,122.1500015258789,119.5999984741211,120.5199966430664,75.10729217529297,955312
2021-03-23,UBL,120.5199966430664,120.5199966430664,120.5199966430664,120.5199966430664,75.10729217529297,0
2021-03-24,UBL,120.87999725341797,121.5,119.5,120.61000061035156,75.16339874267578,1768053
2021-03-25,UBL,120.87999725341797,123.5,120.11000061035156,121.11000061035156,75.47496795654297,1554704
2021-03-26,UBL,121.48999786376953,121.48999786376953,118.5199966430664,119.16999816894531,74.26598358154297,1523816
2021-03-29,UBL,119.0,119.5,117.16000366210938,117.87000274658203,73.455810546875,882516
2021-03-30,UBL,118.88999938964844,119.0,116.0999984741211,116.48999786376953,72.59580993652344,744932
2021-03-31,UBL,117.0,119.88999938964844,117.0,118.94000244140625,74.12264251708984,1471450
2021-04-01,UBL,118.0,119.98999786376953,117.55000305175781,119.04000091552734,74.18495178222656,1072973
2021-04-02,UBL,119.5999984741211,119.5999984741211,118.0199966430664,118.41999816894531,73.79857635498047,205134
2021-04-05,UBL,118.19999694824219,118.19999694824219,115.0,115.55000305175781,72.010009765625,651263
2021-04-06,UBL,116.0,117.30000305175781,115.51000213623047,117.06999969482422,72.95726013183594,282103
2021-04-07,UBL,117.94999694824219,117.94999694824219,113.9000015258789,114.27999877929688,71.21856689453125,1479482
2021-04-08,UBL,115.26000213623047,119.4000015258789,114.5,117.20999908447266,73.04451751708984,572795
2021-04-09,UBL,117.0,119.48999786376953,116.5,118.44000244140625,73.81105041503906,629621
2021-04-12,UBL,118.5,118.87999725341797,116.20999908447266,117.06999969482422,72.95726013183594,819043
2021-04-13,UBL,117.8499984741211,120.0,116.25,119.54000091552734,74.4965591430664,1600982
2021-04-14,UBL,119.54000091552734,120.0,118.87999725341797,119.44999694824219,74.44047546386719,1438080
2021-04-15,UBL,119.98999786376953,120.9000015258789,119.25,119.95999908447266,74.75830078125,2424845
2021-04-16,UBL,120.48999786376953,121.5,119.2699966430664,119.66999816894531,74.57756042480469,493567
2021-04-19,UBL,118.0,120.38999938964844,118.0,118.93000030517578,74.11640930175781,202487
2021-04-20,UBL,119.69999694824219,120.69999694824219,118.37999725341797,118.69000244140625,73.96685791015625,463937
2021-04-21,UBL,119.9000015258789,120.0,117.80000305175781,119.13999938964844,74.24726867675781,627753
2021-04-22,UBL,122.01000213623047,126.0,122.01000213623047,124.05000305175781,77.30715942382812,4360280
2021-04-23,UBL,125.0,125.0,123.6500015258789,124.05999755859375,77.31339263916016,1351262
2021-04-26,UBL,123.75,129.5,123.5,126.70999908447266,78.96485137939453,3534963
2021-04-27,UBL,126.0,128.5,126.0,127.63999938964844,79.54443359375,1841276
2021-04-28,UBL,128.0,130.0,126.72000122070312,126.97000122070312,79.12688446044922,4379202
2021-04-29,UBL,126.80000305175781,130.0,125.5,127.4800033569336,79.44470977783203,6573278
2021-04-30,UBL,127.0999984741211,129.0,124.0,126.20999908447266,78.65325164794922,5534376
2021-05-03,UBL,127.9000015258789,127.9000015258789,124.26000213623047,125.80000305175781,78.39775085449219,2441372
2021-05-04,UBL,127.48999786376953,127.48999786376953,126.0199966430664,127.0199966430664,79.15805053710938,736377
2021-05-05,UBL,125.80000305175781,125.80000305175781,123.0199966430664,124.69999694824219,78.95543670654297,1015570
2021-05-06,UBL,123.25,125.0,122.5,122.91999816894531,77.82838439941406,2009959
2021-05-07,UBL,122.91999816894531,122.91999816894531,122.91999816894531,122.91999816894531,77.82838439941406,0
2021-05-10,UBL,122.91999816894531,122.91999816894531,122.91999816894531,122.91999816894531,77.82838439941406,0
2021-05-11,UBL,122.91999816894531,122.91999816894531,122.91999816894531,122.91999816894531,77.82838439941406,0
2021-05-12,UBL,122.91999816894531,122.91999816894531,122.91999816894531,122.91999816894531,77.82838439941406,0
2021-05-13,UBL,122.91999816894531,122.91999816894531,122.91999816894531,122.91999816894531,77.82838439941406,0
2021-05-14,UBL,122.91999816894531,122.91999816894531,122.91999816894531,122.91999816894531,77.82838439941406,0
2021-05-17,UBL,123.05000305175781,125.0,122.25,122.62999725341797,77.64479064941406,1240537
2021-05-18,UBL,123.5,123.5,121.75,122.0,77.24589538574219,916177
2021-05-19,UBL,122.75,123.0,121.26000213623047,122.51000213623047,77.56880950927734,5776261
2021-05-20,UBL,122.9000015258789,122.9000015258789,120.18000030517578,121.66000366210938,77.0306167602539,582934
2021-05-21,UBL,121.98999786376953,124.44000244140625,121.98999786376953,123.83999633789062,78.4109115600586,4305757
2021-05-24,UBL,123.98999786376953,125.0,123.75,124.44999694824219,78.79714965820312,2260906
2021-05-25,UBL,124.48999786376953,129.11000061035156,124.0,127.19000244140625,80.53201293945312,10083686
2021-05-26,UBL,128.0,129.5,127.5,128.55999755859375,81.3994369506836,481570
2021-05-27,UBL,129.8000030517578,132.0,128.0,128.8800048828125,81.60204315185547,2730693
2021-05-28,UBL,129.5,130.10000610351562,127.0,129.22000122070312,81.81732940673828,5073323
2021-05-31,UBL,129.97999572753906,132.89999389648438,128.50999450683594,129.27000427246094,81.8489761352539,2985465
2021-06-01,UBL,129.85000610351562,131.3000030517578,129.1999969482422,129.33999633789062,81.89329528808594,1347909
2021-06-02,UBL,130.5,130.5,129.0,129.5399932861328,82.01993560791016,951182
2021-06-03,UBL,129.8800048828125,130.0,128.5,129.1699981689453,81.7856674194336,766478
2021-06-04,UBL,129.9199981689453,131.0,129.0,130.60000610351562,82.69110870361328,693619
2021-06-07,UBL,130.00999450683594,132.0,130.00999450683594,130.99000549316406,82.93802642822266,626676
2021-06-08,UBL,131.0,131.0,130.0,130.47999572753906,82.6151351928711,401895
2021-06-09,UBL,131.5,131.5,129.0,129.33999633789062,81.89329528808594,940393
2021-06-10,UBL,129.0,132.58999633789062,128.50999450683594,131.49000549316406,83.25462341308594,3301804
2021-06-11,UBL,131.00999450683594,132.49000549316406,131.00999450683594,131.42999267578125,83.21662139892578,296337
2021-06-14,UBL,131.02000427246094,133.0,131.0,132.25999450683594,83.74214172363281,926573
2021-06-15,UBL,131.7100067138672,132.8699951171875,131.0,131.3300018310547,83.1532974243164,406030
2021-06-16,UBL,131.1199951171875,131.50999450683594,128.0,130.13999938964844,82.39984130859375,518174
2021-06-17,UBL,130.0,130.0,128.66000366210938,128.9600067138672,81.65270233154297,374182
2021-06-18,UBL,128.11000061035156,129.99000549316406,127.70999908447266,127.95999908447266,81.01953887939453,803360
2021-06-21,UBL,128.0,129.5,127.0,127.44000244140625,80.6903076171875,2430333
2021-06-22,UBL,127.30000305175781,128.99000549316406,126.80000305175781,128.02999877929688,81.06387329101562,186502
2021-06-23,UBL,129.69000244140625,129.69000244140625,126.9000015258789,127.58000183105469,80.77893829345703,443203
2021-06-24,UBL,128.0,129.99000549316406,126.75,129.3800048828125,81.91864776611328,494974
2021-06-25,UBL,129.88999938964844,129.88999938964844,126.0,126.27999877929688,79.95582580566406,831364
2021-06-28,UBL,127.80000305175781,127.80000305175781,121.98999786376953,122.58999633789062,77.61944580078125,658487
2021-06-29,UBL,123.98999786376953,125.9000015258789,121.70999908447266,122.02999877929688,77.26490020751953,1449520
2021-06-30,UBL,123.0,123.58999633789062,120.11000061035156,122.19999694824219,77.37252807617188,3072941
2021-07-01,UBL,122.5,124.0,122.5,122.58999633789062,77.61944580078125,576356
2021-07-02,UBL,122.94999694824219,123.79000091552734,122.5999984741211,123.0,77.87905883789062,549666
2021-07-05,UBL,123.0,124.0,122.02999877929688,123.70999908447266,78.32860565185547,3404807
2021-07-06,UBL,124.4000015258789,124.4000015258789,123.2699966430664,123.69000244140625,78.31594848632812,630792
2021-07-07,UBL,123.98999786376953,124.16000366210938,123.0,123.25,78.03733825683594,1133329
2021-07-08,UBL,123.93000030517578,125.5,123.0999984741211,124.51000213623047,78.83513641357422,1429383
2021-07-09,UBL,124.2699966430664,125.87999725341797,124.02999877929688,124.55999755859375,78.86678314208984,1231132
2021-07-12,UBL,124.7699966430664,125.05000305175781,123.5,123.91999816894531,78.46155548095703,266199
2021-07-13,UBL,124.4000015258789,124.94999694824219,123.25,124.02999877929688,78.5312271118164,331593
2021-07-14,UBL,124.7300033569336,125.44000244140625,123.0,124.26000213623047,78.67684936523438,1750218
2021-07-15,UBL,124.94999694824219,125.93000030517578,124.01000213623047,125.13999938964844,79.23403930664062,756088
2021-07-16,UBL,125.69999694824219,127.98999786376953,125.05000305175781,126.63999938964844,80.18376159667969,1588242
2021-07-19,UBL,127.0,127.55000305175781,125.51000213623047,127.20999908447266,80.54466247558594,264794
2021-07-20,UBL,127.20999908447266,127.20999908447266,127.20999908447266,127.20999908447266,80.54466247558594,0
2021-07-21,UBL,127.20999908447266,127.20999908447266,127.20999908447266,127.20999908447266,80.54466247558594,0
2021-07-22,UBL,127.20999908447266,127.20999908447266,127.20999908447266,127.20999908447266,80.54466247558594,0
2021-07-23,UBL,127.20999908447266,127.20999908447266,127.20999908447266,127.20999908447266,80.54466247558594,0
2021-07-26,UBL,127.87999725341797,127.87999725341797,124.5,125.18000030517578,79.25935363769531,805954
2021-07-27,UBL,125.0,128.0,124.16000366210938,127.48999786376953,80.72196197509766,912859
2021-07-28,UBL,127.5,127.79000091552734,126.52999877929688,127.01000213623047,80.41804504394531,542118
2021-07-29,UBL,127.4800033569336,127.4800033569336,125.44999694824219,126.19000244140625,79.89885711669922,360901
2021-07-30,UBL,126.94999694824219,126.94999694824219,124.5,124.98999786376953,79.13905334472656,1071862
2021-08-02,UBL,125.36000061035156,126.0,124.0,125.33000183105469,79.35431671142578,443239
2021-08-03,UBL,125.83999633789062,126.25,124.52999877929688,125.2300033569336,79.291015625,533014
2021-08-04,UBL,125.8499984741211,126.9000015258789,125.0,126.48999786376953,80.08879089355469,572045
2021-08-05,UBL,126.5,127.0,126.01000213623047,126.8499984741211,80.31672668457031,1855411
2021-08-06,UBL,126.9800033569336,127.98999786376953,126.80000305175781,127.20999908447266,80.54466247558594,1405224
2021-08-09,UBL,128.39999389648438,130.49000549316406,125.0999984741211,127.47000122070312,80.70928955078125,2628408
2021-08-10,UBL,127.9000015258789,128.9499969482422,127.12000274658203,127.69000244140625,80.84860229492188,710941
2021-08-11,UBL,128.63999938964844,130.5,127.69999694824219,128.6699981689453,81.46910095214844,693745
2021-08-12,UBL,129.5,129.60000610351562,128.1999969482422,129.1999969482422,81.80467987060547,405784
2021-08-13,UBL,129.0,129.8800048828125,128.60000610351562,129.50999450683594,82.00093078613281,229252
2021-08-16,UBL,129.4499969482422,129.8000030517578,128.5,129.0,81.67804718017578,1042841
2021-08-17,UBL,129.0,130.0,128.50999450683594,129.36000061035156,81.90597534179688,497083
2021-08-18,UBL,129.36000061035156,129.36000061035156,129.36000061035156,129.36000061035156,81.90597534179688,0
2021-08-19,UBL,129.36000061035156,129.36000061035156,129.36000061035156,129.36000061035156,81.90597534179688,0
2021-08-20,UBL,129.5,129.5,129.0,129.3300018310547,81.8869857788086,384815
2021-08-23,UBL,129.3300018310547,130.0,129.25,129.6999969482422,82.1212387084961,1389752
2021-08-24,UBL,129.99000549316406,130.0,129.00999450683594,129.47999572753906,81.98194122314453,1195814
2021-08-25,UBL,129.5,129.5,128.89999389648438,129.00999450683594,81.6843490600586,953606
2021-08-26,UBL,125.5,125.5,123.6500015258789,124.27999877929688,79.92859649658203,985594
2021-08-27,UBL,124.9000015258789,124.9000015258789,122.5999984741211,123.06999969482422,79.1504135131836,557378
2021-08-30,UBL,123.06999969482422,123.19999694824219,121.75,122.19000244140625,78.58447265625,541611
2021-08-31,UBL,122.75,122.75,120.0,120.93000030517578,77.77410888671875,1000063
2021-09-01,UBL,121.0,122.16000366210938,120.80000305175781,121.52999877929688,78.15998840332031,400860
2021-09-02,UBL,122.0,122.0,116.0,117.97000122070312,75.87045288085938,1204570
2021-09-03,UBL,118.5,119.18000030517578,116.91000366210938,117.6500015258789,75.66464233398438,1318202
2021-09-06,UBL,117.9800033569336,118.0999984741211,115.51000213623047,116.12000274658203,74.68064880371094,2785525
2021-09-07,UBL,116.75,116.75,114.80000305175781,115.58000183105469,74.3333511352539,2567351
2021-09-08,UBL,116.0,116.9800033569336,113.98999786376953,114.37000274658203,73.55516052246094,2674566
2021-09-09,UBL,115.0,116.33999633789062,113.05000305175781,115.97000122070312,74.58417510986328,6051665
2021-09-10,UBL,116.94999694824219,116.94999694824219,114.30000305175781,115.9800033569336,74.59062194824219,1371543
2021-09-13,UBL,116.9000015258789,123.19999694824219,115.9800033569336,121.69000244140625,78.26290130615234,6691583
2021-09-14,UBL,121.69000244140625,123.73999786376953,119.5,120.75,77.6583480834961,960755
2021-09-15,UBL,121.48999786376953,123.98999786376953,120.0,123.33999633789062,79.3240737915039,823718
2021-09-16,UBL,123.9000015258789,125.0,121.56999969482422,123.6500015258789,79.52345275878906,519126
2021-09-17,UBL,121.80999755859375,125.0999984741211,120.0,122.23999786376953,78.61661529541016,1250351
2021-09-20,UBL,121.5199966430664,125.0,121.30999755859375,123.94000244140625,79.7099609375,243827
2021-09-21,UBL,124.5,126.01000213623047,120.55000305175781,122.87999725341797,79.02822875976562,1590233
2021-09-22,UBL,123.0,123.0,118.19999694824219,121.19000244140625,77.94133758544922,1245741
2021-09-23,UBL,122.0,122.0,120.0,120.69999694824219,77.62620544433594,187765
2021-09-24,UBL,120.9000015258789,121.0,119.30000305175781,120.4000015258789,77.4332504272461,290086
2021-09-27,UBL,121.0,121.0,118.0,118.87999725341797,76.45569610595703,785387
2021-09-28,UBL,118.87999725341797,118.87999725341797,118.87999725341797,118.87999725341797,76.45569610595703,0
2021-09-29,UBL,119.94999694824219,119.94999694824219,116.5,117.1500015258789,75.34308624267578,1638167
2021-09-30,UBL,117.33000183105469,119.0,116.0,118.55999755859375,76.24988555908203,2127141
2021-10-01,UBL,118.0,119.44999694824219,117.05000305175781,117.83000183105469,75.78041076660156,506091
2021-10-04,UBL,115.1500015258789,118.94999694824219,115.1500015258789,118.37000274658203,76.12771606445312,756651
2021-10-05,UBL,118.5,120.68000030517578,117.5,120.01000213623047,77.18243408203125,1526479
2021-10-06,UBL,120.9000015258789,122.48999786376953,119.0,121.91999816894531,78.41080474853516,1925997
2021-10-07,UBL,122.44999694824219,124.5999984741211,120.26000213623047,123.43000030517578,79.3819580078125,2340805
2021-10-08,UBL,124.38999938964844,124.6500015258789,121.61000061035156,123.72000122070312,79.56846618652344,670597
2021-10-11,UBL,124.0999984741211,124.0999984741211,122.70999908447266,123.08000183105469,79.15685272216797,255409
2021-10-12,UBL,123.98999786376953,127.48999786376953,121.5999984741211,125.7300033569336,80.86116027832031,1539298
2021-10-13,UBL,125.7300033569336,128.0,121.0,122.19000244140625,78.58447265625,1418439
2021-10-14,UBL,122.19000244140625,128.5,122.0999984741211,127.83999633789062,82.21817016601562,1499969
2021-10-15,UBL,127.05000305175781,132.0,126.26000213623047,129.5,83.28577423095703,2167101
2021-10-18,UBL,130.97999572753906,132.88999938964844,127.69999694824219,130.02000427246094,83.62020111083984,638094
2021-10-19,UBL,130.02000427246094,130.02000427246094,130.02000427246094,130.02000427246094,83.62020111083984,0
2021-10-20,UBL,128.99000549316406,135.0,128.10000610351562,133.3699951171875,85.77469635009766,2254113
2021-10-21,UBL,133.47999572753906,143.3699951171875,132.5,140.1199951171875,90.11583709716797,6530942
2021-10-22,UBL,138.64999389648438,143.0,138.5,142.25,91.48573303222656,2330869
2021-10-25,UBL,142.25,142.5,140.0,142.25,91.48573303222656,464348
2021-10-26,UBL,139.5,141.4499969482422,138.5,138.88999938964844,89.32479095458984,1419992
2021-10-27,UBL,143.0,143.0,140.00999450683594,140.42999267578125,90.31523132324219,831425
2021-10-28,UBL,139.00999450683594,142.5,138.00999450683594,142.32000732421875,91.53075408935547,1420966
2021-10-29,UBL,139.85000610351562,141.99000549316406,137.0,140.02999877929688,91.34158325195312,1112881
2021-11-01,UBL,141.5,142.89999389648438,138.50999450683594,138.97999572753906,90.65666198730469,623264
2021-11-02,UBL,140.47999572753906,140.5,139.0,140.05999755859375,91.36112213134766,4007890
2021-11-03,UBL,140.0,141.75,136.0500030517578,136.6699981689453,89.14984130859375,1912449
2021-11-04,UBL,136.5,137.85000610351562,135.99000549316406,136.77999877929688,89.22158813476562,476272
2021-11-05,UBL,137.64999389648438,139.88999938964844,135.50999450683594,139.2899932861328,90.85887145996094,953663
2021-11-08,UBL,139.0,139.89999389648438,136.75,138.25,90.18047332763672,432720
2021-11-09,UBL,139.24000549316406,139.24000549316406,134.89999389648438,135.52000427246094,88.39971160888672,4079560
2021-11-10,UBL,136.88999938964844,136.88999938964844,135.00999450683594,135.39999389648438,88.3214340209961,3771742
2021-11-11,UBL,136.89999389648438,136.89999389648438,134.22999572753906,134.91000366210938,88.00180053710938,437342
2021-11-12,UBL,134.89999389648438,137.0,133.5,133.83999633789062,87.30384826660156,1213978
2021-11-15,UBL,136.0,136.8800048828125,132.64999389648438,135.5500030517578,88.41926574707031,1894571
2021-11-16,UBL,134.5,137.25,134.5,137.0500030517578,89.39772033691406,1260174
2021-11-17,UBL,138.0,139.60000610351562,136.60000610351562,137.85000610351562,89.91956329345703,2906273
2021-11-18,UBL,138.6999969482422,139.5,137.0,138.7899932861328,90.53272247314453,1366743
2021-11-19,UBL,138.2100067138672,141.35000610351562,138.2100067138672,139.99000549316406,91.31548309326172,9707962
2021-11-22,UBL,142.5,145.0,139.50999450683594,141.0399932861328,92.00041198730469,4008696
2021-11-23,UBL,142.0,142.0,138.30999755859375,139.85000610351562,91.22415924072266,1588647
2021-11-24,UBL,141.0,142.82000732421875,137.00999450683594,142.0399932861328,92.65269470214844,1967508
2021-11-25,UBL,142.0500030517578,142.0500030517578,138.61000061035156,139.55999755859375,91.03498077392578,1641771
2021-11-26,UBL,139.5,141.77999877929688,138.05999755859375,140.4600067138672,91.62208557128906,3706110
2021-11-29,UBL,140.0,144.8000030517578,138.1999969482422,143.6999969482422,93.73551940917969,2397487
2021-11-30,UBL,144.5,146.89999389648438,138.00999450683594,141.25,92.13737487792969,20844716
2021-12-01,UBL,142.50999450683594,144.8000030517578,141.44000244140625,143.88999938964844,93.85945129394531,1819137
2021-12-02,UBL,142.1300048828125,143.89999389648438,137.11000061035156,139.83999633789062,91.2176284790039,1382287
2021-12-03,UBL,140.89999389648438,145.0,138.0,143.8000030517578,93.8007583618164,1937176
2021-12-06,UBL,144.75,145.0,139.10000610351562,140.83999633789062,91.86992645263672,1958728
2021-12-07,UBL,142.0,142.0,139.25,139.9600067138672,91.29590606689453,311337
2021-12-08,UBL,141.75,142.3000030517578,139.10000610351562,141.91000366210938,92.56790924072266,1140999
2021-12-09,UBL,141.91000366210938,142.9499969482422,138.4499969482422,141.1699981689453,92.08518981933594,418338
2021-12-10,UBL,141.99000549316406,141.99000549316406,138.89999389648438,140.11000061035156,91.39375305175781,362793
2021-12-13,UBL,141.0,142.5,136.0,137.25,89.5281982421875,5825167
2021-12-14,UBL,138.0,138.5,136.05999755859375,137.44000244140625,89.6521224975586,1024767
2021-12-15,UBL,138.8699951171875,138.94000244140625,136.5500030517578,137.61000061035156,89.76302337646484,1090914
2021-12-16,UBL,138.2899932861328,138.5,134.05999755859375,134.99000549316406,88.05400085449219,1440490
2021-12-17,UBL,136.6999969482422,136.6999969482422,134.00999450683594,134.82000732421875,87.94309997558594,764216
2021-12-20,UBL,135.99000549316406,136.3000030517578,133.75,134.13999938964844,87.49954223632812,392961
2021-12-21,UBL,135.5,135.5,134.0,134.22000122070312,87.55171203613281,120692
2021-12-22,UBL,135.39999389648438,135.39999389648438,133.0,133.3300018310547,86.97118377685547,573905
2021-12-23,UBL,133.25,134.85000610351562,133.25,134.42999267578125,87.68869018554688,362658
2021-12-24,UBL,134.60000610351562,135.4499969482422,133.6999969482422,135.00999450683594,88.06703186035156,120984
2021-12-27,UBL,135.85000610351562,135.85000610351562,134.0,134.2899932861328,87.59738159179688,932292
2021-12-28,UBL,135.0,135.1999969482422,134.5,134.94000244140625,88.02137756347656,68151
2021-12-29,UBL,135.14999389648438,135.14999389648438,132.5,133.42999267578125,87.03638458251953,322747
2021-12-30,UBL,133.02999877929688,137.0,133.02999877929688,135.2899932861328,88.24968719482422,769544
2021-12-31,UBL,136.64999389648438,137.5,134.02999877929688,136.5800018310547,89.09114074707031,823280
2022-01-03,UBL,136.9499969482422,138.0,135.50999450683594,137.39999389648438,89.62602233886719,342216
2022-01-04,UBL,137.97000122070312,137.97000122070312,136.4600067138672,136.9199981689453,89.31291961669922,430685
2022-01-05,UBL,137.49000549316406,137.5,136.3000030517578,137.22999572753906,89.51513671875,301979
2022-01-06,UBL,137.83999633789062,138.5,137.0,138.08999633789062,90.07609558105469,533097
2022-01-07,UBL,138.8000030517578,140.89999389648438,137.89999389648438,140.58999633789062,91.70686340332031,865771
2022-01-10,UBL,140.99000549316406,142.89999389648438,140.0,142.05999755859375,92.6657485961914,629891
2022-01-11,UBL,143.49000549316406,143.49000549316406,140.39999389648438,142.99000549316406,93.27238464355469,846620
2022-01-12,UBL,143.89999389648438,144.0,142.60000610351562,143.0500030517578,93.3115234375,467159
2022-01-13,UBL,142.89999389648438,143.5,141.5,142.27999877929688,92.80925750732422,269803
2022-01-14,UBL,142.85000610351562,143.1999969482422,142.02000427246094,142.1300048828125,92.71141052246094,1547436
2022-01-17,UBL,142.10000610351562,142.9499969482422,141.89999389648438,142.17999267578125,92.7440185546875,327738
2022-01-18,UBL,143.47999572753906,143.47999572753906,141.0,141.5500030517578,92.33308410644531,1802469
2022-01-19,UBL,142.0,142.0,139.75,140.08999633789062,91.38072967529297,911793
2022-01-20,UBL,140.75,142.5,139.5500030517578,140.11000061035156,91.39375305175781,376981
2022-01-21,UBL,140.39999389648438,142.5,139.00999450683594,141.02000427246094,91.98735809326172,127590
2022-01-24,UBL,141.44000244140625,141.5,139.85000610351562,140.00999450683594,91.32853698730469,665691
2022-01-25,UBL,140.75,141.39999389648438,140.02999877929688,140.63999938964844,91.7394790649414,121962
2022-01-26,UBL,140.9499969482422,140.9499969482422,139.8000030517578,140.4600067138672,91.62208557128906,138173
2022-01-27,UBL,140.9499969482422,141.4499969482422,140.02000427246094,140.52000427246094,91.66120147705078,289718
2022-01-28,UBL,141.0,141.0,139.74000549316406,140.0800018310547,91.37419128417969,554581
2022-01-31,UBL,140.9499969482422,141.47999572753906,139.50999450683594,139.77999877929688,91.17850494384766,568851
2022-02-01,UBL,139.5,141.0,139.5,140.4499969482422,91.61555480957031,184019
2022-02-02,UBL,140.6999969482422,142.49000549316406,140.0,140.9199981689453,91.92211151123047,910491
2022-02-03,UBL,142.4600067138672,142.5500030517578,140.64999389648438,140.72000122070312,91.7916488647461,264918
2022-02-04,UBL,141.39999389648438,141.39999389648438,140.11000061035156,140.80999755859375,91.8503646850586,103938
2022-02-07,UBL,141.4499969482422,141.4499969482422,139.5500030517578,139.9600067138672,91.29590606689453,221399
2022-02-08,UBL,139.5,141.0500030517578,139.5,139.6199951171875,91.07411193847656,365027
2022-02-09,UBL,139.64999389648438,142.0,139.64999389648438,140.83999633789062,91.86992645263672,149870
2022-02-10,UBL,140.11000061035156,141.6999969482422,140.11000061035156,140.92999267578125,91.92863464355469,457438
2022-02-11,UBL,140.4499969482422,143.99000549316406,140.4499969482422,143.52000427246094,93.61811065673828,1305115
2022-02-14,UBL,144.0,144.0,142.50999450683594,142.97999572753906,93.26585388183594,235106
2022-02-15,UBL,142.97999572753906,143.5,142.0,143.0500030517578,93.3115234375,360503
2022-02-16,UBL,142.8000030517578,143.9499969482422,142.8000030517578,143.22999572753906,93.42892456054688,135924
2022-02-17,UBL,141.16000366210938,143.97999572753906,141.16000366210938,143.22999572753906,93.42892456054688,538022
2022-02-18,UBL,143.75,145.8800048828125,143.0,145.10000610351562,94.64875030517578,601918
2022-02-21,UBL,143.5500030517578,144.89999389648438,143.36000061035156,143.75999450683594,93.77465057373047,92045
2022-02-22,UBL,145.0,145.8000030517578,142.5,144.94000244140625,94.54437255859375,984313
2022-02-23,UBL,144.99000549316406,150.89999389648438,143.49000549316406,149.80999755859375,97.72106170654297,5367261
2022-02-24,UBL,146.10000610351562,149.97000122070312,146.0,148.52000427246094,96.87960052490234,2188665
2022-02-25,UBL,149.5,149.99000549316406,147.14999389648438,148.9199981689453,97.14051818847656,346362
2022-02-28,UBL,150.6699981689453,150.6699981689453,147.10000610351562,148.2899932861328,96.72955322265625,238610
2022-03-01,UBL,148.89999389648438,150.1999969482422,148.0,148.57000732421875,96.91222381591797,640665
2022-03-02,UBL,149.0,149.0,145.38999938964844,146.82000732421875,95.77068328857422,633200
2022-03-03,UBL,146.82000732421875,149.0500030517578,146.5,148.02999877929688,96.55998229980469,437945
2022-03-04,UBL,147.02000427246094,149.25,147.02000427246094,148.64999389648438,96.96441650390625,527273
2022-03-07,UBL,147.5,148.8000030517578,142.97999572753906,144.8800048828125,94.50524139404297,807788
2022-03-08,UBL,144.0,147.49000549316406,143.1999969482422,144.2100067138672,94.06818389892578,617410
2022-03-09,UBL,143.50999450683594,147.0,143.50999450683594,144.8800048828125,94.50524139404297,396170
2022-03-10,UBL,145.74000549316406,149.0,144.39999389648438,148.02999877929688,96.55998229980469,913077
2022-03-11,UBL,148.99000549316406,149.0,145.0500030517578,148.8699951171875,97.10791778564453,270839
2022-03-14,UBL,149.89999389648438,149.89999389648438,146.0,146.63999938964844,95.65327453613281,791356
2022-03-15,UBL,146.63999938964844,148.0,145.49000549316406,145.8699951171875,95.15101623535156,2075466
2022-03-16,UBL,146.85000610351562,148.9499969482422,146.00999450683594,147.22000122070312,96.0316162109375,1813245
2022-03-17,UBL,147.22000122070312,149.0,147.0,148.14999389648438,96.63824462890625,1261696
2022-03-18,UBL,142.99000549316406,142.99000549316406,139.25,140.27999877929688,93.3958969116211,2674075
2022-03-21,UBL,140.5,140.5,139.0,139.17999267578125,92.66353607177734,1838216
2022-03-22,UBL,139.97999572753906,140.0,138.61000061035156,138.99000549316406,92.53704071044922,4242170
2022-03-23,UBL,138.99000549316406,138.99000549316406,138.99000549316406,138.99000549316406,92.53704071044922,0
2022-03-24,UBL,139.3000030517578,139.3000030517578,137.1999969482422,137.8300018310547,91.76473999023438,5341546
2022-03-25,UBL,138.0,138.0,136.5,136.91000366210938,91.15220642089844,782991
2022-03-28,UBL,137.4499969482422,138.5,136.0,137.82000732421875,91.75807189941406,2690686
2022-03-29,UBL,138.0,139.49000549316406,136.8000030517578,137.9199981689453,91.82465362548828,738537
2022-03-30,UBL,138.35000610351562,138.49000549316406,136.60000610351562,136.9199981689453,91.15886688232422,2722792
2022-03-31,UBL,136.50999450683594,137.5,135.9499969482422,136.38999938964844,90.8060073852539,2923383
2022-04-01,UBL,136.75,142.14999389648438,136.5,140.64999389648438,93.64221954345703,3714139
2022-04-04,UBL,136.50999450683594,139.99000549316406,136.50999450683594,138.22000122070312,92.02438354492188,593447
2022-04-05,UBL,137.00999450683594,138.7899932861328,136.0500030517578,137.55999755859375,91.58496856689453,383815
2022-04-06,UBL,139.0,139.02000427246094,137.05999755859375,137.52999877929688,91.56497192382812,686761
2022-04-07,UBL,137.49000549316406,137.49000549316406,132.3000030517578,133.13999938964844,88.6422119140625,3599394
2022-04-08,UBL,135.5,139.9499969482422,135.5,138.6699981689453,92.323974609375,1701455
2022-04-11,UBL,142.0,144.1999969482422,142.0,143.36000061035156,95.44648742675781,1358852
2022-04-12,UBL,142.02000427246094,144.1999969482422,142.00999450683594,143.94000244140625,95.8326644897461,849721
2022-04-13,UBL,144.94000244140625,144.94000244140625,141.0800018310547,141.49000549316406,94.20149230957031,436996
2022-04-14,UBL,142.0,142.89999389648438,141.14999389648438,141.9600067138672,94.51441192626953,265920
2022-04-15,UBL,142.0,142.5,141.35000610351562,142.0800018310547,94.59429168701172,32226
2022-04-18,UBL,141.11000061035156,141.89999389648438,139.5,140.50999450683594,93.54902648925781,526241
2022-04-19,UBL,142.5,142.5,139.14999389648438,140.07000732421875,93.25607299804688,522173
2022-04-20,UBL,140.39999389648438,143.2899932861328,139.25,141.9600067138672,94.51441192626953,1746384
2022-04-21,UBL,142.0,142.00999450683594,140.50999450683594,141.35000610351562,94.10826873779297,452199
2022-04-22,UBL,141.5,141.9499969482422,140.52000427246094,141.2899932861328,94.06832122802734,387589
2022-04-25,UBL,143.74000549316406,143.74000549316406,140.89999389648438,141.22000122070312,94.02173614501953,1055552
2022-04-26,UBL,142.39999389648438,142.39999389648438,140.5500030517578,141.64999389648438,94.30799865722656,428037
2022-04-27,UBL,139.8000030517578,139.8000030517578,136.0,137.17999267578125,92.97285461425781,135520
2022-04-28,UBL,138.49000549316406,138.49000549316406,135.5,137.38999938964844,93.11518096923828,130423
2022-04-29,UBL,137.38999938964844,137.38999938964844,137.38999938964844,137.38999938964844,93.11518096923828,0
2022-05-02,UBL,137.38999938964844,137.38999938964844,137.38999938964844,137.38999938964844,93.11518096923828,0
2022-05-03,UBL,137.38999938964844,137.38999938964844,137.38999938964844,137.38999938964844,93.11518096923828,0
2022-05-04,UBL,137.38999938964844,137.38999938964844,137.38999938964844,137.38999938964844,93.11518096923828,0
2022-05-05,UBL,137.38999938964844,137.38999938964844,137.38999938964844,137.38999938964844,93.11518096923828,0
2022-05-06,UBL,137.9499969482422,139.0,137.10000610351562,137.32000732421875,93.06774139404297,328772
2022-05-09,UBL,137.0,137.85000610351562,132.5,134.6999969482422,91.29205322265625,1266895
2022-05-10,UBL,135.5,136.6699981689453,133.3000030517578,134.08999633789062,90.87863159179688,116552
2022-05-11,UBL,135.89999389648438,135.89999389648438,129.5,131.5500030517578,89.15716552734375,756369
2022-05-12,UBL,132.99000549316406,133.0,129.0,129.41000366210938,87.70679473876953,902207
2022-05-13,UBL,130.0,132.9499969482422,130.0,132.08999633789062,89.52313995361328,260862
2022-05-16,UBL,132.0,132.0,129.11000061035156,130.72000122070312,88.59464263916016,505504
2022-05-17,UBL,131.85000610351562,132.44000244140625,130.6199951171875,132.0,89.46214294433594,682832
2022-05-18,UBL,132.47999572753906,133.99000549316406,131.1999969482422,131.3800048828125,89.04194641113281,584372
2022-05-19,UBL,133.7899932861328,133.7899932861328,131.5,131.9600067138672,89.4350357055664,260252
2022-05-20,UBL,132.75,133.32000732421875,131.5399932861328,131.99000549316406,89.45536804199219,526762
2022-05-23,UBL,132.0,132.00999450683594,129.75,130.36000061035156,88.35064697265625,328867
2022-05-24,UBL,131.99000549316406,131.99000549316406,125.51000213623047,126.5,85.73455810546875,729695
2022-05-25,UBL,126.11000061035156,127.80000305175781,124.70999908447266,126.80999755859375,85.94464874267578,619401
2022-05-26,UBL,126.9800033569336,129.2899932861328,125.61000061035156,128.36000061035156,86.99515533447266,746138
2022-05-27,UBL,130.0,132.5500030517578,129.10000610351562,129.63999938964844,87.8626708984375,1076420
2022-05-30,UBL,129.5500030517578,131.89999389648438,129.0500030517578,130.66000366210938,88.55396270751953,1346872
2022-05-31,UBL,131.75,131.99000549316406,129.99000549316406,131.11000061035156,88.85894775390625,4921434
2022-06-01,UBL,131.69000244140625,131.69000244140625,127.6500015258789,128.1999969482422,86.88671875,2525869
2022-06-02,UBL,128.75,128.75,125.7300033569336,126.11000061035156,85.47023010253906,534445
2022-06-03,UBL,127.97000122070312,127.97000122070312,125.0,125.66999816894531,85.1720199584961,360443
2022-06-06,UBL,127.0,127.0,124.30000305175781,125.80000305175781,85.26014709472656,400820
2022-06-07,UBL,125.1500015258789,127.4000015258789,125.1500015258789,125.44000244140625,85.01615142822266,33170
2022-06-08,UBL,125.98999786376953,125.98999786376953,124.30000305175781,124.95999908447266,84.69084167480469,316051
2022-06-09,UBL,124.05000305175781,126.68000030517578,124.05000305175781,126.22000122070312,85.54479217529297,609891
2022-06-10,UBL,126.22000122070312,126.9800033569336,125.0,126.20999908447266,85.53800201416016,599375
2022-06-13,UBL,124.5,124.5,118.5,118.98999786376953,80.64470672607422,1766437
2022-06-14,UBL,117.05000305175781,119.4000015258789,116.69999694824219,117.45999908447266,79.60774993896484,1242817
2022-06-15,UBL,119.8499984741211,119.8499984741211,117.5,118.54000091552734,80.33970642089844,379555
2022-06-16,UBL,118.5999984741211,119.69999694824219,117.0,118.55000305175781,80.34648895263672,589426
2022-06-17,UBL,118.9000015258789,121.19999694824219,118.26000213623047,120.12000274658203,81.41056060791016,504517
2022-06-20,UBL,122.4000015258789,122.4000015258789,120.5999984741211,121.54000091552734,82.37294006347656,611805
2022-06-21,UBL,119.0,122.88999938964844,119.0,120.38999938964844,81.59355163574219,1849402
2022-06-22,UBL,121.20999908447266,122.0999984741211,119.80999755859375,120.05000305175781,81.36312103271484,1560298
2022-06-23,UBL,120.9000015258789,120.9000015258789,119.69999694824219,119.97000122070312,81.30888366699219,1533425
2022-06-24,UBL,119.5999984741211,120.18000030517578,110.9800033569336,112.20999908447266,76.04960632324219,2429070
2022-06-27,UBL,113.0,115.0999984741211,113.0,114.20999908447266,77.40508270263672,639704
2022-06-28,UBL,112.55000305175781,115.25,112.5199966430664,113.33999633789062,76.81546020507812,335877
2022-06-29,UBL,114.88999938964844,114.88999938964844,110.0,111.56999969482422,75.61585235595703,1199217
2022-06-30,UBL,111.19999694824219,116.0,111.0,113.12999725341797,76.67312622070312,1306573
2022-07-01,UBL,111.55999755859375,115.0,111.55999755859375,114.51000213623047,77.60840606689453,293888
2022-07-04,UBL,114.98999786376953,115.37999725341797,112.75,113.01000213623047,76.59181213378906,1180326
2022-07-05,UBL,113.87999725341797,113.94999694824219,112.51000213623047,113.37000274658203,76.83576965332031,118301
2022-07-06,UBL,113.94999694824219,114.0,113.0999984741211,113.8499984741211,77.16110229492188,90349
2022-07-07,UBL,114.0,115.0,113.80999755859375,114.0,77.26277160644531,281957
2022-07-08,UBL,114.0,114.0,114.0,114.0,77.26277160644531,0
2022-07-11,UBL,114.0,114.0,114.0,114.0,77.26277160644531,0
2022-07-12,UBL,114.0,114.0,114.0,114.0,77.26277160644531,0
2022-07-13,UBL,114.0,115.51000213623047,113.0999984741211,115.26000213623047,78.1167221069336,710552
2022-07-14,UBL,115.5,117.69999694824219,115.5,117.22000122070312,79.44511413574219,552747
2022-07-15,UBL,118.4000015258789,118.95999908447266,115.19999694824219,115.45999908447266,78.25226593017578,497759
2022-07-18,UBL,114.5,115.0,113.51000213623047,114.31999969482422,77.47962951660156,219270
2022-07-19,UBL,114.5,114.9000015258789,110.4000015258789,111.0999984741211,75.29730987548828,321305
2022-07-20,UBL,112.0,113.0,111.0999984741211,112.0,75.90727233886719,757517
2022-07-21,UBL,111.30000305175781,113.0,110.75,111.44999694824219,75.5345230102539,186947
2022-07-22,UBL,112.0999984741211,112.0999984741211,109.55000305175781,110.0,74.55178833007812,607672
2022-07-25,UBL,110.0,110.0,107.51000213623047,108.05999755859375,73.23696899414062,112520
2022-07-26,UBL,107.5,109.44999694824219,107.0999984741211,108.01000213623047,73.20307159423828,1988581
2022-07-27,UBL,111.94999694824219,111.94999694824219,107.5,109.16000366210938,73.98249816894531,1725777
2022-07-28,UBL,111.5,112.0,108.3499984741211,111.1500015258789,75.33118438720703,1625167
2022-07-29,UBL,111.9800033569336,111.9800033569336,110.0,110.33000183105469,74.77543640136719,3051581
2022-08-01,UBL,110.0199966430664,110.94000244140625,108.05000305175781,108.91000366210938,73.81307220458984,206793
2022-08-02,UBL,109.75,109.75,107.16000366210938,108.0199966430664,73.20985412597656,494011
2022-08-03,UBL,108.69999694824219,115.0,107.66999816894531,113.75,77.09333801269531,3963433
2022-08-04,UBL,113.5999984741211,117.0,113.5999984741211,115.48999786376953,78.27259826660156,670583
2022-08-05,UBL,114.36000061035156,121.94999694824219,114.36000061035156,120.27999877929688,81.51898956298828,628010
2022-08-08,UBL,120.27999877929688,120.27999877929688,120.27999877929688,120.27999877929688,81.51898956298828,0
2022-08-09,UBL,120.27999877929688,120.27999877929688,120.27999877929688,120.27999877929688,81.51898956298828,0
2022-08-10,UBL,120.6500015258789,122.80000305175781,119.5,121.05999755859375,82.0476303100586,1240160
2022-08-11,UBL,121.0,122.9800033569336,120.0,120.51000213623047,81.67486572265625,366171
2022-08-12,UBL,121.5,122.69999694824219,120.61000061035156,122.2699966430664,82.86770629882812,603716
2022-08-15,UBL,119.0,121.73999786376953,118.2699966430664,120.47000122070312,83.00550079345703,825073
2022-08-16,UBL,120.5,121.44999694824219,119.9000015258789,120.5,83.02618408203125,461123
2022-08-17,UBL,121.0,121.25,119.2699966430664,120.86000061035156,83.27422332763672,171315
2022-08-18,UBL,121.5,121.5,118.5,119.13999938964844,82.089111328125,123328
2022-08-19,UBL,118.5999984741211,120.5,115.4000015258789,115.91000366210938,79.86360168457031,532668
2022-08-22,UBL,117.5,117.5,113.11000061035156,113.58999633789062,78.26508331298828,639363
2022-08-23,UBL,113.9800033569336,115.9800033569336,112.9000015258789,115.41000366210938,79.51908874511719,1101524
2022-08-24,UBL,115.0,117.69999694824219,115.0,116.58000183105469,80.32524108886719,1858709
2022-08-25,UBL,117.47000122070312,117.69999694824219,115.13999938964844,116.94999694824219,80.5801773071289,841489
2022-08-26,UBL,117.48999786376953,117.48999786376953,115.80000305175781,116.61000061035156,80.3459243774414,286267
2022-08-29,UBL,116.98999786376953,118.0,114.22000122070312,117.33000183105469,80.84199523925781,883355
2022-08-30,UBL,118.01000213623047,118.01000213623047,116.0,116.68000030517578,80.39413452148438,838102
2022-08-31,UBL,117.37999725341797,117.80000305175781,115.0,116.70999908447266,80.41480255126953,829360
2022-09-01,UBL,117.44999694824219,117.44999694824219,115.0,116.88999938964844,80.5388412475586,157730
2022-09-02,UBL,117.48999786376953,117.48999786376953,116.0,116.62000274658203,80.35279846191406,228226
2022-09-05,UBL,116.94000244140625,117.0,115.5999984741211,116.72000122070312,80.42169952392578,280910
2022-09-06,UBL,117.5,117.5,115.0,117.01000213623047,80.62151336669922,390921
2022-09-07,UBL,115.55000305175781,117.79000091552734,115.55000305175781,116.77999877929688,80.4630355834961,236620
2022-09-08,UBL,115.30000305175781,117.29000091552734,115.30000305175781,115.52999877929688,79.60176849365234,142695
2022-09-09,UBL,117.6500015258789,117.6500015258789,115.5,115.86000061035156,79.82913970947266,251759
2022-09-12,UBL,116.4800033569336,116.9000015258789,115.75,116.5,80.2701187133789,181629
2022-09-13,UBL,117.0,120.5999984741211,117.0,119.9000015258789,82.61277770996094,1469063
2022-09-14,UBL,120.48999786376953,120.48999786376953,116.51000213623047,116.87000274658203,80.5250473022461,443465
2022-09-15,UBL,117.0199966430664,118.44999694824219,116.66000366210938,117.3499984741211,80.85578155517578,204057
2022-09-16,UBL,118.0,118.9000015258789,116.9000015258789,117.8499984741211,81.20027923583984,1067864
2022-09-19,UBL,118.0,118.0,116.05999755859375,117.26000213623047,80.79376983642578,137683
2022-09-20,UBL,118.69999694824219,118.69999694824219,115.6500015258789,115.98999786376953,79.9187240600586,305735
2022-09-21,UBL,117.23999786376953,117.23999786376953,115.1500015258789,115.62999725341797,79.67066955566406,89717
2022-09-22,UBL,115.01000213623047,116.48999786376953,114.48999786376953,115.44999694824219,79.5466537475586,153557
2022-09-23,UBL,116.30000305175781,116.30000305175781,113.94999694824219,114.08000183105469,78.60270690917969,180653
2022-09-26,UBL,114.08000183105469,116.0,114.0,114.41999816894531,78.83697509765625,227437
2022-09-27,UBL,115.0,116.98999786376953,114.19999694824219,116.55000305175781,80.3045654296875,374877
2022-09-28,UBL,117.12999725341797,117.94999694824219,116.41000366210938,116.79000091552734,80.46993255615234,535239
2022-09-29,UBL,117.94999694824219,117.94999694824219,112.91000366210938,113.26000213623047,78.0377197265625,748182
2022-09-30,UBL,113.0199966430664,115.0,112.5999984741211,114.88999938964844,79.16080474853516,109718
2022-10-03,UBL,114.0999984741211,115.0,113.5,114.01000213623047,78.55448150634766,287017
2022-10-04,UBL,114.77999877929688,114.80000305175781,112.5999984741211,112.94999694824219,77.82412719726562,352972
2022-10-05,UBL,112.61000061035156,113.9000015258789,111.5,112.08999633789062,77.2315673828125,218446
2022-10-06,UBL,112.0,113.5,112.0,113.02999877929688,77.87923431396484,311331
2022-10-07,UBL,111.25,113.5,111.23999786376953,112.94000244140625,77.81722259521484,712181
2022-10-10,UBL,114.4800033569336,114.4800033569336,111.80000305175781,112.94000244140625,77.81722259521484,542174
2022-10-11,UBL,113.4000015258789,113.4000015258789,110.98999786376953,111.37000274658203,76.7354736328125,322683
2022-10-12,UBL,111.05000305175781,112.5,111.0,112.22000122070312,77.3211441040039,524351
2022-10-13,UBL,112.8499984741211,112.9800033569336,112.01000213623047,112.58000183105469,77.5691909790039,242318
2022-10-14,UBL,113.87999725341797,113.87999725341797,112.30999755859375,112.75,77.68630981445312,1047669
2022-10-17,UBL,113.0,113.0,109.0999984741211,112.31999969482422,77.39002990722656,642979
2022-10-18,UBL,113.0,113.58999633789062,112.51000213623047,112.91000366210938,77.79655456542969,693079
2022-10-19,UBL,113.12999725341797,115.7699966430664,113.0,114.12000274658203,78.6302719116211,1041058
2022-10-20,UBL,113.5,113.5,112.73999786376953,113.1500015258789,77.96190643310547,1262681
2022-10-21,UBL,113.5,113.5,112.01000213623047,112.61000061035156,77.5898666381836,482122
2022-10-24,UBL,113.25,114.27999877929688,112.61000061035156,112.79000091552734,77.7138671875,738529
2022-10-25,UBL,113.01000213623047,113.51000213623047,112.75,112.98999786376953,77.85166931152344,750672
2022-10-26,UBL,112.98999786376953,113.0,111.0,111.5199966430664,76.83883666992188,627292
2022-10-27,UBL,111.9800033569336,112.48999786376953,111.75,112.30000305175781,77.37626647949219,336951
2022-10-28,UBL,112.93000030517578,113.5,111.25,111.68000030517578,76.94908142089844,377111
2022-10-31,UBL,108.01000213623047,109.6500015258789,106.0,107.1500015258789,75.17408752441406,418931
2022-11-01,UBL,107.11000061035156,107.98999786376953,105.70999908447266,107.62999725341797,75.51082611083984,320913
2022-11-02,UBL,107.9000015258789,109.0,106.37000274658203,106.68000030517578,74.8443374633789,1126023
2022-11-03,UBL,107.9000015258789,108.19999694824219,106.5,107.88999938964844,75.69325256347656,336449
2022-11-04,UBL,107.05000305175781,108.2300033569336,106.19999694824219,108.0,75.77043151855469,264249
2022-11-07,UBL,108.44999694824219,108.80000305175781,106.5,107.93000030517578,75.72130584716797,328144
2022-11-08,UBL,107.94000244140625,108.69999694824219,107.80000305175781,107.98999786376953,75.76339721679688,699283
2022-11-09,UBL,107.98999786376953,107.98999786376953,107.98999786376953,107.98999786376953,75.76339721679688,0
2022-11-10,UBL,108.44999694824219,110.88999938964844,107.80000305175781,109.93000030517578,77.12446594238281,2180864
2022-11-11,UBL,110.44999694824219,110.44999694824219,109.5,110.05000305175781,77.20866394042969,459870
2022-11-14,UBL,109.19999694824219,110.4000015258789,109.19999694824219,109.98999786376953,77.16656494140625,314074
2022-11-15,UBL,110.0,110.26000213623047,109.5,109.9000015258789,77.10340881347656,283783
2022-11-16,UBL,109.5,110.0,109.5,109.83000183105469,77.0543212890625,137035
2022-11-17,UBL,109.8499984741211,111.5999984741211,109.8499984741211,110.13999938964844,77.27178955078125,347226
2022-11-18,UBL,110.3499984741211,110.3499984741211,108.5,109.02999877929688,76.49304962158203,246085
2022-11-21,UBL,109.5,109.5,109.0,109.30999755859375,76.68949890136719,122442
2022-11-22,UBL,109.94999694824219,109.94999694824219,108.80000305175781,108.95999908447266,76.44391632080078,103044
2022-11-23,UBL,109.56999969482422,109.98999786376953,106.72000122070312,108.0199966430664,75.78445434570312,547676
2022-11-24,UBL,108.44999694824219,108.44999694824219,107.94999694824219,108.25,75.94580841064453,276362
2022-11-25,UBL,108.75,109.55000305175781,108.01000213623047,109.4800033569336,76.80876159667969,375379
2022-11-28,UBL,109.2699966430664,109.48999786376953,106.94999694824219,107.12000274658203,75.15303802490234,471499
2022-11-29,UBL,107.5,109.48999786376953,107.01000213623047,108.08000183105469,75.82654571533203,784545
2022-11-30,UBL,108.44999694824219,108.63999938964844,106.0999984741211,106.5,74.71804809570312,536748
2022-12-01,UBL,107.94999694824219,109.3499984741211,106.81999969482422,108.69000244140625,76.25450897216797,344954
2022-12-02,UBL,108.0,109.0,107.0999984741211,108.6500015258789,76.2264404296875,451477
2022-12-05,UBL,108.94999694824219,109.31999969482422,107.5999984741211,107.7699966430664,75.60905456542969,410456
2022-12-06,UBL,108.25,108.94999694824219,107.44999694824219,108.25,75.94580841064453,305637
2022-12-07,UBL,108.25,108.4000015258789,107.66000366210938,107.76000213623047,75.60204315185547,316915
2022-12-08,UBL,108.44000244140625,108.44000244140625,107.61000061035156,108.27999877929688,75.96686553955078,1279004
2022-12-09,UBL,107.75,110.9000015258789,107.75,110.69999694824219,77.6646728515625,1136270
2022-12-12,UBL,110.62999725341797,111.0,109.75,110.2699966430664,77.36299896240234,2440654
2022-12-13,UBL,110.80000305175781,111.0,109.80000305175781,110.95999908447266,77.84709930419922,379641
2022-12-14,UBL,110.98999786376953,111.25,109.9000015258789,110.55999755859375,77.56645965576172,607801
2022-12-15,UBL,110.5,111.0,104.80000305175781,105.97000122070312,74.34622192382812,1811990
2022-12-16,UBL,106.9000015258789,107.5999984741211,104.9000015258789,105.33999633789062,73.90422821044922,675775
2022-12-19,UBL,106.48999786376953,106.48999786376953,104.75,104.9800033569336,73.65166473388672,132978
2022-12-20,UBL,105.44999694824219,112.8499984741211,100.11000061035156,105.5,74.01647186279297,1183080
2022-12-21,UBL,102.0,104.97000122070312,100.0,101.2699966430664,71.04881286621094,508848
2022-12-22,UBL,101.5,104.79000091552734,100.5,103.93000030517578,72.9150161743164,859690
2022-12-23,UBL,104.3499984741211,104.80000305175781,102.01000213623047,102.56999969482422,71.96086120605469,74193
2022-12-26,UBL,103.0,103.58999633789062,101.5999984741211,102.86000061035156,72.16432189941406,181729
2022-12-27,UBL,104.0,104.5999984741211,99.0,100.48999786376953,70.5015640258789,831405
2022-12-28,UBL,100.4000015258789,100.80000305175781,96.51000213623047,97.47000122070312,68.3828125,984566
2022-12-29,UBL,99.0,99.9000015258789,96.75,98.77999877929688,69.30187225341797,337578
2022-12-30,UBL,99.0,101.75,97.37000274658203,100.75,70.68397521972656,382741
2023-01-02,UBL,100.98999786376953,105.5,100.0999984741211,104.94999694824219,73.63060760498047,1070969
2023-01-03,UBL,103.01000213623047,104.94999694824219,100.36000061035156,104.2300033569336,73.12547302246094,486041
2023-01-04,UBL,104.25,104.5,102.69999694824219,102.98999786376953,72.25550842285156,144134
2023-01-05,UBL,103.0,103.0,102.0999984741211,102.37999725341797,71.82755279541016,129658
2023-01-06,UBL,103.0,103.0,100.72000122070312,100.98999786376953,70.85234832763672,176702
2023-01-09,UBL,100.0,100.98999786376953,98.80000305175781,99.47000122070312,69.78595733642578,947381
2023-01-10,UBL,101.5,101.5,99.91000366210938,100.94000244140625,70.8172836303711,288131
2023-01-11,UBL,101.25,101.25,98.86000061035156,99.19000244140625,69.58952331542969,113011
2023-01-12,UBL,100.5,100.5,99.0,99.16999816894531,69.57550048828125,231003
2023-01-13,UBL,99.5,99.5,96.25,98.58000183105469,69.16156768798828,19231
2023-01-16,UBL,100.94999694824219,100.94999694824219,95.51000213623047,97.1500015258789,68.1583023071289,72013
2023-01-17,UBL,98.0,98.0,93.80000305175781,94.56999969482422,66.34822845458984,143077
2023-01-18,UBL,96.9000015258789,97.4000015258789,94.05000305175781,96.55000305175781,67.73735809326172,400133
2023-01-19,UBL,96.55000305175781,97.0,94.55000305175781,94.94999694824219,66.61483001708984,307107
2023-01-20,UBL,95.9000015258789,95.9000015258789,93.80000305175781,94.01000213623047,65.95533752441406,304561
2023-01-23,UBL,95.75,95.75,91.69999694824219,92.11000061035156,64.6223373413086,136764
2023-01-24,UBL,92.58999633789062,95.0,91.5,92.30000305175781,64.75565338134766,679177
2023-01-25,UBL,93.0,97.5,92.3499984741211,96.56999969482422,67.75137329101562,1598302
2023-01-26,UBL,97.0,102.69999694824219,96.9000015258789,101.76000213623047,71.392578125,2417075
2023-01-27,UBL,102.8499984741211,103.75,100.05999755859375,100.7300033569336,70.66996002197266,598035
2023-01-30,UBL,100.94999694824219,101.5,98.05000305175781,98.55000305175781,69.14051055908203,225929
2023-01-31,UBL,99.0,102.25,98.25,101.58999633789062,71.2733154296875,973364
2023-02-01,UBL,101.58999633789062,102.0,101.0,101.80999755859375,71.42765808105469,223712
2023-02-02,UBL,102.69000244140625,103.5,101.0,101.22000122070312,71.01373291015625,405219
2023-02-03,UBL,102.9000015258789,102.9000015258789,99.05000305175781,101.16999816894531,70.9786376953125,215360
2023-02-06,UBL,102.0,105.9800033569336,99.5,103.55000305175781,72.64840698242188,499709
2023-02-07,UBL,103.51000213623047,104.25,102.41000366210938,103.5,72.61331939697266,156346
2023-02-08,UBL,104.4000015258789,104.4000015258789,101.8499984741211,102.41000366210938,71.84859466552734,249714
2023-02-09,UBL,103.5,106.98999786376953,103.0,106.05000305175781,74.40235137939453,1469118
2023-02-10,UBL,103.61000061035156,107.9000015258789,102.5,103.52999877929688,72.63436126708984,730960
2023-02-13,UBL,104.0,104.88999938964844,103.0,103.31999969482422,72.4870376586914,520865
2023-02-14,UBL,104.48999786376953,104.48999786376953,101.05000305175781,101.47000122070312,71.18912506103516,187632
2023-02-15,UBL,103.7699966430664,104.0,101.05000305175781,103.33000183105469,72.49404907226562,488615
2023-02-16,UBL,102.01000213623047,104.23999786376953,102.01000213623047,103.87000274658203,72.8729019165039,194263
2023-02-17,UBL,103.94999694824219,103.98999786376953,102.0,103.01000213623047,72.2695541381836,219186
2023-02-20,UBL,104.6500015258789,104.6500015258789,102.0,102.19000244140625,71.69425201416016,224990
2023-02-21,UBL,103.75,103.75,102.05000305175781,102.47000122070312,71.89070129394531,253466
2023-02-22,UBL,103.0,110.1500015258789,102.0,110.1500015258789,77.27882385253906,3579528
2023-02-23,UBL,112.5,112.5,108.51000213623047,108.91999816894531,76.4158706665039,2117131
2023-02-24,UBL,109.5,109.5,107.0999984741211,107.69999694824219,75.55994415283203,996579
2023-02-27,UBL,108.19999694824219,113.94999694824219,107.5,113.0999984741211,79.34846496582031,3352546
2023-02-28,UBL,113.5,114.3499984741211,112.05000305175781,113.0199966430664,79.2923355102539,841706
2023-03-01,UBL,113.0,113.25,110.5,111.75,78.40135192871094,1244724
2023-03-02,UBL,112.68000030517578,116.75,111.0199966430664,115.0999984741211,80.75164031982422,4668590
2023-03-03,UBL,115.9800033569336,117.0,115.19999694824219,116.69000244140625,81.86714172363281,654735
2023-03-06,UBL,117.25,117.25,115.25,115.8499984741211,81.27781677246094,306335
2023-03-07,UBL,115.30000305175781,116.0,114.6500015258789,115.16999816894531,80.80072784423828,728911
2023-03-08,UBL,116.0,116.4000015258789,115.26000213623047,115.41999816894531,80.97612762451172,4647641
2023-03-09,UBL,116.4000015258789,116.5,115.0199966430664,115.5999984741211,81.1024169921875,3861364
2023-03-10,UBL,116.58999633789062,116.58999633789062,115.30000305175781,115.62000274658203,81.11644744873047,386192
2023-03-13,UBL,115.25,116.86000061035156,115.25,115.83999633789062,81.27079010009766,3651796
2023-03-14,UBL,116.44999694824219,117.19999694824219,115.1500015258789,116.55999755859375,81.77593231201172,5283166
2023-03-15,UBL,116.01000213623047,117.80000305175781,116.0,117.04000091552734,82.11267852783203,537807
2023-03-16,UBL,117.11000061035156,117.75,116.80999755859375,117.2699966430664,82.2740478515625,1329971
2023-03-17,UBL,117.5999984741211,117.80000305175781,115.80000305175781,116.1500015258789,81.48828887939453,867786
2023-03-20,UBL,107.1500015258789,108.48999786376953,105.11000061035156,106.52999877929688,77.75142669677734,496719
2023-03-21,UBL,106.98999786376953,106.98999786376953,105.0999984741211,106.37000274658203,77.63465118408203,569668
2023-03-22,UBL,106.0,107.73999786376953,105.2300033569336,106.72000122070312,77.89009857177734,378658
2023-03-23,UBL,106.72000122070312,106.72000122070312,106.72000122070312,106.72000122070312,77.89009857177734,0
2023-03-24,UBL,106.5,106.5,105.43000030517578,105.87000274658203,77.26972961425781,63658
2023-03-27,UBL,107.5,107.5,104.0999984741211,106.80000305175781,77.94849395751953,697490
2023-03-28,UBL,107.19999694824219,107.30000305175781,106.0999984741211,106.70999908447266,77.88279724121094,912083
2023-03-29,UBL,106.88999938964844,107.0,106.19999694824219,106.22000122070312,77.5251693725586,1424324
2023-03-30,UBL,106.19999694824219,106.19999694824219,104.86000061035156,105.66000366210938,77.11644744873047,79105
2023-03-31,UBL,104.25,107.0,104.25,106.55999755859375,77.7733154296875,1465208
2023-04-03,UBL,106.94999694824219,106.94999694824219,105.1500015258789,105.98999786376953,77.3572998046875,232448
2023-04-04,UBL,104.20999908447266,106.66000366210938,104.20999908447266,106.13999938964844,77.46678161621094,258119
2023-04-05,UBL,106.94999694824219,106.94999694824219,105.80000305175781,105.98999786376953,77.3572998046875,191247
2023-04-06,UBL,106.98999786376953,106.98999786376953,105.80000305175781,106.08000183105469,77.42300415039062,342562
2023-04-07,UBL,106.5,106.94999694824219,105.62000274658203,105.94000244140625,77.32080078125,156747
2023-04-10,UBL,106.94999694824219,106.94999694824219,105.0,105.23999786376953,76.80992126464844,206388
2023-04-11,UBL,105.98999786376953,105.98999786376953,104.29000091552734,104.62000274658203,76.3573989868164,104322
2023-04-12,UBL,105.80000305175781,106.29000091552734,105.0,106.0,77.36459350585938,798816
2023-04-13,UBL,106.0,106.8499984741211,105.55000305175781,106.44000244140625,77.68573760986328,685971
2023-04-14,UBL,106.44000244140625,106.44000244140625,106.44000244140625,106.44000244140625,77.68573760986328,0
2023-04-17,UBL,106.4000015258789,106.80000305175781,104.9000015258789,106.30999755859375,77.59085845947266,739960
2023-04-18,UBL,106.8499984741211,109.0,106.19999694824219,108.0199966430664,78.83891296386719,464175
2023-04-19,UBL,107.05000305175781,108.4000015258789,107.05000305175781,107.95999908447266,78.79512023925781,263605
2023-04-20,UBL,108.0,111.0,107.69999694824219,110.29000091552734,80.49567413330078,1975152
2023-04-21,UBL,110.29000091552734,110.29000091552734,110.29000091552734,110.29000091552734,80.49567413330078,0
2023-04-24,UBL,110.29000091552734,110.29000091552734,110.29000091552734,110.29000091552734,80.49567413330078,0
2023-04-25,UBL,110.29000091552734,110.29000091552734,110.29000091552734,110.29000091552734,80.49567413330078,0
2023-04-26,UBL,111.94999694824219,113.98999786376953,110.5,113.55999755859375,82.8823013305664,924959
2023-04-27,UBL,113.4800033569336,116.80000305175781,112.5999984741211,115.94000244140625,84.61936950683594,3342329
2023-04-28,UBL,115.93000030517578,124.62999725341797,114.4000015258789,122.72000122070312,89.5677719116211,8107915
2023-05-01,UBL,122.72000122070312,122.72000122070312,122.72000122070312,122.72000122070312,89.5677719116211,0
2023-05-02,UBL,122.77999877929688,129.99000549316406,122.77999877929688,128.4600067138672,93.75714874267578,3320248
2023-05-03,UBL,128.49000549316406,132.10000610351562,126.5999984741211,129.25999450683594,94.34101104736328,3858629
2023-05-04,UBL,128.99000549316406,133.0,128.99000549316406,129.63999938964844,94.61837005615234,2342705
2023-05-05,UBL,129.5,131.88999938964844,128.61000061035156,129.72000122070312,94.67676544189453,1428002
2023-05-08,UBL,130.8000030517578,130.8000030517578,128.10000610351562,128.44000244140625,93.74254608154297,981364
2023-05-09,UBL,128.4499969482422,131.49000549316406,126.9000015258789,130.25,95.06358337402344,3404727
2023-05-10,UBL,118.9800033569336,120.5,116.0,118.5,90.3008804321289,1546399
2023-05-11,UBL,118.0199966430664,121.4000015258789,118.0199966430664,119.70999908447266,91.22293853759766,683255
2023-05-12,UBL,120.0,121.0,119.0,119.19999694824219,90.83428955078125,690402
2023-05-15,UBL,119.0999984741211,121.48999786376953,118.80999755859375,121.08000183105469,92.26691436767578,1354487
2023-05-16,UBL,121.44999694824219,125.5,121.0,125.11000061035156,95.3379135131836,2277896
2023-05-17,UBL,126.80000305175781,126.80000305175781,123.0,124.0,94.49207305908203,929495
2023-05-18,UBL,123.25,124.0,119.7699966430664,120.04000091552734,91.47440338134766,727209
2023-05-19,UBL,120.0,120.0199966430664,118.05000305175781,118.41000366210938,90.23230743408203,628112
2023-05-22,UBL,118.5,118.5,113.91999816894531,115.0199966430664,87.64900970458984,885273
2023-05-23,UBL,114.75,116.75,114.75,115.05999755859375,87.67948150634766,261576
2023-05-24,UBL,115.88999938964844,117.0,115.05999755859375,115.55999755859375,88.06049346923828,233095
2023-05-25,UBL,116.69999694824219,116.69999694824219,115.41000366210938,116.08000183105469,88.45675659179688,304026
2023-05-26,UBL,116.4800033569336,117.1500015258789,115.13999938964844,115.5,88.01478576660156,393642
2023-05-29,UBL,116.48999786376953,116.5,114.0,115.51000213623047,88.02241516113281,688678
2023-05-30,UBL,116.0,116.45999908447266,114.16000366210938,114.62999725341797,87.35181427001953,144904
2023-05-31,UBL,115.0,117.0,114.75,116.29000091552734,88.61678314208984,735000
2023-06-01,UBL,116.19999694824219,117.0,114.51000213623047,114.80000305175781,87.48135375976562,201795
2023-06-02,UBL,115.44999694824219,121.0,115.0199966430664,119.83999633789062,91.3219985961914,1698732
2023-06-05,UBL,119.83999633789062,119.98999786376953,117.0199966430664,117.38999938964844,89.45500946044922,368419
2023-06-06,UBL,118.75,118.75,116.4000015258789,117.05999755859375,89.20355224609375,264262
2023-06-07,UBL,117.44000244140625,117.83999633789062,116.20999908447266,116.56999969482422,88.83015441894531,388628
2023-06-08,UBL,116.80000305175781,117.48999786376953,115.5,115.69000244140625,88.15957641601562,205654
2023-06-09,UBL,116.88999938964844,117.0,115.1500015258789,115.83999633789062,88.27386474609375,278960
2023-06-12,UBL,114.25,116.23999786376953,113.0,115.3499984741211,87.90048217773438,1143700
2023-06-13,UBL,114.5,117.0,114.5,114.93000030517578,87.5804214477539,636805
2023-06-14,UBL,115.0199966430664,115.9800033569336,114.5,114.52999877929688,87.27559661865234,239221
2023-06-15,UBL,116.69999694824219,116.69999694824219,113.7300033569336,114.55000305175781,87.29084777832031,251731
2023-06-16,UBL,114.8499984741211,115.5,113.8499984741211,114.5199966430664,87.26799011230469,534597
2023-06-19,UBL,115.4800033569336,115.4800033569336,111.0,111.72000122070312,85.1343002319336,1208956
2023-06-20,UBL,111.5,112.69000244140625,110.12999725341797,110.73999786376953,84.38751220703125,942628
2023-06-21,UBL,111.0,112.4000015258789,109.4000015258789,110.1500015258789,83.93791198730469,785920
2023-06-22,UBL,110.79000091552734,110.80999755859375,109.55000305175781,110.54000091552734,84.2350845336914,374967
2023-06-23,UBL,110.94999694824219,111.1500015258789,109.61000061035156,109.73999786376953,83.6254653930664,518618
2023-06-26,UBL,110.75,117.88999938964844,110.69999694824219,117.05999755859375,89.20355224609375,1653301
2023-06-27,UBL,117.0999984741211,117.75,115.5,117.54000091552734,89.5693130493164,634357
2023-06-28,UBL,117.54000091552734,117.54000091552734,117.54000091552734,117.54000091552734,89.5693130493164,0
2023-06-29,UBL,117.54000091552734,117.54000091552734,117.54000091552734,117.54000091552734,89.5693130493164,0
2023-06-30,UBL,117.54000091552734,117.54000091552734,117.54000091552734,117.54000091552734,89.5693130493164,0
2023-07-03,UBL,126.36000061035156,126.36000061035156,126.36000061035156,126.36000061035156,96.29045104980469,1228586
2023-07-04,UBL,128.9499969482422,130.6999969482422,124.75,128.30999755859375,97.77642822265625,2793050
2023-07-05,UBL,128.49000549316406,132.64999389648438,127.5,128.4600067138672,97.89073181152344,2344670
2023-07-06,UBL,129.0,131.5,126.5199966430664,131.4199981689453,100.14634704589844,2008778
2023-07-07,UBL,130.2100067138672,132.8800048828125,130.2100067138672,132.3800048828125,100.8779067993164,932212
2023-07-10,UBL,131.5500030517578,134.75,131.5500030517578,134.1199951171875,102.20381927490234,1364905
2023-07-11,UBL,134.67999267578125,135.97999572753906,133.49000549316406,134.41000366210938,102.42481994628906,1108557
2023-07-12,UBL,135.0,136.60000610351562,134.02999877929688,134.9600067138672,102.84393310546875,2363330
2023-07-13,UBL,135.97999572753906,135.97999572753906,130.86000061035156,131.30999755859375,100.06251525878906,1479699
2023-07-14,UBL,131.10000610351562,132.75999450683594,130.75,130.9499969482422,99.78817749023438,765791
2023-07-17,UBL,131.0,133.85000610351562,130.14999389648438,132.89999389648438,101.2741470336914,713747
2023-07-18,UBL,132.75,135.5,131.5,135.02000427246094,102.8896484375,1867172
2023-07-19,UBL,136.50999450683594,143.8699951171875,131.05999755859375,142.80999755859375,108.82588958740234,6961365
2023-07-20,UBL,143.35000610351562,147.3000030517578,142.02000427246094,146.7899932861328,111.85879516601562,4382505
2023-07-21,UBL,147.00999450683594,155.5,146.8000030517578,153.32000732421875,116.83485412597656,5339438
2023-07-24,UBL,154.0,157.10000610351562,153.9499969482422,155.91000366210938,118.80854034423828,2244184
2023-07-25,UBL,156.0,157.39999389648438,154.89999389648438,156.5399932861328,119.28860473632812,4489252
2023-07-26,UBL,156.5,159.5800018310547,155.9499969482422,158.08999633789062,120.46975708007812,11699667
2023-07-27,UBL,158.08999633789062,158.08999633789062,158.08999633789062,158.08999633789062,120.46975708007812,0
2023-07-28,UBL,158.08999633789062,158.08999633789062,158.08999633789062,158.08999633789062,120.46975708007812,0
2023-07-31,UBL,150.0,153.1999969482422,150.0,151.86000061035156,119.89341735839844,2217659
2023-08-01,UBL,151.86000061035156,155.6999969482422,150.60000610351562,153.3699951171875,121.08556365966797,2723420
2023-08-02,UBL,152.0,154.49000549316406,151.1999969482422,151.72999572753906,119.79078674316406,824565
2023-08-03,UBL,152.0,152.5,145.05999755859375,145.8300018310547,115.13274383544922,959295
2023-08-04,UBL,145.5,146.66000366210938,142.6300048828125,143.3800048828125,113.19847106933594,842918
2023-08-07,UBL,142.66000366210938,145.4199981689453,139.89999389648438,140.32000732421875,110.7826156616211,1530950
2023-08-08,UBL,140.5,142.5,140.0,141.5800018310547,111.77735900878906,640049
2023-08-09,UBL,141.0500030517578,147.47000122070312,141.00999450683594,146.42999267578125,115.60643768310547,969084
2023-08-10,UBL,148.0,151.0,146.88999938964844,149.0399932861328,117.66703033447266,1548098
2023-08-11,UBL,146.89999389648438,154.5,146.89999389648438,150.3000030517578,118.66181945800781,2784583
2023-08-14,UBL,150.3000030517578,150.3000030517578,150.3000030517578,150.3000030517578,118.66181945800781,0
2023-08-15,UBL,150.39999389648438,152.0,148.5,150.1199951171875,118.51969909667969,2800475
2023-08-16,UBL,151.0,151.0,149.0,149.8300018310547,118.29075622558594,1082515
2023-08-17,UBL,149.8300018310547,152.5,147.60000610351562,150.8699951171875,119.11183166503906,641023
2023-08-18,UBL,151.0,152.0,149.0,149.08999633789062,117.70650482177734,921604
2023-08-21,UBL,149.1999969482422,150.99000549316406,142.1999969482422,143.77000427246094,113.50638580322266,2020335
2023-08-22,UBL,145.0,145.0,141.88999938964844,143.5800018310547,113.35637664794922,746802
2023-08-23,UBL,142.5,144.60000610351562,140.8000030517578,143.57000732421875,113.34848022460938,603399
2023-08-24,UBL,143.57000732421875,147.25,143.57000732421875,146.33999633789062,115.535400390625,2229931
2023-08-25,UBL,147.0,147.99000549316406,146.0,146.86000061035156,115.94593048095703,291942
2023-08-28,UBL,147.0,147.3800048828125,145.10000610351562,146.4499969482422,115.62223815917969,1437075
2023-08-29,UBL,144.00999450683594,147.5,144.00999450683594,146.94000244140625,116.0090560913086,542710
2023-08-30,UBL,146.27999877929688,147.75,146.02000427246094,146.4600067138672,115.63014221191406,1143095
2023-08-31,UBL,147.47999572753906,149.0,137.5,139.08999633789062,109.81153106689453,7219945
2023-09-01,UBL,139.1999969482422,142.49000549316406,136.10000610351562,141.64999389648438,111.83263397216797,574015
2023-09-04,UBL,142.47999572753906,142.88999938964844,141.00999450683594,142.11000061035156,112.19581604003906,401698
2023-09-05,UBL,142.5,142.5,140.0500030517578,140.8699951171875,111.21682739257812,249598
2023-09-06,UBL,141.8800048828125,143.60000610351562,140.0,143.4199981689453,113.23005676269531,790466
2023-09-07,UBL,143.97999572753906,145.0,140.75,141.42999267578125,111.658935546875,583034
2023-09-08,UBL,142.5,142.75,140.5,141.0800018310547,111.38261413574219,936821
2023-09-11,UBL,141.1999969482422,141.88999938964844,138.0,138.5500030517578,109.38518524169922,962373
2023-09-12,UBL,138.99000549316406,146.39999389648438,138.0,141.72000122070312,111.88790130615234,4179712
2023-09-13,UBL,142.5,142.88999938964844,141.02999877929688,141.52000427246094,111.72999572753906,422820
2023-09-14,UBL,142.0,142.5,139.11000061035156,141.9199981689453,112.0457763671875,175182
2023-09-15,UBL,141.8000030517578,143.5,138.82000732421875,139.38999938964844,110.0483627319336,1066604
2023-09-18,UBL,139.99000549316406,141.75,138.8000030517578,140.5,110.92472076416016,1155364
2023-09-19,UBL,141.0,143.0,140.10000610351562,142.74000549316406,112.69319152832031,1244220
2023-09-20,UBL,142.99000549316406,143.60000610351562,141.39999389648438,143.4499969482422,113.25372314453125,421166
2023-09-21,UBL,140.50999450683594,146.66000366210938,140.50999450683594,146.0800018310547,115.33010864257812,1379989
2023-09-22,UBL,146.75,147.99000549316406,146.0,146.88999938964844,115.96959686279297,968761
2023-09-25,UBL,146.8000030517578,147.5,145.39999389648438,145.91000366210938,115.19588470458984,311402
2023-09-26,UBL,146.0,147.10000610351562,145.00999450683594,146.00999450683594,115.27485656738281,326292
2023-09-27,UBL,146.97999572753906,147.0,143.60000610351562,144.2100067138672,113.85374450683594,300230
2023-09-28,UBL,144.2100067138672,144.2100067138672,144.2100067138672,144.2100067138672,113.85374450683594,0
2023-09-29,UBL,144.2100067138672,144.2100067138672,144.2100067138672,144.2100067138672,113.85374450683594,0
2023-10-02,UBL,144.89999389648438,146.0,142.11000061035156,144.5,114.08270263671875,258741
2023-10-03,UBL,145.5,145.97000122070312,143.5,144.0,113.68795013427734,661523
2023-10-04,UBL,144.5,148.99000549316406,144.5,147.2899932861328,116.28540802001953,887818
2023-10-05,UBL,148.39999389648438,149.25,147.5,148.4499969482422,117.20121765136719,682523
2023-10-06,UBL,148.25,148.99000549316406,148.0,148.44000244140625,117.1933364868164,182460
2023-10-09,UBL,148.47999572753906,153.3000030517578,147.6999969482422,150.82000732421875,119.0723648071289,1305233
2023-10-10,UBL,151.0,153.10000610351562,150.5,152.6699981689453,120.53290557861328,849528
2023-10-11,UBL,152.99000549316406,153.25,151.14999389648438,153.0500030517578,120.83293151855469,240518
2023-10-12,UBL,152.97999572753906,155.0,152.60000610351562,154.75999450683594,122.18297576904297,1351661
2023-10-13,UBL,153.16000366210938,157.8000030517578,153.16000366210938,157.07000732421875,124.0067138671875,1152395
2023-10-16,UBL,158.3699951171875,158.3800048828125,154.75,155.97000122070312,123.13826751708984,825199
2023-10-17,UBL,155.97999572753906,156.5,153.8000030517578,154.1300048828125,121.68559265136719,456163
2023-10-18,UBL,153.50999450683594,157.85000610351562,153.50999450683594,156.41000366210938,123.48566436767578,1090749
2023-10-19,UBL,155.02000427246094,159.1999969482422,155.02000427246094,158.75,125.33307647705078,658091
2023-10-20,UBL,159.8000030517578,160.0,158.0,158.3699951171875,125.0330810546875,510210
2023-10-23,UBL,159.0,159.39999389648438,157.3300018310547,157.61000061035156,124.43302917480469,515382
2023-10-24,UBL,158.7899932861328,158.7899932861328,150.0,157.8000030517578,124.58305358886719,704174
2023-10-25,UBL,158.0,162.0,157.13999938964844,157.3699951171875,124.24353790283203,5561097
2023-10-26,UBL,158.47999572753906,159.85000610351562,158.0,158.47999572753906,125.11991119384766,3116506
2023-10-27,UBL,158.64999389648438,160.5,158.2100067138672,160.05999755859375,126.3673095703125,2640864
2023-10-30,UBL,161.0,163.6999969482422,159.99000549316406,163.1300048828125,128.7910919189453,2308002
2023-10-31,UBL,163.1999969482422,168.0,163.1999969482422,167.61000061035156,132.3280487060547,2232153
2023-11-01,UBL,168.3000030517578,169.5,166.0,167.0,131.846435546875,1322108
2023-11-02,UBL,167.0,168.39999389648438,166.1999969482422,166.4600067138672,131.4201202392578,1209897
2023-11-03,UBL,156.9600067138672,158.0,155.0,156.05999755859375,127.41937255859375,1015949
2023-11-06,UBL,155.25999450683594,157.1999969482422,155.0,156.72999572753906,127.9664077758789,390276
2023-11-07,UBL,157.0,158.35000610351562,157.0,157.91000366210938,128.9298553466797,7678809
2023-11-08,UBL,158.0,161.35000610351562,156.75,159.82000732421875,130.4893341064453,8071765
2023-11-09,UBL,159.82000732421875,159.82000732421875,159.82000732421875,159.82000732421875,130.4893341064453,0
2023-11-10,UBL,160.0,161.00999450683594,159.0,159.82000732421875,130.4893341064453,2376957
2023-11-13,UBL,159.72000122070312,161.0,159.6199951171875,160.52000427246094,131.06088256835938,1370793
2023-11-14,UBL,161.5,161.5,157.02000427246094,158.0399932861328,129.0360107421875,1034203
2023-11-15,UBL,158.0399932861328,159.1999969482422,155.0,158.0,129.0033416748047,1255007
2023-11-16,UBL,156.0,159.10000610351562,156.0,158.9199981689453,129.75450134277344,992638
2023-11-17,UBL,159.25,160.0,158.0,158.83999633789062,129.68919372558594,700772
2023-11-20,UBL,158.1199951171875,162.5,158.1199951171875,161.42999267578125,131.80386352539062,962318
2023-11-21,UBL,162.0,165.0,161.99000549316406,164.10000610351562,133.98388671875,1517730
2023-11-22,UBL,164.89999389648438,164.89999389648438,163.00999450683594,164.38999938964844,134.2206573486328,871776
2023-11-23,UBL,162.00999450683594,165.6999969482422,162.0,164.86000061035156,134.60440063476562,825468
2023-11-24,UBL,165.0,167.5,163.50999450683594,165.14999389648438,134.84112548828125,1090353
2023-11-27,UBL,165.8000030517578,173.3000030517578,165.0,172.02000427246094,140.4503631591797,1927325
2023-11-28,UBL,172.02000427246094,184.9199981689453,172.02000427246094,184.91000366210938,150.97474670410156,4390794
2023-11-29,UBL,186.2100067138672,188.39999389648438,184.02000427246094,184.72999572753906,150.8277587890625,2294335
2023-11-30,UBL,185.0,188.99000549316406,180.0,181.52999877929688,148.21507263183594,2092879
2023-12-01,UBL,183.8800048828125,183.8800048828125,178.10000610351562,181.94000244140625,148.54981994628906,604374
2023-12-04,UBL,184.0,184.60000610351562,180.00999450683594,180.75,147.57821655273438,511747
2023-12-05,UBL,180.0500030517578,182.5,180.0,181.41000366210938,148.11708068847656,306817
2023-12-06,UBL,182.5,184.0,181.00999450683594,182.86000061035156,149.3009796142578,590588
2023-12-07,UBL,184.5,184.89999389648438,181.39999389648438,183.22000122070312,149.59487915039062,1395098
2023-12-08,UBL,184.89999389648438,191.5,184.5,190.0500030517578,155.1714324951172,3522859
2023-12-11,UBL,190.0500030517578,191.99000549316406,186.0,186.3800048828125,152.17494201660156,1036495
2023-12-12,UBL,186.00999450683594,186.5,183.75,184.3800048828125,150.54202270507812,609660
2023-12-13,UBL,185.9499969482422,186.8000030517578,175.0,181.5800018310547,148.255859375,809724
2023-12-14,UBL,181.5,183.97999572753906,175.0,179.38999938964844,146.4677734375,1274988
2023-12-15,UBL,180.97999572753906,180.97999572753906,175.11000061035156,178.4199981689453,145.67581176757812,1280393
2023-12-18,UBL,179.0,179.89999389648438,175.41000366210938,175.55999755859375,143.3406982421875,438082
2023-12-19,UBL,175.0,178.0,170.25,173.0399932861328,141.2831573486328,1038049
2023-12-20,UBL,173.47999572753906,174.0,170.11000061035156,173.5,141.6587371826172,654238
2023-12-21,UBL,175.0,175.0,170.5,173.4600067138672,141.62608337402344,351453
2023-12-22,UBL,173.99000549316406,173.99000549316406,170.0500030517578,170.74000549316406,139.40528869628906,600728
2023-12-25,UBL,170.74000549316406,170.74000549316406,170.74000549316406,170.74000549316406,139.40528869628906,0
2023-12-26,UBL,170.0,171.5,165.14999389648438,169.13999938964844,138.09890747070312,775215
2023-12-27,UBL,169.89999389648438,174.44000244140625,165.5500030517578,171.6699981689453,140.16458129882812,825070
2023-12-28,UBL,172.8000030517578,177.7899932861328,172.1999969482422,174.57000732421875,142.53237915039062,902374
2023-12-29,UBL,174.85000610351562,178.8000030517578,174.11000061035156,177.83999633789062,145.20223999023438,427117
2024-01-01,UBL,176.47999572753906,184.89999389648438,176.47999572753906,184.32000732421875,150.4930419921875,720201
2024-01-02,UBL,186.9600067138672,186.9600067138672,183.75,184.99000549316406,151.04006958007812,646424
2024-01-03,UBL,185.89999389648438,187.17999267578125,182.5,185.0800018310547,151.11354064941406,495480
2024-01-04,UBL,185.08999633789062,185.85000610351562,182.5500030517578,184.67999267578125,150.78695678710938,759786
2024-01-05,UBL,185.85000610351562,185.88999938964844,180.11000061035156,183.64999389648438,149.9459686279297,383176
2024-01-08,UBL,184.89999389648438,184.89999389648438,178.89999389648438,179.4199981689453,146.49227905273438,639782
2024-01-09,UBL,181.0,181.99000549316406,178.60000610351562,179.6199951171875,146.6555938720703,610880
2024-01-10,UBL,180.7899932861328,180.7899932861328,178.1999969482422,178.60000610351562,145.8227996826172,420920
2024-01-11,UBL,179.60000610351562,180.47999572753906,178.2100067138672,179.75,146.76171875,233138
2024-01-12,UBL,181.0,182.5,180.0,180.19000244140625,147.12098693847656,341669
2024-01-15,UBL,180.25,181.97999572753906,179.39999389648438,179.7899932861328,146.79437255859375,156973
2024-01-16,UBL,180.97999572753906,180.97999572753906,178.9499969482422,179.39999389648438,146.47592163085938,661283
2024-01-17,UBL,180.0,183.92999267578125,178.5,183.08999633789062,149.4887237548828,2997560
2024-01-18,UBL,184.49000549316406,184.49000549316406,178.0,183.22000122070312,149.59487915039062,912688
2024-01-19,UBL,184.0,185.1999969482422,181.75,182.77999877929688,149.2356414794922,565293
2024-01-22,UBL,182.00999450683594,183.25,180.80999755859375,182.0399932861328,148.63145446777344,251534
2024-01-23,UBL,183.0,186.0,182.00999450683594,184.10000610351562,150.31336975097656,612716
2024-01-24,UBL,184.9499969482422,185.3000030517578,183.19000244140625,184.8000030517578,150.88491821289062,772934
2024-01-25,UBL,184.88999938964844,185.47999572753906,183.00999450683594,184.5,150.63998413085938,647546
2024-01-26,UBL,184.25,185.89999389648438,182.0,183.19000244140625,149.57040405273438,496419
2024-01-29,UBL,184.75,184.75,181.11000061035156,182.94000244140625,149.3662872314453,787771
2024-01-30,UBL,183.49000549316406,183.5,179.75,180.0800018310547,147.03115844726562,779939
2024-01-31,UBL,181.9499969482422,183.0,180.97999572753906,182.05999755859375,148.6477813720703,529567
2024-02-01,UBL,183.4499969482422,184.0,181.0,182.52000427246094,149.02334594726562,513382
2024-02-02,UBL,183.0,183.5,181.25999450683594,182.64999389648438,149.1295166015625,360928
2024-02-06,UBL,183.0,185.89999389648438,182.39999389648438,184.39999389648438,150.55831909179688,674476
2024-02-07,UBL,184.97999572753906,186.5,184.77000427246094,185.99000549316406,151.85655212402344,285861
2024-02-08,UBL,185.99000549316406,185.99000549316406,185.99000549316406,185.99000549316406,151.85655212402344,0
2024-02-09,UBL,182.0,185.6999969482422,182.0,184.14999389648438,150.35423278808594,608053
2024-02-12,UBL,182.99000549316406,184.0,180.00999450683594,181.74000549316406,148.38650512695312,498070
2024-02-13,UBL,181.5,188.7899932861328,180.3000030517578,186.39999389648438,152.1912841796875,1406257
2024-02-14,UBL,187.60000610351562,187.89999389648438,185.60000610351562,185.99000549316406,151.85655212402344,929471
2024-02-15,UBL,187.0,187.0,180.85000610351562,182.05999755859375,148.6477813720703,931795
2024-02-16,UBL,181.0,183.3000030517578,180.5,181.86000061035156,148.4844970703125,511264
2024-02-19,UBL,180.64999389648438,181.99000549316406,179.50999450683594,180.02999877929688,146.99032592773438,794224
2024-02-20,UBL,181.0,181.0,178.75999450683594,179.1300048828125,146.25547790527344,518057
2024-02-21,UBL,181.0,184.97999572753906,180.39999389648438,182.9600067138672,149.3826141357422,1964122
2024-02-22,UBL,184.0,186.4499969482422,182.25,185.8699951171875,151.75856018066406,688257
2024-02-23,UBL,185.11000061035156,189.1999969482422,185.11000061035156,188.80999755859375,154.15899658203125,722636
2024-02-26,UBL,188.99000549316406,192.10000610351562,188.99000549316406,190.58999633789062,155.61231994628906,1227411
2024-02-27,UBL,190.99000549316406,190.99000549316406,188.11000061035156,188.27999877929688,153.72630310058594,979969
2024-02-28,UBL,188.8699951171875,190.5,188.0,188.27999877929688,153.72630310058594,1204394
2024-02-29,UBL,188.3000030517578,193.0,188.3000030517578,192.22999572753906,156.9513397216797,830766
2024-03-01,UBL,193.10000610351562,194.10000610351562,192.0,192.63999938964844,157.28610229492188,584076
2024-03-04,UBL,194.47999572753906,195.0,191.5500030517578,194.0,158.3965301513672,741062
2024-03-05,UBL,195.0,196.8000030517578,194.0,195.36000061035156,159.50689697265625,806734
2024-03-06,UBL,195.1999969482422,196.91000366210938,195.0,195.5,159.62124633789062,2785770
2024-03-07,UBL,185.0,187.49000549316406,184.0,184.97000122070312,155.39547729492188,939640
2024-03-08,UBL,185.3000030517578,187.0,182.5,182.85000610351562,153.6144561767578,2152131
2024-03-11,UBL,182.89999389648438,182.89999389648438,181.0,182.00999450683594,152.90872192382812,241680
2024-03-12,UBL,182.27999877929688,182.27999877929688,180.25,181.69000244140625,152.639892578125,116022
2024-03-13,UBL,181.99000549316406,181.99000549316406,180.0,180.4600067138672,151.60658264160156,1018444
2024-03-14,UBL,181.0,181.0,178.52000427246094,179.64999389648438,150.92605590820312,880930
2024-03-15,UBL,179.25,180.7899932861328,177.60000610351562,178.33999633789062,149.8255157470703,241422
2024-03-18,UBL,179.0,180.0,178.60000610351562,179.77999877929688,151.0352783203125,282512
2024-03-19,UBL,180.0,181.99000549316406,179.22000122070312,181.22000122070312,152.24505615234375,9031380
2024-03-20,UBL,180.75,181.99000549316406,179.39999389648438,180.02000427246094,151.23692321777344,4451128
2024-03-21,UBL,180.97999572753906,181.0,178.1300048828125,178.75999450683594,150.1783905029297,405499
2024-03-22,UBL,179.0,179.0,174.69000244140625,176.13999938964844,147.9772491455078,631379
2024-03-26,UBL,177.9499969482422,179.35000610351562,176.5,178.61000061035156,150.0523681640625,757753
2024-03-27,UBL,178.6199951171875,183.0,178.6199951171875,181.50999450683594,152.48866271972656,2484510
2024-03-28,UBL,182.0,183.80999755859375,180.02999877929688,181.7899932861328,152.72389221191406,8739676
2024-03-29,UBL,181.92999267578125,182.94000244140625,180.63999938964844,182.27999877929688,153.13555908203125,4231135
2024-04-01,UBL,182.0,183.11000061035156,181.5,181.91000366210938,152.82473754882812,557715
2024-04-02,UBL,181.00999450683594,182.1999969482422,180.50999450683594,181.27000427246094,152.2870635986328,297945
2024-04-03,UBL,181.99000549316406,182.0,181.0,181.02999877929688,152.08543395996094,240902
2024-04-04,UBL,181.5,181.8000030517578,180.0,181.32000732421875,152.32908630371094,304230
2024-04-08,UBL,182.0,186.47000122070312,182.0,185.77000427246094,156.06756591796875,471334
2024-04-09,UBL,187.0,193.19000244140625,185.10000610351562,188.7100067138672,158.53749084472656,2029359
2024-04-15,UBL,187.27000427246094,193.5,187.27000427246094,193.14999389648438,162.26756286621094,820119
2024-04-16,UBL,192.57000732421875,195.9199981689453,192.0,192.9199981689453,162.07437133789062,1398950
2024-04-17,UBL,193.5,198.60000610351562,191.66000366210938,195.1699981689453,163.96461486816406,3439247
2024-04-18,UBL,195.5,195.89999389648438,191.66000366210938,194.8000030517578,163.6537628173828,1789956
2024-04-19,UBL,194.00999450683594,198.6300048828125,194.00999450683594,197.50999450683594,165.9304656982422,1439054
2024-04-22,UBL,198.0,204.74000549316406,198.0,202.64999389648438,170.24864196777344,1888627
2024-04-23,UBL,203.0,206.41000366210938,203.0,205.00999450683594,172.23130798339844,1072960
2024-04-24,UBL,205.5,208.9199981689453,205.0,205.6699981689453,172.78578186035156,1697458
2024-04-25,UBL,196.0500030517578,201.4499969482422,193.5500030517578,200.3800048828125,172.967041015625,2590036
2024-04-26,UBL,200.3800048828125,203.25,198.1300048828125,200.47000122070312,173.04473876953125,1100319
2024-04-29,UBL,200.41000366210938,201.0,197.5,198.89999389648438,171.68954467773438,1250468
2024-04-30,UBL,200.0,200.89999389648438,193.10000610351562,193.64999389648438,167.15774536132812,1281960
2024-05-02,UBL,194.0,194.0,191.25,192.0500030517578,165.77664184570312,600297
2024-05-03,UBL,193.92999267578125,194.5500030517578,191.5,194.22000122070312,167.64976501464844,284099
2024-05-06,UBL,195.85000610351562,197.9600067138672,195.35000610351562,196.8800048828125,169.9458770751953,295231
2024-05-07,UBL,197.60000610351562,197.89999389648438,195.50999450683594,196.42999267578125,169.5574188232422,169181
2024-05-08,UBL,196.9600067138672,197.0,193.6999969482422,194.97000122070312,168.29718017578125,538672
2024-05-09,UBL,195.11000061035156,195.89999389648438,193.5,194.36000061035156,167.77061462402344,183071
2024-05-10,UBL,195.00999450683594,196.0,193.0,195.00999450683594,168.33168029785156,251080
2024-05-13,UBL,195.0,197.0,194.5,196.2899932861328,169.4365692138672,367453
2024-05-14,UBL,196.97999572753906,200.0,196.1999969482422,199.6999969482422,172.3800811767578,962731
2024-05-15,UBL,200.0,206.6999969482422,199.0,205.6699981689453,177.53335571289062,2962612
2024-05-16,UBL,205.10000610351562,215.0,205.00999450683594,214.5399932861328,185.18988037109375,2740285
2024-05-17,UBL,215.0,216.5500030517578,208.1999969482422,213.92999267578125,184.663330078125,5154062
2024-05-20,UBL,214.88999938964844,214.88999938964844,211.75,212.25999450683594,183.22178649902344,2456232
2024-05-21,UBL,214.25999450683594,216.0,209.10000610351562,215.50999450683594,186.02719116210938,2974726
2024-05-22,UBL,216.74000549316406,217.75,215.25,216.9199981689453,187.24429321289062,716766
2024-05-23,UBL,216.02000427246094,218.35000610351562,212.11000061035156,214.05999755859375,184.77557373046875,1104945
2024-05-24,UBL,214.89999389648438,222.10000610351562,214.11000061035156,221.7100067138672,191.37901306152344,2645450
2024-05-27,UBL,221.75,221.75,217.0,221.25999450683594,190.9905548095703,2971497
2024-05-28,UBL,221.25999450683594,221.25999450683594,221.25999450683594,221.25999450683594,190.9905548095703,0
2024-05-29,UBL,223.97999572753906,223.97999572753906,219.0,221.27999877929688,191.00784301757812,1671387
2024-05-30,UBL,222.89999389648438,222.97999572753906,218.00999450683594,221.3300018310547,191.0509796142578,1091586
2024-05-31,UBL,220.00999450683594,223.8000030517578,218.00999450683594,223.3300018310547,192.77737426757812,661174
2024-06-03,UBL,223.0,223.0,218.89999389648438,221.57000732421875,191.25816345214844,1168893
2024-06-04,UBL,223.0,223.0,220.25999450683594,221.27999877929688,191.00784301757812,499092
2024-06-05,UBL,222.0,222.0,219.10000610351562,219.99000549316406,189.89431762695312,803153
2024-06-06,UBL,219.19000244140625,221.99000549316406,218.49000549316406,218.5800018310547,188.67721557617188,853358
2024-06-07,UBL,221.3800048828125,221.3800048828125,206.0,216.89999389648438,187.22703552246094,1049677
2024-06-10,UBL,217.5,217.99000549316406,212.52999877929688,215.8699951171875,186.3379364013672,649465
2024-06-11,UBL,217.0,219.49000549316406,217.0,218.55999755859375,188.65994262695312,403020
2024-06-12,UBL,216.10000610351562,220.5,216.10000610351562,219.0399932861328,189.07427978515625,638418
2024-06-13,UBL,218.0500030517578,233.89999389648438,218.0500030517578,232.44000244140625,200.64109802246094,1922283
2024-06-14,UBL,234.5,240.3000030517578,231.0,239.80999755859375,207.00283813476562,1657876
2024-06-20,UBL,240.0,260.19000244140625,240.0,260.19000244140625,224.59475708007812,3194262
2024-06-21,UBL,270.0,282.0299987792969,260.54998779296875,265.6499938964844,229.30780029296875,2106556
2024-06-24,UBL,268.0,268.0,255.99000549316406,258.8299865722656,223.42079162597656,1689230
2024-06-25,UBL,261.3999938964844,261.3999938964844,256.79998779296875,257.5799865722656,222.341796875,1476823
2024-06-26,UBL,258.95001220703125,259.79998779296875,256.0,257.1499938964844,221.9706268310547,521014
2024-06-27,UBL,259.0,263.0,258.0,260.20001220703125,224.60340881347656,516921
2024-06-28,UBL,261.989990234375,262.70001220703125,254.9199981689453,256.239990234375,221.18511962890625,1531160
2024-07-01,UBL,256.95001220703125,266.6000061035156,255.0,259.0899963378906,223.64524841308594,1920439
2024-07-02,UBL,260.0,262.0,259.510009765625,261.0199890136719,225.3112030029297,473267
2024-07-03,UBL,262.70001220703125,262.9800109863281,258.1600036621094,261.7200012207031,225.91543579101562,715866
2024-07-04,UBL,262.0,264.5,260.510009765625,262.4200134277344,226.5196990966797,569881
2024-07-05,UBL,263.7900085449219,269.4800109863281,259.8999938964844,262.0899963378906,226.23483276367188,1554094
2024-07-08,UBL,264.8999938964844,264.8999938964844,261.7200012207031,263.9599914550781,227.8489990234375,302831
2024-07-09,UBL,263.9599914550781,264.0,260.25,260.8999938964844,225.20761108398438,295153
2024-07-10,UBL,260.010009765625,261.989990234375,258.0,259.8999938964844,224.3444061279297,298774
2024-07-11,UBL,259.010009765625,260.0,256.0,258.07000732421875,222.76478576660156,332189
2024-07-12,UBL,257.0,259.0,253.0,256.1099853515625,221.07290649414062,581807
2024-07-15,UBL,258.5799865722656,263.0,258.1000061035156,260.19000244140625,224.59475708007812,322315
2024-07-16,UBL,260.19000244140625,260.19000244140625,260.19000244140625,260.19000244140625,224.59475708007812,0
2024-07-17,UBL,260.19000244140625,260.19000244140625,260.19000244140625,260.19000244140625,224.59475708007812,0
2024-07-18,UBL,260.19000244140625,268.8999938964844,260.0,267.010009765625,230.4817657470703,965496
2024-07-19,UBL,265.010009765625,268.0,259.0,261.1400146484375,225.414794921875,2256312
2024-07-22,UBL,261.0,261.0,255.11000061035156,257.760009765625,222.49720764160156,775362
2024-07-23,UBL,257.0,262.8399963378906,257.0,259.5899963378906,224.0768280029297,454635
2024-07-24,UBL,258.25,261.94000244140625,256.75,257.55999755859375,222.32455444335938,1303580
2024-07-25,UBL,257.70001220703125,259.69000244140625,254.00999450683594,254.75,219.89898681640625,969448
2024-07-26,UBL,255.9499969482422,260.0,253.1999969482422,257.3599853515625,222.15188598632812,302866
2024-07-29,UBL,259.0,266.95001220703125,257.29998779296875,265.239990234375,228.95388793945312,845098
2024-07-30,UBL,265.8900146484375,268.8500061035156,263.010009765625,265.5899963378906,229.25601196289062,630553
2024-07-31,UBL,266.010009765625,275.0,259.0,259.92999267578125,224.37033081054688,2604068
2024-08-01,UBL,261.989990234375,261.989990234375,252.10000610351562,253.60000610351562,218.90631103515625,565213
2024-08-02,UBL,254.88999938964844,259.95001220703125,254.1999969482422,256.6499938964844,221.53904724121094,883004
2024-08-05,UBL,256.95001220703125,258.79998779296875,252.0,252.8000030517578,218.21575927734375,1083166
2024-08-06,UBL,252.89999389648438,255.1999969482422,252.55999755859375,253.07000732421875,218.44882202148438,1239836
2024-08-07,UBL,254.5,256.0,250.5,251.13999938964844,216.78285217285156,875447
2024-08-08,UBL,244.02000427246094,244.02000427246094,239.0500030517578,243.6699981689453,215.0442657470703,1351562
2024-08-09,UBL,244.0,252.5,238.5,251.86000061035156,222.27212524414062,1004368
2024-08-12,UBL,251.02000427246094,254.0,248.52000427246094,249.9600067138672,220.59535217285156,414977
2024-08-13,UBL,248.55999755859375,251.0,246.0500030517578,249.99000549316406,220.62181091308594,138454
2024-08-15,UBL,250.0,252.0,248.0500030517578,249.32000732421875,220.03053283691406,356504
2024-08-16,UBL,250.89999389648438,250.89999389648438,244.99000549316406,245.49000549316406,216.6504669189453,245638
2024-08-19,UBL,246.0,248.0,244.0,245.55999755859375,216.7122344970703,475391
2024-08-20,UBL,246.0,255.0,244.0500030517578,251.05999755859375,221.5661163330078,840446
2024-08-21,UBL,251.0,254.99000549316406,250.5,253.58999633789062,223.79888916015625,595200
2024-08-22,UBL,255.0,255.0,252.0,253.32000732421875,223.5606231689453,510945
2024-08-23,UBL,253.30999755859375,259.0,252.25,257.5400085449219,227.2848358154297,1111470
2024-08-26,UBL,257.0,257.3599853515625,253.0,253.92999267578125,224.0989532470703,483077
2024-08-27,UBL,253.92999267578125,254.5,252.60000610351562,253.0800018310547,223.34881591796875,149117
2024-08-28,UBL,254.0,254.0,252.0,253.0,223.2781982421875,115297
2024-08-29,UBL,253.00999450683594,254.89999389648438,251.0,252.0,222.39569091796875,830315
2024-08-30,UBL,256.0,256.0,251.00999450683594,253.24000549316406,223.49002075195312,459865
2024-09-02,UBL,254.0,255.0,251.0,251.52000427246094,221.97206115722656,244392
2024-09-03,UBL,251.52000427246094,253.99000549316406,250.16000366210938,252.0800018310547,222.46627807617188,256823
2024-09-04,UBL,253.5,253.5,251.0,252.97000122070312,223.251708984375,417734
2024-09-05,UBL,253.11000061035156,263.9800109863281,251.5,261.0400085449219,230.3737030029297,1327601
2024-09-06,UBL,261.0,261.989990234375,258.0199890136719,259.9599914550781,229.42056274414062,422637
2024-09-09,UBL,260.0,261.989990234375,254.0,255.0500030517578,225.08737182617188,435258
2024-09-10,UBL,256.9700012207031,260.5,254.00999450683594,259.9800109863281,229.43821716308594,525791
2024-09-11,UBL,260.0,261.70001220703125,257.1199951171875,259.6499938964844,229.14697265625,1135491
2024-09-12,UBL,257.1499938964844,267.489990234375,257.04998779296875,265.8800048828125,234.6450653076172,1633395
2024-09-13,UBL,269.5,270.0,261.1099853515625,263.8800048828125,232.8800506591797,953442
2024-09-16,UBL,264.0,265.989990234375,260.0,262.3399963378906,231.52096557617188,218485
2024-09-17,UBL,262.3399963378906,262.3399963378906,262.3399963378906,262.3399963378906,231.52096557617188,0
2024-09-18,UBL,263.0,270.0,260.1700134277344,268.0799865722656,236.5866241455078,1053653
2024-09-19,UBL,264.1000061035156,277.0,264.1000061035156,270.6700134277344,238.87237548828125,1256457
2024-09-20,UBL,270.0,282.989990234375,269.5,278.57000732421875,245.84432983398438,3085746
2024-09-23,UBL,278.0,290.0,277.9800109863281,288.04998779296875,254.21060180664062,1119977
2024-09-24,UBL,288.0,298.0,286.04998779296875,295.19000244140625,260.5118408203125,1072648
2024-09-25,UBL,295.5,298.95001220703125,291.0,297.7300109863281,262.75341796875,932622
2024-09-26,UBL,297.0,301.0,291.04998779296875,293.7200012207031,259.21453857421875,408343
2024-09-27,UBL,294.8500061035156,294.8500061035156,287.0199890136719,288.6600036621094,254.74891662597656,766485
2024-09-30,UBL,289.5,292.6000061035156,286.1400146484375,291.4200134277344,257.1847229003906,297166
2024-10-01,UBL,290.0199890136719,294.8900146484375,288.29998779296875,289.510009765625,255.49913024902344,309206
2024-10-02,UBL,289.510009765625,297.0,289.0,295.3500061035156,260.6530456542969,284874
2024-10-03,UBL,294.0,299.5,293.1000061035156,295.54998779296875,260.82952880859375,940403
2024-10-04,UBL,296.0,298.0,294.0,295.3800048828125,260.67950439453125,717652
2024-10-07,UBL,295.489990234375,299.989990234375,293.8900146484375,298.6499938964844,263.56536865234375,507155
2024-10-08,UBL,298.5,302.45001220703125,295.6400146484375,297.3800048828125,262.4445495605469,712118
2024-10-09,UBL,297.3800048828125,297.3800048828125,297.3800048828125,297.3800048828125,262.4445495605469,0
2024-10-10,UBL,299.0,300.0,297.0,297.8500061035156,262.8593444824219,454785
2024-10-11,UBL,297.8500061035156,300.0,297.0,299.80999755859375,264.58905029296875,966487
2024-10-14,UBL,299.80999755859375,301.0,297.7699890136719,299.0400085449219,263.9095764160156,1283927
2024-10-15,UBL,299.1000061035156,300.9800109863281,297.70001220703125,299.6099853515625,264.4125671386719,382107
2024-10-16,UBL,299.989990234375,300.989990234375,293.0,293.92999267578125,259.39984130859375,226678
2024-10-17,UBL,294.94000244140625,294.94000244140625,289.010009765625,292.2799987792969,257.9436950683594,340633
2024-10-18,UBL,293.0,295.0,291.54998779296875,292.2799987792969,257.9436950683594,222654
2024-10-21,UBL,293.010009765625,298.0,290.54998779296875,296.1499938964844,261.35906982421875,403252
2024-10-22,UBL,297.0,298.0,294.6099853515625,295.1300048828125,260.4588928222656,303310
2024-10-23,UBL,296.0,299.95001220703125,293.5,293.9800109863281,259.4440002441406,2471709
2024-10-24,UBL,296.0,311.0,291.0,309.6499938964844,273.2731018066406,9883837
2024-10-25,UBL,311.8500061035156,321.0,309.5,315.9800109863281,278.8594970703125,1051763
2024-10-28,UBL,324.0,325.239990234375,315.05999755859375,315.94000244140625,278.8241271972656,1407476
2024-10-29,UBL,316.0,322.8500061035156,312.94000244140625,318.9700012207031,281.4981994628906,417220
2024-10-30,UBL,319.0,322.0,314.0,315.4100036621094,278.3564453125,513819
2024-10-31,UBL,317.0,318.0,308.0,311.9200134277344,275.2764587402344,1028949
2024-11-01,UBL,299.8800048828125,325.0,294.1499938964844,320.5799865722656,287.99725341796875,1120698
2024-11-04,UBL,323.010009765625,325.45001220703125,310.1099853515625,321.1300048828125,288.4913635253906,572900
2024-11-05,UBL,322.67999267578125,322.67999267578125,310.0,318.8800048828125,286.4700012207031,2001385
2024-11-06,UBL,320.0,320.0,312.29998779296875,313.1499938964844,281.3223876953125,259501
2024-11-07,UBL,314.0,318.0,310.94000244140625,315.17999267578125,283.1460876464844,480633
2024-11-08,UBL,315.5,316.0,312.0,313.0299987792969,281.214599609375,315988
2024-11-11,UBL,313.25,313.95001220703125,312.04998779296875,313.4200134277344,281.5650329589844,373913
2024-11-12,UBL,313.0,316.0,310.6000061035156,314.25,282.31060791015625,337062
2024-11-13,UBL,313.0,316.989990234375,311.04998779296875,315.70001220703125,283.6132507324219,413367
2024-11-14,UBL,316.0,326.0,314.5,323.3299865722656,290.4677429199219,1080157
2024-11-15,UBL,326.0,341.0,326.0,330.57000732421875,296.9718933105469,1241097
2024-11-18,UBL,331.0,336.0,325.0,326.42999267578125,293.2526550292969,628557
2024-11-19,UBL,328.5,333.9800109863281,325.0,332.3900146484375,298.60693359375,1085615
2024-11-20,UBL,328.0,336.989990234375,328.0,333.0299987792969,299.1818542480469,230743
2024-11-21,UBL,333.0,334.5,329.0,333.760009765625,299.83770751953125,353620
2024-11-22,UBL,334.79998779296875,356.0,331.510009765625,335.7699890136719,301.64337158203125,3465164
2024-11-25,UBL,336.0,351.9800109863281,334.04998779296875,346.0199890136719,310.8515930175781,1632164
2024-11-26,UBL,346.0,380.6199951171875,339.010009765625,343.0,308.1385498046875,5798098
2024-11-27,UBL,348.8900146484375,357.0,343.010009765625,347.7699890136719,312.4237365722656,2656424
2024-11-28,UBL,348.010009765625,350.5,331.57000732421875,335.5199890136719,301.4187927246094,2157257
2024-11-29,UBL,337.0,341.2200012207031,335.0,339.45001220703125,304.94940185546875,665818
2024-12-02,UBL,341.0,344.8900146484375,340.0,342.3699951171875,307.57257080078125,972333
2024-12-03,UBL,342.989990234375,347.989990234375,342.3699951171875,345.7200012207031,310.5820617675781,1354798
2024-12-04,UBL,348.0199890136719,351.9700012207031,344.5,346.4800109863281,311.26483154296875,959830
2024-12-05,UBL,348.0,363.0,345.0,360.0899963378906,323.4915771484375,2581424
2024-12-06,UBL,364.0,379.0,358.5,375.1499938964844,337.0209045410156,14056879
2024-12-09,UBL,366.1099853515625,371.0,348.0,367.29998779296875,329.9687805175781,3266009
2024-12-10,UBL,370.0,370.0,356.5,357.54998779296875,321.209716796875,2957087
2024-12-11,UBL,357.5,364.5,357.5,363.3800048828125,326.44720458984375,814630
2024-12-12,UBL,367.0,367.0,359.1000061035156,361.6400146484375,324.8840637207031,1409947
2024-12-13,UBL,361.0,362.8999938964844,334.1000061035156,346.0199890136719,310.8515930175781,4946717
2024-12-16,UBL,346.0,346.0,330.0,341.3900146484375,306.6922302246094,2146066
2024-12-17,UBL,340.1099853515625,361.25,337.5,356.8500061035156,320.5809020996094,1810833
2024-12-18,UBL,352.510009765625,360.0,346.010009765625,349.6400146484375,314.1037292480469,1080769
2024-12-19,UBL,348.0,348.4800109863281,325.04998779296875,333.8399963378906,299.9095153808594,2345091
2024-12-20,UBL,332.010009765625,349.8900146484375,332.010009765625,346.17999267578125,310.9953308105469,712715
2024-12-23,UBL,350.0,362.489990234375,348.0,355.4599914550781,319.3321228027344,2835857
2024-12-24,UBL,356.04998779296875,368.0,348.0,365.1199951171875,328.0103454589844,2507585
2024-12-26,UBL,363.1099853515625,375.489990234375,350.0,374.8699951171875,336.7693786621094,2931860
2024-12-27,UBL,376.0,377.489990234375,371.0,373.4100036621094,335.4577941894531,347805
2024-12-30,UBL,376.0,384.0,368.0,378.3299865722656,339.8777160644531,1997964
2024-12-31,UBL,380.0,383.0,375.0,382.2300109863281,343.38134765625,1806809
2025-01-01,UBL,382.2300109863281,382.2300109863281,382.2300109863281,382.2300109863281,343.38134765625,0
2025-01-02,UBL,388.3599853515625,390.0,384.1000061035156,387.75,348.34027099609375,1523011
2025-01-03,UBL,388.8900146484375,389.8999938964844,380.010009765625,388.1499938964844,348.6996154785156,891133
2025-01-06,UBL,388.1600036621094,390.0,382.30999755859375,385.4200134277344,346.2471618652344,544509
2025-01-07,UBL,385.0,388.3999938964844,378.0,382.9700012207031,344.046142578125,460187
2025-01-08,UBL,382.75,387.0,370.1600036621094,373.7799987792969,335.7901611328125,643961
2025-01-09,UBL,373.7799987792969,378.989990234375,369.0,372.3800048828125,334.532470703125,2182493
2025-01-10,UBL,371.989990234375,374.0,366.8999938964844,369.95001220703125,332.3494567871094,575123
2025-01-13,UBL,370.0,378.0,369.0,375.9200134277344,337.7126770019531,1641184
2025-01-14,UBL,378.0,390.0,373.010009765625,388.2900085449219,348.8254089355469,2510435
2025-01-15,UBL,390.0,390.0,382.010009765625,385.0799865722656,345.941650390625,467871
2025-01-16,UBL,386.989990234375,386.989990234375,382.1000061035156,384.04998779296875,345.0163269042969,353645
2025-01-17,UBL,385.0,397.70001220703125,382.5,396.6099853515625,356.2997741699219,2249881
2025-01-20,UBL,398.0,398.0,395.989990234375,396.9800109863281,356.6321716308594,266871
2025-01-21,UBL,397.1000061035156,397.1000061035156,392.0,392.3800048828125,352.49969482421875,522587
2025-01-22,UBL,392.3800048828125,394.489990234375,386.04998779296875,390.2300109863281,350.5682373046875,2609568
2025-01-23,UBL,393.95001220703125,393.95001220703125,383.07000732421875,386.07000732421875,346.8310852050781,535365
2025-01-24,UBL,387.010009765625,390.29998779296875,387.010009765625,388.8500061035156,349.3284912109375,355831
2025-01-27,UBL,390.0,390.0,382.510009765625,386.010009765625,346.77716064453125,487346
2025-01-28,UBL,385.510009765625,392.6499938964844,385.04998779296875,388.0899963378906,348.645751953125,1647962
2025-01-29,UBL,389.79998779296875,392.0,385.5199890136719,389.0,349.4632568359375,1270497
2025-01-30,UBL,389.0,394.0,388.20001220703125,391.6600036621094,351.8528747558594,617513
2025-01-31,UBL,395.0,413.989990234375,393.010009765625,410.2099914550781,368.51751708984375,1267359
2025-02-03,UBL,412.010009765625,417.5,410.6000061035156,414.0199890136719,371.9402770996094,639052
2025-02-04,UBL,415.0,417.0,406.0,411.1700134277344,369.3799743652344,495419
2025-02-06,UBL,409.0,413.989990234375,403.2200012207031,410.2799987792969,368.5804138183594,1615724
2025-02-07,UBL,412.0,413.0,405.010009765625,410.7900085449219,369.0386047363281,1183543
2025-02-10,UBL,412.989990234375,416.0,407.1000061035156,412.2300109863281,370.332275390625,388651
2025-02-11,UBL,412.2300109863281,420.0,412.0,412.7900085449219,370.8353271484375,268187
2025-02-12,UBL,412.95001220703125,416.0,409.04998779296875,412.5199890136719,370.5927734375,130560
2025-02-13,UBL,413.75,413.75,407.04998779296875,408.3800048828125,366.87353515625,235627
2025-02-14,UBL,407.1000061035156,410.0,406.0,408.55999755859375,367.03521728515625,68715
2025-02-17,UBL,409.9800109863281,412.8900146484375,408.55999755859375,411.4100036621094,369.5956115722656,545470
2025-02-18,UBL,410.0,414.8999938964844,410.0,414.55999755859375,372.4254150390625,389904
2025-02-19,UBL,416.010009765625,419.989990234375,392.17999267578125,395.2900085449219,355.11395263671875,3036988
2025-02-20,UBL,398.69000244140625,401.54998779296875,395.2900085449219,397.260009765625,356.88372802734375,447297
2025-02-21,UBL,397.260009765625,397.260009765625,393.5,395.0,354.85345458984375,103200
2025-02-24,UBL,395.0,404.989990234375,388.0,401.80999755859375,360.9713134765625,470254
2025-02-25,UBL,402.20001220703125,410.0,398.25,401.0,360.2436218261719,199975
2025-02-26,UBL,403.0,403.0,397.8500061035156,399.0199890136719,358.4648742675781,302616
2025-02-27,UBL,400.0,405.989990234375,399.0299987792969,401.0,360.2436218261719,343451
2025-02-28,UBL,405.0,405.0,399.0,399.4599914550781,358.8601379394531,199390
2025-03-03,UBL,401.0,401.0,388.0,390.8699951171875,351.1431884765625,1064472
2025-03-04,UBL,390.8699951171875,390.8699951171875,390.8699951171875,390.8699951171875,351.1431884765625,0
2025-03-05,UBL,397.0,399.0,390.20001220703125,394.5199890136719,354.4222412109375,477719
2025-03-06,UBL,398.0,398.0,394.010009765625,395.8900146484375,355.6529541015625,374154
2025-03-07,UBL,397.0,398.0,394.010009765625,395.4700012207031,355.27569580078125,945838
2025-03-10,UBL,395.0,404.8500061035156,395.0,403.29998779296875,362.3098449707031,825041
2025-03-11,UBL,394.0,394.0,384.510009765625,387.2699890136719,352.7192687988281,1390416
2025-03-12,UBL,388.0,388.0,385.010009765625,386.0,351.5626220703125,323480
2025-03-13,UBL,388.0,389.510009765625,384.54998779296875,386.1700134277344,351.7174377441406,426948
2025-03-14,UBL,389.0,389.0,385.5,386.1300048828125,351.6809997558594,489766
2025-03-17,UBL,387.0,389.0,385.0,387.1499938964844,352.6100158691406,97682
2025-03-18,UBL,389.0,389.010009765625,384.989990234375,385.8999938964844,351.4715270996094,1001456
2025-03-19,UBL,385.20001220703125,390.0,383.989990234375,387.5400085449219,352.9652099609375,671046
2025-03-20,UBL,389.9800109863281,390.4800109863281,383.5,384.80999755859375,350.478759765625,273795
2025-03-21,UBL,384.80999755859375,386.0,381.6600036621094,382.42999267578125,348.31109619140625,255577
2025-03-24,UBL,383.5,385.9700012207031,380.0,381.07000732421875,347.07244873046875,222961
2025-03-25,UBL,383.0,383.75,376.6400146484375,378.1400146484375,344.40386962890625,430282
2025-03-26,UBL,380.0199890136719,401.9800109863281,379.5,400.0199890136719,364.331787109375,1608096
2025-03-27,UBL,400.0,414.0,396.1000061035156,410.8900146484375,374.23199462890625,554546
2025-03-28,UBL,410.8900146484375,410.8900146484375,410.8900146484375,410.8900146484375,374.23199462890625,0
2025-03-31,UBL,410.8900146484375,410.8900146484375,410.8900146484375,410.8900146484375,374.23199462890625,0
2025-04-03,UBL,411.0,451.9800109863281,406.0,444.5899963378906,404.9254150390625,1414936
2025-04-04,UBL,446.0,489.04998779296875,446.0,482.17999267578125,439.16180419921875,5855977
2025-04-07,UBL,482.0,482.0,436.1000061035156,476.92999267578125,434.38018798828125,3178664
2025-04-08,UBL,477.0,479.0,458.0,460.1400146484375,419.088134765625,1508984
2025-04-09,UBL,458.9800109863281,459.8999938964844,440.510009765625,451.0,410.7635498046875,671384
2025-04-10,UBL,465.0,470.5,456.0,457.9200134277344,417.0661926269531,1301134
2025-04-11,UBL,457.0,461.95001220703125,432.0,441.739990234375,402.32965087890625,1117598
2025-04-14,UBL,444.989990234375,479.0,444.9800109863281,472.6400146484375,430.4729309082031,1413079
2025-04-15,UBL,474.0,482.0,472.70001220703125,475.05999755859375,432.6770324707031,1131848
2025-04-16,UBL,481.0,519.0,449.0,479.17999267578125,436.429443359375,8373095
2025-04-17,UBL,478.7699890136719,498.95001220703125,474.0,495.20001220703125,451.02020263671875,10968701
2025-04-18,UBL,498.0,544.719970703125,496.0,542.77001953125,494.3462219238281,3976638
2025-04-21,UBL,548.5,580.0,548.0,552.1099853515625,502.8529357910156,2677984
2025-04-22,UBL,554.989990234375,554.989990234375,522.0,530.0399780273438,482.7519226074219,910369
2025-04-23,UBL,530.2000122070312,547.969970703125,516.0,518.739990234375,472.4600524902344,1084032
2025-04-24,UBL,505.0,528.9000244140625,496.510009765625,511.5199890136719,465.8841857910156,1395244
2025-04-25,UBL,512.489990234375,523.5,502.0,507.7699890136719,462.46875,838859
2025-04-28,UBL,250.0,252.4499969482422,238.88499450683594,240.13999938964844,221.11065673828125,2362200
2025-04-29,UBL,475.6000061035156,483.989990234375,468.5,475.1300048828125,437.4794006347656,2716568
2025-04-30,UBL,465.04998779296875,484.0,428.010009765625,461.0400085449219,424.50592041015625,5533339
2025-05-01,UBL,461.0400085449219,461.0400085449219,461.0400085449219,461.0400085449219,424.50592041015625,0
2025-05-02,UBL,470.0,505.0,470.0,498.05999755859375,458.5923156738281,2001263
2025-05-05,UBL,502.0,510.0,483.0,487.260009765625,448.648193359375,1402293
2025-05-06,UBL,487.260009765625,511.8999938964844,487.260009765625,490.6099853515625,451.7326965332031,1609391
2025-05-07,UBL,460.0,487.989990234375,460.0,477.8399963378906,439.9746398925781,2017389
2025-05-08,UBL,485.0,494.0,430.05999755859375,448.04998779296875,412.5452880859375,2983445
2025-05-09,UBL,451.0,464.79998779296875,434.010009765625,455.8500061035156,419.72723388671875,2542931
2025-05-12,UBL,501.44000244140625,501.44000244140625,501.44000244140625,501.44000244140625,461.70452880859375,378056
2025-05-13,UBL,520.0,520.0,492.5,495.260009765625,456.01422119140625,2054083
2025-05-14,UBL,493.989990234375,510.9800109863281,490.05999755859375,499.8299865722656,460.2220764160156,2205841
2025-05-15,UBL,501.8900146484375,519.8900146484375,500.25,515.4600219726562,474.6135559082031,1753578
2025-05-16,UBL,518.0,535.5,511.0,518.7899780273438,477.6795959472656,1468869
2025-05-19,UBL,518.7899780273438,519.8900146484375,511.0,515.5700073242188,474.71484375,428531
2025-05-20,UBL,515.530029296875,517.8800048828125,505.5,509.510009765625,469.135009765625,185440
2025-05-21,UBL,510.010009765625,521.9000244140625,510.010009765625,515.739990234375,474.871337890625,766793
2025-05-22,UBL,516.0,530.0,515.0,516.0700073242188,475.1752014160156,976394
2025-05-23,UBL,514.0,524.0,511.0,516.5700073242188,475.63555908203125,351373
2025-05-26,UBL,517.0,521.0,512.1199951171875,513.9500122070312,473.2231750488281,253548
2025-05-27,UBL,514.0,518.6500244140625,503.260009765625,504.7900085449219,464.7890625,1020483
2025-05-28,UBL,504.7900085449219,504.7900085449219,504.7900085449219,504.7900085449219,464.7890625,0
2025-05-29,UBL,505.010009765625,515.0,505.010009765625,510.7799987792969,470.30438232421875,782913
2025-05-30,UBL,513.0,513.989990234375,507.0,509.6000061035156,469.2178955078125,550714
2025-06-02,UBL,510.0,515.0,508.0,509.0,468.66546630859375,380916
2025-06-03,UBL,510.0,515.010009765625,506.510009765625,512.4500122070312,471.8420715332031,695473
2025-06-04,UBL,514.0,522.0,510.0,513.1500244140625,472.4866027832031,799020
2025-06-05,UBL,515.0,517.0,509.5,513.260009765625,472.5878601074219,805913
2025-06-06,UBL,513.260009765625,513.260009765625,513.260009765625,513.260009765625,472.5878601074219,0
2025-06-09,UBL,513.260009765625,513.260009765625,513.260009765625,513.260009765625,472.5878601074219,0
2025-06-10,UBL,257.4949951171875,257.5,255.5500030517578,256.5249938964844,236.19723510742188,2493730
2025-06-11,UBL,257.5,260.625,257.2250061035156,257.885009765625,237.44947814941406,3708298
2025-06-12,UBL,516.0,526.989990234375,516.0,520.2000122070312,478.9779357910156,965451
2025-06-13,UBL,510.1000061035156,523.5,510.1000061035156,517.6300048828125,476.611572265625,1156413
2025-06-16,UBL,258.81500244140625,258.81500244140625,258.81500244140625,258.81500244140625,238.3057861328125,0
2025-06-17,UBL,260.0,260.9949951171875,257.29998779296875,258.2300109863281,237.76715087890625,1192344
2025-06-18,UBL,262.489990234375,262.489990234375,257.05499267578125,257.9549865722656,237.513916015625,1276250
2025-06-19,UBL,520.0,522.9000244140625,516.02001953125,521.4000244140625,480.0828552246094,381538
2025-06-20,UBL,522.7899780273438,525.25,520.0,524.1900024414062,482.6517333984375,718562
2025-06-23,UBL,524.1900024414062,524.1900024414062,524.1900024414062,524.1900024414062,482.6517333984375,0
2025-06-24,UBL,265.0,275.0,264.25,273.0400085449219,251.40357971191406,4642454
2025-06-25,UBL,274.8500061035156,274.8500061035156,267.1000061035156,271.0899963378906,249.6080780029297,1719096
2025-06-26,UBL,272.0,272.010009765625,269.3999938964844,270.6700134277344,249.2213897705078,2312353
2025-06-27,UBL,270.5,277.0,268.5,272.989990234375,251.3574981689453,3773073
2025-06-30,UBL,273.0,277.0,273.0,275.95001220703125,254.08294677734375,1848550
2025-07-01,UBL,276.0,291.8999938964844,275.95001220703125,289.82000732421875,266.8538818359375,4188933
2025-07-02,UBL,289.5,306.5,289.0,305.7900085449219,281.558349609375,9197607
2025-07-03,UBL,307.0,312.5,304.010009765625,309.8399963378906,285.28741455078125,2884914
2025-07-04,UBL,309.8399963378906,329.8999938964844,309.0,327.489990234375,301.5387878417969,3748255
2025-07-07,UBL,328.5,338.44000244140625,326.0199890136719,329.07000732421875,302.9936218261719,5204344
2025-07-08,UBL,328.5,336.0,325.0,330.0400085449219,303.88671875,3515444
2025-07-09,UBL,330.0400085449219,332.8999938964844,327.0,330.0899963378906,303.9327392578125,1098739
2025-07-10,UBL,332.8500061035156,336.0,329.0,333.69000244140625,307.2475280761719,1555566
2025-07-11,UBL,334.0,344.5,329.5,341.7099914550781,314.6319580078125,6871072
2025-07-14,UBL,343.8999938964844,362.7699890136719,343.8999938964844,360.3399963378906,331.7856750488281,3934746
2025-07-15,UBL,363.0,380.0,362.0,370.05999755859375,340.7354431152344,4612685
2025-07-16,UBL,370.0,376.989990234375,360.54998779296875,362.8800048828125,334.1243896484375,2562688
2025-07-17,UBL,360.989990234375,374.0,360.0,373.1000061035156,343.5345458984375,1937340
2025-07-18,UBL,366.5,375.9700012207031,365.0,373.4800109863281,351.4195556640625,2788781
2025-07-21,UBL,373.9700012207031,374.8999938964844,367.5,369.5199890136719,347.6934509277344,697674
2025-07-22,UBL,370.0,371.9700012207031,360.0,366.0199890136719,344.4001770019531,1895384
2025-07-23,UBL,365.5,369.0,361.010009765625,366.0899963378906,344.466064453125,1067686
2025-07-24,UBL,366.0,369.75,363.1400146484375,366.75,345.0870666503906,1139833
2025-07-25,UBL,364.9700012207031,372.4800109863281,364.1000061035156,369.3699951171875,347.55230712890625,1477082
2025-07-28,UBL,369.0,371.0,363.20001220703125,364.95001220703125,343.3934020996094,1348301
2025-07-29,UBL,366.989990234375,371.0,350.0,358.3900146484375,337.22088623046875,2194506
2025-07-30,UBL,355.0,367.989990234375,355.0,365.8500061035156,344.240234375,1451582
2025-07-31,UBL,368.1000061035156,369.75,365.8599853515625,366.67999267578125,345.0212097167969,997268
2025-08-01,UBL,366.0,369.0,365.0,368.55999755859375,346.7901611328125,563189
2025-08-04,UBL,369.0,370.8900146484375,366.0,368.0299987792969,346.2914733886719,800264
2025-08-05,UBL,368.0,375.1099853515625,367.20001220703125,371.82000732421875,349.85760498046875,975813
2025-08-06,UBL,371.82000732421875,380.95001220703125,371.82000732421875,378.6400146484375,356.2747802734375,2359824
2025-08-07,UBL,380.0,385.7799987792969,378.0,380.7799987792969,358.28839111328125,1436336
2025-08-08,UBL,381.010009765625,384.5,379.0,381.1400146484375,358.62713623046875,677736
2025-08-11,UBL,380.0,385.0,379.0,382.6199951171875,360.0196838378906,737613
2025-08-12,UBL,385.0,385.8500061035156,380.57000732421875,381.3900146484375,358.86236572265625,297094
2025-08-13,UBL,381.3500061035156,384.0,376.1099853515625,379.6099853515625,357.18743896484375,691690
2025-08-15,UBL,380.0799865722656,382.6099853515625,365.1000061035156,374.5199890136719,352.39813232421875,404946
2025-08-18,UBL,374.5199890136719,379.510009765625,372.0,377.8900146484375,355.5690612792969,600056
2025-08-19,UBL,377.8900146484375,392.0,377.8900146484375,385.44000244140625,362.673095703125,2697339
2025-08-20,UBL,386.0,387.0,383.0,384.0199890136719,361.33697509765625,500917
2025-08-21,UBL,384.0299987792969,387.0,379.9599914550781,381.2300109863281,358.7117614746094,726587
2025-08-22,UBL,382.0,385.489990234375,381.2300109863281,382.3299865722656,359.7467956542969,417219
2025-08-25,UBL,384.0,384.0,381.0,381.760009765625,359.2104797363281,237136
2025-08-26,UBL,382.4800109863281,382.4800109863281,378.010009765625,379.9200134277344,357.47918701171875,533252
2025-08-27,UBL,379.989990234375,382.5,375.0,380.2200012207031,357.7614440917969,529210
2025-08-28,UBL,380.0,383.9800109863281,380.0,381.7799987792969,359.2292785644531,449342
2025-08-29,UBL,380.1000061035156,383.9800109863281,375.0,380.8399963378906,358.3448181152344,1129866
2025-09-01,UBL,381.1000061035156,383.0,379.6199951171875,380.19000244140625,357.7331848144531,508902
2025-09-02,UBL,381.989990234375,383.0,380.5,382.1499938964844,359.57745361328125,367428
2025-09-03,UBL,383.0,387.0,381.20001220703125,383.69000244140625,361.0264587402344,863714
2025-09-04,UBL,387.0,389.0,383.0,384.19000244140625,361.4969177246094,655211
2025-09-05,UBL,385.0,385.1499938964844,381.0,382.3800048828125,359.79388427734375,893174
2025-09-08,UBL,384.0,384.55999755859375,376.5,377.44000244140625,355.1456298828125,1191553
2025-09-09,UBL,379.9800109863281,384.19000244140625,376.0199890136719,378.5799865722656,356.2182922363281,1335407
2025-09-10,UBL,379.3999938964844,379.3999938964844,374.260009765625,375.5199890136719,353.33905029296875,986354
2025-09-11,UBL,375.5199890136719,378.5,374.4100036621094,374.9700012207031,352.821533203125,446283
2025-09-12,UBL,375.94000244140625,376.8999938964844,359.0,363.05999755859375,341.6150207519531,1468630
2025-09-15,UBL,363.2200012207031,368.6499938964844,363.2200012207031,366.20001220703125,344.569580078125,472944
2025-09-16,UBL,366.25,370.3999938964844,365.29998779296875,367.1000061035156,345.4164123535156,1238767
2025-09-17,UBL,368.0,369.8999938964844,364.5,365.80999755859375,344.20257568359375,287886
2025-09-18,UBL,366.0,370.3900146484375,365.0,368.6099853515625,346.83721923828125,571248
2025-09-19,UBL,370.2699890136719,370.2699890136719,359.5,360.8399963378906,339.5261535644531,1399327
2025-09-22,UBL,361.0,362.3999938964844,350.20001220703125,351.8299865722656,331.04833984375,1147898
2025-09-23,UBL,351.8299865722656,351.8299865722656,351.8299865722656,351.8299865722656,331.04833984375,0
2025-09-24,UBL,362.0,364.0,360.0,363.0899963378906,341.64324951171875,2356481
2025-09-25,UBL,363.1600036621094,364.79998779296875,360.20001220703125,360.8900146484375,339.5732421875,814442
2025-09-26,UBL,362.0,374.989990234375,360.0199890136719,371.7699890136719,349.810546875,2718865
2025-09-29,UBL,373.0,380.1000061035156,373.0,375.2699890136719,353.10382080078125,1468862
2025-09-30,UBL,377.0,399.8999938964844,376.010009765625,386.05999755859375,363.2565002441406,3302128
2025-10-01,UBL,389.8800048828125,390.1499938964844,381.1099853515625,385.6199951171875,362.84246826171875,801293
2025-10-02,UBL,386.0,398.989990234375,386.0,397.510009765625,374.0301818847656,1829417
2025-10-03,UBL,397.5,410.0,390.0,403.9800109863281,380.1180114746094,3195381
2025-10-06,UBL,403.9800109863281,410.29998779296875,397.0,401.2900085449219,377.5868835449219,1241178
2025-10-07,UBL,401.2900085449219,401.2900085449219,401.2900085449219,401.2900085449219,377.5868835449219,0
2025-10-08,UBL,395.8500061035156,397.8699951171875,380.0,382.79998779296875,360.18902587890625,1853359
2025-10-09,UBL,384.8800048828125,387.8999938964844,374.0,377.95001220703125,355.62554931640625,910277
2025-10-10,UBL,377.5,380.5,370.05999755859375,376.0899963378906,353.8753662109375,899169
2025-10-13,UBL,370.0,375.20001220703125,366.25,374.05999755859375,351.9653015136719,1704002
2025-10-14,UBL,377.0,393.1000061035156,377.0,391.3699951171875,368.2528381347656,1226376
2025-10-15,UBL,396.3800048828125,397.70001220703125,386.0299987792969,387.80999755859375,364.9031066894531,3125577
2025-10-16,UBL,389.989990234375,393.67999267578125,389.0,389.6700134277344,366.65325927734375,1438265
2025-10-17,UBL,389.6700134277344,392.1000061035156,386.0,387.0299987792969,364.169189453125,516316
2025-10-20,UBL,391.70001220703125,399.0,388.0,395.6499938964844,372.280029296875,1517673
2025-10-21,UBL,396.0,397.8999938964844,390.510009765625,394.3299865722656,371.0379943847656,1482326
2025-10-22,UBL,395.5,395.70001220703125,389.0,389.95001220703125,366.9167175292969,1646534
2025-10-23,UBL,382.0,385.0,377.3999938964844,382.92999267578125,367.8581237792969,704295
2025-10-24,UBL,376.0,384.92999267578125,375.54998779296875,376.6700134277344,361.84454345703125,405190
2025-10-27,UBL,376.6700134277344,377.0,370.8900146484375,373.3399963378906,358.6455993652344,517756
2025-10-28,UBL,371.0,375.1000061035156,368.75,369.92999267578125,355.3697814941406,429566
2025-10-29,UBL,369.8999938964844,370.29998779296875,362.0,365.260009765625,350.8836364746094,461895
2025-10-30,UBL,365.0,367.5,360.4200134277344,360.94000244140625,346.7336730957031,600391
2025-10-31,UBL,363.0,392.2200012207031,363.0,384.8699951171875,369.7217712402344,1989479
2025-11-03,UBL,386.8999938964844,386.8999938964844,378.80999755859375,380.0299987792969,365.0722961425781,884657
2025-11-04,UBL,382.1000061035156,382.6000061035156,376.5,377.3800048828125,362.5265808105469,603055
2025-11-05,UBL,378.0,380.20001220703125,370.75,375.6600036621094,360.8742980957031,1050052
2025-11-06,UBL,379.0,379.0,372.510009765625,373.0199890136719,358.3381652832031,226204
2025-11-07,UBL,374.8999938964844,382.010009765625,372.1000061035156,376.3500061035156,361.5371398925781,917817
2025-11-10,UBL,377.0,378.8999938964844,372.1000061035156,373.3399963378906,358.6455993652344,475435
2025-11-11,UBL,373.0,376.3999938964844,368.0,369.1300048828125,354.6012878417969,1434105
2025-11-12,UBL,370.0,371.70001220703125,367.0,371.010009765625,356.40728759765625,223070
2025-11-13,UBL,372.010009765625,374.1000061035156,370.20001220703125,372.0400085449219,357.39678955078125,272255
2025-11-14,UBL,373.5,376.9800109863281,370.2099914550781,376.1400146484375,361.3354187011719,421440
2025-11-17,UBL,376.1400146484375,378.5,372.0,373.5199890136719,358.8184814453125,530487
2025-11-18,UBL,375.0,375.0,369.7799987792969,371.45001220703125,356.8299865722656,582907
2025-11-19,UBL,372.0,374.3999938964844,370.1499938964844,371.0299987792969,356.426513671875,1084147
2025-11-20,UBL,371.1499938964844,373.0,370.04998779296875,371.7699890136719,357.13739013671875,149272
2025-11-21,UBL,372.8999938964844,372.8999938964844,370.010009765625,371.6199951171875,356.9932861328125,597534
2025-11-24,UBL,371.6199951171875,375.0,368.1000061035156,372.2200012207031,357.5696716308594,665345
2025-11-25,UBL,374.0,375.0,370.0,372.79998779296875,358.1268310546875,737146
2025-11-26,UBL,373.989990234375,378.8999938964844,370.0,375.8399963378906,361.04718017578125,984447
2025-11-27,UBL,375.04998779296875,379.3999938964844,374.0,378.2099914550781,363.3238830566406,938937
2025-11-28,UBL,379.0,384.0,378.0,379.0299987792969,364.1116638183594,866697
2025-12-01,UBL,380.0,381.8999938964844,376.010009765625,379.9200134277344,364.96661376953125,823294
2025-12-02,UBL,379.8999938964844,381.8999938964844,377.0,378.3800048828125,363.48724365234375,1206966
2025-12-03,UBL,377.1099853515625,378.5,374.0,374.8299865722656,360.0769348144531,557870
2025-12-04,UBL,375.1099853515625,377.54998779296875,372.7200012207031,373.8999938964844,359.1835632324219,101463
2025-12-05,UBL,379.9800109863281,380.0,373.0,376.3500061035156,361.5371398925781,1262768
2025-12-08,UBL,375.20001220703125,377.0,373.7300109863281,375.57000732421875,360.787841796875,1626241
2025-12-09,UBL,376.0199890136719,378.8999938964844,375.010009765625,376.9100036621094,362.0750732421875,931898
2025-12-10,UBL,376.9200134277344,379.3900146484375,376.1300048828125,377.739990234375,362.8724060058594,2397678
2025-12-11,UBL,378.79998779296875,379.4800109863281,375.0299987792969,377.5,362.641845703125,341707
2025-12-12,UBL,375.20001220703125,384.1000061035156,375.20001220703125,379.6600036621094,364.7168273925781,1624782
2025-12-15,UBL,380.29998779296875,384.7900085449219,378.010009765625,382.29998779296875,367.2529296875,818174
2025-12-16,UBL,384.010009765625,395.0,384.010009765625,390.739990234375,375.3607177734375,2173145
2025-12-17,UBL,393.5,405.0,390.1099853515625,401.4700012207031,385.6684265136719,3288808
2025-12-18,UBL,401.4800109863281,420.0,401.4800109863281,410.69000244140625,394.5255126953125,1976738
2025-12-19,UBL,411.1000061035156,415.0,406.0,412.07000732421875,395.8511962890625,850712
2025-12-22,UBL,412.0,412.239990234375,407.0,409.2699890136719,393.1614074707031,814554
2025-12-23,UBL,412.989990234375,415.9800109863281,410.0,411.2799987792969,395.0923156738281,646393
2025-12-24,UBL,412.6000061035156,413.70001220703125,407.760009765625,410.55999755859375,394.4006652832031,470620
2025-12-26,UBL,409.04998779296875,413.5,407.0,412.5199890136719,396.28350830078125,595929
2025-12-29,UBL,413.0,419.989990234375,412.6499938964844,418.2300109863281,401.7687683105469,702417
2025-12-30,UBL,419.0,427.8999938964844,417.0,422.9800109863281,406.3318176269531,2417653
2025-12-31,UBL,422.8999938964844,427.3999938964844,420.0,424.5899963378906,407.87841796875,1375378
